candidate_set_size,scoring_mode,epoch,train_loss_mean,train_loss_std,validation_loss_mean,validation_loss_std,n_seeds
2500,endpoint,1,1.2012478113174438,0.022869412754186053,1.203903579711914,0.020110743721839942,5
2500,endpoint,2,1.2013099908828735,0.02287964370996833,1.2040260791778565,0.020232480321250697,5
2500,endpoint,3,1.2014191627502442,0.022906405648009446,1.2042083740234375,0.0203770550116298,5
2500,endpoint,4,1.201589870452881,0.022953244928582254,1.2044782876968383,0.020576191204833224,5
2500,endpoint,5,1.2018537759780883,0.02302840789556484,1.2048758745193482,0.020836064107525913,5
2500,endpoint,6,1.2022567987442017,0.023152937610243753,1.2054440021514892,0.021185834778637194,5
2500,endpoint,7,1.202852201461792,0.02334046014922629,1.2062304735183715,0.021610829892196454,5
2500,endpoint,8,1.2036860466003418,0.023593394344193108,1.2072657823562623,0.022098763071073196,5
2500,endpoint,9,1.2048077583312988,0.023934138830329205,1.2085900783538819,0.02263102435310415,5
2500,endpoint,10,1.2062650680541993,0.02438455511878465,1.2103574991226196,0.02337605981501406,5
2500,endpoint,11,1.2081295490264892,0.025028812986800607,1.2126657724380494,0.024434023926783007,5
2500,endpoint,12,1.2104434967041016,0.025950071890780052,1.2155604124069215,0.025852919449316777,5
2500,endpoint,13,1.2131640911102295,0.02721733360606251,1.2190169811248779,0.02771392299801271,5
2500,endpoint,14,1.2160118103027344,0.028840565470802,1.2227478981018067,0.029990739512800197,5
2500,endpoint,15,1.2183122634887695,0.03048249538609533,1.2260361433029174,0.032268487585691945,5
2500,endpoint,16,1.219391441345215,0.03162421023528677,1.2281418323516846,0.033946334349628196,5
2500,endpoint,17,1.2189310789108276,0.03195444477336859,1.2287057876586913,0.03467478524934513,5
2500,endpoint,18,1.2170857429504394,0.03155753334983313,1.2278733253479004,0.03454914057723189,5
2500,endpoint,19,1.2142673969268798,0.030761103540774125,1.226088523864746,0.03396139518117108,5
2500,endpoint,20,1.210876989364624,0.029880076389088083,1.2237987756729125,0.0332601957513902,5
2500,endpoint,21,1.2072640657424927,0.029136019270982447,1.221413779258728,0.03275173282757003,5
2500,endpoint,22,1.2036087274551392,0.028609052248094412,1.219171690940857,0.03254064957867073,5
2500,endpoint,23,1.1999434947967529,0.028322123565758594,1.2171713829040527,0.032673677913373084,5
2500,endpoint,24,1.1962550640106202,0.02828662670523047,1.21549391746521,0.033192222600852576,5
2500,endpoint,25,1.19249107837677,0.028480916019622552,1.2141733646392823,0.034075251194526965,5
2500,endpoint,26,1.1885951519012452,0.028889306246994484,1.2132487535476684,0.03531882180676234,5
2500,endpoint,27,1.1845242023468017,0.029510884616937225,1.212775707244873,0.03690281550487748,5
2500,endpoint,28,1.1802279710769654,0.03036429723441711,1.212770676612854,0.038815353151622246,5
2500,endpoint,29,1.1756043434143066,0.031502342382652815,1.2131734848022462,0.04107980511378201,5
2500,endpoint,30,1.170439314842224,0.033009101146206,1.2137651205062867,0.043758523456342166,5
2500,endpoint,31,1.1643360614776612,0.035018540167073134,1.2141364097595215,0.04693466311324761,5
2500,endpoint,32,1.156974720954895,0.037587365051855,1.2139295578002929,0.050604550431513844,5
2500,endpoint,33,1.148270034790039,0.04061639790691129,1.213005256652832,0.05460836122590024,5
2500,endpoint,34,1.1383739471435548,0.0439566821094796,1.2115031003952026,0.05869647355566385,5
2500,endpoint,35,1.1276228427886963,0.047369096529240234,1.2098881483078003,0.06249823964557641,5
2500,endpoint,36,1.1164389848709106,0.05065977425359706,1.2087792873382568,0.06575928982882853,5
2500,endpoint,37,1.1051437377929687,0.053727114646382676,1.2086373329162599,0.06824933345785654,5
2500,endpoint,38,1.0939574718475342,0.05651904966169511,1.2096105575561524,0.07004839046091954,5
2500,endpoint,39,1.0827987432479858,0.05917210353390585,1.2112340450286865,0.07138457887011629,5
2500,endpoint,40,1.0716383695602416,0.061874712470492456,1.2132872343063354,0.0727750418317249,5
2500,endpoint,41,1.0601614952087401,0.06486162126645437,1.2149356126785278,0.07461704456083797,5
2500,endpoint,42,1.0481688261032105,0.06836013671475058,1.2156195878982543,0.0768741240306341,5
2500,endpoint,43,1.0357390761375427,0.07214623884719185,1.2159677743911743,0.07832039257894353,5
2500,endpoint,44,1.0230263590812683,0.076002696544549,1.2168028831481934,0.07912616033991557,5
2500,endpoint,45,1.009308648109436,0.07988556519337406,1.2164382457733154,0.07960644517073269,5
2500,endpoint,46,0.9946749091148377,0.08386544471294147,1.2150117874145507,0.08123166288644794,5
2500,endpoint,47,0.9787965059280396,0.08814309226759194,1.2118229627609254,0.08161715517789205,5
2500,endpoint,48,0.9621116399765015,0.09311164889662997,1.2085505247116088,0.08221176721631124,5
2500,endpoint,49,0.9448508262634278,0.09798944112399614,1.2064620971679687,0.08452420090759888,5
2500,endpoint,50,0.9275637269020081,0.10143352635045633,1.205424976348877,0.08496764848139415,5
2500,endpoint,51,0.9079074621200561,0.10705824952522619,1.2033516407012939,0.08552999877459252,5
2500,endpoint,52,0.8890575885772705,0.10981177054580582,1.2039856910705566,0.08388694593407094,5
2500,endpoint,53,0.8702638149261475,0.10933681769280619,1.2042899131774902,0.08438897001810101,5
2500,endpoint,54,0.8458755254745484,0.11664119016853292,1.2016420125961305,0.08554351096608166,5
2500,endpoint,55,0.8269926548004151,0.11380278463362026,1.2028475522994995,0.0866708557157474,5
2500,endpoint,56,0.816871440410614,0.10350727184766068,1.2126071453094482,0.07548770465342423,5
2500,endpoint,57,0.7833267331123352,0.11656265157428784,1.2030753374099732,0.08905014406172351,5
2500,endpoint,58,0.7633900046348572,0.1136703594548186,1.2040676593780517,0.08553572811545908,5
2500,endpoint,59,0.75821293592453,0.10136405217278777,1.214934229850769,0.0822737556980573,5
2500,endpoint,60,0.7340358257293701,0.09804340992629494,1.2080476760864258,0.08552206195727882,5
2500,endpoint,61,0.7179088234901428,0.10185916352007787,1.2098286867141723,0.096752843765584,5
2500,endpoint,62,0.693717098236084,0.09313380834818426,1.2028922319412232,0.08811567195307626,5
2500,endpoint,63,0.6892484426498413,0.07887951637469501,1.2077429056167603,0.0820666520101864,5
2500,endpoint,64,0.6768372893333435,0.0740869444293964,1.2039488315582276,0.09100053833782919,5
2500,endpoint,65,0.6623971223831177,0.07044622866856273,1.2025280237197875,0.09081289205101976,5
2500,endpoint,66,0.6439868927001953,0.055925813569745846,1.1978960990905763,0.0839784594130964,5
2500,endpoint,67,0.6320008039474487,0.047366932350501136,1.193798804283142,0.08929921738947351,5
2500,endpoint,68,0.6328531980514527,0.04130625084270682,1.2007117748260498,0.08909349265447916,5
2500,endpoint,69,0.6204526901245118,0.03824161178139292,1.2010940551757812,0.0922632918981184,5
2500,endpoint,70,0.6031936049461365,0.03963309689444096,1.1974386692047119,0.10031926353546677,5
2500,endpoint,71,0.5920756936073304,0.0375204798150733,1.197411298751831,0.10272428781921908,5
2500,endpoint,72,0.5936885118484497,0.043393823652585956,1.2048112630844117,0.10260580148872162,5
2500,endpoint,73,0.5888901829719544,0.05679170258119041,1.2068191766738892,0.10751748191087103,5
2500,endpoint,74,0.5762557983398438,0.05106832732241569,1.2050033807754517,0.10516196127496838,5
2500,endpoint,75,0.5648877382278442,0.048442350651204724,1.2012350797653197,0.1040008797809742,5
2500,endpoint,76,0.5605058789253234,0.05387420862553454,1.2004268646240235,0.09980681098689366,5
2500,endpoint,77,0.5627883672714233,0.059673364916824984,1.206168532371521,0.09771767124188484,5
2500,endpoint,78,0.5557946920394897,0.054150927695768826,1.2060001850128175,0.09652573074876396,5
2500,endpoint,79,0.5422046780586243,0.0490627309093805,1.19910626411438,0.08935273268061061,5
2500,endpoint,80,0.5357803702354431,0.04925649084756284,1.196770477294922,0.07652781540456774,5
2500,endpoint,81,0.5397853195667267,0.054769094694879346,1.2056296348571778,0.07607997494014447,5
2500,endpoint,82,0.5314721584320068,0.054235979397931504,1.2064045906066894,0.07968353857844569,5
2500,endpoint,83,0.5229436457157135,0.04569406907494416,1.2068979024887085,0.07584151695718648,5
2500,endpoint,84,0.5179085314273835,0.041733618983159186,1.2092182874679565,0.07020902732499684,5
2500,endpoint,85,0.511948162317276,0.04855623118856951,1.2091822862625121,0.0704528517304401,5
2500,endpoint,86,0.503187221288681,0.047783288060307565,1.2084102630615234,0.06954055631061112,5
2500,endpoint,87,0.49638054966926576,0.039090886118935526,1.2120092391967774,0.07352834248923575,5
2500,endpoint,88,0.49179630875587466,0.040914772127229194,1.216671109199524,0.08153650751109748,5
2500,endpoint,89,0.48740667700767515,0.041927267216153266,1.2196467399597168,0.07735556987055871,5
2500,endpoint,90,0.4793471395969391,0.04082563789410257,1.2175670623779298,0.0760576871248873,5
2500,endpoint,91,0.46483036279678347,0.04174821122623242,1.2112146139144897,0.08187952522288723,5
2500,endpoint,92,0.4627731740474701,0.04857744353307849,1.21823148727417,0.0900999201023977,5
2500,endpoint,93,0.46029857397079466,0.04261227498184276,1.2255896091461183,0.09144125304762048,5
2500,endpoint,94,0.4544419586658478,0.042268162432104246,1.228292179107666,0.09051796086960315,5
2500,endpoint,95,0.44374895095825195,0.04657365460302289,1.2254054546356201,0.08810775380619551,5
2500,endpoint,96,0.4396615564823151,0.05488932888437713,1.2248939037323,0.09247583195047522,5
2500,endpoint,97,0.43761189579963683,0.04852611944131252,1.2288821935653687,0.09218644984568833,5
2500,endpoint,98,0.4386494576931,0.03929432943974837,1.233332371711731,0.0869463330076132,5
2500,endpoint,99,0.43113611340522767,0.04410482178472474,1.2271167516708374,0.08909027254368368,5
2500,endpoint,100,0.431008392572403,0.05580721382821394,1.2273536682128907,0.09008614935428709,5
2500,endpoint,101,0.4266282796859741,0.04839132863524189,1.227006769180298,0.08103067736874554,5
2500,endpoint,102,0.42147446870803834,0.043251609225260244,1.226125168800354,0.08174713792373772,5
2500,endpoint,103,0.4194260060787201,0.0413937795998785,1.2300746202468873,0.08339009856107404,5
2500,endpoint,104,0.41855769157409667,0.047287621542746155,1.234216046333313,0.08293244998532387,5
2500,endpoint,105,0.4128639817237854,0.046278627998231715,1.2328693628311158,0.08354810875146537,5
2500,endpoint,106,0.40726581811904905,0.04186201077641922,1.233386516571045,0.07910166215032988,5
2500,endpoint,107,0.40673157572746277,0.04015112996343393,1.2413965940475464,0.0713248359350496,5
2500,endpoint,108,0.40129278898239135,0.041795914179082856,1.2436102151870727,0.07961115647366539,5
2500,endpoint,109,0.3986695945262909,0.041630963114120026,1.249088191986084,0.08404351695288052,5
2500,endpoint,110,0.39193459153175353,0.03985474187821299,1.2498948574066162,0.08414052684083137,5
2500,endpoint,111,0.3896095871925354,0.041053160309518895,1.2570395469665527,0.0797703345343555,5
2500,endpoint,112,0.3860550343990326,0.03946587891469945,1.2621821641921998,0.08558851810873014,5
2500,endpoint,113,0.3844361066818237,0.03707642775358414,1.2679643630981445,0.09093624309392645,5
2500,endpoint,114,0.3802210450172424,0.03564259546860892,1.2704028844833375,0.08775896531528976,5
2500,endpoint,115,0.38120563626289367,0.03711353834487431,1.2786038637161254,0.08121139685254326,5
2500,endpoint,116,0.3772223055362701,0.040600087866527405,1.2791041612625123,0.09023197276834441,5
2500,endpoint,117,0.3759832203388214,0.03345674560223429,1.2820955038070678,0.09060155969365047,5
2500,endpoint,118,0.3695335626602173,0.03413193111858483,1.2768547534942627,0.08402899846813815,5
2500,endpoint,119,0.37305355072021484,0.03583720687289758,1.285985517501831,0.07709130376150918,5
2500,endpoint,120,0.36818623542785645,0.03496972568477458,1.2855527877807618,0.09617002484016174,5
2500,endpoint,121,0.368667870759964,0.028703258122335068,1.2895934581756592,0.09504046970260203,5
2500,endpoint,122,0.3622042238712311,0.029130931980584807,1.2826179027557374,0.08647215848346326,5
2500,endpoint,123,0.3643378674983978,0.03383767237176667,1.2860089540481567,0.07195148857797369,5
2500,endpoint,124,0.3583037436008453,0.03452371905325819,1.2820207595825195,0.08184936224332556,5
2500,endpoint,125,0.3569421112537384,0.028371355603101448,1.2882304191589355,0.08677884277196375,5
2500,endpoint,126,0.3579660177230835,0.023681711205271024,1.2970175266265869,0.09356628813397076,5
2500,endpoint,127,0.35495947003364564,0.027778767925744068,1.2977805852890014,0.08816936789764056,5
2500,endpoint,128,0.3537430763244629,0.027623213169044418,1.2986112117767334,0.0719238112155994,5
2500,endpoint,129,0.3455641567707062,0.026029338612237905,1.2941678762435913,0.07476922108593895,5
2500,endpoint,130,0.34754320979118347,0.023177923281476602,1.302842950820923,0.07772982836074022,5
2500,endpoint,131,0.34366796016693113,0.02401332206555305,1.3050939083099364,0.08213179317386884,5
2500,endpoint,132,0.3434045732021332,0.02703867283217441,1.309544324874878,0.08195220572909413,5
2500,endpoint,133,0.3471560120582581,0.027369794969400826,1.3190275430679321,0.07484254750656104,5
2500,endpoint,134,0.34240448474884033,0.0219478166929793,1.3159343957901002,0.07995539489900402,5
2500,endpoint,135,0.33971455693244934,0.02433135849066045,1.3150980949401856,0.0846933568172055,5
2500,endpoint,136,0.3375327229499817,0.02722900669124711,1.3166760206222534,0.08462328131834006,5
2500,endpoint,137,0.3358135223388672,0.025308895757053,1.3188632726669312,0.0743469754790231,5
2500,endpoint,138,0.3345894753932953,0.01937473870132944,1.3217533349990844,0.06458485227956277,5
2500,endpoint,139,0.33291131258010864,0.021155047848004458,1.3261834621429442,0.07511818065398232,5
2500,endpoint,140,0.3329071760177612,0.02696913728721688,1.3309427976608277,0.08511793913045215,5
2500,endpoint,141,0.32673555612564087,0.020354796213816254,1.3230432271957397,0.07902774161053924,5
2500,endpoint,142,0.32516918182373045,0.019098171953082207,1.3258254051208496,0.07132594578566301,5
2500,endpoint,143,0.3295905351638794,0.017505549921692835,1.338655686378479,0.06202589219627443,5
2500,endpoint,144,0.32734529972076415,0.021289199197251873,1.33439462184906,0.06756736714884821,5
2500,endpoint,145,0.32168222069740293,0.01926942787762549,1.3289764881134034,0.07137018109791124,5
2500,endpoint,146,0.3252587914466858,0.020693774144767463,1.3360258102416993,0.07222267373860429,5
2500,endpoint,147,0.32218671441078184,0.018651531005000433,1.3348443746566772,0.07642120205096255,5
2500,endpoint,148,0.3212391436100006,0.020934645203866932,1.3366607427597046,0.0797764081970261,5
2500,endpoint,149,0.3222243249416351,0.020968847744131963,1.3421786069869994,0.07583230355747816,5
2500,endpoint,150,0.3184670329093933,0.01827453433448073,1.3390384674072267,0.07359662827223061,5
2500,endpoint,151,0.3160278260707855,0.015502716129603397,1.3357347965240478,0.07290651828184513,5
2500,endpoint,152,0.31313530802726747,0.016593143592786443,1.3305163860321045,0.07686126192957998,5
2500,endpoint,153,0.31346064805984497,0.021080153813413,1.336604070663452,0.08390213163665072,5
2500,endpoint,154,0.31526764035224913,0.022860331844748224,1.344750452041626,0.08373779473856136,5
2500,endpoint,155,0.314890593290329,0.02071173296015304,1.3505693197250366,0.07790083584671549,5
2500,endpoint,156,0.31317940950393675,0.01962458407409319,1.3539864540100097,0.07817604974534056,5
2500,endpoint,157,0.3085164248943329,0.019937807712654108,1.3475075960159302,0.0802894167151479,5
2500,endpoint,158,0.3061842918395996,0.01945194105965465,1.3451815605163575,0.08246886347719193,5
2500,endpoint,159,0.3068803191184998,0.020386417480819246,1.3548582792282104,0.07996260967328746,5
2500,endpoint,160,0.3095229625701904,0.016658082820478797,1.3644597053527832,0.07165973385999308,5
2500,endpoint,161,0.30931115746498106,0.01582230433988821,1.3646943330764771,0.07100161716885292,5
2500,endpoint,162,0.30685020685195924,0.021497400014900452,1.3574134826660156,0.07856321427508624,5
2500,endpoint,163,0.30786540508270266,0.024161497014120147,1.3623713731765748,0.08706509934428577,5
2500,endpoint,164,0.3104080259799957,0.02541601275757158,1.3672434091567993,0.09338258583707537,5
2500,endpoint,165,0.3031200051307678,0.02162897596438328,1.3539294004440308,0.08081288134819589,5
2500,endpoint,166,0.307100647687912,0.015158884296520124,1.3576283693313598,0.06349731337154968,5
2500,endpoint,167,0.3073371410369873,0.016075689730628718,1.36683132648468,0.06473498543054432,5
2500,endpoint,168,0.30259416699409486,0.02312619647515203,1.3638700485229491,0.08721524059210055,5
2500,endpoint,169,0.3017114043235779,0.025211841231206834,1.3589304685592651,0.0985551336423345,5
2500,endpoint,170,0.2990795075893402,0.02364319310503733,1.3569803476333617,0.09350238090838003,5
2500,endpoint,171,0.3004863679409027,0.019186719470860758,1.3693804264068603,0.07695161081877105,5
2500,endpoint,172,0.3038854837417603,0.0145224449032019,1.3795138597488403,0.06252143325272098,5
2500,endpoint,173,0.29657750129699706,0.019756118827824066,1.3650530099868774,0.06934800886853126,5
2500,endpoint,174,0.2951848030090332,0.022928232398559744,1.3598724126815795,0.08131559823446677,5
2500,endpoint,175,0.2961449146270752,0.024554037842097275,1.3679377794265748,0.0867856646698364,5
2500,endpoint,176,0.2992593228816986,0.023994827798976107,1.3784303665161133,0.08281893981311649,5
2500,endpoint,177,0.29564535021781924,0.024220084601525544,1.3723511934280395,0.07571010865472433,5
2500,endpoint,178,0.2945763170719147,0.023884966433937425,1.365279459953308,0.07219792951585927,5
2500,endpoint,179,0.2946758806705475,0.02401500778475301,1.3695796012878418,0.07929904343946834,5
2500,endpoint,180,0.2967322289943695,0.024460169889778255,1.380116868019104,0.08668919898548129,5
2500,endpoint,181,0.2941104233264923,0.024060564074597286,1.3803720235824586,0.088477388409943,5
2500,endpoint,182,0.29475638270378113,0.022811984455837077,1.3787385940551757,0.09115776559582661,5
2500,endpoint,183,0.28978860974311826,0.023684257287467782,1.3716079711914062,0.08711339646837554,5
2500,endpoint,184,0.29132217168807983,0.021485601491097833,1.3759578466415405,0.08331344223234986,5
2500,endpoint,185,0.29089343547821045,0.021315718298237793,1.3787684917449952,0.08012188339759384,5
2500,endpoint,186,0.2897179663181305,0.023228241576032333,1.3768689155578613,0.08155037489388449,5
2500,endpoint,187,0.28893507122993467,0.025217769682812908,1.3767470598220826,0.07935576271837123,5
2500,endpoint,188,0.28819125294685366,0.02749350749100937,1.3755740880966187,0.07664026497471382,5
2500,endpoint,189,0.2878489553928375,0.028991481853659802,1.3767961978912353,0.07292236684760728,5
2500,endpoint,190,0.2879952907562256,0.028666167922053586,1.3799092292785644,0.07117075870779245,5
2500,endpoint,191,0.2872274100780487,0.028025809494541056,1.3813665628433227,0.0722615349172876,5
2500,endpoint,192,0.28613191843032837,0.026569248871573813,1.3823238134384155,0.07408896448256795,5
2500,endpoint,193,0.2862326383590698,0.024499787487981456,1.3855533361434937,0.07853125426136001,5
2500,endpoint,194,0.28655214309692384,0.023244988558458086,1.3906518936157226,0.08398021539563041,5
2500,endpoint,195,0.28473933339118956,0.024549614632376746,1.3904460668563843,0.0859959050785564,5
2500,endpoint,196,0.28491069078445436,0.023925789239321236,1.3880926370620728,0.07928973253546372,5
2500,endpoint,197,0.2851302146911621,0.024362082158256682,1.3859060049057006,0.07674164472057945,5
2500,endpoint,198,0.28500574827194214,0.026220184833149734,1.383887815475464,0.07872456786028217,5
2500,endpoint,199,0.2849017739295959,0.028831951825650792,1.384976315498352,0.08475395662558313,5
2500,endpoint,200,0.2851459562778473,0.029911795719901837,1.3847161531448364,0.08529972917506853,5
2500,endpoint,201,0.2842505991458893,0.02993191111453712,1.386515998840332,0.08294672259638154,5
2500,endpoint,202,0.28432855010032654,0.02891324065726456,1.389664316177368,0.08148367476865528,5
2500,endpoint,203,0.28183557987213137,0.028796982326524882,1.38880352973938,0.08329173431727138,5
2500,endpoint,204,0.2813361048698425,0.028287939349522617,1.3984984874725341,0.08886726007143503,5
2500,endpoint,205,0.28136167526245115,0.02689862009203071,1.405824899673462,0.08670788513197616,5
2500,endpoint,206,0.2800497651100159,0.025173006042501493,1.4039787769317627,0.0796288093101499,5
2500,endpoint,207,0.277924245595932,0.026212030226895323,1.390541100502014,0.07742669635321384,5
2500,endpoint,208,0.27851158380508423,0.028827282059936798,1.3834979057312011,0.07522932382423861,5
2500,endpoint,209,0.27991806864738467,0.03137942220794465,1.38337299823761,0.07731244981823733,5
2500,endpoint,210,0.2824263036251068,0.032884776618030485,1.3943652629852294,0.07595770894412755,5
2500,endpoint,211,0.2857319533824921,0.032405424205775225,1.4103484630584717,0.07818733514741684,5
2500,endpoint,212,0.28353283405303953,0.03125674703383595,1.4107138633728027,0.07875395113005416,5
2500,endpoint,213,0.2786356210708618,0.029115900490702992,1.3979472160339355,0.07609879407538757,5
2500,endpoint,214,0.2766328573226929,0.027005960703623152,1.3938844442367553,0.07339074868191046,5
2500,endpoint,215,0.2760543882846832,0.026247227676279763,1.4001495838165283,0.07079114409139661,5
2500,endpoint,216,0.27863494157791135,0.026080532032657897,1.411676573753357,0.07051832109268988,5
2500,endpoint,217,0.2792517364025116,0.02881494795300218,1.4108379125595092,0.07297901458501403,5
2500,endpoint,218,0.2799878537654877,0.031172974845482794,1.405632448196411,0.07435434920153114,5
2500,endpoint,219,0.279553034901619,0.03301773130516921,1.4020368814468385,0.0754588930643504,5
2500,endpoint,220,0.2792801111936569,0.03240127044475627,1.4063357591629029,0.07315507308584335,5
2500,endpoint,221,0.27906656861305235,0.03095998181013156,1.4087262630462647,0.07548928096788558,5
2500,endpoint,222,0.2767068803310394,0.031223533647776507,1.4083964347839355,0.08036709170739849,5
2500,endpoint,223,0.2768235892057419,0.030400646101896644,1.409848427772522,0.08501363187311296,5
2500,endpoint,224,0.2764281421899796,0.03006876664263993,1.4122443437576293,0.08594218339676589,5
2500,endpoint,225,0.27675290405750275,0.028106535473591196,1.4132918119430542,0.08339781879203892,5
2500,endpoint,226,0.27612183690071107,0.02771943434617561,1.406685757637024,0.08044645031887694,5
2500,endpoint,227,0.275529271364212,0.028977588167204384,1.4009904384613037,0.07546794841227522,5
2500,endpoint,228,0.2762087494134903,0.030629979504622387,1.4009830951690674,0.07264416046569834,5
2500,endpoint,229,0.27697539031505586,0.032736651402313806,1.4042547464370727,0.07058409702724638,5
2500,endpoint,230,0.2775783032178879,0.03414729419495892,1.4093154907226562,0.07044114065257952,5
2500,endpoint,231,0.27627573609352113,0.03477805511994577,1.4066169738769532,0.0686029994920316,5
2500,endpoint,232,0.27477502524852754,0.03447239507400504,1.4043993711471559,0.07254326854926828,5
2500,endpoint,233,0.27400628924369813,0.033421137256128136,1.4056828022003174,0.08077726237196563,5
2500,endpoint,234,0.27380395233631133,0.03174429992420521,1.4075677156448365,0.08735675525967179,5
2500,endpoint,235,0.27433819472789767,0.02993914678683719,1.4100596189498902,0.08148452101585756,5
2500,endpoint,236,0.2747261643409729,0.02809933868540495,1.4135701179504394,0.06888562737408271,5
2500,endpoint,237,0.2743033766746521,0.028848726228797337,1.4095932960510253,0.06819873077934036,5
2500,endpoint,238,0.274387127161026,0.03116236035169819,1.4026316404342651,0.06939332106859385,5
2500,endpoint,239,0.2755003035068512,0.03339795813135922,1.4034504890441895,0.06898355622870606,5
2500,endpoint,240,0.27667978703975676,0.03480804624549966,1.415025520324707,0.07043854211236544,5
2500,endpoint,241,0.27699353992938996,0.035442618039877576,1.426445770263672,0.07272872505774093,5
2500,endpoint,242,0.2759149581193924,0.03459882474899076,1.4298120260238647,0.07738121480211009,5
2500,endpoint,243,0.27256153523921967,0.03285649607192224,1.4243818759918212,0.07760601057253909,5
2500,endpoint,244,0.27112158834934236,0.03128983336910401,1.419759702682495,0.07576404215821123,5
2500,endpoint,245,0.27120437026023864,0.03048011143046757,1.4142821788787843,0.07532770751092403,5
2500,endpoint,246,0.27231559455394744,0.030526499501870998,1.417434287071228,0.07637221863858026,5
2500,endpoint,247,0.2745375126600266,0.03216535493163645,1.4273443937301635,0.08595219652749053,5
2500,endpoint,248,0.27641384601593016,0.03445928239867009,1.4335535287857055,0.09274351500772439,5
2500,endpoint,249,0.27496937811374667,0.035060097536878373,1.4280923128128051,0.08856817552419459,5
2500,endpoint,250,0.2729916602373123,0.034011263739366075,1.4184926509857179,0.07596347445338714,5
2500,endpoint,251,0.2720161110162735,0.03437819550344977,1.4093149185180665,0.07265477509896265,5
2500,endpoint,252,0.2723638892173767,0.03408590571675627,1.4121903419494628,0.07658094745103564,5
2500,endpoint,253,0.27339276671409607,0.0339937397511265,1.4228679418563843,0.08492509053077331,5
2500,endpoint,254,0.27477480471134186,0.033966127912784784,1.4344455480575562,0.09481418482205804,5
2500,endpoint,255,0.27375185787677764,0.03266532831923567,1.4329210996627808,0.09436889493557833,5
2500,endpoint,256,0.2715165913105011,0.031104609091928182,1.419330883026123,0.0872775682729587,5
2500,endpoint,257,0.27103911638259887,0.030735152664915232,1.412465214729309,0.08108612705108009,5
2500,endpoint,258,0.27154571413993833,0.03186836971660142,1.4201178550720215,0.07911831279192381,5
2500,endpoint,259,0.2737044095993042,0.03308987439655683,1.4311564207077025,0.07950592145419198,5
2500,endpoint,260,0.27325320839881895,0.03621233119650963,1.4278061866760254,0.08381312417903494,5
2500,endpoint,261,0.2723518580198288,0.03711385507528168,1.418767786026001,0.08590714265372332,5
2500,endpoint,262,0.2714927613735199,0.03655901049446513,1.415720248222351,0.08373292143137596,5
2500,endpoint,263,0.27168594896793363,0.03464449247245746,1.4217763423919678,0.0822517720737929,5
2500,endpoint,264,0.27198292016983033,0.032392190150132005,1.4257076740264893,0.08239432115146467,5
2500,endpoint,265,0.2716934621334076,0.030633078399843517,1.4253286361694335,0.07756112284812626,5
2500,endpoint,266,0.2721363931894302,0.03049938283639532,1.4247771501541138,0.07862168722784309,5
2500,endpoint,267,0.27120900750160215,0.0320573379449439,1.4224810600280762,0.07955259762649296,5
2500,endpoint,268,0.271952411532402,0.032616029538001044,1.4231815576553344,0.08043065061894154,5
2500,endpoint,269,0.2712564468383789,0.034624361653045437,1.4165425300598145,0.07752897420142735,5
2500,endpoint,270,0.27180170118808744,0.03527304046941511,1.4125284671783447,0.07656077519885313,5
2500,endpoint,271,0.2723331779241562,0.035563147818486254,1.4160226583480835,0.07921542721077608,5
2500,endpoint,272,0.2724499523639679,0.03474733639644182,1.4196497678756714,0.08333069373918135,5
2500,endpoint,273,0.27176584899425504,0.034022194605170336,1.4209941625595093,0.0870525137638773,5
2500,endpoint,274,0.26979573369026183,0.033571714066046754,1.4145107030868531,0.08812747433371361,5
2500,endpoint,275,0.2696670711040497,0.032147733883969,1.4097807168960572,0.08660430332544775,5
2500,endpoint,276,0.2703878194093704,0.032345600364611794,1.4127189874649049,0.0832842480392126,5
2500,endpoint,277,0.27130290269851687,0.033277574425374046,1.4181710720062255,0.08021487221986091,5
2500,endpoint,278,0.27266615331172944,0.03382950073439753,1.4207356452941895,0.07601733468656693,5
2500,endpoint,279,0.2716583341360092,0.036372270629801015,1.4169565916061402,0.0732334916900163,5
2500,endpoint,280,0.27132137715816496,0.03747590217492367,1.412645983695984,0.07617670254898261,5
2500,endpoint,281,0.27065893113613126,0.037221799066354436,1.4155450820922852,0.07810568065769821,5
2500,endpoint,282,0.2700450927019119,0.03511262819716129,1.4194156646728515,0.0720514695455595,5
2500,endpoint,283,0.27048398852348327,0.03258402920391123,1.4261985778808595,0.06841971397700594,5
2500,endpoint,284,0.2697787910699844,0.031711404158822815,1.4278077125549316,0.06584426931775858,5
2500,endpoint,285,0.26868144869804383,0.03238859354956873,1.4199240922927856,0.07006831501662107,5
2500,endpoint,286,0.2689585566520691,0.033751111033013,1.416495943069458,0.07129425853112406,5
2500,endpoint,287,0.2696879953145981,0.03554377561133205,1.4186596632003785,0.07138174814776137,5
2500,endpoint,288,0.27125241458415983,0.03641273121497507,1.4205610036849976,0.07150761013442822,5
2500,endpoint,289,0.27179000079631804,0.03692956872367154,1.420628309249878,0.07462819818429609,5
2500,endpoint,290,0.27098365426063536,0.0370712775582003,1.4149356365203858,0.0798500531544315,5
2500,endpoint,291,0.2706952005624771,0.03573676668249094,1.4127480506896972,0.08373396274589778,5
2500,endpoint,292,0.26998244822025297,0.03387303224770128,1.4155491828918456,0.08363257807491047,5
2500,endpoint,293,0.26958570182323455,0.03226302690300302,1.4244808912277223,0.08077619833202589,5
2500,endpoint,294,0.26925545036792753,0.03192585542828487,1.4294175863265992,0.07704465522769599,5
2500,endpoint,295,0.2683348059654236,0.03417514801033762,1.4285753965377808,0.07930725551318661,5
2500,endpoint,296,0.26821680963039396,0.03661345004011956,1.4227468252182007,0.08641601075931676,5
2500,endpoint,297,0.26911101341247556,0.037406750892783,1.4202016115188598,0.08858681768674567,5
2500,endpoint,298,0.27025912404060365,0.036548412136602204,1.4226906538009643,0.08490125112657888,5
2500,endpoint,299,0.27152174711227417,0.034426358985708824,1.4285152673721313,0.07588765446854542,5
2500,endpoint,300,0.2707833588123322,0.03347542721053777,1.4269275426864625,0.07225027800595203,5
2500,endpoint,301,0.26955545544624326,0.03432938460758111,1.4270606756210327,0.07445581840447749,5
2500,endpoint,302,0.2686377078294754,0.03583763779039439,1.4265305519104003,0.07901029012126297,5
2500,endpoint,303,0.2683678358793259,0.03646148746938904,1.4284308910369874,0.07921031464628199,5
2500,endpoint,304,0.26835661232471464,0.03620989528309237,1.4293962717056274,0.07441611753580664,5
2500,endpoint,305,0.2687734246253967,0.035419859858777554,1.427724838256836,0.07452784735610621,5
2500,endpoint,306,0.2695636510848999,0.034404001434803176,1.4277528285980225,0.07256777638810143,5
2500,endpoint,307,0.2699127525091171,0.034181173111085414,1.427882981300354,0.07417333747602686,5
2500,endpoint,308,0.26986315548419954,0.035091408223143467,1.4296051502227782,0.07512749797276674,5
2500,endpoint,309,0.2693095564842224,0.036615908408134744,1.428205180168152,0.07732356029420841,5
2500,endpoint,310,0.26873083114624025,0.03708999437804367,1.4215558528900147,0.07964421350247418,5
2500,endpoint,311,0.26848905682563784,0.03696255034399427,1.421321153640747,0.0808019150001169,5
2500,endpoint,312,0.2695758730173111,0.03568262380195459,1.4254631757736207,0.0837812686834626,5
2500,endpoint,313,0.2699934631586075,0.03436332941813511,1.4287490844726562,0.08724131936751967,5
2500,endpoint,314,0.2697004288434982,0.03351052584898084,1.4307755708694458,0.08496951913205807,5
2500,endpoint,315,0.2690014004707336,0.03285031484988551,1.4298309087753296,0.07660365946132014,5
2500,endpoint,316,0.2676319032907486,0.03378118465752566,1.42571222782135,0.07296604335165938,5
2500,endpoint,317,0.2671874612569809,0.0359550779578812,1.4216569662094116,0.0741537284075569,5
2500,endpoint,318,0.2679163902997971,0.038266029827225906,1.41795973777771,0.07728981290470285,5
2500,endpoint,319,0.2691252201795578,0.03936844621017919,1.4209641218185425,0.08191861691680566,5
2500,endpoint,320,0.2699993163347244,0.038345575677675034,1.4240095376968385,0.0864897553560625,5
2500,endpoint,321,0.26999122500419614,0.0358686343646951,1.4249037504196167,0.09072477747274635,5
2500,endpoint,322,0.26850747466087344,0.03331828268177056,1.4207554817199708,0.0915324542452337,5
2500,endpoint,323,0.2672815591096878,0.03253739362534946,1.4194888114929198,0.08829763184713758,5
2500,endpoint,324,0.2673311561346054,0.033869023919668825,1.4167942523956298,0.08390016831219899,5
2500,endpoint,325,0.2678959906101227,0.03655991590551494,1.415797185897827,0.07995695071506437,5
2500,endpoint,326,0.26902401745319365,0.03835029431231809,1.4215286254882813,0.07843904120989914,5
2500,endpoint,327,0.270657554268837,0.039181124750901915,1.4310301303863526,0.08205646646935477,5
2500,endpoint,328,0.2699450939893723,0.03868722907036405,1.4313581228256225,0.08597382451974817,5
2500,endpoint,329,0.2675500065088272,0.03657655248257271,1.4242500066757202,0.08739527102536179,5
2500,endpoint,330,0.26582486033439634,0.03467450894026521,1.4146599769592285,0.08264648859249488,5
2500,endpoint,331,0.26617764234542846,0.03379828979914327,1.4118290901184083,0.07454557767869982,5
2500,endpoint,332,0.2679607689380646,0.034152465895396916,1.4210131406784057,0.06830714458989035,5
2500,endpoint,333,0.2706382155418396,0.03510857019373036,1.433754324913025,0.06406808999834492,5
2500,endpoint,334,0.2712778687477112,0.03755139160297976,1.437049436569214,0.07080619635103132,5
2500,endpoint,335,0.269417867064476,0.03953948018421395,1.4304289817810059,0.07871194599312252,5
2500,endpoint,336,0.2672640264034271,0.03922722622571601,1.4265632629394531,0.08138273986491337,5
2500,endpoint,337,0.26612486243247985,0.03750975645742039,1.4289749383926391,0.08236430399590815,5
2500,endpoint,338,0.2659599155187607,0.03511365428673706,1.4289454460144042,0.08334062431675748,5
2500,endpoint,339,0.2673804730176926,0.033202526344550204,1.4332945823669434,0.08248399495992262,5
2500,endpoint,340,0.26880484223365786,0.03295815849669118,1.4358883380889893,0.08175034795750949,5
2500,endpoint,341,0.26937766969203947,0.03390793037300953,1.4338876485824585,0.08331478097726396,5
2500,endpoint,342,0.26914672553539276,0.03569923930013868,1.426230001449585,0.08357387677445063,5
2500,endpoint,343,0.2679485887289047,0.038996238724463894,1.4183387279510498,0.07949643447499648,5
2500,endpoint,344,0.26765304803848267,0.04072718955561991,1.4168259382247925,0.07605052070995486,5
2500,endpoint,345,0.2678779512643814,0.04005769319414678,1.4214081764221191,0.0680126311906149,5
2500,endpoint,346,0.2681538462638855,0.03782391012480672,1.4248079776763916,0.06568271254706765,5
2500,endpoint,347,0.2686091959476471,0.03516928109400068,1.4313997745513916,0.06904326021147943,5
2500,endpoint,348,0.26794919073581697,0.0336425010151562,1.4307501554489135,0.07936106705613928,5
2500,endpoint,349,0.2669127255678177,0.033116142127713626,1.42596538066864,0.08618688481436847,5
2500,endpoint,350,0.26613747179508207,0.03336773793143751,1.4216194152832031,0.08073464071939246,5
2500,endpoint,351,0.2665724754333496,0.035309160491239146,1.4233712911605836,0.07488009589930698,5
2500,endpoint,352,0.2680652916431427,0.03767732292908699,1.428106927871704,0.06996108522307985,5
2500,endpoint,353,0.26982506513595583,0.03957831198832724,1.4350138664245606,0.06843222561695946,5
2500,endpoint,354,0.2691527158021927,0.04013130509643288,1.4324554443359374,0.06776182985835376,5
2500,endpoint,355,0.26760225296020507,0.03883948933922033,1.4272420883178711,0.07503853854734831,5
2500,endpoint,356,0.2663060188293457,0.036146085695596915,1.4218501567840576,0.08160249131068026,5
2500,endpoint,357,0.26551191210746766,0.03384584051343951,1.4218257188796997,0.0846087629425761,5
2500,endpoint,358,0.26653210520744325,0.03263311855785962,1.425000548362732,0.08444783502147012,5
2500,endpoint,359,0.26791576743125917,0.03371254558881,1.4278335571289062,0.07876024624829994,5
2500,endpoint,360,0.26917927861213686,0.036368263307200485,1.4347063302993774,0.06709605426882516,5
2500,endpoint,361,0.2690086871385574,0.038478500329285896,1.4333317518234252,0.06611933551090404,5
2500,endpoint,362,0.26748286485671996,0.0392198447012685,1.427973985671997,0.06949716492924375,5
2500,endpoint,363,0.2664841920137405,0.038189000121078134,1.4291712284088134,0.07093856615509189,5
2500,endpoint,364,0.2666380375623703,0.036532444100646,1.4332613468170166,0.0747792243570166,5
2500,endpoint,365,0.2667641818523407,0.03607276560909131,1.4359904527664185,0.07980533311588658,5
2500,endpoint,366,0.2668885409832001,0.0365516792813797,1.4364632606506347,0.07747483322645982,5
2500,endpoint,367,0.2678361713886261,0.037204102116241165,1.4333102703094482,0.07627272602090485,5
2500,endpoint,368,0.2684049099683762,0.03735294882298569,1.4324177503585815,0.07531247026622899,5
2500,endpoint,369,0.2687768667936325,0.03606715521039899,1.4352856159210206,0.07801337377319022,5
2500,endpoint,370,0.26875008046627047,0.03482246923137362,1.4362871170043945,0.07952258423905958,5
2500,endpoint,371,0.2672237277030945,0.03576264260121612,1.4304864645004272,0.07800896724666805,5
2500,endpoint,372,0.26676030457019806,0.036472575309590756,1.4274479150772095,0.07122430370349679,5
2500,endpoint,373,0.2666954457759857,0.037650658983607754,1.427466917037964,0.06585286650033222,5
2500,endpoint,374,0.2670512109994888,0.03909518373868678,1.42935471534729,0.06338285908114798,5
2500,endpoint,375,0.2685722589492798,0.03897400338904761,1.433244490623474,0.0733599189289473,5
2500,endpoint,376,0.2687920778989792,0.03792947128141452,1.4321368217468262,0.07698280204258547,5
2500,endpoint,377,0.267171049118042,0.03636263078637199,1.4232997655868531,0.07450391797879885,5
2500,endpoint,378,0.2669748246669769,0.03411517599806771,1.4179442167282104,0.0741795498879731,5
2500,endpoint,379,0.2664416551589966,0.03394312735682172,1.4213429689407349,0.0772032407222475,5
2500,endpoint,380,0.26750131845474245,0.03413573879490287,1.4261828422546388,0.08020794847031563,5
2500,endpoint,381,0.26858505308628083,0.03558873919789644,1.4302287340164184,0.07813631759475465,5
2500,endpoint,382,0.26810498535633087,0.03828061126623332,1.430285882949829,0.0721856820101799,5
2500,endpoint,383,0.26744228303432466,0.03986787656391237,1.4282012224197387,0.07000443808572077,5
2500,endpoint,384,0.26686381101608275,0.03969121167925632,1.4287655830383301,0.07429948114849756,5
2500,endpoint,385,0.2666137456893921,0.03827081031823731,1.4331613540649415,0.0735715675854916,5
2500,endpoint,386,0.26707962453365325,0.03545200534065421,1.4355303287506103,0.07371410850430564,5
2500,endpoint,387,0.2674174666404724,0.03337503352757854,1.437196636199951,0.06628775150353969,5
2500,endpoint,388,0.2670782506465912,0.03368575111085089,1.4346824169158936,0.06153531992877835,5
2500,endpoint,389,0.2669337123632431,0.03539993505419105,1.4318696022033692,0.06342433652257815,5
2500,endpoint,390,0.2670696973800659,0.03794080016128201,1.4325855016708373,0.0705825943670745,5
2500,endpoint,391,0.2671145886182785,0.03949237836534318,1.4333491802215577,0.07127447608341615,5
2500,endpoint,392,0.26776379346847534,0.0385791529303487,1.4368508100509643,0.06772196698612398,5
2500,endpoint,393,0.2673908770084381,0.03688545003055261,1.4333178758621217,0.06590433328424612,5
2500,endpoint,394,0.2664630711078644,0.03533919157932695,1.4272278547286987,0.06691206585809523,5
2500,endpoint,395,0.26592463850975034,0.034815521261247435,1.422270917892456,0.06787394041549226,5
2500,endpoint,396,0.26644235849380493,0.03553458298383429,1.425257158279419,0.06562117713344177,5
2500,endpoint,397,0.2675880938768387,0.036818771813378906,1.4294453144073487,0.06531082395989367,5
2500,endpoint,398,0.26787446439266205,0.0383661238565,1.4300737380981445,0.07179022991571254,5
2500,endpoint,399,0.26690950989723206,0.038677349399779085,1.4245489835739136,0.07703848813712892,5
2500,endpoint,400,0.26578099727630616,0.0376503425708968,1.418861746788025,0.0779444447967921,5
2500,endpoint,401,0.2655900239944458,0.0358119636187598,1.416635012626648,0.07126885951907529,5
2500,endpoint,402,0.2664872705936432,0.034800202479739854,1.4175443649291992,0.06602866999897344,5
2500,endpoint,403,0.26775298416614535,0.03516304761091791,1.4179118394851684,0.07012404473051859,5
2500,endpoint,404,0.2686212778091431,0.03648039888627975,1.4171149015426636,0.07809137534460839,5
2500,endpoint,405,0.2684457004070282,0.03798665223808033,1.418276047706604,0.08027927806227335,5
2500,endpoint,406,0.26756085753440856,0.03809383232806452,1.420888638496399,0.07032112310806055,5
2500,endpoint,407,0.26685996651649474,0.036984254521631926,1.4277791261672974,0.0590805080636957,5
2500,endpoint,408,0.2658212870359421,0.03638906276659031,1.432520604133606,0.06033167495174596,5
2500,endpoint,409,0.2654582649469376,0.03639244269306593,1.430237102508545,0.07005686374605972,5
2500,endpoint,410,0.2659533202648163,0.036287059078973415,1.4264626979827881,0.07517618442807368,5
2500,endpoint,411,0.2667403519153595,0.03654233623104379,1.4217391729354858,0.07498606638230579,5
2500,endpoint,412,0.26779338121414187,0.03699734203282364,1.4208011865615844,0.07091434232040196,5
2500,endpoint,413,0.268165123462677,0.03718187545467722,1.4251682758331299,0.06492055297713004,5
2500,endpoint,414,0.2677205830812454,0.036960644371174516,1.4320142269134521,0.058264842564755524,5
2500,endpoint,415,0.2667650759220123,0.03735656237686434,1.434696078300476,0.061690386808846365,5
2500,endpoint,416,0.2657018780708313,0.037963892465138364,1.4306248664855956,0.06636884014501564,5
2500,endpoint,417,0.26534752547740936,0.038441517408187804,1.4247901439666748,0.06695878781625424,5
2500,endpoint,418,0.26631577014923097,0.038378309790854395,1.4242374181747437,0.06867887282089079,5
2500,endpoint,419,0.26740857064723966,0.03778529529376916,1.4291855335235595,0.07073439711163224,5
2500,endpoint,420,0.2676031798124313,0.03647421574053018,1.4350008726119996,0.068344488957715,5
2500,endpoint,421,0.26705129742622374,0.03544246491184012,1.4366732597351075,0.06818943707797952,5
2500,endpoint,422,0.2658487409353256,0.03534378447181542,1.4301568508148192,0.07085573866199424,5
2500,endpoint,423,0.2653552442789078,0.03602077305628784,1.4208417892456056,0.07187000302506312,5
2500,endpoint,424,0.2662882000207901,0.037465257101636125,1.4185352325439453,0.07185790514736466,5
2500,endpoint,425,0.2676143944263458,0.03882520104954963,1.4237234115600585,0.07199001168235514,5
2500,endpoint,426,0.26831806302070615,0.0392958318744863,1.4319950342178345,0.07297185301655548,5
2500,endpoint,427,0.2676433712244034,0.038665142008308256,1.4376080274581908,0.07522149077466334,5
2500,endpoint,428,0.26547214984893797,0.03733676311574333,1.433650016784668,0.0809702372970289,5
2500,endpoint,429,0.2643590420484543,0.035400196013711714,1.4216361045837402,0.08519705357310355,5
2500,endpoint,430,0.26517824828624725,0.03465853357275126,1.4178634643554688,0.08647345710120682,5
2500,endpoint,431,0.26696244478225706,0.03543184298911166,1.4191720724105834,0.07988771710931698,5
2500,endpoint,432,0.26874983310699463,0.036768948046051436,1.4305212020874023,0.0714939135108706,5
2500,endpoint,433,0.26846805214881897,0.03806466562451791,1.4359572649002075,0.06473199251808705,5
2500,endpoint,434,0.2663308948278427,0.038654546356923274,1.4288728713989258,0.06281142123473657,5
2500,endpoint,435,0.2643674612045288,0.038274425320031086,1.4232614517211915,0.0673251536795035,5
2500,endpoint,436,0.2643857389688492,0.03688751398346415,1.423609209060669,0.07070558323719402,5
2500,endpoint,437,0.26547192335128783,0.03569141042109283,1.4239862442016602,0.07156502251029233,5
2500,endpoint,438,0.26694552302360536,0.03557496381053203,1.425661301612854,0.06878791900694983,5
2500,endpoint,439,0.26840561628341675,0.036462104923695754,1.4271804332733153,0.06373791551852806,5
2500,endpoint,440,0.26883260905742645,0.037655491609404686,1.4348349809646606,0.0604279045450095,5
2500,endpoint,441,0.26739085018634795,0.038842615924039356,1.4359964370727538,0.059446164266021874,5
2500,endpoint,442,0.2664345055818558,0.039068670973332525,1.429699969291687,0.06805611488722167,5
2500,endpoint,443,0.26444090604782106,0.03825618778736289,1.427768087387085,0.07103513622930392,5
2500,endpoint,444,0.2645155996084213,0.03662553342805499,1.4281888246536254,0.0685436489146799,5
2500,endpoint,445,0.26647462546825407,0.03527395264047815,1.4310820817947387,0.07064056346586849,5
2500,endpoint,446,0.2679072469472885,0.035899637630370976,1.4341789960861206,0.07024116168737483,5
2500,endpoint,447,0.2687117487192154,0.03736201279333592,1.4338144063949585,0.06817359786586993,5
2500,endpoint,448,0.26802394092082976,0.03823488272351667,1.431855058670044,0.06784902102408576,5
2500,endpoint,449,0.2659719556570053,0.03812768957837196,1.4283276796340942,0.06918358498540103,5
2500,endpoint,450,0.26491636633872984,0.03725247781350965,1.4266669750213623,0.07374015930766828,5
2500,endpoint,451,0.265479701757431,0.03641450409297528,1.4333754777908325,0.07403442886569199,5
2500,endpoint,452,0.26667411923408507,0.03619173029032756,1.4397874832153321,0.06866139521222095,5
2500,endpoint,453,0.2671487063169479,0.037311594110639446,1.4423624992370605,0.06897131595271609,5
2500,endpoint,454,0.2661999762058258,0.03836598717731513,1.4357966184616089,0.07218823291805064,5
2500,endpoint,455,0.2652530312538147,0.038337965766421025,1.4288352727890015,0.07318361222728811,5
2500,endpoint,456,0.2657041162252426,0.03723183051409073,1.42652747631073,0.07581682544314784,5
2500,endpoint,457,0.26693556308746336,0.035884544145358514,1.4304880857467652,0.07550926879015006,5
2500,endpoint,458,0.2676170736551285,0.03522458061630187,1.4342594623565674,0.07107337700674057,5
2500,endpoint,459,0.2672929584980011,0.03587804800131197,1.436561918258667,0.06461493485882504,5
2500,endpoint,460,0.26569549441337587,0.037423905625935575,1.43504741191864,0.06438744669909627,5
2500,endpoint,461,0.26396989822387695,0.03914220347630885,1.4289887189865111,0.07054418949226873,5
2500,endpoint,462,0.2641251772642136,0.039089337056370466,1.423051357269287,0.07569105395815795,5
2500,endpoint,463,0.26608003079891207,0.03777334495656946,1.421600580215454,0.07617946914179509,5
2500,endpoint,464,0.2681844085454941,0.03629887285094181,1.424065065383911,0.07151953185066955,5
2500,endpoint,465,0.2694967955350876,0.03518221440989683,1.4273441314697266,0.06404405865070176,5
2500,endpoint,466,0.26860860288143157,0.03525831885627799,1.4295104503631593,0.059365580147209135,5
2500,endpoint,467,0.26597125828266144,0.03694097937947794,1.43010094165802,0.0672045102520629,5
2500,endpoint,468,0.2639071762561798,0.03828503972191235,1.4246546745300293,0.07920083692836528,5
2500,endpoint,469,0.26378712952136996,0.03836138420937956,1.4209614276885987,0.0792900880325034,5
2500,endpoint,470,0.26530937254428866,0.03827586488824987,1.4215447425842285,0.07191490514224486,5
2500,endpoint,471,0.2677760571241379,0.037707366003737496,1.425230288505554,0.06422220247540061,5
2500,endpoint,472,0.2687810719013214,0.03709889894894823,1.426957082748413,0.060400109165865405,5
2500,endpoint,473,0.26821388900279997,0.03673218886991356,1.4294622898101808,0.06110199807463765,5
2500,endpoint,474,0.26669658720493317,0.03666416003553265,1.43103187084198,0.06955594784615568,5
2500,endpoint,475,0.2647455006837845,0.03701074633600267,1.430910301208496,0.074923555678568,5
2500,endpoint,476,0.2638186693191528,0.037399984703625884,1.4269360065460206,0.07637000257718349,5
2500,endpoint,477,0.2642559796571732,0.037548530276072176,1.4226759910583495,0.07003181711273875,5
2500,endpoint,478,0.2651200175285339,0.03796349253626094,1.4211753845214843,0.06344404500589845,5
2500,endpoint,479,0.2672416687011719,0.03849690171071958,1.419990849494934,0.06268465792909449,5
2500,endpoint,480,0.26921281814575193,0.038514178384058954,1.4245289325714112,0.06892085663509172,5
2500,endpoint,481,0.2690069586038589,0.03795437399290762,1.4288214683532714,0.07261543782843546,5
2500,endpoint,482,0.26699802577495574,0.0366152827157418,1.4276685953140258,0.07121082848851926,5
2500,endpoint,483,0.26448329985141755,0.03559320047494517,1.4263038396835328,0.06879369402897258,5
2500,endpoint,484,0.26267673075199127,0.035461770442394805,1.4244945764541626,0.06739197185878174,5
2500,endpoint,485,0.26342633664608,0.036546920412967414,1.4255600214004516,0.0619033873628304,5
2500,endpoint,486,0.2661821246147156,0.038110831131155626,1.4284476041793823,0.058871634784113946,5
2500,endpoint,487,0.2684317082166672,0.039724735002880665,1.4286189556121827,0.06060907679288086,5
2500,endpoint,488,0.26925100982189176,0.039279838147715594,1.422806453704834,0.06340080018873787,5
2500,endpoint,489,0.26804451644420624,0.037459025882782736,1.4227029800415039,0.0675755131861184,5
2500,endpoint,490,0.26533451676368713,0.03560087449031529,1.4290435791015625,0.0685294200958861,5
2500,endpoint,491,0.2645742058753967,0.03407997288144965,1.433613657951355,0.0674367958565183,5
2500,endpoint,492,0.26410064697265623,0.03545198541956588,1.431025242805481,0.06264121186005588,5
2500,endpoint,493,0.26503852307796477,0.03803002996295791,1.4268299102783204,0.06069654221262876,5
2500,endpoint,494,0.2671778440475464,0.039639022898937545,1.4246534347534179,0.06363560596339406,5
2500,endpoint,495,0.2681254744529724,0.039486172634459894,1.4252920627593995,0.06675408296954023,5
2500,endpoint,496,0.26766554117202757,0.03775584108596674,1.4279312133789062,0.07008060540041808,5
2500,endpoint,497,0.2669415593147278,0.035788469425789955,1.4308218479156494,0.0695226083248164,5
2500,endpoint,498,0.26554000973701475,0.03542310565572513,1.4310288906097413,0.061699754381446655,5
2500,endpoint,499,0.2648003250360489,0.03667985116899893,1.4272003173828125,0.05928525376408235,5
2500,endpoint,500,0.2648827224969864,0.038325920039189984,1.4219946146011353,0.06164573653657805,5
2500,endpoint,501,0.26570441126823424,0.03915407440771054,1.423094344139099,0.06853659376004322,5
2500,endpoint,502,0.26687134206295016,0.03873799173848848,1.4283170223236084,0.07568206666119122,5
2500,endpoint,503,0.267413592338562,0.037642540193258266,1.4306027173995972,0.07774641760023196,5
2500,endpoint,504,0.266133975982666,0.036631921084314414,1.4255043506622314,0.07166223560582487,5
2500,endpoint,505,0.26535286009311676,0.03603747513878367,1.417949414253235,0.06604727171814614,5
2500,endpoint,506,0.2656328618526459,0.03635696379566868,1.4124601364135743,0.06525389457496016,5
2500,endpoint,507,0.2661456406116486,0.03727988473014253,1.414343237876892,0.06971039732090839,5
2500,endpoint,508,0.2670221269130707,0.037670982891884905,1.419092345237732,0.07145448415635416,5
2500,endpoint,509,0.2672369956970215,0.03771033612947999,1.4220675468444823,0.07025545108420449,5
2500,endpoint,510,0.26623456478118895,0.038098494807250714,1.422222638130188,0.06394655817796124,5
2500,endpoint,511,0.2651634156703949,0.03785464964822805,1.418008065223694,0.06121394609797419,5
2500,endpoint,512,0.2647729754447937,0.03737428129634583,1.4162306308746337,0.06320263936230422,5
2500,endpoint,513,0.2650080263614655,0.03703709161929332,1.4158591747283935,0.06723056227154321,5
2500,endpoint,514,0.2658351302146912,0.03666446139982496,1.4153550148010254,0.06757365993874107,5
2500,endpoint,515,0.26676205098628997,0.03672732729753856,1.4146191596984863,0.06679295750124252,5
2500,endpoint,516,0.2670784115791321,0.037179293940193876,1.412225103378296,0.06121368669401991,5
2500,endpoint,517,0.2668451428413391,0.03776910903034197,1.416894221305847,0.05881069297758503,5
2500,endpoint,518,0.2658782720565796,0.037883390166663714,1.4198674440383912,0.0580293694233881,5
2500,endpoint,519,0.26487147212028506,0.03777264689324657,1.4234216928482055,0.05879250766134038,5
2500,subset_accuracy_drop,1,0.6931298971176147,0.005757872893215328,0.6930955290794373,0.005898695503455452,5
2500,subset_accuracy_drop,2,0.6923902153968811,0.005993391255946241,0.6923417091369629,0.006151415491736317,5
2500,subset_accuracy_drop,3,0.6915583372116089,0.006326746817989565,0.6914932489395141,0.006504999816606283,5
2500,subset_accuracy_drop,4,0.6905949831008911,0.006795242435742948,0.6905108094215393,0.006998376651031754,5
2500,subset_accuracy_drop,5,0.6894746661186218,0.007447051750340511,0.6893688201904297,0.00767912660923035,5
2500,subset_accuracy_drop,6,0.6881999611854553,0.008302734141700852,0.6880690574645996,0.008569780443251218,5
2500,subset_accuracy_drop,7,0.6867918968200684,0.009372098846421636,0.6866319060325623,0.009681249699494354,5
2500,subset_accuracy_drop,8,0.685265576839447,0.010647343734527562,0.6850718021392822,0.011008460802301185,5
2500,subset_accuracy_drop,9,0.6836447238922119,0.012076748750673492,0.6834118962287903,0.012501112768675065,5
2500,subset_accuracy_drop,10,0.6819208025932312,0.013649756103002654,0.6816493511199951,0.014138301385672077,5
2500,subset_accuracy_drop,11,0.6800707936286926,0.015388620008552418,0.6797635316848755,0.015941900290414916,5
2500,subset_accuracy_drop,12,0.6781112074851989,0.017268786889048537,0.6777696251869202,0.017894534326874014,5
2500,subset_accuracy_drop,13,0.6761504292488099,0.019180877905674843,0.6757799029350281,0.01988533990553008,5
2500,subset_accuracy_drop,14,0.6744006752967835,0.02092947144598223,0.6740117907524109,0.021718851526580565,5
2500,subset_accuracy_drop,15,0.6731877446174621,0.022221086842373252,0.6727965593338012,0.023105121679364436,5
2500,subset_accuracy_drop,16,0.6728924751281739,0.022695461027340057,0.6725135445594788,0.023691891657629926,5
2500,subset_accuracy_drop,17,0.6735833168029786,0.022174709958115862,0.6732153058052063,0.023299403139648,5
2500,subset_accuracy_drop,18,0.674557340145111,0.02115813508979618,0.67418452501297,0.022384398124354454,5
2500,subset_accuracy_drop,19,0.6749614953994751,0.0205467535865415,0.6745723247528076,0.02180845389880506,5
2500,subset_accuracy_drop,20,0.6746352910995483,0.020694023367900664,0.6742286682128906,0.021933796156348277,5
2500,subset_accuracy_drop,21,0.6739213109016419,0.021343813493371947,0.6735005617141724,0.022532171465178722,5
2500,subset_accuracy_drop,22,0.6732037305831909,0.022098397974832665,0.6727770328521728,0.023222697632935062,5
2500,subset_accuracy_drop,23,0.6727246284484864,0.02266679482961547,0.6722989559173584,0.023725347945908276,5
2500,subset_accuracy_drop,24,0.6725502610206604,0.0229353437456035,0.6721304297447205,0.023932977264424754,5
2500,subset_accuracy_drop,25,0.6726209044456481,0.02293445017192037,0.6722105503082275,0.023879590150021328,5
2500,subset_accuracy_drop,26,0.6728162884712219,0.022768939893233725,0.6724164843559265,0.023671465384011454,5
2500,subset_accuracy_drop,27,0.6730219483375549,0.02255195696140449,0.6726330161094666,0.02342152944539995,5
2500,subset_accuracy_drop,28,0.673165214061737,0.022368030322893976,0.6727867245674133,0.023214462221215267,5
2500,subset_accuracy_drop,29,0.6732162714004517,0.02226318951145274,0.6728474259376526,0.0230954433980216,5
2500,subset_accuracy_drop,30,0.673172676563263,0.022253264064523368,0.6728131294250488,0.02307929843468358,5
2500,subset_accuracy_drop,31,0.6730502128601075,0.022333329358992314,0.6726995944976807,0.02316013925210328,5
2500,subset_accuracy_drop,32,0.6728736162185669,0.022484172503928715,0.6725318431854248,0.023318550128793178,5
2500,subset_accuracy_drop,33,0.6726740837097168,0.02267603723261587,0.6723415613174438,0.02352298825916818,5
2500,subset_accuracy_drop,34,0.6724828124046326,0.02287624131495408,0.6721596837043762,0.02374047050574416,5
2500,subset_accuracy_drop,35,0.6723253011703492,0.023054123657195464,0.672011923789978,0.023939040392125695,5
2500,subset_accuracy_drop,36,0.672218382358551,0.0231846936021391,0.6719147801399231,0.024092979426335297,5
2500,subset_accuracy_drop,37,0.6721647381782532,0.023255826943064842,0.6718703866004944,0.024188178603586134,5
2500,subset_accuracy_drop,38,0.6721524238586426,0.02327214941627236,0.6718658447265625,0.02422768921149201,5
2500,subset_accuracy_drop,39,0.6721591353416443,0.02325312600623878,0.6718789219856263,0.024228711420399722,5
2500,subset_accuracy_drop,40,0.6721606254577637,0.023225950439718916,0.6718853712081909,0.024216983690994093,5
2500,subset_accuracy_drop,41,0.67214035987854,0.023214553489464503,0.6718695998191834,0.024215699046700255,5
2500,subset_accuracy_drop,42,0.672096312046051,0.023230763142265246,0.6718308806419373,0.024237445615566403,5
2500,subset_accuracy_drop,43,0.6720382809638977,0.02327048901802269,0.6717800617218017,0.024278921254607268,5
2500,subset_accuracy_drop,44,0.6719802141189575,0.023319366535232203,0.6717317461967468,0.024327108161703758,5
2500,subset_accuracy_drop,45,0.6719337463378906,0.023362134379261795,0.6716980457305908,0.024368089196488488,5
2500,subset_accuracy_drop,46,0.671904718875885,0.02338533449561944,0.6716851949691772,0.024389404184829922,5
2500,subset_accuracy_drop,47,0.6718904137611389,0.023384678517111963,0.6716903567314148,0.024388518482604652,5
2500,subset_accuracy_drop,48,0.6718824505805969,0.023364684460507323,0.6717049479484558,0.024371476140990313,5
2500,subset_accuracy_drop,49,0.6718700528144836,0.023337444895961547,0.6717177629470825,0.024351738484989335,5
2500,subset_accuracy_drop,50,0.6718448638916016,0.023315184406996953,0.6717208623886108,0.024343080151161257,5
2500,subset_accuracy_drop,51,0.6718047976493835,0.02330568162345034,0.6717118859291077,0.024353771189190812,5
2500,subset_accuracy_drop,52,0.6717525601387024,0.02330851697828041,0.671694278717041,0.024383236164157964,5
2500,subset_accuracy_drop,53,0.6716923952102661,0.02332059066286189,0.6716726779937744,0.02442888193458147,5
2500,subset_accuracy_drop,54,0.6716294050216675,0.023335628321192806,0.671652090549469,0.024484585191383443,5
2500,subset_accuracy_drop,55,0.6715676426887512,0.0233481952729084,0.6716359376907348,0.024544096416874835,5
2500,subset_accuracy_drop,56,0.6715088129043579,0.023353084175807528,0.671626353263855,0.024601604682477574,5
2500,subset_accuracy_drop,57,0.6714530467987061,0.023347125712347337,0.671622347831726,0.024652364294158943,5
2500,subset_accuracy_drop,58,0.6713986754417419,0.02333105094353354,0.6716234683990479,0.02469700083497974,5
2500,subset_accuracy_drop,59,0.6713435173034668,0.02330776979538876,0.6716277837753296,0.02473795536587043,5
2500,subset_accuracy_drop,60,0.6712841629981995,0.023279264120428265,0.6716345548629761,0.024778463064334174,5
2500,subset_accuracy_drop,61,0.6712210178375244,0.0232489031101329,0.6716437816619873,0.024821154829964776,5
2500,subset_accuracy_drop,62,0.6711546421051026,0.023217848532157616,0.6716528058052063,0.02486314693932558,5
2500,subset_accuracy_drop,63,0.6710867166519165,0.023184827400097474,0.671664559841156,0.024904545139856293,5
2500,subset_accuracy_drop,64,0.671015739440918,0.02314641746679008,0.6716837644577026,0.024948457361358936,5
2500,subset_accuracy_drop,65,0.6709408521652221,0.023100089439449606,0.6717092752456665,0.024993225842905333,5
2500,subset_accuracy_drop,66,0.6708637595176696,0.02304739145439775,0.6717353224754333,0.02503347477916574,5
2500,subset_accuracy_drop,67,0.6707833409309387,0.022990523660852996,0.6717605710029602,0.025071445583569708,5
2500,subset_accuracy_drop,68,0.6706974029541015,0.02293049550197947,0.6717888236045837,0.02511488777780557,5
2500,subset_accuracy_drop,69,0.6706043481826782,0.022869549634440257,0.6718208074569703,0.02516944855038535,5
2500,subset_accuracy_drop,70,0.6705108165740967,0.02281591329373951,0.6718387007713318,0.02521628831463118,5
2500,subset_accuracy_drop,71,0.6704043865203857,0.022754826691886706,0.6718786478042602,0.025295261392996534,5
2500,subset_accuracy_drop,72,0.6703014492988586,0.022699025235180408,0.6718962788581848,0.025349722775769083,5
2500,subset_accuracy_drop,73,0.670190155506134,0.022634596631658836,0.6719419598579407,0.02543636568707449,5
2500,subset_accuracy_drop,74,0.6700772404670715,0.022566421589648073,0.671994411945343,0.02552780340105216,5
2500,subset_accuracy_drop,75,0.669973611831665,0.022504304880358365,0.6720350027084351,0.02560044153367285,5
2500,subset_accuracy_drop,76,0.6698513746261596,0.0224248935756613,0.6721344351768493,0.025742459226557754,5
2500,subset_accuracy_drop,77,0.6697388410568237,0.022354631376621442,0.672195565700531,0.02583596695061862,5
2500,subset_accuracy_drop,78,0.6696169257164002,0.02227752057795561,0.6722896814346313,0.02596940574605683,5
2500,subset_accuracy_drop,79,0.669492769241333,0.022199322580274263,0.6724077105522156,0.026132708735067275,5
2500,subset_accuracy_drop,80,0.6693956971168518,0.022143183033468686,0.6724703550338745,0.026224410065948275,5
2500,subset_accuracy_drop,81,0.6692661285400391,0.02205948908325019,0.6726199388504028,0.026427599692137534,5
2500,subset_accuracy_drop,82,0.6691341400146484,0.02197385465949788,0.6726433873176575,0.02646597664667625,5
2500,subset_accuracy_drop,83,0.6690375208854675,0.02191754181576417,0.6727511525154114,0.026616606056583614,5
2500,subset_accuracy_drop,84,0.66889967918396,0.02183172786217283,0.6729457139968872,0.026887986329505613,5
2500,subset_accuracy_drop,85,0.6687610507011413,0.021748175631892217,0.6729750633239746,0.026940980856986433,5
2500,subset_accuracy_drop,86,0.6686470866203308,0.021686995069792842,0.6730703234672546,0.02708601184890348,5
2500,subset_accuracy_drop,87,0.6685020208358765,0.021607389593819703,0.6732012152671814,0.02727704200904569,5
2500,subset_accuracy_drop,88,0.6683758854866028,0.02154412672223197,0.6732408404350281,0.027350847709255693,5
2500,subset_accuracy_drop,89,0.6682833552360534,0.021496697816243873,0.6732751607894898,0.027415520703410048,5
2500,subset_accuracy_drop,90,0.6681174159049987,0.021405046838955548,0.6733553290367127,0.02754086051408797,5
2500,subset_accuracy_drop,91,0.6680207490921021,0.021373013216971527,0.6735167741775513,0.02777549087139354,5
2500,subset_accuracy_drop,92,0.6679137945175171,0.021318266470742996,0.6736204504966736,0.027931351308125858,5
2500,subset_accuracy_drop,93,0.6677823305130005,0.021251898954040872,0.6737167835235596,0.02808331944692277,5
2500,subset_accuracy_drop,94,0.6676811337471008,0.021219556696874645,0.6738469004631042,0.028273514553008243,5
2500,subset_accuracy_drop,95,0.6675732851028442,0.02118291517795733,0.6738241076469421,0.02822865366914533,5
2500,subset_accuracy_drop,96,0.6674628376960754,0.021127648398731703,0.6738274931907654,0.028253480198987612,5
2500,subset_accuracy_drop,97,0.6673242449760437,0.02106561819042314,0.6739324808120728,0.028408197304370036,5
2500,subset_accuracy_drop,98,0.6672285914421081,0.021053159210426064,0.6740162134170532,0.02851148861797298,5
2500,subset_accuracy_drop,99,0.6671427726745606,0.021023325880342315,0.6740738272666931,0.028618838324120266,5
2500,subset_accuracy_drop,100,0.6669874548912048,0.0209524221248057,0.6741565227508545,0.028751956809059263,5
2500,subset_accuracy_drop,101,0.6669127464294433,0.020966007094748215,0.6742498993873596,0.02886620119339393,5
2500,subset_accuracy_drop,102,0.6668784260749817,0.02098015435394861,0.6742769479751587,0.028918380619684703,5
2500,subset_accuracy_drop,103,0.6666820645332336,0.020873816893273656,0.674285638332367,0.028951239000977576,5
2500,subset_accuracy_drop,104,0.6666125416755676,0.02089558061787003,0.6743883967399598,0.02907343747255865,5
2500,subset_accuracy_drop,105,0.6665257573127746,0.020871673035624524,0.6743915796279907,0.029091447524825016,5
2500,subset_accuracy_drop,106,0.6663856625556945,0.020821813002115695,0.6744710445404053,0.02921085818851903,5
2500,subset_accuracy_drop,107,0.6663348197937011,0.020866058656857162,0.6746081829071044,0.02936963513561231,5
2500,subset_accuracy_drop,108,0.6662797689437866,0.020835358759117836,0.674612843990326,0.029408114699419785,5
2500,subset_accuracy_drop,109,0.6661241769790649,0.020816550479954912,0.6747185349464416,0.029551228584100392,5
2500,subset_accuracy_drop,110,0.6660229682922363,0.020805270993409078,0.674785566329956,0.029641002239277677,5
2500,subset_accuracy_drop,111,0.6659648180007934,0.020789239932743744,0.6748708963394165,0.029790068868523197,5
2500,subset_accuracy_drop,112,0.6658444046974182,0.020808287857458873,0.6750151515007019,0.029976882581380482,5
2500,subset_accuracy_drop,113,0.6657281041145324,0.020755031742302147,0.6751231670379638,0.030150083713939554,5
2500,subset_accuracy_drop,114,0.6657456278800964,0.020820193929611555,0.6751644730567932,0.030172344303010665,5
2500,subset_accuracy_drop,115,0.6655727028846741,0.020781729759087972,0.6751896858215332,0.030192854217595936,5
2500,subset_accuracy_drop,116,0.66544269323349,0.020751244450652084,0.6751694440841675,0.030144420565712846,5
2500,subset_accuracy_drop,117,0.6654334187507629,0.020808772610130345,0.6752442836761474,0.030214738615132554,5
2500,subset_accuracy_drop,118,0.6652541399002075,0.020771933637178996,0.6752688527107239,0.030232696382015898,5
2500,subset_accuracy_drop,119,0.6651482701301574,0.020764135216053973,0.6752972960472107,0.03024944711263107,5
2500,subset_accuracy_drop,120,0.665164339542389,0.020830693822270787,0.675388503074646,0.030339024376666923,5
2500,subset_accuracy_drop,121,0.6649630308151245,0.02078982121331702,0.6753844618797302,0.03029248797945005,5
2500,subset_accuracy_drop,122,0.6648791551589965,0.020799834375210935,0.675471842288971,0.03037241921059801,5
2500,subset_accuracy_drop,123,0.6648344397544861,0.02084541559080956,0.6755527377128601,0.030415962448936854,5
2500,subset_accuracy_drop,124,0.6646721243858338,0.020832140301125204,0.6755752563476562,0.03038538035993084,5
2500,subset_accuracy_drop,125,0.6645899534225463,0.02084673260629999,0.6757165908813476,0.030541669001190385,5
2500,subset_accuracy_drop,126,0.6644771218299865,0.02087565475367309,0.675749933719635,0.03050826200068918,5
2500,subset_accuracy_drop,127,0.6643869400024414,0.020915830909840248,0.6758845210075378,0.030632643710911494,5
2500,subset_accuracy_drop,128,0.6642400622367859,0.020931033661620527,0.6760284185409546,0.030749465885483728,5
2500,subset_accuracy_drop,129,0.6641096472740173,0.020928486375789146,0.6760985136032105,0.030783402463880026,5
2500,subset_accuracy_drop,130,0.6639890193939209,0.020931437761506452,0.6761780619621277,0.030811427291704965,5
2500,subset_accuracy_drop,131,0.6638807773590087,0.020976370739209337,0.6762852430343628,0.030863117265499538,5
2500,subset_accuracy_drop,132,0.6638207197189331,0.021079576222415398,0.676421296596527,0.030936768925676598,5
2500,subset_accuracy_drop,133,0.6637268185615539,0.02111049055322207,0.6765742301940918,0.03102868124295129,5
2500,subset_accuracy_drop,134,0.6635454416275024,0.02105957965934341,0.6766157150268555,0.031037136636649643,5
2500,subset_accuracy_drop,135,0.6634981632232666,0.02112655054115653,0.6767883062362671,0.03118053694973745,5
2500,subset_accuracy_drop,136,0.6633875012397766,0.021211784734674582,0.6768364191055298,0.031074273752031895,5
2500,subset_accuracy_drop,137,0.6632727742195129,0.021240178931653912,0.6769149303436279,0.030989915645813153,5
2500,subset_accuracy_drop,138,0.6630839467048645,0.021176347003061313,0.6769576072692871,0.03103344232415175,5
2500,subset_accuracy_drop,139,0.6629515409469604,0.021207051907844228,0.677104914188385,0.03112572952761223,5
2500,subset_accuracy_drop,140,0.6628651142120361,0.021270228438563455,0.677308189868927,0.031272124306294766,5
2500,subset_accuracy_drop,141,0.6627537608146667,0.021280232796827336,0.6774770736694335,0.031359303892044284,5
2500,subset_accuracy_drop,142,0.6626099467277526,0.021308366130140935,0.6775532841682435,0.031309160606108825,5
2500,subset_accuracy_drop,143,0.6625923871994018,0.02134796274716662,0.6776353716850281,0.03128768681669235,5
2500,subset_accuracy_drop,144,0.6624112963676453,0.02135549184834665,0.6776479840278625,0.031064756099812716,5
2500,subset_accuracy_drop,145,0.6622997999191285,0.021402125214811663,0.6776833176612854,0.031029941634870176,5
2500,subset_accuracy_drop,146,0.6622833728790283,0.021527420654425897,0.677856957912445,0.03111980423081678,5
2500,subset_accuracy_drop,147,0.6621365189552307,0.021509272965763424,0.6779451012611389,0.03099351412142219,5
2500,subset_accuracy_drop,148,0.6620571970939636,0.02146788038968493,0.6780252695083618,0.03096328214374767,5
2500,subset_accuracy_drop,149,0.6618944406509399,0.021530549849062518,0.6782127618789673,0.03119787231963393,5
2500,subset_accuracy_drop,150,0.6618620991706848,0.02164395049662647,0.6784555077552795,0.0313861404288887,5
2500,subset_accuracy_drop,151,0.6618282079696656,0.021633282299058913,0.6786718726158142,0.03148817651434053,5
2500,subset_accuracy_drop,152,0.6616402626037597,0.02162386458651867,0.6787502765655518,0.03165857414902492,5
2500,subset_accuracy_drop,153,0.6615665912628174,0.021626319226878597,0.6788174629211425,0.03161927935912378,5
2500,subset_accuracy_drop,154,0.6615568637847901,0.021681677407604235,0.6789694786071777,0.03154683546250636,5
2500,subset_accuracy_drop,155,0.6613957643508911,0.02175397172191163,0.6790199041366577,0.031707616003362096,5
2500,subset_accuracy_drop,156,0.6613317608833313,0.021671780574413567,0.6790855526924133,0.031722052317385376,5
2500,subset_accuracy_drop,157,0.6612747192382813,0.021788437916407964,0.6792438626289368,0.03184410566821832,5
2500,subset_accuracy_drop,158,0.6611947894096375,0.021817384753017203,0.6794656395912171,0.03199337411074935,5
2500,subset_accuracy_drop,159,0.661087155342102,0.021701476365017024,0.6795219302177429,0.03202357225412583,5
2500,subset_accuracy_drop,160,0.6610008358955384,0.021824775183954998,0.6796235561370849,0.03206090324533663,5
2500,subset_accuracy_drop,161,0.6610180735588074,0.021838754361726234,0.6798419117927551,0.0319783657346839,5
2500,subset_accuracy_drop,162,0.6608702063560485,0.02183115082485619,0.6797411799430847,0.031926092005610446,5
2500,subset_accuracy_drop,163,0.6607595086097717,0.021930859942063313,0.6797632813453675,0.03181098275397422,5
2500,subset_accuracy_drop,164,0.6607816219329834,0.021965552162995557,0.6799042582511902,0.03176716803665459,5
2500,subset_accuracy_drop,165,0.6607177138328553,0.021895653509131665,0.6799852013587951,0.031754855618105794,5
2500,subset_accuracy_drop,166,0.6605315446853638,0.021981211166478387,0.6800405979156494,0.031951353977923966,5
2500,subset_accuracy_drop,167,0.6605181455612182,0.021960230763993324,0.6803597331047058,0.0322303991081236,5
2500,subset_accuracy_drop,168,0.6604851961135865,0.021980990638005595,0.6804525852203369,0.03234245393441139,5
2500,subset_accuracy_drop,169,0.6604863286018372,0.022115650582951896,0.6806948184967041,0.03248119343296619,5
2500,subset_accuracy_drop,170,0.6604871273040771,0.022152724568662782,0.6806766629219055,0.03224173254579949,5
2500,subset_accuracy_drop,171,0.6603236794471741,0.022187239640604928,0.6806490898132325,0.03230965846680628,5
2500,subset_accuracy_drop,172,0.6602387666702271,0.02209899053629347,0.6805917739868164,0.031900155099974556,5
2500,subset_accuracy_drop,173,0.6602376818656921,0.022212260855425055,0.680669903755188,0.03185303923175941,5
2500,subset_accuracy_drop,174,0.660154914855957,0.02231765224202314,0.6808446168899536,0.0321207220111296,5
2500,subset_accuracy_drop,175,0.6601406812667847,0.02229017166341754,0.6808887362480164,0.03197185798217055,5
2500,subset_accuracy_drop,176,0.6600293040275573,0.022239137159382732,0.6809524059295654,0.03189341020167788,5
2500,subset_accuracy_drop,177,0.6598879933357239,0.0223135267400368,0.6810351371765136,0.03188792885125538,5
2500,subset_accuracy_drop,178,0.6601118683815003,0.02229927996995976,0.6812327623367309,0.031801341846466546,5
2500,subset_accuracy_drop,179,0.6599408745765686,0.022300610765198896,0.6813030362129211,0.03183535962160965,5
2500,subset_accuracy_drop,180,0.6597265720367431,0.022373865743545208,0.6813278555870056,0.031993556905363596,5
2500,subset_accuracy_drop,181,0.6600490808486938,0.022430910874720007,0.6816166758537292,0.032081135031207596,5
2500,subset_accuracy_drop,182,0.6595958709716797,0.022520509229564736,0.6814879894256591,0.03214319853263456,5
2500,subset_accuracy_drop,183,0.6597827672958374,0.02246963107938138,0.6818806052207946,0.032035370882602394,5
2500,subset_accuracy_drop,184,0.659644341468811,0.022419406896423858,0.68163560628891,0.03201254493405044,5
2500,subset_accuracy_drop,185,0.6594669580459595,0.02251832575902934,0.6817952752113342,0.03212174410659236,5
2500,subset_accuracy_drop,186,0.6594681978225708,0.02255227353167074,0.6819476962089539,0.03211193552910272,5
2500,subset_accuracy_drop,187,0.6594532489776611,0.022566703135072707,0.6820030689239502,0.03207861329720075,5
2500,subset_accuracy_drop,188,0.6592948198318481,0.02259554989182314,0.6820234060287476,0.03232009417431865,5
2500,subset_accuracy_drop,189,0.6591248273849487,0.022665643137598956,0.6819745779037476,0.03234278497729566,5
2500,subset_accuracy_drop,190,0.6593164920806884,0.022630193440748972,0.6822067379951477,0.03217685417515221,5
2500,subset_accuracy_drop,191,0.6592208266258239,0.02259978329694309,0.6823644161224365,0.032369855271766744,5
2500,subset_accuracy_drop,192,0.6590630412101746,0.02264591023764934,0.6822846531867981,0.03240725251852606,5
2500,subset_accuracy_drop,193,0.658984375,0.022797775166673785,0.6822160959243775,0.032420195132437,5
2500,subset_accuracy_drop,194,0.6590209603309631,0.02282255813144544,0.6825026750564576,0.03238986688952263,5
2500,subset_accuracy_drop,195,0.6589444398880004,0.022700377328820395,0.6825344324111938,0.03218215978946031,5
2500,subset_accuracy_drop,196,0.6589590549468994,0.02258169768903343,0.6824274659156799,0.03194042319157467,5
2500,subset_accuracy_drop,197,0.6587148070335388,0.02284253985711932,0.6824962377548218,0.03196678811252615,5
2500,subset_accuracy_drop,198,0.6587371230125427,0.02288169572762685,0.6827371835708618,0.032185615598048806,5
2500,subset_accuracy_drop,199,0.6587923765182495,0.022690384969641396,0.682731568813324,0.03194917886212312,5
2500,subset_accuracy_drop,200,0.6585618376731872,0.02289037658348131,0.6828259229660034,0.03206637171861028,5
2500,subset_accuracy_drop,201,0.6585737586021423,0.02283189019241894,0.683017909526825,0.032137407667724466,5
2500,subset_accuracy_drop,202,0.6584744095802307,0.022853983561452983,0.6828333973884583,0.032029644627157246,5
2500,subset_accuracy_drop,203,0.6583794474601745,0.022995072681039844,0.6829108238220215,0.03208216413167245,5
2500,subset_accuracy_drop,204,0.6585755109786987,0.022881172142446633,0.6832663893699646,0.03221199728024299,5
2500,subset_accuracy_drop,205,0.6583112955093384,0.023007998124698517,0.6829304575920105,0.0319909948651673,5
2500,subset_accuracy_drop,206,0.6582067966461181,0.023007731405027463,0.682965898513794,0.03198554327752598,5
2500,subset_accuracy_drop,207,0.6583665370941162,0.022952881644148042,0.6833185195922852,0.032134841665567765,5
2500,subset_accuracy_drop,208,0.6581477046012878,0.023149966942166166,0.6831352233886718,0.03203426157884947,5
2500,subset_accuracy_drop,209,0.6582782983779907,0.023381187586498455,0.6833805680274964,0.03225865992230442,5
2500,subset_accuracy_drop,210,0.6585490107536316,0.023629662620799796,0.6840150117874145,0.032615202368064596,5
2500,subset_accuracy_drop,211,0.65822913646698,0.02370452388807317,0.6838018894195557,0.03246177270137108,5
2500,subset_accuracy_drop,212,0.6580252647399902,0.02328019508546311,0.6836416959762573,0.032312489023785786,5
2500,subset_accuracy_drop,213,0.6581300497055054,0.023386153985723846,0.684053897857666,0.0325134152870058,5
2500,subset_accuracy_drop,214,0.6580914974212646,0.02357791462674501,0.6840845942497253,0.0323912244862651,5
2500,subset_accuracy_drop,215,0.6578330636024475,0.02334698449817806,0.6838574409484863,0.03240375460163698,5
2500,subset_accuracy_drop,216,0.6580127358436585,0.023512537421846672,0.684323525428772,0.032470988842381546,5
2500,subset_accuracy_drop,217,0.6581045031547547,0.023619426496572445,0.6844343543052673,0.03254755917659438,5
2500,subset_accuracy_drop,218,0.6579680204391479,0.02341485620729152,0.6843692421913147,0.03233211515985764,5
2500,subset_accuracy_drop,219,0.6577949404716492,0.023516567776660162,0.6842601299285889,0.03229075145896461,5
2500,subset_accuracy_drop,220,0.6575865507125854,0.023490885557190082,0.6841529130935669,0.03253414947082264,5
2500,subset_accuracy_drop,221,0.6578763246536254,0.023549699062450014,0.6844183325767517,0.0322395783426127,5
2500,subset_accuracy_drop,222,0.657620656490326,0.0235728409818799,0.684081745147705,0.03217759478814769,5
2500,subset_accuracy_drop,223,0.6574636936187744,0.023627731744982672,0.6841078042984009,0.03231249220404955,5
2500,subset_accuracy_drop,224,0.6576686501502991,0.023585177367593725,0.6843578100204468,0.03223859128946424,5
2500,subset_accuracy_drop,225,0.6573959231376648,0.0236201753032475,0.6841098546981812,0.03226571627102972,5
2500,subset_accuracy_drop,226,0.6573651432991028,0.023687075809172353,0.6842362284660339,0.03248945635804737,5
2500,subset_accuracy_drop,227,0.6574107646942139,0.02366987245975653,0.6844270586967468,0.03249008768422503,5
2500,subset_accuracy_drop,228,0.6572003483772277,0.02377970258084351,0.6842303514480591,0.03262368773021025,5
2500,subset_accuracy_drop,229,0.6572712421417236,0.023668681489586955,0.6844317317008972,0.03261550334957287,5
2500,subset_accuracy_drop,230,0.6571513295173645,0.023823930011052635,0.6845077395439148,0.032644757211013065,5
2500,subset_accuracy_drop,231,0.6570283889770507,0.02375723761140556,0.6844468832015991,0.03254905277213729,5
2500,subset_accuracy_drop,232,0.6571345806121827,0.023842289059413737,0.6845586419105529,0.03248208633551593,5
2500,subset_accuracy_drop,233,0.6569834351539612,0.023812263750709432,0.6845608830451966,0.032416945258403336,5
2500,subset_accuracy_drop,234,0.6569038033485413,0.02382667114769992,0.6845939755439758,0.03241410970646818,5
2500,subset_accuracy_drop,235,0.6568881034851074,0.023883869478544706,0.6845535635948181,0.03238388754490765,5
2500,subset_accuracy_drop,236,0.65679771900177,0.02383278061475039,0.6845338463783264,0.03223697935507435,5
2500,subset_accuracy_drop,237,0.6568151354789734,0.023920653919305812,0.6847685694694519,0.03233882622779059,5
2500,subset_accuracy_drop,238,0.6566886186599732,0.02394660114514375,0.6847397208213806,0.03242072397963036,5
2500,subset_accuracy_drop,239,0.6566772818565368,0.023941679938252636,0.6848658442497253,0.03237471707353119,5
2500,subset_accuracy_drop,240,0.6567097544670105,0.02398827331596118,0.6851934909820556,0.03255248558132374,5
2500,subset_accuracy_drop,241,0.6565444707870484,0.02398371169249193,0.6852668762207031,0.03266157962328723,5
2500,subset_accuracy_drop,242,0.6565862536430359,0.024009507378467465,0.6853426933288574,0.032560571742384296,5
2500,subset_accuracy_drop,243,0.6565595507621765,0.02394560405379454,0.6855872750282288,0.032389392138906604,5
2500,subset_accuracy_drop,244,0.6566894054412842,0.023982909118609917,0.6857596874237061,0.03255600599991891,5
2500,subset_accuracy_drop,245,0.6565252780914307,0.024086436715440203,0.6855719327926636,0.032429852063280126,5
2500,subset_accuracy_drop,246,0.6564208388328552,0.0240688519997082,0.6856544852256775,0.032437422557700296,5
2500,subset_accuracy_drop,247,0.6568239092826843,0.02401211974839606,0.686171579360962,0.032889530222551915,5
2500,subset_accuracy_drop,248,0.6567039370536805,0.02394304128028078,0.6859089970588684,0.03245528276843517,5
2500,subset_accuracy_drop,249,0.6562763929367066,0.024194551687971768,0.685595703125,0.03278211623666527,5
2500,subset_accuracy_drop,250,0.656736159324646,0.02405141428637575,0.6860817551612854,0.03278245407212074,5
2500,subset_accuracy_drop,251,0.6565070629119873,0.024016800720115427,0.6856428384780884,0.0323212481806355,5
2500,subset_accuracy_drop,252,0.6562368869781494,0.0241645587171297,0.6856135129928589,0.03259450912640094,5
2500,subset_accuracy_drop,253,0.6565778613090515,0.02386662505003748,0.6860150575637818,0.0327094636305196,5
2500,subset_accuracy_drop,254,0.6562675952911377,0.024033997378132724,0.685630989074707,0.03231322931974766,5
2500,subset_accuracy_drop,255,0.656230342388153,0.02415416585624992,0.6857064366340637,0.03245851488077937,5
2500,subset_accuracy_drop,256,0.6564137578010559,0.023830156395413946,0.6859453201293946,0.0325950964050629,5
2500,subset_accuracy_drop,257,0.6561105608940124,0.024096539281031986,0.6856072187423706,0.0321101631082183,5
2500,subset_accuracy_drop,258,0.6561286687850952,0.024152214154233367,0.6857569813728333,0.03219926010140792,5
2500,subset_accuracy_drop,259,0.6562556743621826,0.02409558225449333,0.6861900329589844,0.03292534642301156,5
2500,subset_accuracy_drop,260,0.6559839367866516,0.024191510672547135,0.6859570741653442,0.032294419487728265,5
2500,subset_accuracy_drop,261,0.6561041235923767,0.024071437628621708,0.6861296176910401,0.032079204066194106,5
2500,subset_accuracy_drop,262,0.6561342477798462,0.024114163710594775,0.6863215208053589,0.032547788421556936,5
2500,subset_accuracy_drop,263,0.6559931635856628,0.024298374567332456,0.6862872242927551,0.03243465240714815,5
2500,subset_accuracy_drop,264,0.6559088230133057,0.024128208490607494,0.6860341191291809,0.03186176543509291,5
2500,subset_accuracy_drop,265,0.6559120416641235,0.024291365311020052,0.6860602974891663,0.03204615997526231,5
2500,subset_accuracy_drop,266,0.6560333609580994,0.024335232423754502,0.6864280104637146,0.03236052506296483,5
2500,subset_accuracy_drop,267,0.6558076500892639,0.024333731548021546,0.6861291527748108,0.032069729655530704,5
2500,subset_accuracy_drop,268,0.6557153820991516,0.024371516862567253,0.6862383365631104,0.03234356050623004,5
2500,subset_accuracy_drop,269,0.6556994438171386,0.02436568258649328,0.6865406632423401,0.03281335443206531,5
2500,subset_accuracy_drop,270,0.655616819858551,0.024370009049684994,0.6865796685218811,0.0328506151162166,5
2500,subset_accuracy_drop,271,0.6555974125862122,0.02431692511212232,0.6866824388504028,0.032642554205960315,5
2500,subset_accuracy_drop,272,0.6556560873985291,0.024467732366379693,0.6868974566459656,0.032802221515653915,5
2500,subset_accuracy_drop,273,0.655571448802948,0.024456125441178398,0.6869682431221008,0.03285932034623044,5
2500,subset_accuracy_drop,274,0.6555046319961548,0.02435068388879897,0.6869453907012939,0.03242455370957187,5
2500,subset_accuracy_drop,275,0.6554423093795776,0.024446488606275595,0.6870328068733216,0.03240250969399083,5
2500,subset_accuracy_drop,276,0.6555795550346375,0.02446524517938709,0.6872269034385681,0.03259826031996005,5
2500,subset_accuracy_drop,277,0.6554852724075317,0.024702584598539756,0.6869709372520447,0.03228600764060479,5
2500,subset_accuracy_drop,278,0.6554639935493469,0.024511748771419033,0.6871124148368836,0.03225939429895893,5
2500,subset_accuracy_drop,279,0.6554937601089478,0.024486661593060007,0.6871699452400207,0.032623245105146845,5
2500,subset_accuracy_drop,280,0.6552703022956848,0.02454921790576818,0.6869263291358948,0.03238981603781526,5
2500,subset_accuracy_drop,281,0.6553056716918946,0.024565197883874557,0.6871627688407898,0.032397785171632984,5
2500,subset_accuracy_drop,282,0.6552404880523681,0.024579859132191587,0.6872627019882203,0.03270609907770884,5
2500,subset_accuracy_drop,283,0.6551407933235168,0.02454818265220367,0.6872227311134338,0.0325709589992517,5
2500,subset_accuracy_drop,284,0.6552010297775268,0.024661871404143276,0.6874513864517212,0.032529255495215605,5
2500,subset_accuracy_drop,285,0.6552828550338745,0.024716379449569708,0.6875370979309082,0.03262643270630897,5
2500,subset_accuracy_drop,286,0.6552737355232239,0.024551462736358116,0.6877506136894226,0.032625274126093395,5
2500,subset_accuracy_drop,287,0.6551305770874023,0.024626819756296048,0.6876496195793151,0.03244656742951518,5
2500,subset_accuracy_drop,288,0.6551119446754455,0.02469600037832417,0.6878167867660523,0.03250895544084969,5
2500,subset_accuracy_drop,289,0.6550936460494995,0.02456193715250366,0.6880268931388855,0.0326019525756088,5
2500,subset_accuracy_drop,290,0.6550460457801819,0.024535164643437777,0.6879249334335327,0.032244915976679875,5
2500,subset_accuracy_drop,291,0.6549421906471252,0.02464693909353809,0.6879215836524963,0.032377775412185915,5
2500,subset_accuracy_drop,292,0.6549399971961976,0.02461061009922433,0.6878825664520264,0.032455694426901036,5
2500,subset_accuracy_drop,293,0.6548992753028869,0.024676457782059607,0.6877509117126465,0.03235054217641573,5
2500,subset_accuracy_drop,294,0.6549925804138184,0.024588170166141156,0.6879921555519104,0.032271161239358005,5
2500,subset_accuracy_drop,295,0.6549692153930664,0.024761334174427937,0.6880183339118957,0.03254301500579489,5
2500,subset_accuracy_drop,296,0.6548517227172852,0.024764189746191722,0.6880361557006835,0.032470813408455285,5
2500,subset_accuracy_drop,297,0.6548435926437378,0.024645711421353356,0.6883350133895874,0.03253804618397454,5
2500,subset_accuracy_drop,298,0.6547168016433715,0.02470850244089598,0.6881930589675903,0.03243215629993391,5
2500,subset_accuracy_drop,299,0.654701316356659,0.024694903142453185,0.6881944417953492,0.0323261970805895,5
2500,subset_accuracy_drop,300,0.654680871963501,0.02468888256150054,0.688289737701416,0.032169428005425584,5
2500,subset_accuracy_drop,301,0.6546494483947753,0.024761181894268264,0.6883252382278442,0.03235513890741272,5
2500,subset_accuracy_drop,302,0.6546489357948303,0.02475643438394729,0.6883259773254394,0.03233559121623368,5
2500,subset_accuracy_drop,303,0.6546353816986084,0.024737660448808187,0.6884317278862,0.0325593539067738,5
2500,subset_accuracy_drop,304,0.6545762658119202,0.024778197197684985,0.6884287834167481,0.032441782955651075,5
2500,subset_accuracy_drop,305,0.6546085119247437,0.024722926137853905,0.6885602831840515,0.032401466036376406,5
2500,subset_accuracy_drop,306,0.6546161651611329,0.024687472343175216,0.6888875007629395,0.032593307922691155,5
2500,subset_accuracy_drop,307,0.654599928855896,0.024851267263045332,0.689015519618988,0.03267857632406974,5
2500,subset_accuracy_drop,308,0.6548207521438598,0.024886917993768427,0.6891752481460571,0.03238523262279938,5
2500,subset_accuracy_drop,309,0.6546370148658752,0.024998524504742978,0.6891530275344848,0.032600382019983734,5
2500,subset_accuracy_drop,310,0.6547485828399658,0.02490652259364169,0.6893475651741028,0.03300761886719526,5
2500,subset_accuracy_drop,311,0.6545629382133484,0.024813507048038173,0.6890138983726501,0.03264224702090066,5
2500,subset_accuracy_drop,312,0.654400634765625,0.02487688880242592,0.6887446522712708,0.0326674435127997,5
2500,subset_accuracy_drop,313,0.6545018315315246,0.024866652903073244,0.6890051245689393,0.032807997418366264,5
2500,subset_accuracy_drop,314,0.6545018792152405,0.024908958641629758,0.6890516519546509,0.03253531979814803,5
2500,subset_accuracy_drop,315,0.6546002149581909,0.024926248434295275,0.688871967792511,0.0322232784621089,5
2500,subset_accuracy_drop,316,0.6543917536735535,0.024869666772834653,0.6889956712722778,0.03250360640164124,5
2500,subset_accuracy_drop,317,0.6544293165206909,0.024993926555045756,0.6890811204910279,0.0325656996824884,5
2500,subset_accuracy_drop,318,0.6548276305198669,0.025046278594775827,0.6893097877502441,0.032247472935622905,5
2500,subset_accuracy_drop,319,0.6547348618507385,0.02498071130780974,0.6895110368728637,0.032305410819235755,5
2500,subset_accuracy_drop,320,0.6542513012886048,0.024898450615566284,0.6890607833862304,0.03244693843542361,5
2500,subset_accuracy_drop,321,0.6546897292137146,0.02497603679346849,0.6892562985420227,0.03194934660841,5
2500,subset_accuracy_drop,322,0.6545113921165466,0.024994529280452545,0.689322030544281,0.03187803509638474,5
2500,subset_accuracy_drop,323,0.6542595982551574,0.024993477134055163,0.6891038537025451,0.032265805290366906,5
2500,subset_accuracy_drop,324,0.6543936252593994,0.024991211003027456,0.6890703082084656,0.031894343920426615,5
2500,subset_accuracy_drop,325,0.6542675137519837,0.025001375237473596,0.6891830682754516,0.03210773411100106,5
2500,subset_accuracy_drop,326,0.6542300343513489,0.02506147739241925,0.6894394874572753,0.03273038037982993,5
2500,subset_accuracy_drop,327,0.6545196056365967,0.025208673240741514,0.6895837783813477,0.03244731371680033,5
2500,subset_accuracy_drop,328,0.654279375076294,0.025096214835272607,0.6896068334579468,0.03241695386358528,5
2500,subset_accuracy_drop,329,0.6540972352027893,0.025003725985559676,0.6896149396896363,0.032736495218886864,5
2500,subset_accuracy_drop,330,0.654161787033081,0.025054679339368634,0.6895041704177857,0.032353088596362004,5
2500,subset_accuracy_drop,331,0.6541276812553406,0.025160623811055296,0.6894281268119812,0.0322183412224989,5
2500,subset_accuracy_drop,332,0.6542062163352966,0.025222089782247704,0.689588189125061,0.03237301956371803,5
2500,subset_accuracy_drop,333,0.6541115999221802,0.02506926696853141,0.6894700527191162,0.03246425084036989,5
2500,subset_accuracy_drop,334,0.6540780782699585,0.025007698926903268,0.6892505645751953,0.032254002018218784,5
2500,subset_accuracy_drop,335,0.6541189312934875,0.02517916584798826,0.6895110011100769,0.03237586654493231,5
2500,subset_accuracy_drop,336,0.6540686607360839,0.025129253909107394,0.6897929906845093,0.03272737178814414,5
2500,subset_accuracy_drop,337,0.6540722131729126,0.025090627237496946,0.6898372173309326,0.03255811885102169,5
2500,subset_accuracy_drop,338,0.6539512872695923,0.024996659476183878,0.6898582577705383,0.03216465885552753,5
2500,subset_accuracy_drop,339,0.6540163874626159,0.024941609997256912,0.6901672124862671,0.0320827220809052,5
2500,subset_accuracy_drop,340,0.6539569616317749,0.02509487215064674,0.6900364398956299,0.0319761898471975,5
2500,subset_accuracy_drop,341,0.6539320230484009,0.024938150328252123,0.689872431755066,0.03173258892799466,5
2500,subset_accuracy_drop,342,0.6538760781288147,0.024985370719737148,0.6899390101432801,0.032068261911498835,5
2500,subset_accuracy_drop,343,0.6538328647613525,0.02510244752730342,0.6898298501968384,0.03211524904221288,5
2500,subset_accuracy_drop,344,0.6538633584976197,0.025000619783365378,0.6899760365486145,0.032137487037136286,5
2500,subset_accuracy_drop,345,0.6537587165832519,0.025005436972646358,0.6901330709457397,0.032480554648079585,5
2500,subset_accuracy_drop,346,0.6537199735641479,0.025144660369369982,0.6900668621063233,0.03254091927488878,5
2500,subset_accuracy_drop,347,0.653820526599884,0.025063871964668746,0.6901871562004089,0.03247375149772368,5
2500,subset_accuracy_drop,348,0.6537193775177002,0.025010595714036424,0.6900778532028198,0.03241055449595186,5
2500,subset_accuracy_drop,349,0.6536477208137512,0.025073504166185406,0.6901219964027405,0.03240532899094152,5
2500,subset_accuracy_drop,350,0.65376056432724,0.02485940654489201,0.6902827620506287,0.03205557094019054,5
2500,subset_accuracy_drop,351,0.6536942958831787,0.024930142376606432,0.6903029441833496,0.03221581703776011,5
2500,subset_accuracy_drop,352,0.6536097049713134,0.025083905168816794,0.6904004454612732,0.03232779428200199,5
2500,subset_accuracy_drop,353,0.6536720037460327,0.024855949704476268,0.6904534578323365,0.031916136566370566,5
2500,subset_accuracy_drop,354,0.6535701632499695,0.0250843171514758,0.6902841091156006,0.03197698041879674,5
2500,subset_accuracy_drop,355,0.6535999298095703,0.024993672946320364,0.6904132246971131,0.03198054631075174,5
2500,subset_accuracy_drop,356,0.6536043167114258,0.024919206996493373,0.6903255939483642,0.03169556014693077,5
2500,subset_accuracy_drop,357,0.6535021185874939,0.025126112994559,0.6900635838508606,0.03166014061047347,5
2500,subset_accuracy_drop,358,0.6535488486289978,0.0249275225964224,0.6902692794799805,0.03146090344479267,5
2500,subset_accuracy_drop,359,0.6534819722175598,0.025104474408165656,0.6904266238212585,0.03195081066616558,5
2500,subset_accuracy_drop,360,0.653595221042633,0.025004251063668402,0.6906123876571655,0.031903845255665676,5
2500,subset_accuracy_drop,361,0.6536109685897827,0.025193091939781923,0.6908910989761352,0.032462944041855825,5
2500,subset_accuracy_drop,362,0.65355224609375,0.025338850268357933,0.6912498354911805,0.03321405942199261,5
2500,subset_accuracy_drop,363,0.6536040902137756,0.025196266945331437,0.691175127029419,0.03286335318079135,5
2500,subset_accuracy_drop,364,0.6535220384597779,0.02524886061931286,0.6912413001060486,0.03283546477364939,5
2500,subset_accuracy_drop,365,0.6534797430038453,0.025147635048483448,0.6912293314933777,0.03286133418507968,5
2500,subset_accuracy_drop,366,0.6533738136291504,0.025123085065340996,0.6909603118896485,0.032400627360864964,5
2500,subset_accuracy_drop,367,0.6533780217170715,0.025193243782758275,0.6909846782684326,0.03233027250583097,5
2500,subset_accuracy_drop,368,0.6536801576614379,0.02533040848646625,0.6914026618003846,0.03254434991356795,5
2500,subset_accuracy_drop,369,0.6537129759788514,0.02532490646354503,0.691509211063385,0.032095615396863966,5
2500,subset_accuracy_drop,370,0.6533799886703491,0.025201469115330798,0.6910541772842407,0.03204796586700838,5
2500,subset_accuracy_drop,371,0.6533241748809815,0.02525389382459305,0.6911607146263122,0.03241736780692967,5
2500,subset_accuracy_drop,372,0.653419303894043,0.0252506312991711,0.6911630272865296,0.031944211594494606,5
2500,subset_accuracy_drop,373,0.6532899022102356,0.025230871788459848,0.6909718751907349,0.03200002336233621,5
2500,subset_accuracy_drop,374,0.6532874584197998,0.025250979511832927,0.6913096308708191,0.032633353922407134,5
2500,subset_accuracy_drop,375,0.6532866954803467,0.025260330825144332,0.6911970019340515,0.03219403420721195,5
2500,subset_accuracy_drop,376,0.6532384276390075,0.02524277761288078,0.6911887168884278,0.032257709130982824,5
2500,subset_accuracy_drop,377,0.6532350420951843,0.025301740469616307,0.6914124608039856,0.03255804792507428,5
2500,subset_accuracy_drop,378,0.6531739592552185,0.025265859856364477,0.6911826491355896,0.031864106929974684,5
2500,subset_accuracy_drop,379,0.6531453847885131,0.02529158029254264,0.6910577297210694,0.031645979707682605,5
2500,subset_accuracy_drop,380,0.6532630562782288,0.025322879896612985,0.691294276714325,0.031841820741468484,5
2500,subset_accuracy_drop,381,0.6532491087913513,0.025340764833296878,0.691158938407898,0.031518673333445456,5
2500,subset_accuracy_drop,382,0.6531760215759277,0.025338059119522874,0.6910948753356934,0.031715761218553254,5
2500,subset_accuracy_drop,383,0.6531017303466797,0.02525396802680288,0.6911897182464599,0.03208255487158653,5
2500,subset_accuracy_drop,384,0.6530462980270386,0.025235973550989506,0.6911157965660095,0.0318255871350401,5
2500,subset_accuracy_drop,385,0.6531399011611938,0.025278695197826724,0.6911639451980591,0.03180632134198264,5
2500,subset_accuracy_drop,386,0.6530325293540955,0.025308194173244144,0.691249144077301,0.032050597003258116,5
2500,subset_accuracy_drop,387,0.6530513167381287,0.025307789396277258,0.6915520310401917,0.03219193112954898,5
2500,subset_accuracy_drop,388,0.6532624006271363,0.025380967637419233,0.6918656349182128,0.03233377676746495,5
2500,subset_accuracy_drop,389,0.653042221069336,0.025331318957561168,0.6918471455574036,0.032463941316058634,5
2500,subset_accuracy_drop,390,0.6529489636421204,0.025287937772111753,0.6917402505874634,0.03257396236548146,5
2500,subset_accuracy_drop,391,0.6531803846359253,0.025338849809323424,0.6919094681739807,0.032235218028798064,5
2500,subset_accuracy_drop,392,0.6532570242881774,0.025356724309695537,0.6922701239585877,0.03251377643623679,5
2500,subset_accuracy_drop,393,0.6530205249786377,0.025335169572586146,0.691894257068634,0.03217316435332762,5
2500,subset_accuracy_drop,394,0.6530143618583679,0.025452540782200394,0.691900372505188,0.031749686191620316,5
2500,subset_accuracy_drop,395,0.6532094597816467,0.02550965650211525,0.6923169136047364,0.032102815836706114,5
2500,subset_accuracy_drop,396,0.6528734564781189,0.025366745517351203,0.6917087078094483,0.0316978860278636,5
2500,subset_accuracy_drop,397,0.6529034376144409,0.025373358038682233,0.6917564630508423,0.031768243896002635,5
2500,subset_accuracy_drop,398,0.6531129717826843,0.025518446053009302,0.6919314861297607,0.031728737779282305,5
2500,subset_accuracy_drop,399,0.6530308842658996,0.025489148479419896,0.6919033646583557,0.0318360750986146,5
2500,subset_accuracy_drop,400,0.6530170440673828,0.025420812558844763,0.691820478439331,0.03175827825113256,5
2500,subset_accuracy_drop,401,0.6529565215110779,0.025383462973118213,0.6920408487319947,0.032056577280930434,5
2500,subset_accuracy_drop,402,0.6528240799903869,0.025257715908512748,0.6918308019638062,0.03190322196342273,5
2500,subset_accuracy_drop,403,0.6529429912567138,0.025359030579125738,0.6917196273803711,0.031688082757974266,5
2500,subset_accuracy_drop,404,0.65289705991745,0.025435152111241668,0.6917595267295837,0.03207746664981262,5
2500,subset_accuracy_drop,405,0.6528503179550171,0.02539066485848308,0.6914289832115174,0.03179164671574904,5
2500,subset_accuracy_drop,406,0.6527978658676148,0.025356495205595436,0.6916741490364074,0.032122586687828074,5
2500,subset_accuracy_drop,407,0.652731966972351,0.02540150846174179,0.6918887138366699,0.032392225728752555,5
2500,subset_accuracy_drop,408,0.6528542757034301,0.025423065263370032,0.6919560909271241,0.031871930926116884,5
2500,subset_accuracy_drop,409,0.6527675986289978,0.02542840111554933,0.6922826051712037,0.03215617841473298,5
2500,subset_accuracy_drop,410,0.6526895642280579,0.025342078909010565,0.6923770666122436,0.03225736990041023,5
2500,subset_accuracy_drop,411,0.6528192162513733,0.025358566074488467,0.6922998905181885,0.0318045897584432,5
2500,subset_accuracy_drop,412,0.6528807163238526,0.025416615152413686,0.6924682259559631,0.032041715739236136,5
2500,subset_accuracy_drop,413,0.6527450799942016,0.025297532370703334,0.6922924757003784,0.03192852403440285,5
2500,subset_accuracy_drop,414,0.6526057720184326,0.02535839277632019,0.6918373703956604,0.031805007331912584,5
2500,subset_accuracy_drop,415,0.6526599407196045,0.025329342156472746,0.6921221733093261,0.03219472649824076,5
2500,subset_accuracy_drop,416,0.6528544425964355,0.025282367056910823,0.6924907922744751,0.03192052293527476,5
2500,subset_accuracy_drop,417,0.6526363968849183,0.025419146558595302,0.6921664953231812,0.03182139778714486,5
2500,subset_accuracy_drop,418,0.6526103019714355,0.025309769973592106,0.6923796176910401,0.03178948257252328,5
2500,subset_accuracy_drop,419,0.6526639819145202,0.025390494066587364,0.6925118088722229,0.03163837207728268,5
2500,subset_accuracy_drop,420,0.6524891257286072,0.025375162695487886,0.6924597024917603,0.031817429566295886,5
2500,subset_accuracy_drop,421,0.6525208353996277,0.0253752933639278,0.6923639893531799,0.03160724329152752,5
2500,subset_accuracy_drop,422,0.6526295900344848,0.02541849490303114,0.6927000045776367,0.031776764966783486,5
2500,subset_accuracy_drop,423,0.6524950742721558,0.02536816240583943,0.6922980070114135,0.03142863762566669,5
2500,subset_accuracy_drop,424,0.6524622917175293,0.025353396390598838,0.6923979043960571,0.03171274699010231,5
2500,subset_accuracy_drop,425,0.6525800347328186,0.02541992662187214,0.6927584409713745,0.03216723892946623,5
2500,subset_accuracy_drop,426,0.6523605823516846,0.02536999752956723,0.6923793435096741,0.03183777826018974,5
2500,subset_accuracy_drop,427,0.6524624943733215,0.025355717453334817,0.692523467540741,0.0319683058093814,5
2500,subset_accuracy_drop,428,0.6524231433868408,0.025427353930998414,0.6926021575927734,0.03202726471938019,5
2500,subset_accuracy_drop,429,0.6524222612380981,0.025423005631895423,0.6923928618431091,0.03145511556916826,5
2500,subset_accuracy_drop,430,0.6523890852928161,0.02531894428927269,0.6925689935684204,0.031554219177648536,5
2500,subset_accuracy_drop,431,0.6523424506187439,0.025353097142649533,0.6926240563392639,0.03168979751974456,5
2500,subset_accuracy_drop,432,0.6524102210998535,0.02545610289152725,0.6924906492233276,0.031273443953138094,5
2500,subset_accuracy_drop,433,0.6524993896484375,0.025313380143230244,0.6927515983581543,0.03136685926057175,5
2500,subset_accuracy_drop,434,0.6523499131202698,0.02541315666259838,0.6925507664680481,0.03142619775142989,5
2500,subset_accuracy_drop,435,0.6523006677627563,0.02532655777576424,0.6925022602081299,0.031102361909592972,5
2500,subset_accuracy_drop,436,0.6523152709007263,0.025266537103076945,0.6926145672798156,0.031165102093342622,5
2500,subset_accuracy_drop,437,0.6522939205169678,0.02540194983051441,0.6928159594535828,0.03155915392602037,5
2500,subset_accuracy_drop,438,0.652349841594696,0.025180978288001386,0.6928344964981079,0.03132405279188918,5
2500,subset_accuracy_drop,439,0.6522142887115479,0.025366036340677058,0.6927986860275268,0.0316447787590716,5
2500,subset_accuracy_drop,440,0.6522484660148621,0.02529943401064764,0.6930870532989502,0.031965864139573356,5
2500,subset_accuracy_drop,441,0.6523465156555176,0.025105010388574944,0.6934675812721253,0.03207782341725596,5
2500,subset_accuracy_drop,442,0.6521720886230469,0.02535471635642201,0.693164074420929,0.03189811177654303,5
2500,subset_accuracy_drop,443,0.6523027300834656,0.025314557964514376,0.6934970855712891,0.031814048805249906,5
2500,subset_accuracy_drop,444,0.6524406552314759,0.025376705737547665,0.6937765955924988,0.03179265220936269,5
2500,subset_accuracy_drop,445,0.6521602511405945,0.025514395703165254,0.6933521389961242,0.03153448757057956,5
2500,subset_accuracy_drop,446,0.6523277163505554,0.02494027769296087,0.6934513330459595,0.03138638151015637,5
2500,subset_accuracy_drop,447,0.6521626949310303,0.02533073314311821,0.6935023784637451,0.032254330820173246,5
2500,subset_accuracy_drop,448,0.6523166060447693,0.02518181149959245,0.6933192610740662,0.03181935637283555,5
2500,subset_accuracy_drop,449,0.6522705912590027,0.025176071072709257,0.6931707620620727,0.0319619973806812,5
2500,subset_accuracy_drop,450,0.6521634459495544,0.02532195871680858,0.6931928634643555,0.03240090990208414,5
2500,subset_accuracy_drop,451,0.6523372888565063,0.025117616750773453,0.6927161812782288,0.03135540319620408,5
2500,subset_accuracy_drop,452,0.6522666335105896,0.025455113518706062,0.6928488850593567,0.03169082795523178,5
2500,subset_accuracy_drop,453,0.6523558378219605,0.02525768692667413,0.6929791450500489,0.03174101173796815,5
2500,subset_accuracy_drop,454,0.6519965171813965,0.025443496854772225,0.6925235748291015,0.03138065924449326,5
2500,subset_accuracy_drop,455,0.6521754741668702,0.025217756290567446,0.6931458711624146,0.03130554986801942,5
2500,subset_accuracy_drop,456,0.6521198987960816,0.025465428152479867,0.6932683467864991,0.03194773807615257,5
2500,subset_accuracy_drop,457,0.652032446861267,0.025432703401355873,0.693108057975769,0.03199163599001751,5
2500,subset_accuracy_drop,458,0.6519944548606873,0.02530011832565918,0.6933070659637451,0.03217434928723076,5
2500,subset_accuracy_drop,459,0.6520612835884094,0.025477383382244017,0.6935408592224122,0.03252673104811282,5
2500,subset_accuracy_drop,460,0.6519942045211792,0.02530979578087444,0.6934099316596984,0.03224701461101187,5
2500,subset_accuracy_drop,461,0.6518614411354064,0.025355226162564276,0.6933691620826721,0.032143802676096525,5
2500,subset_accuracy_drop,462,0.652140760421753,0.025274099586860246,0.6935728549957275,0.03164190852397842,5
2500,subset_accuracy_drop,463,0.6519660949707031,0.025575226501770267,0.6933316826820374,0.03168242610635554,5
2500,subset_accuracy_drop,464,0.6519234299659729,0.02524452698146121,0.693422269821167,0.031926375614788005,5
2500,subset_accuracy_drop,465,0.6519250512123108,0.025438735976054106,0.6932610988616943,0.03163645613233551,5
2500,subset_accuracy_drop,466,0.652085816860199,0.025480586963617394,0.6937317967414856,0.03169007047460432,5
2500,subset_accuracy_drop,467,0.6519721865653991,0.02551326325191713,0.6938076496124268,0.03226962312187669,5
2500,subset_accuracy_drop,468,0.6518479108810424,0.025365543083148513,0.6934475541114807,0.03153278211211162,5
2500,subset_accuracy_drop,469,0.6519529581069946,0.025480168752535712,0.6937792181968689,0.03162048429868934,5
2500,subset_accuracy_drop,470,0.6520816922187805,0.025560873626312458,0.6939586281776429,0.03229671979104429,5
2500,subset_accuracy_drop,471,0.651810371875763,0.025426859616447268,0.693284559249878,0.03151808371424539,5
2500,subset_accuracy_drop,472,0.6519286751747131,0.025442827176445807,0.6937528610229492,0.031820576906878645,5
2500,subset_accuracy_drop,473,0.6520379543304443,0.025520967116508277,0.6937966227531434,0.03211884797577188,5
2500,subset_accuracy_drop,474,0.6517421960830688,0.025476921646772375,0.6933110594749451,0.031443680095987976,5
2500,subset_accuracy_drop,475,0.6516972303390502,0.02544047907400006,0.6933798909187316,0.03154672890118866,5
2500,subset_accuracy_drop,476,0.6518653631210327,0.02545778229283105,0.6936617970466614,0.03211119363399775,5
2500,subset_accuracy_drop,477,0.6516975045204163,0.025444233709202534,0.6933812737464905,0.03153864039143176,5
2500,subset_accuracy_drop,478,0.6518992066383362,0.025372862960756862,0.6935706019401551,0.031182206769536557,5
2500,subset_accuracy_drop,479,0.651799488067627,0.025458699276198,0.6934858560562134,0.031571675982832975,5
2500,subset_accuracy_drop,480,0.6516635060310364,0.0254510990992854,0.693242609500885,0.031151082043625,5
2500,subset_accuracy_drop,481,0.651791775226593,0.02548583175584654,0.6933747291564941,0.030970091046904756,5
2500,subset_accuracy_drop,482,0.651637077331543,0.025454496445561147,0.6934665083885193,0.031440056502798096,5
2500,subset_accuracy_drop,483,0.651690936088562,0.025443687780272107,0.6938729763031006,0.031713985789674506,5
2500,subset_accuracy_drop,484,0.6516573786735534,0.0254628434582733,0.6937842488288879,0.031236020317784247,5
2500,subset_accuracy_drop,485,0.6515550374984741,0.025376360086010016,0.6937819838523864,0.03128933798246779,5
2500,subset_accuracy_drop,486,0.6515716910362244,0.02546081219745907,0.6939197540283203,0.0314706071103883,5
2500,subset_accuracy_drop,487,0.6515734910964965,0.025430167040879352,0.6934550404548645,0.030673430832835524,5
2500,subset_accuracy_drop,488,0.6514766097068787,0.025424592262315467,0.693377685546875,0.030918528703583737,5
2500,subset_accuracy_drop,489,0.6514985680580139,0.025485668231095333,0.693636953830719,0.03137833241192288,5
2500,subset_accuracy_drop,490,0.6514925599098206,0.025508846616178783,0.6936275601387024,0.031221207748661026,5
2500,subset_accuracy_drop,491,0.6514870285987854,0.025485649594370222,0.693936038017273,0.03156680971623524,5
2500,subset_accuracy_drop,492,0.6515028715133667,0.025512585887801954,0.6941276788711548,0.03192133488976636,5
2500,subset_accuracy_drop,493,0.6514615058898926,0.02548102653834062,0.6939610958099365,0.031466036465909605,5
2500,subset_accuracy_drop,494,0.6514043092727662,0.02546812084514156,0.6940242171287536,0.03161227660870132,5
2500,subset_accuracy_drop,495,0.6516686677932739,0.025564700877707642,0.6943111658096314,0.03209844703124116,5
2500,subset_accuracy_drop,496,0.6515408515930176,0.02550298546887621,0.6942615151405335,0.03150466786147585,5
2500,subset_accuracy_drop,497,0.6513852596282959,0.025443000625749446,0.6940476298332214,0.031478533612308936,5
2500,subset_accuracy_drop,498,0.6514682292938232,0.025442833716677396,0.6943265557289123,0.031903223910179954,5
2500,subset_accuracy_drop,499,0.6513909101486206,0.02549654674261177,0.6943791151046753,0.03150993547738401,5
2500,subset_accuracy_drop,500,0.6513791561126709,0.025559575759373745,0.6941306114196777,0.031457557222948844,5
2500,subset_accuracy_drop,501,0.6514945983886719,0.025520445814511537,0.6946053981781006,0.03219915103314883,5
2500,subset_accuracy_drop,502,0.6513135313987732,0.025453574639859564,0.6942980885505676,0.03144485623288136,5
2500,subset_accuracy_drop,503,0.651412844657898,0.02553582240832903,0.6941141486167908,0.031174474723557444,5
2500,subset_accuracy_drop,504,0.6514495491981507,0.025516603790302725,0.6945072293281556,0.03154681840308624,5
2500,subset_accuracy_drop,505,0.6513155102729797,0.02556726263598726,0.6943851590156556,0.031182633596008872,5
2500,subset_accuracy_drop,506,0.6514111757278442,0.025553167844220393,0.6941747069358826,0.03064034397129512,5
2500,subset_accuracy_drop,507,0.6512398004531861,0.025463336302870423,0.6941346049308776,0.031087604351571756,5
2500,subset_accuracy_drop,508,0.6513942122459412,0.0255418345255668,0.694383692741394,0.03166014789577564,5
2500,subset_accuracy_drop,509,0.6513972401618957,0.025530305052762,0.6942738890647888,0.030881292456264885,5
2500,subset_accuracy_drop,510,0.6511969923973083,0.025515441731644866,0.6942567467689514,0.030994060722418417,5
2500,subset_accuracy_drop,511,0.6514064073562622,0.025641489752259394,0.6948265910148621,0.03157929077726939,5
2500,subset_accuracy_drop,512,0.6513157367706299,0.025520315531358397,0.6948243737220764,0.030909103507464373,5
2500,subset_accuracy_drop,513,0.6512678503990174,0.0255199010651171,0.6943712830543518,0.030540789730689445,5
2500,subset_accuracy_drop,514,0.6511915683746338,0.025460035155042006,0.694390845298767,0.030843063455973953,5
2500,subset_accuracy_drop,515,0.6512612104415894,0.025470328318827822,0.6946840763092041,0.031247819116852864,5
2500,subset_accuracy_drop,516,0.6511665463447571,0.025488657698363202,0.6942218542098999,0.03088238467679473,5
2500,subset_accuracy_drop,517,0.6512024283409119,0.02559403990701496,0.6944011211395263,0.03106958894625286,5
2500,subset_accuracy_drop,518,0.6512403845787048,0.025563703645462354,0.6947613835334778,0.031461484283899166,5
2500,subset_accuracy_drop,519,0.6510937333106994,0.02544457291530533,0.6945542693138123,0.031201181729255976,5
5000,endpoint,1,1.205783748626709,0.01921897955683917,1.207497525215149,0.01981226241367176,5
5000,endpoint,2,1.2057996273040772,0.019393594598585105,1.2075188875198364,0.020016163449920514,5
5000,endpoint,3,1.2058781385421753,0.019591909720674597,1.2076064109802247,0.020242231186883876,5
5000,endpoint,4,1.206045389175415,0.019826995323970753,1.207795548439026,0.020510644932162005,5
5000,endpoint,5,1.2063393115997314,0.020108830621491665,1.2081275701522827,0.020829122668019704,5
5000,endpoint,6,1.2068017721176147,0.020427635086394984,1.2086386203765869,0.02119275531456288,5
5000,endpoint,7,1.2074782371520996,0.020784213105662058,1.209379458427429,0.021597555739323784,5
5000,endpoint,8,1.2084338665008545,0.021163992066324567,1.2103994607925415,0.02203588186393773,5
5000,endpoint,9,1.2097373008728027,0.021546256279338472,1.2117774486541748,0.022499607177616676,5
5000,endpoint,10,1.2114630460739135,0.021934100055019442,1.2136077404022216,0.0229737638966011,5
5000,endpoint,11,1.213710904121399,0.022344444122614847,1.2160107135772704,0.023526640854678517,5
5000,endpoint,12,1.216519045829773,0.022721877197086446,1.2190280199050902,0.024083118190256023,5
5000,endpoint,13,1.2197723150253297,0.02298896998903133,1.222550868988037,0.024573037681289083,5
5000,endpoint,14,1.2230788707733153,0.02307312972094925,1.2261760711669922,0.024922546088708242,5
5000,endpoint,15,1.225767731666565,0.022993906893075608,1.2292213201522828,0.02511806232180704,5
5000,endpoint,16,1.2272104501724244,0.022939667607238586,1.2310351610183716,0.02528171891188024,5
5000,endpoint,17,1.2271560430526733,0.023131157129854002,1.2313595771789552,0.025593061131025788,5
5000,endpoint,18,1.2257466793060303,0.0234769778017941,1.23032865524292,0.026000093693526488,5
5000,endpoint,19,1.2234023332595825,0.023786895731092543,1.2283534765243531,0.026364430295195754,5
5000,endpoint,20,1.220622992515564,0.02396967767676879,1.2259459257125855,0.02662454754606095,5
5000,endpoint,21,1.2178046941757201,0.023996749002792105,1.2235124111175537,0.02674254327518066,5
5000,endpoint,22,1.2151702404022218,0.02392900924476931,1.221312975883484,0.026787651098298258,5
5000,endpoint,23,1.2128053665161134,0.023843326883272103,1.2194530487060546,0.02683855194357394,5
5000,endpoint,24,1.210680890083313,0.023783630170287416,1.217927622795105,0.0269498494163803,5
5000,endpoint,25,1.208734941482544,0.023783027440869613,1.2167005300521851,0.027162039042360666,5
5000,endpoint,26,1.2068994998931886,0.02384825825425575,1.2157326221466065,0.027484274900360352,5
5000,endpoint,27,1.2051016569137574,0.023998281782792376,1.214986753463745,0.02794105667912759,5
5000,endpoint,28,1.203289771080017,0.024230699137302393,1.2144325017929076,0.02852601959801782,5
5000,endpoint,29,1.201394248008728,0.024555248034631397,1.214015579223633,0.029255383841097313,5
5000,endpoint,30,1.1993237018585206,0.02496149075231966,1.213654589653015,0.030120444694301494,5
5000,endpoint,31,1.1969876050949098,0.0254735736912041,1.21326425075531,0.031139340422163486,5
5000,endpoint,32,1.194279956817627,0.026027034733239477,1.2127376079559327,0.03223503601625107,5
5000,endpoint,33,1.1910792350769044,0.026646031840364095,1.2119365692138673,0.03344319320113457,5
5000,endpoint,34,1.1872610807418824,0.02720652356655494,1.210695481300354,0.03460386667743343,5
5000,endpoint,35,1.1828464984893798,0.027730323635088473,1.2090282440185547,0.03573940829543933,5
5000,endpoint,36,1.17790048122406,0.028213059718822507,1.2069871425628662,0.03686970602925825,5
5000,endpoint,37,1.1725368738174438,0.028678151206027916,1.2047283172607421,0.0380215983454824,5
5000,endpoint,38,1.1668614387512206,0.02913080840089163,1.2024471282958984,0.03922866389879748,5
5000,endpoint,39,1.1609414339065551,0.02957098632785521,1.200277066230774,0.04045410017365536,5
5000,endpoint,40,1.1547978162765502,0.029961143068288038,1.1982950687408447,0.041615900578372826,5
5000,endpoint,41,1.1483367443084718,0.03020701974857388,1.1963269233703613,0.04255618467053908,5
5000,endpoint,42,1.1415177583694458,0.030301067176396478,1.1943328142166139,0.043330734983025324,5
5000,endpoint,43,1.134216547012329,0.030365403803599915,1.192097043991089,0.044240443724332446,5
5000,endpoint,44,1.1264232873916626,0.030322743976831736,1.189533567428589,0.04528008100479816,5
5000,endpoint,45,1.1182166576385497,0.030249763069859735,1.186648678779602,0.046567600805711463,5
5000,endpoint,46,1.1099003314971925,0.029989279862672667,1.1839255094528198,0.0479004342496847,5
5000,endpoint,47,1.1016358375549316,0.02933842450773292,1.181579351425171,0.048932789716028845,5
5000,endpoint,48,1.0935385465621947,0.02818775931013615,1.1795936107635498,0.04942951788085923,5
5000,endpoint,49,1.085770058631897,0.02706956892941054,1.1781198740005494,0.05041744065024494,5
5000,endpoint,50,1.0778268098831176,0.02559115763734642,1.1761482238769532,0.05079989649670823,5
5000,endpoint,51,1.0699470043182373,0.024129807038059493,1.1740839958190918,0.05124471044214327,5
5000,endpoint,52,1.061928653717041,0.022330480044897783,1.1721011638641357,0.0515681766693801,5
5000,endpoint,53,1.0531405210494995,0.020086015227255193,1.169035220146179,0.05075657199538763,5
5000,endpoint,54,1.0441601037979127,0.0179871502151838,1.1662198543548583,0.05020777244463471,5
5000,endpoint,55,1.035195565223694,0.016143812306636925,1.1640647172927856,0.04996726247242978,5
5000,endpoint,56,1.0256940841674804,0.013716004689160713,1.1611195802688599,0.04781782960587095,5
5000,endpoint,57,1.014802873134613,0.012791104725450086,1.157332968711853,0.04658822808876014,5
5000,endpoint,58,1.0029404044151307,0.014887844250458625,1.1531605958938598,0.04808172895275662,5
5000,endpoint,59,0.9898324966430664,0.01599841770305691,1.1467978239059449,0.04551612547894383,5
5000,endpoint,60,0.9791064500808716,0.01610240724999905,1.1444818019866942,0.044178687507819725,5
5000,endpoint,61,0.9658404946327209,0.01875085376875697,1.1415547370910644,0.046127140449365577,5
5000,endpoint,62,0.9490362286567688,0.02307340152943349,1.1338006973266601,0.04602621560937311,5
5000,endpoint,63,0.934296703338623,0.02579160795754585,1.1274661779403687,0.04363473652272584,5
5000,endpoint,64,0.9232214331626892,0.028798643880201064,1.1284209489822388,0.04487815105109864,5
5000,endpoint,65,0.9073731660842895,0.03136630877783694,1.1237800121307373,0.0476949626643884,5
5000,endpoint,66,0.8886117100715637,0.03382036555842054,1.1139224290847778,0.047292730033912996,5
5000,endpoint,67,0.8719902038574219,0.04046511624257782,1.1110380172729493,0.04635759505353763,5
5000,endpoint,68,0.8710221409797668,0.033503888305354994,1.117364239692688,0.05565272415707749,5
5000,endpoint,69,0.8474910497665405,0.03982322880492189,1.1033884525299071,0.048798255222493384,5
5000,endpoint,70,0.8356406092643738,0.041647607143054294,1.1012878894805909,0.052936813334296354,5
5000,endpoint,71,0.8290395736694336,0.039624130362208944,1.1032881498336793,0.059113567626946695,5
5000,endpoint,72,0.8179845929145813,0.0386731345568324,1.0971219062805175,0.05306058780765711,5
5000,endpoint,73,0.8013585090637207,0.04132670129993313,1.090451192855835,0.05401047739981215,5
5000,endpoint,74,0.7946308851242065,0.04055413044091264,1.0885048627853393,0.06053940301266396,5
5000,endpoint,75,0.7872938752174378,0.035616542095145046,1.0821513652801513,0.05952079071858827,5
5000,endpoint,76,0.7793503761291504,0.04064782254008506,1.078425359725952,0.05639610341342975,5
5000,endpoint,77,0.7737072110176086,0.04563463054270917,1.077271866798401,0.06321052217611473,5
5000,endpoint,78,0.7651270270347595,0.03606110395757089,1.0701174020767212,0.06471090072395065,5
5000,endpoint,79,0.758039915561676,0.03475181128700203,1.064117193222046,0.06581345917575158,5
5000,endpoint,80,0.7645687937736512,0.048748066006812314,1.0676081657409668,0.06331483867753872,5
5000,endpoint,81,0.7527746677398681,0.03951718359708662,1.0641801953315735,0.07869039412568263,5
5000,endpoint,82,0.7430827617645264,0.034317141085368784,1.0576319694519043,0.07577697794202984,5
5000,endpoint,83,0.7396832227706909,0.045152342546069084,1.0515775442123414,0.06633072163906413,5
5000,endpoint,84,0.7407227396965027,0.05030455103475294,1.052541399002075,0.06961550090094298,5
5000,endpoint,85,0.731925094127655,0.03991989671723557,1.0504266381263734,0.0799900152750205,5
5000,endpoint,86,0.725127112865448,0.04461526424852094,1.0466878056526183,0.07307661562464068,5
5000,endpoint,87,0.7195988893508911,0.05157777904392142,1.0429045796394347,0.07258255039253216,5
5000,endpoint,88,0.7155390620231629,0.05371988048260039,1.0421386003494262,0.0782535073739422,5
5000,endpoint,89,0.7065543532371521,0.049468937425593607,1.0379608631134034,0.08024483410764789,5
5000,endpoint,90,0.7006521463394165,0.05461851670682236,1.03741375207901,0.07535751226205321,5
5000,endpoint,91,0.6999063372612,0.055409566290320574,1.0364782333374023,0.07607072788462628,5
5000,endpoint,92,0.6978601455688477,0.05515134287580634,1.0355548024177552,0.08008768252006328,5
5000,endpoint,93,0.679156768321991,0.05457692589093291,1.0286335825920105,0.08381323815700538,5
5000,endpoint,94,0.675168228149414,0.05982382239979066,1.0274272441864014,0.07844104643569996,5
5000,endpoint,95,0.6798561215400696,0.05831433224951544,1.0312745094299316,0.08245317519080624,5
5000,endpoint,96,0.6710944056510926,0.05789133866463922,1.0270197987556458,0.08436087897608062,5
5000,endpoint,97,0.6599712252616883,0.05837528245915019,1.0227595090866088,0.08489430248201038,5
5000,endpoint,98,0.6631027460098267,0.06596634646405407,1.0283859491348266,0.08782483341984113,5
5000,endpoint,99,0.6587623476982116,0.05953418047315211,1.0274917483329773,0.08713871489237104,5
5000,endpoint,100,0.652741527557373,0.0594211892357849,1.0242879867553711,0.08418175833443713,5
5000,endpoint,101,0.6458476066589356,0.06882736432766791,1.0259597539901733,0.08821995909275715,5
5000,endpoint,102,0.6415059328079223,0.05786911769303438,1.0306761503219604,0.10339888086512164,5
5000,endpoint,103,0.6379620432853699,0.05972590589188685,1.0270292639732361,0.09255831206460954,5
5000,endpoint,104,0.6366689801216125,0.06287676500877186,1.0277806878089906,0.0901809254521743,5
5000,endpoint,105,0.630920946598053,0.06537449231647313,1.0328709125518798,0.10299741316906337,5
5000,endpoint,106,0.6282065033912658,0.05894295356013974,1.0337499737739564,0.1099530358026458,5
5000,endpoint,107,0.6215028524398803,0.05955648007674211,1.028135073184967,0.10076368744190566,5
5000,endpoint,108,0.6160805225372314,0.06840515998112874,1.0292201042175293,0.09841987123755605,5
5000,endpoint,109,0.6207842469215393,0.06909239023679162,1.0366899132728578,0.10793192092237397,5
5000,endpoint,110,0.618275272846222,0.05363459457232067,1.0360897302627563,0.11794897801399282,5
5000,endpoint,111,0.6016516923904419,0.06386538093261677,1.0275120854377746,0.10619098100219514,5
5000,endpoint,112,0.6040152788162232,0.0729305670385491,1.030746853351593,0.10292598133881892,5
5000,endpoint,113,0.612276828289032,0.06699661520454717,1.039843702316284,0.11794226778010544,5
5000,endpoint,114,0.6034654021263123,0.05133019582162749,1.037190353870392,0.12976601241594832,5
5000,endpoint,115,0.589516568183899,0.06629756392641578,1.031646978855133,0.11674644642347765,5
5000,endpoint,116,0.5984359741210937,0.08319665272058063,1.0402660369873047,0.10705535688170675,5
5000,endpoint,117,0.592666232585907,0.06691130559520253,1.0374187588691712,0.11783993783448594,5
5000,endpoint,118,0.5884833574295044,0.05303697787054751,1.040016496181488,0.13298875772180344,5
5000,endpoint,119,0.5806430459022522,0.06736490327046116,1.0374872922897338,0.12060660917824582,5
5000,endpoint,120,0.5821816623210907,0.07670422471378062,1.0378391861915588,0.1081468135648401,5
5000,endpoint,121,0.5741039216518402,0.06767856317723955,1.0358212471008301,0.11199761657608549,5
5000,endpoint,122,0.5702873110771179,0.06206984988452399,1.038378930091858,0.12100256675409911,5
5000,endpoint,123,0.5689224541187287,0.07109824221170766,1.0410479784011841,0.11553476585908516,5
5000,endpoint,124,0.5648859143257141,0.07159092641341008,1.0410704374313355,0.11117378140262223,5
5000,endpoint,125,0.5603984653949737,0.0667783151825878,1.0436819434165954,0.11590925183630778,5
5000,endpoint,126,0.5568289756774902,0.06322802393773762,1.04797523021698,0.12690162830071527,5
5000,endpoint,127,0.5569414734840393,0.06502272595899142,1.049165415763855,0.12546463142451025,5
5000,endpoint,128,0.5535767495632171,0.07152339937914018,1.0497863650321961,0.1190382208364148,5
5000,endpoint,129,0.5475384175777436,0.06707042629546779,1.050004506111145,0.12091502997372164,5
5000,endpoint,130,0.544798731803894,0.06417531666619836,1.0510893225669862,0.1272257103938397,5
5000,endpoint,131,0.5459030091762542,0.060113750853237016,1.055143165588379,0.13686084119616043,5
5000,endpoint,132,0.542696213722229,0.06532054526872062,1.0531750321388245,0.1252241693602235,5
5000,endpoint,133,0.5374390602111816,0.0683708113479321,1.0520487666130065,0.1198455078571236,5
5000,endpoint,134,0.5336111903190612,0.06609320683305259,1.0518014550209045,0.12612114268701488,5
5000,endpoint,135,0.5341381430625916,0.061143195988403405,1.0546146750450134,0.1328401900795776,5
5000,endpoint,136,0.5293907701969147,0.06107176453042343,1.0558283925056458,0.12920141025741935,5
5000,endpoint,137,0.5296271920204163,0.06692082003277844,1.0568077206611632,0.1226615980391023,5
5000,endpoint,138,0.5248473107814788,0.06541384682687788,1.0558305144309998,0.12372530437682744,5
5000,endpoint,139,0.516936594247818,0.05989401559034336,1.057370364665985,0.13151428397575318,5
5000,endpoint,140,0.5186344623565674,0.063038240848171,1.0641722917556762,0.13448074785701647,5
5000,endpoint,141,0.518072098493576,0.06110955751498667,1.0635372877120972,0.1298650816462426,5
5000,endpoint,142,0.5128577888011933,0.06386682814155875,1.0607837200164796,0.12489926299029268,5
5000,endpoint,143,0.5075922727584838,0.06554008633642497,1.0660033464431762,0.1307955837747373,5
5000,endpoint,144,0.5089893937110901,0.05586659639275251,1.072362768650055,0.14472662977821343,5
5000,endpoint,145,0.5066226780414581,0.05902236693843994,1.0734052658081055,0.14263787559056015,5
5000,endpoint,146,0.5010835647583007,0.06472492201796587,1.070592749118805,0.13092368444407385,5
5000,endpoint,147,0.49692386388778687,0.06014843240840738,1.0709939122200012,0.1338201836396751,5
5000,endpoint,148,0.4963213801383972,0.05403148984451759,1.0785563468933106,0.14879381203493586,5
5000,endpoint,149,0.49975401163101196,0.05501238063823095,1.0866837978363038,0.1577729132350468,5
5000,endpoint,150,0.49302727580070493,0.06120446337533164,1.0807025909423829,0.1381308211667716,5
5000,endpoint,151,0.48550993800163267,0.058737229630714635,1.0785549521446227,0.13266498043024663,5
5000,endpoint,152,0.48295074701309204,0.057940288975803375,1.0819946646690368,0.13983814542077722,5
5000,endpoint,153,0.49086081981658936,0.06274180264299539,1.0932554960250855,0.1496794898349962,5
5000,endpoint,154,0.4842628538608551,0.05524247323211706,1.0975618600845336,0.15886775936985095,5
5000,endpoint,155,0.47767436504364014,0.05420474499589447,1.0904104113578796,0.15088068332755775,5
5000,endpoint,156,0.4756464123725891,0.059877246235190716,1.087805151939392,0.14272827865344057,5
5000,endpoint,157,0.4820446133613586,0.077409836503439,1.0991678476333617,0.1387839653440809,5
5000,endpoint,158,0.47511773705482485,0.048790010834592154,1.0994604587554933,0.15617214318980072,5
5000,endpoint,159,0.4714305758476257,0.05469718161487364,1.1021600246429444,0.15545490373955928,5
5000,endpoint,160,0.4706415176391602,0.05789945393477426,1.0954904198646545,0.1401631826039882,5
5000,endpoint,161,0.47126654386520384,0.06817846868184735,1.0978405833244325,0.129287458991795,5
5000,endpoint,162,0.4602013647556305,0.05665080560778277,1.0972152471542358,0.1414048059133318,5
5000,endpoint,163,0.4650800943374634,0.05257132214445115,1.102474820613861,0.15051760847497325,5
5000,endpoint,164,0.4623804271221161,0.05473064683608009,1.102040958404541,0.14671719724161314,5
5000,endpoint,165,0.4583091914653778,0.06231040561189772,1.0992093920707702,0.13496287689138767,5
5000,endpoint,166,0.4532807290554047,0.05443333344205197,1.093370246887207,0.1372237291283291,5
5000,endpoint,167,0.45494956374168394,0.04864555607224227,1.099404788017273,0.14565010766257172,5
5000,endpoint,168,0.4500332236289978,0.05301954412311391,1.1089277505874633,0.1573030051693312,5
5000,endpoint,169,0.4513690948486328,0.057968896542051986,1.1111370205879212,0.15561040271735815,5
5000,endpoint,170,0.45266043543815615,0.05121607847687399,1.1062337398529052,0.1463302613426297,5
5000,endpoint,171,0.439631974697113,0.04996396584000967,1.1030917406082152,0.14096955221834828,5
5000,endpoint,172,0.4386806845664978,0.05097886479465842,1.1108621954917908,0.1500538192845979,5
5000,endpoint,173,0.4500937223434448,0.05101891362732361,1.120775580406189,0.16136057495757458,5
5000,endpoint,174,0.448237931728363,0.04737195429816379,1.1214293003082276,0.15542096394743518,5
5000,endpoint,175,0.43220593929290774,0.047038551512850586,1.1178442239761353,0.14415788610869387,5
5000,endpoint,176,0.42949308156967164,0.04787135992546406,1.1168150901794434,0.14679472046054529,5
5000,endpoint,177,0.44366249442100525,0.05162596855578645,1.1255769729614258,0.15378131303833967,5
5000,endpoint,178,0.43619972467422485,0.0503175544041286,1.1322384119033813,0.16364957383378684,5
5000,endpoint,179,0.42756669521331786,0.04377991235961638,1.1340158224105834,0.16290015226586085,5
5000,endpoint,180,0.42582069635391234,0.044019465250583416,1.1295777201652526,0.15375968591628789,5
5000,endpoint,181,0.4292114794254303,0.04908240272150822,1.127625036239624,0.14870989134040857,5
5000,endpoint,182,0.4210971534252167,0.05439954077123363,1.12754944562912,0.14741824915450133,5
5000,endpoint,183,0.41580572724342346,0.0453420938271114,1.1326873660087586,0.15045432300957556,5
5000,endpoint,184,0.4212081789970398,0.04011710167793122,1.1391819715499878,0.15393674014569783,5
5000,endpoint,185,0.4276816427707672,0.04555447275567204,1.1398301601409913,0.15465126028984652,5
5000,endpoint,186,0.4176596164703369,0.05433769739646717,1.133838987350464,0.15007235670190375,5
5000,endpoint,187,0.40981650948524473,0.043276554719066725,1.1300692558288574,0.14780204956260773,5
5000,endpoint,188,0.4122855246067047,0.042337504774048254,1.139520275592804,0.14265566993935128,5
5000,endpoint,189,0.4176825284957886,0.03904604451072148,1.147371757030487,0.15438881054815373,5
5000,endpoint,190,0.4143417954444885,0.052554116182582856,1.1472631216049194,0.15882055226049346,5
5000,endpoint,191,0.4092499494552612,0.046781385767486076,1.14557683467865,0.16057962902849174,5
5000,endpoint,192,0.4048554956912994,0.042322108481489734,1.14683278799057,0.14825793574600402,5
5000,endpoint,193,0.40609301924705504,0.03719330714899966,1.1535219311714173,0.14696838871167967,5
5000,endpoint,194,0.40454947352409365,0.04930130670147979,1.1515742421150208,0.14621289250050487,5
5000,endpoint,195,0.40067218542099,0.04855364477006019,1.1465595602989196,0.14746689898026136,5
5000,endpoint,196,0.39923842549324035,0.038492114955956155,1.151156985759735,0.14888503750063584,5
5000,endpoint,197,0.3990131437778473,0.03590775122304626,1.1566078186035156,0.14703454765559462,5
5000,endpoint,198,0.3967599034309387,0.03867182061282579,1.154452419281006,0.1477895714820172,5
5000,endpoint,199,0.39836631417274476,0.04585884100766568,1.1557697892189025,0.14650312143286287,5
5000,endpoint,200,0.3938883185386658,0.036713960894005,1.1580376863479613,0.1510963933864746,5
5000,endpoint,201,0.3930468499660492,0.03754888938911678,1.1672279834747314,0.14900200721835793,5
5000,endpoint,202,0.38829545974731444,0.0362350522047984,1.1676214337348938,0.15363976593580853,5
5000,endpoint,203,0.39159694910049436,0.05065821284496463,1.1664306044578552,0.1509830881910293,5
5000,endpoint,204,0.38807460069656374,0.04317386210279366,1.169364905357361,0.15498200110607033,5
5000,endpoint,205,0.3898607850074768,0.03749793867130679,1.1805587768554688,0.15049840454648866,5
5000,endpoint,206,0.3860727369785309,0.0323528729787967,1.1797964334487916,0.14432872790573043,5
5000,endpoint,207,0.38537696599960325,0.03563613766962769,1.1741920590400696,0.14281108614875274,5
5000,endpoint,208,0.3819218575954437,0.039340322999924356,1.1696442365646362,0.1409656276921099,5
5000,endpoint,209,0.38259623646736146,0.034882786823119814,1.1746367692947388,0.14176024851214752,5
5000,endpoint,210,0.38053675889968874,0.0311494022746158,1.18580619096756,0.14872386837311344,5
5000,endpoint,211,0.3780260384082794,0.029561019780537812,1.185489571094513,0.1488715615606083,5
5000,endpoint,212,0.3766954064369202,0.0393728360173616,1.177579665184021,0.14660046660892945,5
5000,endpoint,213,0.37950103878974917,0.0386566934623688,1.1753687977790832,0.14575989190716043,5
5000,endpoint,214,0.372199022769928,0.03206451618487034,1.1778210997581482,0.14896083160748239,5
5000,endpoint,215,0.37284332513809204,0.02833916555415588,1.1878397703170775,0.1553712624970116,5
5000,endpoint,216,0.3744078934192657,0.02872583568443831,1.188808059692383,0.15775311163704356,5
5000,endpoint,217,0.37563304901123046,0.0359073969265548,1.186343264579773,0.1562492483719573,5
5000,endpoint,218,0.3717739820480347,0.03326373158412194,1.1848064422607423,0.15415747995979673,5
5000,endpoint,219,0.36477658748626707,0.030289654142816588,1.1904441595077515,0.15248983015938034,5
5000,endpoint,220,0.36778109669685366,0.027417660335586094,1.2015609622001648,0.16209938718264094,5
5000,endpoint,221,0.376981782913208,0.0318112848118734,1.2095068097114563,0.16397270681109188,5
5000,endpoint,222,0.3679331839084625,0.031317619993717676,1.2057278156280518,0.16007650465486453,5
5000,endpoint,223,0.36043421030044553,0.02979169094037047,1.2043120622634889,0.15806125178102676,5
5000,endpoint,224,0.35976924896240237,0.030071807617119226,1.2056225776672362,0.15529314020161536,5
5000,endpoint,225,0.3647214472293854,0.030809278536715147,1.2139247417449952,0.15317519154331086,5
5000,endpoint,226,0.3617238700389862,0.026526657057672026,1.213464093208313,0.14098717107167658,5
5000,endpoint,227,0.3546106994152069,0.02571955317312914,1.20995934009552,0.13008314240898153,5
5000,endpoint,228,0.3534285664558411,0.026557088085594982,1.206883978843689,0.13027755832752688,5
5000,endpoint,229,0.3603906035423279,0.030306786952420523,1.2120212078094483,0.14598274986568366,5
5000,endpoint,230,0.36264691948890687,0.03007501192391726,1.2190602779388429,0.14898570811122375,5
5000,endpoint,231,0.3570642232894897,0.02232417442886898,1.2178962230682373,0.14050102669021433,5
5000,endpoint,232,0.35273137092590334,0.024727656932436334,1.2139386415481568,0.13448478002232486,5
5000,endpoint,233,0.35335164666175845,0.028912234929905252,1.213409924507141,0.14548567051301586,5
5000,endpoint,234,0.35349658131599426,0.030513236747363906,1.2210957288742066,0.15145970904898143,5
5000,endpoint,235,0.3489287257194519,0.025491029856957257,1.2286516666412353,0.1474052469571775,5
5000,endpoint,236,0.34490513801574707,0.022610526210789888,1.2327732563018798,0.14475366404355514,5
5000,endpoint,237,0.3422759771347046,0.024647798755836663,1.2275275468826294,0.14180069599649384,5
5000,endpoint,238,0.3420872986316681,0.027299892573539396,1.2239161014556885,0.14506726514542345,5
5000,endpoint,239,0.3451325297355652,0.027613402887549196,1.2276323556900024,0.14846285273829582,5
5000,endpoint,240,0.3438229262828827,0.021944553418193336,1.2336347341537475,0.14375196273913665,5
5000,endpoint,241,0.34403284192085265,0.020623835066372165,1.2366660594940186,0.14039193720775262,5
5000,endpoint,242,0.3456426441669464,0.0233240455530545,1.2345654487609863,0.1452094842947842,5
5000,endpoint,243,0.34530734419822695,0.027842941120128927,1.2288031339645387,0.14393935063097052,5
5000,endpoint,244,0.3412557303905487,0.02225146186850506,1.2349335193634032,0.13841085061941663,5
5000,endpoint,245,0.33974722027778625,0.022555066773823552,1.2415398359298706,0.1354592819547155,5
5000,endpoint,246,0.3376201331615448,0.02268072939154662,1.238821768760681,0.14178809480410795,5
5000,endpoint,247,0.3390558481216431,0.026703361926620928,1.235025405883789,0.14462608329496351,5
5000,endpoint,248,0.3359511077404022,0.024917405802439056,1.232031226158142,0.13868182957296768,5
5000,endpoint,249,0.3335386097431183,0.020607677277279128,1.2405938148498534,0.13373657266699884,5
5000,endpoint,250,0.3360609173774719,0.020190084340701287,1.2519477128982544,0.13677901377224594,5
5000,endpoint,251,0.3363787353038788,0.021567440265038273,1.251820731163025,0.14076629366154084,5
5000,endpoint,252,0.33524914383888244,0.022729180491383595,1.247090744972229,0.13194600214970173,5
5000,endpoint,253,0.3315964758396149,0.020762090145746762,1.2493584871292114,0.12825470729926844,5
5000,endpoint,254,0.3320069372653961,0.020748275507183424,1.2566023111343383,0.12669362548749233,5
5000,endpoint,255,0.3331374764442444,0.022268501103215654,1.2625812292099,0.13633811918791275,5
5000,endpoint,256,0.33206485509872435,0.022197582762544885,1.2604738235473634,0.1432622346594876,5
5000,endpoint,257,0.3315408527851105,0.021111023853209468,1.2587964057922363,0.14140338985382844,5
5000,endpoint,258,0.32734975814819334,0.0204404242127337,1.2528841257095338,0.13303477240546535,5
5000,endpoint,259,0.32906336784362794,0.019801168720526473,1.2596479415893556,0.13681898551350694,5
5000,endpoint,260,0.3279054343700409,0.019619858127905416,1.2617847681045533,0.13959719195508336,5
5000,endpoint,261,0.32738404870033266,0.018865219213702964,1.2580702781677247,0.13635363050291013,5
5000,endpoint,262,0.32783732414245603,0.015272144939060858,1.2646051168441772,0.12851528872677406,5
5000,endpoint,263,0.3285327136516571,0.015860659578675912,1.270912504196167,0.1216890162994496,5
5000,endpoint,264,0.3240875244140625,0.021289589741399606,1.268031406402588,0.13454964041693235,5
5000,endpoint,265,0.326924729347229,0.023445561618462066,1.2667418241500854,0.14172447152311646,5
5000,endpoint,266,0.32530555725097654,0.023262461834476594,1.2667981147766114,0.13354173841217912,5
5000,endpoint,267,0.32547069787979127,0.016670381582395196,1.277910542488098,0.12274540330356191,5
5000,endpoint,268,0.3245427250862122,0.014909652008120847,1.278347420692444,0.12337713313586435,5
5000,endpoint,269,0.32154238820075987,0.020438827881018938,1.273428702354431,0.13140634106573876,5
5000,endpoint,270,0.3208772957324982,0.021253745695247614,1.2670031547546388,0.12499799889854529,5
5000,endpoint,271,0.3196268618106842,0.017900018412530926,1.2684824228286744,0.11566651851383113,5
5000,endpoint,272,0.3200801074504852,0.017601760950596772,1.2769398927688598,0.1172288949929776,5
5000,endpoint,273,0.3192370355129242,0.01937256627638857,1.2788248300552367,0.12659442076686625,5
5000,endpoint,274,0.3196746587753296,0.020886149205946003,1.2769679307937623,0.13258454598507877,5
5000,endpoint,275,0.319727349281311,0.020528286966721866,1.278010606765747,0.1312126476989015,5
5000,endpoint,276,0.3196106553077698,0.02063878009080043,1.2786098718643188,0.1312638194674535,5
5000,endpoint,277,0.31516644954681394,0.019960807762076347,1.2748019218444824,0.130042313804098,5
5000,endpoint,278,0.31408793926239015,0.019184804015687663,1.272771167755127,0.13280420923857025,5
5000,endpoint,279,0.3154776692390442,0.019511891357457952,1.2830579996109008,0.13971419057142678,5
5000,endpoint,280,0.3181450664997101,0.018881801583706108,1.2943597078323363,0.1394391192405342,5
5000,endpoint,281,0.3146830976009369,0.016541780289768878,1.2844715118408203,0.12129645997092657,5
5000,endpoint,282,0.31216095089912416,0.01961726388487929,1.2742570877075194,0.10681417687544947,5
5000,endpoint,283,0.31182004809379577,0.02169810392854795,1.2736861944198608,0.1023957234396335,5
5000,endpoint,284,0.31428751945495603,0.024650686725416263,1.2860493421554566,0.11289334543510095,5
5000,endpoint,285,0.31492376923561094,0.02332755412689667,1.2915473937988282,0.11992507532214851,5
5000,endpoint,286,0.312324583530426,0.02060585808099181,1.2863115072250366,0.11100990025204144,5
5000,endpoint,287,0.30850152373313905,0.02045650408382157,1.2836437940597534,0.10266015274175053,5
5000,endpoint,288,0.30850154161453247,0.020832379496271505,1.2876072645187377,0.10497884291109733,5
5000,endpoint,289,0.3089121699333191,0.020376810692843406,1.2947753429412843,0.11390728661774357,5
5000,endpoint,290,0.3117154061794281,0.020467733769183868,1.3021949768066405,0.12205843558441302,5
5000,endpoint,291,0.3139437437057495,0.02030438708883203,1.3084347724914551,0.11939020956721198,5
5000,endpoint,292,0.30833104252815247,0.021100837964684593,1.304901647567749,0.11040655041444504,5
5000,endpoint,293,0.3050799608230591,0.020470929110984703,1.2998330116271972,0.10698345516141722,5
5000,endpoint,294,0.3051644802093506,0.020164518163364314,1.3011857986450195,0.10460275993926789,5
5000,endpoint,295,0.3068204760551453,0.019926917026549338,1.3085097074508667,0.10687492824560083,5
5000,endpoint,296,0.30787872076034545,0.02023935511829369,1.310523271560669,0.11056697641745168,5
5000,endpoint,297,0.30680752396583555,0.021532033634789245,1.309982180595398,0.11703311812607528,5
5000,endpoint,298,0.306948721408844,0.02385349634985749,1.3091420650482177,0.12555138777998945,5
5000,endpoint,299,0.304716432094574,0.02339441733861146,1.304399061203003,0.11979450297864067,5
5000,endpoint,300,0.30407042503356935,0.02257592715076062,1.3023802518844605,0.10815533406614784,5
5000,endpoint,301,0.3035590946674347,0.021099005171637306,1.3047904968261719,0.10472020163176765,5
5000,endpoint,302,0.3035564422607422,0.021360118773782574,1.308805274963379,0.10850407099344382,5
5000,endpoint,303,0.30307427048683167,0.023860363244647142,1.3073184013366699,0.11528773014131498,5
5000,endpoint,304,0.30480780601501467,0.023941877524887283,1.307882833480835,0.11267425972027928,5
5000,endpoint,305,0.3039696216583252,0.021980184588778717,1.3100523710250855,0.1031069659490423,5
5000,endpoint,306,0.3037141144275665,0.019739189373343905,1.314985179901123,0.09488413774851644,5
5000,endpoint,307,0.30244011878967286,0.020552713101249162,1.318356704711914,0.09915317978026778,5
5000,endpoint,308,0.30236212611198426,0.022632703713726846,1.3189887762069703,0.10658109403718474,5
5000,endpoint,309,0.3032443284988403,0.02377464811771092,1.3171023845672607,0.11324412828689999,5
5000,endpoint,310,0.3002150595188141,0.023368877260681056,1.3216357707977295,0.11583703237510977,5
5000,endpoint,311,0.2996179759502411,0.022481761251900875,1.32412428855896,0.11368476412416602,5
5000,endpoint,312,0.29869958758354187,0.02254121617419789,1.3188957452774048,0.11187794294670769,5
5000,endpoint,313,0.30213203430175783,0.022917388922263405,1.3184726238250732,0.11220014686173851,5
5000,endpoint,314,0.30235307812690737,0.024694441811922794,1.3196192502975463,0.11343853582681686,5
5000,endpoint,315,0.2993353843688965,0.025011933891136096,1.3209518671035767,0.11610678311731298,5
5000,endpoint,316,0.3005285859107971,0.02289748806709569,1.321484875679016,0.11089573058928151,5
5000,endpoint,317,0.29847578406333924,0.02356692798617363,1.3135867595672608,0.10334992105087491,5
5000,endpoint,318,0.30430405139923095,0.023478452702122038,1.313295578956604,0.10455734441915931,5
5000,endpoint,319,0.29955286979675294,0.022689193490128712,1.3118674755096436,0.10345470279282125,5
5000,endpoint,320,0.2996670365333557,0.021883751599881054,1.3150481224060058,0.09946478993117536,5
5000,endpoint,321,0.2982456386089325,0.02423520749238945,1.315092635154724,0.10311675179808755,5
5000,endpoint,322,0.2995599925518036,0.025274457658832156,1.312729835510254,0.10097700192738389,5
5000,endpoint,323,0.30227501392364503,0.024879627623806803,1.3133125305175781,0.0977319618956514,5
5000,endpoint,324,0.29955326318740844,0.0227793513224889,1.3158883810043336,0.09821354395634552,5
5000,endpoint,325,0.2974169135093689,0.023004218183181234,1.3268129348754882,0.09345336604437138,5
5000,endpoint,326,0.29638500809669494,0.02553352396012429,1.3277648448944093,0.0997403251314155,5
5000,endpoint,327,0.2967881619930267,0.02424212625298278,1.3209316968917846,0.10337250202986982,5
5000,endpoint,328,0.29894723892211916,0.023149349483850976,1.3200427055358888,0.09800645277851118,5
5000,endpoint,329,0.2978519320487976,0.02121860471003298,1.3255699634552003,0.09462546485497317,5
5000,endpoint,330,0.29729636907577517,0.02164499499224457,1.3304089784622193,0.09901713634974299,5
5000,endpoint,331,0.29451690912246703,0.024941301978679116,1.3293360233306886,0.11059985915598858,5
5000,endpoint,332,0.2951012849807739,0.026840594764822763,1.331479549407959,0.12577481492273718,5
5000,endpoint,333,0.29541603326797483,0.02632755770506281,1.3347763538360595,0.12608632659542668,5
5000,endpoint,334,0.2957682192325592,0.022264804484059566,1.3414594888687135,0.1175920989198951,5
5000,endpoint,335,0.2962905466556549,0.019789982715666475,1.3425158977508544,0.11338847861060385,5
5000,endpoint,336,0.29269976615905763,0.022755490942278227,1.339103674888611,0.11499261539482329,5
5000,endpoint,337,0.2949316740036011,0.023222432809356507,1.3380049467086792,0.11436397716989863,5
5000,endpoint,338,0.2960093438625336,0.02453852361455692,1.3398373603820801,0.1154279360813183,5
5000,endpoint,339,0.2952583611011505,0.024996571054635985,1.342143964767456,0.11742009061492002,5
5000,endpoint,340,0.29403377771377565,0.025671831002623755,1.3394821643829347,0.11367770240100436,5
5000,endpoint,341,0.293312132358551,0.02595988344645135,1.3338706016540527,0.10459112997555595,5
5000,endpoint,342,0.29463117718696596,0.023963869224175063,1.331098484992981,0.10238075983384078,5
5000,endpoint,343,0.2955505847930908,0.02308842790641704,1.3301772594451904,0.09411486925515343,5
5000,endpoint,344,0.2947914659976959,0.022824639605528548,1.335779070854187,0.093520997709551,5
5000,endpoint,345,0.2925561308860779,0.02563951890887822,1.3341848850250244,0.09701479160709728,5
5000,endpoint,346,0.289996349811554,0.028010421223585866,1.3242939710617065,0.10178471606753771,5
5000,endpoint,347,0.29184439182281496,0.025704946804366243,1.3190294742584228,0.09934622744663316,5
5000,endpoint,348,0.2950707018375397,0.025291408582890012,1.328396725654602,0.09937571164771719,5
5000,endpoint,349,0.29692951440811155,0.023185495200426558,1.3391532182693482,0.10209763139124037,5
5000,endpoint,350,0.29244802594184877,0.024851810052823917,1.3347864866256713,0.10775979803460103,5
5000,endpoint,351,0.2905592739582062,0.026959028538050232,1.325174832344055,0.11583219405112989,5
5000,endpoint,352,0.29221805930137634,0.02517899238069513,1.319415521621704,0.1103876064060963,5
5000,endpoint,353,0.29463602900505065,0.0250364770153822,1.3202234983444214,0.09736287710675527,5
5000,endpoint,354,0.2953531265258789,0.022379439927791747,1.3321541547775269,0.10647610447499121,5
5000,endpoint,355,0.29312393069267273,0.025361090269662535,1.3351713180541993,0.11166976180999993,5
5000,endpoint,356,0.2898856222629547,0.029178170697554164,1.3336877822875977,0.11373340206495237,5
5000,endpoint,357,0.29072603583335876,0.028685326017197362,1.3295268535614013,0.10379529366885497,5
5000,endpoint,358,0.2909344553947449,0.026200702385423647,1.3247692108154296,0.09144796848274231,5
5000,endpoint,359,0.2897453784942627,0.025261744695648722,1.3309256553649902,0.09163575781751002,5
5000,endpoint,360,0.29312950372695923,0.02394591427806557,1.344226098060608,0.09734697952872128,5
5000,endpoint,361,0.29218916296958924,0.02713084039223365,1.3475341796875,0.10021045371903108,5
5000,endpoint,362,0.29176533222198486,0.0294452279697712,1.3418187618255615,0.10242283710039027,5
5000,endpoint,363,0.2907574951648712,0.02633155925692295,1.335462737083435,0.09856745857940769,5
5000,endpoint,364,0.28820173144340516,0.02613489924322563,1.3357938528060913,0.09162237274996356,5
5000,endpoint,365,0.2906903803348541,0.02253302169149108,1.3448687076568604,0.08398300165890378,5
5000,endpoint,366,0.2924452245235443,0.024548554243321807,1.3519822359085083,0.07745422958004403,5
5000,endpoint,367,0.2902163088321686,0.030543504711430056,1.3466264963150025,0.08408552318894716,5
5000,endpoint,368,0.2891063094139099,0.030396835539607057,1.3385767221450806,0.10000770423042069,5
5000,endpoint,369,0.2887425243854523,0.029822829345049633,1.3368478775024415,0.09692161836642538,5
5000,endpoint,370,0.2897272229194641,0.026708330407818504,1.343977189064026,0.08484222943768104,5
5000,endpoint,371,0.29057916402816775,0.025443846730057878,1.3450469017028808,0.07539440722714531,5
5000,endpoint,372,0.2883526563644409,0.025699474036245805,1.3364569902420045,0.07611663737434303,5
5000,endpoint,373,0.2898610532283783,0.026170175884369856,1.3330111026763916,0.08472826409956172,5
5000,endpoint,374,0.29133084416389465,0.02885869524671346,1.334905242919922,0.09560363733784184,5
5000,endpoint,375,0.29085623025894164,0.03058486458237511,1.3378403663635254,0.10459735943660907,5
5000,endpoint,376,0.2874975264072418,0.029549436220198268,1.3321605920791626,0.09745009660310061,5
5000,endpoint,377,0.2847041130065918,0.027124156226893025,1.3235554218292236,0.08658239639158737,5
5000,endpoint,378,0.28595322370529175,0.02564413837299918,1.3239639759063722,0.0857036248897854,5
5000,endpoint,379,0.2890777111053467,0.025432704383530333,1.331609582901001,0.09087215178395276,5
5000,endpoint,380,0.2904260277748108,0.02867268039896668,1.3395550966262817,0.10006923853300108,5
5000,endpoint,381,0.2887538135051727,0.03051450114941586,1.337602186203003,0.10901975378870361,5
5000,endpoint,382,0.2864235997200012,0.029161428923791515,1.3295661687850953,0.10288786982943894,5
5000,endpoint,383,0.2855032742023468,0.02798332045274097,1.3276559114456177,0.09791796125304886,5
5000,endpoint,384,0.2872634708881378,0.026776627719332372,1.3344601154327393,0.09491226862742946,5
5000,endpoint,385,0.2895661234855652,0.02663076919345842,1.3446974515914918,0.09438270161203464,5
5000,endpoint,386,0.28864254951477053,0.027705681257872487,1.3498074293136597,0.09943667832317658,5
5000,endpoint,387,0.28520936369895933,0.028394695291621138,1.3439889907836915,0.09693619965862296,5
5000,endpoint,388,0.2832162916660309,0.029150697305116904,1.334658145904541,0.09009570207532366,5
5000,endpoint,389,0.2839089214801788,0.028965520281163764,1.3349352836608888,0.08744803426107506,5
5000,endpoint,390,0.2882224440574646,0.029269202158817238,1.3453096628189087,0.08893049956208496,5
5000,endpoint,391,0.2874676465988159,0.029617099752487937,1.353198027610779,0.10225382420838203,5
5000,endpoint,392,0.28717136979103086,0.029799313366540788,1.3558849811553955,0.11660860344035885,5
5000,endpoint,393,0.2868871629238129,0.028666710643212856,1.3534494876861571,0.1185779823030689,5
5000,endpoint,394,0.2851713299751282,0.026829416847653092,1.3455480813980103,0.10760998205653716,5
5000,endpoint,395,0.28570604920387266,0.02720219663715394,1.3413347244262694,0.095480560269796,5
5000,endpoint,396,0.2836275815963745,0.028725730407030504,1.339873719215393,0.09196622572455077,5
5000,endpoint,397,0.28333981037139894,0.030248328496519913,1.3430939435958862,0.09932595137894347,5
5000,endpoint,398,0.28482680320739745,0.03310974783659076,1.3466079711914063,0.11017830152551372,5
5000,endpoint,399,0.2869799315929413,0.03277352000716677,1.3475791215896606,0.1074309052230281,5
5000,endpoint,400,0.2871933579444885,0.029262608700721914,1.341825270652771,0.09406393706085507,5
5000,endpoint,401,0.2848207175731659,0.02740755618803174,1.3319233655929565,0.08888442450180013,5
5000,endpoint,402,0.28315953016281126,0.02823195564245447,1.331101083755493,0.08971491348839555,5
5000,endpoint,403,0.28319655656814574,0.029410576235681527,1.3393793106079102,0.09190923973843235,5
5000,endpoint,404,0.28368736505508424,0.030461133403875722,1.3450857877731324,0.09473798675766526,5
5000,endpoint,405,0.2838442623615265,0.03101552691251766,1.3473134994506837,0.09717061196482264,5
5000,endpoint,406,0.2829286098480225,0.030423371852341414,1.3437653303146362,0.09259164124411275,5
5000,endpoint,407,0.2832134425640106,0.029224012392989197,1.3407170295715332,0.0846866204223882,5
5000,endpoint,408,0.28401912450790406,0.029361398351428335,1.3392181396484375,0.08337602868750207,5
5000,endpoint,409,0.2847946107387543,0.029676924017823136,1.3415736913681031,0.09029929273487682,5
5000,endpoint,410,0.28558396697044375,0.02917159390301435,1.346068263053894,0.09590101277410668,5
5000,endpoint,411,0.28492361307144165,0.028433494267855533,1.3491755247116088,0.09881882339575176,5
5000,endpoint,412,0.28363306522369386,0.028248528060046803,1.348414158821106,0.09499958421975646,5
5000,endpoint,413,0.281492155790329,0.029375962301653066,1.342977476119995,0.0930332367480932,5
5000,endpoint,414,0.28199965357780454,0.030170833799040737,1.3416287422180175,0.09714178618403164,5
5000,endpoint,415,0.2841912508010864,0.030829960694688373,1.3439369440078734,0.10441651310826479,5
5000,endpoint,416,0.2853775262832642,0.031294885618635755,1.3475905418395997,0.10714031024162747,5
5000,endpoint,417,0.2855430066585541,0.030304091796171315,1.350333046913147,0.10118765167178981,5
5000,endpoint,418,0.2825371563434601,0.029487353177278477,1.3438672065734862,0.0917016235941872,5
5000,endpoint,419,0.27881442904472353,0.028856978552327,1.3333108186721803,0.08605742387697315,5
5000,endpoint,420,0.279250830411911,0.02851293256654018,1.3271963119506835,0.08426626587668776,5
5000,endpoint,421,0.2831197679042816,0.028592685090963684,1.3343160629272461,0.09027092810956142,5
5000,endpoint,422,0.28782510161399844,0.028569245668362636,1.3438027858734132,0.09547828710480419,5
5000,endpoint,423,0.2875928461551666,0.027188637565683738,1.3424336910247803,0.09464842910472546,5
5000,endpoint,424,0.283407998085022,0.028988775385004557,1.3344902992248535,0.09189580149144475,5
5000,endpoint,425,0.28013532757759096,0.030480774867268957,1.3323822498321534,0.08930262800627807,5
5000,endpoint,426,0.2795939385890961,0.03172212825318607,1.3350064754486084,0.08851938737808777,5
5000,endpoint,427,0.2811110854148865,0.03151928168134359,1.3466148376464844,0.0951451484431718,5
5000,endpoint,428,0.28429409861564636,0.029900983100230125,1.3529385566711425,0.10385721312267869,5
5000,endpoint,429,0.2845789670944214,0.030083936544638028,1.348288106918335,0.10409704939461896,5
5000,endpoint,430,0.28260293006896975,0.030289956996184152,1.3401771306991577,0.09634769054095686,5
5000,endpoint,431,0.28510676622390746,0.03179430711370522,1.3434064388275146,0.08796988031745215,5
5000,endpoint,432,0.28179839849472044,0.02870472671324223,1.3394490718841552,0.08215358382111627,5
5000,endpoint,433,0.28199994564056396,0.028588949979882948,1.3429083824157715,0.09002254725089799,5
5000,endpoint,434,0.2829970300197601,0.030414973868402813,1.3515906095504762,0.09902619099956811,5
5000,endpoint,435,0.2825555980205536,0.03331046656708376,1.3522974491119384,0.09844402241127101,5
5000,endpoint,436,0.28339446485042574,0.03322970871519332,1.3490841150283814,0.09541805144148666,5
5000,endpoint,437,0.2811903119087219,0.0295119153356487,1.3397032737731933,0.0895264360976962,5
5000,endpoint,438,0.2811528444290161,0.02724902933726313,1.3366601705551147,0.09190660686400907,5
5000,endpoint,439,0.2812668442726135,0.027359007519161548,1.3384360313415526,0.09520909638102751,5
5000,endpoint,440,0.2816910982131958,0.029944200816510648,1.340944480895996,0.09554245139152079,5
5000,endpoint,441,0.28316526412963866,0.03215011382749965,1.3427202463150025,0.09807588633351072,5
5000,endpoint,442,0.2821804165840149,0.03173402720189711,1.337334680557251,0.10001027539506743,5
5000,endpoint,443,0.28233290910720826,0.03098100647186647,1.3354126691818238,0.09777654463812935,5
5000,endpoint,444,0.28260120153427126,0.029405083791640068,1.335141158103943,0.0928192483017501,5
5000,endpoint,445,0.2819010138511658,0.03022714884299905,1.3388149976730346,0.08618620974294702,5
5000,endpoint,446,0.28176307678222656,0.03235558831602667,1.3432087421417236,0.08160949583627067,5
5000,endpoint,447,0.2805575132369995,0.030985547792407125,1.341117787361145,0.0842755211579761,5
5000,endpoint,448,0.2817685067653656,0.03053869034251902,1.3435191631317138,0.08976693511297834,5
5000,endpoint,449,0.2824186682701111,0.02957131901177045,1.3467607259750367,0.0897560507816215,5
5000,endpoint,450,0.2835707426071167,0.029712118551258406,1.349241590499878,0.08645804081803195,5
5000,endpoint,451,0.28242743015289307,0.03178210961342407,1.3448938846588134,0.08380673584402791,5
5000,endpoint,452,0.27999426424503326,0.03181853459185692,1.3380359411239624,0.08666670610073114,5
5000,endpoint,453,0.2806484580039978,0.030296255891257062,1.3352555513381958,0.09444673755008973,5
5000,endpoint,454,0.2817207038402557,0.02932053036562396,1.3416651725769042,0.09614343681186745,5
5000,endpoint,455,0.28305394053459165,0.027672103909841664,1.3497867107391357,0.09496860198066646,5
5000,endpoint,456,0.28259133696556094,0.028593011019932096,1.3514150142669679,0.09602685156600918,5
5000,endpoint,457,0.2791839182376862,0.03046214932091252,1.3440460205078124,0.09463791757700002,5
5000,endpoint,458,0.27798709869384763,0.03088574740516712,1.3364070415496827,0.09079161872794857,5
5000,endpoint,459,0.27941663563251495,0.031052753161814477,1.3372652530670166,0.08859227526376173,5
5000,endpoint,460,0.2824628710746765,0.030820663777234903,1.3470721960067749,0.08936325787883652,5
5000,endpoint,461,0.2839725375175476,0.031015615286886837,1.3548973083496094,0.0907086542398864,5
5000,endpoint,462,0.2816005289554596,0.032318822401585554,1.3540218353271485,0.09416944674494161,5
5000,endpoint,463,0.2786485493183136,0.03224230104734109,1.348758053779602,0.0948230412314988,5
5000,endpoint,464,0.2774158716201782,0.030816757266669218,1.3430372476577759,0.09414837915668238,5
5000,endpoint,465,0.27846635282039645,0.029407826922096574,1.344208788871765,0.09279229005684721,5
5000,endpoint,466,0.28094475865364077,0.028250849433879836,1.3462155342102051,0.08685296037892316,5
5000,endpoint,467,0.2825074076652527,0.0292143381974954,1.3454318284988402,0.08428867744160065,5
5000,endpoint,468,0.2817832291126251,0.0322965220130686,1.3447702884674073,0.0910086095703091,5
5000,endpoint,469,0.2812869518995285,0.03626635972756242,1.346162700653076,0.10394146414345166,5
5000,endpoint,470,0.2798833757638931,0.03480703161869592,1.3446232318878173,0.10012350142459782,5
5000,endpoint,471,0.27921531796455384,0.03141802942835932,1.3446346044540405,0.08774388296950876,5
5000,endpoint,472,0.2795404553413391,0.029055116995819648,1.3427928924560546,0.07942009920540095,5
5000,endpoint,473,0.2792140245437622,0.028533988716698922,1.3400139331817627,0.08109005831164331,5
5000,endpoint,474,0.28010502457618713,0.030668491028270618,1.346298599243164,0.09417858410255459,5
5000,endpoint,475,0.2815734505653381,0.03515602987659078,1.3532309532165527,0.11121923106815237,5
5000,endpoint,476,0.2816407859325409,0.035056459907126455,1.3564962148666382,0.10809379833785375,5
5000,endpoint,477,0.2802397459745407,0.031478425113517054,1.352449631690979,0.09166226701863164,5
5000,endpoint,478,0.27888436913490294,0.028785505222450273,1.3465527534484862,0.08506573382000196,5
5000,endpoint,479,0.2778150141239166,0.02913872054487984,1.3437222003936768,0.0895574667892829,5
5000,endpoint,480,0.2779865086078644,0.03173421902639252,1.343926191329956,0.10200297427965153,5
5000,endpoint,481,0.27942503094673155,0.03355442652826559,1.3449203968048096,0.10761171268550514,5
5000,endpoint,482,0.2808986783027649,0.033449360968133834,1.3464884519577027,0.10462874972528623,5
5000,endpoint,483,0.2816503018140793,0.03206517173968017,1.3482176303863525,0.09750627891253381,5
5000,endpoint,484,0.281010639667511,0.02959134092825401,1.3489817380905151,0.09589002823114856,5
5000,endpoint,485,0.2790331721305847,0.029295295247508325,1.3463773727416992,0.09726837585006062,5
5000,endpoint,486,0.27739080488681794,0.03098334298071319,1.3443223237991333,0.10009407684072967,5
5000,endpoint,487,0.2777545303106308,0.031831098980312326,1.3463160037994384,0.09814612762006847,5
5000,endpoint,488,0.2795417606830597,0.032271997479831185,1.3530157089233399,0.09782355951647599,5
5000,endpoint,489,0.28013371527194975,0.03151801551641339,1.354826235771179,0.09849850276376723,5
5000,endpoint,490,0.27997422218322754,0.030136621339999135,1.354228639602661,0.09462740415189419,5
5000,endpoint,491,0.2785170555114746,0.030569042904561625,1.3498285055160522,0.09040298309456277,5
5000,endpoint,492,0.2779805511236191,0.031412232015288526,1.347611427307129,0.08921930388958889,5
5000,endpoint,493,0.27852682769298553,0.032420249064177516,1.3486426591873169,0.0909573796490409,5
5000,endpoint,494,0.27824072539806366,0.032507192503793234,1.3469873905181884,0.08791768934276134,5
5000,endpoint,495,0.27839099764823916,0.031671029550007196,1.3456778287887574,0.08733205837627071,5
5000,endpoint,496,0.2792157530784607,0.029854684526017614,1.3445482969284057,0.08544630276604336,5
5000,endpoint,497,0.27884516417980193,0.03015759891040628,1.3396795988082886,0.08543924046565203,5
5000,endpoint,498,0.279836168885231,0.030275447794801912,1.33987135887146,0.0903546418891553,5
5000,endpoint,499,0.2801204025745392,0.031003903519720745,1.3439730644226073,0.09681701825329865,5
5000,endpoint,500,0.2792962908744812,0.03186833827941135,1.3482776880264282,0.09731089759141368,5
5000,endpoint,501,0.2791219472885132,0.030465206285483958,1.347365403175354,0.09532079560736857,5
5000,endpoint,502,0.2785968780517578,0.030012641428324938,1.3411044359207154,0.09484074827234766,5
5000,endpoint,503,0.2787966728210449,0.030928535203775597,1.336743211746216,0.09343511110841086,5
5000,endpoint,504,0.2788500040769577,0.03198524328793338,1.3380589246749879,0.09092250654817757,5
5000,endpoint,505,0.27930025160312655,0.03298080215661868,1.3435256719589233,0.09334671674364252,5
5000,endpoint,506,0.2791813611984253,0.032278281132570495,1.345999503135681,0.09334842928376916,5
5000,endpoint,507,0.27891611456871035,0.029853495204565192,1.3438634634017945,0.09324687716978697,5
5000,endpoint,508,0.278846937417984,0.029319755370267663,1.3405637741088867,0.0930924468486511,5
5000,endpoint,509,0.27851254045963286,0.030159151356372118,1.3367486715316772,0.0879424578690404,5
5000,endpoint,510,0.2787296146154404,0.03211911252528917,1.3398863792419433,0.08590997944345609,5
5000,endpoint,511,0.27883546352386473,0.034115033287857165,1.3471918821334838,0.08815229793549867,5
5000,endpoint,512,0.278050097823143,0.03333855956598957,1.346950101852417,0.0891433123748428,5
5000,endpoint,513,0.27828875184059143,0.03192133167060883,1.3421610832214355,0.0892881213885682,5
5000,endpoint,514,0.2788725972175598,0.03075033642412059,1.340867018699646,0.08801663504635826,5
5000,endpoint,515,0.2794900208711624,0.030578707072118082,1.33902428150177,0.0856051979337381,5
5000,endpoint,516,0.2798069089651108,0.030785388861960594,1.3417520761489867,0.08606685403026532,5
5000,endpoint,517,0.27898397445678713,0.03124345269517225,1.347179126739502,0.08903351446556856,5
5000,endpoint,518,0.2777278900146484,0.031643300798729644,1.3496955633163452,0.09392792491933652,5
5000,endpoint,519,0.27729277312755585,0.03165126746956767,1.3465506076812743,0.0934654957035585,5
5000,subset_accuracy_drop,1,0.6943569302558898,0.0052490693066961375,0.6943382263183594,0.005254413440453959,5
5000,subset_accuracy_drop,2,0.6937976717948914,0.0048980832240845765,0.6937823295593262,0.00490005783971415,5
5000,subset_accuracy_drop,3,0.6931705117225647,0.004519546382990545,0.6931585311889649,0.004518056070009567,5
5000,subset_accuracy_drop,4,0.6924507141113281,0.0041333038821999,0.6924420475959778,0.004128065847817698,5
5000,subset_accuracy_drop,5,0.6916343569755554,0.0038114308485799925,0.6916290879249573,0.0038034456973851777,5
5000,subset_accuracy_drop,6,0.6907243609428406,0.0036582720897903325,0.6907215714454651,0.0036500158641812968,5
5000,subset_accuracy_drop,7,0.6897258162498474,0.003775737262914207,0.6897247552871704,0.0037709284619361493,5
5000,subset_accuracy_drop,8,0.6886498212814331,0.004230000848457623,0.6886501550674439,0.004232064845345844,5
5000,subset_accuracy_drop,9,0.6875035285949707,0.005029993868542655,0.6875058293342591,0.005041988450798169,5
5000,subset_accuracy_drop,10,0.6862971901893615,0.006136043872312287,0.686302101612091,0.0061593428597062575,5
5000,subset_accuracy_drop,11,0.6850558042526245,0.007492968444175524,0.6850626111030579,0.007530663672946689,5
5000,subset_accuracy_drop,12,0.6838067173957825,0.009048226430580952,0.6838134765625,0.009107458046792484,5
5000,subset_accuracy_drop,13,0.6825713396072388,0.010735761912012804,0.6825737595558167,0.01082952952255453,5
5000,subset_accuracy_drop,14,0.6813897013664245,0.012426121380446353,0.6813812136650086,0.012573455242857046,5
5000,subset_accuracy_drop,15,0.6803819537162781,0.013895221644498879,0.6803521633148193,0.014123393526445302,5
5000,subset_accuracy_drop,16,0.6797519564628601,0.014858793817549221,0.6796872854232788,0.015204913609082625,5
5000,subset_accuracy_drop,17,0.6796720504760743,0.015068983472840379,0.6795575380325317,0.015566879935840256,5
5000,subset_accuracy_drop,18,0.6800570011138916,0.014530773500973877,0.6798824071884155,0.015172966216389689,5
5000,subset_accuracy_drop,19,0.6805242300033569,0.013737634415009612,0.6802998542785644,0.014452306053642186,5
5000,subset_accuracy_drop,20,0.6806755542755127,0.013384465760112037,0.6804282188415527,0.014094886493201276,5
5000,subset_accuracy_drop,21,0.6804460406303405,0.013641364605076098,0.6802034139633178,0.01431160453543259,5
5000,subset_accuracy_drop,22,0.6800240874290466,0.014238798557840575,0.6798047661781311,0.014857386872580761,5
5000,subset_accuracy_drop,23,0.6796204447746277,0.014860885895255959,0.6794350743293762,0.015419449398766442,5
5000,subset_accuracy_drop,24,0.6793680191040039,0.015289546565783015,0.6792202830314636,0.01578110952869552,5
5000,subset_accuracy_drop,25,0.6792964816093445,0.01545128696704896,0.6791855812072753,0.01587355223483768,5
5000,subset_accuracy_drop,26,0.6793626070022583,0.015385336455091029,0.6792842626571656,0.015743362831231237,5
5000,subset_accuracy_drop,27,0.6794919371604919,0.015195067942879215,0.6794400811195374,0.015499164238106503,5
5000,subset_accuracy_drop,28,0.6796129822731019,0.014994040953950653,0.6795815348625183,0.015256910144060285,5
5000,subset_accuracy_drop,29,0.6796805500984192,0.014860024260525155,0.6796643137931824,0.015094178758986585,5
5000,subset_accuracy_drop,30,0.6796789407730103,0.014824557287038815,0.6796735644340515,0.01504122398558165,5
5000,subset_accuracy_drop,31,0.6796135663986206,0.014885537723813094,0.679615604877472,0.015094222197560288,5
5000,subset_accuracy_drop,32,0.6795017004013062,0.015021601911677602,0.6795087456703186,0.015229773551779315,5
5000,subset_accuracy_drop,33,0.6793672680854798,0.015200939695984145,0.6793773770332336,0.015414798253251873,5
5000,subset_accuracy_drop,34,0.6792341232299804,0.015389784231374097,0.679245388507843,0.01561507365260044,5
5000,subset_accuracy_drop,35,0.6791224598884582,0.015556426116358773,0.6791335582733155,0.015796967918073352,5
5000,subset_accuracy_drop,36,0.6790457248687745,0.01567752169206152,0.6790551781654358,0.015936041973305125,5
5000,subset_accuracy_drop,37,0.6790084600448608,0.015740792342328114,0.6790154933929443,0.01601771085698788,5
5000,subset_accuracy_drop,38,0.6790038704872131,0.015751194672921243,0.6790085077285767,0.016044173546280086,5
5000,subset_accuracy_drop,39,0.6790157318115234,0.01573035992511631,0.6790190696716308,0.016034362550801526,5
5000,subset_accuracy_drop,40,0.679025137424469,0.015706955106549705,0.679028856754303,0.016015879287646657,5
5000,subset_accuracy_drop,41,0.6790181636810303,0.015705240842921863,0.679024612903595,0.016012180596175676,5
5000,subset_accuracy_drop,42,0.6789904475212097,0.01573622934412,0.6790026545524597,0.016034466608167056,5
5000,subset_accuracy_drop,43,0.6789494752883911,0.015791333136609183,0.6789698839187622,0.01607585615931958,5
5000,subset_accuracy_drop,44,0.6789088606834411,0.015850472985731823,0.6789390444755554,0.016117808841956825,5
5000,subset_accuracy_drop,45,0.6788794517517089,0.015895972046427762,0.6789205193519592,0.01614402258933362,5
5000,subset_accuracy_drop,46,0.6788662075996399,0.015917856516268595,0.6789186358451843,0.016145864799444635,5
5000,subset_accuracy_drop,47,0.678866958618164,0.015916494549529,0.6789306998252869,0.016125068408730316,5
5000,subset_accuracy_drop,48,0.6788742423057557,0.01590168828799286,0.6789487838745117,0.016092932267834512,5
5000,subset_accuracy_drop,49,0.6788782000541687,0.015888136072029053,0.6789627313613892,0.016064810744184147,5
5000,subset_accuracy_drop,50,0.6788719177246094,0.015887304763767457,0.6789656043052673,0.01605283972453655,5
5000,subset_accuracy_drop,51,0.6788530111312866,0.015904203234401778,0.6789551138877868,0.016062212497384497,5
5000,subset_accuracy_drop,52,0.6788243174552917,0.015935883475879098,0.6789340853691102,0.016089385825766418,5
5000,subset_accuracy_drop,53,0.6787907242774963,0.01597506504931891,0.678907823562622,0.016126935804296742,5
5000,subset_accuracy_drop,54,0.678757393360138,0.016014115040955967,0.6788815498352051,0.016166463041789758,5
5000,subset_accuracy_drop,55,0.6787289023399353,0.016045879480345242,0.678860068321228,0.01620002925257452,5
5000,subset_accuracy_drop,56,0.6787070631980896,0.016067028200105412,0.678845489025116,0.016223211670643382,5
5000,subset_accuracy_drop,57,0.6786905288696289,0.01607872143220161,0.6788368701934815,0.01623668853055094,5
5000,subset_accuracy_drop,58,0.6786766052246094,0.01608497781349345,0.6788315892219543,0.0162438974012244,5
5000,subset_accuracy_drop,59,0.678662109375,0.01609022953905373,0.678826630115509,0.01624894608718101,5
5000,subset_accuracy_drop,60,0.6786455512046814,0.016096829798006078,0.678820526599884,0.016254487359926375,5
5000,subset_accuracy_drop,61,0.6786261439323426,0.016105921377161537,0.6788130044937134,0.016261242224512532,5
5000,subset_accuracy_drop,62,0.6786053895950317,0.016115509561746285,0.6788053154945374,0.016267802640444914,5
5000,subset_accuracy_drop,63,0.678585433959961,0.01612155699569883,0.6787994384765625,0.016271523460115792,5
5000,subset_accuracy_drop,64,0.6785676121711731,0.01612153580101245,0.6787969946861268,0.016270303129325325,5
5000,subset_accuracy_drop,65,0.6785510540008545,0.016116233844839293,0.6787972092628479,0.016265512254434348,5
5000,subset_accuracy_drop,66,0.6785337448120117,0.01610820389742699,0.6787980914115905,0.016260257954202946,5
5000,subset_accuracy_drop,67,0.6785132050514221,0.016100516159166783,0.6787972927093506,0.016258330524574396,5
5000,subset_accuracy_drop,68,0.6784884929656982,0.01609439673583758,0.6787940382957458,0.01626093804296701,5
5000,subset_accuracy_drop,69,0.6784595966339111,0.016089297329931702,0.6787887573242187,0.016267463822275795,5
5000,subset_accuracy_drop,70,0.6784271717071533,0.016083663404847248,0.678782296180725,0.016276550819021497,5
5000,subset_accuracy_drop,71,0.6783928871154785,0.01607453354758797,0.6787767052650452,0.01628509708306996,5
5000,subset_accuracy_drop,72,0.678357458114624,0.016060244595137746,0.6787730097770691,0.016291300130364762,5
5000,subset_accuracy_drop,73,0.6783210158348083,0.01604015940476619,0.6787716627120972,0.016294400995716413,5
5000,subset_accuracy_drop,74,0.678282630443573,0.016016443327335247,0.6787726402282714,0.01629705973275248,5
5000,subset_accuracy_drop,75,0.6782415747642517,0.015990336078674255,0.6787750005722046,0.01630049955913447,5
5000,subset_accuracy_drop,76,0.6781959652900695,0.01596010269257242,0.6787774443626404,0.01630412958772169,5
5000,subset_accuracy_drop,77,0.6781471729278564,0.015926814781832103,0.678782057762146,0.016309726749924147,5
5000,subset_accuracy_drop,78,0.6780966520309448,0.015890716466297517,0.6787891864776612,0.016317414489438097,5
5000,subset_accuracy_drop,79,0.6780399560928345,0.01584694793838026,0.6787954926490783,0.0163225498755751,5
5000,subset_accuracy_drop,80,0.6779809355735779,0.015800165229469188,0.6788036823272705,0.01632944997632941,5
5000,subset_accuracy_drop,81,0.6779221057891845,0.015754595673705473,0.6788132786750793,0.01633931554625925,5
5000,subset_accuracy_drop,82,0.6778506755828857,0.015697945595433173,0.6788211822509765,0.016348779895131622,5
5000,subset_accuracy_drop,83,0.6777796626091004,0.015642927694161503,0.6788331508636475,0.01636366823308212,5
5000,subset_accuracy_drop,84,0.6777212858200073,0.015600894829066953,0.6788578152656555,0.01639271347930619,5
5000,subset_accuracy_drop,85,0.6776328563690186,0.01553036759412691,0.6788636326789856,0.016401117101137352,5
5000,subset_accuracy_drop,86,0.6775551557540893,0.015470028800071521,0.6788779377937317,0.016417652956433847,5
5000,subset_accuracy_drop,87,0.6775001525878906,0.015430700830264835,0.6789153099060059,0.01645810321748043,5
5000,subset_accuracy_drop,88,0.6774017095565796,0.015351131857268278,0.6789309024810791,0.016473373095715404,5
5000,subset_accuracy_drop,89,0.6773267030715943,0.015293382207133449,0.6789691567420959,0.016512927575401272,5
5000,subset_accuracy_drop,90,0.6772868275642395,0.015266919086171355,0.6790323495864868,0.01657955602810417,5
5000,subset_accuracy_drop,91,0.6771719813346863,0.015172837478423747,0.6790462374687195,0.016591461374407427,5
5000,subset_accuracy_drop,92,0.6770966053009033,0.01511418890685378,0.6790982246398926,0.016646836305039717,5
5000,subset_accuracy_drop,93,0.677054762840271,0.015085529550090829,0.6791697144508362,0.01672517103257711,5
5000,subset_accuracy_drop,94,0.6769382238388062,0.014992996490487864,0.6791877150535583,0.016745864723228893,5
5000,subset_accuracy_drop,95,0.6768717527389526,0.01494433679891146,0.6792560696601868,0.01682395607708908,5
5000,subset_accuracy_drop,96,0.6768199443817139,0.01490845861340773,0.6793060302734375,0.016881544888876547,5
5000,subset_accuracy_drop,97,0.6767100691795349,0.014822967742052186,0.6793207406997681,0.016898391853951075,5
5000,subset_accuracy_drop,98,0.6766499757766724,0.014780219379970297,0.6794089317321778,0.01699676884690047,5
5000,subset_accuracy_drop,99,0.6765765428543091,0.01472776906186008,0.6794018030166626,0.01698675138871774,5
5000,subset_accuracy_drop,100,0.6765021443367004,0.01467536407853974,0.6794719576835633,0.01705876191488861,5
5000,subset_accuracy_drop,101,0.6764549136161804,0.014648693089695049,0.6795172214508056,0.01711049700478045,5
5000,subset_accuracy_drop,102,0.6763466596603394,0.014563560199143007,0.6795363187789917,0.017119316674054433,5
5000,subset_accuracy_drop,103,0.6763007044792175,0.014536216801761367,0.6795996427536011,0.01718155767908674,5
5000,subset_accuracy_drop,104,0.6762263894081115,0.01448912727099901,0.6796061873435975,0.017186717385156598,5
5000,subset_accuracy_drop,105,0.6761236667633057,0.014409700382461402,0.6796611547470093,0.017235547002099907,5
5000,subset_accuracy_drop,106,0.6760977864265442,0.014399141190430294,0.6797181725502014,0.01729007974539704,5
5000,subset_accuracy_drop,107,0.6759958744049073,0.014334170616077616,0.6797080278396607,0.017273340766222636,5
5000,subset_accuracy_drop,108,0.6759416699409485,0.014295913500873787,0.6798417091369628,0.017409239791277894,5
5000,subset_accuracy_drop,109,0.6759033918380737,0.01427351740584524,0.679848027229309,0.017400792144297364,5
5000,subset_accuracy_drop,110,0.6757822275161743,0.014191891193054475,0.6798252463340759,0.017363293126364927,5
5000,subset_accuracy_drop,111,0.675740385055542,0.014167222445574695,0.6799663186073304,0.017505105268006693,5
5000,subset_accuracy_drop,112,0.6756534576416016,0.014111756069449088,0.6798967838287353,0.01741049396205646,5
5000,subset_accuracy_drop,113,0.675597071647644,0.014075457163643865,0.6799886345863342,0.01748901884534148,5
5000,subset_accuracy_drop,114,0.6755338072776794,0.014031705044316476,0.6800266027450561,0.017518250286144534,5
5000,subset_accuracy_drop,115,0.6754343748092652,0.013966965309965652,0.6800152063369751,0.01749374250626293,5
5000,subset_accuracy_drop,116,0.675398874282837,0.013952359941854215,0.6800910472869873,0.01756996453417943,5
5000,subset_accuracy_drop,117,0.6753333330154419,0.013915747525360416,0.6801392674446106,0.01762176796531815,5
5000,subset_accuracy_drop,118,0.6752477526664734,0.013858216460296112,0.6802018046379089,0.017668145494001152,5
5000,subset_accuracy_drop,119,0.6752576947212219,0.013873310996953608,0.680229389667511,0.01768908999164922,5
5000,subset_accuracy_drop,120,0.6751445770263672,0.013798213297486964,0.6803266644477844,0.017788384969645035,5
5000,subset_accuracy_drop,121,0.6750574231147766,0.013744169503308363,0.680288290977478,0.017749712257622376,5
5000,subset_accuracy_drop,122,0.6750045657157898,0.013709713385178719,0.6803483486175537,0.0178078988736003,5
5000,subset_accuracy_drop,123,0.6749319553375244,0.013663942259354024,0.6803799152374268,0.017832378905962936,5
5000,subset_accuracy_drop,124,0.6749079465866089,0.01364876491246173,0.6804555416107178,0.017883900050794554,5
5000,subset_accuracy_drop,125,0.6748479723930358,0.013615427204042315,0.6804565906524658,0.01788544106306707,5
5000,subset_accuracy_drop,126,0.6747479319572449,0.01356085560224134,0.6804506659507752,0.017896062800685425,5
5000,subset_accuracy_drop,127,0.6747525930404663,0.013579753348315536,0.6805777549743652,0.017981325882492714,5
5000,subset_accuracy_drop,128,0.6748498678207397,0.013735200072085797,0.6805920362472534,0.01799144254941443,5
5000,subset_accuracy_drop,129,0.6746582150459289,0.013562388162660529,0.6807193875312805,0.01814481776152873,5
5000,subset_accuracy_drop,130,0.6745533108711242,0.013463582196681381,0.6806474924087524,0.018047584390572267,5
5000,subset_accuracy_drop,131,0.6745960235595703,0.013575843267531414,0.6806810617446899,0.01808235209191902,5
5000,subset_accuracy_drop,132,0.6744130730628968,0.013395692209681485,0.6807210922241211,0.01812710374317858,5
5000,subset_accuracy_drop,133,0.6744542837142944,0.013475784892754061,0.6808547377586365,0.01823102541546664,5
5000,subset_accuracy_drop,134,0.6743467330932618,0.013400164520790486,0.6807455897331238,0.018134174184216287,5
5000,subset_accuracy_drop,135,0.6742924094200134,0.01337982658803544,0.6807450294494629,0.018123788873287878,5
5000,subset_accuracy_drop,136,0.6742494106292725,0.013365381239635734,0.6808770418167114,0.01823437727872301,5
5000,subset_accuracy_drop,137,0.6741816520690918,0.013320860736402497,0.680888044834137,0.018239691060638965,5
5000,subset_accuracy_drop,138,0.6741657614707947,0.01334524844505155,0.6808700203895569,0.018212224447959405,5
5000,subset_accuracy_drop,139,0.6741431474685669,0.013327450899745394,0.6810230493545533,0.018378473314304512,5
5000,subset_accuracy_drop,140,0.6742884635925293,0.01346019569312832,0.6811969161033631,0.018538746529963,5
5000,subset_accuracy_drop,141,0.6740310430526734,0.013277758979773284,0.68117196559906,0.01848797703117112,5
5000,subset_accuracy_drop,142,0.6739486932754517,0.013275646277883909,0.681135106086731,0.018438221183062372,5
5000,subset_accuracy_drop,143,0.6739686369895935,0.013277361545230642,0.6812580704689026,0.018561731793835714,5
5000,subset_accuracy_drop,144,0.6738412141799927,0.01324149495525729,0.6813710451126098,0.018647371787139655,5
5000,subset_accuracy_drop,145,0.6738133192062378,0.013222096139271116,0.6813820719718933,0.018666115470980026,5
5000,subset_accuracy_drop,146,0.6738533258438111,0.013277308762247348,0.6814186811447144,0.01865920147724847,5
5000,subset_accuracy_drop,147,0.6736821413040162,0.013178319860483146,0.6814423203468323,0.01867003259140427,5
5000,subset_accuracy_drop,148,0.6736622452735901,0.013178644936483448,0.6815523862838745,0.018771529157834546,5
5000,subset_accuracy_drop,149,0.6736027598381042,0.013181081103733129,0.6814646124839783,0.018653739016076292,5
5000,subset_accuracy_drop,150,0.6735460042953492,0.013147302944979329,0.6815008521080017,0.01866171599829991,5
5000,subset_accuracy_drop,151,0.6735335946083069,0.013179275047077051,0.6816488742828369,0.018796304860100015,5
5000,subset_accuracy_drop,152,0.6734104752540588,0.013103759488243947,0.6815423369407654,0.018641645355941653,5
5000,subset_accuracy_drop,153,0.6734857797622681,0.013181640935444019,0.6816155076026916,0.01870582734293801,5
5000,subset_accuracy_drop,154,0.6733575820922851,0.013124084486521592,0.6817051529884338,0.018739949995699525,5
5000,subset_accuracy_drop,155,0.6733407974243164,0.013132020979625122,0.6818124413490295,0.01886361009150363,5
5000,subset_accuracy_drop,156,0.6732881665229797,0.013139667969246392,0.6818155884742737,0.018823717421028622,5
5000,subset_accuracy_drop,157,0.6731966733932495,0.013095629448313882,0.6818364858627319,0.018865482821454813,5
5000,subset_accuracy_drop,158,0.6731261253356934,0.013080603164054546,0.6819228291511535,0.018937950226869272,5
5000,subset_accuracy_drop,159,0.6730860471725464,0.01308486641201128,0.6819139838218689,0.018872767106807697,5
5000,subset_accuracy_drop,160,0.6731305837631225,0.013137888742263407,0.6819669961929321,0.018886370769989308,5
5000,subset_accuracy_drop,161,0.6730746865272522,0.013142707213583663,0.6820783376693725,0.01895470018365298,5
5000,subset_accuracy_drop,162,0.6729585409164429,0.013094143311507718,0.6820626854896545,0.01897793731200289,5
5000,subset_accuracy_drop,163,0.6728629112243653,0.013071608952880792,0.6820566654205322,0.01894187543332213,5
5000,subset_accuracy_drop,164,0.672847592830658,0.01309514839645162,0.6821932196617126,0.019018112823262625,5
5000,subset_accuracy_drop,165,0.6727882623672485,0.013091062260232328,0.6822332620620728,0.01905571167916225,5
5000,subset_accuracy_drop,166,0.6727240443229675,0.013094098458314694,0.6822524070739746,0.019047682561519168,5
5000,subset_accuracy_drop,167,0.67267826795578,0.013101938523809553,0.6823707342147827,0.019119346200472273,5
5000,subset_accuracy_drop,168,0.6726181507110596,0.013088334381530004,0.6823801398277283,0.019114504622223305,5
5000,subset_accuracy_drop,169,0.672591257095337,0.013133002906820467,0.6824068069458008,0.019120991015252033,5
5000,subset_accuracy_drop,170,0.6725290894508362,0.013124092390796076,0.6824624061584472,0.019155312053649502,5
5000,subset_accuracy_drop,171,0.6724687099456788,0.013106966934049722,0.6825141787528992,0.019167304009456224,5
5000,subset_accuracy_drop,172,0.6724493980407715,0.013153872558581779,0.6824943780899048,0.019074924340680557,5
5000,subset_accuracy_drop,173,0.6723542928695678,0.013124123800678879,0.6825185894966126,0.01905957773902354,5
5000,subset_accuracy_drop,174,0.6723037123680115,0.0131220592218489,0.6825909972190857,0.01909340904846042,5
5000,subset_accuracy_drop,175,0.6723028659820557,0.013172184998624346,0.6826252698898315,0.01905462300852083,5
5000,subset_accuracy_drop,176,0.6722498774528504,0.013185638588274179,0.6827538013458252,0.01913985661436197,5
5000,subset_accuracy_drop,177,0.6721744537353516,0.013172621688353727,0.6828263521194458,0.01917303698212195,5
5000,subset_accuracy_drop,178,0.6720889568328857,0.013158037265242459,0.6828970074653625,0.019205801316794134,5
5000,subset_accuracy_drop,179,0.6720232367515564,0.013158597226324313,0.6829988718032837,0.019287906253954906,5
5000,subset_accuracy_drop,180,0.672010350227356,0.013189439503939655,0.6830976724624633,0.019301239556092687,5
5000,subset_accuracy_drop,181,0.6719282150268555,0.013181661268260673,0.6830333113670349,0.01924645485603446,5
5000,subset_accuracy_drop,182,0.6718711853027344,0.01319419588364371,0.6830372214317322,0.019200945127120273,5
5000,subset_accuracy_drop,183,0.6718701481819153,0.013244646923560822,0.6830706596374512,0.019154969390793426,5
5000,subset_accuracy_drop,184,0.6718259453773499,0.013242596399706342,0.6831872701644898,0.019248916143997902,5
5000,subset_accuracy_drop,185,0.6718056797981262,0.013250446620697947,0.6833034515380859,0.019249951548487344,5
5000,subset_accuracy_drop,186,0.6717237591743469,0.013225513334698655,0.6833775997161865,0.0193706327067784,5
5000,subset_accuracy_drop,187,0.6716890573501587,0.013278312310834576,0.6834192395210266,0.01927067537975749,5
5000,subset_accuracy_drop,188,0.6715738534927368,0.01325109539423862,0.683399772644043,0.019179994369865522,5
5000,subset_accuracy_drop,189,0.6715251326560974,0.01324004301208538,0.6833707690238953,0.01912328937643552,5
5000,subset_accuracy_drop,190,0.6715562820434571,0.01332766059114561,0.6834070563316346,0.019130637128575954,5
5000,subset_accuracy_drop,191,0.6715322852134704,0.01334499429694179,0.6835883498191834,0.01924810521579437,5
5000,subset_accuracy_drop,192,0.6714147210121155,0.013328579091519892,0.6834967374801636,0.01915063721497919,5
5000,subset_accuracy_drop,193,0.6713446378707886,0.013339388837615972,0.6835882186889648,0.019179050193230227,5
5000,subset_accuracy_drop,194,0.6714441061019898,0.013409850031033826,0.6839025974273681,0.019446133639653706,5
5000,subset_accuracy_drop,195,0.6713931202888489,0.013460636860352008,0.6837890148162842,0.019295063523518785,5
5000,subset_accuracy_drop,196,0.6712899327278137,0.013505570126095944,0.683713185787201,0.01910948785438186,5
5000,subset_accuracy_drop,197,0.6713586211204529,0.013595398757171123,0.6839790225028992,0.019253838113496145,5
5000,subset_accuracy_drop,198,0.6712861657142639,0.013608372108809486,0.6837941646575928,0.019110463781425942,5
5000,subset_accuracy_drop,199,0.6710532665252685,0.013417822304092181,0.683797562122345,0.019103446131732593,5
5000,subset_accuracy_drop,200,0.671116828918457,0.01355188798312544,0.6840967178344727,0.01929228875842328,5
5000,subset_accuracy_drop,201,0.6711568593978882,0.013706059352067992,0.684009599685669,0.019178267003573498,5
5000,subset_accuracy_drop,202,0.6709233045578002,0.01346393332345184,0.6840071558952332,0.019110623802585654,5
5000,subset_accuracy_drop,203,0.6709981083869934,0.013660579247851416,0.6842790961265564,0.019236065095408685,5
5000,subset_accuracy_drop,204,0.6709059238433838,0.013566199617421556,0.6841289043426514,0.01898184214529849,5
5000,subset_accuracy_drop,205,0.6708654403686524,0.013624380684551829,0.6841990232467652,0.019024917959533417,5
5000,subset_accuracy_drop,206,0.6707873106002807,0.01362497308648851,0.6842548847198486,0.019042399557694645,5
5000,subset_accuracy_drop,207,0.6707327246665955,0.01359519337845592,0.6842872738838196,0.018995084235033658,5
5000,subset_accuracy_drop,208,0.6706941485404968,0.013658259179789307,0.6842298626899719,0.019050985763439946,5
5000,subset_accuracy_drop,209,0.6705946445465087,0.013617245157578662,0.6843114733695984,0.019040939485161126,5
5000,subset_accuracy_drop,210,0.6705804705619812,0.013672038025212736,0.6844104886054992,0.018999456932630214,5
5000,subset_accuracy_drop,211,0.6705135941505432,0.013654004403107359,0.6843956589698792,0.018995785045393662,5
5000,subset_accuracy_drop,212,0.6705661177635193,0.013755053186160767,0.6846003055572509,0.019006475775033276,5
5000,subset_accuracy_drop,213,0.6705275774002075,0.013759131199824437,0.6846336126327515,0.019052372820631512,5
5000,subset_accuracy_drop,214,0.6704295396804809,0.013750597873683011,0.6848493337631225,0.019245768517065394,5
5000,subset_accuracy_drop,215,0.670303463935852,0.013731054661642992,0.6848631858825683,0.019271221819827013,5
5000,subset_accuracy_drop,216,0.6703804016113282,0.013799104909287785,0.684996771812439,0.01939555002847844,5
5000,subset_accuracy_drop,217,0.6704189300537109,0.013856555948909388,0.6852790713310242,0.019631162343755757,5
5000,subset_accuracy_drop,218,0.6702741861343384,0.01381531273596851,0.6850127220153809,0.019356773010088736,5
5000,subset_accuracy_drop,219,0.6701204538345337,0.013787996055684955,0.6849813461303711,0.0192689166968729,5
5000,subset_accuracy_drop,220,0.6702345609664917,0.013886209737416355,0.685250997543335,0.01949140278177826,5
5000,subset_accuracy_drop,221,0.6701076626777649,0.013860591861947982,0.6850135803222657,0.01926405650850001,5
5000,subset_accuracy_drop,222,0.67000412940979,0.013845067520425202,0.6850518465042115,0.019160143353718066,5
5000,subset_accuracy_drop,223,0.6700557470321655,0.013912311210114036,0.6852692842483521,0.01937995055748375,5
5000,subset_accuracy_drop,224,0.6699528336524964,0.01390287166183618,0.6851012587547303,0.019167577814889855,5
5000,subset_accuracy_drop,225,0.6698799848556518,0.013891913263449112,0.685172975063324,0.019164252514368423,5
5000,subset_accuracy_drop,226,0.6698390245437622,0.013915709806248122,0.6852041363716126,0.01912550540141953,5
5000,subset_accuracy_drop,227,0.6698223948478699,0.013973658720256459,0.6851606011390686,0.019045476184505934,5
5000,subset_accuracy_drop,228,0.6697953701019287,0.014005979637175894,0.6853488087654114,0.019006318072710433,5
5000,subset_accuracy_drop,229,0.6697277426719666,0.013963678690339373,0.6854203224182129,0.018870076113159644,5
5000,subset_accuracy_drop,230,0.6697033166885376,0.014000097981903112,0.6853911876678467,0.018991691872167173,5
5000,subset_accuracy_drop,231,0.6696643471717835,0.014042847567734376,0.685574758052826,0.018975390483979445,5
5000,subset_accuracy_drop,232,0.6696248888969422,0.014030308828784161,0.6855286955833435,0.01896793191035924,5
5000,subset_accuracy_drop,233,0.6695700883865356,0.014051702171605082,0.6856022477149963,0.019056773704170964,5
5000,subset_accuracy_drop,234,0.6695497632026672,0.014092527026093047,0.6855869054794311,0.019189558505518806,5
5000,subset_accuracy_drop,235,0.6694711923599244,0.014099258708613066,0.6854971885681153,0.019180474628738422,5
5000,subset_accuracy_drop,236,0.6694983005523681,0.01413254291887233,0.6856037259101868,0.01914664290631314,5
5000,subset_accuracy_drop,237,0.6695587635040283,0.014222983603692771,0.6857525825500488,0.01935434965413247,5
5000,subset_accuracy_drop,238,0.6696218132972718,0.014338291436709429,0.686004889011383,0.019354068683435807,5
5000,subset_accuracy_drop,239,0.6695014953613281,0.014286709967942533,0.6860011100769043,0.019326192686147704,5
5000,subset_accuracy_drop,240,0.6693064570426941,0.014167843330744724,0.6860697746276856,0.019467573574477134,5
5000,subset_accuracy_drop,241,0.669310986995697,0.014227064343397744,0.6860622644424439,0.01951040714553081,5
5000,subset_accuracy_drop,242,0.6692898750305176,0.014240620753111253,0.6860393404960632,0.019430409826388544,5
5000,subset_accuracy_drop,243,0.6691951513290405,0.014212990179440466,0.6860456943511963,0.019442791175035466,5
5000,subset_accuracy_drop,244,0.6691919922828674,0.01427269308398025,0.6860530734062195,0.019275142267642,5
5000,subset_accuracy_drop,245,0.6691672921180725,0.014285073229209279,0.6860315442085266,0.019188080434973928,5
5000,subset_accuracy_drop,246,0.6690587401390076,0.014260238561648292,0.6861098885536194,0.01914780634019939,5
5000,subset_accuracy_drop,247,0.6690866112709045,0.014352502694926127,0.6861941099166871,0.01932465698551669,5
5000,subset_accuracy_drop,248,0.6690609455108643,0.014356535112168466,0.6862334966659546,0.01941923625939018,5
5000,subset_accuracy_drop,249,0.6689743399620056,0.014320908456360346,0.686369526386261,0.019444360319563012,5
5000,subset_accuracy_drop,250,0.6689688801765442,0.014338323922491535,0.6863892793655395,0.019362864068198607,5
5000,subset_accuracy_drop,251,0.6689380168914795,0.014379454839423588,0.6864528059959412,0.01924123940911217,5
5000,subset_accuracy_drop,252,0.6690216779708862,0.014456228294889276,0.6864217758178711,0.01924989876293893,5
5000,subset_accuracy_drop,253,0.6689723610877991,0.014442859240233362,0.6865105509757996,0.019504118880662186,5
5000,subset_accuracy_drop,254,0.6687998652458191,0.014399378361852492,0.6863847255706788,0.019192269382969453,5
5000,subset_accuracy_drop,255,0.6689090251922607,0.014486769735782206,0.6865012168884277,0.019459995455107328,5
5000,subset_accuracy_drop,256,0.6690990328788757,0.014607645220811094,0.6870044589042663,0.019801360968459945,5
5000,subset_accuracy_drop,257,0.6688672184944153,0.014556740111388555,0.6866948962211609,0.019263788494014077,5
5000,subset_accuracy_drop,258,0.668648898601532,0.014510715003269692,0.6866326093673706,0.01916613868538446,5
5000,subset_accuracy_drop,259,0.6688470482826233,0.014557767192986104,0.6870109915733338,0.019564168629289152,5
5000,subset_accuracy_drop,260,0.6686941862106324,0.014552333807955783,0.6866311311721802,0.019289024583301218,5
5000,subset_accuracy_drop,261,0.6685832738876343,0.01456723962470909,0.6867327928543091,0.01933093836155655,5
5000,subset_accuracy_drop,262,0.6686574220657349,0.014589872069246102,0.6870019316673279,0.019576771417669385,5
5000,subset_accuracy_drop,263,0.6685166120529175,0.01455311816734361,0.6867857813835144,0.019198595735529247,5
5000,subset_accuracy_drop,264,0.6686659693717957,0.014659175829539395,0.6870039463043213,0.019253195330297374,5
5000,subset_accuracy_drop,265,0.6684357523918152,0.014609501795288204,0.686795997619629,0.01929247611191392,5
5000,subset_accuracy_drop,266,0.6685089588165283,0.014675542916305037,0.6868302941322326,0.01936838125807717,5
5000,subset_accuracy_drop,267,0.6684287548065185,0.01470162211200046,0.6868005871772767,0.019119672748249793,5
5000,subset_accuracy_drop,268,0.6683478116989136,0.014699291818154693,0.6867926597595215,0.01896990637603658,5
5000,subset_accuracy_drop,269,0.6683857679367066,0.014740008477922072,0.6870551347732544,0.019202329749255845,5
5000,subset_accuracy_drop,270,0.6682624101638794,0.014720850302978653,0.686965012550354,0.019121530315261932,5
5000,subset_accuracy_drop,271,0.6683775663375855,0.014783626926397836,0.687030303478241,0.019205972027432523,5
5000,subset_accuracy_drop,272,0.6682213187217713,0.014775220963553276,0.6871746897697448,0.019059612354812024,5
5000,subset_accuracy_drop,273,0.6682649374008178,0.01477061260151614,0.6873164534568786,0.018920587732528645,5
5000,subset_accuracy_drop,274,0.6681135892868042,0.014777487368787853,0.6872309565544128,0.01885823259317907,5
5000,subset_accuracy_drop,275,0.668046510219574,0.014778066130023488,0.6871216893196106,0.018908794433337497,5
5000,subset_accuracy_drop,276,0.668106985092163,0.014782909292511663,0.6871944904327393,0.019035644579745718,5
5000,subset_accuracy_drop,277,0.6680137157440186,0.01484840581175715,0.6871010661125183,0.018947223274639165,5
5000,subset_accuracy_drop,278,0.6680204510688782,0.014884971694080356,0.6871184468269348,0.018856144530483565,5
5000,subset_accuracy_drop,279,0.6679206967353821,0.014828151994224027,0.6873401165008545,0.01883035901984837,5
5000,subset_accuracy_drop,280,0.6678699374198913,0.014907903986915045,0.6874843716621399,0.018940694474198536,5
5000,subset_accuracy_drop,281,0.6678381562232971,0.01489959155684866,0.6874894857406616,0.019008814692319687,5
5000,subset_accuracy_drop,282,0.6679027915000916,0.014971042016005215,0.6876972675323486,0.019134564873755193,5
5000,subset_accuracy_drop,283,0.667826509475708,0.015029138606042962,0.6877621412277222,0.019178167634984845,5
5000,subset_accuracy_drop,284,0.6677663922309875,0.014948801769912262,0.6878963470458984,0.019111840993491114,5
5000,subset_accuracy_drop,285,0.667705523967743,0.014951638625810558,0.6878177523612976,0.019108250840466127,5
5000,subset_accuracy_drop,286,0.6676711559295654,0.0149698704305668,0.6877315402030945,0.019152700870545537,5
5000,subset_accuracy_drop,287,0.6676698207855225,0.014994983524169862,0.6879069209098816,0.019036618096753763,5
5000,subset_accuracy_drop,288,0.6675828337669373,0.015048839801626288,0.6878899574279785,0.018874458827141734,5
5000,subset_accuracy_drop,289,0.6675577044487,0.015091996361231461,0.6878791928291321,0.018938281357710474,5
5000,subset_accuracy_drop,290,0.667551600933075,0.015163834217875476,0.6880425572395324,0.019082818841562585,5
5000,subset_accuracy_drop,291,0.6675220489501953,0.01517667027295498,0.6880859017372132,0.01920199482458361,5
5000,subset_accuracy_drop,292,0.6675052046775818,0.015157573015678912,0.6881383538246155,0.019136413187626877,5
5000,subset_accuracy_drop,293,0.667474889755249,0.015172675713502332,0.6882276892662048,0.018949568449492287,5
5000,subset_accuracy_drop,294,0.6674201369285584,0.015202573342768881,0.6880487322807312,0.018831467881615122,5
5000,subset_accuracy_drop,295,0.6673500061035156,0.015208727991641099,0.6880361557006835,0.018911456599456308,5
5000,subset_accuracy_drop,296,0.6673089027404785,0.01520655771315988,0.6880748629570007,0.018886219229112104,5
5000,subset_accuracy_drop,297,0.6672794580459595,0.015218094039865602,0.6881447911262513,0.01893307689974983,5
5000,subset_accuracy_drop,298,0.6672588109970092,0.01528533722300524,0.6881085634231567,0.018942004298892024,5
5000,subset_accuracy_drop,299,0.6671856880187989,0.01529886083940683,0.6880616664886474,0.018985910658066422,5
5000,subset_accuracy_drop,300,0.6671849846839905,0.015244957333189228,0.688138997554779,0.01897163525642787,5
5000,subset_accuracy_drop,301,0.6671647429466248,0.01525968944005597,0.6883317112922669,0.018774731559182585,5
5000,subset_accuracy_drop,302,0.6671357870101928,0.01537420955694641,0.6885851979255676,0.01880006970616217,5
5000,subset_accuracy_drop,303,0.6670910954475403,0.015368227336539727,0.6885824084281922,0.01884540397886759,5
5000,subset_accuracy_drop,304,0.6670203447341919,0.01533162647906359,0.6887288570404053,0.018810722388888236,5
5000,subset_accuracy_drop,305,0.6669574737548828,0.015361419527950823,0.6887574672698975,0.018852381288405672,5
5000,subset_accuracy_drop,306,0.6669674873352051,0.01543435654662195,0.6887654900550843,0.01892420527370568,5
5000,subset_accuracy_drop,307,0.6669916987419129,0.015419892971866085,0.6889454245567321,0.019122310536514465,5
5000,subset_accuracy_drop,308,0.6669263005256653,0.015421268579993042,0.6889425635337829,0.0190337177853203,5
5000,subset_accuracy_drop,309,0.6668701887130737,0.01540546854475086,0.6890987157821655,0.018583190694191253,5
5000,subset_accuracy_drop,310,0.6668737769126892,0.01539170797348613,0.6889188766479493,0.0184347789543308,5
5000,subset_accuracy_drop,311,0.6668808698654175,0.015453267119768896,0.688850712776184,0.018443956575969363,5
5000,subset_accuracy_drop,312,0.6667890787124634,0.015486456670035322,0.6888612270355224,0.018474445892213625,5
5000,subset_accuracy_drop,313,0.6667842626571655,0.015441285742728706,0.6888785600662232,0.01857172667000783,5
5000,subset_accuracy_drop,314,0.6667222142219543,0.01545560179082671,0.6890914797782898,0.018575187215205458,5
5000,subset_accuracy_drop,315,0.6667129278182984,0.01556689607018775,0.6891432523727417,0.01872702953121057,5
5000,subset_accuracy_drop,316,0.666772210597992,0.015444186744664638,0.6891860604286194,0.01881059677092393,5
5000,subset_accuracy_drop,317,0.6667320132255554,0.015396245184711535,0.6893456935882568,0.01863748430179154,5
5000,subset_accuracy_drop,318,0.6666316390037537,0.015598698207273866,0.6891937136650086,0.01875243834798531,5
5000,subset_accuracy_drop,319,0.6666323900222778,0.01553879852957827,0.6892248511314392,0.018712059425820615,5
5000,subset_accuracy_drop,320,0.6665262937545776,0.015486448076073295,0.6891148328781128,0.018794370178083157,5
5000,subset_accuracy_drop,321,0.6665135622024536,0.015592012355083638,0.6890153527259827,0.018825761775686227,5
5000,subset_accuracy_drop,322,0.666494619846344,0.0156125268922288,0.6890302658081054,0.018762928766757198,5
5000,subset_accuracy_drop,323,0.6664573788642884,0.015580335101436131,0.689118480682373,0.018623273256880794,5
5000,subset_accuracy_drop,324,0.6664739727973938,0.015577699969667454,0.6891735911369323,0.018687907058266003,5
5000,subset_accuracy_drop,325,0.6664627671241761,0.015629030205994435,0.6894530892372132,0.01870049959163099,5
5000,subset_accuracy_drop,326,0.6663873791694641,0.015665113431415103,0.6895816326141357,0.018702582426005945,5
5000,subset_accuracy_drop,327,0.6663740873336792,0.015602229105398348,0.6895931839942933,0.01878269818259705,5
5000,subset_accuracy_drop,328,0.6664207816123963,0.015689314998083365,0.689531397819519,0.01872276167502099,5
5000,subset_accuracy_drop,329,0.6663592696189881,0.015789513880193708,0.689650559425354,0.018709142951005432,5
5000,subset_accuracy_drop,330,0.666327178478241,0.015753159898664746,0.6895864248275757,0.018473297859605352,5
5000,subset_accuracy_drop,331,0.666318392753601,0.01567979471012324,0.6898064136505127,0.018346116859355627,5
5000,subset_accuracy_drop,332,0.6662191390991211,0.015739457003059336,0.6896721839904785,0.01847579776511948,5
5000,subset_accuracy_drop,333,0.6661876678466797,0.015746231990311346,0.689551591873169,0.018493994544479104,5
5000,subset_accuracy_drop,334,0.6661997437477112,0.01576258448783159,0.6897017598152161,0.018461548739468484,5
5000,subset_accuracy_drop,335,0.666158390045166,0.015787022476778715,0.6896228075027466,0.018401142720216784,5
5000,subset_accuracy_drop,336,0.6660759687423706,0.015747173952512322,0.6895898461341858,0.018429111394263297,5
5000,subset_accuracy_drop,337,0.6660936951637269,0.015736708681227805,0.6895194411277771,0.018614897481274588,5
5000,subset_accuracy_drop,338,0.6661542177200317,0.01581759270829648,0.6897198557853699,0.018896035819188847,5
5000,subset_accuracy_drop,339,0.6661613702774047,0.015874156630128214,0.6898851513862609,0.018523456400610684,5
5000,subset_accuracy_drop,340,0.6659999370574952,0.015777091235927788,0.6900546312332153,0.018508740997400703,5
5000,subset_accuracy_drop,341,0.6659730553627015,0.015768303954755324,0.690101420879364,0.01868336323584506,5
5000,subset_accuracy_drop,342,0.6661067485809327,0.015853016822150547,0.6902576446533203,0.018803600035135124,5
5000,subset_accuracy_drop,343,0.6660253405570984,0.015890451540181188,0.6903670430183411,0.018682994468931433,5
5000,subset_accuracy_drop,344,0.6658785223960877,0.01587061834485274,0.6902745842933655,0.018281604815537447,5
5000,subset_accuracy_drop,345,0.6658692598342896,0.015864578929352335,0.6901633739471436,0.018357126271157213,5
5000,subset_accuracy_drop,346,0.6659141182899475,0.0158549011071025,0.690145218372345,0.01856984631230983,5
5000,subset_accuracy_drop,347,0.6658898115158081,0.015880710272107124,0.6901743412017822,0.01840014058225862,5
5000,subset_accuracy_drop,348,0.6657984375953674,0.015842716353936567,0.6900476336479187,0.018227014817881186,5
5000,subset_accuracy_drop,349,0.6657721877098084,0.015855300586958356,0.6899967312812805,0.01817093859040863,5
5000,subset_accuracy_drop,350,0.6657449960708618,0.015867726833808767,0.6899101138114929,0.018242063758810878,5
5000,subset_accuracy_drop,351,0.6657303094863891,0.015839719761151203,0.6899780631065369,0.018345244815284902,5
5000,subset_accuracy_drop,352,0.665688669681549,0.01587509173423777,0.6900927543640136,0.018281751305808447,5
5000,subset_accuracy_drop,353,0.6656774282455444,0.015913078591471543,0.6901387810707093,0.018211964161822955,5
5000,subset_accuracy_drop,354,0.6656633257865906,0.015934535409213073,0.6901708722114563,0.018333529502588777,5
5000,subset_accuracy_drop,355,0.6656709432601928,0.01586208300369798,0.6901324987411499,0.018322349562083867,5
5000,subset_accuracy_drop,356,0.6656524777412415,0.015942540014177647,0.690542209148407,0.01810915799865793,5
5000,subset_accuracy_drop,357,0.6656716823577881,0.016033778592512638,0.6905980825424194,0.018146887615879546,5
5000,subset_accuracy_drop,358,0.6656691789627075,0.01604317389176802,0.6908040761947631,0.018329552977079566,5
5000,subset_accuracy_drop,359,0.6656395196914673,0.015956360545791252,0.6908789277076721,0.018444102434270335,5
5000,subset_accuracy_drop,360,0.6655452013015747,0.015955113767596483,0.6907945990562439,0.0185565562911968,5
5000,subset_accuracy_drop,361,0.6655795931816101,0.016061032849400317,0.6909780263900757,0.018540024574173537,5
5000,subset_accuracy_drop,362,0.6656507134437561,0.016161097473551825,0.6907496809959411,0.018646893850871586,5
5000,subset_accuracy_drop,363,0.6655826926231384,0.016112785274378906,0.6906775832176208,0.01858056838532728,5
5000,subset_accuracy_drop,364,0.6654854059219361,0.016066423520639833,0.690289843082428,0.01864248972171353,5
5000,subset_accuracy_drop,365,0.6654452681541443,0.016099290390855107,0.6905297040939331,0.018604980445469706,5
5000,subset_accuracy_drop,366,0.6654774427413941,0.016045803001304683,0.6908534407615662,0.01835725622576468,5
5000,subset_accuracy_drop,367,0.6654520750045776,0.016100690280507604,0.6907266616821289,0.018475637082321375,5
5000,subset_accuracy_drop,368,0.6654028534889221,0.01608774989354234,0.6907846331596375,0.018614572575802225,5
5000,subset_accuracy_drop,369,0.6653440713882446,0.0160040153118194,0.6907590746879577,0.018314371727645863,5
5000,subset_accuracy_drop,370,0.6653863430023194,0.016104271043644824,0.6908017516136169,0.0180541728267869,5
5000,subset_accuracy_drop,371,0.6653921127319335,0.016093809857937846,0.6910850167274475,0.01792997197390904,5
5000,subset_accuracy_drop,372,0.6653288125991821,0.016032867027856574,0.6909561872482299,0.017972129774110154,5
5000,subset_accuracy_drop,373,0.6652877688407898,0.016076125465214548,0.6910498738288879,0.018224405875533416,5
5000,subset_accuracy_drop,374,0.6653295755386353,0.016103784735883673,0.6913450360298157,0.01807333760060487,5
5000,subset_accuracy_drop,375,0.6653363823890686,0.015980343005641672,0.6911702036857605,0.017990853819725632,5
5000,subset_accuracy_drop,376,0.6652067422866821,0.01608303019505734,0.6910428643226624,0.018323805073031746,5
5000,subset_accuracy_drop,377,0.6652845859527587,0.016172052583816574,0.6909380793571472,0.018501158354843766,5
5000,subset_accuracy_drop,378,0.6652423858642578,0.016111378559930892,0.6908123135566712,0.01849166567280568,5
5000,subset_accuracy_drop,379,0.6651141166687011,0.016132601493873668,0.6909788489341736,0.018665051831195798,5
5000,subset_accuracy_drop,380,0.6651405930519104,0.016177973653818352,0.6909907579421997,0.018746303325473546,5
5000,subset_accuracy_drop,381,0.6651525974273682,0.01615977440337219,0.6911698579788208,0.018766316610742156,5
5000,subset_accuracy_drop,382,0.6650791525840759,0.016099299062758123,0.691266405582428,0.018585612533468913,5
5000,subset_accuracy_drop,383,0.6650418400764465,0.016119114626559513,0.6912591814994812,0.018486746741744182,5
5000,subset_accuracy_drop,384,0.6650385618209839,0.016184384887924338,0.6913562774658203,0.018538266861337804,5
5000,subset_accuracy_drop,385,0.665036678314209,0.016123585037002213,0.691426944732666,0.018422315630026404,5
5000,subset_accuracy_drop,386,0.6650027632713318,0.016097897689436213,0.6914515852928161,0.01847237442568243,5
5000,subset_accuracy_drop,387,0.6649651765823364,0.016180921491671284,0.6914078235626221,0.01842605074957923,5
5000,subset_accuracy_drop,388,0.6649290561676026,0.01618695242954771,0.6914087653160095,0.018316916451424366,5
5000,subset_accuracy_drop,389,0.6648785710334778,0.016187754909392216,0.6915414094924927,0.018252315653107868,5
5000,subset_accuracy_drop,390,0.6648537635803222,0.01621173964175282,0.6914609909057617,0.018247721823884323,5
5000,subset_accuracy_drop,391,0.6648618578910828,0.016250659002327146,0.6914923429489136,0.018369109783497057,5
5000,subset_accuracy_drop,392,0.6648567080497741,0.016214155049423657,0.6915709137916565,0.01840017020611837,5
5000,subset_accuracy_drop,393,0.6647757172584534,0.016189224231757914,0.6914956331253052,0.01833824905047272,5
5000,subset_accuracy_drop,394,0.6648849248886108,0.016250720298302223,0.691683578491211,0.01862312078205305,5
5000,subset_accuracy_drop,395,0.6649156212806702,0.01620957537853816,0.6916885733604431,0.01887296948165652,5
5000,subset_accuracy_drop,396,0.6647622346878052,0.016179303023837126,0.6915085673332214,0.018526320942443043,5
5000,subset_accuracy_drop,397,0.6648193955421448,0.016221993338448856,0.6916705369949341,0.01852463032906596,5
5000,subset_accuracy_drop,398,0.6649861574172974,0.01632592397452497,0.6917717099189759,0.018837961278633884,5
5000,subset_accuracy_drop,399,0.6648250937461853,0.016257117594852755,0.6916809558868409,0.018481985188777923,5
5000,subset_accuracy_drop,400,0.6646486282348633,0.016206819635246537,0.6914804816246033,0.0184343719420121,5
5000,subset_accuracy_drop,401,0.6646693348884583,0.01626565062546862,0.6917670965194702,0.018535157158955845,5
5000,subset_accuracy_drop,402,0.6647549748420716,0.0163604954839017,0.6921464323997497,0.01835404614075432,5
5000,subset_accuracy_drop,403,0.664650809764862,0.016298734483136706,0.6918042302131653,0.018232990277197235,5
5000,subset_accuracy_drop,404,0.6646017074584961,0.016251844387439984,0.6917855262756347,0.018294838867649217,5
5000,subset_accuracy_drop,405,0.6646365880966186,0.016271843495453013,0.6916970491409302,0.018184751110578698,5
5000,subset_accuracy_drop,406,0.6646262407302856,0.01633672320322443,0.6916074395179749,0.01810514604395113,5
5000,subset_accuracy_drop,407,0.6647163271903992,0.01626921023008133,0.6921609997749328,0.018226676186801613,5
5000,subset_accuracy_drop,408,0.6645530462265015,0.016264178482836743,0.6920326352119446,0.017994194075278705,5
5000,subset_accuracy_drop,409,0.6645251989364624,0.016365122148637508,0.6918234467506409,0.018087942252608177,5
5000,subset_accuracy_drop,410,0.6646069169044495,0.016335857362164804,0.6920976758003234,0.018504400029510634,5
5000,subset_accuracy_drop,411,0.6644675254821777,0.01627686098207376,0.6918837785720825,0.01824053778801117,5
5000,subset_accuracy_drop,412,0.664474093914032,0.016281175410245548,0.6918171763420105,0.018238056801683684,5
5000,subset_accuracy_drop,413,0.6645001173019409,0.016256585714735833,0.691929817199707,0.018399288540737947,5
5000,subset_accuracy_drop,414,0.6644675850868225,0.01617837610347801,0.691780149936676,0.018092027438926843,5
5000,subset_accuracy_drop,415,0.6645708680152893,0.016226934346604115,0.6921463727951049,0.01795496503139873,5
5000,subset_accuracy_drop,416,0.6644439816474914,0.016315540601535373,0.692286467552185,0.018218993204164126,5
5000,subset_accuracy_drop,417,0.6644013404846192,0.01626675298063542,0.6921231269836425,0.018166657381891264,5
5000,subset_accuracy_drop,418,0.6645610690116882,0.01622647370943214,0.6923830151557923,0.018293809305288955,5
5000,subset_accuracy_drop,419,0.6643371820449829,0.016299718573175716,0.6922260761260987,0.018353368101874958,5
5000,subset_accuracy_drop,420,0.6644025325775147,0.01632033944200479,0.6922349452972412,0.018200602105619947,5
5000,subset_accuracy_drop,421,0.6643537282943726,0.016254011163894033,0.6924129962921143,0.01790483847523163,5
5000,subset_accuracy_drop,422,0.6642815828323364,0.016249079038221072,0.6921781539916992,0.01795531867741832,5
5000,subset_accuracy_drop,423,0.664306354522705,0.016249756149527738,0.6922199130058289,0.01811368159990186,5
5000,subset_accuracy_drop,424,0.6643226146697998,0.016206866348798324,0.6922282099723815,0.01821140006796051,5
5000,subset_accuracy_drop,425,0.6642367005348205,0.01627693395493845,0.6921535611152649,0.018231048145714475,5
5000,subset_accuracy_drop,426,0.6642847776412963,0.01630407518473816,0.6924793481826782,0.018047488744351522,5
5000,subset_accuracy_drop,427,0.6641805410385132,0.01625170825200285,0.6923018574714661,0.018140624867339333,5
5000,subset_accuracy_drop,428,0.6642164707183837,0.01625984358006102,0.6921568274497986,0.018363048673949552,5
5000,subset_accuracy_drop,429,0.6642467856407166,0.016330602943854303,0.6923163771629334,0.018448828404153517,5
5000,subset_accuracy_drop,430,0.6641539454460144,0.016330922681580047,0.692185890674591,0.01824025368935933,5
5000,subset_accuracy_drop,431,0.6641781806945801,0.016259576504690575,0.6922881722450256,0.0182483051244971,5
5000,subset_accuracy_drop,432,0.6641817688941956,0.016293940640867765,0.6921885013580322,0.018376792563458297,5
5000,subset_accuracy_drop,433,0.6641810178756714,0.016315817958183734,0.6923300862312317,0.01833767150454463,5
5000,subset_accuracy_drop,434,0.6641212105751038,0.016225488556361935,0.6926569223403931,0.018078340170174453,5
5000,subset_accuracy_drop,435,0.6640912771224976,0.0163135439487938,0.6926493406295776,0.018034524359537535,5
5000,subset_accuracy_drop,436,0.6641090869903564,0.016367898245180253,0.6924917459487915,0.018415011638304935,5
5000,subset_accuracy_drop,437,0.6640974521636963,0.01631949052384358,0.6925480484962463,0.01841965673538906,5
5000,subset_accuracy_drop,438,0.6640296220779419,0.01636262747698991,0.6923652052879333,0.018292716660434572,5
5000,subset_accuracy_drop,439,0.6640255093574524,0.01637595533836043,0.6923638701438903,0.01818552879723207,5
5000,subset_accuracy_drop,440,0.6639921069145203,0.016318655086202005,0.6925997853279113,0.018256022183138546,5
5000,subset_accuracy_drop,441,0.6640201807022095,0.01630765039700756,0.6924303531646728,0.018514184931989544,5
5000,subset_accuracy_drop,442,0.6639525771141053,0.016253473854617593,0.692589545249939,0.018534405417271534,5
5000,subset_accuracy_drop,443,0.6639002203941345,0.016354166492309852,0.6928053498268127,0.018568490965660864,5
5000,subset_accuracy_drop,444,0.6640138268470764,0.016345499502865724,0.692761766910553,0.018578733647846072,5
5000,subset_accuracy_drop,445,0.6639067888259887,0.01624157135340003,0.6927736759185791,0.018690658528657873,5
5000,subset_accuracy_drop,446,0.6638545632362366,0.016265371574835773,0.6927151560783387,0.01870294988726512,5
5000,subset_accuracy_drop,447,0.6639148950576782,0.016302423748346437,0.6927122712135315,0.018455648878027482,5
5000,subset_accuracy_drop,448,0.663761830329895,0.016297890633646284,0.6927564382553101,0.018319374172175974,5
5000,subset_accuracy_drop,449,0.6638218283653259,0.016328450276786154,0.6928245425224304,0.01837970291469511,5
5000,subset_accuracy_drop,450,0.6638870358467102,0.016362668215733407,0.6925909399986268,0.018454369907423378,5
5000,subset_accuracy_drop,451,0.6637127518653869,0.01631847664404285,0.6925449013710022,0.018304296857980448,5
5000,subset_accuracy_drop,452,0.6637560367584229,0.016185412609471872,0.6925376892089844,0.01823976036439285,5
5000,subset_accuracy_drop,453,0.6637945175170898,0.016197427359476248,0.692636513710022,0.017931836518678444,5
5000,subset_accuracy_drop,454,0.6637224435806275,0.016323488020399166,0.6927281975746155,0.018161823994488045,5
5000,subset_accuracy_drop,455,0.6637567639350891,0.016169619621307186,0.6925950527191163,0.01843161884691422,5
5000,subset_accuracy_drop,456,0.6636792540550231,0.01624414800355377,0.6927273869514465,0.018347176674205153,5
5000,subset_accuracy_drop,457,0.663706386089325,0.016377367305721237,0.693071472644806,0.018482271628461007,5
5000,subset_accuracy_drop,458,0.6637322306632996,0.01623550111972168,0.6930424809455872,0.01868547267505788,5
5000,subset_accuracy_drop,459,0.6635947346687316,0.016175879277627016,0.6931444048881531,0.018763571483298047,5
5000,subset_accuracy_drop,460,0.6636366367340087,0.016354775532165942,0.6931587815284729,0.01890163991999337,5
5000,subset_accuracy_drop,461,0.663678252696991,0.01624724813549695,0.6929698824882508,0.018554104484852153,5
5000,subset_accuracy_drop,462,0.6636047720909118,0.016243893901918934,0.6930860638618469,0.01837312754297826,5
5000,subset_accuracy_drop,463,0.6635293006896973,0.016311403004759587,0.6929856181144715,0.018234446086018534,5
5000,subset_accuracy_drop,464,0.663572120666504,0.01623771449194767,0.6931147336959839,0.0182865557166854,5
5000,subset_accuracy_drop,465,0.6635007739067078,0.016317057533152282,0.6933737874031067,0.01823313026191512,5
5000,subset_accuracy_drop,466,0.6634677171707153,0.01623233968622747,0.6933679938316345,0.018245021096134278,5
5000,subset_accuracy_drop,467,0.6634927868843079,0.01627589943750905,0.6931952834129333,0.018479776522197656,5
5000,subset_accuracy_drop,468,0.6634034156799317,0.016296116980342112,0.6933039426803589,0.018468450860354552,5
5000,subset_accuracy_drop,469,0.6634473085403443,0.016242552427366178,0.6936109781265258,0.01829270445038812,5
5000,subset_accuracy_drop,470,0.6634416699409484,0.016239247141243463,0.6935841917991639,0.01843093454976075,5
5000,subset_accuracy_drop,471,0.6633736729621887,0.01626343366205923,0.6933190226554871,0.018669399476779796,5
5000,subset_accuracy_drop,472,0.6633987665176392,0.016219394980408666,0.6932600498199463,0.01840428692108669,5
5000,subset_accuracy_drop,473,0.6633758664131164,0.016265047699291463,0.6933351278305053,0.018133778244199678,5
5000,subset_accuracy_drop,474,0.6633819818496705,0.016286926760022767,0.6933146953582764,0.018106001263010794,5
5000,subset_accuracy_drop,475,0.6633349299430847,0.016303372633037525,0.6934005498886109,0.01827830076180722,5
5000,subset_accuracy_drop,476,0.6633445143699646,0.016283369415769654,0.6934356093406677,0.018427350768740483,5
5000,subset_accuracy_drop,477,0.6633108854293823,0.016268903231748785,0.6935091853141785,0.018514282311843926,5
5000,subset_accuracy_drop,478,0.6632991909980774,0.016317488970147957,0.6936336398124695,0.01849669028029278,5
5000,subset_accuracy_drop,479,0.6633048057556152,0.016266402830650308,0.693798565864563,0.018509012956810792,5
5000,subset_accuracy_drop,480,0.6632739186286927,0.016285681853817208,0.6936534404754638,0.018588952208732412,5
5000,subset_accuracy_drop,481,0.6632818222045899,0.01631747798776101,0.6937852740287781,0.018534692283984563,5
5000,subset_accuracy_drop,482,0.6632631540298461,0.016255331487859237,0.6936950325965882,0.01837182175501739,5
5000,subset_accuracy_drop,483,0.6632250428199769,0.01630154601906425,0.6935923218727111,0.01817721634990674,5
5000,subset_accuracy_drop,484,0.6632678866386413,0.016287877682359047,0.6936320066452026,0.018117090687499556,5
5000,subset_accuracy_drop,485,0.6632328033447266,0.016272907729444744,0.6934378266334533,0.018439002583951678,5
5000,subset_accuracy_drop,486,0.663248610496521,0.016320580146432388,0.6935476064682007,0.01847247961952195,5
5000,subset_accuracy_drop,487,0.6632790088653564,0.01625113429674689,0.6936381220817566,0.01832526203340639,5
5000,subset_accuracy_drop,488,0.6631591081619262,0.01631613184318464,0.6936187744140625,0.018378552173513595,5
5000,subset_accuracy_drop,489,0.663203501701355,0.016233402239440423,0.6937189102172852,0.0182770748726509,5
5000,subset_accuracy_drop,490,0.6632587552070618,0.0162627894540625,0.6938411831855774,0.018122795109391042,5
5000,subset_accuracy_drop,491,0.6632438659667969,0.016328616952815202,0.6937117338180542,0.018169314656410484,5
5000,subset_accuracy_drop,492,0.6631617307662964,0.016186614554758703,0.6936652421951294,0.018152257012376397,5
5000,subset_accuracy_drop,493,0.6630960941314697,0.016272144837108645,0.6937055349349975,0.018269313617614073,5
5000,subset_accuracy_drop,494,0.663161301612854,0.016307485659652298,0.6938581109046936,0.018507386379958822,5
5000,subset_accuracy_drop,495,0.6631461977958679,0.016064068546866005,0.6939138889312744,0.018883247627077757,5
5000,subset_accuracy_drop,496,0.6630746364593506,0.01621494297613977,0.6940675735473633,0.018818012968736697,5
5000,subset_accuracy_drop,497,0.6631494045257569,0.016259217739846996,0.6941408395767212,0.018455634617318497,5
5000,subset_accuracy_drop,498,0.6630567312240601,0.016181945022977588,0.6939600348472595,0.01827849043949154,5
5000,subset_accuracy_drop,499,0.6630999207496643,0.016250166161825733,0.693852961063385,0.01826982698492374,5
5000,subset_accuracy_drop,500,0.6632076382637024,0.016284772319604002,0.6942095160484314,0.01815902349679351,5
5000,subset_accuracy_drop,501,0.6629839301109314,0.016267817871561226,0.6939764022827148,0.01823967074050446,5
5000,subset_accuracy_drop,502,0.6631038665771485,0.016060810274030887,0.6939048409461975,0.0182396938575327,5
5000,subset_accuracy_drop,503,0.6631232023239135,0.016327646572022615,0.6940683722496033,0.018143563878532363,5
5000,subset_accuracy_drop,504,0.6630791902542115,0.016351992169785116,0.6938260555267334,0.018237466914077488,5
5000,subset_accuracy_drop,505,0.6630303502082825,0.01620744937301638,0.6940703988075256,0.018390925900063877,5
5000,subset_accuracy_drop,506,0.6629491567611694,0.016254753199210565,0.6939674615859985,0.01835523949101315,5
5000,subset_accuracy_drop,507,0.6629591941833496,0.016233449023872366,0.6939526915550231,0.018348324685893893,5
5000,subset_accuracy_drop,508,0.6630444049835205,0.016352495532075052,0.6941487789154053,0.01861206136244139,5
5000,subset_accuracy_drop,509,0.6629575252532959,0.016232288220544663,0.6940413832664489,0.018593838806390223,5
5000,subset_accuracy_drop,510,0.6628688931465149,0.01620316260247372,0.694203233718872,0.01836036924827932,5
5000,subset_accuracy_drop,511,0.6629368901252747,0.016331114954784058,0.6943340063095093,0.018336349018612835,5
5000,subset_accuracy_drop,512,0.6629717826843262,0.016223529880556878,0.6940117835998535,0.018345624962642807,5
5000,subset_accuracy_drop,513,0.6628047943115234,0.016241057147080382,0.6941453218460083,0.018363003954251972,5
5000,subset_accuracy_drop,514,0.6629535794258118,0.016304902930549127,0.694519865512848,0.018367062288732194,5
5000,subset_accuracy_drop,515,0.6629390239715576,0.016282868811626564,0.6943936824798584,0.018481452237572544,5
5000,subset_accuracy_drop,516,0.6627919554710389,0.0161881766280637,0.694301187992096,0.018581783414283484,5
5000,subset_accuracy_drop,517,0.6627998948097229,0.016219826384574306,0.6943341851234436,0.018542123602238034,5
5000,subset_accuracy_drop,518,0.6627985835075378,0.01626006790218145,0.6943648815155029,0.01842815839286511,5
5000,subset_accuracy_drop,519,0.6627798080444336,0.01615586822666018,0.6945419549942017,0.018374936958689424,5
10000,endpoint,1,1.2024070024490356,0.011817400341671846,1.2029191732406617,0.011583494745003092,5
10000,endpoint,2,1.202466082572937,0.011877760289774138,1.203002119064331,0.011620362717757562,5
10000,endpoint,3,1.2026055812835694,0.011954966481486543,1.2031763553619386,0.011670197359194433,5
10000,endpoint,4,1.2028609752655028,0.012054131098314722,1.2034746646881103,0.011737736297745953,5
10000,endpoint,5,1.2032730102539062,0.012176686861513379,1.2039387702941895,0.011824156525328935,5
10000,endpoint,6,1.2038945198059081,0.01233011522753064,1.2046266317367553,0.011935073624258111,5
10000,endpoint,7,1.204795241355896,0.012527941873363228,1.2055882453918456,0.012091871975246634,5
10000,endpoint,8,1.206022310256958,0.012763109804298938,1.2068843126296998,0.012298537905948818,5
10000,endpoint,9,1.2076305866241455,0.01302789932207449,1.2085651397705077,0.012533204068860515,5
10000,endpoint,10,1.2097254037857055,0.01341428070544559,1.2107720136642457,0.012907141853337528,5
10000,endpoint,11,1.2123641967773438,0.01393596942759471,1.2135673761367798,0.01339429808710439,5
10000,endpoint,12,1.2154403448104858,0.01452563030986211,1.2168442487716675,0.01394109853031426,5
10000,endpoint,13,1.2185937881469726,0.015028631750901474,1.2202259302139282,0.014398752675454422,5
10000,endpoint,14,1.2211582899093627,0.01524031672159112,1.2230318546295167,0.014559598779878268,5
10000,endpoint,15,1.222669529914856,0.015146876768303643,1.2247835159301759,0.014419019383374488,5
10000,endpoint,16,1.2230044603347778,0.015053888721912715,1.2253431797027587,0.014312806486876141,5
10000,endpoint,17,1.2223185062408448,0.015241377434868097,1.224849033355713,0.014545867085476916,5
10000,endpoint,18,1.220810341835022,0.015630658826435044,1.2234979629516602,0.015013074319367194,5
10000,endpoint,19,1.2187587022781372,0.015909038784131316,1.2215692281723023,0.015350940225138499,5
10000,endpoint,20,1.2164903640747071,0.01593992083984204,1.2194095134735108,0.015396858872962172,5
10000,endpoint,21,1.2142408609390258,0.015825473614399125,1.2172724246978759,0.0152687768293692,5
10000,endpoint,22,1.2121861934661866,0.015727303835394352,1.2153554916381837,0.01514232793438516,5
10000,endpoint,23,1.210372304916382,0.015745537930607054,1.2137216567993163,0.015131406336887619,5
10000,endpoint,24,1.2088088750839234,0.015920893482573893,1.2123979091644288,0.015284800373962772,5
10000,endpoint,25,1.2074567079544067,0.01624099984879553,1.2113593101501465,0.015580735891956968,5
10000,endpoint,26,1.2062673091888427,0.016686303266300936,1.2105680227279663,0.01599471786147813,5
10000,endpoint,27,1.2051938056945801,0.01722594205854393,1.2099876403808594,0.01649060547140682,5
10000,endpoint,28,1.2041755199432373,0.01783451371006998,1.2095614194869995,0.017040251101777197,5
10000,endpoint,29,1.2031417846679688,0.0184845437617195,1.2092222929000855,0.01761501512139716,5
10000,endpoint,30,1.2019822597503662,0.019184383969566572,1.2088613033294677,0.018200707698475063,5
10000,endpoint,31,1.200566029548645,0.019935369845933054,1.2083490371704102,0.01877945288292826,5
10000,endpoint,32,1.1987523794174195,0.020762989514470996,1.2075416326522828,0.019354588180292193,5
10000,endpoint,33,1.1964333772659301,0.021718658410711182,1.206325316429138,0.019962604657769133,5
10000,endpoint,34,1.193582034111023,0.022862514250497682,1.2046730518341064,0.020669195953593664,5
10000,endpoint,35,1.190225601196289,0.02418100526503323,1.202617073059082,0.021478528978490948,5
10000,endpoint,36,1.186418080329895,0.02561398798738251,1.200231957435608,0.02235808944287433,5
10000,endpoint,37,1.1822308778762818,0.027141564466969453,1.1975969552993775,0.02334348325805334,5
10000,endpoint,38,1.1777073860168457,0.028751202059195416,1.1947710990905762,0.02442706153255195,5
10000,endpoint,39,1.172861933708191,0.03041466541373894,1.191745400428772,0.025560640122690288,5
10000,endpoint,40,1.1676238536834718,0.03221519895955388,1.1884135246276855,0.02676316595797497,5
10000,endpoint,41,1.1620085954666137,0.03403738500048016,1.184779119491577,0.0278923368125373,5
10000,endpoint,42,1.1558228969573974,0.035852353304780205,1.1805532217025756,0.02892200926159822,5
10000,endpoint,43,1.1491319179534911,0.03757729191786203,1.175804328918457,0.02993426895350601,5
10000,endpoint,44,1.142227005958557,0.03916058562915063,1.1708542585372925,0.030963234237008537,5
10000,endpoint,45,1.135320496559143,0.04051631068325767,1.166023850440979,0.032077304435666476,5
10000,endpoint,46,1.1286000967025758,0.041716434011330225,1.1615111351013183,0.033472971879244105,5
10000,endpoint,47,1.122155785560608,0.04265819997071566,1.1573869943618775,0.03478561244072235,5
10000,endpoint,48,1.1158753395080567,0.043484335821817106,1.1534787178039552,0.03599488963447841,5
10000,endpoint,49,1.1089023351669312,0.04421170965692445,1.1486998558044434,0.03705156012936106,5
10000,endpoint,50,1.101366925239563,0.04468048080352807,1.143344759941101,0.0377380099430299,5
10000,endpoint,51,1.0939409494400025,0.04480953256972748,1.1383411169052124,0.038016988267961176,5
10000,endpoint,52,1.0869727849960327,0.04542359597171494,1.1342382192611695,0.038651246192791235,5
10000,endpoint,53,1.079585075378418,0.046824873900910634,1.1297767639160157,0.04022304826392225,5
10000,endpoint,54,1.0727027177810669,0.048348347197239974,1.1263771057128906,0.04203365414839355,5
10000,endpoint,55,1.0640531778335571,0.04984630545561289,1.121011781692505,0.043892790345646804,5
10000,endpoint,56,1.053643274307251,0.05208908844686511,1.1135428905487061,0.04625825891403698,5
10000,endpoint,57,1.0454375505447389,0.052079288311928006,1.1093211412429809,0.046352594573607284,5
10000,endpoint,58,1.0337443470954895,0.05544661271450753,1.1009244441986084,0.04986913130815727,5
10000,endpoint,59,1.022645938396454,0.05770112098041935,1.0936206102371215,0.0530432069980935,5
10000,endpoint,60,1.013721227645874,0.058545955903326626,1.0890852212905884,0.055178407872503644,5
10000,endpoint,61,1.000185000896454,0.062454798892485494,1.0794214963912965,0.05784103117819183,5
10000,endpoint,62,0.9872990608215332,0.06640154297252246,1.0704625129699707,0.06311784364965208,5
10000,endpoint,63,0.980322802066803,0.06702570875054162,1.0684811472892761,0.06572797495418335,5
10000,endpoint,64,0.9647875547409057,0.0694253518394151,1.0573119163513183,0.06616679866324096,5
10000,endpoint,65,0.9508892893791199,0.07079366580911986,1.0470451354980468,0.06755584108606709,5
10000,endpoint,66,0.9465654969215394,0.07254541479832384,1.0484301924705506,0.07091140969493027,5
10000,endpoint,67,0.9343966603279114,0.06752691116285699,1.040305769443512,0.06535424544201691,5
10000,endpoint,68,0.9210622668266296,0.07337354093622463,1.0308548092842102,0.07227911057816357,5
10000,endpoint,69,0.9186679005622864,0.07512924273892298,1.0334917306900024,0.07511357533477116,5
10000,endpoint,70,0.9088813424110412,0.05898845981929772,1.0259301900863647,0.06043950667073465,5
10000,endpoint,71,0.8943169951438904,0.06111773930739822,1.014069640636444,0.06418249765844568,5
10000,endpoint,72,0.8920061230659485,0.06437138528309108,1.0156490921974182,0.06932722796124145,5
10000,endpoint,73,0.8932238817214966,0.05784179817981816,1.0185410261154175,0.06482025874084646,5
10000,endpoint,74,0.8832849740982056,0.04263573615986928,1.010131299495697,0.052839294159219015,5
10000,endpoint,75,0.8689857602119446,0.04332765864429993,0.9979491829872131,0.05529790412508502,5
10000,endpoint,76,0.8658469080924988,0.04701246887649341,0.997198224067688,0.06021180944795338,5
10000,endpoint,77,0.8667397737503052,0.04726976632803185,0.9995993971824646,0.06059686825317463,5
10000,endpoint,78,0.8612170219421387,0.035657785587776256,0.9957184314727783,0.05272623184950677,5
10000,endpoint,79,0.8538598656654358,0.022787410793331946,0.9900738954544067,0.04350011286767078,5
10000,endpoint,80,0.8513152837753296,0.033152618005360984,0.989023768901825,0.050995698448576626,5
10000,endpoint,81,0.8464734435081482,0.04154039736382745,0.9864931583404541,0.056026613069728524,5
10000,endpoint,82,0.838866651058197,0.038258263628620705,0.9808960556983948,0.05445680990096998,5
10000,endpoint,83,0.8335193753242492,0.026964858760313234,0.9772592902183532,0.046477150725221676,5
10000,endpoint,84,0.8328272342681885,0.022693749517440815,0.9777120351791382,0.04266416771111201,5
10000,endpoint,85,0.8263826131820678,0.028597133587150114,0.9746604442596436,0.04698667833499613,5
10000,endpoint,86,0.8215141296386719,0.03828425593954012,0.9724107980728149,0.0540912600908375,5
10000,endpoint,87,0.8107428431510926,0.0349550141429309,0.9656335353851319,0.05199315548517569,5
10000,endpoint,88,0.8154265403747558,0.03044011674928044,0.9706489205360412,0.04927474101822823,5
10000,endpoint,89,0.8074954867362976,0.024000742938932576,0.9660347461700439,0.04306919689969291,5
10000,endpoint,90,0.8013482809066772,0.027535598107770537,0.9627097010612488,0.04628533406177097,5
10000,endpoint,91,0.799451220035553,0.032720363950296164,0.9623207807540893,0.052962437458997876,5
10000,endpoint,92,0.7896220684051514,0.03289208405990764,0.9548099875450134,0.053088260618145255,5
10000,endpoint,93,0.7856702208518982,0.02576870674094716,0.9543868422508239,0.04727202137946905,5
10000,endpoint,94,0.793410861492157,0.023525737459790943,0.9626603841781616,0.04782753620182119,5
10000,endpoint,95,0.7805395722389221,0.025581558276474115,0.9543173551559448,0.04415036866214755,5
10000,endpoint,96,0.7730126142501831,0.027117196952360808,0.9486772894859314,0.04990175643894983,5
10000,endpoint,97,0.7740880966186523,0.028445329684526552,0.9523360729217529,0.04995786119511683,5
10000,endpoint,98,0.7721852421760559,0.028880661300148887,0.9550521969795227,0.04785777437929417,5
10000,endpoint,99,0.7658904075622559,0.022657919418436787,0.949955153465271,0.04310407860984442,5
10000,endpoint,100,0.7637622475624084,0.022337310355022528,0.948087215423584,0.047972165710129244,5
10000,endpoint,101,0.7577911496162415,0.027522409190654292,0.9465951204299927,0.0463914158358708,5
10000,endpoint,102,0.7571988821029663,0.02932754444156152,0.9468371987342834,0.046673203130554765,5
10000,endpoint,103,0.7561661839485169,0.02371088229850764,0.9450381755828857,0.04912251536874277,5
10000,endpoint,104,0.7501922130584717,0.02521328104610889,0.942503023147583,0.042815588191317866,5
10000,endpoint,105,0.744707441329956,0.02475223686551481,0.9398661732673645,0.04675704298979456,5
10000,endpoint,106,0.7480422377586364,0.02899179767161483,0.9423103094100952,0.04833262848381959,5
10000,endpoint,107,0.7428884744644165,0.027521129159208863,0.9407562375068664,0.045545582629737194,5
10000,endpoint,108,0.7357759952545166,0.02406856785439439,0.9372041821479797,0.048049790722601,5
10000,endpoint,109,0.7412066102027893,0.028917043655818188,0.9425040245056152,0.04603409231734015,5
10000,endpoint,110,0.7290938377380372,0.0279211784131446,0.9353940844535827,0.04566598837562513,5
10000,endpoint,111,0.7257286310195923,0.02477244661219364,0.933961021900177,0.046862060156727926,5
10000,endpoint,112,0.725323748588562,0.023454917154952352,0.9353187441825866,0.04864474887766562,5
10000,endpoint,113,0.7228872895240783,0.02329123146994549,0.9350898504257202,0.047830269276092297,5
10000,endpoint,114,0.7162296652793885,0.026041377828209637,0.9316992402076721,0.047864133086504404,5
10000,endpoint,115,0.7143259525299073,0.024887079557131833,0.9320820093154907,0.0489888977631705,5
10000,endpoint,116,0.7159458518028259,0.020082902367062234,0.93480064868927,0.05403196917879752,5
10000,endpoint,117,0.7139049768447876,0.027281170326648656,0.9347156047821045,0.04701048900536355,5
10000,endpoint,118,0.7013735890388488,0.02394013168862576,0.9273626685142518,0.0494578783751931,5
10000,endpoint,119,0.7029961705207824,0.021420231196225163,0.9308109879493713,0.04719512732368404,5
10000,endpoint,120,0.7083867311477661,0.019429631938440137,0.9352405548095704,0.04994020694371694,5
10000,endpoint,121,0.6916413307189941,0.020715610447103378,0.9262725830078125,0.04861088384262378,5
10000,endpoint,122,0.6953697681427002,0.02670638761175893,0.931228506565094,0.04593288213003645,5
10000,endpoint,123,0.7000688910484314,0.02104930773295286,0.9350795269012451,0.04823411414954447,5
10000,endpoint,124,0.6904542803764343,0.016842696434080137,0.9304640769958497,0.04784739361501186,5
10000,endpoint,125,0.6870576977729798,0.02908564657819785,0.9301907658576966,0.04624017143610059,5
10000,endpoint,126,0.6896893978118896,0.03308047541514424,0.9334852576255799,0.0433357921744699,5
10000,endpoint,127,0.6822682380676269,0.013667477792147937,0.9289324045181274,0.04597693196299491,5
10000,endpoint,128,0.6805933356285095,0.019878923528149677,0.9281261563301086,0.05441998317253316,5
10000,endpoint,129,0.6841938138008118,0.04536862692760085,0.9358667731285095,0.04969531298697085,5
10000,endpoint,130,0.6751558899879455,0.021754012903812535,0.9300429582595825,0.04558247948247857,5
10000,endpoint,131,0.6705963492393494,0.016898382962279,0.9272366166114807,0.04926373855286381,5
10000,endpoint,132,0.6721832990646363,0.025867143702657046,0.9287420988082886,0.052152719850915276,5
10000,endpoint,133,0.6700807571411133,0.03696883053250875,0.9314024686813355,0.048501381581617084,5
10000,endpoint,134,0.6609686970710754,0.02420351387833459,0.9260524272918701,0.04881087077602856,5
10000,endpoint,135,0.6614555835723877,0.021001884601391733,0.9260934114456176,0.05152146677414091,5
10000,endpoint,136,0.6602615714073181,0.026621760531813733,0.9271297812461853,0.050914696082641174,5
10000,endpoint,137,0.6616048097610474,0.036899806187897496,0.9331349015235901,0.05013345112670035,5
10000,endpoint,138,0.6535940408706665,0.023464612892328283,0.9280788898468018,0.056227012626087106,5
10000,endpoint,139,0.6456218004226685,0.021396109064619827,0.9237720131874084,0.05586829541825066,5
10000,endpoint,140,0.646515142917633,0.02918011767265472,0.9282962799072265,0.05350319110809859,5
10000,endpoint,141,0.657443106174469,0.03455902967006853,0.9381211280822754,0.05371367852772107,5
10000,endpoint,142,0.6456698179244995,0.02667147064846996,0.9319899559020997,0.057554547545369227,5
10000,endpoint,143,0.634249460697174,0.02498493926360927,0.9263424158096314,0.05657363382790822,5
10000,endpoint,144,0.6478051781654358,0.029960662919720896,0.9357784867286683,0.05578875300584569,5
10000,endpoint,145,0.6436240434646606,0.038398344088019225,0.9335258364677429,0.06264341375119165,5
10000,endpoint,146,0.6355348944664001,0.027014419594080654,0.9293263792991638,0.05502524286540041,5
10000,endpoint,147,0.6377514362335205,0.029929077924602088,0.9330504655838012,0.05705841640898695,5
10000,endpoint,148,0.628639280796051,0.027800446578940187,0.9285633206367493,0.05956873852447253,5
10000,endpoint,149,0.6354373455047607,0.03208445159337921,0.9322668671607971,0.06013245263442445,5
10000,endpoint,150,0.6336504220962524,0.021136168827769263,0.9330437660217286,0.05641989731586218,5
10000,endpoint,151,0.6237799048423767,0.027206714227341278,0.9315821886062622,0.06173345713022485,5
10000,endpoint,152,0.6200544595718384,0.026080660732719134,0.9304557561874389,0.06267967421333837,5
10000,endpoint,153,0.6279489159584045,0.03199557018538111,0.9347690939903259,0.06239313575230005,5
10000,endpoint,154,0.6197798490524292,0.024399716086499264,0.931676721572876,0.0608881128251504,5
10000,endpoint,155,0.615247619152069,0.027887123417078385,0.9338590741157532,0.06262667130207349,5
10000,endpoint,156,0.6119078040122986,0.026013784179106814,0.9300675392150879,0.05859768278141902,5
10000,endpoint,157,0.6146641969680786,0.03210201187711755,0.9306228637695313,0.06056970204977596,5
10000,endpoint,158,0.6112063646316528,0.030413633994785503,0.9320354104042053,0.06135296681921148,5
10000,endpoint,159,0.6100127696990967,0.026095966988744626,0.932874572277069,0.058686849838397,5
10000,endpoint,160,0.6081935882568359,0.02309030614071417,0.9277384638786316,0.057807911298056854,5
10000,endpoint,161,0.607172155380249,0.031078073861029,0.9288083791732789,0.05658762918106082,5
10000,endpoint,162,0.6045118808746338,0.03196200122011748,0.9327573537826538,0.05843911434167452,5
10000,endpoint,163,0.6011380076408386,0.03054163401341865,0.931007444858551,0.05811596991856311,5
10000,endpoint,164,0.6031807661056519,0.022762790307900932,0.929918086528778,0.056457641110681224,5
10000,endpoint,165,0.600601053237915,0.03236372495730959,0.9315593957901,0.05659835846221202,5
10000,endpoint,166,0.5946631669998169,0.034546956229733784,0.9316445112228393,0.06379591944313243,5
10000,endpoint,167,0.5918416738510132,0.028173292549105416,0.9289834499359131,0.06000991841268562,5
10000,endpoint,168,0.59492107629776,0.021960659954163523,0.9313571095466614,0.05428403732626073,5
10000,endpoint,169,0.5888025641441346,0.03317186278991085,0.9298274278640747,0.0607846447027616,5
10000,endpoint,170,0.585614025592804,0.033630296385586796,0.9323982954025268,0.06561215037426042,5
10000,endpoint,171,0.5878116130828858,0.024293859341439798,0.9344204902648926,0.05388890583763271,5
10000,endpoint,172,0.5858034253120422,0.021884744872675478,0.9316032409667969,0.05820106697540015,5
10000,endpoint,173,0.5809201717376709,0.03129660756175737,0.9305777668952941,0.06128195266190818,5
10000,endpoint,174,0.58118896484375,0.029417325600330054,0.9352966666221618,0.060413791351108324,5
10000,endpoint,175,0.5786698222160339,0.02577376042926707,0.9328361392021179,0.05782498986451149,5
10000,endpoint,176,0.5738372325897216,0.029648320546359914,0.9290827989578248,0.06246654017715931,5
10000,endpoint,177,0.5713397264480591,0.030034614515729505,0.9307792663574219,0.06240942382130939,5
10000,endpoint,178,0.5754846572875977,0.029888009061189463,0.9372507572174072,0.05937987582236086,5
10000,endpoint,179,0.5687308073043823,0.03152537151941911,0.9333851099014282,0.0630678579108386,5
10000,endpoint,180,0.567350423336029,0.028714868862665822,0.9336658835411071,0.06486587903947252,5
10000,endpoint,181,0.5701982498168945,0.02905360123208194,0.9394447088241578,0.059407997669880884,5
10000,endpoint,182,0.5650008678436279,0.030869697296063127,0.9389267563819885,0.06211012399771141,5
10000,endpoint,183,0.5592918038368225,0.02759459032783413,0.9363751530647277,0.0631102591506129,5
10000,endpoint,184,0.5629917740821838,0.026121837617861965,0.9396391987800599,0.06189593597923672,5
10000,endpoint,185,0.5601858258247375,0.03253827740994656,0.9393659949302673,0.056564081474139105,5
10000,endpoint,186,0.5548137784004211,0.030593720007590936,0.9375020265579224,0.059464565178450945,5
10000,endpoint,187,0.552855122089386,0.025388121220738972,0.9377758741378784,0.05976294607221347,5
10000,endpoint,188,0.55709388256073,0.02775788126016518,0.9418620586395263,0.0577161842617058,5
10000,endpoint,189,0.5575569987297058,0.03686856163558323,0.9464553952217102,0.05824922095940973,5
10000,endpoint,190,0.5462414741516113,0.029775864524096026,0.9406425476074218,0.06396550173880872,5
10000,endpoint,191,0.5480606079101562,0.026028260443322834,0.9417380809783935,0.06417278213953809,5
10000,endpoint,192,0.5562473773956299,0.03264719792383704,0.9490515947341919,0.060030578583615574,5
10000,endpoint,193,0.5448193550109863,0.03324763221886854,0.9419593811035156,0.06755713085623007,5
10000,endpoint,194,0.5392321228981019,0.029928135322984255,0.9399152040481568,0.06736473602759517,5
10000,endpoint,195,0.5469594240188599,0.028302484342923793,0.943061637878418,0.06496280619538473,5
10000,endpoint,196,0.5454008460044861,0.032277693817473814,0.9430286884307861,0.06373105432551182,5
10000,endpoint,197,0.5368694424629211,0.02984157897716131,0.9380514860153198,0.06493203944559335,5
10000,endpoint,198,0.5333933055400848,0.02926950289606003,0.9387499570846558,0.06370971318753589,5
10000,endpoint,199,0.5337055444717407,0.0314005971582005,0.9407811522483825,0.06376298315174167,5
10000,endpoint,200,0.5359634280204773,0.02745685540448019,0.9447790026664734,0.06007124107517482,5
10000,endpoint,201,0.5298360884189606,0.0311933945630772,0.9450225472450257,0.0618525794503533,5
10000,endpoint,202,0.52693190574646,0.03022833099962011,0.9466842293739319,0.06409915745312182,5
10000,endpoint,203,0.531223738193512,0.028693134873776158,0.9525200486183166,0.061687645473350004,5
10000,endpoint,204,0.5316427111625671,0.024725747509746637,0.9530848622322082,0.06103591156317909,5
10000,endpoint,205,0.5249274909496308,0.02852769673762877,0.9510707855224609,0.06291439306863321,5
10000,endpoint,206,0.5248755812644958,0.03233442734738533,0.9532088875770569,0.06401267131540532,5
10000,endpoint,207,0.5244393050670624,0.03333141163793512,0.9518306374549865,0.0653118695250744,5
10000,endpoint,208,0.5197263538837433,0.02628972445550596,0.9498554825782776,0.06299338377468416,5
10000,endpoint,209,0.5214855253696442,0.0299798080736825,0.9508298158645629,0.06138848832427308,5
10000,endpoint,210,0.5185132086277008,0.03470418570150925,0.9486835837364197,0.06755041157380536,5
10000,endpoint,211,0.5165736615657807,0.03033613988877414,0.9484357953071594,0.0640766993724955,5
10000,endpoint,212,0.5159064590930938,0.026493545728461895,0.9504762649536133,0.061146000888967884,5
10000,endpoint,213,0.5158978819847106,0.03400727644986769,0.9532451391220093,0.06224827402173776,5
10000,endpoint,214,0.5133359014987946,0.034510400963162886,0.9543344616889954,0.06883562780054227,5
10000,endpoint,215,0.5112828075885772,0.029160531111549263,0.9573103070259095,0.0620816316858866,5
10000,endpoint,216,0.5143632411956787,0.032941294478010245,0.960196590423584,0.06126510321680394,5
10000,endpoint,217,0.5103680908679962,0.029327284485312213,0.9568764567375183,0.0694836194677561,5
10000,endpoint,218,0.5058384895324707,0.030329742158300175,0.9571234703063964,0.0682570774395164,5
10000,endpoint,219,0.5107735455036163,0.035790436427700384,0.9631301045417786,0.05865029585177039,5
10000,endpoint,220,0.5065140545368194,0.02757706685068439,0.9576303243637085,0.0695937424925494,5
10000,endpoint,221,0.5030271291732789,0.027915897299428415,0.9583111524581909,0.0688710415530722,5
10000,endpoint,222,0.5075889110565186,0.03288785932639585,0.9658371448516846,0.06000283415089962,5
10000,endpoint,223,0.4993724703788757,0.03068899338788138,0.9614983677864075,0.06401217823627933,5
10000,endpoint,224,0.4998953938484192,0.024090492775009374,0.9599936604499817,0.07057665623450023,5
10000,endpoint,225,0.49980607628822327,0.033217015399784375,0.9626341342926026,0.06909916310729661,5
10000,endpoint,226,0.5061010241508483,0.03691379251534973,0.9730248808860779,0.05862495551945801,5
10000,endpoint,227,0.4913784921169281,0.03016974617777545,0.9639417886734009,0.06891385364059778,5
10000,endpoint,228,0.4978922724723816,0.02430952910366599,0.9644189715385437,0.0708877109111142,5
10000,endpoint,229,0.49913560748100283,0.032969305378582614,0.9669264674186706,0.06929692035653594,5
10000,endpoint,230,0.49820045828819276,0.03187329703069522,0.9735108375549316,0.05916612462193948,5
10000,endpoint,231,0.48749017119407656,0.030402270752212367,0.9654552817344666,0.0687176421555371,5
10000,endpoint,232,0.4925049066543579,0.02588898099625854,0.9674224019050598,0.06873269893272993,5
10000,endpoint,233,0.48926122188568116,0.028605917199564703,0.968966293334961,0.06879946310196168,5
10000,endpoint,234,0.48994014859199525,0.026653563190792567,0.9767867088317871,0.0596360548468582,5
10000,endpoint,235,0.4828432500362396,0.026409150087850695,0.9713814377784729,0.067934766973888,5
10000,endpoint,236,0.4882855236530304,0.02523158422249923,0.97299143075943,0.07161391907269499,5
10000,endpoint,237,0.4811851680278778,0.030397463586391067,0.9718594789505005,0.07204697797831146,5
10000,endpoint,238,0.4800129055976868,0.026038319663494958,0.9762603163719177,0.06673654176027767,5
10000,endpoint,239,0.48328142166137694,0.02577486202788372,0.9754540920257568,0.06553453787875382,5
10000,endpoint,240,0.4873373031616211,0.03096728240967035,0.9760249972343444,0.07467536490217189,5
10000,endpoint,241,0.47317535281181333,0.028624014261820378,0.9723347306251526,0.0728530323441196,5
10000,endpoint,242,0.47415731549263,0.028391108400056164,0.9749866843223571,0.07133800130796066,5
10000,endpoint,243,0.4880742490291595,0.035563227031598414,0.9809609770774841,0.0662680354368925,5
10000,endpoint,244,0.4812829256057739,0.02630928711883416,0.9759329438209534,0.07558241578595823,5
10000,endpoint,245,0.4708500623703003,0.028677692022322933,0.9731992602348327,0.07104746326001193,5
10000,endpoint,246,0.47427347898483274,0.03840228101096195,0.975845456123352,0.07148466591040971,5
10000,endpoint,247,0.4807877779006958,0.03126742543797182,0.9816797614097595,0.06541172498937009,5
10000,endpoint,248,0.4764354288578033,0.021635593303294117,0.9823659181594848,0.06820655812913405,5
10000,endpoint,249,0.46641490459442136,0.027509259381038178,0.9797542810440063,0.07384038934673672,5
10000,endpoint,250,0.4652226626873016,0.03194074980333606,0.9832129597663879,0.07433431343971597,5
10000,endpoint,251,0.46715073585510253,0.0272242627226141,0.9880536794662476,0.07196013134782604,5
10000,endpoint,252,0.4692747354507446,0.021811141879151025,0.991020119190216,0.0712429641507374,5
10000,endpoint,253,0.4597228944301605,0.027453340641605897,0.9885025978088379,0.07462040258173784,5
10000,endpoint,254,0.4608080446720123,0.03172547543459172,0.9908893704414368,0.07437401342451018,5
10000,endpoint,255,0.4671767055988312,0.033090079569678986,0.9923366427421569,0.07494756105166214,5
10000,endpoint,256,0.4676925241947174,0.021986895851154827,0.9920948624610901,0.0667094066414932,5
10000,endpoint,257,0.4615051090717316,0.0244489070099867,0.9901839375495911,0.06652894012269438,5
10000,endpoint,258,0.4598845839500427,0.03487950943368602,0.9899653434753418,0.07222274358041968,5
10000,endpoint,259,0.46130197048187255,0.03288375798875959,0.9921599268913269,0.07827204330684936,5
10000,endpoint,260,0.4571757912635803,0.022231425552938954,0.9921178102493287,0.07749635839796606,5
10000,endpoint,261,0.4595091938972473,0.025015247206629333,0.9957531332969666,0.07649845960830727,5
10000,endpoint,262,0.4537943243980408,0.03260151436922431,0.9929236173629761,0.08055819486911565,5
10000,endpoint,263,0.4579130709171295,0.03680728172710215,0.9966431856155396,0.08826440679542154,5
10000,endpoint,264,0.450716096162796,0.02680056792633624,0.9928492188453675,0.08116808993703582,5
10000,endpoint,265,0.45808422565460205,0.025455819646680537,0.997825312614441,0.07713752762950503,5
10000,endpoint,266,0.44977485537528994,0.028188731740018687,0.9947254896163941,0.07727745345596959,5
10000,endpoint,267,0.4549411594867706,0.036635501483606385,0.9987221837043763,0.08604206644499544,5
10000,endpoint,268,0.4489284098148346,0.030117701831024263,0.9956555247306824,0.07927457870050938,5
10000,endpoint,269,0.4549098014831543,0.021851747081804915,1.0000601410865784,0.07874650705078423,5
10000,endpoint,270,0.4467170536518097,0.024797645290763896,0.9980844140052796,0.07792044247019828,5
10000,endpoint,271,0.4488078236579895,0.03110978984145879,1.0017117977142334,0.0826322891087509,5
10000,endpoint,272,0.44365584254264834,0.03157342168772337,1.0013504862785338,0.08167373694842354,5
10000,endpoint,273,0.4435687780380249,0.021510898320083256,1.001709532737732,0.07744101638761777,5
10000,endpoint,274,0.44331992268562315,0.02564579512140598,1.0025385856628417,0.07803616025034289,5
10000,endpoint,275,0.4418679475784302,0.03365164633064715,1.005595362186432,0.07876278742031037,5
10000,endpoint,276,0.4376236379146576,0.028785822735594314,1.006326925754547,0.07914488630095326,5
10000,endpoint,277,0.43793669939041135,0.026770315832107608,1.0057640194892883,0.07732520949024942,5
10000,endpoint,278,0.4442940831184387,0.031063941711887963,1.0103120923042297,0.07676162300625931,5
10000,endpoint,279,0.4383973240852356,0.02724823878107727,1.008646297454834,0.07635786958395013,5
10000,endpoint,280,0.4343927025794983,0.027465868262786075,1.0078508615493775,0.07783713825740657,5
10000,endpoint,281,0.4350483059883118,0.030295520794329248,1.0083541750907898,0.07898918075976036,5
10000,endpoint,282,0.4364139974117279,0.02992260491739407,1.00950083732605,0.08072237292089271,5
10000,endpoint,283,0.4330188512802124,0.024276377672092172,1.0096155643463134,0.07919652849738205,5
10000,endpoint,284,0.4315033495426178,0.024980771141391342,1.0119993805885314,0.07834807286344515,5
10000,endpoint,285,0.4357398211956024,0.03498502802935096,1.0154156804084777,0.082179821964389,5
10000,endpoint,286,0.43142570853233336,0.029185528347093675,1.0159385085105896,0.08548490555520999,5
10000,endpoint,287,0.42807257175445557,0.02828076642926682,1.0158965706825256,0.08290214602976437,5
10000,endpoint,288,0.4300343871116638,0.031246395346278,1.0162956953048705,0.08097674828300147,5
10000,endpoint,289,0.4319486618041992,0.03150838558578232,1.0181347250938415,0.08244942982554641,5
10000,endpoint,290,0.43332921862602236,0.031140473995087282,1.0202216386795044,0.08446707980818396,5
10000,endpoint,291,0.42983812689781187,0.031314914656560056,1.0184885621070863,0.08086763063664207,5
10000,endpoint,292,0.42722048163414,0.03153987287741384,1.018944752216339,0.07947605254640909,5
10000,endpoint,293,0.4232605040073395,0.027604381741545583,1.0192720770835877,0.08064811219222659,5
10000,endpoint,294,0.4254391610622406,0.02851982863907787,1.0228123426437379,0.08220123017497148,5
10000,endpoint,295,0.42304700016975405,0.029779198053163064,1.023640477657318,0.0835532320967375,5
10000,endpoint,296,0.42059937715530393,0.02846054266627838,1.023672842979431,0.0818738626907788,5
10000,endpoint,297,0.4217967689037323,0.026676779514331162,1.0262676239013673,0.08171409362778827,5
10000,endpoint,298,0.4207970857620239,0.027386468127479323,1.0274014234542848,0.0868187717662894,5
10000,endpoint,299,0.42008628249168395,0.02618050332755404,1.0279123663902283,0.08887810644095749,5
10000,endpoint,300,0.41989389061927795,0.02805940365321912,1.0263280153274537,0.08657030725297617,5
10000,endpoint,301,0.4215694010257721,0.024506342144235194,1.0270622372627258,0.08046654542931177,5
10000,endpoint,302,0.4191523134708405,0.02593215286129098,1.0268494606018066,0.08696357783075502,5
10000,endpoint,303,0.4206345319747925,0.031234015183011225,1.0272312045097352,0.08769774123194239,5
10000,endpoint,304,0.41525608897209165,0.027467621085454696,1.024039077758789,0.08288976343292799,5
10000,endpoint,305,0.41724965572357176,0.02903339807394639,1.0272905826568604,0.07970155041111207,5
10000,endpoint,306,0.4148666799068451,0.02612953516177342,1.0292407512664794,0.08026873830167724,5
10000,endpoint,307,0.41313220262527467,0.02736057939152373,1.0308223605155944,0.08035887661342993,5
10000,endpoint,308,0.41372456550598147,0.02903133465723878,1.0320242881774901,0.07830801561750204,5
10000,endpoint,309,0.41385924220085146,0.024535484442892466,1.0325905680656433,0.07267812437976374,5
10000,endpoint,310,0.4117470562458038,0.024182089045805984,1.030982768535614,0.07186154352221634,5
10000,endpoint,311,0.4116559088230133,0.028371092991659224,1.0314759373664857,0.07562060095144514,5
10000,endpoint,312,0.41221919655799866,0.030334311350959087,1.0324890613555908,0.07604869703291384,5
10000,endpoint,313,0.4099689543247223,0.026981248822321387,1.031588613986969,0.07568101860093764,5
10000,endpoint,314,0.40928162932395934,0.023719217270477374,1.032120156288147,0.07567975028282774,5
10000,endpoint,315,0.4090031862258911,0.02825542822283309,1.0343183279037476,0.08510797921412981,5
10000,endpoint,316,0.4110528528690338,0.03043617582006498,1.0374676942825318,0.08912491989872487,5
10000,endpoint,317,0.40834912061691286,0.02782023579602963,1.0357250809669494,0.08543133258236954,5
10000,endpoint,318,0.40790302157402036,0.02364174431114364,1.036932349205017,0.08543501833586976,5
10000,endpoint,319,0.4102053463459015,0.030950389480638583,1.0396644115447997,0.0880712598243864,5
10000,endpoint,320,0.40773895382881165,0.02897939862694462,1.039411973953247,0.09066481042741811,5
10000,endpoint,321,0.40609951615333556,0.027511655443297953,1.0391614437103271,0.08672589772105974,5
10000,endpoint,322,0.41049239635467527,0.036681936100029885,1.0432279467582704,0.08084392795986031,5
10000,endpoint,323,0.40424892902374265,0.03072880693120339,1.0411619305610658,0.083337038045564,5
10000,endpoint,324,0.40616493821144106,0.029287939737743077,1.0446178793907166,0.08487631906121554,5
10000,endpoint,325,0.40453017950057985,0.029559566146899086,1.0462733030319213,0.08408478616482776,5
10000,endpoint,326,0.40914920568466184,0.04188286741226027,1.0505351662635802,0.08036952732267587,5
10000,endpoint,327,0.4012366712093353,0.028429959129714872,1.047071623802185,0.08344923796848033,5
10000,endpoint,328,0.4008259057998657,0.02210731627421837,1.0475342512130736,0.08493351015368486,5
10000,endpoint,329,0.4075567662715912,0.038596903038639836,1.0505136251449585,0.07925295396080116,5
10000,endpoint,330,0.3984075665473938,0.029657223639441906,1.044801926612854,0.0798055394007671,5
10000,endpoint,331,0.3963358521461487,0.0286143891334423,1.0426049709320069,0.0797489353026804,5
10000,endpoint,332,0.39951869249343874,0.02922569980999354,1.0460424780845643,0.08022233520097265,5
10000,endpoint,333,0.40146839022636416,0.028380283322884302,1.0495546102523803,0.08127459620830496,5
10000,endpoint,334,0.39598023891448975,0.026534619432511123,1.0473747849464417,0.08225145371017155,5
10000,endpoint,335,0.3938738822937012,0.025929348955521816,1.0462302923202516,0.08038318138303496,5
10000,endpoint,336,0.398960942029953,0.02663894947875149,1.0527212858200072,0.08162631884296094,5
10000,endpoint,337,0.3961855828762054,0.025918940318659513,1.0528207302093506,0.08516594229542455,5
10000,endpoint,338,0.391711151599884,0.02817872771780134,1.0507678627967834,0.08264632409985326,5
10000,endpoint,339,0.39041929244995116,0.027299757715109733,1.0518070578575134,0.08152636298479915,5
10000,endpoint,340,0.3975443422794342,0.028203104732126488,1.0606181025505066,0.08143706920296752,5
10000,endpoint,341,0.39139888286590574,0.026513017942259416,1.0583384037017822,0.08224103472894312,5
10000,endpoint,342,0.38883565068244935,0.02649532168146029,1.0568309783935548,0.0800871548582485,5
10000,endpoint,343,0.39141114354133605,0.025563286474266683,1.0598352193832397,0.08146506381314375,5
10000,endpoint,344,0.3970147430896759,0.02868127788217039,1.0639154314994812,0.08378576998221418,5
10000,endpoint,345,0.3892653524875641,0.02561531977051856,1.0574869751930236,0.08549576057979832,5
10000,endpoint,346,0.3867772161960602,0.025811751285851305,1.0561032891273499,0.08743988543241699,5
10000,endpoint,347,0.3895186483860016,0.02868790099890376,1.0587093353271484,0.08397630637706763,5
10000,endpoint,348,0.3910891592502594,0.029323028829717004,1.061086082458496,0.08418646678103715,5
10000,endpoint,349,0.3849750876426697,0.025609276022290944,1.0566286444664001,0.08914008603172048,5
10000,endpoint,350,0.3852240383625031,0.023832917996243753,1.0562527418136596,0.0888417143091948,5
10000,endpoint,351,0.39112614989280703,0.02725737133128662,1.061513364315033,0.08487857260151882,5
10000,endpoint,352,0.3930986702442169,0.029166434823379144,1.0629302620887757,0.0793694812481428,5
10000,endpoint,353,0.3854722797870636,0.025117778391849883,1.0565718770027162,0.08200110460408097,5
10000,endpoint,354,0.3864805161952972,0.021431762549106035,1.0572367548942565,0.08093034610433018,5
10000,endpoint,355,0.387361079454422,0.020020685055145662,1.0594513177871705,0.07706360569279853,5
10000,endpoint,356,0.3888471186161041,0.027732488734477728,1.0621986150741578,0.07448473010754303,5
10000,endpoint,357,0.38052238821983336,0.026443262401895276,1.0588293671607971,0.07896051196349575,5
10000,endpoint,358,0.38010395765304567,0.02463480367138803,1.0590659737586976,0.07950453351146024,5
10000,endpoint,359,0.3868355631828308,0.029963419346434345,1.0674034357070923,0.07713445971147194,5
10000,endpoint,360,0.38368239998817444,0.030704275962799198,1.0666393876075744,0.07746740003091922,5
10000,endpoint,361,0.3777282476425171,0.02606567796847006,1.0626913070678712,0.08072490497803488,5
10000,endpoint,362,0.3802441954612732,0.023808351504394084,1.0660760402679443,0.08266345328755001,5
10000,endpoint,363,0.3897059619426727,0.02235497571359574,1.0759130597114563,0.08330062859379009,5
10000,endpoint,364,0.3866486191749573,0.029357950167639417,1.0735735177993775,0.08041469069245062,5
10000,endpoint,365,0.3766753256320953,0.02455219884351243,1.0646950483322144,0.07995745264283266,5
10000,endpoint,366,0.37651007771492007,0.025022320821843903,1.0666726589202882,0.08198650292674743,5
10000,endpoint,367,0.38501442074775694,0.02721133279036009,1.0759385347366333,0.08629091534713743,5
10000,endpoint,368,0.37887774109840394,0.026244826400479895,1.0711143851280212,0.08470343629307536,5
10000,endpoint,369,0.37344149351119993,0.02597928087050508,1.066099750995636,0.08296164337858031,5
10000,endpoint,370,0.37644285559654234,0.028729203631142158,1.0708243131637574,0.08533108049213764,5
10000,endpoint,371,0.3868595838546753,0.02499417921850738,1.082865834236145,0.09444132477558782,5
10000,endpoint,372,0.37779396772384644,0.02492734521508299,1.074648654460907,0.08901107020159663,5
10000,endpoint,373,0.3734768331050873,0.02633244390520362,1.069853937625885,0.08520520442543596,5
10000,endpoint,374,0.37606765031814576,0.029876657788981024,1.0758410453796388,0.08550389003184126,5
10000,endpoint,375,0.3795512497425079,0.0259514207318277,1.0829078078269958,0.09351982086297062,5
10000,endpoint,376,0.37674487233161924,0.024927182403028412,1.0808406591415405,0.08801642886436285,5
10000,endpoint,377,0.3728473961353302,0.02751444447376466,1.078564453125,0.08349009656009641,5
10000,endpoint,378,0.3713043391704559,0.0267628516069183,1.0780365586280822,0.0834748633039196,5
10000,endpoint,379,0.3753837704658508,0.025018202647353348,1.079184067249298,0.08736873097691586,5
10000,endpoint,380,0.38028934597969055,0.02496074293643262,1.0844066619873047,0.08507393683106021,5
10000,endpoint,381,0.3752737045288086,0.028827330386179635,1.0777941465377807,0.078247617836025,5
10000,endpoint,382,0.37013975381851194,0.02469120376686582,1.071191394329071,0.08060038450806692,5
10000,endpoint,383,0.37186161875724794,0.023742718673660356,1.0756786346435547,0.0872108961555617,5
10000,endpoint,384,0.38092320561409,0.0348595343323505,1.0857845783233642,0.09233747583617673,5
10000,endpoint,385,0.37004645466804503,0.023204221811054717,1.0759134531021117,0.08736904581626359,5
10000,endpoint,386,0.3688893973827362,0.02388295494314101,1.073181390762329,0.08431447325506024,5
10000,endpoint,387,0.3699545681476593,0.02972366782176726,1.079253077507019,0.08781362884113172,5
10000,endpoint,388,0.3734597206115723,0.03071101127586886,1.084040904045105,0.09036502147332046,5
10000,endpoint,389,0.3684853076934814,0.025389746600361893,1.0794715404510498,0.08917829647514947,5
10000,endpoint,390,0.36671570539474485,0.023928017649593836,1.0800360679626464,0.08342574046112369,5
10000,endpoint,391,0.37254448533058165,0.03629138146598961,1.0858139872550965,0.08153983045365944,5
10000,endpoint,392,0.36817235350608823,0.025144124165728202,1.0840041875839233,0.08360152931610551,5
10000,endpoint,393,0.3710089325904846,0.02785062332115151,1.0847761392593385,0.08338360201607178,5
10000,endpoint,394,0.3690184116363525,0.027926266858987803,1.086369276046753,0.08084531259039357,5
10000,endpoint,395,0.3703688979148865,0.03455630043414212,1.0871096014976502,0.0763111993110638,5
10000,endpoint,396,0.36586748361587523,0.027306434757040414,1.0832269430160522,0.07920664953575214,5
10000,endpoint,397,0.36817204356193545,0.024241191222647163,1.086612069606781,0.08533961668858277,5
10000,endpoint,398,0.36700626015663146,0.025333713082745395,1.0890177726745605,0.0830226401288706,5
10000,endpoint,399,0.36544002294540406,0.028751453311205336,1.0886495947837829,0.07980398440435699,5
10000,endpoint,400,0.3617401599884033,0.02460288519909871,1.0862318992614746,0.0807923599743417,5
10000,endpoint,401,0.3625817060470581,0.02305250711413001,1.088712501525879,0.08475771135252609,5
10000,endpoint,402,0.364787882566452,0.020246440864917854,1.0916474223136903,0.08477307779810966,5
10000,endpoint,403,0.36166688799858093,0.023522693047791008,1.08842591047287,0.08266159970840281,5
10000,endpoint,404,0.36066880226135256,0.025367459239895966,1.0881951570510864,0.08411957422073044,5
10000,endpoint,405,0.3616886854171753,0.026491653843433483,1.089998757839203,0.08284915959829826,5
10000,endpoint,406,0.36016085743904114,0.02376592347060522,1.087108027935028,0.08530390600413051,5
10000,endpoint,407,0.3615961790084839,0.02441139144407357,1.0909005165100099,0.08735270582329713,5
10000,endpoint,408,0.3625664353370667,0.0257160653697666,1.0938894510269166,0.0924262043426667,5
10000,endpoint,409,0.3608246147632599,0.02604711828004895,1.0934578061103821,0.08908779928673811,5
10000,endpoint,410,0.3587073802947998,0.022761341653722334,1.0914520025253296,0.08928249590523478,5
10000,endpoint,411,0.3571051061153412,0.02511545133964728,1.0916740536689757,0.08851787945551104,5
10000,endpoint,412,0.3597209692001343,0.02921454909110019,1.0947888612747192,0.08844852760714511,5
10000,endpoint,413,0.36120104789733887,0.027139543051089662,1.0974658250808715,0.08356160995098334,5
10000,endpoint,414,0.3590488016605377,0.02205499299367243,1.0967062950134276,0.07821221538862645,5
10000,endpoint,415,0.35602204203605653,0.023982279005744764,1.0953667163848877,0.08228175562396695,5
10000,endpoint,416,0.35614547729492185,0.023728694413292478,1.099946630001068,0.08529777755943918,5
10000,endpoint,417,0.3591440677642822,0.023919372535354182,1.1048535108566284,0.07967903138533558,5
10000,endpoint,418,0.35625287890434265,0.022749189184625675,1.102584683895111,0.08067109947939985,5
10000,endpoint,419,0.3547350764274597,0.02593562371027163,1.0996853947639464,0.08275519655478178,5
10000,endpoint,420,0.3564986526966095,0.026858795016541794,1.1018790483474732,0.08327241544231562,5
10000,endpoint,421,0.3584973156452179,0.02808228370712809,1.1021828651428223,0.08061117727971052,5
10000,endpoint,422,0.35516572594642637,0.02295943320155257,1.0971186876296997,0.0802507986589553,5
10000,endpoint,423,0.35451599955558777,0.024421322863255754,1.0960595250129699,0.08299781301205601,5
10000,endpoint,424,0.3577756881713867,0.029253849321365953,1.1029054045677185,0.08522571167752543,5
10000,endpoint,425,0.35810236930847167,0.025611479757897355,1.107650673389435,0.08991714972939828,5
10000,endpoint,426,0.3534385323524475,0.021456983071899628,1.1038468837738038,0.08828716643038703,5
10000,endpoint,427,0.3513483047485352,0.023698981554802125,1.1043439865112306,0.08487799448394985,5
10000,endpoint,428,0.3547643542289734,0.03207979660308495,1.1088137745857238,0.08177584192841221,5
10000,endpoint,429,0.353108811378479,0.02656481454910938,1.1064838767051697,0.0853594912967465,5
10000,endpoint,430,0.3539998888969421,0.020438100038173077,1.1033230543136596,0.07829073066041074,5
10000,endpoint,431,0.3539001405239105,0.02308093441698255,1.1037227272987367,0.079079234988934,5
10000,endpoint,432,0.35379971861839293,0.02482960318042407,1.1046088457107544,0.07881026645249374,5
10000,endpoint,433,0.3535636842250824,0.02463721133404172,1.1049156427383422,0.08115352980986319,5
10000,endpoint,434,0.35379600524902344,0.021292249621864327,1.1057487607002259,0.08182396920173986,5
10000,endpoint,435,0.3481935977935791,0.024212103808766785,1.1018785238265991,0.07968155685249466,5
10000,endpoint,436,0.3525182902812958,0.03446360666893689,1.1093056082725525,0.07882762268543594,5
10000,endpoint,437,0.3484031081199646,0.023612446683173888,1.1044631719589233,0.08253813284512942,5
10000,endpoint,438,0.35131350755691526,0.02121948226467609,1.1049092173576356,0.08169127656470526,5
10000,endpoint,439,0.3520717263221741,0.02736615554789994,1.1079910755157472,0.07923359494003261,5
10000,endpoint,440,0.3514517366886139,0.02768524734207819,1.1084031343460083,0.08042390731591638,5
10000,endpoint,441,0.3518164694309235,0.026692059578643266,1.1079508662223816,0.08644171804805373,5
10000,endpoint,442,0.3518566608428955,0.02239291296602325,1.1104297399520875,0.0903879888408772,5
10000,endpoint,443,0.3513768076896667,0.029560314948147818,1.1116020917892455,0.0853826669410212,5
10000,endpoint,444,0.34854339361190795,0.030179304988529495,1.1076736569404602,0.08202735977020394,5
10000,endpoint,445,0.3479872167110443,0.027703131219448944,1.103698182106018,0.08337872808654588,5
10000,endpoint,446,0.3503929555416107,0.02640444392887685,1.1087375164031983,0.08893523824615139,5
10000,endpoint,447,0.3527260959148407,0.0283524787978271,1.1124372482299805,0.08517549439097244,5
10000,endpoint,448,0.3483751893043518,0.025066402452882844,1.1067359924316407,0.0776859619602156,5
10000,endpoint,449,0.34612336158752444,0.02308788268577357,1.106812334060669,0.08085201868504992,5
10000,endpoint,450,0.3488394618034363,0.023177252989807093,1.1146506428718568,0.0888371259488099,5
10000,endpoint,451,0.34787470698356626,0.02568269296823284,1.1177952647209168,0.08760271087676137,5
10000,endpoint,452,0.345030677318573,0.02571139413903961,1.1136686563491822,0.08215079182082001,5
10000,endpoint,453,0.3437547147274017,0.023702290253774273,1.109918463230133,0.08235288588754192,5
10000,endpoint,454,0.3456302762031555,0.026718689612447884,1.1135079383850097,0.08746099499125995,5
10000,endpoint,455,0.34723603129386904,0.02800896587374168,1.1169258236885071,0.08729323116000519,5
10000,endpoint,456,0.3475890338420868,0.0249211482082319,1.1161129236221314,0.0805707645365786,5
10000,endpoint,457,0.3454207956790924,0.023486570446353754,1.1114233255386352,0.07880302525686116,5
10000,endpoint,458,0.3431351661682129,0.023471994133646246,1.1109321475028993,0.08587493417923744,5
10000,endpoint,459,0.3479004740715027,0.02373508141678172,1.1174705982208253,0.08901485807281698,5
10000,endpoint,460,0.3469155251979828,0.02314869685006131,1.1170601844787598,0.08404822979414776,5
10000,endpoint,461,0.3443127632141113,0.026575714704243192,1.1135604739189149,0.08165699012044597,5
10000,endpoint,462,0.3408495306968689,0.024186823268589813,1.1117808103561402,0.08460540486561002,5
10000,endpoint,463,0.3433538258075714,0.02413891794407006,1.1169224858283997,0.08599316470131241,5
10000,endpoint,464,0.3441829025745392,0.02167836576948366,1.1175606727600098,0.07859746409443974,5
10000,endpoint,465,0.3440533518791199,0.02278524310901988,1.1155991554260254,0.07246224604989694,5
10000,endpoint,466,0.3396959602832794,0.023321905251125,1.1127237319946288,0.07782556719966692,5
10000,endpoint,467,0.3423133552074432,0.02318957301503718,1.1178032636642456,0.0833959747218754,5
10000,endpoint,468,0.34348170161247255,0.021750644261211035,1.1191097259521485,0.0796706261336926,5
10000,endpoint,469,0.34185227155685427,0.021828188239506358,1.1159650802612304,0.07526261232110196,5
10000,endpoint,470,0.33880519270896914,0.02517468398420611,1.1130889654159546,0.07644936541693409,5
10000,endpoint,471,0.34015228152275084,0.02608553380980825,1.1154156446456909,0.07801502962821467,5
10000,endpoint,472,0.3440098285675049,0.023663863644076265,1.1202858924865722,0.08277681086439817,5
10000,endpoint,473,0.34431334137916564,0.01935263654308797,1.1187982082366943,0.08133470704225337,5
10000,endpoint,474,0.34080359935760496,0.023721991058736194,1.1163809776306153,0.07793870469753586,5
10000,endpoint,475,0.3409285545349121,0.02819367293946634,1.1186746835708619,0.07515846481304805,5
10000,endpoint,476,0.34005560278892516,0.023512637714117546,1.1210615396499635,0.0826139781179826,5
10000,endpoint,477,0.34141196608543395,0.018206766789898052,1.1233180522918702,0.08109346516604822,5
10000,endpoint,478,0.34220277070999144,0.024948293880357728,1.1241958618164063,0.0794348726165898,5
10000,endpoint,479,0.3411314785480499,0.028065083642782384,1.123230266571045,0.07420556066288465,5
10000,endpoint,480,0.3389259099960327,0.022480601458940378,1.122261929512024,0.07285831834352147,5
10000,endpoint,481,0.3406659007072449,0.02039685827067059,1.1247607231140138,0.07444972494709934,5
10000,endpoint,482,0.34137375354766847,0.021821850359274968,1.1255476474761963,0.07981006874409304,5
10000,endpoint,483,0.3420132040977478,0.0259858060620421,1.1244328260421752,0.0788361267640612,5
10000,endpoint,484,0.3361779868602753,0.023066490361754798,1.121089482307434,0.07478056555082535,5
10000,endpoint,485,0.3381586253643036,0.01984342050342072,1.1258702039718629,0.07600004461959434,5
10000,endpoint,486,0.3375356912612915,0.021383278916792262,1.1267308473587037,0.08479496812405517,5
10000,endpoint,487,0.337877357006073,0.024129780874902772,1.127819800376892,0.08220863129193987,5
10000,endpoint,488,0.34065899848937986,0.027407608870065485,1.1309807777404786,0.07726402241405454,5
10000,endpoint,489,0.33712283968925477,0.022716605604671033,1.1304578065872193,0.07684516413837486,5
10000,endpoint,490,0.3361415207386017,0.021803908756058716,1.1298331260681151,0.08200892307169015,5
10000,endpoint,491,0.33783748745918274,0.025683217069735278,1.1300477981567383,0.07587175270259511,5
10000,endpoint,492,0.3415704846382141,0.033319661999171905,1.1316787719726562,0.07242140590258646,5
10000,endpoint,493,0.3359800040721893,0.0216096150679658,1.1272913932800293,0.0761386179222153,5
10000,endpoint,494,0.3362376749515533,0.0222989993441798,1.1279990911483764,0.07573160539120802,5
10000,endpoint,495,0.3387222230434418,0.02319496725667569,1.1333698987960816,0.07345884423817836,5
10000,endpoint,496,0.3376689851284027,0.029754941769681038,1.1308010816574097,0.07571617475924099,5
10000,endpoint,497,0.33454143404960635,0.02246746305975456,1.123522448539734,0.07608238562603167,5
10000,endpoint,498,0.3329299807548523,0.020868189680172695,1.1231207609176637,0.0740983764192026,5
10000,endpoint,499,0.33811131715774534,0.016957586652441466,1.1316487789154053,0.06993320698422176,5
10000,endpoint,500,0.3348447382450104,0.024993198792665084,1.1284847021102906,0.07517803220158287,5
10000,endpoint,501,0.33277273178100586,0.026852507563306295,1.1256494522094727,0.07479320252464429,5
10000,endpoint,502,0.3313561797142029,0.023930688146113103,1.1253233909606934,0.0741193473868999,5
10000,endpoint,503,0.33433970212936404,0.018599507905935137,1.1301186323165893,0.07127930686329254,5
10000,endpoint,504,0.3340041995048523,0.02105961112821062,1.1307700634002686,0.07290410773470311,5
10000,endpoint,505,0.33393681049346924,0.02602934498658912,1.1316473007202148,0.07368080503789494,5
10000,endpoint,506,0.3340144455432892,0.026236065229497733,1.134073758125305,0.0739043587769887,5
10000,endpoint,507,0.33363922834396365,0.020250214421573084,1.1372771263122559,0.07187938681867144,5
10000,endpoint,508,0.3314294219017029,0.017915407283890294,1.1340445518493651,0.06700024548916672,5
10000,endpoint,509,0.32874988317489623,0.02173145358500769,1.1312368392944336,0.07127505823126169,5
10000,endpoint,510,0.3320454478263855,0.02521954517085686,1.1390012979507447,0.0761575913752175,5
10000,endpoint,511,0.33483492732048037,0.02327362100735305,1.1424593925476074,0.07511124905879153,5
10000,endpoint,512,0.3325958073139191,0.01834754939809754,1.1355927467346192,0.06925062324350242,5
10000,endpoint,513,0.3292734205722809,0.019920556604905607,1.1321577787399293,0.075372719261103,5
10000,endpoint,514,0.3301365077495575,0.02224534704288885,1.135323405265808,0.07714011404978731,5
10000,endpoint,515,0.33204697966575625,0.02566241214392971,1.1372715711593628,0.07744654232064838,5
10000,endpoint,516,0.3328873336315155,0.023168388065710362,1.1354360103607177,0.06834647132902544,5
10000,endpoint,517,0.33218230605125426,0.018200485975322093,1.1324536323547363,0.06553980260527106,5
10000,endpoint,518,0.32924293875694277,0.018908180040138296,1.1305448532104492,0.07136499017108446,5
10000,endpoint,519,0.3310813009738922,0.024108599995059554,1.136376142501831,0.07604652432392751,5
10000,subset_accuracy_drop,1,0.6932241559028626,0.0014499655931105642,0.6932029843330383,0.0014540216152388408,5
10000,subset_accuracy_drop,2,0.6930842518806457,0.0013604148209106451,0.6930634260177613,0.001370035147312879,5
10000,subset_accuracy_drop,3,0.6929487705230712,0.0012760771369653401,0.6929281115531921,0.0012916213657212094,5
10000,subset_accuracy_drop,4,0.6928131818771363,0.001197344090215288,0.6927924990653992,0.001218329557771008,5
10000,subset_accuracy_drop,5,0.6926756381988526,0.0011286361531044585,0.6926547646522522,0.0011545190131283679,5
10000,subset_accuracy_drop,6,0.6925358891487121,0.0010774689426037024,0.692514955997467,0.0011069673178651796,5
10000,subset_accuracy_drop,7,0.69239741563797,0.001053450354469208,0.692376434803009,0.001084387942903526,5
10000,subset_accuracy_drop,8,0.6922653794288636,0.0010619961421319082,0.6922447681427002,0.0010917323178321033,5
10000,subset_accuracy_drop,9,0.6921449184417725,0.0011009076674508267,0.6921250820159912,0.001126613786324947,5
10000,subset_accuracy_drop,10,0.692043662071228,0.0011593549983033426,0.6920251965522766,0.0011787849841106823,5
10000,subset_accuracy_drop,11,0.6919710159301757,0.0012183416540824008,0.6919547319412231,0.0012302740876561453,5
10000,subset_accuracy_drop,12,0.6919335126876831,0.0012584500112776192,0.6919195771217346,0.001264044775357794,5
10000,subset_accuracy_drop,13,0.691931688785553,0.001267148931703185,0.6919201374053955,0.0012686778223596287,5
10000,subset_accuracy_drop,14,0.6919543147087097,0.0012487846303160751,0.6919455528259277,0.001248409523792591,5
10000,subset_accuracy_drop,15,0.6919792532920838,0.0012250653687292908,0.691973602771759,0.001224130190441806,5
10000,subset_accuracy_drop,16,0.6919878959655762,0.0012148846114527947,0.6919853210449218,0.0012130577502738713,5
10000,subset_accuracy_drop,17,0.6919763803482055,0.0012226098695079647,0.6919768333435059,0.0012184691075601498,5
10000,subset_accuracy_drop,18,0.6919524192810058,0.0012426076017276128,0.691955280303955,0.001235568753925172,5
10000,subset_accuracy_drop,19,0.6919264912605285,0.0012661011934714313,0.6919312119483948,0.0012565224322252761,5
10000,subset_accuracy_drop,20,0.691906476020813,0.0012850097663049838,0.6919126510620117,0.0012738194021223767,5
10000,subset_accuracy_drop,21,0.6918959140777587,0.0012951496784002542,0.6919031381607056,0.0012832620964334642,5
10000,subset_accuracy_drop,22,0.6918941617012024,0.001296397258764051,0.6919020652770996,0.0012847967194595665,5
10000,subset_accuracy_drop,23,0.6918980479240417,0.001292112329030786,0.6919064998626709,0.0012812071325892088,5
10000,subset_accuracy_drop,24,0.691904091835022,0.0012859004983648802,0.691913104057312,0.0012755525798038437,5
10000,subset_accuracy_drop,25,0.6919096231460571,0.0012804838101749339,0.6919190764427186,0.001270557274401596,5
10000,subset_accuracy_drop,26,0.6919129252433777,0.0012775651055938065,0.6919229030609131,0.001267666140416268,5
10000,subset_accuracy_drop,27,0.6919132471084595,0.001277571389181278,0.6919239401817322,0.0012672975243410536,5
10000,subset_accuracy_drop,28,0.6919107675552368,0.0012801865072903924,0.6919222593307495,0.0012691478891581251,5
10000,subset_accuracy_drop,29,0.6919059753417969,0.0012848404014728526,0.6919184565544129,0.0012728109243316406,5
10000,subset_accuracy_drop,30,0.6918996691703796,0.001290758969550662,0.6919132232666015,0.0012774581483328668,5
10000,subset_accuracy_drop,31,0.691892659664154,0.0012970559276050356,0.6919075608253479,0.001282253740594533,5
10000,subset_accuracy_drop,32,0.691885769367218,0.0013029764378597326,0.6919020533561706,0.0012866969098298204,5
10000,subset_accuracy_drop,33,0.6918797135353089,0.0013081010538856246,0.6918973803520203,0.001290329182957933,5
10000,subset_accuracy_drop,34,0.6918746590614319,0.0013122068283864439,0.6918938279151916,0.001292967886918011,5
10000,subset_accuracy_drop,35,0.69187091588974,0.00131497224004173,0.6918916702270508,0.0012944571436120501,5
10000,subset_accuracy_drop,36,0.6918683767318725,0.0013166911512577876,0.6918907046318055,0.0012948057032628058,5
10000,subset_accuracy_drop,37,0.6918668389320374,0.0013174512932248063,0.6918907403945923,0.0012943157922167038,5
10000,subset_accuracy_drop,38,0.691865885257721,0.0013177400566427373,0.6918913125991821,0.0012934864409053493,5
10000,subset_accuracy_drop,39,0.691865074634552,0.0013179339635018964,0.6918919563293457,0.0012927373587653147,5
10000,subset_accuracy_drop,40,0.6918639898300171,0.0013183358623177104,0.6918922066688538,0.0012922610086903124,5
10000,subset_accuracy_drop,41,0.6918624758720398,0.001319128444604442,0.691891872882843,0.0012923075065619574,5
10000,subset_accuracy_drop,42,0.6918605685234069,0.0013201567532138692,0.6918909907341003,0.001292684668460602,5
10000,subset_accuracy_drop,43,0.6918584704399109,0.001321381657414795,0.6918898224830627,0.0012933249536948748,5
10000,subset_accuracy_drop,44,0.6918564200401306,0.0013224951689915802,0.6918887019157409,0.001294013221156691,5
10000,subset_accuracy_drop,45,0.6918545603752136,0.0013233929834627104,0.6918877840042115,0.001294563743648127,5
10000,subset_accuracy_drop,46,0.6918530702590943,0.001323905764572988,0.6918871879577637,0.0012948687224710361,5
10000,subset_accuracy_drop,47,0.6918518543243408,0.0013240688055092583,0.6918869376182556,0.0012949539901438605,5
10000,subset_accuracy_drop,48,0.6918507575988769,0.0013241131125060607,0.6918868780136108,0.0012948926439028795,5
10000,subset_accuracy_drop,49,0.6918495774269104,0.0013241108592457838,0.6918868780136108,0.001294930770275023,5
10000,subset_accuracy_drop,50,0.6918481230735779,0.001324170169182316,0.6918867707252503,0.0012949772663859134,5
10000,subset_accuracy_drop,51,0.6918463706970215,0.0013243975259129015,0.6918865084648133,0.001295014181260484,5
10000,subset_accuracy_drop,52,0.6918442845344543,0.001324787229679918,0.6918860793113708,0.001295219981919468,5
10000,subset_accuracy_drop,53,0.6918419122695922,0.0013252921224755159,0.6918854713439941,0.001295377367598175,5
10000,subset_accuracy_drop,54,0.6918392896652221,0.0013257432219790663,0.6918846130371094,0.0012954329149364374,5
10000,subset_accuracy_drop,55,0.6918364882469177,0.0013262944902753741,0.6918836832046509,0.0012954083408830792,5
10000,subset_accuracy_drop,56,0.6918335080146789,0.0013267279960090354,0.6918827891349792,0.0012952099499805969,5
10000,subset_accuracy_drop,57,0.6918305039405823,0.001327157866078643,0.6918819904327392,0.0012949517212626426,5
10000,subset_accuracy_drop,58,0.6918274164199829,0.0013274405613988732,0.6918812394142151,0.0012946615669072435,5
10000,subset_accuracy_drop,59,0.6918241620063782,0.001327648568545,0.6918806314468384,0.0012942895969436908,5
10000,subset_accuracy_drop,60,0.6918208479881287,0.001327664539019986,0.6918801426887512,0.0012939291396749093,5
10000,subset_accuracy_drop,61,0.6918173551559448,0.001327585933111366,0.6918796300888062,0.0012935729304009895,5
10000,subset_accuracy_drop,62,0.691813588142395,0.0013273257832575108,0.6918792605400086,0.0012931684885736485,5
10000,subset_accuracy_drop,63,0.691809618473053,0.0013269758643999023,0.6918786883354187,0.0012928035930507467,5
10000,subset_accuracy_drop,64,0.6918054103851319,0.001326504923788534,0.6918779969215393,0.001292344716107895,5
10000,subset_accuracy_drop,65,0.691800880432129,0.001325810890983882,0.6918771147727967,0.0012918145900048953,5
10000,subset_accuracy_drop,66,0.6917960047721863,0.0013250530456622282,0.6918761730194092,0.001291275899334231,5
10000,subset_accuracy_drop,67,0.6917906880378724,0.0013240510423423346,0.6918751358985901,0.001290914827884844,5
10000,subset_accuracy_drop,68,0.6917849898338317,0.00132283879779808,0.6918741226196289,0.001290608865183299,5
10000,subset_accuracy_drop,69,0.691778814792633,0.0013213555784682034,0.6918731093406677,0.0012902896514251487,5
10000,subset_accuracy_drop,70,0.6917721629142761,0.0013196356324869961,0.6918720722198486,0.001289944392574932,5
10000,subset_accuracy_drop,71,0.6917649149894715,0.0013176184220720715,0.6918709397315979,0.0012894870844049762,5
10000,subset_accuracy_drop,72,0.6917570471763611,0.0013153243790773375,0.6918697118759155,0.0012888839796879451,5
10000,subset_accuracy_drop,73,0.6917485117912292,0.0013127969622393875,0.6918685555458068,0.001288281188020299,5
10000,subset_accuracy_drop,74,0.6917391419410706,0.0013099326092095337,0.6918675303459167,0.0012879992583373127,5
10000,subset_accuracy_drop,75,0.6917290449142456,0.001306767398616795,0.6918665528297424,0.0012878273446592968,5
10000,subset_accuracy_drop,76,0.6917179226875305,0.0013032693864089662,0.6918655633926392,0.0012875432791025004,5
10000,subset_accuracy_drop,77,0.691705846786499,0.0012991998502382433,0.6918643951416016,0.0012872526148347049,5
10000,subset_accuracy_drop,78,0.6916926741600037,0.0012946127744779211,0.6918635725975036,0.0012873280025900414,5
10000,subset_accuracy_drop,79,0.6916783332824707,0.001289362077087624,0.6918632984161377,0.0012880835339687052,5
10000,subset_accuracy_drop,80,0.6916627049446106,0.0012835801648162684,0.6918630599975586,0.00128891135925507,5
10000,subset_accuracy_drop,81,0.6916455507278443,0.0012769795848139491,0.6918622255325317,0.0012891481501486992,5
10000,subset_accuracy_drop,82,0.6916268944740296,0.0012698132614635436,0.6918623208999634,0.001290636514119479,5
10000,subset_accuracy_drop,83,0.6916066408157349,0.0012619612323049743,0.6918636798858643,0.0012936990567409816,5
10000,subset_accuracy_drop,84,0.6915844321250916,0.0012531626885406932,0.6918643951416016,0.0012961839335192016,5
10000,subset_accuracy_drop,85,0.6915603876113892,0.0012435910743346793,0.691866934299469,0.001300890341109177,5
10000,subset_accuracy_drop,86,0.6915342092514039,0.0012330977473733883,0.6918707251548767,0.0013071514162161667,5
10000,subset_accuracy_drop,87,0.6915061831474304,0.0012221616220523493,0.6918744444847107,0.0013133330332964826,5
10000,subset_accuracy_drop,88,0.6914752006530762,0.0012097667701998311,0.6918820381164551,0.0013238524045950217,5
10000,subset_accuracy_drop,89,0.6914422154426575,0.0011970917940520725,0.6918882846832275,0.0013326204023361866,5
10000,subset_accuracy_drop,90,0.6914064168930054,0.0011835103335216758,0.6918988466262818,0.001345681720510719,5
10000,subset_accuracy_drop,91,0.6913685083389283,0.0011696914138362936,0.6919090628623963,0.0013579277492101682,5
10000,subset_accuracy_drop,92,0.6913295388221741,0.0011571776725556777,0.6919255137443543,0.0013771820511056302,5
10000,subset_accuracy_drop,93,0.6912882208824158,0.0011441866335761114,0.6919398784637452,0.0013924841541570181,5
10000,subset_accuracy_drop,94,0.6912477850914002,0.0011354998896478097,0.6919610619544982,0.0014162220877759805,5
10000,subset_accuracy_drop,95,0.69120192527771,0.0011212497242978387,0.6919735550880433,0.0014279409999638309,5
10000,subset_accuracy_drop,96,0.6911589860916137,0.001113762355195974,0.6920021057128907,0.0014572140162186276,5
10000,subset_accuracy_drop,97,0.6911094188690186,0.0011062245319829773,0.6920102119445801,0.001456977993326483,5
10000,subset_accuracy_drop,98,0.6910528182983399,0.001089197704833434,0.692026150226593,0.001465766829959647,5
10000,subset_accuracy_drop,99,0.6910091638565063,0.001086267557152955,0.6920599818229676,0.0014943579638623111,5
10000,subset_accuracy_drop,100,0.6909727811813354,0.001095766850530961,0.6920846104621887,0.0015015599733971391,5
10000,subset_accuracy_drop,101,0.6909069538116455,0.0010828957406163527,0.6921093583106994,0.001511867532892283,5
10000,subset_accuracy_drop,102,0.6908444285392761,0.0010730461970947789,0.6921201586723328,0.0014987310428595318,5
10000,subset_accuracy_drop,103,0.690805971622467,0.001080884649359712,0.6921531677246093,0.0015114057277345226,5
10000,subset_accuracy_drop,104,0.6907522320747376,0.0010860196954107194,0.692203950881958,0.0015384160788578017,5
10000,subset_accuracy_drop,105,0.6906782507896423,0.0010744737014466365,0.692208755016327,0.0015010294009573382,5
10000,subset_accuracy_drop,106,0.6906190991401673,0.0010744239007406215,0.6922440767288208,0.0015015315972724509,5
10000,subset_accuracy_drop,107,0.6905832886695862,0.0010931499204885331,0.6923166155815125,0.0015473936136362625,5
10000,subset_accuracy_drop,108,0.6905460715293884,0.001131005374001963,0.6923513889312745,0.0015427471884839985,5
10000,subset_accuracy_drop,109,0.6904524087905883,0.0011010974250002757,0.6923784375190735,0.001531680093153865,5
10000,subset_accuracy_drop,110,0.6904194831848145,0.001051065974037182,0.6924387693405152,0.0015090538409646974,5
10000,subset_accuracy_drop,111,0.690411639213562,0.0010938983174753282,0.6924975991249085,0.0015499834043290813,5
10000,subset_accuracy_drop,112,0.6903074860572815,0.0011170067523347403,0.69251948595047,0.0015729749245420239,5
10000,subset_accuracy_drop,113,0.6902669191360473,0.001059937707314393,0.6925689458847046,0.0015183503365586786,5
10000,subset_accuracy_drop,114,0.6902073860168457,0.0011289817800182176,0.6925801157951355,0.001565000509486121,5
10000,subset_accuracy_drop,115,0.6901573181152344,0.0011044650068119898,0.6926396727561951,0.001593819974761802,5
10000,subset_accuracy_drop,116,0.6900979995727539,0.0011019461713376979,0.6926537871360778,0.0015603829598704328,5
10000,subset_accuracy_drop,117,0.6900445342063903,0.0010936223420349727,0.6926899075508117,0.0015664012574511776,5
10000,subset_accuracy_drop,118,0.6899817705154419,0.0011044598647715887,0.6927090525627136,0.001586702153212268,5
10000,subset_accuracy_drop,119,0.6899298429489136,0.0011159653213558924,0.6927321195602417,0.0016016592538292448,5
10000,subset_accuracy_drop,120,0.6899002671241761,0.0010960986620932591,0.6928002953529357,0.0016183204587964044,5
10000,subset_accuracy_drop,121,0.6898456692695618,0.0011301635850249857,0.6928245306015015,0.0016355246957103558,5
10000,subset_accuracy_drop,122,0.6898020148277283,0.001131476931535602,0.6928649425506592,0.0016625443803885969,5
10000,subset_accuracy_drop,123,0.6897503733634949,0.0011808075632243143,0.6929000616073608,0.0016824442560053104,5
10000,subset_accuracy_drop,124,0.6897188544273376,0.0011488402512376092,0.6929842352867126,0.001689928777328706,5
10000,subset_accuracy_drop,125,0.6896692991256714,0.0011796705393613124,0.6929842710494996,0.0016958603769935562,5
10000,subset_accuracy_drop,126,0.6896493673324585,0.0011678646433043764,0.6930689334869384,0.001751508685594843,5
10000,subset_accuracy_drop,127,0.6896610021591186,0.0011840169373037454,0.6931238651275635,0.0017896142506528875,5
10000,subset_accuracy_drop,128,0.6897027492523193,0.0012890627803800985,0.6932610988616943,0.0020198590079498003,5
10000,subset_accuracy_drop,129,0.6895361185073853,0.0012099202050315204,0.693135142326355,0.0017359975043877254,5
10000,subset_accuracy_drop,130,0.6894681334495545,0.0012025574863457154,0.6931299805641175,0.0017251745053352507,5
10000,subset_accuracy_drop,131,0.6894835352897644,0.0012485140997027288,0.6932441115379333,0.0018256880157594116,5
10000,subset_accuracy_drop,132,0.6893896222114563,0.0012695802073796867,0.6931999087333679,0.0016900537221857708,5
10000,subset_accuracy_drop,133,0.6893548250198365,0.0012398688170012074,0.6932063937187195,0.00170742535000992,5
10000,subset_accuracy_drop,134,0.6892828345298767,0.001268953320472125,0.6932366847991943,0.001652380508328902,5
10000,subset_accuracy_drop,135,0.6892890810966492,0.0013055089474385852,0.6933182001113891,0.0017126362155112976,5
10000,subset_accuracy_drop,136,0.6891814827919006,0.001263297935955943,0.6932396769523621,0.0016350157444024716,5
10000,subset_accuracy_drop,137,0.6891663551330567,0.0013267504471729061,0.6932884335517884,0.0016243476780965537,5
10000,subset_accuracy_drop,138,0.6891536474227905,0.0013415094178934625,0.6933581113815308,0.001722356552651044,5
10000,subset_accuracy_drop,139,0.68902987241745,0.0013058693198694212,0.6932774305343627,0.001616856213965645,5
10000,subset_accuracy_drop,140,0.6890769004821777,0.0013442384553711143,0.6933751106262207,0.0016363524258022357,5
10000,subset_accuracy_drop,141,0.6889848947525025,0.0013877816589317456,0.6933850169181823,0.0016552647553985148,5
10000,subset_accuracy_drop,142,0.6889384627342224,0.001367732831507132,0.6934130311012268,0.00166743756107436,5
10000,subset_accuracy_drop,143,0.688911521434784,0.0013955635149720247,0.6934365034103394,0.0016117637763997826,5
10000,subset_accuracy_drop,144,0.6888604283332824,0.0014185968237876094,0.693464720249176,0.001627855494514609,5
10000,subset_accuracy_drop,145,0.6888251066207886,0.0013860049669190192,0.6934882521629333,0.001620200586318951,5
10000,subset_accuracy_drop,146,0.6887794971466065,0.0014362041214576507,0.6935236096382141,0.001634366649229551,5
10000,subset_accuracy_drop,147,0.6887155055999756,0.001453667045040168,0.6935256958007813,0.001665738411282053,5
10000,subset_accuracy_drop,148,0.688681173324585,0.001429963831208545,0.6935582160949707,0.0016256896934794558,5
10000,subset_accuracy_drop,149,0.6886739492416382,0.0014300670713314166,0.6936734914779663,0.0016480855047356928,5
10000,subset_accuracy_drop,150,0.6886038303375244,0.0014641146093768635,0.6936466813087463,0.001662956630193119,5
10000,subset_accuracy_drop,151,0.688581359386444,0.001422742169697624,0.693700647354126,0.0016149350447142695,5
10000,subset_accuracy_drop,152,0.6885133624076843,0.0014614254691758866,0.6936684131622315,0.0016976631094289157,5
10000,subset_accuracy_drop,153,0.688476824760437,0.001505268573790897,0.6937256574630737,0.0016975183249862186,5
10000,subset_accuracy_drop,154,0.6884620547294616,0.001558890240789061,0.6937311887741089,0.0017336562223572815,5
10000,subset_accuracy_drop,155,0.688383412361145,0.0015302906014690218,0.6937489867210388,0.0017534284018760897,5
10000,subset_accuracy_drop,156,0.6883474111557006,0.001501174319237165,0.6937954545021057,0.0016868396029422479,5
10000,subset_accuracy_drop,157,0.6883502244949341,0.0015891910722220304,0.6937966108322143,0.0017727086297275496,5
10000,subset_accuracy_drop,158,0.6883428812026977,0.001613198157909103,0.6938669562339783,0.0018730703730678077,5
10000,subset_accuracy_drop,159,0.6883044123649598,0.0016118209822375614,0.6938790798187255,0.0017750438596609562,5
10000,subset_accuracy_drop,160,0.6882081866264343,0.0015707449508818544,0.6938304543495178,0.0017810344099216475,5
10000,subset_accuracy_drop,161,0.6882087826728821,0.0015688966397514714,0.6939897894859314,0.0018545308623529985,5
10000,subset_accuracy_drop,162,0.6881868243217468,0.0017074997434895218,0.6939824104309082,0.0017827774029779548,5
10000,subset_accuracy_drop,163,0.6881310343742371,0.0016967468819838237,0.6939943194389343,0.0017348936861691397,5
10000,subset_accuracy_drop,164,0.6881969332695007,0.0016958988527230009,0.694124448299408,0.0018200890121807386,5
10000,subset_accuracy_drop,165,0.6881674289703369,0.0017311483431535141,0.694050419330597,0.0017914181790043898,5
10000,subset_accuracy_drop,166,0.6879857063293457,0.0016898021140524984,0.6939274668693542,0.001781557376544264,5
10000,subset_accuracy_drop,167,0.6880029916763306,0.0017301080862970756,0.6939892768859863,0.0018673109777471754,5
10000,subset_accuracy_drop,168,0.6879996418952942,0.0017852265896685096,0.6940150499343872,0.0017882459646465067,5
10000,subset_accuracy_drop,169,0.687875509262085,0.0017213738690914598,0.6940037488937378,0.0017611756916370257,5
10000,subset_accuracy_drop,170,0.687889838218689,0.0017891845571959295,0.6941060781478882,0.0016840206481706491,5
10000,subset_accuracy_drop,171,0.6878299355506897,0.001763220087668238,0.6940978527069092,0.0016823661439533187,5
10000,subset_accuracy_drop,172,0.6877439260482788,0.001768099019273008,0.6940780282020569,0.0017144995993903242,5
10000,subset_accuracy_drop,173,0.6877399682998657,0.0018027187244511978,0.6941299200057983,0.0017112905005296313,5
10000,subset_accuracy_drop,174,0.6877024054527283,0.0017788857582464743,0.6941322922706604,0.0017217607131211532,5
10000,subset_accuracy_drop,175,0.6876506805419922,0.0017899150113366146,0.6941180229187012,0.0017971640247162308,5
10000,subset_accuracy_drop,176,0.6876437187194824,0.001787425178924313,0.6942201018333435,0.0017400953053770224,5
10000,subset_accuracy_drop,177,0.6876095056533813,0.0017622143183361194,0.6942388653755188,0.0017550102331588412,5
10000,subset_accuracy_drop,178,0.6875795841217041,0.001777091277572674,0.6943698406219483,0.001752738934124184,5
10000,subset_accuracy_drop,179,0.6875356435775757,0.001833076056609167,0.6943589329719544,0.0017518406344685811,5
10000,subset_accuracy_drop,180,0.6874777793884277,0.00189173746982685,0.6944145560264587,0.0017809000413640476,5
10000,subset_accuracy_drop,181,0.6876203298568726,0.0021801086193800764,0.6945874691009521,0.0018214419892517264,5
10000,subset_accuracy_drop,182,0.68767831325531,0.0023151998152060884,0.6947164297103882,0.001870163013760054,5
10000,subset_accuracy_drop,183,0.6875033855438233,0.002080598366381291,0.6946004867553711,0.0017515694536958414,5
10000,subset_accuracy_drop,184,0.6873994112014771,0.0019311351006564721,0.6945049405097962,0.0017190023117879991,5
10000,subset_accuracy_drop,185,0.6875239253044129,0.0021937405226460987,0.6946115851402282,0.0018773332626327848,5
10000,subset_accuracy_drop,186,0.687353789806366,0.001931077523739198,0.6944287776947021,0.0018275933757722087,5
10000,subset_accuracy_drop,187,0.6873468875885009,0.002100348649524817,0.6944530725479126,0.001915950596613943,5
10000,subset_accuracy_drop,188,0.6872654557228088,0.0020319871303433406,0.6944954991340637,0.0018543094142515803,5
10000,subset_accuracy_drop,189,0.6873338937759399,0.0020321578623039415,0.694596815109253,0.0018153708493169097,5
10000,subset_accuracy_drop,190,0.6873379349708557,0.002110933690452252,0.6946351647377014,0.001795303041048669,5
10000,subset_accuracy_drop,191,0.6872168183326721,0.002081964179526904,0.6945602059364319,0.0018231408304477817,5
10000,subset_accuracy_drop,192,0.6871827840805054,0.0020584806941578884,0.6946030259132385,0.00173372890555146,5
10000,subset_accuracy_drop,193,0.6871473073959351,0.002099052232901428,0.6946177124977112,0.0017343711709367853,5
10000,subset_accuracy_drop,194,0.6872340679168701,0.0021833905471274465,0.6947185277938843,0.0018438536030143569,5
10000,subset_accuracy_drop,195,0.6872212648391723,0.002047677270540309,0.6947181582450866,0.0018506507695790757,5
10000,subset_accuracy_drop,196,0.6871931552886963,0.002089957675303104,0.6947573184967041,0.0020879667189369496,5
10000,subset_accuracy_drop,197,0.6871271133422852,0.0021482257529645056,0.6946972489356995,0.0017836423565573325,5
10000,subset_accuracy_drop,198,0.6871420502662658,0.002209380153866562,0.6948234081268311,0.0016754724710788523,5
10000,subset_accuracy_drop,199,0.686986792087555,0.0021032236282470854,0.6947803854942322,0.0018976408469366865,5
10000,subset_accuracy_drop,200,0.6870581269264221,0.0021192755390402303,0.6948726654052735,0.0018121951738204504,5
10000,subset_accuracy_drop,201,0.6870434641838074,0.0021484793956799094,0.6948808193206787,0.0018395900577225699,5
10000,subset_accuracy_drop,202,0.6870028614997864,0.0020837753280565736,0.6948675274848938,0.0018257083612291992,5
10000,subset_accuracy_drop,203,0.6869795083999634,0.0019946975419626316,0.6947074651718139,0.0019035842661476766,5
10000,subset_accuracy_drop,204,0.686929726600647,0.0021577836529756062,0.6948691368103027,0.001954168465839881,5
10000,subset_accuracy_drop,205,0.6869101285934448,0.0021388475620420437,0.6948704361915589,0.001873718445711976,5
10000,subset_accuracy_drop,206,0.6868420720100403,0.0020754678748277277,0.6947867274284363,0.001886637776856214,5
10000,subset_accuracy_drop,207,0.6868346095085144,0.0022135497844501697,0.6949049234390259,0.0019558089292347376,5
10000,subset_accuracy_drop,208,0.6868094086647034,0.00211851895407017,0.6948166608810424,0.001935627265819612,5
10000,subset_accuracy_drop,209,0.6867386221885681,0.0021768681562234875,0.6947447896003723,0.0020095344207411623,5
10000,subset_accuracy_drop,210,0.6867133975028992,0.002222038567542938,0.6948531627655029,0.0019744918689365413,5
10000,subset_accuracy_drop,211,0.6867037534713745,0.0021226303051858023,0.6949367761611939,0.0019863038814049803,5
10000,subset_accuracy_drop,212,0.6866565108299255,0.002231810864438476,0.6949370384216309,0.0020263782315495483,5
10000,subset_accuracy_drop,213,0.6866007447242737,0.0022130722300668882,0.6949426651000976,0.0019512920862911035,5
10000,subset_accuracy_drop,214,0.6865801095962525,0.0021840207815574005,0.6950106620788574,0.0019347687323584386,5
10000,subset_accuracy_drop,215,0.6866221189498901,0.0022537556888497434,0.6950995206832886,0.0019677316200350996,5
10000,subset_accuracy_drop,216,0.6865107178688049,0.0022609648012921896,0.6950673937797547,0.0018314079387110954,5
10000,subset_accuracy_drop,217,0.6864394783973694,0.0022405202489018173,0.6950800538063049,0.001829625580605902,5
10000,subset_accuracy_drop,218,0.6864798545837403,0.002233116881740062,0.6951692461967468,0.0018841913874148158,5
10000,subset_accuracy_drop,219,0.6864357113838195,0.0022664675194520854,0.6951417565345764,0.0018569939380285317,5
10000,subset_accuracy_drop,220,0.6863508462905884,0.0022674032020168016,0.6951242446899414,0.001903786830031184,5
10000,subset_accuracy_drop,221,0.6863636255264283,0.0022455106731559104,0.695249879360199,0.001956718770087757,5
10000,subset_accuracy_drop,222,0.6863517045974732,0.002250894118618298,0.6952613472938538,0.0019783531764790015,5
10000,subset_accuracy_drop,223,0.6863022446632385,0.002266904393562228,0.6953568935394288,0.002023028490207484,5
10000,subset_accuracy_drop,224,0.6862265467643738,0.00230439539091555,0.6953265309333801,0.0019028386035902674,5
10000,subset_accuracy_drop,225,0.6862390279769898,0.0022921794722436887,0.6953517317771911,0.0019285588613562855,5
10000,subset_accuracy_drop,226,0.6862376689910888,0.002288076039556094,0.6953773140907288,0.0019782102567761656,5
10000,subset_accuracy_drop,227,0.6861826062202454,0.002311029731769201,0.695433509349823,0.0017766300593882519,5
10000,subset_accuracy_drop,228,0.6861391067504883,0.002315817696751331,0.695441460609436,0.0017931790537700776,5
10000,subset_accuracy_drop,229,0.6861232042312622,0.0023198443959165913,0.6955372452735901,0.0018972435557874368,5
10000,subset_accuracy_drop,230,0.686115050315857,0.0023505331609598498,0.6955335974693299,0.0019274393871316587,5
10000,subset_accuracy_drop,231,0.6861166834831238,0.0024492391653808004,0.6955117464065552,0.0019386038885685112,5
10000,subset_accuracy_drop,232,0.6861534118652344,0.0024758236150979446,0.6956260204315186,0.002122834553226843,5
10000,subset_accuracy_drop,233,0.6862272143363952,0.0025744062042658204,0.6956423401832581,0.00206822140003344,5
10000,subset_accuracy_drop,234,0.6859967708587646,0.0024008731090463835,0.6955092906951904,0.0019613623042707942,5
10000,subset_accuracy_drop,235,0.6859384179115295,0.002357754490705619,0.6955651998519897,0.0020327602390982644,5
10000,subset_accuracy_drop,236,0.6859921455383301,0.0024258145827541987,0.6956058025360108,0.002064358162859446,5
10000,subset_accuracy_drop,237,0.6858939170837403,0.0024435875988001675,0.695623767375946,0.002121846965918404,5
10000,subset_accuracy_drop,238,0.6858442068099976,0.0024116554000049037,0.695611047744751,0.002154850520348437,5
10000,subset_accuracy_drop,239,0.6858549237251281,0.0024010125916686807,0.6956398844718933,0.0020724780055128506,5
10000,subset_accuracy_drop,240,0.6858336091041565,0.002434430473161022,0.6957753658294678,0.002066128129827847,5
10000,subset_accuracy_drop,241,0.6858287334442139,0.0024979790662975924,0.6958075881004333,0.001941051170452744,5
10000,subset_accuracy_drop,242,0.685903012752533,0.0025788428440616036,0.695763373374939,0.0020480021277088727,5
10000,subset_accuracy_drop,243,0.6859313130378724,0.002605350505062764,0.695944321155548,0.0021308893307501213,5
10000,subset_accuracy_drop,244,0.6858739376068115,0.0026757986997835476,0.6957299709320068,0.0020890731879002105,5
10000,subset_accuracy_drop,245,0.6857211828231812,0.0025312289586125595,0.6957857966423034,0.0020937711626371233,5
10000,subset_accuracy_drop,246,0.6856851220130921,0.0024440362081278944,0.6959113359451294,0.0022194669425163616,5
10000,subset_accuracy_drop,247,0.6857210993766785,0.002599278933775733,0.6959329009056091,0.002179009321902725,5
10000,subset_accuracy_drop,248,0.6856374621391297,0.0026243669358567466,0.6960115671157837,0.002194323105805204,5
10000,subset_accuracy_drop,249,0.6855573415756225,0.0024878793305133035,0.6959297299385071,0.0023981788722573995,5
10000,subset_accuracy_drop,250,0.685650372505188,0.0025526088843971116,0.6959587812423706,0.002351350916451448,5
10000,subset_accuracy_drop,251,0.6856125116348266,0.002561785536265696,0.6961826920509339,0.002444970029624507,5
10000,subset_accuracy_drop,252,0.6854309439659119,0.0025420892583307517,0.6959689974784851,0.0023126324527219314,5
10000,subset_accuracy_drop,253,0.6854717254638671,0.0025611850163655336,0.6960084319114686,0.002301207177518117,5
10000,subset_accuracy_drop,254,0.6854941606521606,0.002569896796519344,0.6960687637329102,0.0023537554080496595,5
10000,subset_accuracy_drop,255,0.6853649497032166,0.0025663407076448284,0.6959150671958924,0.00223365179732687,5
10000,subset_accuracy_drop,256,0.6853418946266174,0.0026021195281003507,0.6959679245948791,0.00222073284146416,5
10000,subset_accuracy_drop,257,0.6853823661804199,0.002557592829794604,0.6961336135864258,0.002434914209727462,5
10000,subset_accuracy_drop,258,0.6852976202964782,0.0025475760686863897,0.6960989236831665,0.0023419724878035895,5
10000,subset_accuracy_drop,259,0.6852750420570374,0.002636252371449246,0.6960875272750855,0.002328327115119666,5
10000,subset_accuracy_drop,260,0.6853808283805847,0.002787736848366534,0.696301007270813,0.0024885383428531606,5
10000,subset_accuracy_drop,261,0.6854275345802308,0.0029760508297923616,0.696458613872528,0.0024409106551798667,5
10000,subset_accuracy_drop,262,0.6854575634002685,0.003086940683073024,0.6964324712753296,0.0023404900717409896,5
10000,subset_accuracy_drop,263,0.6851852178573609,0.0026175213919612393,0.6963996052742004,0.002436869350328534,5
10000,subset_accuracy_drop,264,0.6851397633552552,0.002705360212799527,0.696323573589325,0.002361519720794725,5
10000,subset_accuracy_drop,265,0.685294771194458,0.0030144467838489485,0.696494746208191,0.002407516048190654,5
10000,subset_accuracy_drop,266,0.68509920835495,0.002676385682918698,0.6964832425117493,0.002550398117461168,5
10000,subset_accuracy_drop,267,0.6850924730300904,0.0028415417595651954,0.696475338935852,0.002414965966641531,5
10000,subset_accuracy_drop,268,0.6850740313529968,0.002860500199150296,0.6963236570358277,0.002368174699521089,5
10000,subset_accuracy_drop,269,0.685014796257019,0.0027451647085137694,0.696304440498352,0.0023564005277664584,5
10000,subset_accuracy_drop,270,0.6850118398666382,0.0028340734679190515,0.6964649558067322,0.002341696754162653,5
10000,subset_accuracy_drop,271,0.6849379539489746,0.002709663909841306,0.6963593125343323,0.0024503195773603746,5
10000,subset_accuracy_drop,272,0.685033917427063,0.0028228008401699335,0.6967055439949036,0.00256050931856851,5
10000,subset_accuracy_drop,273,0.6848778367042542,0.0028159859312824934,0.6964510321617127,0.002419355916442971,5
10000,subset_accuracy_drop,274,0.684849989414215,0.0028065987152323334,0.6964984059333801,0.0023911503870695013,5
10000,subset_accuracy_drop,275,0.6848558068275452,0.0027726480466607273,0.6965344309806824,0.0025706116088759496,5
10000,subset_accuracy_drop,276,0.6847994327545166,0.0028084740022822044,0.696424376964569,0.0023954358326343313,5
10000,subset_accuracy_drop,277,0.6847503542900085,0.0027974970316847424,0.6966261267662048,0.0025133315756689775,5
10000,subset_accuracy_drop,278,0.6847082853317261,0.0028017446850310546,0.6966689348220825,0.0026638741279961034,5
10000,subset_accuracy_drop,279,0.6846615433692932,0.002895030902991396,0.6966425895690918,0.00255086282394955,5
10000,subset_accuracy_drop,280,0.6846185564994812,0.0028402429230727326,0.6966580867767334,0.0025343309413196186,5
10000,subset_accuracy_drop,281,0.684631884098053,0.002896839333470599,0.6967298030853272,0.002516740348144378,5
10000,subset_accuracy_drop,282,0.6845969915390014,0.0028956024678034108,0.6968115925788879,0.0025674782078703323,5
10000,subset_accuracy_drop,283,0.684528362751007,0.0028765576856809374,0.6967458605766297,0.0026167944673248823,5
10000,subset_accuracy_drop,284,0.6844981431961059,0.0029031221222355873,0.6968747019767761,0.002630224964884811,5
10000,subset_accuracy_drop,285,0.6844685792922973,0.002857093476699065,0.6967822790145874,0.002677797198982623,5
10000,subset_accuracy_drop,286,0.6844729781150818,0.002908878595845833,0.6968088030815125,0.002640632099459757,5
10000,subset_accuracy_drop,287,0.6844267606735229,0.00291068692860282,0.6968976259231567,0.0025720750901509215,5
10000,subset_accuracy_drop,288,0.6844670653343201,0.002926214995018428,0.6968875885009765,0.002659865952525692,5
10000,subset_accuracy_drop,289,0.6844663500785828,0.003060812391841016,0.6969603657722473,0.0024266941576662573,5
10000,subset_accuracy_drop,290,0.6844550132751465,0.0030178632286232093,0.6969302415847778,0.0025610960306952737,5
10000,subset_accuracy_drop,291,0.6844492316246032,0.0028514111979676742,0.6970834493637085,0.002697851063990582,5
10000,subset_accuracy_drop,292,0.6843302369117736,0.0027769371551652636,0.6971456646919251,0.002701587111062121,5
10000,subset_accuracy_drop,293,0.6843142032623291,0.0028417570380692273,0.6970597743988037,0.0026058644121607693,5
10000,subset_accuracy_drop,294,0.6843915343284607,0.0029492692342922636,0.697317385673523,0.0026316529249317947,5
10000,subset_accuracy_drop,295,0.6842800140380859,0.0030102145035585796,0.6970195770263672,0.002553056627805376,5
10000,subset_accuracy_drop,296,0.6841650009155273,0.0028781590687312025,0.6969303488731384,0.002565211978723255,5
10000,subset_accuracy_drop,297,0.6842775702476501,0.0028718008945454597,0.6972265362739563,0.002706159648568058,5
10000,subset_accuracy_drop,298,0.6842965960502625,0.0029623843944667594,0.6971242308616639,0.0027218970257117054,5
10000,subset_accuracy_drop,299,0.6840891480445862,0.0029192333602444565,0.697140383720398,0.0027418164544117125,5
10000,subset_accuracy_drop,300,0.6841298341751099,0.002914374203372241,0.6972409963607789,0.0027678683027501654,5
10000,subset_accuracy_drop,301,0.6841863393783569,0.0029221461357069553,0.6970742702484131,0.002796824676419028,5
10000,subset_accuracy_drop,302,0.6840278148651123,0.0029340624740488825,0.6971386194229126,0.0028079201010359615,5
10000,subset_accuracy_drop,303,0.6840010046958923,0.0029718763574990673,0.6971582531929016,0.0027585306639262095,5
10000,subset_accuracy_drop,304,0.6840524077415466,0.0029739980088470865,0.6971484899520874,0.0027367633279518837,5
10000,subset_accuracy_drop,305,0.6839675664901733,0.0029061246839284585,0.6972901701927186,0.0027137348063188977,5
10000,subset_accuracy_drop,306,0.6839933037757874,0.0030228795413650964,0.697361171245575,0.002724780653515129,5
10000,subset_accuracy_drop,307,0.6840882539749146,0.0030618625663928795,0.6975053071975708,0.0027279166112864264,5
10000,subset_accuracy_drop,308,0.6840438723564148,0.0031171592777490503,0.6976495862007142,0.0027312810219261383,5
10000,subset_accuracy_drop,309,0.6838949918746948,0.0029861467784668997,0.6976862788200379,0.002730143999772792,5
10000,subset_accuracy_drop,310,0.6839494943618775,0.003007409322621198,0.6976868271827698,0.0027242923564165995,5
10000,subset_accuracy_drop,311,0.6839854836463928,0.003070803129777492,0.6977549314498901,0.002721427132087084,5
10000,subset_accuracy_drop,312,0.6838188767433167,0.0030163519585908664,0.6974806189537048,0.002798148810005455,5
10000,subset_accuracy_drop,313,0.6837666273117066,0.0029830851857596016,0.697412109375,0.0028022906711069207,5
10000,subset_accuracy_drop,314,0.6838536739349366,0.0030825144878759213,0.6975990891456604,0.002842038881764586,5
10000,subset_accuracy_drop,315,0.6837963819503784,0.0030060397944101543,0.6975823163986206,0.002935643746452327,5
10000,subset_accuracy_drop,316,0.6837345480918884,0.002948508755315008,0.6976374626159668,0.0029973491865245127,5
10000,subset_accuracy_drop,317,0.6837843656539917,0.003048717562221295,0.6976586818695069,0.0029101193852224027,5
10000,subset_accuracy_drop,318,0.6836493611335754,0.003066926626836845,0.6975453138351441,0.002754524834629546,5
10000,subset_accuracy_drop,319,0.6836100101470948,0.0030048715670273653,0.6975650906562805,0.0027613913506184377,5
10000,subset_accuracy_drop,320,0.6836425185203552,0.0030286836690454045,0.6975946068763733,0.0027835116205940126,5
10000,subset_accuracy_drop,321,0.6835795879364014,0.0030952402585852725,0.6976497888565063,0.0028644931825698066,5
10000,subset_accuracy_drop,322,0.6835363745689392,0.0030960780367555204,0.6976730227470398,0.0028757357439925277,5
10000,subset_accuracy_drop,323,0.6835228681564331,0.0030560683137599914,0.6976476669311523,0.002911616568926422,5
10000,subset_accuracy_drop,324,0.6834941387176514,0.003007235077790976,0.6977321147918701,0.002901705098783245,5
10000,subset_accuracy_drop,325,0.683445930480957,0.003049139992541887,0.6976880669593811,0.0029122075520843843,5
10000,subset_accuracy_drop,326,0.6833946585655213,0.0030941637581096237,0.6977952361106873,0.0028885341414223815,5
10000,subset_accuracy_drop,327,0.6833793163299561,0.0030689884294540777,0.6977944493293762,0.0029638231802196578,5
10000,subset_accuracy_drop,328,0.6833691954612732,0.003090202693585561,0.6977552652359009,0.0029745812948420475,5
10000,subset_accuracy_drop,329,0.6833435654640198,0.0030614058709429004,0.6977898597717285,0.0029637519701159404,5
10000,subset_accuracy_drop,330,0.6833068609237671,0.0030845074428422965,0.6978239059448242,0.0029227562570321264,5
10000,subset_accuracy_drop,331,0.6832837700843811,0.003104781130797091,0.6977944254875184,0.0028681201061901726,5
10000,subset_accuracy_drop,332,0.6832740187644959,0.003060926906737957,0.697980535030365,0.0027616290924104875,5
10000,subset_accuracy_drop,333,0.6832061529159545,0.00302478775164,0.6979335188865662,0.002860645809996065,5
10000,subset_accuracy_drop,334,0.6831932902336121,0.0030422136708887354,0.6980607390403748,0.0030316644470757175,5
10000,subset_accuracy_drop,335,0.6831675887107849,0.0030781097884630217,0.6981238961219788,0.0029694261347871322,5
10000,subset_accuracy_drop,336,0.6831030130386353,0.0030608289707886615,0.6980598211288452,0.0030046159621232456,5
10000,subset_accuracy_drop,337,0.6831210613250732,0.0030690461798263302,0.698112404346466,0.0028979410179738306,5
10000,subset_accuracy_drop,338,0.6831345558166504,0.0031147293678960263,0.6981134414672852,0.002851394599196407,5
10000,subset_accuracy_drop,339,0.683154308795929,0.0031276323544592874,0.698282790184021,0.0028899994623077492,5
10000,subset_accuracy_drop,340,0.6831987500190735,0.003221070859726339,0.6981987595558167,0.002930650313143577,5
10000,subset_accuracy_drop,341,0.6832856059074401,0.0033627382868816093,0.6984654784202575,0.002858673703703054,5
10000,subset_accuracy_drop,342,0.6832987666130066,0.0033528071048040575,0.6983555316925049,0.0031514183384060697,5
10000,subset_accuracy_drop,343,0.6830530881881713,0.0030746569967153425,0.6982181668281555,0.0030286514860087895,5
10000,subset_accuracy_drop,344,0.6830438375473022,0.0029774428924901858,0.6983049035072326,0.003027699268230254,5
10000,subset_accuracy_drop,345,0.6830634236335754,0.003161799367979209,0.6981581449508667,0.0028487439955004403,5
10000,subset_accuracy_drop,346,0.6829292893409729,0.003015493362354133,0.6982216119766236,0.0028502251891268015,5
10000,subset_accuracy_drop,347,0.6829649925231933,0.0031078345556580815,0.6982392907142639,0.002903649609359941,5
10000,subset_accuracy_drop,348,0.6829503178596497,0.003135920105372956,0.6982198596000672,0.00291345320719175,5
10000,subset_accuracy_drop,349,0.6829161405563354,0.00296368231373946,0.6983806252479553,0.0030291660566636957,5
10000,subset_accuracy_drop,350,0.6829413175582886,0.002989889089831767,0.698326027393341,0.002814566610015472,5
10000,subset_accuracy_drop,351,0.6827978134155274,0.0030734106641538512,0.6982332468032837,0.002909663391259178,5
10000,subset_accuracy_drop,352,0.6828339338302613,0.002934404215443361,0.6983568549156189,0.0030131047076360656,5
10000,subset_accuracy_drop,353,0.6828717112541198,0.002916526569846638,0.6983513116836548,0.0029342548292892612,5
10000,subset_accuracy_drop,354,0.6826496958732605,0.0030305146287916726,0.6983515501022339,0.0030878576404600646,5
10000,subset_accuracy_drop,355,0.682759952545166,0.0029251284396704202,0.6986944913864136,0.003211723276355654,5
10000,subset_accuracy_drop,356,0.6827664971351624,0.0029312861722667724,0.6987139701843261,0.003127766214169085,5
10000,subset_accuracy_drop,357,0.6826025724411011,0.0030601404716389573,0.6986047506332398,0.003207564904810077,5
10000,subset_accuracy_drop,358,0.6826404094696045,0.0028802489369995493,0.6986325860023499,0.0031376995464617546,5
10000,subset_accuracy_drop,359,0.682585346698761,0.0029550302815821165,0.6985703468322754,0.003051304147735436,5
10000,subset_accuracy_drop,360,0.6825684785842896,0.0029149336148205683,0.6987162351608276,0.0032510006384011067,5
10000,subset_accuracy_drop,361,0.6826386451721191,0.0028279380732854475,0.6988252162933349,0.0030328244347351055,5
10000,subset_accuracy_drop,362,0.6825706958770752,0.0030922776046262267,0.698698890209198,0.002867614035956932,5
10000,subset_accuracy_drop,363,0.6824734210968018,0.002992715202175121,0.6985810995101929,0.002854647155436449,5
10000,subset_accuracy_drop,364,0.6824691414833068,0.0028926756228282603,0.6985978245735168,0.002898149294406804,5
10000,subset_accuracy_drop,365,0.6825109124183655,0.002974728021514048,0.6987036466598511,0.0027573112915384537,5
10000,subset_accuracy_drop,366,0.6824138402938843,0.003008577383759952,0.6986539483070373,0.0026414160461406496,5
10000,subset_accuracy_drop,367,0.6824199795722962,0.0030744723075005636,0.6987811326980591,0.0027546382351316375,5
10000,subset_accuracy_drop,368,0.6826104640960693,0.0030761157269274288,0.6990798592567444,0.003009880341518926,5
10000,subset_accuracy_drop,369,0.6824735045433045,0.003059988685498635,0.6988037943840026,0.0027864975961723695,5
10000,subset_accuracy_drop,370,0.6822421193122864,0.002981150126250054,0.698687469959259,0.0026818160542747536,5
10000,subset_accuracy_drop,371,0.682311189174652,0.002912896431950107,0.6989602208137512,0.0029107878284888827,5
10000,subset_accuracy_drop,372,0.6823704957962036,0.0030664439090608378,0.6990359902381897,0.0029347015323296062,5
10000,subset_accuracy_drop,373,0.682212483882904,0.003034116896537555,0.6990099072456359,0.002942235676268109,5
10000,subset_accuracy_drop,374,0.6821790933609009,0.0029203949304643416,0.6990064859390259,0.003038044361087849,5
10000,subset_accuracy_drop,375,0.6821914434432983,0.002953666723261883,0.6990206122398377,0.002901694163385426,5
10000,subset_accuracy_drop,376,0.6821036696434021,0.002977821597513591,0.6991612434387207,0.0028753031292469903,5
10000,subset_accuracy_drop,377,0.6820585489273071,0.002934747027437766,0.6990971207618714,0.0028643309292041186,5
10000,subset_accuracy_drop,378,0.6820531487464905,0.002955724441760556,0.6990688443183899,0.002848987028363113,5
10000,subset_accuracy_drop,379,0.6819858431816102,0.0030094501468008236,0.6989951848983764,0.002837736073790059,5
10000,subset_accuracy_drop,380,0.6819881796836853,0.002899525436146441,0.6989902138710022,0.0029040168380303575,5
10000,subset_accuracy_drop,381,0.681977903842926,0.002893269942954566,0.6991023540496826,0.0030058591442150805,5
10000,subset_accuracy_drop,382,0.6819165110588074,0.002946213008492941,0.6992891192436218,0.0030987766467430525,5
10000,subset_accuracy_drop,383,0.681882631778717,0.002930237798537656,0.699373722076416,0.003182766027782249,5
10000,subset_accuracy_drop,384,0.6819509267807007,0.0028889702115322147,0.6994247436523438,0.0031903225851235397,5
10000,subset_accuracy_drop,385,0.6819008231163025,0.0029946540760939027,0.6994787812232971,0.0030890876978488654,5
10000,subset_accuracy_drop,386,0.6818812966346741,0.0028883206456991883,0.6994528651237488,0.002930664445590027,5
10000,subset_accuracy_drop,387,0.6818690180778504,0.002825626107211683,0.6993915915489197,0.002909063002772061,5
10000,subset_accuracy_drop,388,0.6818459033966064,0.0029382481109199994,0.6994763374328613,0.002929868734739202,5
10000,subset_accuracy_drop,389,0.6819072842597962,0.0029527937708911625,0.6996207714080811,0.002886960810075715,5
10000,subset_accuracy_drop,390,0.681760025024414,0.0029505537859003564,0.6995058298110962,0.002951929363908041,5
10000,subset_accuracy_drop,391,0.6816981434822083,0.0028627627591245883,0.6994956374168396,0.0030273503116392407,5
10000,subset_accuracy_drop,392,0.6818157792091369,0.0028735643575384566,0.6997879028320313,0.0029550497169471765,5
10000,subset_accuracy_drop,393,0.6816843986511231,0.002970560637813013,0.6996457695960998,0.002962550557759061,5
10000,subset_accuracy_drop,394,0.6816744923591613,0.0028957674090099674,0.6997115135192871,0.0029280463793292686,5
10000,subset_accuracy_drop,395,0.6817694187164307,0.0030195352940651497,0.6997642755508423,0.003005879279853667,5
10000,subset_accuracy_drop,396,0.6817331433296203,0.0030591729318730013,0.6996882438659668,0.002972520430280536,5
10000,subset_accuracy_drop,397,0.6816776990890503,0.0028939297796233433,0.6995272994041443,0.002967136235145691,5
10000,subset_accuracy_drop,398,0.6816791296005249,0.0029581176091650987,0.6996971726417541,0.0032409076557843677,5
10000,subset_accuracy_drop,399,0.6816219925880432,0.002916449717266037,0.6997705578804017,0.003104607510093208,5
10000,subset_accuracy_drop,400,0.6815608143806458,0.002962080241082251,0.6995899677276611,0.0030833644459668306,5
10000,subset_accuracy_drop,401,0.6815710306167603,0.0030165017293327053,0.6996768593788147,0.003088353763739652,5
10000,subset_accuracy_drop,402,0.6815206646919251,0.0029225942356519772,0.699675726890564,0.0030402559937553987,5
10000,subset_accuracy_drop,403,0.6814594388008117,0.0029266864904881557,0.6996488809585572,0.003278394856144499,5
10000,subset_accuracy_drop,404,0.6814826607704163,0.0029824708712667698,0.6996751070022583,0.0031615380318774935,5
10000,subset_accuracy_drop,405,0.6814178109169007,0.0029783951588038195,0.6996312499046325,0.0031476327518972767,5
10000,subset_accuracy_drop,406,0.6813959836959839,0.00291450666506862,0.6996724247932434,0.0032749162949445403,5
10000,subset_accuracy_drop,407,0.6813868999481201,0.002962544315276377,0.6998136401176452,0.0031412116341629627,5
10000,subset_accuracy_drop,408,0.6813188672065735,0.002937141148219982,0.6998672962188721,0.003110963260787622,5
10000,subset_accuracy_drop,409,0.6812672972679138,0.002921408164744413,0.6997826933860779,0.0031486600864440908,5
10000,subset_accuracy_drop,410,0.681270694732666,0.0029068515248787084,0.6997433781623841,0.002980462019943182,5
10000,subset_accuracy_drop,411,0.6812736749649048,0.0029110575654608104,0.6997919678688049,0.0029565123128044986,5
10000,subset_accuracy_drop,412,0.681262755393982,0.002851371947492381,0.6997730016708374,0.002999535331713327,5
10000,subset_accuracy_drop,413,0.6812157392501831,0.0028459379827729925,0.6998776078224183,0.003054619651163244,5
10000,subset_accuracy_drop,414,0.6811736822128296,0.0029169628189101553,0.6998837232589722,0.0031786855688357247,5
10000,subset_accuracy_drop,415,0.6811797738075256,0.0029021250281193226,0.6999127626419067,0.00311946020842278,5
10000,subset_accuracy_drop,416,0.681108045578003,0.0028539259860178904,0.6999482989311219,0.0032135040567799916,5
10000,subset_accuracy_drop,417,0.6810757040977478,0.0028960238886643975,0.7001217365264892,0.0031959546125860903,5
10000,subset_accuracy_drop,418,0.6810778617858887,0.0028812342239562666,0.7001393914222718,0.0031955587193769463,5
10000,subset_accuracy_drop,419,0.681048309803009,0.0029128108095041673,0.7002639174461365,0.003162288842795503,5
10000,subset_accuracy_drop,420,0.6810108065605164,0.00292810059028035,0.7001509070396423,0.003087593166879796,5
10000,subset_accuracy_drop,421,0.6810067653656006,0.0028714245920055614,0.7001124143600463,0.0031512918718796814,5
10000,subset_accuracy_drop,422,0.6809647798538208,0.0028687803430702914,0.700278890132904,0.003206578130126781,5
10000,subset_accuracy_drop,423,0.6809435963630677,0.0028682539541251485,0.700481629371643,0.003139992032646816,5
10000,subset_accuracy_drop,424,0.6809185028076172,0.0028895011674519014,0.7004231929779052,0.003218277192174934,5
10000,subset_accuracy_drop,425,0.6810197949409484,0.002906078138340707,0.7005358695983886,0.003265860592511343,5
10000,subset_accuracy_drop,426,0.6809628963470459,0.0028535420085621494,0.7004314422607422,0.0033258808395352094,5
10000,subset_accuracy_drop,427,0.6809074997901916,0.002839102123937065,0.7004071235656738,0.0032665084861396884,5
10000,subset_accuracy_drop,428,0.6809208273887635,0.0029536118710956705,0.7004491209983825,0.0030122865528216954,5
10000,subset_accuracy_drop,429,0.6809085488319397,0.0028994920256062164,0.7003511786460876,0.003114924868669776,5
10000,subset_accuracy_drop,430,0.6809130311012268,0.002933676943721144,0.7004463791847229,0.0031399857067008845,5
10000,subset_accuracy_drop,431,0.6808519005775452,0.0028772363363880065,0.7003555178642273,0.003119811677949857,5
10000,subset_accuracy_drop,432,0.6808030486106873,0.0028328900495560934,0.7002837896347046,0.003147273545751405,5
10000,subset_accuracy_drop,433,0.6808307528495788,0.0028871672456658084,0.7004054546356201,0.0031300922656014468,5
10000,subset_accuracy_drop,434,0.6808480739593505,0.00292468063768357,0.7003458976745606,0.0029692302414527096,5
10000,subset_accuracy_drop,435,0.6807261824607849,0.002911547182773709,0.7004028201103211,0.002908709461631466,5
10000,subset_accuracy_drop,436,0.6807265400886535,0.0028300219311567696,0.7004783272743225,0.0031101545417509457,5
10000,subset_accuracy_drop,437,0.6808454513549804,0.0028419885201658385,0.700482439994812,0.003163887483841935,5
10000,subset_accuracy_drop,438,0.6807818055152893,0.0028199428687656364,0.7006402015686035,0.003196851080521032,5
10000,subset_accuracy_drop,439,0.6806441903114319,0.00284395927721012,0.700615668296814,0.003063333483143106,5
10000,subset_accuracy_drop,440,0.6806823253631592,0.0028680851888973377,0.700778353214264,0.0030589548112472313,5
10000,subset_accuracy_drop,441,0.6807534575462342,0.002898949669628306,0.7008335709571838,0.003306398025392485,5
10000,subset_accuracy_drop,442,0.6806098341941833,0.002822457030413437,0.7006277561187744,0.0029602423150117043,5
10000,subset_accuracy_drop,443,0.6805947899818421,0.0028750503234868593,0.7006531238555909,0.0030185922862139675,5
10000,subset_accuracy_drop,444,0.68076993227005,0.00285809683126984,0.7008472084999084,0.0030950868205697622,5
10000,subset_accuracy_drop,445,0.6806307911872864,0.002840640557747284,0.7006739377975464,0.0029240448453875328,5
10000,subset_accuracy_drop,446,0.680580449104309,0.002872787623007004,0.7007555723190307,0.0028852843131559427,5
10000,subset_accuracy_drop,447,0.6806652545928955,0.0028161746456488563,0.7008455991744995,0.003145807058581663,5
10000,subset_accuracy_drop,448,0.6806758046150208,0.0028418769216245077,0.7008076548576355,0.0029421367527369775,5
10000,subset_accuracy_drop,449,0.680530059337616,0.0028719931796348467,0.7008702158927917,0.0029899362326894366,5
10000,subset_accuracy_drop,450,0.6805159211158752,0.002823189186440212,0.7010007500648499,0.0031369736095854792,5
10000,subset_accuracy_drop,451,0.6805216908454895,0.0027960777112072542,0.7009227991104126,0.002803217145290332,5
10000,subset_accuracy_drop,452,0.6805058717727661,0.0029011394467980288,0.7007723927497864,0.0029326799265614978,5
10000,subset_accuracy_drop,453,0.6805222630500793,0.002778787114677287,0.7008554458618164,0.003055206027295419,5
10000,subset_accuracy_drop,454,0.6803784608840943,0.0028305774603167144,0.7007057547569275,0.0031154882992204726,5
10000,subset_accuracy_drop,455,0.6804146885871887,0.0027732822534191344,0.7008393287658692,0.0031390068944540006,5
10000,subset_accuracy_drop,456,0.6804142236709595,0.0028321700981112107,0.7010562777519226,0.0031197632117618925,5
10000,subset_accuracy_drop,457,0.6803218960762024,0.002775952339778045,0.7008777022361755,0.0031171492843700467,5
10000,subset_accuracy_drop,458,0.6802849888801574,0.00279949944025527,0.7009716629981995,0.0030361139807955104,5
10000,subset_accuracy_drop,459,0.6803303599357605,0.0027456721661403395,0.7010743737220764,0.0030225129629641335,5
10000,subset_accuracy_drop,460,0.6802700161933899,0.002792207831516125,0.7010421395301819,0.0030277448282802722,5
10000,subset_accuracy_drop,461,0.6802319526672364,0.002836726131645805,0.7012079954147339,0.0029670863084588894,5
10000,subset_accuracy_drop,462,0.6801819562911987,0.0028067773754542245,0.701309072971344,0.002999223707001889,5
10000,subset_accuracy_drop,463,0.6802044868469238,0.0027488901753507794,0.7012138485908508,0.0030677859644132025,5
10000,subset_accuracy_drop,464,0.6801684975624085,0.002800754486986334,0.7013251185417175,0.0031081140111362815,5
10000,subset_accuracy_drop,465,0.6801899075508118,0.0027021308306620527,0.7012277603149414,0.0031949788649883277,5
10000,subset_accuracy_drop,466,0.6801353216171264,0.0027984102211450748,0.7012601017951965,0.0030854880126930367,5
10000,subset_accuracy_drop,467,0.6801039338111877,0.0027804959345869317,0.701290237903595,0.0031394241257488194,5
10000,subset_accuracy_drop,468,0.6800835847854614,0.002757708586695125,0.7011672735214234,0.003091075061077198,5
10000,subset_accuracy_drop,469,0.6800881862640381,0.0027565122187112583,0.7011572241783142,0.002950343870524208,5
10000,subset_accuracy_drop,470,0.6801267743110657,0.002754731081326808,0.7012145161628723,0.003029269671395104,5
10000,subset_accuracy_drop,471,0.6800939321517945,0.0028390081837657076,0.7014491200447083,0.0029173537757221832,5
10000,subset_accuracy_drop,472,0.6801942229270935,0.0027490790372588594,0.7016005039215087,0.0030025604620431226,5
10000,subset_accuracy_drop,473,0.6801545143127441,0.002756197950970605,0.7015416502952576,0.003282812992367722,5
10000,subset_accuracy_drop,474,0.6801142454147339,0.0026798390765093456,0.7014086604118347,0.003285150499802767,5
10000,subset_accuracy_drop,475,0.6800715565681458,0.0027200452670757803,0.701415729522705,0.0033432419050646277,5
10000,subset_accuracy_drop,476,0.6800068616867065,0.002781772447714266,0.7015262126922608,0.0029953097801560416,5
10000,subset_accuracy_drop,477,0.6799209475517273,0.0028024277772466253,0.7015776634216309,0.003063169280287692,5
10000,subset_accuracy_drop,478,0.6799519896507263,0.002736044079093884,0.7015972852706909,0.003080543458783968,5
10000,subset_accuracy_drop,479,0.6799558401107788,0.002828392562287402,0.7017226338386535,0.0028417897632715947,5
10000,subset_accuracy_drop,480,0.6799575090408325,0.0027953936835350937,0.7016435027122497,0.002990067945476587,5
10000,subset_accuracy_drop,481,0.6799321651458741,0.0027053137637354924,0.7017276763916016,0.0029672221137892916,5
10000,subset_accuracy_drop,482,0.6798357129096985,0.0027613106534779518,0.7016536474227906,0.0030331326104648475,5
10000,subset_accuracy_drop,483,0.6798105120658875,0.002810221369337416,0.7016879081726074,0.0029865055436099955,5
10000,subset_accuracy_drop,484,0.6798389434814454,0.0028010974366109616,0.7017515063285827,0.002822984749356724,5
10000,subset_accuracy_drop,485,0.6798595905303955,0.0027667522299701184,0.7016629695892334,0.0028835336115262573,5
10000,subset_accuracy_drop,486,0.679803729057312,0.0028604479813623745,0.7017276883125305,0.00278154027690888,5
10000,subset_accuracy_drop,487,0.6797425746917725,0.002784764647817048,0.7016671657562256,0.002905204184562502,5
10000,subset_accuracy_drop,488,0.679714560508728,0.002768193123000465,0.70166517496109,0.0029489985825061245,5
10000,subset_accuracy_drop,489,0.679720425605774,0.0028159023314071646,0.7017300486564636,0.002894810753589262,5
10000,subset_accuracy_drop,490,0.6797260284423828,0.002924672893187272,0.7017277002334594,0.0029228953458575995,5
10000,subset_accuracy_drop,491,0.6798473596572876,0.0030680260041870636,0.7017725229263305,0.0029190648108454163,5
10000,subset_accuracy_drop,492,0.6798290491104126,0.002994790463362758,0.7020379185676575,0.002871854896617271,5
10000,subset_accuracy_drop,493,0.6796971201896668,0.0028163087845907552,0.7018283128738403,0.0031399844640937914,5
10000,subset_accuracy_drop,494,0.6797380566596984,0.0029290845188731612,0.7020298480987549,0.0030641190468399765,5
10000,subset_accuracy_drop,495,0.6797329187393188,0.003047971920532503,0.7019941329956054,0.003106772224196738,5
10000,subset_accuracy_drop,496,0.6797206997871399,0.002919407744587718,0.7017780065536499,0.003141997908011908,5
10000,subset_accuracy_drop,497,0.6796275615692139,0.0027940706661969384,0.7018891453742981,0.0029754652944390145,5
10000,subset_accuracy_drop,498,0.6796210885047913,0.0028912836974102577,0.7019516706466675,0.003169606149787395,5
10000,subset_accuracy_drop,499,0.6796175837516785,0.0028806909234307984,0.701975655555725,0.0031312509024974877,5
10000,subset_accuracy_drop,500,0.6795371413230896,0.0027612313003850157,0.7020737051963806,0.003071284608441005,5
10000,subset_accuracy_drop,501,0.6795817255973816,0.0028354317641343368,0.7021019458770752,0.0030079427514093714,5
10000,subset_accuracy_drop,502,0.6796148538589477,0.0029066362308930063,0.7021390795707703,0.002899709766356392,5
10000,subset_accuracy_drop,503,0.6794983386993408,0.002801390277311456,0.7019370079040528,0.0030717981751124243,5
10000,subset_accuracy_drop,504,0.6795047044754028,0.0028925187971307223,0.702046811580658,0.0030764546691420497,5
10000,subset_accuracy_drop,505,0.6796016097068787,0.0029270106306616118,0.7022848129272461,0.0031235385075778477,5
10000,subset_accuracy_drop,506,0.6797068834304809,0.0028551149268276547,0.7022029876708984,0.0032692415186080155,5
10000,subset_accuracy_drop,507,0.6798539519309997,0.002998439681089765,0.7025328874588013,0.00326468266462282,5
10000,subset_accuracy_drop,508,0.6795471549034119,0.0029051756075700944,0.7021445393562317,0.003071396074539776,5
10000,subset_accuracy_drop,509,0.6793880462646484,0.0028239782987563595,0.7021012902259827,0.0029410649999689824,5
10000,subset_accuracy_drop,510,0.6795296311378479,0.0028119517480342878,0.7021842360496521,0.0028814392076707937,5
10000,subset_accuracy_drop,511,0.67950359582901,0.002872088004082197,0.7019827842712403,0.002971475200407815,5
10000,subset_accuracy_drop,512,0.6794408798217774,0.0027741097627297824,0.7020407319068909,0.0030413210067778756,5
10000,subset_accuracy_drop,513,0.6794270038604736,0.0028349797175706965,0.7019476175308228,0.003059053675327167,5
10000,subset_accuracy_drop,514,0.6793900251388549,0.0028722383051445178,0.7021095752716064,0.0030466010759331637,5
10000,subset_accuracy_drop,515,0.6793297052383422,0.0028094263916077183,0.7020302295684815,0.00314421258459429,5
10000,subset_accuracy_drop,516,0.6792827844619751,0.0028014877008278624,0.7020787477493287,0.0032106004745662384,5
10000,subset_accuracy_drop,517,0.6793399453163147,0.002890644008813318,0.7021973848342895,0.00306622924692395,5
10000,subset_accuracy_drop,518,0.6793235540390015,0.0027947750428802143,0.7021393775939941,0.0030664901862460666,5
10000,subset_accuracy_drop,519,0.6793599486351013,0.0027599172496275666,0.7023125767707825,0.003115423064573825,5
