candidate_set_size,scoring_mode,epoch,train_loss_mean,train_loss_std,validation_loss_mean,validation_loss_std,n_seeds
2500,endpoint,1,1.2069663763046266,0.018043146296797735,1.2110037803649902,0.020725811351110908,5
2500,endpoint,2,1.2068386793136596,0.018492638863471512,1.2115350246429444,0.02097307008844886,5
2500,endpoint,3,1.2070416688919068,0.018915653322406172,1.2126757860183717,0.021260067624719013,5
2500,endpoint,4,1.207649254798889,0.019331512687705506,1.214619517326355,0.02164135611173258,5
2500,endpoint,5,1.2086930513381957,0.019753346446310615,1.2175384283065795,0.022136531221054044,5
2500,endpoint,6,1.2100311279296876,0.020241057655025405,1.2214592933654784,0.022813994159161775,5
2500,endpoint,7,1.2111194849014282,0.020817225141989984,1.226007342338562,0.023738431447957627,5
2500,endpoint,8,1.2107532262802123,0.021249385124192874,1.2299115419387818,0.02470232741399243,5
2500,endpoint,9,1.2075568675994872,0.02139454332674687,1.231639552116394,0.025535790349957867,5
2500,endpoint,10,1.2008935928344726,0.021362569813202014,1.2303749084472657,0.02632401773155103,5
2500,endpoint,11,1.1910866260528565,0.021258964776469075,1.226349115371704,0.027082704243281547,5
2500,endpoint,12,1.178996753692627,0.021077237426531514,1.220344638824463,0.027761676518599395,5
2500,endpoint,13,1.1655841588973999,0.020823113792574403,1.213345193862915,0.028358575790949112,5
2500,endpoint,14,1.1514862775802612,0.020512911622353896,1.206068515777588,0.028942666859345552,5
2500,endpoint,15,1.1368660926818848,0.020229710236431078,1.1989288806915284,0.029644134605974315,5
2500,endpoint,16,1.1216283082962035,0.020078632052942406,1.1921626329421997,0.030557704248088458,5
2500,endpoint,17,1.1056239128112793,0.020141354932414365,1.18600754737854,0.03180621849572628,5
2500,endpoint,18,1.0888041734695435,0.02045554212248592,1.1805872201919556,0.03338382001841494,5
2500,endpoint,19,1.0713068962097168,0.021166126265621827,1.1759232997894287,0.035372832728422475,5
2500,endpoint,20,1.0531218767166137,0.02254349940315279,1.1716606140136718,0.037873473982879886,5
2500,endpoint,21,1.034024167060852,0.024487021143731417,1.1671541690826417,0.04067290798755187,5
2500,endpoint,22,1.01368248462677,0.0268087003588241,1.1612862348556519,0.043646411817305886,5
2500,endpoint,23,0.9922272205352783,0.02914581370913106,1.1538033485412598,0.045885002745282615,5
2500,endpoint,24,0.9701786994934082,0.03152771726957077,1.1453273296356201,0.047075114675631906,5
2500,endpoint,25,0.9477940201759338,0.03433914648392369,1.1375885248184203,0.048082891694604016,5
2500,endpoint,26,0.9245326399803162,0.037752246643113024,1.131372332572937,0.049019654586861326,5
2500,endpoint,27,0.8999364614486695,0.04179113646647021,1.1281916141510009,0.04990180647726373,5
2500,endpoint,28,0.8731711149215698,0.04596119850295712,1.1257790088653565,0.05049399338614458,5
2500,endpoint,29,0.8437358736991882,0.05042001142718811,1.1234621286392212,0.0514112488445832,5
2500,endpoint,30,0.8110470652580262,0.05543916905491744,1.1203115463256836,0.052516523307801044,5
2500,endpoint,31,0.7758013248443604,0.05950312931641451,1.1174477100372315,0.05145799105888648,5
2500,endpoint,32,0.7388705611228943,0.062266648097420565,1.116675901412964,0.04939119131479687,5
2500,endpoint,33,0.702961266040802,0.06154115987502912,1.1187904596328735,0.04636971251990434,5
2500,endpoint,34,0.6701475620269776,0.057992139035675315,1.1230887413024901,0.046594960632503034,5
2500,endpoint,35,0.6338283658027649,0.05935475508964603,1.1291521549224854,0.04692467108729101,5
2500,endpoint,36,0.604009747505188,0.059958685241212104,1.1395223140716553,0.04806432418758649,5
2500,endpoint,37,0.5763362050056458,0.05244398527823523,1.1441505908966065,0.04434869446527455,5
2500,endpoint,38,0.5533873796463012,0.05171658744470192,1.1507314443588257,0.042504157020088064,5
2500,endpoint,39,0.5403248488903045,0.05649989692967267,1.1584900140762329,0.04272938917176856,5
2500,endpoint,40,0.523070102930069,0.04643763763657878,1.1602927207946778,0.03312103749776899,5
2500,endpoint,41,0.5104067385196686,0.041621501930950565,1.1578187704086305,0.03109952431167496,5
2500,endpoint,42,0.5111351370811462,0.04897869633751829,1.1582241535186768,0.03602525353901258,5
2500,endpoint,43,0.5029421448707581,0.043158785482906956,1.1531633138656616,0.0325844883202975,5
2500,endpoint,44,0.4957033395767212,0.03776330578638074,1.1490981578826904,0.03361252035760264,5
2500,endpoint,45,0.48860580921173097,0.03217128676547153,1.1431038141250611,0.03828928342868481,5
2500,endpoint,46,0.4860227584838867,0.03198344402346423,1.1385294437408446,0.04355550222025603,5
2500,endpoint,47,0.48772913217544556,0.033619590963712004,1.1375237464904786,0.0476213485868841,5
2500,endpoint,48,0.4827787339687347,0.03240881281491233,1.1378031969070435,0.04815507826162905,5
2500,endpoint,49,0.47511361837387084,0.02911177759604742,1.1388967752456665,0.048030695865477153,5
2500,endpoint,50,0.4656718671321869,0.024489424146107407,1.1413000106811524,0.04748209511494572,5
2500,endpoint,51,0.4570610523223877,0.02733548893743947,1.1448555707931518,0.04823406084124018,5
2500,endpoint,52,0.4491764485836029,0.02896079370467224,1.1480387449264526,0.045673889628933914,5
2500,endpoint,53,0.4377323389053345,0.026587632264798104,1.1529224634170532,0.04482354469078029,5
2500,endpoint,54,0.42166382670402525,0.023394762714152077,1.1597728967666625,0.040787443583127046,5
2500,endpoint,55,0.4083761632442474,0.02346740160082353,1.1659343242645264,0.03846724854203851,5
2500,endpoint,56,0.39639903903007506,0.02374815396104738,1.169777798652649,0.039312805547654865,5
2500,endpoint,57,0.38816099762916567,0.02314152364697129,1.1755183935165405,0.04011710243911769,5
2500,endpoint,58,0.37568503618240356,0.021830877799965398,1.1829999685287476,0.04004951317319503,5
2500,endpoint,59,0.3665418028831482,0.019808971713784426,1.1922260761260985,0.03898050773268531,5
2500,endpoint,60,0.3593460500240326,0.01709680146984769,1.1981802701950073,0.04085073062017309,5
2500,endpoint,61,0.3562879979610443,0.021811653667668598,1.203404712677002,0.04086718278155619,5
2500,endpoint,62,0.3561047613620758,0.022786235343829755,1.208105778694153,0.039888853002126065,5
2500,endpoint,63,0.3531538784503937,0.01348655129897849,1.2159526348114014,0.041904813841920775,5
2500,endpoint,64,0.3457761466503143,0.013069051925898937,1.2232263326644897,0.04041189452179236,5
2500,endpoint,65,0.34168606996536255,0.02275017056058174,1.2279486179351806,0.033359496594973205,5
2500,endpoint,66,0.34326679110527036,0.02892291837605567,1.2333399772644043,0.03204585741381534,5
2500,endpoint,67,0.3407894611358643,0.021540247930436487,1.2377258777618407,0.033183379514580905,5
2500,endpoint,68,0.33748974204063414,0.019859793720930687,1.2445192098617555,0.033746368523413325,5
2500,endpoint,69,0.33278549909591676,0.018600724876895076,1.252761149406433,0.03958309535181014,5
2500,endpoint,70,0.3286499619483948,0.02244780381902074,1.2576842069625855,0.033705417695574495,5
2500,endpoint,71,0.32404184341430664,0.024607409191310808,1.2583303213119508,0.026240490999282627,5
2500,endpoint,72,0.32092466950416565,0.01994796364231858,1.2599478721618653,0.028530579831094985,5
2500,endpoint,73,0.31888129711151125,0.01569437329409834,1.2670459270477294,0.03194901556487516,5
2500,endpoint,74,0.31122280955314635,0.014846683728323292,1.2701692819595336,0.03383774804193901,5
2500,endpoint,75,0.3038210511207581,0.01916040210132261,1.2742608308792114,0.030824406871736255,5
2500,endpoint,76,0.3054810106754303,0.027235742710132984,1.2842063903808594,0.03394162350754277,5
2500,endpoint,77,0.30347067713737486,0.023717837067141954,1.2812676668167113,0.033681275984681354,5
2500,endpoint,78,0.3017969071865082,0.02131872420066912,1.2788579940795899,0.03278674013799857,5
2500,endpoint,79,0.30248319506645205,0.018604600638956175,1.2842387676239013,0.037506743416356486,5
2500,endpoint,80,0.3021151900291443,0.018386184795682534,1.2881181240081787,0.04213547042966068,5
2500,endpoint,81,0.3022902309894562,0.02567812096943281,1.292122745513916,0.03978390671931365,5
2500,endpoint,82,0.30286986827850343,0.02933129240119366,1.2945300102233888,0.03760949104516467,5
2500,endpoint,83,0.3037038207054138,0.028407974452047294,1.2981577157974242,0.03844666729687081,5
2500,endpoint,84,0.30344448089599607,0.023035211541344042,1.3036251068115234,0.04136856566405681,5
2500,endpoint,85,0.3004181027412415,0.02025152849540121,1.3057573080062865,0.041053142448842006,5
2500,endpoint,86,0.29455257654190065,0.022005756897858185,1.3071671009063721,0.03585380939724518,5
2500,endpoint,87,0.28965015411376954,0.02538612047466653,1.3099272966384887,0.03388050370929043,5
2500,endpoint,88,0.2872234433889389,0.02703138982971401,1.3133685827255248,0.032416309877194974,5
2500,endpoint,89,0.2879310339689255,0.026463460074650873,1.3182258605957031,0.034200036641035644,5
2500,endpoint,90,0.2902640998363495,0.025035991985653004,1.3206599473953247,0.03823857728670067,5
2500,endpoint,91,0.29024180173873904,0.026162397608704736,1.3173105239868164,0.0358148406779154,5
2500,endpoint,92,0.28959683775901796,0.027010567469174657,1.3134411811828612,0.03560769839468524,5
2500,endpoint,93,0.2894558489322662,0.027051331955655962,1.313706135749817,0.040083936401323524,5
2500,endpoint,94,0.2891912043094635,0.02537531627859101,1.3161850452423096,0.042331928929102605,5
2500,endpoint,95,0.2887069582939148,0.02479171913595903,1.319388747215271,0.0444549633636639,5
2500,endpoint,96,0.2879977494478226,0.02611781102563168,1.321605134010315,0.04633356314851721,5
2500,endpoint,97,0.28545942902565,0.02664142552109369,1.3200051546096803,0.04429634771776165,5
2500,endpoint,98,0.2836669385433197,0.026456634763747322,1.3206152677536012,0.04324615913163227,5
2500,endpoint,99,0.2839092373847961,0.0258627770777017,1.3216035604476928,0.04310244421243185,5
2500,endpoint,100,0.2847140282392502,0.0262793606851581,1.3241711378097534,0.044367970330583976,5
2500,endpoint,101,0.2849055528640747,0.026369890471846052,1.32658953666687,0.04429190861873089,5
2500,endpoint,102,0.2842663019895554,0.025151737800500784,1.3293985843658447,0.04495604233929046,5
2500,endpoint,103,0.28218676447868346,0.025734910331658027,1.329060435295105,0.04421183904170849,5
2500,endpoint,104,0.28055199682712556,0.026811339737458875,1.3257781982421875,0.04047249948466971,5
2500,endpoint,105,0.2806924045085907,0.027405071096484622,1.3235277652740478,0.03504285975636544,5
2500,endpoint,106,0.2828310340642929,0.02622380561541235,1.325617527961731,0.032433393145240505,5
2500,endpoint,107,0.28484363555908204,0.0240128002026694,1.3302960872650147,0.03522846199482816,5
2500,endpoint,108,0.2846969246864319,0.023302236523607498,1.3319615602493287,0.03884176786757921,5
2500,endpoint,109,0.2821718126535416,0.026147641307592173,1.3295916318893433,0.03658548999163266,5
2500,endpoint,110,0.2790786325931549,0.029186480304123782,1.326870846748352,0.03241701710812558,5
2500,endpoint,111,0.2787890940904617,0.030353093867902785,1.3298778772354125,0.03317340144341253,5
2500,endpoint,112,0.28047344982624056,0.02868869928879683,1.3329415321350098,0.035941309128929254,5
2500,endpoint,113,0.28272619247436526,0.025367000740920912,1.3359877347946167,0.037378963079681804,5
2500,endpoint,114,0.2837920308113098,0.02393262631227966,1.3376983642578124,0.03884443150668516,5
2500,endpoint,115,0.2820120632648468,0.0249477128003225,1.33716938495636,0.03879893647149698,5
2500,endpoint,116,0.27878170907497407,0.026647906635733413,1.3361375093460084,0.03872000573568145,5
2500,endpoint,117,0.27698270678520204,0.029103772132297052,1.3371385097503663,0.039143393989810094,5
2500,endpoint,118,0.27744815945625306,0.030440752153776073,1.3383788108825683,0.04082462619349577,5
2500,endpoint,119,0.27976998686790466,0.02975832836972079,1.3398986101150512,0.04277441116330375,5
2500,endpoint,120,0.28225151002407073,0.02717061773880101,1.3409448862075806,0.04368816199966222,5
2500,endpoint,121,0.2825502514839172,0.024789786850451127,1.339640498161316,0.04275473087487274,5
2500,endpoint,122,0.28051452338695526,0.02406598397558242,1.3378831386566161,0.0401535703395715,5
2500,endpoint,123,0.27727012038230897,0.024917194566778468,1.3358381509780883,0.03793642308065506,5
2500,endpoint,124,0.2752011090517044,0.027043699190576958,1.3358220338821412,0.039513927489251456,5
2500,endpoint,125,0.27535417675971985,0.029364860228231822,1.3358678340911865,0.040694112658569155,5
2500,endpoint,126,0.2775591939687729,0.029781961086460244,1.3354569911956786,0.04185615202245987,5
2500,endpoint,127,0.28007921278476716,0.028818395741708396,1.33278329372406,0.04130205701453584,5
2500,endpoint,128,0.2821412682533264,0.027383649355207536,1.333244252204895,0.0408153202087583,5
2500,endpoint,129,0.28209962248802184,0.02605949784448603,1.334507703781128,0.04064803633609749,5
2500,endpoint,130,0.28019227981567385,0.025028986416139997,1.337297296524048,0.041573962094326775,5
2500,endpoint,131,0.27731451392173767,0.026084673067703224,1.339455771446228,0.04297152487056209,5
2500,endpoint,132,0.2750539094209671,0.027165772010787643,1.33986234664917,0.04492849726573471,5
2500,endpoint,133,0.27455817759037016,0.026996369095372195,1.3387255430221559,0.04477520892738024,5
2500,endpoint,134,0.2757560223340988,0.0263805812324207,1.3375065088272096,0.04441409314366314,5
2500,endpoint,135,0.27781154215335846,0.026127930749965778,1.3361483812332153,0.044175780192584835,5
2500,endpoint,136,0.2792623281478882,0.026006738429207654,1.3354108810424805,0.04459163207879447,5
2500,endpoint,137,0.28013270199298856,0.026308079658138035,1.3372262001037598,0.04492413118597367,5
2500,endpoint,138,0.2800457000732422,0.027458051754093445,1.34092378616333,0.04501097561608132,5
2500,endpoint,139,0.2789899528026581,0.028098442871021166,1.3426688671112061,0.04418237816461153,5
2500,endpoint,140,0.2780278503894806,0.027646667970069625,1.3452012300491334,0.04414226562449114,5
2500,endpoint,141,0.27623001039028167,0.02757187566395547,1.3456668615341187,0.04318802097989956,5
2500,endpoint,142,0.2747142851352692,0.02815548780668942,1.3453500270843506,0.0416147933712521,5
2500,endpoint,143,0.2736892640590668,0.028398873201708186,1.3436561822891235,0.038222869480114705,5
2500,endpoint,144,0.27392536103725434,0.02690412450491136,1.3425052881240844,0.03659978360758262,5
2500,endpoint,145,0.2755515545606613,0.02510874969627784,1.3428552627563477,0.0368234285016721,5
2500,endpoint,146,0.2777713030576706,0.024163596339698192,1.3442411422729492,0.037604180063829325,5
2500,endpoint,147,0.27938231229782107,0.02518137768404083,1.3446763038635254,0.03897034430212277,5
2500,endpoint,148,0.27939180135726926,0.02606551575597995,1.3433153867721557,0.04046515654479379,5
2500,endpoint,149,0.2775138705968857,0.02687917791185083,1.340479350090027,0.04142306659288948,5
2500,endpoint,150,0.27535528540611265,0.02824698008305836,1.337989044189453,0.0419000380290357,5
2500,endpoint,151,0.27449416518211367,0.02914962785477612,1.3369298458099366,0.041997882562921376,5
2500,endpoint,152,0.2747860074043274,0.02861007392037117,1.3363579511642456,0.041867759345391664,5
2500,endpoint,153,0.276001387834549,0.026963641799611273,1.3367178201675416,0.04352669566940743,5
2500,endpoint,154,0.27733064293861387,0.025262569326889753,1.3378237962722779,0.0464818060938903,5
2500,endpoint,155,0.27748716473579405,0.024585996984655925,1.3375707149505616,0.048367590243385314,5
2500,endpoint,156,0.2766177386045456,0.026337670136401828,1.3334859609603882,0.04241372206567644,5
2500,endpoint,157,0.2758487701416016,0.027906460507554572,1.3298241376876831,0.0363636919282822,5
2500,endpoint,158,0.27620171308517455,0.029037208487467773,1.3283222675323487,0.03285618126934294,5
2500,endpoint,159,0.2771333485841751,0.029053541163540465,1.329361343383789,0.03209365963376227,5
2500,endpoint,160,0.2772798776626587,0.027104814697153878,1.3318222522735597,0.034526171148961046,5
2500,endpoint,161,0.27618066072463987,0.023883420836137866,1.334492802619934,0.03937115283757801,5
2500,endpoint,162,0.27459964752197263,0.023346382545506965,1.334337306022644,0.04003549306430561,5
2500,endpoint,163,0.27293604910373687,0.025319944700791297,1.332368755340576,0.03944655417457127,5
2500,endpoint,164,0.2726817190647125,0.027811719774640514,1.329347586631775,0.03881693849060238,5
2500,endpoint,165,0.27465854287147523,0.028966984523169568,1.3289856910705566,0.03891388972557678,5
2500,endpoint,166,0.2774352192878723,0.028608079400639745,1.3302037954330443,0.03924869780818228,5
2500,endpoint,167,0.27958968877792356,0.02674638876372606,1.3332741022109986,0.0405166937030467,5
2500,endpoint,168,0.2793962389230728,0.024300223415814427,1.3359503030776978,0.042640819545645574,5
2500,endpoint,169,0.27711897492408755,0.023453892498018873,1.3370078563690186,0.043758820608129176,5
2500,endpoint,170,0.2738162219524384,0.025124250694261076,1.3356612920761108,0.04286350016674133,5
2500,endpoint,171,0.2721835047006607,0.02779084053377693,1.3360753536224366,0.0430585926166475,5
2500,endpoint,172,0.2725783199071884,0.029554941834000308,1.3371593713760377,0.04370467048968658,5
2500,endpoint,173,0.2744643121957779,0.02966453917437672,1.3389957427978516,0.044843660309331394,5
2500,endpoint,174,0.27586077749729154,0.02823670252778122,1.339411211013794,0.04525974490732202,5
2500,endpoint,175,0.27637573778629304,0.02635222413341372,1.3391265869140625,0.043736029086052,5
2500,endpoint,176,0.2760817289352417,0.02515741883331322,1.3374094724655152,0.040721209076402025,5
2500,endpoint,177,0.27547096014022826,0.02460401025773578,1.3368952512741088,0.039923255641556264,5
2500,endpoint,178,0.275428381562233,0.025706566198720575,1.3383243799209594,0.04017283468213249,5
2500,endpoint,179,0.2758140355348587,0.027643433500371847,1.340135407447815,0.03940705567782845,5
2500,endpoint,180,0.27534803450107576,0.02844040776865642,1.3403372287750244,0.03833000473726697,5
2500,endpoint,181,0.2743376582860947,0.028132399860934233,1.3410151243209838,0.04029715865404352,5
2500,endpoint,182,0.27284587621688844,0.027596152126975696,1.339651894569397,0.04111702776394509,5
2500,endpoint,183,0.2718941688537598,0.025837215145277523,1.338124656677246,0.04449431088651209,5
2500,endpoint,184,0.27299046218395234,0.02532379439611009,1.3352510452270507,0.04608743409658959,5
2500,endpoint,185,0.27604069411754606,0.02645384892720478,1.3322029829025268,0.0466230280409659,5
2500,endpoint,186,0.2790199965238571,0.02812112028222879,1.3308377265930176,0.04552312743114369,5
2500,endpoint,187,0.2797197729349136,0.028630912439943677,1.331939458847046,0.046415373353671664,5
2500,endpoint,188,0.2769758075475693,0.027735607941522286,1.3313098192214965,0.04722755337551964,5
2500,endpoint,189,0.27320156097412107,0.02689486728834292,1.330537748336792,0.047612146465099786,5
2500,endpoint,190,0.2713519662618637,0.02538012410945679,1.3326414823532104,0.05027184263204097,5
2500,endpoint,191,0.27171134352684023,0.025352111317421048,1.332661771774292,0.0504188062021438,5
2500,endpoint,192,0.2739249438047409,0.02667060629434206,1.3319756269454956,0.051496450633334155,5
2500,endpoint,193,0.2762030392885208,0.028955324416614824,1.3309626579284668,0.049628918204266105,5
2500,endpoint,194,0.2769517511129379,0.029891524029481295,1.3294543266296386,0.0460437812065053,5
2500,endpoint,195,0.2761845767498016,0.029363600501521567,1.3277461051940918,0.04166532322197552,5
2500,endpoint,196,0.2748938173055649,0.027429371307302775,1.3280319213867187,0.039990199986435715,5
2500,endpoint,197,0.27446394562721255,0.02522832721005847,1.330319380760193,0.03937936510778638,5
2500,endpoint,198,0.2741391956806183,0.02354015066844,1.3316391944885253,0.040570967962985025,5
2500,endpoint,199,0.27413512766361237,0.024603918482976713,1.3325613975524901,0.040924780705272605,5
2500,endpoint,200,0.2744235783815384,0.02768048094448402,1.333365559577942,0.04120020460114643,5
2500,endpoint,201,0.27407229542732237,0.03037879567889787,1.3326646327972411,0.04100522825646895,5
2500,endpoint,202,0.27414585947990416,0.03191483783420844,1.3310572862625123,0.0391584258331967,5
2500,endpoint,203,0.2749975800514221,0.031294037521957564,1.3317919492721557,0.037108447751157014,5
2500,endpoint,204,0.27632870376110075,0.028118137298916174,1.3322868585586547,0.0359481093597421,5
2500,endpoint,205,0.276826074719429,0.023613552332254106,1.3318718671798706,0.03749946740268782,5
2500,endpoint,206,0.27619381844997404,0.02191625151075978,1.3311280488967896,0.03847965646379359,5
2500,endpoint,207,0.274333855509758,0.02376603881350644,1.3305202722549438,0.038859068550561766,5
2500,endpoint,208,0.2725124716758728,0.027360440524898645,1.3296282052993775,0.03738907690589412,5
2500,endpoint,209,0.27164134085178376,0.03014002651767686,1.329018521308899,0.037288118418814485,5
2500,endpoint,210,0.2721687227487564,0.03152487978326137,1.3282623052597047,0.036903042333071685,5
2500,endpoint,211,0.2734900027513504,0.030522669987810055,1.3272658109664917,0.03680940674348729,5
2500,endpoint,212,0.27485430538654326,0.027222823190813556,1.3259308338165283,0.03755077289869785,5
2500,endpoint,213,0.27584595382213595,0.024167660636466613,1.3239264488220215,0.0378832564177761,5
2500,endpoint,214,0.2763725370168686,0.02303945855763629,1.3234450101852417,0.03874055479828476,5
2500,endpoint,215,0.27635897397994996,0.024440313762838697,1.3239964246749878,0.03805653856266669,5
2500,endpoint,216,0.2752689361572266,0.02654543394434059,1.3243292570114136,0.03715184207121405,5
2500,endpoint,217,0.27375122904777527,0.028299920907872853,1.3236610889434814,0.03646942260311969,5
2500,endpoint,218,0.2723434180021286,0.028489881595133788,1.323219108581543,0.038297960762365774,5
2500,endpoint,219,0.27184809148311617,0.027069424653203868,1.322889542579651,0.04161208721075054,5
2500,endpoint,220,0.27229987978935244,0.025480890939913688,1.321794366836548,0.0452471370714977,5
2500,endpoint,221,0.27441818714141847,0.024886954145688693,1.3223032474517822,0.04911628777794804,5
2500,endpoint,222,0.275859597325325,0.02572174963829454,1.3212984561920167,0.050708855644348357,5
2500,endpoint,223,0.276059690117836,0.028028763306480894,1.3192241191864014,0.04921382694037053,5
2500,endpoint,224,0.2752126544713974,0.029938528815594764,1.3173667907714843,0.04695461862804966,5
2500,endpoint,225,0.2737559050321579,0.029935881580301204,1.3164743185043335,0.04656161281393962,5
2500,endpoint,226,0.2725684404373169,0.027820122054356432,1.3176151037216186,0.046504418567194936,5
2500,endpoint,227,0.2723091751337051,0.024747959008611802,1.3195082902908326,0.04633880696821833,5
2500,endpoint,228,0.2729224056005478,0.022856009498445806,1.321602702140808,0.046174524315157395,5
2500,endpoint,229,0.27390856146812437,0.022880492243343126,1.322254467010498,0.04538616198491707,5
2500,endpoint,230,0.2746193915605545,0.024641311949446788,1.3213017225265502,0.04441287307612053,5
2500,endpoint,231,0.2751186013221741,0.02709332769662366,1.321461844444275,0.04525452418210621,5
2500,endpoint,232,0.27443272769451144,0.02989708669224302,1.3195203065872192,0.043484279200880036,5
2500,endpoint,233,0.2734466165304184,0.030719674991272747,1.3184727430343628,0.041198520515424164,5
2500,endpoint,234,0.273143070936203,0.028817162214695356,1.3209060907363892,0.04181723243316797,5
2500,endpoint,235,0.27345298528671264,0.025881202695107144,1.3249955415725707,0.04118522517942664,5
2500,endpoint,236,0.2734280973672867,0.023552909834098943,1.3266656637191772,0.041025535121185626,5
2500,endpoint,237,0.27299028933048247,0.022773569778463443,1.3256867170333861,0.040997264289830894,5
2500,endpoint,238,0.2721313565969467,0.024049105616867014,1.3225869417190552,0.04038378675697553,5
2500,endpoint,239,0.2717601239681244,0.026749552675412378,1.3181804418563843,0.03896214450360243,5
2500,endpoint,240,0.27305551469326017,0.02935476107670537,1.3146341800689698,0.038180633961416674,5
2500,endpoint,241,0.2752290844917297,0.030593464904816115,1.3137557983398438,0.037751121769121605,5
2500,endpoint,242,0.27661886215209963,0.0298645175362911,1.3147508382797242,0.038224978398963334,5
2500,endpoint,243,0.2763665020465851,0.027577444479147537,1.317970085144043,0.03886747347008552,5
2500,endpoint,244,0.2746481031179428,0.025412204472225263,1.3212782859802246,0.03731723773372393,5
2500,endpoint,245,0.2724528044462204,0.02377847755924464,1.3233206748962403,0.03719682567256511,5
2500,endpoint,246,0.2707621932029724,0.02417823619743533,1.3226528882980346,0.03574419913304494,5
2500,endpoint,247,0.27045253813266756,0.025541878654211023,1.3207530975341797,0.036244144719955816,5
2500,endpoint,248,0.27260582447052,0.026954229431557154,1.3197879552841187,0.039561720094987346,5
2500,endpoint,249,0.2758166342973709,0.028519807517470956,1.319675660133362,0.041825835029458795,5
2500,endpoint,250,0.2777112603187561,0.029776517912898863,1.3194263935089112,0.04230510489802078,5
2500,endpoint,251,0.2769821435213089,0.02986583325770382,1.3183234691619874,0.040244429454359736,5
2500,endpoint,252,0.2747705429792404,0.027892954341880938,1.3184450626373292,0.03883617651899927,5
2500,endpoint,253,0.2728967070579529,0.025461983378097165,1.320185399055481,0.03869589312015804,5
2500,endpoint,254,0.2721871018409729,0.023544410245947146,1.3238116025924682,0.040021980686752945,5
2500,endpoint,255,0.27248224914073943,0.022902050999961777,1.3268167972564697,0.04134967377132274,5
2500,endpoint,256,0.27255679965019225,0.023880807156689852,1.3274808645248413,0.04188736872719749,5
2500,endpoint,257,0.2723039448261261,0.02720449108502066,1.3250742912292481,0.04116136992329147,5
2500,endpoint,258,0.2724181741476059,0.03025253678316411,1.3220112323760986,0.03991029275828763,5
2500,endpoint,259,0.27296802699565886,0.03070708067226159,1.3191771984100342,0.03864656844853384,5
2500,endpoint,260,0.27420179843902587,0.028815345969490522,1.3179872751235961,0.036480812160999895,5
2500,endpoint,261,0.27569690346717834,0.026262417373701656,1.3186084508895874,0.03494522114661127,5
2500,endpoint,262,0.27623823583126067,0.024151762556910625,1.3193195343017579,0.034512614341627376,5
2500,endpoint,263,0.27549752295017244,0.0236187985537756,1.3206524133682251,0.03428594397945487,5
2500,endpoint,264,0.2734388679265976,0.025002825995436618,1.3208507537841796,0.0333590238614091,5
2500,endpoint,265,0.2713393747806549,0.02717122479289086,1.3205545663833618,0.032587732373941476,5
2500,endpoint,266,0.2703431069850922,0.02827554149530079,1.3194622993469238,0.03193593242402319,5
2500,endpoint,267,0.27136513590812683,0.028050164296258347,1.3181848049163818,0.03143968260230835,5
2500,endpoint,268,0.27395363748073576,0.02674841959569812,1.3183920860290528,0.03283886721663596,5
2500,endpoint,269,0.276334223151207,0.025901251279746944,1.319910430908203,0.03707373762408815,5
2500,endpoint,270,0.27700175642967223,0.026343168643312882,1.3207422971725464,0.039148717758345754,5
2500,endpoint,271,0.27566592693328856,0.027790350962784923,1.3208403587341309,0.03920096624950859,5
2500,endpoint,272,0.27307959496974943,0.02937406862716822,1.3212098360061646,0.03882584213120647,5
2500,endpoint,273,0.2708307772874832,0.029588180171883926,1.3223026275634766,0.03849111610469809,5
2500,endpoint,274,0.2696103662252426,0.027229313234133103,1.321633219718933,0.038506790911428945,5
2500,endpoint,275,0.270224866271019,0.02461927778232403,1.319370436668396,0.037658655235275146,5
2500,endpoint,276,0.2724254786968231,0.022772559024328034,1.3170403480529784,0.03753757162260417,5
2500,endpoint,277,0.2754049777984619,0.023522252274022437,1.3157013654708862,0.037871559707624805,5
2500,endpoint,278,0.2773324191570282,0.02645139335534023,1.3145713567733766,0.0372925895572159,5
2500,endpoint,279,0.27719365656375883,0.029696830174596428,1.3150646924972533,0.036403793437836174,5
2500,endpoint,280,0.2745234578847885,0.031199596495558632,1.3156625509262085,0.03619937717510464,5
2500,endpoint,281,0.2712997645139694,0.02983518166174686,1.3171943187713624,0.03643720932800211,5
2500,endpoint,282,0.2695662438869476,0.026730148366810792,1.3184887886047363,0.03631220550046412,5
2500,endpoint,283,0.26982674896717074,0.023432479097443934,1.3185253858566284,0.034994859070210146,5
2500,endpoint,284,0.27212604880332947,0.022216521446944436,1.3180157661437988,0.03327465138972611,5
2500,endpoint,285,0.2744413524866104,0.023746500530882102,1.3155083417892457,0.030546825066076814,5
2500,endpoint,286,0.2759495973587036,0.026934245724420283,1.312196469306946,0.027798561596158778,5
2500,endpoint,287,0.2757263630628586,0.02926409519084869,1.3091418266296386,0.026160515076563383,5
2500,endpoint,288,0.27442287504673,0.029424567771739338,1.3086521863937377,0.026124198070878412,5
2500,endpoint,289,0.2728950560092926,0.02744251796638451,1.3102562189102174,0.028551115071297928,5
2500,endpoint,290,0.2725825488567352,0.02526094003661335,1.3137445449829102,0.033364090973746006,5
2500,endpoint,291,0.27321014404296873,0.024729116587881423,1.317533588409424,0.03830460662259869,5
2500,endpoint,292,0.2730001389980316,0.026408722381156997,1.3166996479034423,0.03799565035015549,5
2500,endpoint,293,0.272379544377327,0.02877061792545679,1.312144112586975,0.03322809035300316,5
2500,endpoint,294,0.2723571568727493,0.029637103589258196,1.308050560951233,0.029276741482858446,5
2500,endpoint,295,0.27250978648662566,0.028208038612933858,1.3048259258270263,0.02820335741398857,5
2500,endpoint,296,0.2733316570520401,0.025364388026733287,1.3040915250778198,0.030343455674836192,5
2500,endpoint,297,0.27458395063877106,0.02327939270624928,1.3052757263183594,0.03416974369689986,5
2500,endpoint,298,0.2752853989601135,0.023479305265637372,1.3071402072906495,0.03839819307101033,5
2500,endpoint,299,0.27510697245597837,0.02581843155361012,1.3088322162628174,0.04137066923433715,5
2500,endpoint,300,0.27385227382183075,0.028608093589126016,1.3096271276473999,0.0425865335689731,5
2500,endpoint,301,0.27210305333137513,0.029899430404624155,1.310063123703003,0.044101779938940905,5
2500,endpoint,302,0.2703433185815811,0.028800710781420415,1.3096717119216919,0.04584564723798563,5
2500,endpoint,303,0.2700027048587799,0.026441575477990316,1.309114646911621,0.04590510093125173,5
2500,endpoint,304,0.2722784340381622,0.024442335882143635,1.309845519065857,0.04638798320854219,5
2500,endpoint,305,0.2757726460695267,0.024159589698813856,1.3110512495040894,0.045619673539077144,5
2500,endpoint,306,0.2781181871891022,0.025335480376979087,1.3138708591461181,0.04440881903883409,5
2500,endpoint,307,0.27734272480010985,0.027175942374990696,1.3172561168670653,0.04178385477339862,5
2500,endpoint,308,0.27365204989910125,0.02832681758541053,1.3198693513870239,0.03947990637596743,5
2500,endpoint,309,0.26922954320907594,0.02821285412461258,1.3207937955856324,0.03778854125331353,5
2500,endpoint,310,0.2675086081027985,0.027186690691296415,1.3208195686340332,0.0360555822859377,5
2500,endpoint,311,0.269701161980629,0.026269890626475313,1.3200190544128418,0.034133756819411464,5
2500,endpoint,312,0.27447412312030794,0.025963894450503934,1.3189191579818726,0.033114230332574705,5
2500,endpoint,313,0.27808564603328706,0.025792172439314122,1.3183873176574707,0.032860897492985854,5
2500,endpoint,314,0.2781701862812042,0.026115156031132257,1.3185163974761962,0.03184577991456211,5
2500,endpoint,315,0.27515828907489776,0.026881272134342906,1.3187812566757202,0.030723167393472396,5
2500,endpoint,316,0.2714779257774353,0.027965637603183,1.3177820444107056,0.02855607867674792,5
2500,endpoint,317,0.2702028930187225,0.028677576809591012,1.317785382270813,0.02652121968645378,5
2500,endpoint,318,0.2712590217590332,0.02841906110529824,1.317626690864563,0.025274123174194318,5
2500,endpoint,319,0.27278922498226166,0.026519735026964048,1.3172488689422608,0.023920977213834675,5
2500,endpoint,320,0.2735325515270233,0.023873717055936782,1.3157280921936034,0.022934715404371954,5
2500,endpoint,321,0.27399342954158784,0.022457496354559753,1.3146212339401244,0.024227380369157385,5
2500,endpoint,322,0.2744490295648575,0.023526293838945077,1.3134390830993652,0.026447276640893812,5
2500,endpoint,323,0.2750293999910355,0.026850972795392333,1.3127371311187743,0.028136578725995502,5
2500,endpoint,324,0.27439077496528624,0.0307261958768712,1.3109529256820678,0.028425759953371637,5
2500,endpoint,325,0.2731432646512985,0.03208051841196448,1.3101887226104736,0.027914738373482132,5
2500,endpoint,326,0.27197881042957306,0.03016681618907406,1.3100675106048585,0.026910238394628788,5
2500,endpoint,327,0.2715321362018585,0.02658607714407641,1.308810043334961,0.025722258508553166,5
2500,endpoint,328,0.27179141640663146,0.023435118718441242,1.3079673767089843,0.026373163163827307,5
2500,endpoint,329,0.2723925530910492,0.022095118645831073,1.3070141077041626,0.027381398964075338,5
2500,endpoint,330,0.27305424213409424,0.022696768228082316,1.3056431055068969,0.0300567270122848,5
2500,endpoint,331,0.2741214632987976,0.02555148649981191,1.3050362825393678,0.033773394171335694,5
2500,endpoint,332,0.2749833256006241,0.029357435414736933,1.3044328212738037,0.036374952125620814,5
2500,endpoint,333,0.2751059144735336,0.03150597589684204,1.3045698165893556,0.03816092399994439,5
2500,endpoint,334,0.2742037445306778,0.030570845409341883,1.3054188251495362,0.03869256865332611,5
2500,endpoint,335,0.2727456450462341,0.027530734071076618,1.3072482585906982,0.03845324369646085,5
2500,endpoint,336,0.2712064951658249,0.024355897734045187,1.3085277318954467,0.03658702753858655,5
2500,endpoint,337,0.2707156717777252,0.02253925277839999,1.308932852745056,0.033947562368271345,5
2500,endpoint,338,0.27145821452140806,0.02294132172342003,1.307177448272705,0.03305117654077718,5
2500,endpoint,339,0.2732337713241577,0.02597290953577841,1.3037624835968018,0.033951089817197265,5
2500,endpoint,340,0.2752025485038757,0.029091917004327155,1.301789140701294,0.03584980500103923,5
2500,endpoint,341,0.27582964599132537,0.030270149578960796,1.3006348609924316,0.03772522360397918,5
2500,endpoint,342,0.27508134245872495,0.029531374503773175,1.3007760047912598,0.03890000485432483,5
2500,endpoint,343,0.2738208532333374,0.02751883599840132,1.3028371810913086,0.03925104059769306,5
2500,endpoint,344,0.27298775911331175,0.02530680427460039,1.3065620183944702,0.0382154774671753,5
2500,endpoint,345,0.2719931393861771,0.024134650306363605,1.3080023527145386,0.035380503348182366,5
2500,endpoint,346,0.2710885047912598,0.024608953624406675,1.3072253227233888,0.032083638040883315,5
2500,endpoint,347,0.2710547983646393,0.026349654297809205,1.3043710470199585,0.02993383026755967,5
2500,endpoint,348,0.27249337136745455,0.028132876466625486,1.3024489164352417,0.03074900674245011,5
2500,endpoint,349,0.27415861189365387,0.029235250820767743,1.3011061668395996,0.03248979416720769,5
2500,endpoint,350,0.2754354029893875,0.029254303866271772,1.3015235900878905,0.033632366463252725,5
2500,endpoint,351,0.2749439537525177,0.027452217167526785,1.3034662008285522,0.03498293324305517,5
2500,endpoint,352,0.2733777165412903,0.02533045177663958,1.3064499855041505,0.0358536331956647,5
2500,endpoint,353,0.271757635474205,0.02447297530018111,1.3086305141448975,0.03490980613622182,5
2500,endpoint,354,0.27083622515201566,0.02531990531987834,1.3085635423660278,0.03156535136816037,5
2500,endpoint,355,0.27145425975322723,0.027392418893690238,1.3071255445480348,0.028512611235587737,5
2500,endpoint,356,0.2729563981294632,0.029527093590703227,1.305845522880554,0.027222053686562265,5
2500,endpoint,357,0.2742872297763824,0.029799958445488228,1.306130290031433,0.027639078635802884,5
2500,endpoint,358,0.27436781525611875,0.02734256049673059,1.3071595907211304,0.029035106385682817,5
2500,endpoint,359,0.2736057311296463,0.02486760084060176,1.3088394403457642,0.03087802774156051,5
2500,endpoint,360,0.2728250712156296,0.024652922935471003,1.3103297472000122,0.031659627050136606,5
2500,endpoint,361,0.27227274179458616,0.02590329465676916,1.310154414176941,0.03219241107674817,5
2500,endpoint,362,0.2722369760274887,0.02717552575404521,1.3093839168548584,0.032059763838250925,5
2500,endpoint,363,0.27282439172267914,0.028272075803962998,1.3083466291427612,0.030817175374307205,5
2500,endpoint,364,0.2737292855978012,0.028148228857344745,1.3077008724212646,0.029624335246761755,5
2500,endpoint,365,0.2741734981536865,0.02664247171272086,1.3074978351593018,0.029521706197630525,5
2500,endpoint,366,0.27407632768154144,0.0253909061801338,1.3088710308074951,0.030142455644838754,5
2500,endpoint,367,0.27262848019599917,0.02527485350937481,1.3095542669296265,0.031079023740666678,5
2500,endpoint,368,0.27103157341480255,0.026680986753977492,1.3088768243789672,0.03137472638998189,5
2500,endpoint,369,0.2702665746212006,0.028320203913248285,1.3064288854599,0.03107922202447029,5
2500,endpoint,370,0.27139325737953185,0.028494810891417695,1.303612732887268,0.030429603232315805,5
2500,endpoint,371,0.27381196320056916,0.027016798704662507,1.3023130893707275,0.030787261357155746,5
2500,endpoint,372,0.2758324682712555,0.02505982045922605,1.3027746438980103,0.03194218935405144,5
2500,endpoint,373,0.27643061876297,0.024180372230935464,1.3046364068984986,0.034025706115186294,5
2500,endpoint,374,0.2752689510583878,0.025798709350792835,1.305255937576294,0.032587701392631035,5
2500,endpoint,375,0.273033133149147,0.028188646703965082,1.3055947065353393,0.03022759637331485,5
2500,endpoint,376,0.2704084008932114,0.02978247959123896,1.3048819303512573,0.029305197200502533,5
2500,endpoint,377,0.2693897753953934,0.029482971949576595,1.3039897680282593,0.029574937780107446,5
2500,endpoint,378,0.27064861357212067,0.027087855807979226,1.3030333280563355,0.029804716552935696,5
2500,endpoint,379,0.27343534827232363,0.02467638468077231,1.30155611038208,0.029615309575841926,5
2500,endpoint,380,0.2759785443544388,0.02379753032108572,1.3004111528396607,0.029697605040827295,5
2500,endpoint,381,0.2767874479293823,0.024601630108778135,1.3005839347839356,0.029780123042157373,5
2500,endpoint,382,0.2750012159347534,0.02587650566577856,1.3018718242645264,0.03067925991140184,5
2500,endpoint,383,0.27209397256374357,0.027501555294430303,1.3033869504928588,0.032379430547592014,5
2500,endpoint,384,0.2700519412755966,0.02833013638189114,1.3046828269958497,0.033793880260013585,5
2500,endpoint,385,0.2699122458696365,0.027833830101312646,1.3050965309143066,0.0351239087397843,5
2500,endpoint,386,0.2712273716926575,0.026626284954335246,1.3045401573181152,0.035496950935503924,5
2500,endpoint,387,0.273394787311554,0.026000942182410995,1.3032996654510498,0.035494415767930027,5
2500,endpoint,388,0.2752751886844635,0.02610648694512586,1.3016396284103393,0.035592720795081655,5
2500,endpoint,389,0.27589536607265475,0.026704538028628905,1.3010000705718994,0.036705127188674344,5
2500,endpoint,390,0.27490760684013366,0.02722713262555921,1.3026252746582032,0.03657557997407839,5
2500,endpoint,391,0.2726709395647049,0.02688953722620942,1.3045265674591064,0.036148705324687135,5
2500,endpoint,392,0.2704056888818741,0.026231771188137184,1.3055550575256347,0.03525979572895569,5
2500,endpoint,393,0.269795349240303,0.025403158368534903,1.306309461593628,0.033245090986278446,5
2500,endpoint,394,0.27139454483985903,0.025408876495933812,1.3075295209884643,0.03199846244825089,5
2500,endpoint,395,0.2736888945102692,0.02653680943668604,1.3071098804473877,0.03161659205903209,5
2500,endpoint,396,0.2749962329864502,0.028102255236833403,1.3057051420211792,0.03167811528197652,5
2500,endpoint,397,0.2749363422393799,0.028692591510787735,1.3049840688705445,0.031780392866907196,5
2500,endpoint,398,0.2737671285867691,0.02789599368608647,1.3058452367782594,0.03308960846909165,5
2500,endpoint,399,0.2721793383359909,0.026003251345120864,1.3071135997772216,0.03433696819068103,5
2500,endpoint,400,0.2714753359556198,0.02435315468085304,1.3078706026077271,0.0345293815061927,5
2500,endpoint,401,0.27226805686950684,0.024300216983340117,1.307301902770996,0.03523317017012165,5
2500,endpoint,402,0.2734717935323715,0.025983073570370066,1.3053894519805909,0.03567278333888555,5
2500,endpoint,403,0.27393641471862795,0.02798039496147833,1.303576898574829,0.03616815454527639,5
2500,endpoint,404,0.2735989511013031,0.028900257769983152,1.3033552408218383,0.03775439560970799,5
2500,endpoint,405,0.27255107164382936,0.028132403692227914,1.3033660650253296,0.03963260393978427,5
2500,endpoint,406,0.2719204634428024,0.026274684705379782,1.3037264585494994,0.04072094620078141,5
2500,endpoint,407,0.27216980457305906,0.025480168519416573,1.303041934967041,0.040076665878250935,5
2500,endpoint,408,0.2729443281888962,0.025210312863692616,1.3023005962371825,0.04002539604180056,5
2500,endpoint,409,0.2731039524078369,0.025770165518903827,1.3012440919876098,0.03837769586804046,5
2500,endpoint,410,0.2727180242538452,0.026832605241300926,1.29963276386261,0.03608764216938918,5
2500,endpoint,411,0.27232844233512876,0.02772639207429122,1.2977795839309691,0.03537849817726485,5
2500,endpoint,412,0.2728545248508453,0.027714345074595147,1.2970949172973634,0.03646588948073948,5
2500,endpoint,413,0.27347460091114045,0.02713941369908464,1.2970349073410035,0.03760769787766815,5
2500,endpoint,414,0.273213604092598,0.026198886387331144,1.2976083517074586,0.0385144151274506,5
2500,endpoint,415,0.2724371314048767,0.025232004843428434,1.2983251810073853,0.04076468393794091,5
2500,endpoint,416,0.2719114363193512,0.02579653847632728,1.298272395133972,0.04068684838529929,5
2500,endpoint,417,0.2721420556306839,0.027427278900189513,1.2970844030380249,0.03957593392754799,5
2500,endpoint,418,0.27305151224136354,0.02910004477735693,1.2952860116958618,0.03626457460744796,5
2500,endpoint,419,0.2734647572040558,0.02845902591653025,1.2945042848587036,0.03401336650347011,5
2500,endpoint,420,0.2728754222393036,0.026129842774924198,1.2940813541412353,0.03453973570667604,5
2500,endpoint,421,0.27221179008483887,0.023777702677379355,1.2955443620681764,0.038013995863374214,5
2500,endpoint,422,0.2722473740577698,0.02406463996505331,1.296065354347229,0.041411484999265696,5
2500,endpoint,423,0.2731162369251251,0.02694445862072548,1.296712827682495,0.04422697563508347,5
2500,endpoint,424,0.27416094541549685,0.029953473623658,1.2974138498306274,0.04648514961714748,5
2500,endpoint,425,0.2740175247192383,0.030205792796026656,1.2978776693344116,0.04626296258790846,5
2500,endpoint,426,0.2729929506778717,0.027849498627479548,1.2980690479278565,0.04396432019988256,5
2500,endpoint,427,0.2719229608774185,0.024965974127431234,1.2974421024322509,0.04239411330716684,5
2500,endpoint,428,0.2715711623430252,0.023585822872882897,1.296294641494751,0.041176040136681254,5
2500,endpoint,429,0.2723883748054504,0.02384086067843298,1.2971158742904663,0.04162908896737514,5
2500,endpoint,430,0.2732048600912094,0.025804939448108986,1.2972370862960816,0.04172707396031163,5
2500,endpoint,431,0.27376106977462766,0.028270791939948896,1.2979074716567993,0.04176067234319394,5
2500,endpoint,432,0.2733114391565323,0.02923628852135568,1.297633457183838,0.04174897347745788,5
2500,endpoint,433,0.2728530079126358,0.02883725952192794,1.2987879991531373,0.04127818213927887,5
2500,endpoint,434,0.2721256732940674,0.02701948348973923,1.2989773511886598,0.039940641580515204,5
2500,endpoint,435,0.271708282828331,0.025527371626511978,1.2990854024887084,0.03710512927026013,5
2500,endpoint,436,0.27175616323947904,0.024638701625222623,1.2975680112838746,0.034588306806841586,5
2500,endpoint,437,0.2728228151798248,0.025168275206244692,1.2967914819717408,0.033913888352093975,5
2500,endpoint,438,0.27423089146614077,0.026648673336568653,1.2973109245300294,0.03434550264394293,5
2500,endpoint,439,0.2747244030237198,0.02774474055508562,1.2986216306686402,0.0359770419607937,5
2500,endpoint,440,0.27390346229076384,0.02732987484371104,1.3016689538955688,0.037567972312139854,5
2500,endpoint,441,0.27222208082675936,0.02589686324080063,1.3048418521881104,0.03832919321118879,5
2500,endpoint,442,0.2706443428993225,0.02497277843485412,1.3063559055328369,0.03770475330409842,5
2500,endpoint,443,0.27073273062705994,0.02566551211345506,1.305600643157959,0.037173911883182253,5
2500,endpoint,444,0.2722942143678665,0.027761269755888614,1.303982639312744,0.03726751402401097,5
2500,endpoint,445,0.27422778606414794,0.029860656166086443,1.3031509637832641,0.03727543660975772,5
2500,endpoint,446,0.27457947432994845,0.029683223318264035,1.3034577131271363,0.038446119892836715,5
2500,endpoint,447,0.27372039258480074,0.027445427779965434,1.3040984630584718,0.03913755862639889,5
2500,endpoint,448,0.2723425626754761,0.024618319853212462,1.3044636726379395,0.04023667915971277,5
2500,endpoint,449,0.2716509342193604,0.0226600818836553,1.3037619113922119,0.04062000360590162,5
2500,endpoint,450,0.27201431095600126,0.024045771526269546,1.3012999296188354,0.040618209902287455,5
2500,endpoint,451,0.27300054132938384,0.02740458866572636,1.2997450351715087,0.04141371540739362,5
2500,endpoint,452,0.2731361836194992,0.029864035579582733,1.2988954305648803,0.042495016342304445,5
2500,endpoint,453,0.27253680527210233,0.03017037380410209,1.2991013050079345,0.04303279322819226,5
2500,endpoint,454,0.27218174040317533,0.028623340691889956,1.2989196300506591,0.04233558716058829,5
2500,endpoint,455,0.27259970009326934,0.025991982870999897,1.2975433826446534,0.04065508685470026,5
2500,endpoint,456,0.2733808606863022,0.024198359472938122,1.2966500997543335,0.03908387849795999,5
2500,endpoint,457,0.27334882915019987,0.02447878206180922,1.2964763879776,0.03736575309940332,5
2500,endpoint,458,0.2726013332605362,0.025830266248803944,1.296855092048645,0.03591825335600639,5
2500,endpoint,459,0.27211918532848356,0.027651707972452137,1.297743844985962,0.035596810706882524,5
2500,endpoint,460,0.27251854836940764,0.02968807005769396,1.2993104457855225,0.03402696512644272,5
2500,endpoint,461,0.2734402060508728,0.030256359055208574,1.298608374595642,0.03322581226629725,5
2500,endpoint,462,0.2738625109195709,0.029309143529055642,1.2973320484161377,0.03193054881925836,5
2500,endpoint,463,0.2735749393701553,0.02689582535858745,1.2961071729660034,0.030665069980911463,5
2500,endpoint,464,0.2726292431354523,0.02360129041382889,1.2960090637207031,0.030740911051099017,5
2500,endpoint,465,0.27208069562911985,0.02182844663790941,1.2954392910003663,0.030582057085630318,5
2500,endpoint,466,0.27251110374927523,0.022679485747895734,1.2962857961654664,0.031196372742224556,5
2500,endpoint,467,0.27395646274089813,0.02538040676083492,1.2974419593811035,0.03286783453796483,5
2500,endpoint,468,0.27483969628810884,0.02920329047267591,1.2984119415283204,0.03526786033532541,5
2500,endpoint,469,0.27370892763137816,0.031829368199640995,1.299695658683777,0.03723405383567038,5
2500,endpoint,470,0.2712638914585114,0.030993613663562257,1.300940990447998,0.03765315569054768,5
2500,endpoint,471,0.2701894849538803,0.028078921626529665,1.3010908603668212,0.037460827673163395,5
2500,endpoint,472,0.2712902069091797,0.024868710623760087,1.300467276573181,0.03744918087569996,5
2500,endpoint,473,0.2742415279150009,0.023198634830186592,1.3003461122512818,0.03636524234995505,5
2500,endpoint,474,0.2758477807044983,0.023681659128724365,1.3000308990478515,0.03468456469148896,5
2500,endpoint,475,0.2749111086130142,0.025549312948665692,1.299006414413452,0.033315202114879275,5
2500,endpoint,476,0.27260289490222933,0.028046777395459608,1.2990458011627197,0.03428640444090944,5
2500,endpoint,477,0.2708857238292694,0.0303115520367429,1.2991174697875976,0.03554417393293552,5
2500,endpoint,478,0.27097976207733154,0.030554050970158925,1.2984102725982667,0.037037050820184894,5
2500,endpoint,479,0.27249676585197447,0.027714871287319424,1.2979958534240723,0.03798684638963185,5
2500,endpoint,480,0.2741944223642349,0.02433525544237927,1.297806477546692,0.03808166372421183,5
2500,endpoint,481,0.2745155692100525,0.0229372376117446,1.2965608596801759,0.037514548364403794,5
2500,endpoint,482,0.27327610552310944,0.024170926443997542,1.2946829557418824,0.03595869884085478,5
2500,endpoint,483,0.27200897634029386,0.026458743886615104,1.294361424446106,0.036283095971871834,5
2500,endpoint,484,0.2711789935827255,0.028678495691205497,1.293360948562622,0.03736184479443967,5
2500,endpoint,485,0.27179393768310545,0.02985986393838032,1.2914046764373779,0.03774100081622106,5
2500,endpoint,486,0.2732988059520721,0.02903946732063346,1.2907092571258545,0.038418592821153376,5
2500,endpoint,487,0.2740270495414734,0.02680539997295538,1.2903215169906617,0.038318092961711535,5
2500,endpoint,488,0.2733745664358139,0.024708684446138506,1.2900071382522582,0.036328826489999515,5
2500,endpoint,489,0.2726872354745865,0.02358195201874409,1.2909428119659423,0.035191481949906366,5
2500,endpoint,490,0.2724879562854767,0.023952797327127868,1.2914369821548461,0.03476813665021586,5
2500,endpoint,491,0.2728347539901733,0.026430122877506887,1.2922372341156005,0.035279364487962074,5
2500,endpoint,492,0.272843337059021,0.029486970431092288,1.2928878784179687,0.035698440573586496,5
2500,endpoint,493,0.27225794792175295,0.03066434229851439,1.293278408050537,0.0364718904338243,5
2500,endpoint,494,0.27184741497039794,0.02923183630854444,1.2943847894668579,0.03787202772284672,5
2500,endpoint,495,0.2720519661903381,0.026101193754775275,1.2945700645446778,0.03828593077498919,5
2500,endpoint,496,0.2728908360004425,0.024055532064844738,1.2947800636291504,0.03690352760068859,5
2500,endpoint,497,0.2733538210391998,0.02383727222963707,1.2949314355850219,0.03508781988620299,5
2500,endpoint,498,0.2732015043497086,0.02502676727289646,1.2957221269607544,0.03424909557100698,5
2500,endpoint,499,0.2726693332195282,0.027854929483649184,1.2964890956878663,0.03557827598233251,5
2500,endpoint,500,0.2720777869224548,0.029318302754788864,1.2962768077850342,0.03669013593629498,5
2500,endpoint,501,0.2720616787672043,0.028436753611730297,1.2959476470947267,0.03765307038523539,5
2500,endpoint,502,0.2732037574052811,0.027238635963845934,1.296179175376892,0.03883782940641183,5
2500,endpoint,503,0.27410193979740144,0.026676222038254177,1.2963933944702148,0.039151102545371665,5
2500,endpoint,504,0.274274680018425,0.026383886073832734,1.2982193231582642,0.036815051747663086,5
2500,endpoint,505,0.27351524531841276,0.026454615728699744,1.3015451192855836,0.03453657724794656,5
2500,endpoint,506,0.2721434712409973,0.027035698325217468,1.303820013999939,0.03428253009416394,5
2500,endpoint,507,0.27116742730140686,0.02667431474774045,1.3040820121765138,0.03611174795013505,5
2500,endpoint,508,0.2708224833011627,0.02558431933141102,1.3025383710861207,0.040088922741420556,5
2500,endpoint,509,0.27202616035938265,0.026406582092350032,1.3012288570404054,0.04421743095043836,5
2500,endpoint,510,0.27427938878536223,0.028789766025163168,1.2997089147567749,0.046564224912833706,5
2500,endpoint,511,0.2753822773694992,0.03020747016608661,1.2983783721923827,0.045782761438528066,5
2500,endpoint,512,0.2744769215583801,0.028844488247805392,1.2977067947387695,0.04265433528825902,5
2500,endpoint,513,0.27246825098991395,0.02610876386779013,1.2984470844268798,0.04070205231837815,5
2500,endpoint,514,0.27093454301357267,0.024251376525050744,1.2989636421203614,0.04083108211617399,5
2500,endpoint,515,0.2704382598400116,0.023478209062027647,1.2984222888946533,0.04249996930962424,5
2500,endpoint,516,0.2715457856655121,0.02407394862959203,1.2971257448196412,0.046863524283904404,5
2500,endpoint,517,0.27419769763946533,0.027634133747378855,1.2956589221954347,0.050362295897049415,5
2500,endpoint,518,0.2760408818721771,0.03129965609997181,1.2943853378295898,0.050097914783047114,5
2500,endpoint,519,0.2753317475318909,0.03145036017856681,1.2941852807998657,0.048158486270954,5
2500,subset_accuracy_drop,1,0.6922314047813416,0.001582880053536511,0.6922513723373414,0.001514905365039004,5
2500,subset_accuracy_drop,2,0.6912277102470398,0.002141953240134491,0.6912367582321167,0.0020504337956170128,5
2500,subset_accuracy_drop,3,0.6902234315872192,0.003178583030405867,0.6902290344238281,0.0031010225321998126,5
2500,subset_accuracy_drop,4,0.6892125606536865,0.004476991350330372,0.6892315983772278,0.004437799913428902,5
2500,subset_accuracy_drop,5,0.6882270455360413,0.005877519204573237,0.688279390335083,0.00590870914145043,5
2500,subset_accuracy_drop,6,0.6873664617538452,0.0072028185378817345,0.6874685406684875,0.007352957692267095,5
2500,subset_accuracy_drop,7,0.6867887258529664,0.008208510333388111,0.6869382381439209,0.00855102833007813,5
2500,subset_accuracy_drop,8,0.6865620136260986,0.008451476562763727,0.6867322802543641,0.009051853257370672,5
2500,subset_accuracy_drop,9,0.686714768409729,0.007763124010532442,0.6869095206260681,0.008574674622201848,5
2500,subset_accuracy_drop,10,0.6866917490959168,0.007406889674915167,0.6869938135147095,0.00826549673435982,5
2500,subset_accuracy_drop,11,0.6863541007041931,0.007684942385973107,0.6868350505828857,0.008509583496878735,5
2500,subset_accuracy_drop,12,0.6859375715255738,0.008120297871917457,0.6866380333900451,0.008889205737773513,5
2500,subset_accuracy_drop,13,0.6856035590171814,0.008352273446574559,0.686546790599823,0.009082057038003048,5
2500,subset_accuracy_drop,14,0.6853721499443054,0.008291696164836816,0.6865754961967468,0.009026310471577533,5
2500,subset_accuracy_drop,15,0.6851852059364318,0.00802912827368039,0.686673367023468,0.008822464795817586,5
2500,subset_accuracy_drop,16,0.6849763870239258,0.007690473626120264,0.6867849230766296,0.008596382071746357,5
2500,subset_accuracy_drop,17,0.6847015142440795,0.00736796075649349,0.6868734359741211,0.008434229955046212,5
2500,subset_accuracy_drop,18,0.6843410849571228,0.007100531090995578,0.6869290709495545,0.00837029510409602,5
2500,subset_accuracy_drop,19,0.6838913679122924,0.006891048976502522,0.686959731578827,0.008408051030539276,5
2500,subset_accuracy_drop,20,0.6833552837371826,0.006724441777258498,0.6869749426841736,0.00852968253227224,5
2500,subset_accuracy_drop,21,0.6827622890472412,0.006591086342220293,0.6870114207267761,0.008730654836296986,5
2500,subset_accuracy_drop,22,0.6821356892585755,0.006467293123393528,0.6870960474014283,0.008992623386376238,5
2500,subset_accuracy_drop,23,0.681479299068451,0.006312721697219216,0.6872463583946228,0.00929485635221372,5
2500,subset_accuracy_drop,24,0.6808084011077881,0.00609996889995921,0.6874699354171753,0.00961444990086355,5
2500,subset_accuracy_drop,25,0.6801361560821533,0.0058286126448967865,0.6877689480781555,0.009931358814045478,5
2500,subset_accuracy_drop,26,0.6795606136322021,0.00551467089170735,0.6881830811500549,0.01028837802853787,5
2500,subset_accuracy_drop,27,0.678926682472229,0.005199158041363119,0.6885878205299377,0.010601632629599634,5
2500,subset_accuracy_drop,28,0.678359866142273,0.004922173595510532,0.6890851140022278,0.011008392012352127,5
2500,subset_accuracy_drop,29,0.6778530836105346,0.004608235992260491,0.6897246956825256,0.011566475899500698,5
2500,subset_accuracy_drop,30,0.6771618485450744,0.004408387977834271,0.6902648210525513,0.01202937728730223,5
2500,subset_accuracy_drop,31,0.6766437649726867,0.004263999039808935,0.6908555746078491,0.012538885379187244,5
2500,subset_accuracy_drop,32,0.6762154459953308,0.003957719725912752,0.6915769696235656,0.013093129728874725,5
2500,subset_accuracy_drop,33,0.6755176663398743,0.003783732690433208,0.6920662641525268,0.01341773474497513,5
2500,subset_accuracy_drop,34,0.6750837922096252,0.003603192157124954,0.6926730513572693,0.013827636415213994,5
2500,subset_accuracy_drop,35,0.6746591329574585,0.003340236785454876,0.6934128165245056,0.01429119919833919,5
2500,subset_accuracy_drop,36,0.6741416931152344,0.0031598043415921435,0.6935843586921692,0.014312279684767507,5
2500,subset_accuracy_drop,37,0.673744547367096,0.0031440387077349362,0.6941057443618774,0.014673951003472487,5
2500,subset_accuracy_drop,38,0.6731701135635376,0.002934702630695645,0.694394314289093,0.014798699220135915,5
2500,subset_accuracy_drop,39,0.6728165149688721,0.0027104044636655374,0.6946171402931214,0.014945317622488921,5
2500,subset_accuracy_drop,40,0.6725275993347168,0.0029521054760728877,0.6950360298156738,0.01531421457756404,5
2500,subset_accuracy_drop,41,0.6718305230140686,0.00262633102359465,0.6950853347778321,0.015251568327410139,5
2500,subset_accuracy_drop,42,0.6715087294578552,0.002442804198599065,0.6952888011932373,0.015308257742404083,5
2500,subset_accuracy_drop,43,0.6711452722549438,0.002377119623460366,0.6955826878547668,0.015411087085353388,5
2500,subset_accuracy_drop,44,0.6706573247909546,0.0024035203607023986,0.6958495140075683,0.015447909521696883,5
2500,subset_accuracy_drop,45,0.6701288461685181,0.002211291932064271,0.6961749911308288,0.015495840066530162,5
2500,subset_accuracy_drop,46,0.6697809219360351,0.001999114647074165,0.6965165495872497,0.015583949777632626,5
2500,subset_accuracy_drop,47,0.6693510293960572,0.0019666492543285725,0.69700847864151,0.015831797674370113,5
2500,subset_accuracy_drop,48,0.6689501166343689,0.0019849412806407004,0.6975651621818543,0.016123935860053774,5
2500,subset_accuracy_drop,49,0.6685162782669067,0.0018262822730494923,0.6979570269584656,0.016231942759232197,5
2500,subset_accuracy_drop,50,0.6680725574493408,0.0015844144118208649,0.6985372543334961,0.016442172631865194,5
2500,subset_accuracy_drop,51,0.6676593065261841,0.0016254742540609088,0.6993338465690613,0.016806040508970936,5
2500,subset_accuracy_drop,52,0.667368721961975,0.0017564696868745979,0.6998450994491577,0.017025784309457604,5
2500,subset_accuracy_drop,53,0.6668011784553528,0.001385141552501621,0.7002183794975281,0.01710083953690234,5
2500,subset_accuracy_drop,54,0.6664343118667603,0.0012772170963139087,0.7007304906845093,0.01731633807058911,5
2500,subset_accuracy_drop,55,0.6663092851638794,0.0017576577813311347,0.701291286945343,0.017608289205332348,5
2500,subset_accuracy_drop,56,0.6656298875808716,0.001420010786023576,0.7014084696769715,0.017499492381888103,5
2500,subset_accuracy_drop,57,0.6653482556343079,0.001059864054683661,0.701797604560852,0.017605325357441574,5
2500,subset_accuracy_drop,58,0.6646753311157226,0.0015800150477389054,0.7016449451446534,0.017216511912856402,5
2500,subset_accuracy_drop,59,0.6644540429115295,0.0018547469479036696,0.7021231651306152,0.017406451015285918,5
2500,subset_accuracy_drop,60,0.6643709897994995,0.0011695415906695635,0.7027954697608948,0.017775929453012387,5
2500,subset_accuracy_drop,61,0.6634573936462402,0.0018493369450049023,0.7023762226104736,0.017266641194897885,5
2500,subset_accuracy_drop,62,0.6631425738334655,0.0017280030596296752,0.702731454372406,0.017380825447665206,5
2500,subset_accuracy_drop,63,0.6628678560256958,0.0023448190128523075,0.7034116744995117,0.017718060229158707,5
2500,subset_accuracy_drop,64,0.6628955602645874,0.0017439979717898011,0.7038564443588257,0.017911403639209043,5
2500,subset_accuracy_drop,65,0.6619662880897522,0.002182837360465874,0.7037047147750854,0.01756780181193841,5
2500,subset_accuracy_drop,66,0.6615938544273376,0.0023267008561240416,0.7042894721031189,0.01775930657148456,5
2500,subset_accuracy_drop,67,0.6614161968231201,0.002439838345776237,0.7048540353775025,0.017852296282416358,5
2500,subset_accuracy_drop,68,0.6611567854881286,0.002593146330554299,0.7054512143135071,0.01816600885257046,5
2500,subset_accuracy_drop,69,0.6608710408210754,0.001954183427980826,0.7057638049125672,0.017913453191449172,5
2500,subset_accuracy_drop,70,0.6601285696029663,0.0027665702679231046,0.7058408975601196,0.017962079238396544,5
2500,subset_accuracy_drop,71,0.6598694801330567,0.0029774527434340355,0.7062672734260559,0.01808673378910078,5
2500,subset_accuracy_drop,72,0.6601917266845703,0.0020884373870251227,0.7072244644165039,0.018370486528310852,5
2500,subset_accuracy_drop,73,0.6592244625091552,0.0028931047296867837,0.7070000052452088,0.018186413921411126,5
2500,subset_accuracy_drop,74,0.6588128566741943,0.003048803376378137,0.7073370218276978,0.018169546676580235,5
2500,subset_accuracy_drop,75,0.6593310475349426,0.002162261778446531,0.7085993766784668,0.01842057947760938,5
2500,subset_accuracy_drop,76,0.6584445714950562,0.0028896649847079277,0.7084686040878296,0.018489207000236013,5
2500,subset_accuracy_drop,77,0.6581243991851806,0.0028247202493648536,0.7088597178459167,0.01846645596117113,5
2500,subset_accuracy_drop,78,0.6579383373260498,0.002726994994809962,0.7089283347129822,0.018289327328258036,5
2500,subset_accuracy_drop,79,0.6582792282104493,0.0017124642702512365,0.7098007798194885,0.01821350672959472,5
2500,subset_accuracy_drop,80,0.6571791291236877,0.002895785272712625,0.7092488288879395,0.017993041981504,5
2500,subset_accuracy_drop,81,0.6571277976036072,0.0028768394269344396,0.7098414182662964,0.017986749865923315,5
2500,subset_accuracy_drop,82,0.656850790977478,0.003175728702546894,0.7100305199623108,0.01773292940463341,5
2500,subset_accuracy_drop,83,0.6569436073303223,0.00191408101131128,0.7103079676628112,0.01713548068259941,5
2500,subset_accuracy_drop,84,0.6563789129257203,0.0025212570511236767,0.7104271411895752,0.01687630203053604,5
2500,subset_accuracy_drop,85,0.656243896484375,0.0030229903733148458,0.7108230352401733,0.016747481075941765,5
2500,subset_accuracy_drop,86,0.6560941457748413,0.0034560494522519916,0.7111459493637085,0.016364662325899698,5
2500,subset_accuracy_drop,87,0.6556612253189087,0.0025608399201875924,0.7112387776374817,0.01583978931642312,5
2500,subset_accuracy_drop,88,0.6556487202644348,0.0024304476966065004,0.7116192817687989,0.015490728964126696,5
2500,subset_accuracy_drop,89,0.6553777933120728,0.002806445254457515,0.7118933439254761,0.015327364164829651,5
2500,subset_accuracy_drop,90,0.6550693154335022,0.003260718133472955,0.7123218178749084,0.015114252920875275,5
2500,subset_accuracy_drop,91,0.6547756433486939,0.003033976859603976,0.7125804185867309,0.014887735762134336,5
2500,subset_accuracy_drop,92,0.6547277331352234,0.002613333706065646,0.7129720568656921,0.014643650220974467,5
2500,subset_accuracy_drop,93,0.6546430706977844,0.0026797858071970124,0.713459062576294,0.014678135637535457,5
2500,subset_accuracy_drop,94,0.6545657634735107,0.003136261875462205,0.7138736128807068,0.014791672218431818,5
2500,subset_accuracy_drop,95,0.6541389346122741,0.0032354195013665557,0.7136751770973205,0.014382857587163764,5
2500,subset_accuracy_drop,96,0.6540548205375671,0.002825830470943333,0.71387277841568,0.014151349547201174,5
2500,subset_accuracy_drop,97,0.6540905952453613,0.0027520099136811495,0.7143249630928039,0.01405754362821229,5
2500,subset_accuracy_drop,98,0.6537626504898071,0.003180322146223146,0.7144293069839478,0.013933532486483791,5
2500,subset_accuracy_drop,99,0.6536373972892762,0.003452457076898472,0.7146842956542969,0.01377896378252062,5
2500,subset_accuracy_drop,100,0.6534283518791199,0.00305846214384434,0.7148727297782898,0.01350974852962639,5
2500,subset_accuracy_drop,101,0.6533472061157226,0.003089145993616481,0.7153047084808349,0.01353016039805458,5
2500,subset_accuracy_drop,102,0.6533689379692078,0.0030160338704148452,0.7154578804969788,0.013415019567006824,5
2500,subset_accuracy_drop,103,0.6532412767410278,0.003552273369115105,0.7155837178230285,0.01331237640451786,5
2500,subset_accuracy_drop,104,0.6531272888183594,0.003390723808809119,0.7154305696487426,0.013444823367903118,5
2500,subset_accuracy_drop,105,0.6531579732894898,0.003036873806925093,0.715578293800354,0.013645101141513925,5
2500,subset_accuracy_drop,106,0.6527747392654419,0.0032425406066007066,0.7153013586997986,0.013625832727298106,5
2500,subset_accuracy_drop,107,0.6527069330215454,0.00326270232628087,0.7152926445007324,0.013681105320544156,5
2500,subset_accuracy_drop,108,0.6528958678245544,0.003596408508766141,0.7156924486160279,0.01368044470333315,5
2500,subset_accuracy_drop,109,0.6524853229522705,0.0033412897336146637,0.7154585480690002,0.013313317358683165,5
2500,subset_accuracy_drop,110,0.6524267077445984,0.00337544840378859,0.7155884861946106,0.013020818613679264,5
2500,subset_accuracy_drop,111,0.6524763226509094,0.0030755604865753167,0.7159173965454102,0.012692724358587438,5
2500,subset_accuracy_drop,112,0.6523815155029297,0.003480186468749106,0.7161842465400696,0.012706740139893253,5
2500,subset_accuracy_drop,113,0.6524837970733642,0.0035791360443826695,0.7167204737663269,0.012635695103588425,5
2500,subset_accuracy_drop,114,0.6522286176681519,0.0032846162289413674,0.7167183518409729,0.012852676891088073,5
2500,subset_accuracy_drop,115,0.6523524522781372,0.003162622880618857,0.7169682621955872,0.012802739393747892,5
2500,subset_accuracy_drop,116,0.6519915103912354,0.0035279943153400752,0.7167110443115234,0.01302165570890553,5
2500,subset_accuracy_drop,117,0.652116847038269,0.003663645209240351,0.7170203328132629,0.013019851047604789,5
2500,subset_accuracy_drop,118,0.6522310137748718,0.0032328073864407044,0.7171113014221191,0.013359743430128421,5
2500,subset_accuracy_drop,119,0.6520682573318481,0.0032668328174347743,0.7167424082756042,0.012854789085972644,5
2500,subset_accuracy_drop,120,0.6516925692558289,0.003476695016645856,0.7164228439331055,0.013034420839332277,5
2500,subset_accuracy_drop,121,0.6518401980400086,0.0037018766639718586,0.7166317820549011,0.012927469298615955,5
2500,subset_accuracy_drop,122,0.6519582748413086,0.0034680821416508295,0.7165869951248169,0.013051934000357606,5
2500,subset_accuracy_drop,123,0.6518179297447204,0.003186039671722813,0.7163705825805664,0.012746801954590197,5
2500,subset_accuracy_drop,124,0.6515119194984436,0.0035017070777777454,0.7162963509559631,0.012921654588309904,5
2500,subset_accuracy_drop,125,0.6515478968620301,0.003585563604199765,0.7167528748512269,0.013120282575740822,5
2500,subset_accuracy_drop,126,0.6518894314765931,0.0033174613519254465,0.7172842264175415,0.013376236768312174,5
2500,subset_accuracy_drop,127,0.6516764998435974,0.003286457182592766,0.7172489285469055,0.013359249991398186,5
2500,subset_accuracy_drop,128,0.651393187046051,0.0034611461417575554,0.71744304895401,0.013549912336831747,5
2500,subset_accuracy_drop,129,0.6514087438583374,0.0035124683430630983,0.7179568529129028,0.013811588093815911,5
2500,subset_accuracy_drop,130,0.6514784097671509,0.0034819870591335043,0.718085527420044,0.013790062206201242,5
2500,subset_accuracy_drop,131,0.6513803362846374,0.0035730473810560727,0.7179840207099915,0.013745336308448992,5
2500,subset_accuracy_drop,132,0.6512761831283569,0.003388128448994132,0.7180748820304871,0.013671925060549588,5
2500,subset_accuracy_drop,133,0.6513155937194824,0.0033574987855788303,0.7183292746543884,0.01366765743464557,5
2500,subset_accuracy_drop,134,0.6512200713157654,0.003606378989134567,0.7182969808578491,0.01350978892502744,5
2500,subset_accuracy_drop,135,0.6511976718902588,0.0035996467014718972,0.7183120012283325,0.013278260764955795,5
2500,subset_accuracy_drop,136,0.6512848615646363,0.003402257586970494,0.7183881402015686,0.013014224014738883,5
2500,subset_accuracy_drop,137,0.6512382745742797,0.003352575231900876,0.718425965309143,0.013046759525118709,5
2500,subset_accuracy_drop,138,0.6510165214538575,0.0035707274420452182,0.7183061361312866,0.013027843063378163,5
2500,subset_accuracy_drop,139,0.6509533762931824,0.003676081780804265,0.7182769775390625,0.013019660307437021,5
2500,subset_accuracy_drop,140,0.6510039091110229,0.003521439992369762,0.7183604121208191,0.013004998158865392,5
2500,subset_accuracy_drop,141,0.6510812163352966,0.003250474835886031,0.7184637904167175,0.01311149051008442,5
2500,subset_accuracy_drop,142,0.6508481502532959,0.003473419205212668,0.7183759093284607,0.013293334162723106,5
2500,subset_accuracy_drop,143,0.6508366227149963,0.0035994594064405767,0.7184136867523193,0.013581882772838645,5
2500,subset_accuracy_drop,144,0.6511073231697082,0.0034746611154513815,0.7185931444168091,0.013631640171615859,5
2500,subset_accuracy_drop,145,0.651169753074646,0.003169222543077616,0.7185649514198303,0.013883593741871574,5
2500,subset_accuracy_drop,146,0.6507224082946778,0.003562757604888911,0.718237829208374,0.014040786601916518,5
2500,subset_accuracy_drop,147,0.6507334470748901,0.0035982949581317594,0.7182543277740479,0.01412494855437535,5
2500,subset_accuracy_drop,148,0.6509730577468872,0.0034623424212730674,0.7184537291526795,0.014081183170139398,5
2500,subset_accuracy_drop,149,0.6510661840438843,0.003169872972548943,0.7186670422554016,0.013908191666498588,5
2500,subset_accuracy_drop,150,0.6506689429283142,0.0036499142584201956,0.7185600876808167,0.013867468692909645,5
2500,subset_accuracy_drop,151,0.6506677031517029,0.0035661939585235904,0.7187128186225891,0.013777159383411201,5
2500,subset_accuracy_drop,152,0.6508755683898926,0.0034050545713536005,0.718909478187561,0.013704782109248359,5
2500,subset_accuracy_drop,153,0.6509061813354492,0.003237634321442036,0.7190099120140075,0.013487404622695785,5
2500,subset_accuracy_drop,154,0.6506736397743225,0.0037136656143966916,0.7188296675682068,0.01349528791406628,5
2500,subset_accuracy_drop,155,0.6505783200263977,0.003648779155810751,0.7186758875846863,0.013297579720503211,5
2500,subset_accuracy_drop,156,0.6507972836494446,0.0034405763489927864,0.7188022851943969,0.013317812796990729,5
2500,subset_accuracy_drop,157,0.6509913802146912,0.003054724986641584,0.7190017104148865,0.013160666113160803,5
2500,subset_accuracy_drop,158,0.6505894184112548,0.003562917036779451,0.7187375903129578,0.013213744740494086,5
2500,subset_accuracy_drop,159,0.650571882724762,0.0035808349116683885,0.7188771843910218,0.013259977069652774,5
2500,subset_accuracy_drop,160,0.6507200121879577,0.0036273509833416873,0.719050943851471,0.013452088990066792,5
2500,subset_accuracy_drop,161,0.6508205652236938,0.003237558885946819,0.7191422343254089,0.01326807910892863,5
2500,subset_accuracy_drop,162,0.6505829215049743,0.0034848188271182426,0.7190564155578614,0.013354865336990419,5
2500,subset_accuracy_drop,163,0.6505064606666565,0.003640916513964173,0.7191766977310181,0.013489326943909315,5
2500,subset_accuracy_drop,164,0.6504783034324646,0.0036753416421472806,0.7191619515419007,0.013492231305740371,5
2500,subset_accuracy_drop,165,0.6506253123283386,0.003563257056774288,0.7191610336303711,0.013412977605565658,5
2500,subset_accuracy_drop,166,0.650632357597351,0.0033118931226125414,0.7191491246223449,0.013361068326777957,5
2500,subset_accuracy_drop,167,0.6505334973335266,0.0035838984223492696,0.7191406965255738,0.01349777822895268,5
2500,subset_accuracy_drop,168,0.6503979563713074,0.0036343337828264456,0.718895149230957,0.013430287740771969,5
2500,subset_accuracy_drop,169,0.6504766702651977,0.00365893038601986,0.7187396049499511,0.0133398104444364,5
2500,subset_accuracy_drop,170,0.6506462812423706,0.0033580297916226075,0.7187800526618957,0.013285546967879583,5
2500,subset_accuracy_drop,171,0.6505329132080078,0.003433067566040828,0.71877019405365,0.013250427998952706,5
2500,subset_accuracy_drop,172,0.6503308415412903,0.0036988165671271744,0.7187437057495117,0.013429193374114846,5
2500,subset_accuracy_drop,173,0.6503046154975891,0.003724812779100764,0.7187060356140137,0.013410949445992837,5
2500,subset_accuracy_drop,174,0.650560462474823,0.0034763829606696828,0.718959629535675,0.013408388244263256,5
2500,subset_accuracy_drop,175,0.6504742980003357,0.003385540060539488,0.719011640548706,0.0133590677104993,5
2500,subset_accuracy_drop,176,0.6503337740898132,0.003654203394514997,0.7190601587295532,0.013635835537640677,5
2500,subset_accuracy_drop,177,0.6502892851829529,0.003844462077656453,0.7190691590309143,0.013641419232580297,5
2500,subset_accuracy_drop,178,0.6504335641860962,0.0036440086828614,0.7191863894462586,0.013678201503984872,5
2500,subset_accuracy_drop,179,0.6504608869552613,0.0033420413082361957,0.7193240404129029,0.013505813849956404,5
2500,subset_accuracy_drop,180,0.6502731084823609,0.0035959193637381927,0.7192350029945374,0.013856957880417088,5
2500,subset_accuracy_drop,181,0.6502793073654175,0.003789652452424434,0.7191724419593811,0.013827504735976326,5
2500,subset_accuracy_drop,182,0.6504840612411499,0.0036799625296342633,0.7191985011100769,0.013788358756596626,5
2500,subset_accuracy_drop,183,0.6504643082618713,0.003390365522747546,0.7191151976585388,0.013524881586397695,5
2500,subset_accuracy_drop,184,0.6502175807952881,0.003673085714683384,0.7188990235328674,0.013525794112023232,5
2500,subset_accuracy_drop,185,0.6501842617988587,0.003709353383160718,0.7187747478485107,0.013338810451307201,5
2500,subset_accuracy_drop,186,0.6503545045852661,0.0037346123010634506,0.7186469197273254,0.01321447893219035,5
2500,subset_accuracy_drop,187,0.6504029631614685,0.0035421936430703256,0.7185338020324707,0.012960820712883462,5
2500,subset_accuracy_drop,188,0.6502276182174682,0.0035568527963442094,0.7183571100234986,0.012963963279734982,5
2500,subset_accuracy_drop,189,0.650139319896698,0.0036197813328942485,0.7182878613471985,0.013009816923943,5
2500,subset_accuracy_drop,190,0.6502536058425903,0.0036428558842926395,0.7184279680252075,0.013072930278677964,5
2500,subset_accuracy_drop,191,0.6503952026367188,0.003570161440576086,0.7186366558074951,0.013136857978146491,5
2500,subset_accuracy_drop,192,0.6501995205879212,0.003582478864084754,0.7186439037322998,0.013167654324743056,5
2500,subset_accuracy_drop,193,0.6501320600509644,0.0036437406756531965,0.7188094973564148,0.01329981148003659,5
2500,subset_accuracy_drop,194,0.6501173377037048,0.003648012467117294,0.7189318418502808,0.013361082210162889,5
2500,subset_accuracy_drop,195,0.6502757668495178,0.003590555968097969,0.7190770506858826,0.013379600241232692,5
2500,subset_accuracy_drop,196,0.6502768754959106,0.003502470127805699,0.7190845251083374,0.013269256448520802,5
2500,subset_accuracy_drop,197,0.6500966787338257,0.0036046111375177877,0.7189017176628113,0.013250098955782495,5
2500,subset_accuracy_drop,198,0.6500332355499268,0.0036439282582433332,0.7187878251075744,0.013233286527400797,5
2500,subset_accuracy_drop,199,0.6501302123069763,0.0035400295641009267,0.7187501072883606,0.013190048960759893,5
2500,subset_accuracy_drop,200,0.6501726865768432,0.0034864058898151024,0.7188209176063538,0.013141665544077667,5
2500,subset_accuracy_drop,201,0.6500733613967895,0.0036701494127126047,0.7188299775123597,0.013214934307833751,5
2500,subset_accuracy_drop,202,0.6500151753425598,0.003733446522551102,0.7188530445098877,0.013327272136878097,5
2500,subset_accuracy_drop,203,0.6500964999198914,0.003594936969374025,0.718946373462677,0.013395031678742496,5
2500,subset_accuracy_drop,204,0.6501373291015625,0.0034990882552176617,0.7190936207771301,0.013442902235262014,5
2500,subset_accuracy_drop,205,0.650064742565155,0.003599452469705639,0.7192480802536011,0.013557997203060798,5
2500,subset_accuracy_drop,206,0.6500241041183472,0.003701867369206454,0.719323480129242,0.01352883377832273,5
2500,subset_accuracy_drop,207,0.6500483870506286,0.0036094820168982036,0.71944180727005,0.013390300168756725,5
2500,subset_accuracy_drop,208,0.6502121090888977,0.0036145344438827456,0.7196266531944275,0.013500223412483076,5
2500,subset_accuracy_drop,209,0.6500554323196411,0.0036583730829411842,0.719525682926178,0.013395193061217702,5
2500,subset_accuracy_drop,210,0.650109839439392,0.0036815694188940765,0.7194744944572449,0.013384000234355159,5
2500,subset_accuracy_drop,211,0.6501675248146057,0.003518373440187327,0.7192347764968872,0.013115829123144502,5
2500,subset_accuracy_drop,212,0.6502076983451843,0.003677238940784801,0.7191277623176575,0.013263139722685833,5
2500,subset_accuracy_drop,213,0.6500152230262757,0.0037107260776545036,0.7188135504722595,0.01319233780016036,5
2500,subset_accuracy_drop,214,0.6500532627105713,0.003686099263721105,0.7186733961105347,0.01313375125494774,5
2500,subset_accuracy_drop,215,0.650086498260498,0.0034694166617901707,0.7184978604316712,0.012772661742587767,5
2500,subset_accuracy_drop,216,0.6502910137176514,0.003635134144256055,0.7187155246734619,0.012842005346388671,5
2500,subset_accuracy_drop,217,0.6500241994857788,0.003667162175416844,0.7186471581459045,0.012706865484258182,5
2500,subset_accuracy_drop,218,0.6500219225883483,0.003675872153872027,0.7188221454620362,0.012736592591584415,5
2500,subset_accuracy_drop,219,0.6500457525253296,0.003541325539194265,0.7188324093818664,0.012591245475063418,5
2500,subset_accuracy_drop,220,0.6501174449920655,0.003588419863079636,0.7189340233802796,0.012648757520761946,5
2500,subset_accuracy_drop,221,0.6499932885169983,0.00370861463152822,0.719013798236847,0.01281134839269571,5
2500,subset_accuracy_drop,222,0.6499547600746155,0.003677993330904591,0.7189922094345093,0.012734007482789786,5
2500,subset_accuracy_drop,223,0.6499944686889648,0.00359190386867573,0.7190052032470703,0.012623570210887844,5
2500,subset_accuracy_drop,224,0.6499530792236328,0.0035933455837051185,0.7189715385437012,0.012549187220693137,5
2500,subset_accuracy_drop,225,0.6499776721000672,0.0036914960452396174,0.719039261341095,0.01272049395609906,5
2500,subset_accuracy_drop,226,0.6499460697174072,0.00360275193225391,0.7189560055732727,0.012751291593462406,5
2500,subset_accuracy_drop,227,0.6500557780265808,0.0035606792766012976,0.718987786769867,0.012857077899554887,5
2500,subset_accuracy_drop,228,0.6500428438186645,0.0034817397711745033,0.7189260363578797,0.012963219008100955,5
2500,subset_accuracy_drop,229,0.6499275445938111,0.003661120883609472,0.7189126014709473,0.013336100752776359,5
2500,subset_accuracy_drop,230,0.6499045252799988,0.0037004103099811114,0.7189240336418152,0.013432394452035866,5
2500,subset_accuracy_drop,231,0.6500287532806397,0.003472621170519082,0.7191100597381592,0.013483968147861802,5
2500,subset_accuracy_drop,232,0.6499747633934021,0.0035086774013955895,0.7191896796226501,0.013354067661794382,5
2500,subset_accuracy_drop,233,0.6498638391494751,0.0036795459486450343,0.7192256927490235,0.01333028851113757,5
2500,subset_accuracy_drop,234,0.6498603820800781,0.0036898580933710993,0.7193822741508484,0.013231969387871585,5
2500,subset_accuracy_drop,235,0.6499050736427308,0.0035903938913865894,0.7194871068000793,0.01304802137261541,5
2500,subset_accuracy_drop,236,0.6498745679855347,0.0035543976470540396,0.7194207191467286,0.013034957183385655,5
2500,subset_accuracy_drop,237,0.649816381931305,0.003651322362261497,0.7192215323448181,0.013008726857297252,5
2500,subset_accuracy_drop,238,0.6499394297599792,0.0036410248137660898,0.7191346645355224,0.012958929476555001,5
2500,subset_accuracy_drop,239,0.6500046133995057,0.0036423619970044306,0.718971586227417,0.012990032413158695,5
2500,subset_accuracy_drop,240,0.6499354362487793,0.0034860003259286707,0.7186819434165954,0.013146948773730432,5
2500,subset_accuracy_drop,241,0.6498622298240662,0.00358461446645228,0.7184513092041016,0.013105662148926629,5
2500,subset_accuracy_drop,242,0.6498416662216187,0.003676294566781733,0.7183239579200744,0.013091989621917927,5
2500,subset_accuracy_drop,243,0.6499319911003113,0.0036955529389420512,0.7183632731437684,0.013060428740626325,5
2500,subset_accuracy_drop,244,0.6499512195587158,0.0034809223878695425,0.7183438539505005,0.013085978673458107,5
2500,subset_accuracy_drop,245,0.6499188899993896,0.0035440817431559505,0.7184024691581726,0.013106021367978548,5
2500,subset_accuracy_drop,246,0.6498205423355102,0.0036606473778691495,0.718383514881134,0.013165302976722118,5
2500,subset_accuracy_drop,247,0.6499439358711243,0.0037629621705401197,0.718581223487854,0.013180859162098999,5
2500,subset_accuracy_drop,248,0.6499301671981812,0.0035500199110048754,0.718648636341095,0.013242468846036595,5
2500,subset_accuracy_drop,249,0.6498792171478271,0.0035674458907575214,0.7187713384628296,0.013210807856214287,5
2500,subset_accuracy_drop,250,0.6497999548912048,0.0036731585632036284,0.7188068628311157,0.013155148884724023,5
2500,subset_accuracy_drop,251,0.6498952150344849,0.0037300141483564784,0.7189095377922058,0.013052482434310841,5
2500,subset_accuracy_drop,252,0.6499493241310119,0.0035422354018278617,0.7189862370491028,0.013050490681588265,5
2500,subset_accuracy_drop,253,0.6498557686805725,0.0035055421480618787,0.7189467072486877,0.013139229170509114,5
2500,subset_accuracy_drop,254,0.6497362494468689,0.003651936692911007,0.7189120411872864,0.013097402119251703,5
2500,subset_accuracy_drop,255,0.6498529314994812,0.0036780836489629922,0.7189349293708801,0.01293639859591209,5
2500,subset_accuracy_drop,256,0.6498149394989013,0.0036193029623532644,0.7189103364944458,0.012906575111215712,5
2500,subset_accuracy_drop,257,0.6498418331146241,0.003611406916222802,0.7189706087112426,0.012943332231337087,5
2500,subset_accuracy_drop,258,0.6497667789459228,0.0036441172588470424,0.7187933444976806,0.012800527439497906,5
2500,subset_accuracy_drop,259,0.6498576998710632,0.0036181286168761395,0.7187158346176148,0.012814979546513333,5
2500,subset_accuracy_drop,260,0.6498129725456238,0.0036436810034623087,0.7186429738998413,0.012936654241446396,5
2500,subset_accuracy_drop,261,0.6498062252998352,0.0035954772728897565,0.7186957240104676,0.013108893460435157,5
2500,subset_accuracy_drop,262,0.6497860074043273,0.003615423696066003,0.7186574816703797,0.013177688251243548,5
2500,subset_accuracy_drop,263,0.6498008608818054,0.003651711273453531,0.718586266040802,0.013314173817227277,5
2500,subset_accuracy_drop,264,0.6498082756996155,0.0036130456075086676,0.7186133384704589,0.013430974757408719,5
2500,subset_accuracy_drop,265,0.6497457981109619,0.003628589155450947,0.7186323046684265,0.013376008021168818,5
2500,subset_accuracy_drop,266,0.6497708678245544,0.0036118331175238705,0.7186308622360229,0.013073499459207057,5
2500,subset_accuracy_drop,267,0.6497322916984558,0.0036682600938481133,0.7185102462768554,0.012951313974789993,5
2500,subset_accuracy_drop,268,0.6497727751731872,0.0036071511464455986,0.7185804605484009,0.01285412379784805,5
2500,subset_accuracy_drop,269,0.649802565574646,0.0035551980440085445,0.7186758637428283,0.012846371684749558,5
2500,subset_accuracy_drop,270,0.649767529964447,0.003613899881579704,0.7186993002891541,0.012828820769529875,5
2500,subset_accuracy_drop,271,0.6497031927108765,0.0037384395980967957,0.7187061905860901,0.01289373619403471,5
2500,subset_accuracy_drop,272,0.6496976256370545,0.003668649261614744,0.7186882257461548,0.012922880344491546,5
2500,subset_accuracy_drop,273,0.6498680830001831,0.003419344813775301,0.718783152103424,0.01286959295716597,5
2500,subset_accuracy_drop,274,0.649748933315277,0.0035518907699457814,0.718643319606781,0.012950321309869733,5
2500,subset_accuracy_drop,275,0.6497228860855102,0.0037748301539785646,0.7186506152153015,0.013109193380403186,5
2500,subset_accuracy_drop,276,0.6497267484664917,0.003702644778788542,0.7185482740402221,0.013201929471107302,5
2500,subset_accuracy_drop,277,0.6497475743293762,0.0036210883689640444,0.7185309767723084,0.01329502329516997,5
2500,subset_accuracy_drop,278,0.6496808290481567,0.003699456604769752,0.7184735417366028,0.01347289491363245,5
2500,subset_accuracy_drop,279,0.6497750997543335,0.003751605675241758,0.7185281634330749,0.013636865894688783,5
2500,subset_accuracy_drop,280,0.6497639656066895,0.00368516518238422,0.7185046315193176,0.01362422054816021,5
2500,subset_accuracy_drop,281,0.649737560749054,0.003632078946328347,0.7184386253356934,0.01352657572320754,5
2500,subset_accuracy_drop,282,0.6496706604957581,0.0037039687234326287,0.7183560490608215,0.01348853525481117,5
2500,subset_accuracy_drop,283,0.6497529149055481,0.0037688480705237184,0.718416941165924,0.013526553862783283,5
2500,subset_accuracy_drop,284,0.6497611999511719,0.0037227074817641798,0.7182550430297852,0.013297780513994575,5
2500,subset_accuracy_drop,285,0.649742317199707,0.003701741761143246,0.718156898021698,0.013102574603086054,5
2500,subset_accuracy_drop,286,0.6496877193450927,0.0036851755093128768,0.7181174159049988,0.012922945115451875,5
2500,subset_accuracy_drop,287,0.6497188687324524,0.0037120168240052623,0.7180949091911316,0.012743931390556913,5
2500,subset_accuracy_drop,288,0.6497720718383789,0.003638259375295229,0.7180223345756531,0.012553375088042497,5
2500,subset_accuracy_drop,289,0.6498634696006775,0.0035894751931011986,0.7180455803871155,0.012423624907303994,5
2500,subset_accuracy_drop,290,0.6496354460716247,0.0037180062914133473,0.7179205775260925,0.012684400659903264,5
2500,subset_accuracy_drop,291,0.6496879100799561,0.003719186187264214,0.7179317712783814,0.012871646214556722,5
2500,subset_accuracy_drop,292,0.6498342394828797,0.003577061945506253,0.7179558634757995,0.013092269611978983,5
2500,subset_accuracy_drop,293,0.6498302578926086,0.003588817683849506,0.718007493019104,0.013136044678325066,5
2500,subset_accuracy_drop,294,0.64964359998703,0.003777233904415666,0.7181314706802369,0.013428994025569156,5
2500,subset_accuracy_drop,295,0.6496709942817688,0.003720815849769805,0.7183885931968689,0.013426323752581135,5
2500,subset_accuracy_drop,296,0.6498931765556335,0.0036387439865031485,0.7186254739761353,0.013461001323817926,5
2500,subset_accuracy_drop,297,0.649776840209961,0.0036098049494255736,0.7185874223709107,0.01319824188395049,5
2500,subset_accuracy_drop,298,0.6497405767440796,0.003777451174963126,0.7187520384788513,0.013386212296871968,5
2500,subset_accuracy_drop,299,0.6496536731719971,0.0036641058434774576,0.7187544107437134,0.013224838432601775,5
2500,subset_accuracy_drop,300,0.6497588634490967,0.0036565105031578725,0.7187226057052613,0.013108385337802737,5
2500,subset_accuracy_drop,301,0.6497363567352294,0.0036148552444980183,0.7185369968414307,0.012783185677289876,5
2500,subset_accuracy_drop,302,0.6496785402297973,0.0037139284953761078,0.7184244394302368,0.012923832165202079,5
2500,subset_accuracy_drop,303,0.6496738076210022,0.0037316021337242063,0.7183424353599548,0.012914455503849322,5
2500,subset_accuracy_drop,304,0.6497712016105652,0.0036702482771028065,0.7182591557502747,0.012880766058560866,5
2500,subset_accuracy_drop,305,0.649756109714508,0.00369834311223395,0.7180471301078797,0.012716909509100241,5
2500,subset_accuracy_drop,306,0.6496682286262512,0.003685204752133038,0.7180093288421631,0.012734556934303741,5
2500,subset_accuracy_drop,307,0.6496891617774964,0.00380375081516032,0.7181481957435608,0.012784569017890296,5
2500,subset_accuracy_drop,308,0.6497213125228882,0.0036654046788343873,0.7181706428527832,0.012774544782124144,5
2500,subset_accuracy_drop,309,0.6497866988182068,0.0036246297958586813,0.7181926488876342,0.012767016312920126,5
2500,subset_accuracy_drop,310,0.6497460722923278,0.0037634085746857645,0.718207859992981,0.012839757296023503,5
2500,subset_accuracy_drop,311,0.6497164964675903,0.003936096463975709,0.718352484703064,0.012961484711865196,5
2500,subset_accuracy_drop,312,0.649717390537262,0.003775911396559891,0.7185786724090576,0.01310912300186982,5
2500,subset_accuracy_drop,313,0.6497396111488343,0.0036132212548363163,0.718529999256134,0.012969190006150433,5
2500,subset_accuracy_drop,314,0.6497490882873536,0.0036971429455479594,0.7185127019882203,0.012973643651033357,5
2500,subset_accuracy_drop,315,0.6497017502784729,0.0038549270350622432,0.7186001658439636,0.012962178314497445,5
2500,subset_accuracy_drop,316,0.6497400403022766,0.0037999625592610945,0.718776524066925,0.013120697944856813,5
2500,subset_accuracy_drop,317,0.6498274445533753,0.0034974211626266054,0.7186861276626587,0.012988358592167945,5
2500,subset_accuracy_drop,318,0.6497995734214783,0.0037548695254849018,0.7184439420700073,0.012899067458307496,5
2500,subset_accuracy_drop,319,0.6497267723083496,0.0036762909106095414,0.7182993769645691,0.012671061882343626,5
2500,subset_accuracy_drop,320,0.6497243762016296,0.003910248601754737,0.7182088971138001,0.012739111906805756,5
2500,subset_accuracy_drop,321,0.6498203754425049,0.0035093794857862853,0.7181129097938538,0.012792874099249953,5
2500,subset_accuracy_drop,322,0.6497938394546509,0.0036088259975755052,0.7178367376327515,0.012756018414570958,5
2500,subset_accuracy_drop,323,0.6496558904647827,0.003720665949568474,0.7175861477851868,0.01273835509337788,5
2500,subset_accuracy_drop,324,0.6496800780296326,0.003915334216046984,0.7176736950874328,0.012826167428079523,5
2500,subset_accuracy_drop,325,0.649722445011139,0.0036363554960626666,0.7179163336753845,0.012900803844501754,5
2500,subset_accuracy_drop,326,0.6497462391853333,0.003526461889755481,0.7181980729103088,0.012834703364832953,5
2500,subset_accuracy_drop,327,0.649612021446228,0.003680408923873365,0.7182860493659973,0.012813777494565661,5
2500,subset_accuracy_drop,328,0.6496593475341796,0.003839932462742469,0.7186591863632202,0.012888756732780813,5
2500,subset_accuracy_drop,329,0.6496276497840882,0.0037130807045209395,0.7188459753990173,0.012959864964503217,5
2500,subset_accuracy_drop,330,0.6498335838317871,0.003466311467295945,0.7190297365188598,0.012979809074653934,5
2500,subset_accuracy_drop,331,0.6495558023452759,0.0037155547853665876,0.7187626719474792,0.013073419063112634,5
2500,subset_accuracy_drop,332,0.6496639013290405,0.003804727972205535,0.7187658667564392,0.013109434453910284,5
2500,subset_accuracy_drop,333,0.6496754646301269,0.0037484387856680373,0.7186477422714234,0.013194202964299141,5
2500,subset_accuracy_drop,334,0.6497787117958069,0.003476148737827177,0.7186214089393616,0.013228547187976648,5
2500,subset_accuracy_drop,335,0.6496122360229493,0.003699274945177088,0.7183933854103088,0.013352092523967216,5
2500,subset_accuracy_drop,336,0.6495922923088073,0.0037181159144306915,0.7182583332061767,0.013355496993398788,5
2500,subset_accuracy_drop,337,0.649673855304718,0.003719240179160029,0.7182611107826233,0.013346601623008126,5
2500,subset_accuracy_drop,338,0.6496839046478271,0.0036555265208746243,0.718227219581604,0.013253165075641752,5
2500,subset_accuracy_drop,339,0.6496225833892822,0.0036423703739136486,0.718152391910553,0.013198368534254845,5
2500,subset_accuracy_drop,340,0.6495367407798767,0.003661709898870254,0.7180578589439393,0.013139205049079637,5
2500,subset_accuracy_drop,341,0.6496306538581849,0.00360228467063016,0.7181070208549499,0.01309476921646108,5
2500,subset_accuracy_drop,342,0.6496306300163269,0.003683764186762275,0.7181209325790405,0.01301576033858169,5
2500,subset_accuracy_drop,343,0.6496041893959046,0.0036883890642733165,0.718161404132843,0.013045850090498183,5
2500,subset_accuracy_drop,344,0.6495682954788208,0.0036664735859244027,0.7181466579437256,0.013001091072001383,5
2500,subset_accuracy_drop,345,0.649567973613739,0.0036194282009712354,0.7180137753486633,0.012920515377770392,5
2500,subset_accuracy_drop,346,0.6496182560920716,0.003674201324015196,0.7179683446884155,0.01285199455743774,5
2500,subset_accuracy_drop,347,0.6495903372764588,0.0036983560438788175,0.7179457902908325,0.012922400229763832,5
2500,subset_accuracy_drop,348,0.6495673179626464,0.0036817666832067173,0.7179804801940918,0.013003258971647443,5
2500,subset_accuracy_drop,349,0.6496010065078736,0.0036279511836148043,0.7179970741271973,0.013122917239006653,5
2500,subset_accuracy_drop,350,0.6495874524116516,0.003643295908799932,0.7179601192474365,0.013193896280850496,5
2500,subset_accuracy_drop,351,0.6495795130729676,0.0037230670050906185,0.7179767966270447,0.013288060382095363,5
2500,subset_accuracy_drop,352,0.6495425224304199,0.003691786991856378,0.718101978302002,0.013383864563420857,5
2500,subset_accuracy_drop,353,0.6495907306671143,0.003615178913759338,0.7182312369346618,0.01345902025777325,5
2500,subset_accuracy_drop,354,0.6495713591575623,0.0036714759949708813,0.7182337880134583,0.013376285388557972,5
2500,subset_accuracy_drop,355,0.6495478272438049,0.0037283584954460307,0.7182506799697876,0.013296628243436567,5
2500,subset_accuracy_drop,356,0.6495363116264343,0.0036601594825379277,0.718248987197876,0.013179236833907277,5
2500,subset_accuracy_drop,357,0.6496374607086182,0.003520034032493135,0.7182693600654602,0.013028102655673439,5
2500,subset_accuracy_drop,358,0.649581229686737,0.0036348960088983004,0.7181411981582642,0.012823061213816555,5
2500,subset_accuracy_drop,359,0.649590539932251,0.0037304422964983537,0.7180777549743652,0.012723326065782206,5
2500,subset_accuracy_drop,360,0.6495460391044616,0.0036799876596542097,0.7179944515228271,0.012634529908835691,5
2500,subset_accuracy_drop,361,0.6495696544647217,0.003664131647472538,0.7180293917655944,0.012640597073415222,5
2500,subset_accuracy_drop,362,0.6495735049247742,0.0037141626127966507,0.7180260419845581,0.012726958301124108,5
2500,subset_accuracy_drop,363,0.6495362281799316,0.0037029862023268178,0.7180282235145569,0.01281115574379967,5
2500,subset_accuracy_drop,364,0.6495424032211303,0.003654819275134091,0.7180544018745423,0.01282224553695659,5
2500,subset_accuracy_drop,365,0.6495123982429505,0.003673591371913655,0.7181390643119812,0.012899204574423088,5
2500,subset_accuracy_drop,366,0.6495332837104797,0.0036796452150370737,0.7183262825012207,0.012946361689502724,5
2500,subset_accuracy_drop,367,0.6495186567306519,0.003666118622036615,0.7184446215629577,0.012980268368765068,5
2500,subset_accuracy_drop,368,0.6495050430297852,0.0036841662407698654,0.718600869178772,0.01312732148855876,5
2500,subset_accuracy_drop,369,0.6495157599449157,0.0036651842455720112,0.7186701178550721,0.01329413073810289,5
2500,subset_accuracy_drop,370,0.6495852470397949,0.003578077851418207,0.7187326312065124,0.01346493745190012,5
2500,subset_accuracy_drop,371,0.6495731472969055,0.0036130835727330828,0.7186875581741333,0.01351790782692479,5
2500,subset_accuracy_drop,372,0.6495218396186828,0.0036477245733300802,0.718617844581604,0.013664183899449844,5
2500,subset_accuracy_drop,373,0.6494951128959656,0.003698612599163282,0.7185032844543457,0.013722599427989375,5
2500,subset_accuracy_drop,374,0.6495396614074707,0.0036027778024899635,0.7184134602546692,0.013747589548350023,5
2500,subset_accuracy_drop,375,0.6495915532112122,0.0035490639845892264,0.7183632612228393,0.013672929027778401,5
2500,subset_accuracy_drop,376,0.6495287656784058,0.003639537362076578,0.7182551026344299,0.013660051506993554,5
2500,subset_accuracy_drop,377,0.6494848847389221,0.003735458706933913,0.7181511759757996,0.013664689370128612,5
2500,subset_accuracy_drop,378,0.6495339393615722,0.003629313398389013,0.718131422996521,0.013520787133497424,5
2500,subset_accuracy_drop,379,0.6496175169944763,0.003546766063584494,0.7180970191955567,0.013475399419101393,5
2500,subset_accuracy_drop,380,0.6495360732078552,0.0036798547215019907,0.7179699301719665,0.013366399139646684,5
2500,subset_accuracy_drop,381,0.6495046138763427,0.0037726091720542312,0.7179129838943481,0.013305618813135854,5
2500,subset_accuracy_drop,382,0.6495715975761414,0.003712341841072069,0.7178874731063842,0.013219653235607077,5
2500,subset_accuracy_drop,383,0.6495285153388977,0.0036540773334418973,0.7178675770759583,0.01313905052269309,5
2500,subset_accuracy_drop,384,0.6495349407196045,0.003655912387871229,0.7179205894470215,0.013146928477606939,5
2500,subset_accuracy_drop,385,0.6494961619377136,0.0037340699732074903,0.7178500771522522,0.013193733686073615,5
2500,subset_accuracy_drop,386,0.6495307445526123,0.0037056814164390965,0.7178160071372985,0.013258787269415692,5
2500,subset_accuracy_drop,387,0.6494932651519776,0.003683268826258059,0.7178840875625611,0.01325833588878219,5
2500,subset_accuracy_drop,388,0.6494978785514831,0.003692793048413494,0.7180015087127686,0.0133126476896223,5
2500,subset_accuracy_drop,389,0.6495256543159484,0.00366046124963742,0.7179664850234986,0.013333764911186855,5
2500,subset_accuracy_drop,390,0.6495338916778565,0.003701548947063567,0.7178701400756836,0.013279810850367089,5
2500,subset_accuracy_drop,391,0.6494911432266235,0.003697460414718031,0.7178063869476319,0.013275240156522585,5
2500,subset_accuracy_drop,392,0.6494999885559082,0.003685091389980307,0.7178258776664734,0.013260977086135956,5
2500,subset_accuracy_drop,393,0.6495104908943177,0.003682545941295626,0.7178566336631775,0.013160583438837904,5
2500,subset_accuracy_drop,394,0.6495158672332764,0.0037195615586876414,0.7178750991821289,0.013100971551835955,5
2500,subset_accuracy_drop,395,0.6494927048683167,0.0037036895802504996,0.717909061908722,0.012978947967725243,5
2500,subset_accuracy_drop,396,0.6495415210723877,0.0036646524998965794,0.7179380297660828,0.012928591757082872,5
2500,subset_accuracy_drop,397,0.6495102643966675,0.0036820622083094806,0.7178236961364746,0.012876998457078334,5
2500,subset_accuracy_drop,398,0.6494800209999084,0.003725869337999893,0.7177269339561463,0.012914664186125704,5
2500,subset_accuracy_drop,399,0.6494612336158753,0.0037047156747247265,0.7176383376121521,0.012944476494116095,5
2500,subset_accuracy_drop,400,0.6494956135749816,0.0036610716847680757,0.7175961017608643,0.012979459145210166,5
2500,subset_accuracy_drop,401,0.6495252013206482,0.0036259009912028386,0.7176143050193786,0.01299670424600134,5
2500,subset_accuracy_drop,402,0.6494871258735657,0.0037305006226845514,0.717590069770813,0.013067319887214563,5
2500,subset_accuracy_drop,403,0.6494583487510681,0.00374363248977175,0.7175334095954895,0.013064986302939847,5
2500,subset_accuracy_drop,404,0.6494865655899048,0.0036996875739540584,0.7175886034965515,0.013107332255519924,5
2500,subset_accuracy_drop,405,0.649517822265625,0.003629031841601128,0.7177030920982361,0.0130932491227344,5
2500,subset_accuracy_drop,406,0.6494714379310608,0.0036674436148695718,0.7177248001098633,0.013034894382756344,5
2500,subset_accuracy_drop,407,0.6494699239730835,0.0037387022770176844,0.7177276015281677,0.01299421861003456,5
2500,subset_accuracy_drop,408,0.6494603991508484,0.0037085874533624302,0.7177503705024719,0.012976381116893865,5
2500,subset_accuracy_drop,409,0.649519968032837,0.003639313098165438,0.7177931427955627,0.013018076903853143,5
2500,subset_accuracy_drop,410,0.6495206117630005,0.0035979875279067747,0.7177605628967285,0.013060360507163669,5
2500,subset_accuracy_drop,411,0.6494627237319947,0.003677598408633145,0.7176759243011475,0.013251186105602783,5
2500,subset_accuracy_drop,412,0.6494574666023254,0.0036761675950647667,0.7175929546356201,0.013334781140715997,5
2500,subset_accuracy_drop,413,0.6495341897010803,0.0036146508239963742,0.7176719665527344,0.013423683275772945,5
2500,subset_accuracy_drop,414,0.6495603084564209,0.003603077999294221,0.7177142024040222,0.01338995694673162,5
2500,subset_accuracy_drop,415,0.6494862794876098,0.0036609763400587245,0.717632794380188,0.013275976388321363,5
2500,subset_accuracy_drop,416,0.6495095729827881,0.003713944132080334,0.7176474094390869,0.01306411735717812,5
2500,subset_accuracy_drop,417,0.6495532631874085,0.003665813896796941,0.717641043663025,0.012968703913091663,5
2500,subset_accuracy_drop,418,0.6495586395263672,0.003596744594747403,0.7176683187484741,0.01285048463566533,5
2500,subset_accuracy_drop,419,0.6494439601898193,0.003708659002456441,0.717592453956604,0.012738532669895474,5
2500,subset_accuracy_drop,420,0.649428927898407,0.003725965083663256,0.7174806356430053,0.012666157323982548,5
2500,subset_accuracy_drop,421,0.649574363231659,0.0035846312681951102,0.7174628496170044,0.012684779650198938,5
2500,subset_accuracy_drop,422,0.649509072303772,0.003634478852775119,0.7173465251922607,0.012762889035562741,5
2500,subset_accuracy_drop,423,0.6494522809982299,0.003696761023626946,0.7173480153083801,0.012886577135058613,5
2500,subset_accuracy_drop,424,0.649451744556427,0.0037064408177461317,0.7172709465026855,0.012898722364832815,5
2500,subset_accuracy_drop,425,0.6495706796646118,0.0035682297541975512,0.7173454403877259,0.012889396296072352,5
2500,subset_accuracy_drop,426,0.6494882345199585,0.003637105455600058,0.7173677206039428,0.012893683200909863,5
2500,subset_accuracy_drop,427,0.6494282484054565,0.00368934211843884,0.7173913717269897,0.012857796513865816,5
2500,subset_accuracy_drop,428,0.6494900584220886,0.0036981803775221517,0.7174009084701538,0.012800658807044814,5
2500,subset_accuracy_drop,429,0.6495875835418701,0.003528261482663234,0.7175138473510743,0.012740530765376547,5
2500,subset_accuracy_drop,430,0.6494656443595886,0.0036656055128149066,0.7175033211708068,0.012824486251033414,5
2500,subset_accuracy_drop,431,0.6494741201400757,0.0036814623923973177,0.7174962282180786,0.012925985681645904,5
2500,subset_accuracy_drop,432,0.6494747638702393,0.00368037333998737,0.7174034237861633,0.012946754816227599,5
2500,subset_accuracy_drop,433,0.6496043562889099,0.0035424418382381325,0.717411744594574,0.012858626332433534,5
2500,subset_accuracy_drop,434,0.6495216369628907,0.0036386763506862595,0.717322564125061,0.012809279473176475,5
2500,subset_accuracy_drop,435,0.6494399189949036,0.003713298575974451,0.7173181295394897,0.012804262028364313,5
2500,subset_accuracy_drop,436,0.649438989162445,0.003727674309937455,0.7173282623291015,0.01278959225828301,5
2500,subset_accuracy_drop,437,0.6495188355445862,0.0035801817286928083,0.7174077272415161,0.01278144811130235,5
2500,subset_accuracy_drop,438,0.6494896173477173,0.00364923257603113,0.7174596190452576,0.012864127774419467,5
2500,subset_accuracy_drop,439,0.6494218230247497,0.0037067942917217334,0.7176244378089904,0.013003042880325614,5
2500,subset_accuracy_drop,440,0.6494719982147217,0.003781622994193542,0.717933464050293,0.01314348910451615,5
2500,subset_accuracy_drop,441,0.6495280146598816,0.0035569957486704575,0.7180903077125549,0.013174131584461008,5
2500,subset_accuracy_drop,442,0.649499487876892,0.003597387382838813,0.7181086659431457,0.013150827904878907,5
2500,subset_accuracy_drop,443,0.6494058847427369,0.0037030961804738615,0.7180941343307495,0.013131823171107336,5
2500,subset_accuracy_drop,444,0.6495191812515259,0.0037999275742488237,0.7181484460830688,0.013134862965627126,5
2500,subset_accuracy_drop,445,0.6495428800582885,0.0035300294840822665,0.7180223822593689,0.01308535546304016,5
2500,subset_accuracy_drop,446,0.6495996832847595,0.0035584738324190767,0.7178965330123901,0.012948702972184766,5
2500,subset_accuracy_drop,447,0.6494560956954956,0.003722935744630898,0.717577588558197,0.013039606907537988,5
2500,subset_accuracy_drop,448,0.6495677590370178,0.003764829739333101,0.7174435257911682,0.013063987391674147,5
2500,subset_accuracy_drop,449,0.6496051788330078,0.0035659709482059624,0.7173447012901306,0.0132050638246813,5
2500,subset_accuracy_drop,450,0.649532699584961,0.0036244745064737717,0.7172566533088685,0.013308692149415373,5
2500,subset_accuracy_drop,451,0.6494368433952331,0.0037094127065862396,0.7171716332435608,0.013326447889929573,5
2500,subset_accuracy_drop,452,0.6494754314422607,0.0037051882332443825,0.7171383619308471,0.013356935729289856,5
2500,subset_accuracy_drop,453,0.6495444774627686,0.0035517432573652654,0.7171247720718383,0.013337871904789158,5
2500,subset_accuracy_drop,454,0.6494361519813537,0.003679819745661013,0.7170825242996216,0.013346752720218985,5
2500,subset_accuracy_drop,455,0.6494240403175354,0.003692728588940807,0.717182993888855,0.013375042314329505,5
2500,subset_accuracy_drop,456,0.6494810938835144,0.0036772114902407877,0.717317807674408,0.01341206949185152,5
2500,subset_accuracy_drop,457,0.6496586561203003,0.003398370900268977,0.7176077604293823,0.01333629738583001,5
2500,subset_accuracy_drop,458,0.6494202136993408,0.0037091875795968953,0.7175579309463501,0.013330842553665715,5
2500,subset_accuracy_drop,459,0.6494269013404846,0.0036956241503744804,0.7175899744033813,0.013312888059218084,5
2500,subset_accuracy_drop,460,0.6494764924049378,0.003724497964664474,0.7175754189491272,0.01348269853686206,5
2500,subset_accuracy_drop,461,0.6496118307113647,0.003482976274745647,0.7177271842956543,0.01351232834820127,5
2500,subset_accuracy_drop,462,0.6494258165359497,0.0037032691350356527,0.717625617980957,0.01354143011025583,5
2500,subset_accuracy_drop,463,0.6494246125221252,0.0036836053781073644,0.7176056981086731,0.013401917704520545,5
2500,subset_accuracy_drop,464,0.6494771242141724,0.003729238540503928,0.7176095843315125,0.013277125977398623,5
2500,subset_accuracy_drop,465,0.6495558857917786,0.0035706469430969896,0.7177065253257752,0.013191167975847982,5
2500,subset_accuracy_drop,466,0.649440062046051,0.003669160737037018,0.7175897717475891,0.013059572401481812,5
2500,subset_accuracy_drop,467,0.6494294285774231,0.00369125466476919,0.7174845457077026,0.012844438681713088,5
2500,subset_accuracy_drop,468,0.6494298696517944,0.0036936940913273424,0.7173799276351929,0.012722776292560727,5
2500,subset_accuracy_drop,469,0.6494891881942749,0.003611072230739169,0.7173783183097839,0.012812679650939693,5
2500,subset_accuracy_drop,470,0.6494566798210144,0.0036000322088222234,0.7172314405441285,0.012856546423273683,5
2500,subset_accuracy_drop,471,0.6494185328483582,0.0037109283853488276,0.7170780897140503,0.012955969080330865,5
2500,subset_accuracy_drop,472,0.6493937969207764,0.0037142747027318805,0.7170275092124939,0.013074284081811778,5
2500,subset_accuracy_drop,473,0.6494600534439087,0.003636056399183748,0.717066740989685,0.01322772423640152,5
2500,subset_accuracy_drop,474,0.6495252013206482,0.0036117454554948566,0.7170921564102173,0.01329230120771768,5
2500,subset_accuracy_drop,475,0.6494380831718445,0.003688016597852924,0.7170967578887939,0.013458485281025221,5
2500,subset_accuracy_drop,476,0.6493976473808288,0.003692731245252704,0.7172504544258118,0.013469261653045428,5
2500,subset_accuracy_drop,477,0.6494719743728637,0.003727527913797686,0.7174295425415039,0.013607724339935286,5
2500,subset_accuracy_drop,478,0.6495516061782837,0.003583832693838055,0.717423677444458,0.01336971810210272,5
2500,subset_accuracy_drop,479,0.6496008634567261,0.003761808487948184,0.7174920678138733,0.013424934166384003,5
2500,subset_accuracy_drop,480,0.6494054913520813,0.0037224030252585565,0.7173471331596375,0.013079376836757512,5
2500,subset_accuracy_drop,481,0.6494813561439514,0.0037120315337902774,0.7174154996871949,0.013020230610103429,5
2500,subset_accuracy_drop,482,0.6494994759559631,0.0036996041231401955,0.7173243641853333,0.012791438586120417,5
2500,subset_accuracy_drop,483,0.6494745492935181,0.003645733927112216,0.7172429680824279,0.012662748119677276,5
2500,subset_accuracy_drop,484,0.6494169473648072,0.00370541108040182,0.7172283172607422,0.012520427372514843,5
2500,subset_accuracy_drop,485,0.6494513511657715,0.003704299710550103,0.7172397613525391,0.012606536856720946,5
2500,subset_accuracy_drop,486,0.6494622111320496,0.0037305019504876103,0.7172248244285584,0.012682580343945095,5
2500,subset_accuracy_drop,487,0.6494280695915222,0.003722123920653542,0.7171373009681702,0.012722147360424122,5
2500,subset_accuracy_drop,488,0.6494207382202148,0.003694636034486861,0.7171573638916016,0.012739654043329943,5
2500,subset_accuracy_drop,489,0.649421489238739,0.0036789461937372053,0.7171494007110596,0.012818960319639255,5
2500,subset_accuracy_drop,490,0.6494063615798951,0.0037348870874959767,0.7171862483024597,0.01289066461778465,5
2500,subset_accuracy_drop,491,0.6494877099990845,0.003736354750890789,0.7171830415725708,0.012888497086973498,5
2500,subset_accuracy_drop,492,0.6494232892990113,0.0036455056692266128,0.717214560508728,0.012958293312004649,5
2500,subset_accuracy_drop,493,0.6494284033775329,0.003667605931860619,0.7173145771026611,0.013110333069869728,5
2500,subset_accuracy_drop,494,0.6494071125984192,0.0036878248234378207,0.7172610521316528,0.013122143513607552,5
2500,subset_accuracy_drop,495,0.6494291543960571,0.0037053402053881957,0.7172068238258362,0.013119235418519393,5
2500,subset_accuracy_drop,496,0.6495022654533387,0.00363127609791494,0.717143440246582,0.013018570222237302,5
2500,subset_accuracy_drop,497,0.6494345188140869,0.0036445666071282285,0.7170580387115478,0.012975301835276204,5
2500,subset_accuracy_drop,498,0.6494323015213013,0.0036506997514640562,0.7170573830604553,0.012940156994803753,5
2500,subset_accuracy_drop,499,0.649381136894226,0.0036980492500475926,0.7170431733131408,0.01299425212462213,5
2500,subset_accuracy_drop,500,0.6494353652000427,0.003665921343857727,0.7170958518981934,0.013107320198020394,5
2500,subset_accuracy_drop,501,0.6495242595672608,0.0035847793895843754,0.7172397494316101,0.01322226834978933,5
2500,subset_accuracy_drop,502,0.6494410991668701,0.003672475998881387,0.7172961235046387,0.013357519828772991,5
2500,subset_accuracy_drop,503,0.6494286060333252,0.0037224124447404906,0.7173483729362488,0.013383811077005427,5
2500,subset_accuracy_drop,504,0.6494586586952209,0.003663382329296223,0.7173341512680054,0.013491753897096618,5
2500,subset_accuracy_drop,505,0.6495437979698181,0.0035775879764478966,0.7173540830612183,0.013501693587024825,5
2500,subset_accuracy_drop,506,0.6494008779525757,0.003713149440606865,0.7172271370887756,0.013501746727205615,5
2500,subset_accuracy_drop,507,0.6494231462478638,0.0037419556159803066,0.7171244859695435,0.013372885781417812,5
2500,subset_accuracy_drop,508,0.6494218230247497,0.003719399961531039,0.7169365763664246,0.013283971635940554,5
2500,subset_accuracy_drop,509,0.6495463490486145,0.0035469517816417986,0.7169405221939087,0.013157408540509664,5
2500,subset_accuracy_drop,510,0.6494035482406616,0.0036919660190100033,0.716921079158783,0.013181817465764432,5
2500,subset_accuracy_drop,511,0.6494043469429016,0.0037156492982935844,0.7170554041862488,0.013078024152708511,5
2500,subset_accuracy_drop,512,0.6494400382041932,0.0037694572062641116,0.7171010732650757,0.013153726463915138,5
2500,subset_accuracy_drop,513,0.6494452118873596,0.0036063810042448515,0.717194664478302,0.013217233367820038,5
2500,subset_accuracy_drop,514,0.6494874119758606,0.0036385849115520047,0.717420756816864,0.013477522146894762,5
2500,subset_accuracy_drop,515,0.6493685007095337,0.0037417597599683824,0.7173762083053589,0.0134291831280301,5
2500,subset_accuracy_drop,516,0.6494396209716797,0.0037748510055239898,0.7173403620719909,0.013472576848351684,5
2500,subset_accuracy_drop,517,0.6494388580322266,0.0036574893488031416,0.7172150850296021,0.013419358992762214,5
2500,subset_accuracy_drop,518,0.6494827270507812,0.0036357009914769296,0.7172407984733582,0.013414934487035372,5
2500,subset_accuracy_drop,519,0.6493735790252686,0.0037456260852096524,0.7170469284057617,0.013323999919425792,5
5000,endpoint,1,1.211411428451538,0.01717535578184176,1.211518406867981,0.01800161100419185,5
5000,endpoint,2,1.2117664098739624,0.017326848964513454,1.212397074699402,0.018041548119751855,5
5000,endpoint,3,1.2127079248428345,0.017652372846801635,1.2139343738555908,0.01823042186725091,5
5000,endpoint,4,1.2144427061080934,0.01821952311703112,1.2164620637893677,0.018655342447815762,5
5000,endpoint,5,1.2173206567764283,0.01916694508016351,1.2204676628112794,0.019375070413788564,5
5000,endpoint,6,1.2214372634887696,0.02057345915761318,1.2261959552764892,0.02046153978731607,5
5000,endpoint,7,1.225675630569458,0.022256963039413158,1.2326613187789917,0.021810392098446835,5
5000,endpoint,8,1.2270848989486693,0.023507638553239976,1.2368170738220214,0.02286792537625657,5
5000,endpoint,9,1.2240654468536376,0.023826370185725962,1.2368418216705321,0.023130008583882037,5
5000,endpoint,10,1.2174010038375855,0.023512866122335836,1.2333677291870118,0.022809731972971908,5
5000,endpoint,11,1.2087912559509277,0.023062794182256457,1.2280166149139404,0.02236451899411368,5
5000,endpoint,12,1.19956214427948,0.022720061118408533,1.2221930027008057,0.022005765977593208,5
5000,endpoint,13,1.1902728796005249,0.0225995291310363,1.216579556465149,0.021756247236162558,5
5000,endpoint,14,1.1809613227844238,0.022769049701079007,1.2113929271697998,0.02166846832018823,5
5000,endpoint,15,1.1714622497558593,0.02324803181348246,1.2066420555114745,0.021739773485377322,5
5000,endpoint,16,1.1616088628768921,0.024048528770822804,1.2023059368133544,0.021944265296928483,5
5000,endpoint,17,1.1513010263442993,0.025230796864008892,1.1983491420745849,0.022390244192795266,5
5000,endpoint,18,1.1405438661575318,0.0268287099465054,1.194771695137024,0.023153124509094375,5
5000,endpoint,19,1.1293949127197265,0.028897673366203528,1.1915286540985108,0.024322153207478412,5
5000,endpoint,20,1.1177676916122437,0.03135259959616401,1.1883424758911132,0.025755962508517957,5
5000,endpoint,21,1.1053589582443237,0.034003141016098457,1.1845251798629761,0.027380674137961414,5
5000,endpoint,22,1.0919290781021118,0.03640500249529465,1.1796330451965331,0.028632472141282873,5
5000,endpoint,23,1.0774508953094482,0.038385104810585706,1.1733845233917237,0.02912717721682477,5
5000,endpoint,24,1.0622695326805114,0.04012871005620758,1.1664047718048096,0.028465406490799885,5
5000,endpoint,25,1.0466067433357238,0.042221931969531896,1.158942985534668,0.02699830430540516,5
5000,endpoint,26,1.0307592034339905,0.04530390657393507,1.1514968633651734,0.02570999934470682,5
5000,endpoint,27,1.0147902846336365,0.04961824178948712,1.1445247173309325,0.02526283638846423,5
5000,endpoint,28,0.9985578298568726,0.05492493696522369,1.1384655475616454,0.02525708674061176,5
5000,endpoint,29,0.9815284729003906,0.0616294801434076,1.1325663566589355,0.02719485840057298,5
5000,endpoint,30,0.9638640403747558,0.0685931222178612,1.1276865482330323,0.02888832896690275,5
5000,endpoint,31,0.9457032442092895,0.07464966044509665,1.1238867044448853,0.028930111620473,5
5000,endpoint,32,0.925907838344574,0.08049848218675754,1.1187603712081908,0.028508770592958962,5
5000,endpoint,33,0.9039674639701843,0.08561582624833121,1.1116724252700805,0.027651710526080283,5
5000,endpoint,34,0.881780457496643,0.08574553540397147,1.104854989051819,0.024908592837256518,5
5000,endpoint,35,0.8575823545455933,0.0857385083599321,1.0974040985107423,0.02441499407727138,5
5000,endpoint,36,0.8320762515068054,0.08634998873826431,1.090986728668213,0.02602725342278852,5
5000,endpoint,37,0.8128702640533447,0.07575804929157758,1.0888888359069824,0.029900141268757452,5
5000,endpoint,38,0.7889985203742981,0.07480839364091711,1.085760498046875,0.034886512026014636,5
5000,endpoint,39,0.7604962229728699,0.07562027087480501,1.0813970565795898,0.03570486598042721,5
5000,endpoint,40,0.737149429321289,0.06622871190063588,1.079127049446106,0.03913159759190143,5
5000,endpoint,41,0.7208253026008606,0.055332694396817955,1.0809312820434571,0.04205007160049306,5
5000,endpoint,42,0.7022466778755188,0.05394318765247355,1.0813769817352294,0.04644477322121686,5
5000,endpoint,43,0.6814505815505981,0.050617295986350425,1.0806684494018555,0.047769002088534775,5
5000,endpoint,44,0.665170431137085,0.047336998884144936,1.0817919015884399,0.04958913109131581,5
5000,endpoint,45,0.6577590823173523,0.03923819526492424,1.0819623708724975,0.05192306586770458,5
5000,endpoint,46,0.6526559948921203,0.04059318068733581,1.0818415880203247,0.05372794789701984,5
5000,endpoint,47,0.6376164317131042,0.038573468168324535,1.0778459548950194,0.054336030747699056,5
5000,endpoint,48,0.6280649781227112,0.03900844701382244,1.0764014005661011,0.05557415247428273,5
5000,endpoint,49,0.62386155128479,0.03523534341685272,1.0746319770812989,0.05807410658044072,5
5000,endpoint,50,0.6190810918807983,0.04004672683174104,1.0732637166976928,0.060425234217742006,5
5000,endpoint,51,0.6043819904327392,0.04315886476997877,1.0714004278182983,0.0620696632077766,5
5000,endpoint,52,0.5938854813575745,0.04411998679444133,1.0706772327423095,0.06258327656076683,5
5000,endpoint,53,0.5902390360832215,0.04637642328385015,1.0719014883041382,0.06315918694236786,5
5000,endpoint,54,0.5826637268066406,0.04389127250631192,1.0728384494781493,0.06363851367366384,5
5000,endpoint,55,0.5712902963161468,0.04560417739825023,1.0730391263961792,0.06252904661474534,5
5000,endpoint,56,0.557766604423523,0.047630832876643804,1.07275447845459,0.06204333194406795,5
5000,endpoint,57,0.549809855222702,0.04789636854279808,1.07508385181427,0.06248286220567465,5
5000,endpoint,58,0.5429300248622895,0.04490597160001629,1.0762253046035766,0.061214823657076034,5
5000,endpoint,59,0.5347723424434662,0.044384543893858555,1.0780796527862548,0.06117276659997256,5
5000,endpoint,60,0.5191523253917694,0.04093535466826021,1.079102373123169,0.06281160086841314,5
5000,endpoint,61,0.5109289288520813,0.040328864563122506,1.0832951068878174,0.06267408375769286,5
5000,endpoint,62,0.5101635873317718,0.043267392009200135,1.0881174087524415,0.06077567037273464,5
5000,endpoint,63,0.5037163436412812,0.04415523293954183,1.0920557737350465,0.06235235557439208,5
5000,endpoint,64,0.4892843782901764,0.03583999873904151,1.0928385496139525,0.06443660133727973,5
5000,endpoint,65,0.4812981069087982,0.038291078276523956,1.0962364196777343,0.06755265819144672,5
5000,endpoint,66,0.4781531035900116,0.042187660802535235,1.0978944063186646,0.06633140864551511,5
5000,endpoint,67,0.47083614468574525,0.042188533441530035,1.10000159740448,0.06515075306939513,5
5000,endpoint,68,0.46037213802337645,0.03854506528239848,1.1025680541992187,0.06647037771138987,5
5000,endpoint,69,0.455312979221344,0.03850198693289675,1.105470061302185,0.06712547737762907,5
5000,endpoint,70,0.45199023485183715,0.041912388966987076,1.1075783014297484,0.06698928595632316,5
5000,endpoint,71,0.4459323763847351,0.045300262319850855,1.1095377683639527,0.06573513060328594,5
5000,endpoint,72,0.4372805833816528,0.03903704629274948,1.1131104230880737,0.06320522286335331,5
5000,endpoint,73,0.43144741654396057,0.03788815386008803,1.1191448450088501,0.06293284357926454,5
5000,endpoint,74,0.42618582844734193,0.04330136063748121,1.1223956823349,0.06199331683722991,5
5000,endpoint,75,0.4211478531360626,0.044485258073727364,1.1236552715301513,0.059697971837249654,5
5000,endpoint,76,0.41358170509338377,0.03603588222071958,1.1249603033065796,0.055561198462876195,5
5000,endpoint,77,0.4058530867099762,0.03535550894719288,1.1278002738952637,0.05863881842941279,5
5000,endpoint,78,0.40342063307762144,0.03844955951940879,1.1311887979507447,0.056979062488047995,5
5000,endpoint,79,0.4026380777359009,0.03953298644428669,1.133333945274353,0.059632206798317454,5
5000,endpoint,80,0.3984115540981293,0.03463798751380723,1.135113000869751,0.05971544753333963,5
5000,endpoint,81,0.3910326838493347,0.03471114628885042,1.1369216203689576,0.06146738519403414,5
5000,endpoint,82,0.389914208650589,0.03473939517951353,1.1433491706848145,0.0639189517816542,5
5000,endpoint,83,0.3847554802894592,0.035209710771488524,1.147290253639221,0.06970456564095405,5
5000,endpoint,84,0.3761371910572052,0.03559585140866665,1.1468600273132323,0.06859638973445112,5
5000,endpoint,85,0.3773327052593231,0.03765168400177179,1.152542781829834,0.06301384145375347,5
5000,endpoint,86,0.36976622343063353,0.036390492462987555,1.1551909685134887,0.06705604253156573,5
5000,endpoint,87,0.3619517385959625,0.034289638671150764,1.1609095335006714,0.07139597409197766,5
5000,endpoint,88,0.35741835832595825,0.03343070900027889,1.1638389587402345,0.06864052452970555,5
5000,endpoint,89,0.35925535559654237,0.03480405151856105,1.1668072462081909,0.06173220010572574,5
5000,endpoint,90,0.35698445439338683,0.035760074400548285,1.1679147481918335,0.06475574134514302,5
5000,endpoint,91,0.35091713070869446,0.035793529543525035,1.1690489768981933,0.06871722745071594,5
5000,endpoint,92,0.3505028963088989,0.030970187920881655,1.172485065460205,0.0698258125824572,5
5000,endpoint,93,0.35314149260520933,0.03180553585541041,1.1741646528244019,0.0649095416729125,5
5000,endpoint,94,0.34874542951583865,0.035260140272668924,1.172952151298523,0.07193256363499748,5
5000,endpoint,95,0.34416345357894895,0.0355787368087679,1.1745932817459106,0.07602243256239605,5
5000,endpoint,96,0.3419598400592804,0.030269478906022707,1.1772614002227784,0.07794778492899468,5
5000,endpoint,97,0.3426515519618988,0.02348357699073079,1.1850523233413697,0.0730490421482798,5
5000,endpoint,98,0.33623374104499815,0.026648140813381,1.1869749307632447,0.07350151521734717,5
5000,endpoint,99,0.3299716353416443,0.029511565617805494,1.1886126756668092,0.07740038534127656,5
5000,endpoint,100,0.32758855223655703,0.03380800679479144,1.1924759149551392,0.07892404046397941,5
5000,endpoint,101,0.32654050588607786,0.03147761429889176,1.194991946220398,0.07792790816457915,5
5000,endpoint,102,0.3261037886142731,0.02922970428075725,1.200185227394104,0.07443100046142369,5
5000,endpoint,103,0.3250498056411743,0.029681632512494813,1.20314621925354,0.07290566681473093,5
5000,endpoint,104,0.3237983822822571,0.033385673587552206,1.2044670581817627,0.07598981469652039,5
5000,endpoint,105,0.3229950964450836,0.03308436896758608,1.2063960790634156,0.07479361147240103,5
5000,endpoint,106,0.3212155520915985,0.032171280308206845,1.2064115285873414,0.07504324508620487,5
5000,endpoint,107,0.3204813599586487,0.027964125677206925,1.2106563568115234,0.07329463112665226,5
5000,endpoint,108,0.3205587208271027,0.0257918730732239,1.215734076499939,0.07114434640681465,5
5000,endpoint,109,0.31860496401786803,0.023332613396456585,1.2176207780838013,0.074354469449529,5
5000,endpoint,110,0.31572780609130857,0.027350964465699387,1.2173537969589234,0.07608228270471121,5
5000,endpoint,111,0.3144200563430786,0.02957465971877717,1.2207595348358153,0.07702206063864671,5
5000,endpoint,112,0.31289029121398926,0.026735360003750396,1.2248263835906983,0.0749171795480143,5
5000,endpoint,113,0.31233426332473757,0.024202311218216487,1.2287517547607423,0.07413878282858347,5
5000,endpoint,114,0.3092637538909912,0.0274196705564374,1.2297473192214965,0.077397619512063,5
5000,endpoint,115,0.30673709511756897,0.03276952043803291,1.2299385070800781,0.08078619432659828,5
5000,endpoint,116,0.3075645208358765,0.03375761545909084,1.2329447269439697,0.08266389228176484,5
5000,endpoint,117,0.30792853236198425,0.030755487921164733,1.2373444318771363,0.08444041269424697,5
5000,endpoint,118,0.30701540112495423,0.027102634613043148,1.2412735223770142,0.08387111266933063,5
5000,endpoint,119,0.30380709171295167,0.026075219494089984,1.240936017036438,0.08336980446256059,5
5000,endpoint,120,0.301696652173996,0.02682686450451458,1.240975522994995,0.08366029962820115,5
5000,endpoint,121,0.3019263744354248,0.02703716091485103,1.2411449432373047,0.08172075169270018,5
5000,endpoint,122,0.30502655506134035,0.027762891149956316,1.247052788734436,0.08275431820878289,5
5000,endpoint,123,0.306361722946167,0.028484774844278853,1.2495195388793945,0.07953720408029485,5
5000,endpoint,124,0.30434134006500246,0.03021444486307397,1.24836003780365,0.07692713811980159,5
5000,endpoint,125,0.3007201611995697,0.029669998056618966,1.248184037208557,0.07880416556898037,5
5000,endpoint,126,0.29794046878814695,0.027847482420501377,1.2471152782440185,0.07955070918978867,5
5000,endpoint,127,0.29927828907966614,0.026567190203075193,1.251016116142273,0.08099464072386503,5
5000,endpoint,128,0.3027841329574585,0.026675283514142365,1.2579793214797974,0.08286228749599187,5
5000,endpoint,129,0.3010176420211792,0.025206243332341127,1.2602290630340576,0.08021923107233192,5
5000,endpoint,130,0.29761411547660827,0.025791013350720846,1.2615756273269654,0.07909310521899748,5
5000,endpoint,131,0.29297761917114257,0.02897720335119205,1.2619471549987793,0.08223279618918035,5
5000,endpoint,132,0.2910167217254639,0.028342743869005187,1.2599694013595581,0.0814774989273777,5
5000,endpoint,133,0.29324817657470703,0.02624404920945168,1.2604330778121948,0.08090886332141786,5
5000,endpoint,134,0.2974364757537842,0.027068681766841175,1.2621692895889283,0.08120442373769317,5
5000,endpoint,135,0.29816739559173583,0.02944010037077935,1.2605101585388183,0.08091721281283945,5
5000,endpoint,136,0.29655986428260805,0.030094397006275524,1.2589123010635377,0.07931043606766348,5
5000,endpoint,137,0.29552242159843445,0.027992529791201513,1.2598883867263795,0.07899754796476093,5
5000,endpoint,138,0.29449825286865233,0.02495353654357567,1.2597883462905883,0.07713582255424596,5
5000,endpoint,139,0.293588787317276,0.02555250732764721,1.25889310836792,0.07545340880673522,5
5000,endpoint,140,0.2934460699558258,0.027021482826929316,1.2619736433029174,0.0762274659127267,5
5000,endpoint,141,0.2931739568710327,0.028298952038763127,1.2646188974380492,0.07950318187600726,5
5000,endpoint,142,0.2927848696708679,0.03060689981560066,1.2652361154556275,0.08208203388784431,5
5000,endpoint,143,0.29207063317298887,0.031079833289072135,1.265075445175171,0.0834761448350556,5
5000,endpoint,144,0.29223957657814026,0.028810798787080358,1.265115213394165,0.08351449943030559,5
5000,endpoint,145,0.29393518567085264,0.026712852359293028,1.2694422960281373,0.08384300274985257,5
5000,endpoint,146,0.2929915726184845,0.025460669940607566,1.2727329969406127,0.0861440456891812,5
5000,endpoint,147,0.28899677395820617,0.025542939570836573,1.2711071968078613,0.0859237061575709,5
5000,endpoint,148,0.2867316037416458,0.028038063958917343,1.270070195198059,0.08501361966182723,5
5000,endpoint,149,0.2883181840181351,0.030589056934118064,1.271653985977173,0.08484970386786966,5
5000,endpoint,150,0.29203389286994935,0.030689099294670154,1.272593879699707,0.0825913435741186,5
5000,endpoint,151,0.29507274031639097,0.027112982500597255,1.2725395917892457,0.07839829190707945,5
5000,endpoint,152,0.2952001988887787,0.025591354571980713,1.27369167804718,0.07771528235313226,5
5000,endpoint,153,0.29199151396751405,0.027213358878107947,1.2758195400238037,0.0780904573097991,5
5000,endpoint,154,0.2874369204044342,0.02782850371021106,1.2766708135604858,0.07524628395088753,5
5000,endpoint,155,0.28626179695129395,0.027628872384973125,1.2788390159606933,0.07441327282319574,5
5000,endpoint,156,0.28749250173568724,0.02528527458508878,1.2800813436508178,0.0725069925466403,5
5000,endpoint,157,0.2895798861980438,0.024577427403850695,1.2825057983398438,0.07361415316935563,5
5000,endpoint,158,0.2898199141025543,0.028411212095066536,1.2808067560195924,0.07765644645267811,5
5000,endpoint,159,0.2899891197681427,0.031506604408785104,1.2788373947143554,0.0780257286226472,5
5000,endpoint,160,0.2905714988708496,0.032662215439764525,1.279598093032837,0.07645389475139823,5
5000,endpoint,161,0.29044389128685,0.030288847899174687,1.2787432193756103,0.07455989684961187,5
5000,endpoint,162,0.28890079259872437,0.026341922465274708,1.2777947902679443,0.07484096954441198,5
5000,endpoint,163,0.2876345217227936,0.02295700469297921,1.2766230583190918,0.07527512565682533,5
5000,endpoint,164,0.2873739659786224,0.02394594847809935,1.2778169155120849,0.07905628609719541,5
5000,endpoint,165,0.2880843937397003,0.02736364093178313,1.2816104173660279,0.08114098164101688,5
5000,endpoint,166,0.2880546271800995,0.028464206079986693,1.2805625438690185,0.07681389913101186,5
5000,endpoint,167,0.28712601959705353,0.030679293130017528,1.2784691095352172,0.07504839598026883,5
5000,endpoint,168,0.2863146007061005,0.03241987059082214,1.2767253160476684,0.07568739681403613,5
5000,endpoint,169,0.28594604730606077,0.030794011658308456,1.2749607563018799,0.07581158555109861,5
5000,endpoint,170,0.2873345255851746,0.027293511778235954,1.275516653060913,0.07503574427329511,5
5000,endpoint,171,0.28909655213356017,0.025507505745235772,1.2781354188919067,0.07645723767090196,5
5000,endpoint,172,0.2911053240299225,0.025522637357868992,1.2831551551818847,0.07754708422303346,5
5000,endpoint,173,0.2902211546897888,0.02652419559469819,1.285026741027832,0.07780421336811762,5
5000,endpoint,174,0.28630170226097107,0.02776241114579718,1.2824278116226195,0.07705030502057338,5
5000,endpoint,175,0.28354874551296233,0.029165611350060832,1.2806501150131226,0.07610367436191226,5
5000,endpoint,176,0.28371762931346894,0.029691735845689654,1.2807354211807251,0.07617270723788992,5
5000,endpoint,177,0.2865779459476471,0.029066325763372234,1.2819858551025392,0.07586390551317013,5
5000,endpoint,178,0.28891641497612,0.027145381367495346,1.2826202869415284,0.07467719296471945,5
5000,endpoint,179,0.28866891860961913,0.027122620389190867,1.2819225549697877,0.07616736994154868,5
5000,endpoint,180,0.28704153895378115,0.028329383360086897,1.282559871673584,0.07879730822043837,5
5000,endpoint,181,0.2858236849308014,0.028407676094690318,1.2827779293060302,0.081126399297585,5
5000,endpoint,182,0.2856877237558365,0.027032968716045557,1.2830048084259034,0.08063852556627356,5
5000,endpoint,183,0.2857385158538818,0.026631903078009243,1.2829379558563232,0.07926836430742085,5
5000,endpoint,184,0.28614987134933473,0.028511947690769524,1.2847693681716919,0.07906167701583006,5
5000,endpoint,185,0.2862241119146347,0.029272071036654048,1.2854382276535035,0.07885758543910543,5
5000,endpoint,186,0.28692076802253724,0.029605882303866855,1.2885839700698853,0.08001210734041542,5
5000,endpoint,187,0.2874993830919266,0.029161051640021116,1.2895410776138305,0.08105904054860251,5
5000,endpoint,188,0.286796036362648,0.028085122590587052,1.2890750646591187,0.08020727547343541,5
5000,endpoint,189,0.2854153782129288,0.026708678851930897,1.2882245063781739,0.07885854033121933,5
5000,endpoint,190,0.2840773433446884,0.026158405308974193,1.2860578060150147,0.07704660139686259,5
5000,endpoint,191,0.28386167287826536,0.026915214745093126,1.2832873821258546,0.07683313208568564,5
5000,endpoint,192,0.2858733147382736,0.02808263796267292,1.2831658601760865,0.0767008671702599,5
5000,endpoint,193,0.28857108354568484,0.029228297229969308,1.2853890657424927,0.07794247886801864,5
5000,endpoint,194,0.28980947136878965,0.028569855599550813,1.2877068042755127,0.07782145674630385,5
5000,endpoint,195,0.28784501552581787,0.027119714597742928,1.2890245914459229,0.0762703509451477,5
5000,endpoint,196,0.2835056960582733,0.02757036628448427,1.2874347686767578,0.07603264479431728,5
5000,endpoint,197,0.28008014261722564,0.028456777763313495,1.2851622819900512,0.07662660232300415,5
5000,endpoint,198,0.280449315905571,0.029486735879002367,1.2827023267745972,0.07634584971921125,5
5000,endpoint,199,0.2854310214519501,0.02980424545805003,1.2821542501449585,0.07514491634972527,5
5000,endpoint,200,0.29125204086303713,0.029077679296263505,1.283913516998291,0.07396152962766729,5
5000,endpoint,201,0.29334943890571596,0.02740551818038992,1.2865087270736695,0.07268097837244915,5
5000,endpoint,202,0.2891308546066284,0.02639001043596963,1.2866218566894532,0.07324543310892355,5
5000,endpoint,203,0.2823988229036331,0.027642013608529116,1.286292314529419,0.07568324284021875,5
5000,endpoint,204,0.2777680456638336,0.027520368433690254,1.2845399141311646,0.0755116838683647,5
5000,endpoint,205,0.2785004317760468,0.0273265748429914,1.28300998210907,0.07423198410424077,5
5000,endpoint,206,0.2831848353147507,0.02793786197124942,1.2819859981536865,0.07369248814522088,5
5000,endpoint,207,0.2889767557382584,0.030013102569806053,1.2829737901687621,0.07420775800849126,5
5000,endpoint,208,0.2920355796813965,0.03125674031931742,1.2844796657562256,0.07405077357411605,5
5000,endpoint,209,0.29042811393737794,0.030452890553278544,1.2858999729156495,0.07435957435279798,5
5000,endpoint,210,0.28578253984451296,0.027660085682242527,1.2883814096450805,0.07457443399264284,5
5000,endpoint,211,0.2806162178516388,0.02572510796593907,1.289417600631714,0.07438277076812035,5
5000,endpoint,212,0.27812775373458865,0.025575702952036195,1.2884385347366334,0.07273487941406236,5
5000,endpoint,213,0.2800049692392349,0.02719133299567696,1.287622618675232,0.07280463138366336,5
5000,endpoint,214,0.28503248989582064,0.029753666697991992,1.289409589767456,0.07349611527155571,5
5000,endpoint,215,0.2891662776470184,0.031385768305664814,1.289795422554016,0.07272487156003056,5
5000,endpoint,216,0.2895931422710419,0.030746156505359033,1.2901014804840087,0.07119567674619053,5
5000,endpoint,217,0.28689518868923186,0.028589431369023185,1.2913347005844116,0.07047339298284083,5
5000,endpoint,218,0.28259170353412627,0.026303681090074155,1.2919008016586304,0.0706796953855335,5
5000,endpoint,219,0.2795461148023605,0.025388609993068956,1.290532898902893,0.06966168555051341,5
5000,endpoint,220,0.2802192211151123,0.027247219734307403,1.290959119796753,0.06952155385691514,5
5000,endpoint,221,0.28377801179885864,0.02956495452928343,1.2923863887786866,0.07089304446820453,5
5000,endpoint,222,0.28750487267971037,0.030290600263922513,1.2936211824417114,0.07094731496294193,5
5000,endpoint,223,0.2878094673156738,0.029967333174649554,1.291122841835022,0.07014647651101437,5
5000,endpoint,224,0.2860067903995514,0.02945421728509483,1.2895020484924316,0.07089207091795412,5
5000,endpoint,225,0.2829858511686325,0.028168021766024138,1.287933874130249,0.07126072711663325,5
5000,endpoint,226,0.28103687763214114,0.026691105157725128,1.2887205600738525,0.07339329748568388,5
5000,endpoint,227,0.28126702308654783,0.025833670620352717,1.2891778469085693,0.07401084656301592,5
5000,endpoint,228,0.28326343894004824,0.02786897028126109,1.290811538696289,0.07636807712370311,5
5000,endpoint,229,0.28603470623493193,0.029898617036877226,1.2940917253494262,0.07650704019630068,5
5000,endpoint,230,0.28720249235630035,0.029569952281170236,1.295011830329895,0.07677412021487343,5
5000,endpoint,231,0.2856221735477448,0.028187087600636165,1.2917000293731689,0.07487255882518483,5
5000,endpoint,232,0.28379774689674375,0.027640699218696184,1.2903360366821288,0.07240853196570822,5
5000,endpoint,233,0.28264178037643434,0.027843852204564402,1.2919425964355469,0.07197899283650466,5
5000,endpoint,234,0.28257831037044523,0.02740448858946826,1.2960922718048096,0.07426944367910064,5
5000,endpoint,235,0.2831268846988678,0.028584888197130946,1.3015899896621703,0.07824645689925833,5
5000,endpoint,236,0.2838045507669449,0.029973051964488552,1.3068402528762817,0.078083056802631,5
5000,endpoint,237,0.2826771855354309,0.029338338516876065,1.3040320873260498,0.07523455048401927,5
5000,endpoint,238,0.28118582665920255,0.02755560746778598,1.2965181827545167,0.07467757223757127,5
5000,endpoint,239,0.2819458544254303,0.027387015271120245,1.2913336753845215,0.07354300347044121,5
5000,endpoint,240,0.28384202122688296,0.02808987451241434,1.288142728805542,0.0728809965813969,5
5000,endpoint,241,0.285441929101944,0.02834877580045415,1.2850690126419066,0.07348712468301774,5
5000,endpoint,242,0.28700979351997374,0.02892544358172612,1.2869179964065551,0.07427520084221192,5
5000,endpoint,243,0.28699028193950654,0.029297797477771958,1.2917118549346924,0.0747310888978761,5
5000,endpoint,244,0.2843068391084671,0.028179815471956027,1.2938796043395997,0.07590035987973444,5
5000,endpoint,245,0.2805085271596909,0.02594566789803062,1.2911237478256226,0.07777074662074582,5
5000,endpoint,246,0.279335743188858,0.026880464952773877,1.2906197547912597,0.07870152123052045,5
5000,endpoint,247,0.28030769228935243,0.029195895336352157,1.2909826755523681,0.07843556101638256,5
5000,endpoint,248,0.2827752470970154,0.030419914548653743,1.291535234451294,0.07891987417836076,5
5000,endpoint,249,0.2855817645788193,0.030091842643159825,1.29360830783844,0.07877228771743036,5
5000,endpoint,250,0.2872120887041092,0.028620932253964993,1.2952966213226318,0.0817783957336739,5
5000,endpoint,251,0.2867427200078964,0.02587335858101697,1.2959348678588867,0.08437298467419024,5
5000,endpoint,252,0.28441393971443174,0.02509492049685235,1.2957367181777955,0.08458391957042267,5
5000,endpoint,253,0.28106117248535156,0.028339762911466927,1.296193742752075,0.08519350307443617,5
5000,endpoint,254,0.2787351667881012,0.03105561778411406,1.2967196941375732,0.08522293345518042,5
5000,endpoint,255,0.27898985147476196,0.030044872083475775,1.2964325904846192,0.08424825298885902,5
5000,endpoint,256,0.28123411536216736,0.027215844333343325,1.294630479812622,0.08334838094926884,5
5000,endpoint,257,0.28452923595905305,0.02528159140932203,1.2938055276870728,0.08376274426134678,5
5000,endpoint,258,0.2864938139915466,0.026037959044467193,1.292446994781494,0.08479057306034163,5
5000,endpoint,259,0.28603594601154325,0.028760451386398,1.2902588367462158,0.08472466193904331,5
5000,endpoint,260,0.283652263879776,0.03073769363806178,1.287658929824829,0.08421934368744889,5
5000,endpoint,261,0.28192673325538636,0.03087595351408091,1.2880157470703124,0.08520369946820795,5
5000,endpoint,262,0.28161188662052156,0.028892886600902768,1.2912378549575805,0.08670688659157119,5
5000,endpoint,263,0.28207004368305205,0.025833228302119326,1.2945974826812745,0.08894656508711667,5
5000,endpoint,264,0.2820221483707428,0.024261720953021856,1.295214056968689,0.08856223363684398,5
5000,endpoint,265,0.2815520465373993,0.025808856564673854,1.293696904182434,0.0882628640381235,5
5000,endpoint,266,0.281438285112381,0.02870181444697116,1.2919209003448486,0.08647272164913436,5
5000,endpoint,267,0.2822535544633865,0.030643179456322264,1.2907590866088867,0.08463428130189515,5
5000,endpoint,268,0.283223032951355,0.03069381525889237,1.2891377449035644,0.08348727531647483,5
5000,endpoint,269,0.28444747626781464,0.029981934049516858,1.2899380683898927,0.08284599951329917,5
5000,endpoint,270,0.2848961591720581,0.028592951252672943,1.2917575359344482,0.08365729422864213,5
5000,endpoint,271,0.2842329293489456,0.026750227383631545,1.2940381288528442,0.0838854083364494,5
5000,endpoint,272,0.28222428560256957,0.025800052414738914,1.2951174974441528,0.08477300245782544,5
5000,endpoint,273,0.28078316152095795,0.02611072687751393,1.2958640098571776,0.0854402625420784,5
5000,endpoint,274,0.2804786652326584,0.02713090248461437,1.2956952810287476,0.08515694565459,5
5000,endpoint,275,0.2816382169723511,0.027891547950622854,1.2946901321411133,0.08471815135174472,5
5000,endpoint,276,0.2833343267440796,0.028575329914077643,1.2945481061935424,0.08358474734578708,5
5000,endpoint,277,0.28376324474811554,0.029180318256743713,1.293562936782837,0.0824469019064524,5
5000,endpoint,278,0.2832417666912079,0.02972715513226982,1.2933016777038575,0.08197525808182543,5
5000,endpoint,279,0.2819060653448105,0.02947627216049414,1.2924800395965577,0.08155091115150644,5
5000,endpoint,280,0.2816434442996979,0.027911941086292302,1.2926827192306518,0.08062749713888073,5
5000,endpoint,281,0.28237965404987336,0.02637003243946808,1.293247652053833,0.07898919931182653,5
5000,endpoint,282,0.28358950316905973,0.02600971289504497,1.2953202962875365,0.0765207543353866,5
5000,endpoint,283,0.2834354877471924,0.027386661834309406,1.2964130640029907,0.07687217156681456,5
5000,endpoint,284,0.2819532871246338,0.02952640208451689,1.2950064659118652,0.08141370511662564,5
5000,endpoint,285,0.28052839934825896,0.03075464912484754,1.2926840782165527,0.08517271625569175,5
5000,endpoint,286,0.280295330286026,0.030740222080419696,1.291192317008972,0.08640569326469301,5
5000,endpoint,287,0.2820585370063782,0.02927264318576466,1.290833878517151,0.0868053247391154,5
5000,endpoint,288,0.2843379884958267,0.02691426086528057,1.2908944368362427,0.08640870065162279,5
5000,endpoint,289,0.2849442958831787,0.02543206795784873,1.2908265829086303,0.08371488396230986,5
5000,endpoint,290,0.28419496715068815,0.02564337392404664,1.2916728973388671,0.08135967338242538,5
5000,endpoint,291,0.2826722800731659,0.027126391069273014,1.292987012863159,0.08096945813461798,5
5000,endpoint,292,0.2810209900140762,0.028792587030981732,1.2933783769607543,0.08302173806148147,5
5000,endpoint,293,0.2801786005496979,0.02993674952927011,1.292791199684143,0.08508767256322022,5
5000,endpoint,294,0.28050029277801514,0.03052092314942411,1.2928301811218261,0.08661539938409825,5
5000,endpoint,295,0.281499508023262,0.030661905149691537,1.2932340145111083,0.08690309762446635,5
5000,endpoint,296,0.28297745883464814,0.029653001010215983,1.294689655303955,0.08750917081868767,5
5000,endpoint,297,0.28355648517608645,0.027368128081867366,1.2954530000686646,0.08797961339807965,5
5000,endpoint,298,0.2828711837530136,0.025538430431920906,1.2950196027755738,0.08893871137150298,5
5000,endpoint,299,0.28190162777900696,0.025265597624289548,1.2937570333480835,0.089484950647564,5
5000,endpoint,300,0.28119000792503357,0.026585321324065568,1.2917121410369874,0.08854744454366892,5
5000,endpoint,301,0.2820022851228714,0.02926293177398539,1.2909852981567382,0.0865570701431812,5
5000,endpoint,302,0.283637610077858,0.03101661003143948,1.2928467273712159,0.08588603957245709,5
5000,endpoint,303,0.28421874940395353,0.030398285838380085,1.2952049493789672,0.08633451685168263,5
5000,endpoint,304,0.282926207780838,0.028491239802473957,1.2963943481445312,0.08575680649656428,5
5000,endpoint,305,0.2796707063913345,0.027291299973241936,1.2944648504257201,0.08322552751926225,5
5000,endpoint,306,0.2777575671672821,0.026286474600648046,1.2913027286529541,0.08069035792856508,5
5000,endpoint,307,0.2792993873357773,0.02599581308501043,1.288572072982788,0.07706426475334667,5
5000,endpoint,308,0.2830356478691101,0.02756748973637776,1.2879853248596191,0.07384438590719176,5
5000,endpoint,309,0.2860993087291718,0.030091043874403537,1.2893537282943726,0.07237563102583444,5
5000,endpoint,310,0.2860128372907639,0.03127101332020754,1.2906607627868651,0.07375951356468641,5
5000,endpoint,311,0.2834224909543991,0.029988666899655844,1.2933966159820556,0.07587426072369348,5
5000,endpoint,312,0.280230250954628,0.027639775273725953,1.2959816217422486,0.07659643648491381,5
5000,endpoint,313,0.2779677242040634,0.026240310672731394,1.2969500303268433,0.07848685182684821,5
5000,endpoint,314,0.2774228274822235,0.026909935842194248,1.295065951347351,0.07925849822273408,5
5000,endpoint,315,0.278909894824028,0.02961166634637609,1.292094874382019,0.0804359357670933,5
5000,endpoint,316,0.2820617765188217,0.031794676172054386,1.2901049613952638,0.08165111235014107,5
5000,endpoint,317,0.2850446283817291,0.03153840156689639,1.2903108596801758,0.08336126438917112,5
5000,endpoint,318,0.28573229908943176,0.02842300040082028,1.2911983489990235,0.08565709638748292,5
5000,endpoint,319,0.2839257776737213,0.025347098088274306,1.2934037685394286,0.08806400980567128,5
5000,endpoint,320,0.2808404088020325,0.02495026208208019,1.2954886436462403,0.08887455066585678,5
5000,endpoint,321,0.27855617702007296,0.02718502605379576,1.2972718000411987,0.08887587628465898,5
5000,endpoint,322,0.2784527212381363,0.0298863055948522,1.2985581159591675,0.08699322411460018,5
5000,endpoint,323,0.27960861325263975,0.030849025889840495,1.297115111351013,0.08503244835499914,5
5000,endpoint,324,0.28098549544811247,0.0300984622198011,1.2937431812286377,0.0826379579863952,5
5000,endpoint,325,0.2825872331857681,0.02793881881792768,1.29144287109375,0.07918645793481295,5
5000,endpoint,326,0.283326256275177,0.026003867005054374,1.2904753684997559,0.07472459543647565,5
5000,endpoint,327,0.2828008621931076,0.026467970140713053,1.2910067081451415,0.0735729996905307,5
5000,endpoint,328,0.2810799449682236,0.028721931018495656,1.291965651512146,0.07603062062638784,5
5000,endpoint,329,0.27964072227478026,0.03033781209417794,1.2927857160568237,0.07782281890449635,5
5000,endpoint,330,0.2791592299938202,0.029805295386214344,1.2925735712051392,0.07993411100488866,5
5000,endpoint,331,0.2801202356815338,0.027601418460309248,1.2906260013580322,0.07908864697818375,5
5000,endpoint,332,0.2819870114326477,0.02598134880962279,1.2902706861495972,0.0779039500749306,5
5000,endpoint,333,0.2827250748872757,0.025693003740411252,1.2893939733505249,0.0760651662396068,5
5000,endpoint,334,0.28183133602142335,0.027973066057414807,1.2881969928741455,0.07628917610261003,5
5000,endpoint,335,0.28068904876708983,0.029994766248650887,1.2877283811569213,0.07718433060955095,5
5000,endpoint,336,0.2799903601408005,0.03002384415998411,1.2883877515792848,0.07858294324813127,5
5000,endpoint,337,0.28048927485942843,0.02883824599171997,1.2915050506591796,0.08080377218748477,5
5000,endpoint,338,0.28027401864528656,0.027264256879437624,1.2920971393585206,0.08254519941206492,5
5000,endpoint,339,0.2799811720848083,0.027197183447323033,1.291114592552185,0.08339947469638499,5
5000,endpoint,340,0.27984118461608887,0.028332098583871715,1.2889377355575562,0.0839427095890265,5
5000,endpoint,341,0.280657434463501,0.028744803987860598,1.2872862577438355,0.0837309159631197,5
5000,endpoint,342,0.2817117840051651,0.028916896486358434,1.2861894607543944,0.08271199064236684,5
5000,endpoint,343,0.2824084430932999,0.02817643309524984,1.2849377393722534,0.08188761327603479,5
5000,endpoint,344,0.2825857371091843,0.02751349895223734,1.2844101190567017,0.08257297510984216,5
5000,endpoint,345,0.282498362660408,0.027645563166697303,1.2854881048202516,0.08302445221304543,5
5000,endpoint,346,0.28178820908069613,0.02900539646247325,1.2885840654373169,0.08417805524869522,5
5000,endpoint,347,0.28082738518714906,0.02955962244436963,1.2921864986419678,0.08537794581632453,5
5000,endpoint,348,0.2793586105108261,0.028226970831865948,1.2928468704223632,0.08569185947240594,5
5000,endpoint,349,0.27857389450073244,0.025795893318198468,1.2905540227890016,0.08554621004009591,5
5000,endpoint,350,0.28001595437526705,0.02455334302637209,1.289414644241333,0.08429324206969155,5
5000,endpoint,351,0.2822489768266678,0.0264885430792551,1.2889575958251953,0.0830844936641343,5
5000,endpoint,352,0.2831735223531723,0.03112286682959111,1.2885366439819337,0.08152464827898533,5
5000,endpoint,353,0.2818966180086136,0.034074188371100114,1.288709330558777,0.08018066267634115,5
5000,endpoint,354,0.28029617965221404,0.032634149601171385,1.2910008430480957,0.0795127267031745,5
5000,endpoint,355,0.27921401560306547,0.026945964759895445,1.2917953968048095,0.07999935911725294,5
5000,endpoint,356,0.2792412847280502,0.02308379474957655,1.2928261280059814,0.0821529800183323,5
5000,endpoint,357,0.28024678230285643,0.023017383713269512,1.2931986570358276,0.08496567092860023,5
5000,endpoint,358,0.28089873492717743,0.02735007845192111,1.291964316368103,0.08695825650887055,5
5000,endpoint,359,0.2812964081764221,0.032004906849119684,1.2898118257522584,0.08648484046475294,5
5000,endpoint,360,0.2815268516540527,0.03393268773455333,1.2881816387176515,0.08592641656125122,5
5000,endpoint,361,0.28155767023563383,0.031220723196547187,1.286826753616333,0.08591744204244522,5
5000,endpoint,362,0.2821243941783905,0.02678860229571096,1.2874703407287598,0.08556486856948536,5
5000,endpoint,363,0.2821938365697861,0.025276648506949603,1.289409613609314,0.08530284738293811,5
5000,endpoint,364,0.28102530241012574,0.026564584977753082,1.2908687591552734,0.08592791792468575,5
5000,endpoint,365,0.27980534732341766,0.028137493035781988,1.291809344291687,0.08786241999488541,5
5000,endpoint,366,0.2789415031671524,0.029142833801954673,1.2914149284362793,0.08956203193410163,5
5000,endpoint,367,0.27879548668861387,0.029686176303409466,1.289949655532837,0.09070064391288037,5
5000,endpoint,368,0.27933125793933866,0.029527251674169624,1.2878310680389404,0.09078432981533487,5
5000,endpoint,369,0.281038960814476,0.028968067004988714,1.2884486436843872,0.08974961440632913,5
5000,endpoint,370,0.2815524756908417,0.029281209440060667,1.2881280660629273,0.08814709780228067,5
5000,endpoint,371,0.2811780422925949,0.02907805302844236,1.2866992473602294,0.0866498557001976,5
5000,endpoint,372,0.28051572740077974,0.028590336774238116,1.286205816268921,0.08533300026388219,5
5000,endpoint,373,0.2801925718784332,0.02848404285948829,1.2865194082260132,0.08410828935715133,5
5000,endpoint,374,0.2803554624319077,0.028302189868859136,1.2869601488113402,0.0839529434718366,5
5000,endpoint,375,0.28132602870464324,0.02753252148505514,1.2895045518875121,0.08427800787736416,5
5000,endpoint,376,0.2818440616130829,0.027095635393346862,1.291269016265869,0.08416618231121512,5
5000,endpoint,377,0.28149793446064,0.02713281271896931,1.292376494407654,0.08260390457261625,5
5000,endpoint,378,0.2801389336585999,0.028286359902134937,1.2923034191131593,0.07957090323750238,5
5000,endpoint,379,0.27898324131965635,0.03014198522955594,1.2906298637390137,0.07813161890659562,5
5000,endpoint,380,0.2797388225793839,0.031819662171909915,1.2910045385360718,0.07938606347188419,5
5000,endpoint,381,0.28110871016979216,0.03141614147063457,1.2926266670227051,0.08220715358023052,5
5000,endpoint,382,0.2816730082035065,0.02797426371316033,1.2935468196868896,0.08522139763048737,5
5000,endpoint,383,0.28063118159770967,0.02390112289953855,1.2912724256515502,0.08899736278391276,5
5000,endpoint,384,0.2794081330299377,0.024439537040951784,1.2887077808380127,0.09134692456520523,5
5000,endpoint,385,0.2796173423528671,0.028705629907074644,1.2880785703659057,0.09031152129916759,5
5000,endpoint,386,0.28044753670692446,0.03312871753411561,1.28608877658844,0.08902123640515633,5
5000,endpoint,387,0.28194581270217894,0.03527612241270364,1.2865844249725342,0.0855648109819337,5
5000,endpoint,388,0.28277988731861115,0.03329942632549199,1.2878900527954102,0.08298127437168301,5
5000,endpoint,389,0.28178920447826383,0.02813921585193503,1.288553285598755,0.08137454969411398,5
5000,endpoint,390,0.2795035630464554,0.02397878130387545,1.2886066675186156,0.08342720993738008,5
5000,endpoint,391,0.27780053317546843,0.023219243780479022,1.2884252071380615,0.08581672463486405,5
5000,endpoint,392,0.27789645791053774,0.0262287976019577,1.2877241611480712,0.08829406606992114,5
5000,endpoint,393,0.27939698100090027,0.0303925270487647,1.2857226371765136,0.09025994824766094,5
5000,endpoint,394,0.28143368363380433,0.03297564182605118,1.283196759223938,0.09051765197846802,5
5000,endpoint,395,0.2829748272895813,0.03209970047933676,1.2809861421585083,0.08945160433857956,5
5000,endpoint,396,0.28312801718711855,0.02932062261430875,1.2801208257675172,0.08836709093169834,5
5000,endpoint,397,0.2823938548564911,0.02670408618844433,1.2818717002868651,0.08872899991508501,5
5000,endpoint,398,0.28059519827365875,0.025273389478998636,1.283147144317627,0.0878898940999601,5
5000,endpoint,399,0.27902392148971555,0.02578753746419147,1.2839661598205567,0.08721304453518683,5
5000,endpoint,400,0.27795412838459016,0.02781597000711154,1.2821832418441772,0.08730663015274258,5
5000,endpoint,401,0.27893463969230653,0.03027338247084543,1.2814472198486329,0.08739326470821546,5
5000,endpoint,402,0.2811145275831223,0.03168295764614438,1.2816428661346435,0.08624133481929691,5
5000,endpoint,403,0.2830096334218979,0.031064332494971644,1.2831083297729493,0.08535168033630491,5
5000,endpoint,404,0.28338086903095244,0.028906745966461297,1.285423707962036,0.08574734464083147,5
5000,endpoint,405,0.2814518421888351,0.02684352639024762,1.2870392322540283,0.0813705941162193,5
5000,endpoint,406,0.27848982214927676,0.026077860073393248,1.2862140417099,0.08099630671208936,5
5000,endpoint,407,0.2767441004514694,0.02672294095249494,1.2828537702560425,0.085959205263224,5
5000,endpoint,408,0.27747684717178345,0.028272992778290117,1.2805326938629151,0.0906782616670956,5
5000,endpoint,409,0.2806735455989838,0.029696203515549774,1.2807925462722778,0.09409376532801557,5
5000,endpoint,410,0.2838355958461761,0.030283401211632973,1.2817718744277955,0.09577687677826827,5
5000,endpoint,411,0.28450164794921873,0.029691333462356317,1.2833451986312867,0.09372704587049667,5
5000,endpoint,412,0.28273830115795134,0.028237017025696864,1.2872628450393677,0.09058399057426009,5
5000,endpoint,413,0.2793230086565018,0.026446088223466852,1.2895320415496827,0.08884844472907344,5
5000,endpoint,414,0.2763097584247589,0.027190173882947886,1.2895571708679199,0.09065553335523625,5
5000,endpoint,415,0.2762166798114777,0.029203771171664963,1.2889286518096923,0.09150609089057192,5
5000,endpoint,416,0.2790359973907471,0.02951473801348181,1.2882131338119507,0.09196449244447916,5
5000,endpoint,417,0.28260361552238467,0.02931263363432733,1.287915539741516,0.0891569633778418,5
5000,endpoint,418,0.2839426875114441,0.03010008768414061,1.2882524013519288,0.08342286695833463,5
5000,endpoint,419,0.2825944274663925,0.029120163566709743,1.2873758554458619,0.08213766827645257,5
5000,endpoint,420,0.28031274378299714,0.028362098147550478,1.287235426902771,0.08462166947119118,5
5000,endpoint,421,0.2781427830457687,0.029410817059849974,1.2871912956237792,0.0882264318116667,5
5000,endpoint,422,0.27757311165332793,0.03017748187855928,1.2867134809494019,0.08913978760405815,5
5000,endpoint,423,0.27898080050945284,0.02898381339684079,1.2850839138031005,0.08869504979961489,5
5000,endpoint,424,0.28165207207202914,0.027631377599034657,1.2853752374649048,0.08641598866024205,5
5000,endpoint,425,0.28312536180019376,0.027048198865768237,1.2857603073120116,0.08433667666863694,5
5000,endpoint,426,0.28218476176261903,0.027611623014121626,1.2850780010223388,0.08643843725736226,5
5000,endpoint,427,0.27973891198635104,0.029357410839740812,1.284933090209961,0.08902427454457715,5
5000,endpoint,428,0.27812676727771757,0.03132329993928269,1.2863476753234864,0.09087128558240169,5
5000,endpoint,429,0.278366157412529,0.031040571749010017,1.2878303527832031,0.09124017503160116,5
5000,endpoint,430,0.2797214090824127,0.028844858283258147,1.2887670516967773,0.08730415148460084,5
5000,endpoint,431,0.2807771056890488,0.02616228637472339,1.288595962524414,0.08112585397055852,5
5000,endpoint,432,0.28124907314777375,0.0248837927550123,1.2868173599243165,0.0795894630265992,5
5000,endpoint,433,0.28050013780593874,0.026816816742192603,1.2824261426925658,0.08358693780037474,5
5000,endpoint,434,0.2800842672586441,0.030429504560314947,1.2814247846603393,0.08586147983658157,5
5000,endpoint,435,0.2803960978984833,0.03239108489187661,1.2833021879196167,0.0873513129300792,5
5000,endpoint,436,0.280549356341362,0.03129706847453026,1.286969494819641,0.08817950294008095,5
5000,endpoint,437,0.2800378531217575,0.02971385924169643,1.290207314491272,0.08740327365136068,5
5000,endpoint,438,0.27877870500087737,0.028560290100725243,1.2904896497726441,0.08711302509357866,5
5000,endpoint,439,0.2778349071741104,0.027380665004020706,1.2885538578033446,0.08761364435042715,5
5000,endpoint,440,0.27844124734401704,0.025887726411677487,1.285077691078186,0.08680592290249914,5
5000,endpoint,441,0.2804026037454605,0.026959025179500235,1.282645583152771,0.0865100618919685,5
5000,endpoint,442,0.28225512206554415,0.029756923672533735,1.282287096977234,0.08661360263281767,5
5000,endpoint,443,0.2826648861169815,0.03135528717446529,1.2849770545959474,0.08628620875445533,5
5000,endpoint,444,0.28070701360702516,0.031393263474473417,1.2875722885131835,0.08753599385895046,5
5000,endpoint,445,0.2782947957515717,0.029575864604835474,1.2899922132492065,0.08957008831017524,5
5000,endpoint,446,0.27681811451911925,0.027448703999656494,1.2908137798309327,0.09134173712993113,5
5000,endpoint,447,0.2773216933012009,0.026077126548115764,1.2907728672027587,0.09151882435144748,5
5000,endpoint,448,0.27902349531650544,0.025805808653062513,1.2879019498825073,0.08874933833604837,5
5000,endpoint,449,0.2812503218650818,0.0270467462926323,1.284404706954956,0.08458364101798696,5
5000,endpoint,450,0.2830728322267532,0.02934867752912656,1.2836575031280517,0.07930628278622866,5
5000,endpoint,451,0.28264049291610716,0.03147109640366097,1.2843863248825074,0.07719312131243451,5
5000,endpoint,452,0.28026001155376434,0.032160398254828006,1.2859100103378296,0.07908263984789249,5
5000,endpoint,453,0.27787681818008425,0.03132433605141703,1.2894742250442506,0.08379612508691242,5
5000,endpoint,454,0.27713906168937685,0.028478102744759325,1.292120385169983,0.08837402577333188,5
5000,endpoint,455,0.2772261768579483,0.025522919634761578,1.291288161277771,0.0922790376457623,5
5000,endpoint,456,0.2784579962491989,0.02495382950870343,1.2889017343521119,0.09262795886256968,5
5000,endpoint,457,0.28024002313613894,0.026875597867531145,1.285227155685425,0.09106208427500266,5
5000,endpoint,458,0.2817359298467636,0.029589275331860565,1.2819211721420287,0.08827523643517472,5
5000,endpoint,459,0.2824147015810013,0.03187962755425387,1.2815651893615723,0.08482243728484272,5
5000,endpoint,460,0.2815334737300873,0.03296714626190811,1.2825870752334594,0.08395410487543335,5
5000,endpoint,461,0.2799940496683121,0.03149736806733763,1.2856300115585326,0.0844388793847619,5
5000,endpoint,462,0.27869083881378176,0.028723567548820536,1.2908136367797851,0.08668041340278429,5
5000,endpoint,463,0.2776523917913437,0.02599740917988007,1.293676996231079,0.08973912766642847,5
5000,endpoint,464,0.2770837664604187,0.025420824220856418,1.2932714939117431,0.09225466224755739,5
5000,endpoint,465,0.2776621848344803,0.026381290754027575,1.2905932426452638,0.09031729983993873,5
5000,endpoint,466,0.2796045422554016,0.028007331120469797,1.2879701614379884,0.08651873742676991,5
5000,endpoint,467,0.28130169212818146,0.03053996210545236,1.2859689474105835,0.08346388804795818,5
5000,endpoint,468,0.2818270742893219,0.03337277508399081,1.2853628635406493,0.08283225828752303,5
5000,endpoint,469,0.28088398575782775,0.034087800755654055,1.2861374139785766,0.0834344915876601,5
5000,endpoint,470,0.27975993454456327,0.03125784552552353,1.2888269662857055,0.08363723881748274,5
5000,endpoint,471,0.2795415699481964,0.025408306530570364,1.2932106494903564,0.08501419191520501,5
5000,endpoint,472,0.27928987741470335,0.02240873943170288,1.2961837530136109,0.08498337574948901,5
5000,endpoint,473,0.2781645834445953,0.024792771152721604,1.2946960926055908,0.08578737737645648,5
5000,endpoint,474,0.2774042636156082,0.03071818746979883,1.2912633895874024,0.08343138447436246,5
5000,endpoint,475,0.27796300053596495,0.03519817688862629,1.287184977531433,0.0813175810374865,5
5000,endpoint,476,0.2801233232021332,0.035332907884456116,1.2854933261871337,0.07924354517955869,5
5000,endpoint,477,0.28252752125263214,0.030802936920387436,1.2856609582901002,0.0790659849863045,5
5000,endpoint,478,0.2830397605895996,0.025475012035410343,1.2875544548034668,0.07870601297045687,5
5000,endpoint,479,0.2811107963323593,0.02326783596317472,1.2898918390274048,0.07832204913687779,5
5000,endpoint,480,0.2775810182094574,0.02526458258122305,1.288417363166809,0.08016025131402008,5
5000,endpoint,481,0.27544225454330445,0.02939472428229022,1.2856035947799682,0.08361432141512559,5
5000,endpoint,482,0.2771365076303482,0.03228366770464635,1.2843534469604492,0.08620153686615259,5
5000,endpoint,483,0.28138419687747956,0.03188522075924872,1.2858033418655395,0.08817830141910431,5
5000,endpoint,484,0.28397400081157687,0.029915598756007,1.2879450559616088,0.08725187545085683,5
5000,endpoint,485,0.2821926295757294,0.02818374422429807,1.2886690139770507,0.08010343033531757,5
5000,endpoint,486,0.2784150063991547,0.027307877489950755,1.288348388671875,0.07557938325277633,5
5000,endpoint,487,0.27604259848594664,0.02670841640224365,1.2866745948791505,0.07702145801516679,5
5000,endpoint,488,0.27635872960090635,0.02708764172328708,1.2839203119277953,0.08012487157571303,5
5000,endpoint,489,0.27979249358177183,0.028390306871952344,1.284824514389038,0.08481430926433912,5
5000,endpoint,490,0.28326546847820283,0.030160053502805793,1.2883209466934205,0.08791879100439676,5
5000,endpoint,491,0.2831260472536087,0.03209642019828509,1.2904778242111206,0.08885520770373394,5
5000,endpoint,492,0.28027176558971406,0.03177779151532644,1.2920008420944213,0.08702798873313798,5
5000,endpoint,493,0.27675999104976656,0.029595325910225633,1.2915577173233033,0.08531857125290605,5
5000,endpoint,494,0.275665807723999,0.02634680058671793,1.2894275665283204,0.08344282215919373,5
5000,endpoint,495,0.2780289530754089,0.025263874352542175,1.287737774848938,0.08144869411085692,5
5000,endpoint,496,0.2815026044845581,0.02686589066139589,1.2877652406692506,0.0807173769163292,5
5000,endpoint,497,0.28297214210033417,0.029333048344574265,1.2883994340896607,0.08184882376345395,5
5000,endpoint,498,0.28134979903697965,0.03141488158926506,1.2880720853805543,0.085138819012345,5
5000,endpoint,499,0.27871288657188414,0.03221287266185121,1.2893434762954712,0.08673760904167292,5
5000,endpoint,500,0.2769800990819931,0.03089482322290424,1.2903700113296508,0.08599719292769646,5
5000,endpoint,501,0.2770643264055252,0.02819961316215358,1.2897104740142822,0.08594837724754194,5
5000,endpoint,502,0.2787549316883087,0.026470060642703384,1.2878803730010986,0.0842731341085725,5
5000,endpoint,503,0.28122777342796323,0.026493625048219845,1.287689471244812,0.08220157231302466,5
5000,endpoint,504,0.2826452672481537,0.0276941337961863,1.2887585163116455,0.08098452010565903,5
5000,endpoint,505,0.2818509727716446,0.02893157703978717,1.2910260438919068,0.08215052475590238,5
5000,endpoint,506,0.2790063679218292,0.030167658696343875,1.29292733669281,0.08534198088647107,5
5000,endpoint,507,0.27644966542720795,0.03116863237982317,1.294013786315918,0.08769680483917751,5
5000,endpoint,508,0.2760989755392075,0.030744283315845927,1.2925373792648316,0.08882403988109813,5
5000,endpoint,509,0.27840299606323243,0.028610093460301335,1.2882041215896607,0.09075513250244795,5
5000,endpoint,510,0.2823210686445236,0.02650367565687989,1.2872148513793946,0.09075068291970911,5
5000,endpoint,511,0.28408522605895997,0.025942307813981408,1.28683500289917,0.09046214157924647,5
5000,endpoint,512,0.2826132267713547,0.027505469191874816,1.2888089895248414,0.08947464111702091,5
5000,endpoint,513,0.2778852790594101,0.02997468059774796,1.2883349657058716,0.09020401647527769,5
5000,endpoint,514,0.2743762135505676,0.031475931258576575,1.2874673128128051,0.0917736348255269,5
5000,endpoint,515,0.2754919230937958,0.030564331667184582,1.2867637395858764,0.08965455465838855,5
5000,endpoint,516,0.27978814840316774,0.028345309178902187,1.2867513179779053,0.08773996477066487,5
5000,endpoint,517,0.28302116990089415,0.02743113659551043,1.2871190071105958,0.08701248033853275,5
5000,endpoint,518,0.28259336948394775,0.027402606706641814,1.2863215684890748,0.08433187316446156,5
5000,endpoint,519,0.2799598813056946,0.028739391806245875,1.2862635374069213,0.08094125572588493,5
5000,subset_accuracy_drop,1,0.6913196325302124,0.0009877145101357412,0.6912278175354004,0.0009906732608434537,5
5000,subset_accuracy_drop,2,0.6909969925880433,0.001238572235598386,0.6908872246742248,0.001239153287642643,5
5000,subset_accuracy_drop,3,0.690820848941803,0.0014954072197661628,0.6907063007354737,0.001499702318900542,5
5000,subset_accuracy_drop,4,0.690724515914917,0.0016738168485065411,0.690627920627594,0.001688986959306025,5
5000,subset_accuracy_drop,5,0.6906713962554931,0.001678754888642641,0.6906109809875488,0.0017060617376768855,5
5000,subset_accuracy_drop,6,0.690643048286438,0.0015869288419159753,0.6906306266784668,0.0016155150718724,5
5000,subset_accuracy_drop,7,0.6905874967575073,0.0015720218528252705,0.6906268715858459,0.0015898324215940828,5
5000,subset_accuracy_drop,8,0.6905126214027405,0.00163002292211907,0.6906023025512695,0.001634819645704507,5
5000,subset_accuracy_drop,9,0.690444803237915,0.001688318555288511,0.6905821204185486,0.0016846886571082196,5
5000,subset_accuracy_drop,10,0.6903918981552124,0.0017112095834681297,0.6905775785446167,0.0017045505949299295,5
5000,subset_accuracy_drop,11,0.6903450846672058,0.0017006394472017436,0.6905822277069091,0.0016963688535790672,5
5000,subset_accuracy_drop,12,0.6902925610542298,0.0016732723435694146,0.6905877947807312,0.0016763457954813209,5
5000,subset_accuracy_drop,13,0.6902264714241028,0.0016434147630739104,0.6905899286270142,0.0016574852875892224,5
5000,subset_accuracy_drop,14,0.690145218372345,0.0016206829693215545,0.6905895829200744,0.0016484503561091362,5
5000,subset_accuracy_drop,15,0.6900505542755127,0.0016088328056841593,0.6905894041061401,0.00165234446759119,5
5000,subset_accuracy_drop,16,0.6899447083473206,0.0016069641272157059,0.6905930519104004,0.0016676650167047396,5
5000,subset_accuracy_drop,17,0.6898268342018128,0.0016097009766958624,0.6906001806259155,0.0016886134406702033,5
5000,subset_accuracy_drop,18,0.689693546295166,0.0016095824133557548,0.6906076312065125,0.0017054541744019633,5
5000,subset_accuracy_drop,19,0.6895460486412048,0.0016007174652313222,0.6906154870986938,0.0017114041584811138,5
5000,subset_accuracy_drop,20,0.6893912434577942,0.0015817994639855963,0.6906301140785217,0.0017064956335845257,5
5000,subset_accuracy_drop,21,0.6892313241958619,0.0015527169376422614,0.6906592130661011,0.00169640472916699,5
5000,subset_accuracy_drop,22,0.6890538811683655,0.0015138931531572723,0.6906991362571716,0.0016899303720170392,5
5000,subset_accuracy_drop,23,0.6888443827629089,0.001468381848652221,0.6907485723495483,0.0016953102655488197,5
5000,subset_accuracy_drop,24,0.6886049032211303,0.0014214846405737518,0.6908133387565613,0.0017216827471343806,5
5000,subset_accuracy_drop,25,0.6883442282676697,0.001373208313889104,0.690903115272522,0.001771984436688114,5
5000,subset_accuracy_drop,26,0.6880642175674438,0.0013198473605115096,0.691009259223938,0.001837157226106248,5
5000,subset_accuracy_drop,27,0.6877722382545471,0.001258294236831466,0.6911345601081849,0.0019086401175880917,5
5000,subset_accuracy_drop,28,0.6874638557434082,0.0011912570068697173,0.6912831783294677,0.0019867204641743188,5
5000,subset_accuracy_drop,29,0.6871289372444153,0.0011336801717396563,0.6914792537689209,0.002093070064729651,5
5000,subset_accuracy_drop,30,0.6867642402648926,0.001092854694017976,0.6917154431343079,0.002230117670670952,5
5000,subset_accuracy_drop,31,0.6863970160484314,0.001077979587627972,0.6920197367668152,0.002419302153896934,5
5000,subset_accuracy_drop,32,0.6860025644302368,0.0010695991528555525,0.6923054933547974,0.0025842097326253476,5
5000,subset_accuracy_drop,33,0.6856337308883667,0.0010534290996958141,0.6926448106765747,0.002772205431936369,5
5000,subset_accuracy_drop,34,0.6851956486701966,0.0010972331241721576,0.6930382966995239,0.002994664804492567,5
5000,subset_accuracy_drop,35,0.6848052740097046,0.0011348370347566985,0.6934515833854675,0.003226040805716757,5
5000,subset_accuracy_drop,36,0.6844623804092407,0.0011863901851758226,0.6938752412796021,0.003453549159313832,5
5000,subset_accuracy_drop,37,0.6840843677520752,0.001255258679553376,0.6943456411361695,0.0037043723748406763,5
5000,subset_accuracy_drop,38,0.6836942791938782,0.0012869974888069546,0.6946184158325195,0.0038549175687557155,5
5000,subset_accuracy_drop,39,0.6833092927932739,0.0013963855969800405,0.6949788689613342,0.004007704252054818,5
5000,subset_accuracy_drop,40,0.6828887343406678,0.0015318884181870329,0.6952895283699035,0.004120835985825376,5
5000,subset_accuracy_drop,41,0.6827494263648987,0.001312892700787855,0.6956018924713134,0.0042247980145927976,5
5000,subset_accuracy_drop,42,0.6821600794792175,0.0016482652323348806,0.6957657933235168,0.004129543292649464,5
5000,subset_accuracy_drop,43,0.6819863438606262,0.0017201629689907916,0.6958902835845947,0.004036681242723001,5
5000,subset_accuracy_drop,44,0.6816195964813232,0.0016227181151608858,0.6959740996360779,0.003990328675460179,5
5000,subset_accuracy_drop,45,0.6811902165412903,0.0018171118976642595,0.6960874915122985,0.00393176073338683,5
5000,subset_accuracy_drop,46,0.6808106303215027,0.0018377269559701165,0.6960383176803588,0.0038734733391078175,5
5000,subset_accuracy_drop,47,0.6807635426521301,0.0018459351173429374,0.6962826490402222,0.0038859905556725646,5
5000,subset_accuracy_drop,48,0.6801478147506714,0.001916202478309436,0.696242356300354,0.0038163817765158943,5
5000,subset_accuracy_drop,49,0.6798330187797547,0.0019824272286187196,0.6965609192848206,0.003844147241649442,5
5000,subset_accuracy_drop,50,0.6796077132225037,0.0017980745246174443,0.6968989729881286,0.0039681694050426345,5
5000,subset_accuracy_drop,51,0.679131543636322,0.0020600888686385967,0.6970367074012757,0.0039742115477862236,5
5000,subset_accuracy_drop,52,0.6789191007614136,0.0022387514720421547,0.6974162936210633,0.004105373375076873,5
5000,subset_accuracy_drop,53,0.6784112095832825,0.0019020251500874808,0.6976571083068848,0.004130181079370823,5
5000,subset_accuracy_drop,54,0.6779319643974304,0.0021309001263814915,0.6979057788848877,0.004095009861117357,5
5000,subset_accuracy_drop,55,0.6775947570800781,0.002198468241118516,0.6980868816375733,0.004128374925410572,5
5000,subset_accuracy_drop,56,0.6774233698844909,0.002169450908865689,0.6984822630882264,0.004217022009825827,5
5000,subset_accuracy_drop,57,0.6767714858055115,0.0022560242891332734,0.6986600160598755,0.004140945082664568,5
5000,subset_accuracy_drop,58,0.6764567613601684,0.002054568237845953,0.69894357919693,0.0042031292622848795,5
5000,subset_accuracy_drop,59,0.6761621236801147,0.002214285298352369,0.6993079543113708,0.004170215819119818,5
5000,subset_accuracy_drop,60,0.6756171464920044,0.002368524662454184,0.6995644927024841,0.004081494588429683,5
5000,subset_accuracy_drop,61,0.6754732489585876,0.0023677642076412185,0.7000038862228394,0.003962358885384045,5
5000,subset_accuracy_drop,62,0.6748517870903015,0.0022112813559575333,0.7002606749534607,0.003956389044407937,5
5000,subset_accuracy_drop,63,0.6746260643005371,0.0025244600650831134,0.7007251977920532,0.003978028403363018,5
5000,subset_accuracy_drop,64,0.6743939518928528,0.0024341349303211085,0.7010069847106933,0.0038612285281494365,5
5000,subset_accuracy_drop,65,0.6737105846405029,0.002416304144717977,0.7012341499328614,0.004004361672355407,5
5000,subset_accuracy_drop,66,0.6735997080802918,0.0024645759427050873,0.7018739461898804,0.0042351047758745495,5
5000,subset_accuracy_drop,67,0.67363201379776,0.0026446856613642207,0.7020626306533814,0.004019403776920617,5
5000,subset_accuracy_drop,68,0.6727417469024658,0.002488121637533754,0.7019888877868652,0.004171957494384954,5
5000,subset_accuracy_drop,69,0.672594141960144,0.0025278504300094563,0.7027030467987061,0.004231197804166109,5
5000,subset_accuracy_drop,70,0.6724870443344116,0.0020099432559908077,0.7027838230133057,0.004610558498978374,5
5000,subset_accuracy_drop,71,0.6722733736038208,0.0029887464723391596,0.7029837608337403,0.004007384367080054,5
5000,subset_accuracy_drop,72,0.6714456439018249,0.002577185042375069,0.7031069993972778,0.004431820672934199,5
5000,subset_accuracy_drop,73,0.6712777733802795,0.002415871145286302,0.7035886526107789,0.004475348716107199,5
5000,subset_accuracy_drop,74,0.6713881254196167,0.00231926952451843,0.7040290117263794,0.004753673989957987,5
5000,subset_accuracy_drop,75,0.6709807753562927,0.0030431021187708853,0.7042893409729004,0.004354670142365784,5
5000,subset_accuracy_drop,76,0.6703148126602173,0.0026875918028947776,0.7044402003288269,0.0047058496768840885,5
5000,subset_accuracy_drop,77,0.6704805612564086,0.001980351751110379,0.7051434755325318,0.004896215693247335,5
5000,subset_accuracy_drop,78,0.6699660181999206,0.0026868754988779125,0.705019474029541,0.004814705647962629,5
5000,subset_accuracy_drop,79,0.6698185324668884,0.003056446218720819,0.7054090738296509,0.004663232062663275,5
5000,subset_accuracy_drop,80,0.6694630026817322,0.0027975167157020912,0.7057050108909607,0.004975183712734917,5
5000,subset_accuracy_drop,81,0.6693893551826477,0.0021041326520175,0.706195080280304,0.005216095960299442,5
5000,subset_accuracy_drop,82,0.6687947869300842,0.0028634554295637084,0.7061545729637146,0.004960611320658717,5
5000,subset_accuracy_drop,83,0.6687104105949402,0.0029926581984782786,0.7065189361572266,0.004875623792858805,5
5000,subset_accuracy_drop,84,0.6686992287635803,0.002755423617377863,0.7070355296134949,0.00503338887243137,5
5000,subset_accuracy_drop,85,0.6683777213096619,0.0023822621492524923,0.7072301864624023,0.005228732448001175,5
5000,subset_accuracy_drop,86,0.667870020866394,0.0029284807902699474,0.7072669506072998,0.004923669119466006,5
5000,subset_accuracy_drop,87,0.6678571224212646,0.002933763810763713,0.707665741443634,0.005099986060370991,5
5000,subset_accuracy_drop,88,0.6676563143730163,0.0030277708247722756,0.7076903939247131,0.004894559851410515,5
5000,subset_accuracy_drop,89,0.6675869584083557,0.0024396619853533606,0.7080107092857361,0.005332166144418035,5
5000,subset_accuracy_drop,90,0.6671002268791199,0.0029220963738220357,0.7081394076347352,0.005181584593920789,5
5000,subset_accuracy_drop,91,0.6667684197425843,0.002918812871430318,0.708185875415802,0.005230493496480066,5
5000,subset_accuracy_drop,92,0.6668114185333252,0.0028549169422301167,0.7084560394287109,0.005286371767775873,5
5000,subset_accuracy_drop,93,0.6669311881065368,0.002875735186081166,0.7089603662490844,0.005432371576154555,5
5000,subset_accuracy_drop,94,0.6662968516349792,0.003009795739595174,0.7087499022483825,0.005398109885676137,5
5000,subset_accuracy_drop,95,0.6660305023193359,0.0030622867160711854,0.7087777853012085,0.005358008858633937,5
5000,subset_accuracy_drop,96,0.6659337878227234,0.002972832609698459,0.7089791893959045,0.005461124609497301,5
5000,subset_accuracy_drop,97,0.666075325012207,0.0030606116052229945,0.7094789385795593,0.005489388694315107,5
5000,subset_accuracy_drop,98,0.6655291080474853,0.003153484209668277,0.7093317627906799,0.005260590204019512,5
5000,subset_accuracy_drop,99,0.6654242515563965,0.003047191246036283,0.7096030831336975,0.005286054725468911,5
5000,subset_accuracy_drop,100,0.6654431819915771,0.0029598210293695737,0.7101370811462402,0.005433817644887035,5
5000,subset_accuracy_drop,101,0.6651381015777588,0.003195216426412914,0.710172700881958,0.005226110909349372,5
5000,subset_accuracy_drop,102,0.6649354696273804,0.0031757717958445287,0.7102856516838074,0.005313868535685771,5
5000,subset_accuracy_drop,103,0.6648383736610413,0.003053505041293565,0.7107350707054139,0.005518970407149357,5
5000,subset_accuracy_drop,104,0.6646122217178345,0.0032261053115587475,0.7107086896896362,0.005388719421625306,5
5000,subset_accuracy_drop,105,0.6647587656974793,0.0032459939051030138,0.7109399676322937,0.005341764647322023,5
5000,subset_accuracy_drop,106,0.6643243074417114,0.0032492677285179765,0.7109030961990357,0.005545099460964404,5
5000,subset_accuracy_drop,107,0.664423668384552,0.0029727427543398614,0.711480438709259,0.005789855562057543,5
5000,subset_accuracy_drop,108,0.6641845226287841,0.00309632852271269,0.711331558227539,0.005734373808798756,5
5000,subset_accuracy_drop,109,0.6641338109970093,0.003632274065389808,0.7115050435066224,0.005448439107804225,5
5000,subset_accuracy_drop,110,0.6639359354972839,0.0031602749280874214,0.7118247866630554,0.005966010682261247,5
5000,subset_accuracy_drop,111,0.6639671921730042,0.0030194083133978232,0.7120810747146606,0.005929369306752036,5
5000,subset_accuracy_drop,112,0.6636037588119507,0.0033102716528251724,0.7117628931999207,0.0058634251570912664,5
5000,subset_accuracy_drop,113,0.6635467529296875,0.003605907178956979,0.7119226336479187,0.005752243543909927,5
5000,subset_accuracy_drop,114,0.6635664224624633,0.003049789771900798,0.712347686290741,0.00616228693315257,5
5000,subset_accuracy_drop,115,0.6633059978485107,0.0030912456320808268,0.7122990489006042,0.006056409815955246,5
5000,subset_accuracy_drop,116,0.663068163394928,0.003380710195766476,0.7122491955757141,0.0060211618056483195,5
5000,subset_accuracy_drop,117,0.6630053400993348,0.003423545039619528,0.7125435709953308,0.006095266188356836,5
5000,subset_accuracy_drop,118,0.663244903087616,0.0029422048968205045,0.7130702853202819,0.006421213428155309,5
5000,subset_accuracy_drop,119,0.662780487537384,0.003418796833381299,0.7128355026245117,0.006130810988387824,5
5000,subset_accuracy_drop,120,0.6626638054847718,0.003419443256708956,0.7129774928092957,0.006036968635851785,5
5000,subset_accuracy_drop,121,0.6626413702964783,0.003230364978239771,0.7131728291511535,0.006049578637667903,5
5000,subset_accuracy_drop,122,0.6627333760261536,0.003091840454828379,0.7134976863861084,0.006116213145527916,5
5000,subset_accuracy_drop,123,0.6624672889709473,0.003491444354811862,0.7135121703147889,0.00582491860784264,5
5000,subset_accuracy_drop,124,0.6622699856758117,0.0034818422341894406,0.7135167717933655,0.005816017329588013,5
5000,subset_accuracy_drop,125,0.6623428583145141,0.003146901181796761,0.7138066291809082,0.006039997841059195,5
5000,subset_accuracy_drop,126,0.6624251365661621,0.0033288886793800413,0.714013671875,0.006216746076557162,5
5000,subset_accuracy_drop,127,0.6619975566864014,0.0034423341097023765,0.7136831879615784,0.006037182824724897,5
5000,subset_accuracy_drop,128,0.6619669079780579,0.003361911109146887,0.7137480497360229,0.006133316692938606,5
5000,subset_accuracy_drop,129,0.6619170665740967,0.0033080069624480835,0.7139101386070251,0.006213981130250632,5
5000,subset_accuracy_drop,130,0.6620381832122803,0.003420633219708899,0.7141678094863891,0.006393135703239321,5
5000,subset_accuracy_drop,131,0.6617430090904236,0.003503969664239656,0.7140413641929626,0.0062245617598532844,5
5000,subset_accuracy_drop,132,0.6615814328193664,0.00332579153074581,0.7139992117881775,0.0062941086503471855,5
5000,subset_accuracy_drop,133,0.6614168405532836,0.0034175865743955184,0.7140642523765564,0.006314908770994357,5
5000,subset_accuracy_drop,134,0.6617943048477173,0.003477870897535013,0.7147041916847229,0.0065658023550774205,5
5000,subset_accuracy_drop,135,0.66142897605896,0.0035996683374347575,0.7144399285316467,0.006313024601044569,5
5000,subset_accuracy_drop,136,0.6612633466720581,0.0034332770612658316,0.7144707441329956,0.006292811530607813,5
5000,subset_accuracy_drop,137,0.6612100720405578,0.003425900285074386,0.7146584987640381,0.006165988756408779,5
5000,subset_accuracy_drop,138,0.661335003376007,0.003661325885776056,0.7147925615310669,0.006049395402638557,5
5000,subset_accuracy_drop,139,0.6612176895141602,0.003558431444042152,0.7147844076156616,0.006050427965231996,5
5000,subset_accuracy_drop,140,0.6610482215881348,0.0034816555968448506,0.7151312589645386,0.005733729083514025,5
5000,subset_accuracy_drop,141,0.6610652923583984,0.003706583120890338,0.7151684284210205,0.0060269029522508535,5
5000,subset_accuracy_drop,142,0.6610847234725952,0.003933810859748085,0.7153265237808227,0.005920213059519064,5
5000,subset_accuracy_drop,143,0.6608423113822937,0.00338365091412085,0.715590524673462,0.006268707704847575,5
5000,subset_accuracy_drop,144,0.660845136642456,0.0034685626230749195,0.7157992124557495,0.006386280591641143,5
5000,subset_accuracy_drop,145,0.6608203887939453,0.0037879978292976453,0.7155851125717163,0.0062960106337496555,5
5000,subset_accuracy_drop,146,0.6607919692993164,0.0038428914590323297,0.7156064867973327,0.006301406909017357,5
5000,subset_accuracy_drop,147,0.6606743693351745,0.003480740688185511,0.7157090306282043,0.006575815504822875,5
5000,subset_accuracy_drop,148,0.6606674551963806,0.003502442089671293,0.7156874179840088,0.00654332102716993,5
5000,subset_accuracy_drop,149,0.660653042793274,0.003838491510420251,0.7155988335609436,0.006425043267268676,5
5000,subset_accuracy_drop,150,0.6606938123703003,0.00395976672760754,0.7158037543296814,0.006467093210249854,5
5000,subset_accuracy_drop,151,0.6605522632598877,0.0035000611199943843,0.7159836530685425,0.0066971388423321026,5
5000,subset_accuracy_drop,152,0.6605351448059082,0.0032759266442331223,0.7161055207252502,0.006786594768769794,5
5000,subset_accuracy_drop,153,0.6604673266410828,0.003842266616442488,0.7159912347793579,0.006563939918499881,5
5000,subset_accuracy_drop,154,0.6604191422462463,0.003832537024245523,0.7160179615020752,0.006549115982649309,5
5000,subset_accuracy_drop,155,0.6602321624755859,0.0035183362630415668,0.7159651041030883,0.006461287319928905,5
5000,subset_accuracy_drop,156,0.6602833271026611,0.0034003597811147076,0.7160536646842957,0.006557929245795888,5
5000,subset_accuracy_drop,157,0.6603614091873169,0.003858021707702062,0.7160482287406922,0.006453592369159122,5
5000,subset_accuracy_drop,158,0.6601753234863281,0.003900445019286146,0.7158918738365173,0.006245224560664614,5
5000,subset_accuracy_drop,159,0.6601109147071839,0.0034254006615320226,0.7162269592285156,0.0064209823715574285,5
5000,subset_accuracy_drop,160,0.6601835012435913,0.0036839713053506773,0.7165430545806885,0.006311986024620583,5
5000,subset_accuracy_drop,161,0.659963870048523,0.003762829924885507,0.716345751285553,0.006283664354676885,5
5000,subset_accuracy_drop,162,0.6600139498710632,0.003945349127095355,0.7164918065071106,0.006269244893309673,5
5000,subset_accuracy_drop,163,0.6600582599639893,0.003432681841300125,0.7168094277381897,0.006691594424729048,5
5000,subset_accuracy_drop,164,0.6599321246147156,0.003649378681387045,0.7168033242225647,0.006712783216252378,5
5000,subset_accuracy_drop,165,0.6598445057868958,0.0037140540932821477,0.7165930509567261,0.0068442952443263615,5
5000,subset_accuracy_drop,166,0.6600034832954407,0.0038226309216810085,0.716742992401123,0.006796079972581423,5
5000,subset_accuracy_drop,167,0.6598918199539184,0.0037866053655543916,0.7168349742889404,0.007008389604726493,5
5000,subset_accuracy_drop,168,0.6596651077270508,0.00359760996885158,0.7168491840362549,0.006938658759758156,5
5000,subset_accuracy_drop,169,0.6596580505371094,0.0036267916866211296,0.7168965339660645,0.0069773689424927395,5
5000,subset_accuracy_drop,170,0.6601117491722107,0.003788851600121138,0.7173834681510926,0.006969472860883896,5
5000,subset_accuracy_drop,171,0.6595669627189636,0.0037886387162287425,0.7170270085334778,0.006751845826369619,5
5000,subset_accuracy_drop,172,0.6595095157623291,0.0036617351928192403,0.7171857833862305,0.006671923754409397,5
5000,subset_accuracy_drop,173,0.6596984386444091,0.0035812208658135775,0.7173359751701355,0.006741766329278645,5
5000,subset_accuracy_drop,174,0.6597594022750854,0.0038716195492883615,0.7172584295272827,0.006522849317551813,5
5000,subset_accuracy_drop,175,0.659591817855835,0.00391096112754936,0.7171594262123108,0.0064864656394942825,5
5000,subset_accuracy_drop,176,0.6593745708465576,0.0036849575024909932,0.7170560359954834,0.006610470670657917,5
5000,subset_accuracy_drop,177,0.6595678567886353,0.0037497149143524014,0.7173007011413575,0.00671236434440209,5
5000,subset_accuracy_drop,178,0.659435510635376,0.0036793638110581024,0.7171767711639404,0.006789810724979965,5
5000,subset_accuracy_drop,179,0.6594425320625306,0.0039261597894886665,0.7172302365303039,0.0066908547757374166,5
5000,subset_accuracy_drop,180,0.6594144463539123,0.0037395671366633244,0.71738041639328,0.006842199084605248,5
5000,subset_accuracy_drop,181,0.6593790292739868,0.003710065323801839,0.7174890756607055,0.006745305169193199,5
5000,subset_accuracy_drop,182,0.6592852115631104,0.0036990728584785637,0.7173843145370483,0.006721954043873042,5
5000,subset_accuracy_drop,183,0.6593685865402221,0.0037629370529051595,0.7174961805343628,0.006622983595591622,5
5000,subset_accuracy_drop,184,0.6593656420707703,0.0036347434332431885,0.7176547765731811,0.006669602969984305,5
5000,subset_accuracy_drop,185,0.6591572880744934,0.00367594192910656,0.7175639867782593,0.0065170485572579265,5
5000,subset_accuracy_drop,186,0.6591450333595276,0.0036211194035442773,0.7176615953445434,0.00659303344229341,5
5000,subset_accuracy_drop,187,0.6592989802360535,0.0035585085005910683,0.7177664518356324,0.006593612311448905,5
5000,subset_accuracy_drop,188,0.6592550158500672,0.0038304128387127317,0.7176536083221435,0.006395221376998125,5
5000,subset_accuracy_drop,189,0.6590393424034119,0.0036419159748714105,0.7176342964172363,0.006384370949619082,5
5000,subset_accuracy_drop,190,0.6590511202812195,0.0035997903506444708,0.717595636844635,0.0064430482985059845,5
5000,subset_accuracy_drop,191,0.6592196345329284,0.003796754878325606,0.7176134943962097,0.006396034555668273,5
5000,subset_accuracy_drop,192,0.6591535210609436,0.003922195214284764,0.7175068497657776,0.006476869221311417,5
5000,subset_accuracy_drop,193,0.6589741587638855,0.0037233384892484747,0.7172944903373718,0.006535939620059656,5
5000,subset_accuracy_drop,194,0.6589916586875916,0.003634222538953389,0.7172169327735901,0.006601861026865948,5
5000,subset_accuracy_drop,195,0.6590765476226806,0.0038731265081453836,0.717191219329834,0.006614120058285152,5
5000,subset_accuracy_drop,196,0.6590137481689453,0.0038061877299465354,0.7170984268188476,0.006633523268450268,5
5000,subset_accuracy_drop,197,0.6588843584060669,0.003687895129908513,0.7171359658241272,0.006596041250387135,5
5000,subset_accuracy_drop,198,0.658952534198761,0.0035051561977013164,0.7171677112579345,0.0066685585711391705,5
5000,subset_accuracy_drop,199,0.6590675711631775,0.003954435192689613,0.7171728730201721,0.0064915436713142,5
5000,subset_accuracy_drop,200,0.6590317130088806,0.0038129665969042765,0.7173338055610656,0.006594488154299424,5
5000,subset_accuracy_drop,201,0.6588838458061218,0.0036538906632860584,0.717384672164917,0.006528260969133154,5
5000,subset_accuracy_drop,202,0.6587835431098938,0.003681418069077597,0.7173004388809204,0.006517391738324357,5
5000,subset_accuracy_drop,203,0.6588590145111084,0.003859296535406819,0.7174126267433166,0.00656389442043143,5
5000,subset_accuracy_drop,204,0.6589394807815552,0.0036662809387238552,0.7176148056983948,0.006837401132496039,5
5000,subset_accuracy_drop,205,0.6587082743644714,0.003691523271476021,0.7176104426383972,0.006824217281689721,5
5000,subset_accuracy_drop,206,0.6587065815925598,0.003718635917361394,0.7177248358726501,0.006939846969522052,5
5000,subset_accuracy_drop,207,0.6587270379066468,0.003795847437873202,0.7177858829498291,0.006962571926062011,5
5000,subset_accuracy_drop,208,0.6587991118431091,0.003765610253795946,0.7179489612579346,0.0070237638427707045,5
5000,subset_accuracy_drop,209,0.658660614490509,0.003729121575411815,0.7178638100624084,0.006860718889468933,5
5000,subset_accuracy_drop,210,0.6586068868637085,0.003747917054524832,0.7176984310150146,0.006655998434471211,5
5000,subset_accuracy_drop,211,0.6586995005607605,0.003678996535135512,0.7177484512329102,0.006616685801308049,5
5000,subset_accuracy_drop,212,0.6587953448295594,0.0035848466692019864,0.7179440140724183,0.0066752732643514945,5
5000,subset_accuracy_drop,213,0.6586605906486511,0.003678055028085794,0.717778992652893,0.006485606207951103,5
5000,subset_accuracy_drop,214,0.6585923790931701,0.0037695183648802236,0.7176283240318299,0.006318422260757675,5
5000,subset_accuracy_drop,215,0.6586092591285706,0.003702969667382661,0.7177573680877686,0.006327382633245842,5
5000,subset_accuracy_drop,216,0.6585879683494568,0.0036590315150898277,0.7178572058677674,0.006331845272342202,5
5000,subset_accuracy_drop,217,0.6584844946861267,0.0037244492569916006,0.7179586172103882,0.0063511397307321775,5
5000,subset_accuracy_drop,218,0.6584893584251403,0.003777819590253242,0.7180796384811401,0.00642607281136463,5
5000,subset_accuracy_drop,219,0.6585127353668213,0.003737559088603283,0.7181073904037476,0.006516600778776212,5
5000,subset_accuracy_drop,220,0.6585334539413452,0.0036812625575502965,0.7182177662849426,0.0066907553542025254,5
5000,subset_accuracy_drop,221,0.6585028171539307,0.0038051706752639325,0.7181141257286072,0.006664902675293946,5
5000,subset_accuracy_drop,222,0.658504867553711,0.0038094320064327026,0.7180012941360474,0.006615285286135288,5
5000,subset_accuracy_drop,223,0.6584950685501099,0.003652026317279832,0.7181182980537415,0.006705586283486747,5
5000,subset_accuracy_drop,224,0.6585692524909973,0.003720355056535235,0.718136465549469,0.006665644193790617,5
5000,subset_accuracy_drop,225,0.6584201931953431,0.0038177416805921694,0.717720341682434,0.006381892750475589,5
5000,subset_accuracy_drop,226,0.6584062337875366,0.0037668294161353295,0.7176596164703369,0.006371403733831572,5
5000,subset_accuracy_drop,227,0.658617639541626,0.0035076899748136894,0.7178202867507935,0.006546413383487331,5
5000,subset_accuracy_drop,228,0.6584331870079041,0.0038698762878514753,0.7176314711570739,0.006305908138418849,5
5000,subset_accuracy_drop,229,0.6584683418273926,0.003816103448032295,0.7176965236663818,0.006337416330019624,5
5000,subset_accuracy_drop,230,0.6584081053733826,0.003604677789599882,0.7178207397460937,0.006494317565902483,5
5000,subset_accuracy_drop,231,0.6586060881614685,0.003422634477240794,0.7181854367256164,0.00674332719771475,5
5000,subset_accuracy_drop,232,0.6584004282951355,0.003741927629806001,0.7181417584419251,0.006575325448139929,5
5000,subset_accuracy_drop,233,0.6584572553634643,0.003883436445366527,0.7182139754295349,0.006642112688863789,5
5000,subset_accuracy_drop,234,0.6584935784339905,0.0035412652165694083,0.7183761477470398,0.006865031772238337,5
5000,subset_accuracy_drop,235,0.6584714651107788,0.0036097361465060175,0.7184709310531616,0.006965878910372861,5
5000,subset_accuracy_drop,236,0.6583669185638428,0.003801532038653249,0.7182644486427308,0.006822613150328512,5
5000,subset_accuracy_drop,237,0.6582789540290832,0.0038776522055453677,0.7179629921913147,0.006705764276782978,5
5000,subset_accuracy_drop,238,0.6584000706672668,0.003612204137637423,0.7179753184318542,0.006781193511005303,5
5000,subset_accuracy_drop,239,0.6583085656166077,0.0037785878855945594,0.7178190231323243,0.006529335882372939,5
5000,subset_accuracy_drop,240,0.6582951545715332,0.003791314864908559,0.7177254915237427,0.0064968068014630825,5
5000,subset_accuracy_drop,241,0.6582434177398682,0.003825033908464245,0.7177364587783813,0.006452069047765083,5
5000,subset_accuracy_drop,242,0.6582996249198914,0.003558423474359691,0.7179501414299011,0.006665512422334156,5
5000,subset_accuracy_drop,243,0.6584697127342224,0.0038377093125667784,0.7182122707366944,0.006721142052692134,5
5000,subset_accuracy_drop,244,0.6582901120185852,0.003934970130928259,0.7179504871368408,0.006597143873799496,5
5000,subset_accuracy_drop,245,0.6582502603530884,0.0038111356821491325,0.7179411172866821,0.00673087309138997,5
5000,subset_accuracy_drop,246,0.658263373374939,0.0036182084926029406,0.7182207942008972,0.00697360951861048,5
5000,subset_accuracy_drop,247,0.658283805847168,0.00388425662959241,0.7183138966560364,0.006967937713576015,5
5000,subset_accuracy_drop,248,0.6581880927085877,0.003895829795264658,0.718169105052948,0.006981758422132996,5
5000,subset_accuracy_drop,249,0.6581567645072937,0.003922134289525569,0.7182435631752014,0.006983147218865096,5
5000,subset_accuracy_drop,250,0.6582418322563172,0.003791641689874946,0.7184334993362427,0.007109767791223106,5
5000,subset_accuracy_drop,251,0.6582385301589966,0.0038145797048275655,0.718334412574768,0.007054308092482213,5
5000,subset_accuracy_drop,252,0.6581705927848815,0.003895851568152862,0.7181697607040405,0.006917813258775257,5
5000,subset_accuracy_drop,253,0.6581564903259277,0.003873096561594493,0.7181665778160096,0.006842206165937368,5
5000,subset_accuracy_drop,254,0.6581375956535339,0.003770649763519137,0.7182020664215087,0.006816580026865364,5
5000,subset_accuracy_drop,255,0.658109712600708,0.0038319422407499964,0.7180734634399414,0.0067661066070497195,5
5000,subset_accuracy_drop,256,0.6580918312072754,0.0038085157245551188,0.7181454181671143,0.006695963468339547,5
5000,subset_accuracy_drop,257,0.6580638766288758,0.003852974244431496,0.7183061838150024,0.006598619337123801,5
5000,subset_accuracy_drop,258,0.6580691814422608,0.003797310723976249,0.718390953540802,0.006548233455153046,5
5000,subset_accuracy_drop,259,0.6580539345741272,0.0038277808581491713,0.7182722330093384,0.006484308310942285,5
5000,subset_accuracy_drop,260,0.6580003380775452,0.0037993094376648994,0.7181549906730652,0.006551720385023961,5
5000,subset_accuracy_drop,261,0.658088219165802,0.0038952299927228176,0.7182325601577759,0.006618115850124471,5
5000,subset_accuracy_drop,262,0.6580206751823425,0.0038457755343617186,0.7182141542434692,0.006682458282341577,5
5000,subset_accuracy_drop,263,0.6579610347747803,0.0037940505740670575,0.7179991364479065,0.006903545747093417,5
5000,subset_accuracy_drop,264,0.6581128478050232,0.0038146540817222867,0.7181472897529602,0.007082992996722986,5
5000,subset_accuracy_drop,265,0.6580418467521667,0.0037849531393101357,0.7182310581207275,0.0072563814434787295,5
5000,subset_accuracy_drop,266,0.6580080389976501,0.0038221270505346856,0.7182464599609375,0.007259375719532398,5
5000,subset_accuracy_drop,267,0.6580360770225525,0.0037926180053092537,0.7181766271591187,0.00722566143058753,5
5000,subset_accuracy_drop,268,0.6580156087875366,0.003817700766869216,0.7181872844696044,0.007118916332460602,5
5000,subset_accuracy_drop,269,0.6580013513565064,0.0038107455848942168,0.7182415366172791,0.006924161261315028,5
5000,subset_accuracy_drop,270,0.6579032421112061,0.0038663561374824157,0.7179829716682434,0.0067756077303381245,5
5000,subset_accuracy_drop,271,0.6580364584922791,0.0039032894356243217,0.7179938912391662,0.006693120067507886,5
5000,subset_accuracy_drop,272,0.6579036116600037,0.0037884898337941716,0.7180664896965027,0.00679040576416477,5
5000,subset_accuracy_drop,273,0.6579367756843567,0.003865116520048706,0.7182294964790344,0.00670572918581432,5
5000,subset_accuracy_drop,274,0.6579044699668884,0.0038470739622227107,0.7181562185287476,0.0067736167797900065,5
5000,subset_accuracy_drop,275,0.6581110477447509,0.004049944163326296,0.7183958292007446,0.006684680092509195,5
5000,subset_accuracy_drop,276,0.6579643011093139,0.0037183637812023282,0.7184323191642761,0.006817490119209653,5
5000,subset_accuracy_drop,277,0.6579201936721801,0.0038926216136735054,0.718181574344635,0.00653318565071991,5
5000,subset_accuracy_drop,278,0.6579843044281006,0.003859372853303493,0.7179101943969727,0.006479426283090932,5
5000,subset_accuracy_drop,279,0.6580060243606567,0.0037622969736603143,0.7179134368896485,0.006420649390794522,5
5000,subset_accuracy_drop,280,0.6578988313674927,0.0037274829694856773,0.7178945183753968,0.006231374259118975,5
5000,subset_accuracy_drop,281,0.657890236377716,0.0038902710901054763,0.7177655577659607,0.006113413730314931,5
5000,subset_accuracy_drop,282,0.6579134583473205,0.003833180894521923,0.7178198456764221,0.006170670950041286,5
5000,subset_accuracy_drop,283,0.6578509688377381,0.0037577137558558265,0.7180370092391968,0.006330044371211771,5
5000,subset_accuracy_drop,284,0.6578420758247375,0.003789772304676182,0.7182145714759827,0.006490437401622582,5
5000,subset_accuracy_drop,285,0.6579863786697387,0.004024193951206416,0.718325936794281,0.006523187350799737,5
5000,subset_accuracy_drop,286,0.6577989816665649,0.003766158086783816,0.7184007883071899,0.00669037580058011,5
5000,subset_accuracy_drop,287,0.657811439037323,0.0037130415329810693,0.7186461687088013,0.006664679453348114,5
5000,subset_accuracy_drop,288,0.6578498005867004,0.003851177192527939,0.7186046123504639,0.006712078955846553,5
5000,subset_accuracy_drop,289,0.6579074382781982,0.004023526771377588,0.718641746044159,0.006566074139256039,5
5000,subset_accuracy_drop,290,0.6577301859855652,0.003792714647997714,0.718757712841034,0.0065859331741158446,5
5000,subset_accuracy_drop,291,0.6577529191970826,0.003811208052491965,0.7188260078430175,0.006601741112816149,5
5000,subset_accuracy_drop,292,0.6578552842140197,0.003919417872089111,0.718768584728241,0.006697883262299572,5
5000,subset_accuracy_drop,293,0.6578744411468506,0.0039012284157890105,0.7187665104866028,0.006760847876513585,5
5000,subset_accuracy_drop,294,0.6577534675598145,0.0037676881085942464,0.7186754226684571,0.0067442696529880514,5
5000,subset_accuracy_drop,295,0.6576795816421509,0.003826472625709887,0.7184517741203308,0.006667667629809569,5
5000,subset_accuracy_drop,296,0.657729196548462,0.003910348153052654,0.7183362007141113,0.0066636720485633615,5
5000,subset_accuracy_drop,297,0.6578057289123536,0.0038428506492504838,0.7183952093124389,0.006673079623216126,5
5000,subset_accuracy_drop,298,0.6577645778656006,0.003737095590383106,0.7183852672576905,0.006696716195968019,5
5000,subset_accuracy_drop,299,0.657682991027832,0.0038235311562482906,0.7183146953582764,0.0066432599572821055,5
5000,subset_accuracy_drop,300,0.6577140688896179,0.003882721276211485,0.7183273196220398,0.0066165875888050405,5
5000,subset_accuracy_drop,301,0.6577254176139832,0.00383608552576622,0.7183589100837707,0.006600043250186543,5
5000,subset_accuracy_drop,302,0.6577525973320008,0.0037913632574248365,0.718386435508728,0.006606187257659613,5
5000,subset_accuracy_drop,303,0.6577102899551391,0.0038831704161177614,0.7182839751243592,0.006610659946871281,5
5000,subset_accuracy_drop,304,0.6576931476593018,0.0038845022780310354,0.7181889772415161,0.006711263635642108,5
5000,subset_accuracy_drop,305,0.6577036261558533,0.0037444346242687166,0.7181371688842774,0.006824456324466881,5
5000,subset_accuracy_drop,306,0.657704746723175,0.003835110927571034,0.7180132627487182,0.006877202769280653,5
5000,subset_accuracy_drop,307,0.6576637506484986,0.0038986462938487313,0.7179266095161438,0.006902604392270429,5
5000,subset_accuracy_drop,308,0.6576129913330078,0.0038208051526056382,0.7179268836975098,0.0069051367587864565,5
5000,subset_accuracy_drop,309,0.6576690793037414,0.0038239254871247036,0.7179851651191711,0.006920162197047783,5
5000,subset_accuracy_drop,310,0.657693600654602,0.0039452169213724676,0.7180305480957031,0.006847410653487512,5
5000,subset_accuracy_drop,311,0.657616937160492,0.0038597525549038916,0.71808340549469,0.006838372599495445,5
5000,subset_accuracy_drop,312,0.6576011538505554,0.0037862637427496463,0.7181788206100463,0.006670349732806888,5
5000,subset_accuracy_drop,313,0.6576344847679139,0.003824149353742192,0.7180509328842163,0.006581531279294555,5
5000,subset_accuracy_drop,314,0.6577221035957337,0.0039332258614537575,0.7180450558662415,0.0064146047892822845,5
5000,subset_accuracy_drop,315,0.6575945854187012,0.003799992445379705,0.7180431962013245,0.006239025756200097,5
5000,subset_accuracy_drop,316,0.6575747609138489,0.0038245762434666666,0.7180272698402405,0.006104567855117563,5
5000,subset_accuracy_drop,317,0.6576816082000733,0.003965750207303223,0.7180935144424438,0.006238359275721981,5
5000,subset_accuracy_drop,318,0.6576949477195739,0.0038633594258281295,0.7182551980018616,0.006453937869541658,5
5000,subset_accuracy_drop,319,0.6575368881225586,0.003823456080829797,0.7181906461715698,0.0064531621399563375,5
5000,subset_accuracy_drop,320,0.6575616955757141,0.0039021214131455297,0.7182248950004577,0.006637992883864487,5
5000,subset_accuracy_drop,321,0.6577003836631775,0.003938858720580707,0.7184152722358703,0.006817614262608076,5
5000,subset_accuracy_drop,322,0.657657778263092,0.003845261140412702,0.7183721423149109,0.006891502001331706,5
5000,subset_accuracy_drop,323,0.6576120615005493,0.0037470264274258066,0.7184054970741272,0.006878888433812704,5
5000,subset_accuracy_drop,324,0.6577218174934387,0.0038244091038759104,0.7185305833816529,0.007021388048295241,5
5000,subset_accuracy_drop,325,0.6576913595199585,0.003978708587454668,0.7182987332344055,0.006897471770427944,5
5000,subset_accuracy_drop,326,0.6577553629875184,0.003936047896309781,0.7181929469108581,0.006785228039015017,5
5000,subset_accuracy_drop,327,0.6576692938804627,0.0036321936825446308,0.7180403709411621,0.006706090863382835,5
5000,subset_accuracy_drop,328,0.6576210975646972,0.0038823189842360512,0.7179482340812683,0.006525374480117755,5
5000,subset_accuracy_drop,329,0.6576741337776184,0.00392318698671291,0.7178827524185181,0.006378271876226643,5
5000,subset_accuracy_drop,330,0.6576587677001953,0.003820334743521902,0.7179408431053161,0.006233420934000735,5
5000,subset_accuracy_drop,331,0.6576559901237488,0.003720413777445004,0.7181035041809082,0.006244509239657534,5
5000,subset_accuracy_drop,332,0.6575551509857178,0.003848611038156594,0.7180199742317199,0.006211736788785863,5
5000,subset_accuracy_drop,333,0.6576124787330627,0.003854408052652466,0.7179868340492248,0.006256398997339015,5
5000,subset_accuracy_drop,334,0.6576332688331604,0.003749409814565058,0.7180506706237793,0.006283384970166216,5
5000,subset_accuracy_drop,335,0.6575502872467041,0.0038130477097802306,0.7180707454681396,0.006280737687425843,5
5000,subset_accuracy_drop,336,0.6575211644172668,0.0038856186811724778,0.7178902745246887,0.006287326048657777,5
5000,subset_accuracy_drop,337,0.6575977444648743,0.0037495090779566787,0.717843496799469,0.006445749487314391,5
5000,subset_accuracy_drop,338,0.657542061805725,0.003757216028783235,0.717822003364563,0.006487896901802289,5
5000,subset_accuracy_drop,339,0.657570230960846,0.0038637949165148807,0.7179192781448365,0.006588771919633656,5
5000,subset_accuracy_drop,340,0.6575386762619019,0.0038805887624116797,0.7180117726325989,0.00663206531688318,5
5000,subset_accuracy_drop,341,0.6575283646583557,0.0037817692462358845,0.7181611895561218,0.0066172289070799304,5
5000,subset_accuracy_drop,342,0.6575386762619019,0.0038265996740630592,0.7182744979858399,0.006625252805640809,5
5000,subset_accuracy_drop,343,0.6575045943260193,0.0038190404062038697,0.7183652281761169,0.0066141118488350515,5
5000,subset_accuracy_drop,344,0.6574737429618835,0.0038849381281693125,0.7183231353759766,0.006637186494216651,5
5000,subset_accuracy_drop,345,0.6575078725814819,0.003894210706003895,0.7182633757591248,0.006628992613375065,5
5000,subset_accuracy_drop,346,0.6575615286827088,0.0038087834310960604,0.7183328151702881,0.006800744261954812,5
5000,subset_accuracy_drop,347,0.6575168013572693,0.003768021148655881,0.7183535933494568,0.00684725994476004,5
5000,subset_accuracy_drop,348,0.6575187087059021,0.0037922272618314897,0.7182968974113464,0.006934267105576961,5
5000,subset_accuracy_drop,349,0.6575034737586976,0.0037820503158039697,0.7182412028312684,0.0069867075810285005,5
5000,subset_accuracy_drop,350,0.6574298024177552,0.003866554095259113,0.7181194305419922,0.006938768179409834,5
5000,subset_accuracy_drop,351,0.6575088381767273,0.0038091391484193966,0.7182325839996337,0.006943035151486003,5
5000,subset_accuracy_drop,352,0.6575384736061096,0.0036843689499732875,0.7183384895324707,0.006910488195799669,5
5000,subset_accuracy_drop,353,0.6574291348457336,0.003891879517453252,0.7182718276977539,0.006709852715603254,5
5000,subset_accuracy_drop,354,0.6574347853660584,0.0038940652371583077,0.7183614850044251,0.0066143935530922175,5
5000,subset_accuracy_drop,355,0.6575161457061768,0.0038009973173778375,0.7185728549957275,0.006668661167595057,5
5000,subset_accuracy_drop,356,0.6574949502944947,0.0036943309193497916,0.718548846244812,0.006734952416344935,5
5000,subset_accuracy_drop,357,0.6573989033699036,0.0038423184356040966,0.7184152245521546,0.006643553873683636,5
5000,subset_accuracy_drop,358,0.657370388507843,0.0038609872030354363,0.7184217095375061,0.006676593867492174,5
5000,subset_accuracy_drop,359,0.6575678944587707,0.0037750853932425246,0.7184873819351196,0.006814540334058274,5
5000,subset_accuracy_drop,360,0.6575618505477905,0.0038043738538936027,0.7183397054672241,0.0068448156412940055,5
5000,subset_accuracy_drop,361,0.6574023008346558,0.0038780668689272725,0.718237292766571,0.006787082263173123,5
5000,subset_accuracy_drop,362,0.6574162840843201,0.0038745745675264013,0.7183061838150024,0.00682823479815198,5
5000,subset_accuracy_drop,363,0.6575882315635682,0.0038296496471363806,0.718464457988739,0.006930735811443237,5
5000,subset_accuracy_drop,364,0.6574786186218262,0.003866204267682543,0.718419885635376,0.006852657903387263,5
5000,subset_accuracy_drop,365,0.6573793172836304,0.0038331137028033485,0.7185344219207763,0.006736708840585887,5
5000,subset_accuracy_drop,366,0.6574163198471069,0.003842599241680354,0.7186688303947448,0.006690681792625755,5
5000,subset_accuracy_drop,367,0.6575193881988526,0.0038552521567478057,0.7187570929527283,0.006661345130271803,5
5000,subset_accuracy_drop,368,0.6575224876403809,0.003826140687575236,0.7186839818954468,0.006602915361268159,5
5000,subset_accuracy_drop,369,0.6573616147041321,0.0039033098621597388,0.7185303330421448,0.0064680428678443695,5
5000,subset_accuracy_drop,370,0.6574415445327759,0.0038865414061313103,0.718596076965332,0.006561445553256341,5
5000,subset_accuracy_drop,371,0.657533836364746,0.003716357036640876,0.7186101198196411,0.006655253579726785,5
5000,subset_accuracy_drop,372,0.6575709223747254,0.003752663324835421,0.7183263182640076,0.00656157804879858,5
5000,subset_accuracy_drop,373,0.6573549628257751,0.0038279644260951723,0.7181246519088745,0.0064276726870576405,5
5000,subset_accuracy_drop,374,0.6574164628982544,0.0037624010406208394,0.7183091044425964,0.006454521309677205,5
5000,subset_accuracy_drop,375,0.6575159430503845,0.0037338906150236615,0.7182710409164429,0.00645270055492835,5
5000,subset_accuracy_drop,376,0.6575743079185485,0.0037535808708083094,0.7181172847747803,0.006327508176197537,5
5000,subset_accuracy_drop,377,0.6573710083961487,0.0038328356026847616,0.7179842352867126,0.006191617458067032,5
5000,subset_accuracy_drop,378,0.6574080348014831,0.0038092992816199664,0.7180768370628356,0.006389603950818595,5
5000,subset_accuracy_drop,379,0.6574246168136597,0.003801136699533689,0.7179781079292298,0.006449988768070753,5
5000,subset_accuracy_drop,380,0.6574355006217957,0.00379717190543575,0.7180215001106263,0.006511273551306037,5
5000,subset_accuracy_drop,381,0.657297921180725,0.003883260951717941,0.718026852607727,0.006520438749556139,5
5000,subset_accuracy_drop,382,0.657346510887146,0.0038663185811508736,0.7182014226913452,0.0066581755909563565,5
5000,subset_accuracy_drop,383,0.6573977470397949,0.0038890180724181454,0.7183143496513367,0.0067304240101054265,5
5000,subset_accuracy_drop,384,0.6574013471603394,0.0038275239279574446,0.7183308601379395,0.006698380572960617,5
5000,subset_accuracy_drop,385,0.6573032379150391,0.0038450751046201197,0.718330192565918,0.006543060806874904,5
5000,subset_accuracy_drop,386,0.6573646306991577,0.003920414000321376,0.7183945775032043,0.006499477365917905,5
5000,subset_accuracy_drop,387,0.6573504567146301,0.0039212708920285475,0.7183301329612732,0.006451014578148515,5
5000,subset_accuracy_drop,388,0.6573922157287597,0.0037985410726993464,0.7183288335800171,0.006451867353510861,5
5000,subset_accuracy_drop,389,0.6573681116104126,0.0038732173404341487,0.7181784629821777,0.006534315827442908,5
5000,subset_accuracy_drop,390,0.6573544263839721,0.003909763334971689,0.7181670427322387,0.006546667102965129,5
5000,subset_accuracy_drop,391,0.6572804570198059,0.0038402011866240033,0.7181218147277832,0.0065469396010603975,5
5000,subset_accuracy_drop,392,0.6573137521743775,0.0038237968201465943,0.717985212802887,0.006564356835018269,5
5000,subset_accuracy_drop,393,0.6574165344238281,0.0039490335864120815,0.7178959488868714,0.006548328231878909,5
5000,subset_accuracy_drop,394,0.657323133945465,0.003856904958620323,0.717859423160553,0.00656212002906517,5
5000,subset_accuracy_drop,395,0.65725679397583,0.0038453319159139437,0.7178630232810974,0.006428912488374493,5
5000,subset_accuracy_drop,396,0.6573118925094604,0.003957712486447663,0.7178028464317322,0.006533431546248057,5
5000,subset_accuracy_drop,397,0.6574071526527405,0.00396505247249999,0.71790611743927,0.00665385432234216,5
5000,subset_accuracy_drop,398,0.657333779335022,0.0038679822677305784,0.7179189562797547,0.006567485736751566,5
5000,subset_accuracy_drop,399,0.6572632551193237,0.00390728049860356,0.717711889743805,0.006705881327275599,5
5000,subset_accuracy_drop,400,0.6574139356613159,0.00406050973743277,0.717745566368103,0.0066806156002806915,5
5000,subset_accuracy_drop,401,0.6573258638381958,0.003832888813598752,0.7177976727485657,0.0067479883884897455,5
5000,subset_accuracy_drop,402,0.6572498083114624,0.003905488618023923,0.7177935838699341,0.006615517751967766,5
5000,subset_accuracy_drop,403,0.657327663898468,0.004042559050447077,0.7178080916404724,0.0065444462008054805,5
5000,subset_accuracy_drop,404,0.6573399543762207,0.003868534202357928,0.7179424643516541,0.0065727146952050215,5
5000,subset_accuracy_drop,405,0.6572949290275574,0.0038583141915993946,0.718094551563263,0.006396322482827733,5
5000,subset_accuracy_drop,406,0.6572619080543518,0.0038883081937626574,0.7180975198745727,0.006343176386572376,5
5000,subset_accuracy_drop,407,0.6573560118675232,0.0040037068981464,0.7181081175804138,0.006222432937574134,5
5000,subset_accuracy_drop,408,0.6573619961738586,0.00380111508089808,0.7181493639945984,0.006281594998702479,5
5000,subset_accuracy_drop,409,0.6572654962539672,0.00388386739659973,0.7180789709091187,0.006329333863176123,5
5000,subset_accuracy_drop,410,0.6572737455368042,0.0039188625692678615,0.7180878758430481,0.006483250490891885,5
5000,subset_accuracy_drop,411,0.6573089361190796,0.00393388774670454,0.7181910753250123,0.0065988310562886425,5
5000,subset_accuracy_drop,412,0.6573997020721436,0.0036393384286306147,0.7183181881904602,0.006754715618643238,5
5000,subset_accuracy_drop,413,0.6572663903236389,0.003907449895198998,0.7182187557220459,0.006658561356906994,5
5000,subset_accuracy_drop,414,0.6572725892066955,0.003941643174821433,0.7182368993759155,0.006637365352960582,5
5000,subset_accuracy_drop,415,0.6573151826858521,0.0039729945370354505,0.7183715581893921,0.0066821459476134795,5
5000,subset_accuracy_drop,416,0.6574131727218628,0.0037602595734455148,0.7185792565345764,0.006949857429092001,5
5000,subset_accuracy_drop,417,0.6573737621307373,0.0039545568883255855,0.718437659740448,0.0068196179957297366,5
5000,subset_accuracy_drop,418,0.6572523474693298,0.0038326082662759504,0.7183502197265625,0.006863125333958748,5
5000,subset_accuracy_drop,419,0.6573228001594543,0.003964582405825337,0.7183370590209961,0.006712679938472478,5
5000,subset_accuracy_drop,420,0.657534384727478,0.0036771140333381274,0.7182819604873657,0.006953050299210351,5
5000,subset_accuracy_drop,421,0.6573119282722473,0.003924249408012723,0.7179432868957519,0.006638688095913553,5
5000,subset_accuracy_drop,422,0.6573127627372741,0.0038390007907593594,0.7178998470306397,0.006447440801758446,5
5000,subset_accuracy_drop,423,0.6574718356132507,0.003912288203514439,0.717928946018219,0.00640085185127814,5
5000,subset_accuracy_drop,424,0.6574639916419983,0.003820929589814964,0.7177826642990113,0.006315153941338436,5
5000,subset_accuracy_drop,425,0.6572654247283936,0.003882704848614594,0.7176393270492554,0.006139709296660775,5
5000,subset_accuracy_drop,426,0.6572673201560975,0.003869913548751185,0.717642629146576,0.0060711838780038605,5
5000,subset_accuracy_drop,427,0.6575389862060547,0.004050154506677527,0.7179356217384338,0.0060258916238951025,5
5000,subset_accuracy_drop,428,0.6573893785476684,0.003761302160639448,0.7179982185363769,0.006131135891140031,5
5000,subset_accuracy_drop,429,0.6572815179824829,0.0038961582956223897,0.7179194092750549,0.005956906695259173,5
5000,subset_accuracy_drop,430,0.6572960138320922,0.003814588755083166,0.7177994132041932,0.00621384214404547,5
5000,subset_accuracy_drop,431,0.6575170636177063,0.004005685077532403,0.7178759336471557,0.006316520702737402,5
5000,subset_accuracy_drop,432,0.6574275374412537,0.003638704940062905,0.7178647637367248,0.006535909291568724,5
5000,subset_accuracy_drop,433,0.6572249174118042,0.003860781273028118,0.7176388740539551,0.006417475701921475,5
5000,subset_accuracy_drop,434,0.6572734236717224,0.003923347893025274,0.7175844430923461,0.0064705009809411605,5
5000,subset_accuracy_drop,435,0.6572778224945068,0.0038648723867740296,0.7176591873168945,0.006441825086670133,5
5000,subset_accuracy_drop,436,0.6572362422943115,0.0037801916725339504,0.7178091645240784,0.0062901606627091084,5
5000,subset_accuracy_drop,437,0.6572862386703491,0.0038861183701611314,0.717868447303772,0.006344708049731399,5
5000,subset_accuracy_drop,438,0.6572567820549011,0.00399278032741583,0.7177775979042054,0.006187215248073551,5
5000,subset_accuracy_drop,439,0.6572492837905883,0.0038524621033031474,0.7177757859230042,0.006101995907730342,5
5000,subset_accuracy_drop,440,0.657225489616394,0.00386956236391934,0.7176924467086792,0.0060584119959503835,5
5000,subset_accuracy_drop,441,0.6572747111320496,0.00390066547555047,0.7177309989929199,0.006195548276426872,5
5000,subset_accuracy_drop,442,0.6572001934051513,0.00392339705155778,0.7176254510879516,0.0060958559766012945,5
5000,subset_accuracy_drop,443,0.6571999788284302,0.003755849424470372,0.7176774621009827,0.0060270352058939105,5
5000,subset_accuracy_drop,444,0.6572320342063904,0.00386047465027307,0.717724347114563,0.006163729586844973,5
5000,subset_accuracy_drop,445,0.6573809266090394,0.003916336649942039,0.7178412675857544,0.0063547041254900585,5
5000,subset_accuracy_drop,446,0.6571574091911316,0.003884725200605913,0.7176552891731263,0.006299490422988384,5
5000,subset_accuracy_drop,447,0.6572658777236938,0.0037175249276552224,0.7177885413169861,0.0062837722114247735,5
5000,subset_accuracy_drop,448,0.6573687195777893,0.003859786634779435,0.7177487969398498,0.006409228880542656,5
5000,subset_accuracy_drop,449,0.6573397636413574,0.0038751715439241997,0.7177495241165162,0.006434239976583256,5
5000,subset_accuracy_drop,450,0.6571921467781067,0.0038466031668079465,0.7175933837890625,0.006154658893416545,5
5000,subset_accuracy_drop,451,0.6572303056716919,0.003825203340809399,0.717478609085083,0.006069106952228479,5
5000,subset_accuracy_drop,452,0.6574328184127808,0.0038854439479062432,0.7175920963287353,0.006024932274826024,5
5000,subset_accuracy_drop,453,0.657252061367035,0.0038499615296428186,0.7176379799842835,0.005995034631434274,5
5000,subset_accuracy_drop,454,0.6571834325790405,0.003836458283062268,0.7176453828811645,0.006019164295141347,5
5000,subset_accuracy_drop,455,0.6572325468063355,0.003968337597114709,0.7176047205924988,0.006160234136403683,5
5000,subset_accuracy_drop,456,0.6573145031929016,0.003901068193673617,0.7177857875823974,0.006297799339717374,5
5000,subset_accuracy_drop,457,0.6572082281112671,0.0038111198642474518,0.7179300546646118,0.006343552402630738,5
5000,subset_accuracy_drop,458,0.6572534561157226,0.003822180132841077,0.7179084062576294,0.006496574833272235,5
5000,subset_accuracy_drop,459,0.657194983959198,0.003943306217751997,0.7177792549133301,0.006316710116454302,5
5000,subset_accuracy_drop,460,0.6572670102119446,0.0038115296568962897,0.7178796172142029,0.006280474697243328,5
5000,subset_accuracy_drop,461,0.6571549892425537,0.0038840205654517668,0.7177677631378174,0.006086954063574919,5
5000,subset_accuracy_drop,462,0.6572324991226196,0.0038675869537832717,0.7178104519844055,0.006030149179377509,5
5000,subset_accuracy_drop,463,0.6572251439094543,0.0038653294065019057,0.7177066326141357,0.005868328784581051,5
5000,subset_accuracy_drop,464,0.657210397720337,0.0038058991276198437,0.7177747249603271,0.005859889104887484,5
5000,subset_accuracy_drop,465,0.6571532368659974,0.0038988874497339243,0.717720890045166,0.005850937368928509,5
5000,subset_accuracy_drop,466,0.6572170376777648,0.003963847227702619,0.7176939964294433,0.005915870651584832,5
5000,subset_accuracy_drop,467,0.6571828722953796,0.0038781302468857567,0.7177188277244568,0.006057374103904083,5
5000,subset_accuracy_drop,468,0.6572082996368408,0.0037920288098424572,0.7177981972694397,0.0062255973342927855,5
5000,subset_accuracy_drop,469,0.6571791529655456,0.0039238473993357306,0.7176956415176392,0.0063634972323087175,5
5000,subset_accuracy_drop,470,0.6571780204772949,0.003937253686449214,0.7175983309745788,0.006437345561925161,5
5000,subset_accuracy_drop,471,0.6571708917617798,0.003840917237398799,0.7175451397895813,0.006353515965803449,5
5000,subset_accuracy_drop,472,0.6572824120521545,0.003740715490966437,0.7175812602043152,0.006468642493251093,5
5000,subset_accuracy_drop,473,0.6572173595428467,0.003972188558276448,0.7174345254898071,0.006407213201760838,5
5000,subset_accuracy_drop,474,0.6571214079856873,0.003848071100540465,0.717324161529541,0.006299014788353734,5
5000,subset_accuracy_drop,475,0.6571208477020264,0.003881662049356493,0.7172314286231994,0.006220615569808549,5
5000,subset_accuracy_drop,476,0.6574578046798706,0.003608628295375421,0.7175577282905579,0.006511597600110254,5
5000,subset_accuracy_drop,477,0.6572779893875123,0.0038214522128414835,0.7175103306770325,0.006353732376971579,5
5000,subset_accuracy_drop,478,0.6571814775466919,0.0038027035381018055,0.7175463318824769,0.00617265493955389,5
5000,subset_accuracy_drop,479,0.6571893930435181,0.003875105676951643,0.7176552653312683,0.006129026995023241,5
5000,subset_accuracy_drop,480,0.6573658108711242,0.0038217382247319664,0.7179279565811157,0.0061129165196141715,5
5000,subset_accuracy_drop,481,0.6572932958602905,0.0037320698642744174,0.7180316686630249,0.006091459581781226,5
5000,subset_accuracy_drop,482,0.6571327567100524,0.003837326878930335,0.7178702116012573,0.005937262804016711,5
5000,subset_accuracy_drop,483,0.6572023630142212,0.004004987623003545,0.7177535891532898,0.006059980166260018,5
5000,subset_accuracy_drop,484,0.6572589635848999,0.0039373752631072945,0.7177557110786438,0.006187479533885762,5
5000,subset_accuracy_drop,485,0.6571909785270691,0.003711072797249177,0.7177865266799927,0.006165592580035126,5
5000,subset_accuracy_drop,486,0.6571457266807557,0.0038159868736202325,0.7176783084869385,0.006356035668245362,5
5000,subset_accuracy_drop,487,0.6571703314781189,0.0039922301940091874,0.7175987839698792,0.006581524211521266,5
5000,subset_accuracy_drop,488,0.6571699380874634,0.0037911548150444396,0.7177512288093567,0.006746133946288424,5
5000,subset_accuracy_drop,489,0.6571357488632202,0.0037866383827267432,0.7177779674530029,0.006639144830910828,5
5000,subset_accuracy_drop,490,0.6571734070777893,0.003918584878873445,0.7177298188209533,0.006745349830482207,5
5000,subset_accuracy_drop,491,0.6571488499641418,0.004010110870463826,0.7177045583724976,0.006643399378357625,5
5000,subset_accuracy_drop,492,0.6571389198303222,0.0037933538873898536,0.7178787469863892,0.0065157765952871104,5
5000,subset_accuracy_drop,493,0.6571312069892883,0.0038567834920342557,0.7178585767745972,0.006328384692231401,5
5000,subset_accuracy_drop,494,0.6572324275970459,0.003932585686315252,0.717859971523285,0.006359922180220042,5
5000,subset_accuracy_drop,495,0.6570934057235718,0.0038927000545786053,0.7177691340446473,0.006183641392657604,5
5000,subset_accuracy_drop,496,0.6571300745010376,0.0038417732387559657,0.717813003063202,0.006169050144814236,5
5000,subset_accuracy_drop,497,0.6571558952331543,0.003855992557805381,0.7177795886993408,0.006114356740873812,5
5000,subset_accuracy_drop,498,0.6571608543395996,0.00395501291291077,0.7176640748977661,0.006139552945791376,5
5000,subset_accuracy_drop,499,0.6570737719535827,0.0038662361874928944,0.7177080035209655,0.0062065849730431185,5
5000,subset_accuracy_drop,500,0.657107675075531,0.003839382804118962,0.7178615093231201,0.006228273203920715,5
5000,subset_accuracy_drop,501,0.657151174545288,0.0038865468324936286,0.7178231120109558,0.0063330965214092655,5
5000,subset_accuracy_drop,502,0.6571420669555664,0.003977192608732579,0.7177593231201171,0.006301580744626539,5
5000,subset_accuracy_drop,503,0.6570837020874023,0.0038830434752437143,0.7177013158798218,0.006311325901587103,5
5000,subset_accuracy_drop,504,0.6570736050605774,0.0038575825077424844,0.7176973700523377,0.006264276143789614,5
5000,subset_accuracy_drop,505,0.6571124196052551,0.003946196567731653,0.7176987886428833,0.0062503832278712245,5
5000,subset_accuracy_drop,506,0.6571158051490784,0.003897166555357472,0.7176554083824158,0.006212948925864318,5
5000,subset_accuracy_drop,507,0.6571246027946472,0.0038886731553619686,0.717715859413147,0.0061899707656191665,5
5000,subset_accuracy_drop,508,0.6571257472038269,0.0038284423207892867,0.7177008628845215,0.006192099442719388,5
5000,subset_accuracy_drop,509,0.6571246027946472,0.00395696543953434,0.7175668358802796,0.006159329245578106,5
5000,subset_accuracy_drop,510,0.6570900917053223,0.003950741734128655,0.7173907876014709,0.006183716364037281,5
5000,subset_accuracy_drop,511,0.6571193099021911,0.0039120897212539755,0.717389452457428,0.006177479663588658,5
5000,subset_accuracy_drop,512,0.657115364074707,0.0038227679155848036,0.7174830913543702,0.00611898786906695,5
5000,subset_accuracy_drop,513,0.65715651512146,0.003928659038509224,0.7174984574317932,0.006188224702098002,5
5000,subset_accuracy_drop,514,0.6570436596870423,0.0039395506673836345,0.7174574851989746,0.006106773697780547,5
5000,subset_accuracy_drop,515,0.6570538282394409,0.003892429712633627,0.7176348209381104,0.00608819627991632,5
5000,subset_accuracy_drop,516,0.6571421504020691,0.00387776018122591,0.7178111910820008,0.006178271809194307,5
5000,subset_accuracy_drop,517,0.6571699261665345,0.003965455997267198,0.7177699565887451,0.006184976152210024,5
5000,subset_accuracy_drop,518,0.6570215344429016,0.00389497044835543,0.7176153302192688,0.00611060205667352,5
5000,subset_accuracy_drop,519,0.6569981455802918,0.003911267290310899,0.7176173329353333,0.006131956606511584,5
10000,endpoint,1,1.2082508325576782,0.014318532761876708,1.2091014862060547,0.014644607012841782,5
10000,endpoint,2,1.2082552433013916,0.014088227407785385,1.209295678138733,0.014441318170966172,5
10000,endpoint,3,1.2087590217590332,0.013918970607799916,1.2100749254226684,0.01431099543629673,5
10000,endpoint,4,1.20999116897583,0.013844445431524759,1.211669111251831,0.014287317191657,5
10000,endpoint,5,1.2123016595840455,0.013970749300227037,1.2144943714141845,0.014510781326063963,5
10000,endpoint,6,1.2160322666168213,0.01460978377281166,1.2189860105514527,0.015241930451012903,5
10000,endpoint,7,1.220974826812744,0.016400275183820145,1.2249635457992554,0.017108129363311436,5
10000,endpoint,8,1.2254750728607178,0.0198943603702101,1.230741024017334,0.020743130079856082,5
10000,endpoint,9,1.2266205310821534,0.0237226404082521,1.2332777976989746,0.024809289244598184,5
10000,endpoint,10,1.2232003450393676,0.025743423384158328,1.2312270879745484,0.02707595213143452,5
10000,endpoint,11,1.2165141344070434,0.02577781661140382,1.225848174095154,0.027266324334914018,5
10000,endpoint,12,1.2084801912307739,0.02490719928820162,1.2190915107727052,0.02643225049520251,5
10000,endpoint,13,1.2003013372421265,0.02408500390600636,1.2122070789337158,0.025524693356357955,5
10000,endpoint,14,1.1924263000488282,0.02382710293524591,1.2057265520095826,0.025114935119314532,5
10000,endpoint,15,1.1848276615142823,0.024284669418296365,1.1997237920761108,0.02538153284852041,5
10000,endpoint,16,1.177295184135437,0.025409146171140293,1.1940846920013428,0.02628817286940781,5
10000,endpoint,17,1.1696270942687987,0.027084777588384058,1.1886496782302856,0.02773574656002226,5
10000,endpoint,18,1.1617449998855591,0.029164020212361818,1.1833556175231934,0.029581739675427994,5
10000,endpoint,19,1.1536237239837646,0.03154817000523231,1.1781190395355225,0.03180544072783073,5
10000,endpoint,20,1.1452301263809204,0.034172924699347504,1.1728485107421875,0.03435154266954486,5
10000,endpoint,21,1.1363539934158324,0.03710151464531199,1.1672263860702514,0.03735136069370077,5
10000,endpoint,22,1.1268229246139527,0.04030548241060142,1.1609682083129882,0.04084435476268596,5
10000,endpoint,23,1.1165693283081055,0.04341672697477583,1.153873372077942,0.04449621527647568,5
10000,endpoint,24,1.105704426765442,0.04591470777293051,1.1459964990615845,0.04780443471892148,5
10000,endpoint,25,1.0944907188415527,0.04747191096330227,1.1378057241439818,0.050074948202368644,5
10000,endpoint,26,1.0830379962921142,0.04831814212881123,1.129572868347168,0.05100532717112864,5
10000,endpoint,27,1.0713661909103394,0.04902557926829725,1.121456789970398,0.05079331648778956,5
10000,endpoint,28,1.0593175768852234,0.0504048869832873,1.1132478713989258,0.05015391310498066,5
10000,endpoint,29,1.046911072731018,0.05287712779374552,1.105235743522644,0.0494099664693423,5
10000,endpoint,30,1.0341695308685304,0.0564603974984628,1.0975067853927611,0.049160355086317394,5
10000,endpoint,31,1.021224820613861,0.06063430513381318,1.090109920501709,0.04962063558165211,5
10000,endpoint,32,1.0077420353889466,0.06522190225517284,1.0824374914169312,0.051025478424176526,5
10000,endpoint,33,0.9938573241233826,0.06934558231489694,1.0744431495666504,0.0531730279988838,5
10000,endpoint,34,0.9814027070999145,0.06915795460368192,1.0678444147109984,0.05425747434607256,5
10000,endpoint,35,0.9663667678833008,0.0736949603968725,1.0594945430755616,0.05697499747509594,5
10000,endpoint,36,0.9516363024711609,0.0764753355550294,1.0521029472351073,0.05804468569776764,5
10000,endpoint,37,0.9391371130943298,0.07311429100290204,1.0462289214134217,0.0572780639757875,5
10000,endpoint,38,0.9252231478691101,0.07126338411810258,1.0395076632499696,0.057774857962289615,5
10000,endpoint,39,0.9064462661743165,0.07535263875325807,1.0291787028312682,0.06069227101891004,5
10000,endpoint,40,0.8893636584281921,0.07698785518197988,1.0208159923553466,0.0628604982288833,5
10000,endpoint,41,0.8741562962532043,0.07589590496240949,1.0137964248657227,0.06496974067376185,5
10000,endpoint,42,0.8599706530570984,0.0733338946963625,1.0078930616378785,0.06510373669986731,5
10000,endpoint,43,0.8427483677864075,0.07553578567831161,1.0000343084335328,0.0670291096583678,5
10000,endpoint,44,0.8270200252532959,0.07678056807076358,0.9932703495025634,0.06989586797908484,5
10000,endpoint,45,0.8121336817741394,0.07595117343405557,0.9874921917915345,0.07223339719531598,5
10000,endpoint,46,0.8043460011482239,0.07018555946331703,0.9867244005203247,0.06986894779528845,5
10000,endpoint,47,0.7917807102203369,0.06819312358048131,0.981907844543457,0.07282335742376574,5
10000,endpoint,48,0.7735846161842346,0.07042936487146272,0.9758796572685242,0.07599498586538919,5
10000,endpoint,49,0.7693533897399902,0.06616577980655008,0.9762647271156311,0.07499442558511897,5
10000,endpoint,50,0.7619416236877441,0.05861845070409015,0.974760913848877,0.07410643131785252,5
10000,endpoint,51,0.7480392217636108,0.057669532740182466,0.9698597550392151,0.07674891212346382,5
10000,endpoint,52,0.737296748161316,0.05995121840163935,0.9668161988258361,0.07819868709295505,5
10000,endpoint,53,0.7337837100028992,0.05660544749361248,0.9676147699356079,0.07600307242859643,5
10000,endpoint,54,0.7269156575202942,0.051766436945265566,0.9660420894622803,0.07460820065766172,5
10000,endpoint,55,0.7160831093788147,0.05062584130165017,0.9633763194084167,0.077008161508657,5
10000,endpoint,56,0.7059081315994262,0.05662181561091782,0.9612901687622071,0.07880662469114023,5
10000,endpoint,57,0.6977581858634949,0.053709970734817813,0.9596756815910339,0.07702966542758996,5
10000,endpoint,58,0.6917445063591003,0.04601930096060563,0.9601638913154602,0.07267079566285334,5
10000,endpoint,59,0.6883235335350036,0.05008457965703615,0.9604976415634155,0.07682918223573758,5
10000,endpoint,60,0.6729793310165405,0.04919764175103047,0.9566898703575134,0.07636681348370172,5
10000,endpoint,61,0.6617639780044555,0.04463103869789882,0.954804801940918,0.07462874481429736,5
10000,endpoint,62,0.6581164479255677,0.04328791361147449,0.9563335180282593,0.07099461901214982,5
10000,endpoint,63,0.6548716068267822,0.04245745515193414,0.9572550058364868,0.07165087870865754,5
10000,endpoint,64,0.6407091617584229,0.045036447731572976,0.9550936460494995,0.0731733502340078,5
10000,endpoint,65,0.6292054772377014,0.04492361362715757,0.9541867852210999,0.07265836149363535,5
10000,endpoint,66,0.6255255818367005,0.04345009092485398,0.9547609329223633,0.0717217364768559,5
10000,endpoint,67,0.6254875302314759,0.04405826054081988,0.9570117712020874,0.070758423212235,5
10000,endpoint,68,0.6114424705505371,0.044432889536256445,0.9552934288978576,0.07104607511807853,5
10000,endpoint,69,0.5977938532829284,0.03998234313606231,0.9564556121826172,0.06942286671290827,5
10000,endpoint,70,0.6011720180511475,0.039686863096013054,0.9584260702133178,0.0688109768007461,5
10000,endpoint,71,0.6007900357246398,0.03885160993564955,0.9633009672164917,0.06748459983088775,5
10000,endpoint,72,0.5833467602729797,0.038122290607902974,0.9614342331886292,0.06789622753054307,5
10000,endpoint,73,0.5781934022903442,0.0361534274882689,0.9622198939323425,0.06902377637889998,5
10000,endpoint,74,0.5762254595756531,0.034433314166710124,0.9635358572006225,0.07000161885780525,5
10000,endpoint,75,0.5723219513893127,0.037070326021232454,0.9649469971656799,0.07077128374867797,5
10000,endpoint,76,0.5597391605377198,0.03561073501077685,0.9654569745063781,0.07052092971331647,5
10000,endpoint,77,0.555184543132782,0.03616452751526506,0.9656190752983094,0.07426033509435558,5
10000,endpoint,78,0.547689425945282,0.03466673913673956,0.9683845400810241,0.07560553831257469,5
10000,endpoint,79,0.5406729817390442,0.035163502849685065,0.9693257093429566,0.07808139203949901,5
10000,endpoint,80,0.5379712045192718,0.03239142581774078,0.97097327709198,0.07877041965333043,5
10000,endpoint,81,0.5328743875026702,0.032732164812437375,0.9735870003700257,0.08047484246033612,5
10000,endpoint,82,0.5239255726337433,0.03483444042746989,0.9750573992729187,0.0842247385989585,5
10000,endpoint,83,0.5193628907203675,0.031219602894711176,0.9762012243270874,0.08589010286411856,5
10000,endpoint,84,0.5177983403205871,0.027452239436162013,0.9785205602645874,0.0870126384156754,5
10000,endpoint,85,0.5149967670440674,0.03163003671790693,0.9812721490859986,0.08778897186078989,5
10000,endpoint,86,0.5088681221008301,0.036514206533449764,0.9817566871643066,0.08612650765867692,5
10000,endpoint,87,0.5037904500961303,0.034703948898551835,0.9819700717926025,0.08707590911313629,5
10000,endpoint,88,0.49756031632423403,0.026704912540532626,0.9839062213897705,0.08771238564047494,5
10000,endpoint,89,0.4966583549976349,0.031053095143983404,0.9859778881072998,0.08779735692529606,5
10000,endpoint,90,0.48550974726676943,0.03320172702696657,0.9881771326065063,0.08715798481059053,5
10000,endpoint,91,0.4786157548427582,0.03023744924009015,0.9905457735061646,0.08832866785873764,5
10000,endpoint,92,0.48093541264533995,0.028961904246243363,0.9935578346252442,0.08920500950465111,5
10000,endpoint,93,0.4821674883365631,0.039061802955241746,0.9970528841018677,0.09022539800084507,5
10000,endpoint,94,0.4704606652259827,0.033327767382224364,0.9983434081077576,0.08855222267583478,5
10000,endpoint,95,0.46514626145362853,0.024337882582293864,1.0003417134284973,0.08878839727430587,5
10000,endpoint,96,0.4673874020576477,0.02937155234383668,1.003587257862091,0.08959162520685778,5
10000,endpoint,97,0.4638467788696289,0.03454693635834651,1.0054094791412354,0.08898458345943279,5
10000,endpoint,98,0.45580277442932127,0.0296841201650694,1.0081541538238525,0.08869712333143753,5
10000,endpoint,99,0.448265016078949,0.025910553395381942,1.008540117740631,0.08870495945405606,5
10000,endpoint,100,0.45103648900985716,0.03113432601511186,1.0107707142829896,0.09214355837997838,5
10000,endpoint,101,0.4491769909858704,0.033291735057423485,1.0114148020744325,0.09392157667824656,5
10000,endpoint,102,0.4391614258289337,0.028273195644960124,1.0108121871948241,0.09307084398489998,5
10000,endpoint,103,0.4358524680137634,0.02982404758668621,1.012564742565155,0.095663645263737,5
10000,endpoint,104,0.4351419746875763,0.03172959493705251,1.0140609860420227,0.09583203758851357,5
10000,endpoint,105,0.43152618408203125,0.035500231224215195,1.0180654287338258,0.09793867360963146,5
10000,endpoint,106,0.4256465911865234,0.02766793332870562,1.0168785333633423,0.0962700122391165,5
10000,endpoint,107,0.42796754837036133,0.025619323414933053,1.0191439151763917,0.09691542750100897,5
10000,endpoint,108,0.42140365242958067,0.0311239035704769,1.0198002457618713,0.09686492355766825,5
10000,endpoint,109,0.41475802659988403,0.029642957556296274,1.023103368282318,0.0975227474061987,5
10000,endpoint,110,0.4154728949069977,0.02732968133469776,1.023996615409851,0.09846550513551426,5
10000,endpoint,111,0.41230672001838686,0.02216091029823297,1.0241644978523254,0.09612186032129062,5
10000,endpoint,112,0.4066554427146912,0.028920422611253088,1.0251999974250794,0.09392199639647754,5
10000,endpoint,113,0.40489280223846436,0.03348171320375887,1.026868987083435,0.09467375626842685,5
10000,endpoint,114,0.40126293897628784,0.02943179460492741,1.030412197113037,0.09392769342621698,5
10000,endpoint,115,0.3956085443496704,0.02555979040472233,1.0329375863075256,0.096218001644403,5
10000,endpoint,116,0.3962674915790558,0.03126630951625578,1.0374602675437927,0.09176411161590968,5
10000,endpoint,117,0.39664739966392515,0.027676801500343406,1.038890016078949,0.09548214071214758,5
10000,endpoint,118,0.38986671566963194,0.029288799868721464,1.040663242340088,0.09495242542374342,5
10000,endpoint,119,0.38496936559677125,0.028145265182028117,1.0432955145835876,0.09731009571351318,5
10000,endpoint,120,0.38800097703933717,0.028165026171411284,1.046318519115448,0.09020765077482085,5
10000,endpoint,121,0.38754052519798277,0.030239593667570185,1.044976007938385,0.09261105620340827,5
10000,endpoint,122,0.3825874745845795,0.025758245174373178,1.044881272315979,0.09442029040975679,5
10000,endpoint,123,0.37889310121536257,0.02605632123157154,1.0480450749397279,0.09520873064707086,5
10000,endpoint,124,0.37605581283569334,0.02581730783839195,1.050531530380249,0.0937281102422736,5
10000,endpoint,125,0.37596186995506287,0.026738169955795848,1.054939603805542,0.09159080551145117,5
10000,endpoint,126,0.373030012845993,0.027133910367870228,1.0546536564826965,0.09465120440634324,5
10000,endpoint,127,0.3700516760349274,0.023296537782807117,1.0571253418922424,0.09601146521045903,5
10000,endpoint,128,0.36286097168922427,0.02391007097244846,1.058183979988098,0.09630695429529772,5
10000,endpoint,129,0.359092515707016,0.02397711611544416,1.0591777324676515,0.09252143224451433,5
10000,endpoint,130,0.36477006077766416,0.02883946283244131,1.0597004055976869,0.0951511313573887,5
10000,endpoint,131,0.3662696421146393,0.029408526312891165,1.0590551018714904,0.10019368275222655,5
10000,endpoint,132,0.3558377504348755,0.024671066419596467,1.0562503933906555,0.09922460587776981,5
10000,endpoint,133,0.351867139339447,0.024846424335580358,1.0582603812217712,0.09861656602707124,5
10000,endpoint,134,0.3540757238864899,0.026443790359998474,1.0601901769638062,0.10043407378086316,5
10000,endpoint,135,0.3611990809440613,0.028487238595153154,1.0644917130470275,0.10412223505900475,5
10000,endpoint,136,0.35477847456932066,0.026086535944576654,1.0667053580284118,0.10441821155638269,5
10000,endpoint,137,0.34460570216178893,0.02265956521408675,1.0701132893562317,0.10362017238771609,5
10000,endpoint,138,0.3461276590824127,0.021794888012472043,1.0719504356384277,0.10363286177291439,5
10000,endpoint,139,0.34944048523902893,0.02660047024218212,1.0743333339691161,0.10469248599591967,5
10000,endpoint,140,0.34737258553504946,0.026624038600367092,1.0759796142578124,0.10483136338368666,5
10000,endpoint,141,0.34149046540260314,0.022429632412424728,1.0770238518714905,0.10415572692934898,5
10000,endpoint,142,0.3410455584526062,0.020395616706623914,1.078010666370392,0.10327296809396252,5
10000,endpoint,143,0.34180784225463867,0.02967959791962492,1.0810630202293396,0.10168321524319121,5
10000,endpoint,144,0.33896570205688475,0.033083193373553414,1.0838722467422486,0.10291023310378486,5
10000,endpoint,145,0.3355799734592438,0.02676529350247479,1.084256374835968,0.10202114120240562,5
10000,endpoint,146,0.3356806993484497,0.020300363348383223,1.0853838562965392,0.10157421751018554,5
10000,endpoint,147,0.3360831022262573,0.02402648323044395,1.0834535002708434,0.09994155673299114,5
10000,endpoint,148,0.3376672863960266,0.03468861562134916,1.0869423866271972,0.09940121575202877,5
10000,endpoint,149,0.3311488687992096,0.02644834479018804,1.085020613670349,0.09836090558110998,5
10000,endpoint,150,0.3300004839897156,0.019885677524865485,1.085307502746582,0.10275470182225938,5
10000,endpoint,151,0.33325337171554564,0.019436864548795348,1.0885223984718322,0.10260033083142167,5
10000,endpoint,152,0.32984496355056764,0.023020004755319002,1.0902228951454163,0.10478086670838455,5
10000,endpoint,153,0.32748874425888064,0.027565413770831656,1.0967750668525695,0.09966779455393579,5
10000,endpoint,154,0.322706001996994,0.02897960535297921,1.0974205613136292,0.10395086878806453,5
10000,endpoint,155,0.3251326382160187,0.02640801812855044,1.0988615512847901,0.10810837267203058,5
10000,endpoint,156,0.3261859595775604,0.02451379470866847,1.0978700399398804,0.10640408939762215,5
10000,endpoint,157,0.32651270627975465,0.02677630445872235,1.0996241211891173,0.1070616705242353,5
10000,endpoint,158,0.32492138147354127,0.02496048687084647,1.1011380791664123,0.10276199909260007,5
10000,endpoint,159,0.32171653509140014,0.02315707136891196,1.0984594702720643,0.10750237401464775,5
10000,endpoint,160,0.32113624215126035,0.02475546864120249,1.100998854637146,0.10869316931796914,5
10000,endpoint,161,0.3176253795623779,0.024482562680097228,1.100609290599823,0.10824598795554181,5
10000,endpoint,162,0.31877454519271853,0.026376086128622467,1.105194616317749,0.10728676833072592,5
10000,endpoint,163,0.31890531778335574,0.024228791231291576,1.1076568961143494,0.10874436506768537,5
10000,endpoint,164,0.31466723680496217,0.02471212860615955,1.109549629688263,0.11077989896810943,5
10000,endpoint,165,0.31291971206665037,0.02550341750559897,1.11402827501297,0.11285820441156691,5
10000,endpoint,166,0.31307253837585447,0.02369648773750189,1.1146239638328552,0.1134406678090224,5
10000,endpoint,167,0.31486569046974183,0.022196354395986908,1.1146925330162047,0.11260887537212294,5
10000,endpoint,168,0.3149966895580292,0.02423792687577812,1.1158162713050843,0.11139551870846112,5
10000,endpoint,169,0.31443495154380796,0.02638255605024774,1.1179036855697633,0.11382941560808561,5
10000,endpoint,170,0.30985594987869264,0.026628556283184727,1.1179886698722838,0.11220632066000238,5
10000,endpoint,171,0.30649304389953613,0.025713724589732683,1.1173946380615234,0.10890538738178727,5
10000,endpoint,172,0.3081819415092468,0.023840429704429983,1.116871428489685,0.10697785120462013,5
10000,endpoint,173,0.3111612617969513,0.026473594404481778,1.1214583396911622,0.10664375819635713,5
10000,endpoint,174,0.31094497442245483,0.026099900333459367,1.1251658201217651,0.1093416885118036,5
10000,endpoint,175,0.30544655919075014,0.020807113328215002,1.1233365774154662,0.10925770908031533,5
10000,endpoint,176,0.30335351824760437,0.018710494872480103,1.1210240602493287,0.10786908831473396,5
10000,endpoint,177,0.30703248381614684,0.02244336716715686,1.1207658648490906,0.10777839833785577,5
10000,endpoint,178,0.30954075455665586,0.02809629576124623,1.1225555539131165,0.1087651222847345,5
10000,endpoint,179,0.30816160440444945,0.029912608606292662,1.1234553575515747,0.11170502199689346,5
10000,endpoint,180,0.30354244709014894,0.025139828787933697,1.1210997343063354,0.10785724278232728,5
10000,endpoint,181,0.3024501621723175,0.022153547597719935,1.1197572469711303,0.1058315316006791,5
10000,endpoint,182,0.303836590051651,0.02510383948885308,1.1214784502983093,0.10679889958248513,5
10000,endpoint,183,0.3042716920375824,0.0269228246734203,1.1236037254333495,0.10748616134130867,5
10000,endpoint,184,0.3038171648979187,0.02316356790341739,1.1254594445228576,0.10998066813406798,5
10000,endpoint,185,0.3010467529296875,0.019311196348444446,1.1272296071052552,0.11052704267768883,5
10000,endpoint,186,0.2984894037246704,0.01964703642797046,1.1272675275802613,0.10787402673406558,5
10000,endpoint,187,0.29972271919250487,0.023986426697662377,1.1278358221054077,0.10566776711146134,5
10000,endpoint,188,0.3026207387447357,0.02725442673287352,1.129277491569519,0.104473239751407,5
10000,endpoint,189,0.3041501224040985,0.02606206097275837,1.1311824440956115,0.10566813728236871,5
10000,endpoint,190,0.30275399684906007,0.02364654352067661,1.1326353669166564,0.10530087640350769,5
10000,endpoint,191,0.29803271889686583,0.02134213554100058,1.1320486545562745,0.10192716632739722,5
10000,endpoint,192,0.2961407005786896,0.02246241690720095,1.1340123772621156,0.10218995774794139,5
10000,endpoint,193,0.2967763185501099,0.02228808883477031,1.1364518761634828,0.10329038283716123,5
10000,endpoint,194,0.2978982269763947,0.019277968209936536,1.138173723220825,0.10633213821172582,5
10000,endpoint,195,0.29851222038269043,0.020966588718647563,1.1408414602279664,0.11049509010121122,5
10000,endpoint,196,0.29562945365905763,0.02356785159168571,1.1407145380973815,0.1083372718517073,5
10000,endpoint,197,0.2953179657459259,0.025619006237541094,1.1400679707527162,0.10887345253593428,5
10000,endpoint,198,0.2984968662261963,0.024904149538806323,1.1398565530776978,0.10863066907600755,5
10000,endpoint,199,0.3008812487125397,0.020899065859789685,1.1412860751152039,0.1082921886975188,5
10000,endpoint,200,0.29777308702468874,0.020779547444335054,1.140793514251709,0.1106760416711398,5
10000,endpoint,201,0.29193363189697263,0.02278180966410555,1.1400057315826415,0.10813435626849895,5
10000,endpoint,202,0.28942772150039675,0.02290397722178421,1.139763879776001,0.10697294616679236,5
10000,endpoint,203,0.29137977957725525,0.021674092301779163,1.1377166390419007,0.10629947193667184,5
10000,endpoint,204,0.2959727108478546,0.022174325885093875,1.1382664442062378,0.10602473379866895,5
10000,endpoint,205,0.2973760664463043,0.02414946168580277,1.1388221383094788,0.1066450179285096,5
10000,endpoint,206,0.29568551778793334,0.024993858962896166,1.1395811557769775,0.10719280032969211,5
10000,endpoint,207,0.2924972951412201,0.0224041756785812,1.139603042602539,0.10666143956963094,5
10000,endpoint,208,0.2905274510383606,0.019613883647882985,1.139937126636505,0.10695358113565526,5
10000,endpoint,209,0.2904747426509857,0.01867590489507263,1.1399837613105774,0.1072037072412325,5
10000,endpoint,210,0.29110127687454224,0.021284002772577824,1.1410062909126282,0.10621173516524623,5
10000,endpoint,211,0.29041016697883604,0.025304858710703995,1.1423060297966003,0.10655218481947566,5
10000,endpoint,212,0.29091999530792234,0.025215335633157875,1.14413925409317,0.10494592659682037,5
10000,endpoint,213,0.29135220050811766,0.02260384176376133,1.1438334703445434,0.10714905473946831,5
10000,endpoint,214,0.29255819916725156,0.02012825181169088,1.1440296173095703,0.10670121042796687,5
10000,endpoint,215,0.2927318274974823,0.020935998868982588,1.1457120299339294,0.10669768461455055,5
10000,endpoint,216,0.29082472920417785,0.02466837264346105,1.1477810740470886,0.10950363795492465,5
10000,endpoint,217,0.289330393075943,0.025637687243864907,1.1499475121498108,0.10958796387848847,5
10000,endpoint,218,0.28840048909187316,0.023997449246344598,1.151078963279724,0.10980528076420429,5
10000,endpoint,219,0.2890389561653137,0.021640939718048327,1.1502222657203673,0.10947358008297273,5
10000,endpoint,220,0.2904796779155731,0.020236605374041455,1.1496798038482665,0.10685633406234755,5
10000,endpoint,221,0.290066134929657,0.021814159148070902,1.1501911759376526,0.10354788738180971,5
10000,endpoint,222,0.2882553279399872,0.024633855476811826,1.1513283014297486,0.10488107708703752,5
10000,endpoint,223,0.28742464184761046,0.02516106352580537,1.151977574825287,0.10111060258893051,5
10000,endpoint,224,0.28817938566207885,0.023488309894229346,1.1522662162780761,0.09976039935224695,5
10000,endpoint,225,0.28923156261444094,0.020969179651952784,1.1523081421852113,0.10136401211506524,5
10000,endpoint,226,0.29044702649116516,0.021386571643592478,1.154605758190155,0.10061798078964995,5
10000,endpoint,227,0.2881380200386047,0.022373611576466144,1.154850709438324,0.10132132472259503,5
10000,endpoint,228,0.2864861011505127,0.022339221762552725,1.1532417297363282,0.10094088123465995,5
10000,endpoint,229,0.28686792850494386,0.021731063157496636,1.1516831278800965,0.10057618893140403,5
10000,endpoint,230,0.2872716665267944,0.02203232952989304,1.1499910354614258,0.10034894587859543,5
10000,endpoint,231,0.28767711520195005,0.02395121100934565,1.1487775325775147,0.09986225346251464,5
10000,endpoint,232,0.2882262885570526,0.025140685960424937,1.1484452128410338,0.10005821729108277,5
10000,endpoint,233,0.28822887539863584,0.02486934035040892,1.1486892342567443,0.10115446395614998,5
10000,endpoint,234,0.2877661108970642,0.022316797768715525,1.149375331401825,0.1014480514169562,5
10000,endpoint,235,0.28646994233131406,0.020080711564346185,1.1505355954170227,0.10110789330607041,5
10000,endpoint,236,0.28611521124839784,0.018584883294197472,1.1491854190826416,0.1022391217938995,5
10000,endpoint,237,0.28730199337005613,0.021058633684874088,1.1512835025787354,0.10152591864687079,5
10000,endpoint,238,0.28690837025642396,0.02394955928844412,1.1503461480140686,0.1024812962998773,5
10000,endpoint,239,0.2853250026702881,0.027546717280559997,1.1514261841773987,0.10259126723254144,5
10000,endpoint,240,0.2845699846744537,0.02825513438817049,1.1543118476867675,0.10211056160648165,5
10000,endpoint,241,0.2850363254547119,0.025174571520206242,1.1534472823143005,0.10239519301042949,5
10000,endpoint,242,0.2873867392539978,0.02079972559837744,1.1525334000587464,0.10057060868929957,5
10000,endpoint,243,0.2911232352256775,0.018322636987334686,1.1522477746009827,0.09869208391735651,5
10000,endpoint,244,0.2900991320610046,0.018799914926342528,1.152103853225708,0.1008651896636463,5
10000,endpoint,245,0.28647488355636597,0.02176195746655631,1.1549142241477965,0.10291691892188139,5
10000,endpoint,246,0.28246952295303346,0.024558817092071555,1.1559075117111206,0.10336743163523787,5
10000,endpoint,247,0.2816454738378525,0.02687985730530686,1.155027449131012,0.10364695490205204,5
10000,endpoint,248,0.28430079519748686,0.027174295581253453,1.1556617617607117,0.1023289584461233,5
10000,endpoint,249,0.28677830696105955,0.025111394201485646,1.15446937084198,0.10181090890542888,5
10000,endpoint,250,0.2872588574886322,0.02222073964383358,1.1521411538124084,0.10351393694586271,5
10000,endpoint,251,0.28694078922271726,0.019821167628264146,1.1527063012123109,0.10392623203221932,5
10000,endpoint,252,0.28674269318580625,0.019692138564945994,1.1540833711624146,0.10582923270111355,5
10000,endpoint,253,0.2862294435501099,0.022155372190186096,1.1551064848899841,0.10602509731967555,5
10000,endpoint,254,0.2853919923305511,0.025620421654342494,1.1566572427749633,0.10588524513242226,5
10000,endpoint,255,0.28340455889701843,0.025013771024035944,1.155794084072113,0.10432629622791705,5
10000,endpoint,256,0.28252761363983153,0.02225153300171164,1.1554332375526428,0.10338604751965468,5
10000,endpoint,257,0.2840844511985779,0.022464252139357765,1.1564833283424378,0.10342904697836558,5
10000,endpoint,258,0.28715134263038633,0.025000426422458786,1.1583485364913941,0.10535745665703634,5
10000,endpoint,259,0.2876436710357666,0.025629516868937448,1.1590712666511536,0.10624339143845017,5
10000,endpoint,260,0.2853948354721069,0.023623992248427865,1.1588833332061768,0.1056877908399349,5
10000,endpoint,261,0.281758189201355,0.02039839554776459,1.1566988825798035,0.1045644859052012,5
10000,endpoint,262,0.2806354582309723,0.0181948514717817,1.1548016905784606,0.10358803692253944,5
10000,endpoint,263,0.28236708641052244,0.020502699597612632,1.1525015115737915,0.10238689961975667,5
10000,endpoint,264,0.28438314199447634,0.02525499125034861,1.1505349397659301,0.10205690815870792,5
10000,endpoint,265,0.2857994496822357,0.027678634621593548,1.1496824383735658,0.10106662458046639,5
10000,endpoint,266,0.2864763617515564,0.02618270258034866,1.149714195728302,0.10022713518957563,5
10000,endpoint,267,0.28751779794692994,0.022220751077679943,1.1503433227539062,0.10120559960596831,5
10000,endpoint,268,0.28729391694068906,0.02028535226787106,1.152226412296295,0.10307756541134278,5
10000,endpoint,269,0.28313115835189817,0.021802981954046653,1.1540833711624146,0.10380396296820307,5
10000,endpoint,270,0.27810709476470946,0.023897678628602054,1.1564633011817933,0.1036013718914402,5
10000,endpoint,271,0.27678638100624087,0.024017308400813016,1.1580076575279237,0.10242596562752923,5
10000,endpoint,272,0.28030121326446533,0.022057104490780802,1.1578328728675842,0.10255623407267404,5
10000,endpoint,273,0.28641977310180666,0.019706247402397573,1.155942475795746,0.1021363256075559,5
10000,endpoint,274,0.29050368070602417,0.02067881651867159,1.1540191531181336,0.10029099666891997,5
10000,endpoint,275,0.288834285736084,0.023821284229765184,1.1519615054130554,0.09843152934331578,5
10000,endpoint,276,0.28368139266967773,0.025805502304723026,1.151553177833557,0.09805240535723993,5
10000,endpoint,277,0.27899629473686216,0.025816248017841735,1.1528112888336182,0.09755929230099966,5
10000,endpoint,278,0.278691840171814,0.024974208383026147,1.1545681953430176,0.09844422752932612,5
10000,endpoint,279,0.2809048593044281,0.02147659977591468,1.153554666042328,0.09840839497296539,5
10000,endpoint,280,0.2834128737449646,0.017815056394622514,1.1524131655693055,0.09798050613392535,5
10000,endpoint,281,0.2834530174732208,0.018681579585435485,1.1501909732818603,0.0959715045299427,5
10000,endpoint,282,0.2832083225250244,0.022330160586401623,1.150729525089264,0.09567140213363315,5
10000,endpoint,283,0.28369207978248595,0.02575228360902211,1.1539989829063415,0.09615854280976453,5
10000,endpoint,284,0.284132593870163,0.025753039759518825,1.1547287940979003,0.09687593795057833,5
10000,endpoint,285,0.28395856022834776,0.022125346944603188,1.1549455642700195,0.09658885173784479,5
10000,endpoint,286,0.28279871344566343,0.0206216189191359,1.1564008712768554,0.0972080034960835,5
10000,endpoint,287,0.28006612658500674,0.02208415026620319,1.1569525480270386,0.09796614981055646,5
10000,endpoint,288,0.27835028767585757,0.023348549660610788,1.158216083049774,0.09781343532404044,5
10000,endpoint,289,0.2794065475463867,0.023255298761928722,1.1572554469108582,0.09691579206931059,5
10000,endpoint,290,0.2827799320220947,0.022583541583617864,1.1558582305908203,0.09663837370889448,5
10000,endpoint,291,0.28646535873413087,0.02229324141025978,1.1566229104995727,0.09737704952390125,5
10000,endpoint,292,0.28726705312728884,0.022326521811963495,1.157681941986084,0.09917386279167739,5
10000,endpoint,293,0.2840838372707367,0.02286667453794411,1.158545446395874,0.09985391735730031,5
10000,endpoint,294,0.2789236605167389,0.023597905710346433,1.1581409454345704,0.09717373994316773,5
10000,endpoint,295,0.276533317565918,0.02362854888767784,1.157746386528015,0.09555386933041843,5
10000,endpoint,296,0.27841472029685976,0.02291294311853708,1.1553375482559205,0.09384634054070042,5
10000,endpoint,297,0.28318977952003477,0.023519629465602904,1.1551616668701172,0.09373470186617387,5
10000,endpoint,298,0.2862208902835846,0.023725822325810494,1.155802345275879,0.09559506305861892,5
10000,endpoint,299,0.2855731129646301,0.022067880401771493,1.1558105945587158,0.09790547311464187,5
10000,endpoint,300,0.2822066605091095,0.020161851459875323,1.1552120447158813,0.0981675107920471,5
10000,endpoint,301,0.2787465214729309,0.020720100831878856,1.1543916702270507,0.09731974647734312,5
10000,endpoint,302,0.27820146083831787,0.02323230423563364,1.1537279605865478,0.09645751586213254,5
10000,endpoint,303,0.28030572533607484,0.025094147644732695,1.1530589818954469,0.09665985734338514,5
10000,endpoint,304,0.2827292263507843,0.024752739539254068,1.152888822555542,0.09695120605456951,5
10000,endpoint,305,0.28340227007865904,0.023606581764090015,1.1535879135131837,0.09721806711809004,5
10000,endpoint,306,0.28301514983177184,0.02302008497097542,1.1554255127906798,0.09851474185174301,5
10000,endpoint,307,0.28149561285972596,0.022173376026806798,1.1565033435821532,0.09750579904675705,5
10000,endpoint,308,0.28036637902259826,0.021609784529904356,1.1568096041679383,0.09730497628810346,5
10000,endpoint,309,0.2797564506530762,0.021458566323593845,1.1577975273132324,0.09673957205382216,5
10000,endpoint,310,0.2800575613975525,0.02230149062483979,1.1592613697052,0.09569253363821856,5
10000,endpoint,311,0.28022137880325315,0.023728093982268095,1.1593260049819947,0.09467330158324527,5
10000,endpoint,312,0.2813463926315308,0.025119121462540386,1.1584864377975463,0.0934256991130658,5
10000,endpoint,313,0.28319403529167175,0.02536586430513305,1.1573306322097778,0.09366167029508639,5
10000,endpoint,314,0.28405370116233825,0.02289229564729566,1.155317521095276,0.09412180135605791,5
10000,endpoint,315,0.28385727405548095,0.01923155375856925,1.1543946266174316,0.09470726761998988,5
10000,endpoint,316,0.283024799823761,0.0190719613633817,1.1547211408615112,0.09617149365148558,5
10000,endpoint,317,0.28114288449287417,0.022288232097559552,1.1562134742736816,0.09754782496603646,5
10000,endpoint,318,0.2791439414024353,0.02389943077342639,1.1558762192726135,0.09848114972570168,5
10000,endpoint,319,0.278452479839325,0.02389404788811718,1.1549237608909606,0.09751066785988302,5
10000,endpoint,320,0.27972105145454407,0.02320170351890048,1.1533056616783142,0.09605033051417226,5
10000,endpoint,321,0.2819306969642639,0.022903578930506565,1.152633547782898,0.09584004141656893,5
10000,endpoint,322,0.2830799102783203,0.023724055744623728,1.1529542326927185,0.09516546191191895,5
10000,endpoint,323,0.283296537399292,0.024695725571319594,1.1558557748794556,0.09542669732662344,5
10000,endpoint,324,0.28195648789405825,0.023278529251432905,1.156869649887085,0.09489535986879231,5
10000,endpoint,325,0.2795101284980774,0.020990120162803622,1.1564389705657958,0.09370437696747229,5
10000,endpoint,326,0.2782485067844391,0.02075333437231933,1.156610655784607,0.09312860685085286,5
10000,endpoint,327,0.27930251359939573,0.022455436286378635,1.1572406768798829,0.09402122915391566,5
10000,endpoint,328,0.2796683669090271,0.023759577687828614,1.1570166110992433,0.09469008515437255,5
10000,endpoint,329,0.27955134510993956,0.024379854501370105,1.1558982372283935,0.09457809879392289,5
10000,endpoint,330,0.27995423674583436,0.023997410558562,1.1536303520202638,0.09333862508351093,5
10000,endpoint,331,0.28095250725746157,0.023500623658872843,1.1514772415161132,0.09230340570817372,5
10000,endpoint,332,0.2829973638057709,0.022711109938531794,1.1504437923431396,0.09302388976769535,5
10000,endpoint,333,0.28357198238372805,0.022042276518930135,1.1509209632873536,0.09557723872709999,5
10000,endpoint,334,0.28235056400299074,0.022334042568037837,1.1527709364891052,0.09811673007087579,5
10000,endpoint,335,0.2795486092567444,0.02235750783173538,1.1549631714820863,0.09909485581102456,5
10000,endpoint,336,0.27674914598464967,0.02157303846703182,1.1564161658287049,0.09946955993488041,5
10000,endpoint,337,0.27650864124298097,0.021204355417724773,1.1576180458068848,0.10094183898231396,5
10000,endpoint,338,0.2782480478286743,0.023547309547914317,1.158303964138031,0.1016118593721175,5
10000,endpoint,339,0.280444061756134,0.02581333463855791,1.158404290676117,0.10103968885187617,5
10000,endpoint,340,0.2819175660610199,0.025555955057401446,1.1576968431472778,0.10130271083931555,5
10000,endpoint,341,0.28329719305038453,0.023640039120549988,1.1561822414398193,0.10140987846143872,5
10000,endpoint,342,0.2838858664035797,0.02123301062907688,1.1550645112991333,0.10137152540556539,5
10000,endpoint,343,0.2827597796916962,0.0187737501003056,1.1549774527549743,0.10124531465838947,5
10000,endpoint,344,0.2798111617565155,0.018936522665513253,1.1558944821357726,0.10092606187625774,5
10000,endpoint,345,0.27676072120666506,0.021637679703072208,1.1575273871421814,0.10149146495029772,5
10000,endpoint,346,0.2755242884159088,0.02474520545740424,1.1578151822090148,0.10029718748879977,5
10000,endpoint,347,0.2777011632919312,0.02682915661238124,1.15610032081604,0.09883987699506344,5
10000,endpoint,348,0.28139727711677553,0.026769935307775123,1.155536127090454,0.0977736062027395,5
10000,endpoint,349,0.28332166075706483,0.02399155522896652,1.1548268437385558,0.0968945530073872,5
10000,endpoint,350,0.28291422724723814,0.02073491272259667,1.1552205681800842,0.09702375761465463,5
10000,endpoint,351,0.2807032585144043,0.018193327717576577,1.1567445755004884,0.09714602438949888,5
10000,endpoint,352,0.2788999557495117,0.019363896636242994,1.157207155227661,0.09646575111049853,5
10000,endpoint,353,0.27873101830482483,0.023478348566307167,1.1576963901519775,0.0974226287320395,5
10000,endpoint,354,0.2801362872123718,0.02577807876475454,1.158766269683838,0.09781631990072355,5
10000,endpoint,355,0.28007001876831056,0.024980661313307184,1.157616424560547,0.09586635045514712,5
10000,endpoint,356,0.27985299825668336,0.02320922335468948,1.1546502113342285,0.09546325151108685,5
10000,endpoint,357,0.2795372664928436,0.0221287691033571,1.1531296730041505,0.09295469853325863,5
10000,endpoint,358,0.28106876015663146,0.02255959579878326,1.154588556289673,0.09223827526790154,5
10000,endpoint,359,0.281673800945282,0.022961913867269194,1.1552606344223022,0.09551393363264567,5
10000,endpoint,360,0.28032912611961364,0.021931247987181386,1.1560137748718262,0.09842435864486268,5
10000,endpoint,361,0.2785993754863739,0.020951863085789734,1.1562133193016053,0.09762438758814208,5
10000,endpoint,362,0.27817353010177615,0.021186027041478813,1.1540460348129273,0.09657935098215341,5
10000,endpoint,363,0.2796226441860199,0.02427903119185682,1.1526681900024414,0.09542790031721758,5
10000,endpoint,364,0.28155999779701235,0.027384935174436305,1.1537683248519897,0.0944169955238036,5
10000,endpoint,365,0.281406557559967,0.02661228584700154,1.154100525379181,0.09624696637950435,5
10000,endpoint,366,0.27862297296524047,0.02271242586698196,1.1539965629577638,0.09620838735959855,5
10000,endpoint,367,0.2766379415988922,0.019927034889505552,1.1558951616287232,0.09612499365697327,5
10000,endpoint,368,0.27800010442733764,0.02000913941884358,1.1561788082122804,0.09743782581149633,5
10000,endpoint,369,0.28044129610061647,0.02248923209467944,1.156603491306305,0.09933189486548144,5
10000,endpoint,370,0.28166465163230897,0.02537502624366292,1.159079921245575,0.1013521310436208,5
10000,endpoint,371,0.28043139576911924,0.026725285769448052,1.1607718110084533,0.10342607219081992,5
10000,endpoint,372,0.27848116159439085,0.02384342781861859,1.1607844471931457,0.10383101583527056,5
10000,endpoint,373,0.27857871651649474,0.020478190296798565,1.1602390170097352,0.10400593026321084,5
10000,endpoint,374,0.28032676577568055,0.020555295159371448,1.1593026280403138,0.10449264366198452,5
10000,endpoint,375,0.2820688784122467,0.023528320945407744,1.1598008155822754,0.10613452752560912,5
10000,endpoint,376,0.2809850573539734,0.026058745986492975,1.161393141746521,0.10736916016720231,5
10000,endpoint,377,0.2779187262058258,0.025365750335702757,1.16249361038208,0.10753581952375413,5
10000,endpoint,378,0.2759585022926331,0.02215310788957173,1.161062240600586,0.10732509462050067,5
10000,endpoint,379,0.2769758105278015,0.02018401521088232,1.1595050930976867,0.10686400713010365,5
10000,endpoint,380,0.27947813272476196,0.019953575177541587,1.1573188662528993,0.10517804941072426,5
10000,endpoint,381,0.2819975852966309,0.021050757930001343,1.1559005379676819,0.10312412589369878,5
10000,endpoint,382,0.28261707425117494,0.023906520544193458,1.1556382298469543,0.10223057527103131,5
10000,endpoint,383,0.2810806602239609,0.025697346277158917,1.1573925256729125,0.10196898540380848,5
10000,endpoint,384,0.27915942668914795,0.025523240763366904,1.1590065598487853,0.10159336572997672,5
10000,endpoint,385,0.27807005643844607,0.024314639707108714,1.1592485904693604,0.10084673895993343,5
10000,endpoint,386,0.2777107715606689,0.02353582929906638,1.1600372433662414,0.10042931843487758,5
10000,endpoint,387,0.27686100602149966,0.022674354072613215,1.160174822807312,0.0993560416666159,5
10000,endpoint,388,0.2762026607990265,0.022395651954450282,1.1602907538414002,0.09724730274545246,5
10000,endpoint,389,0.27802968621253965,0.02339945345027388,1.1608316421508789,0.09631280675390483,5
10000,endpoint,390,0.28090890049934386,0.023355167488610915,1.1596868276596068,0.09584989222635332,5
10000,endpoint,391,0.2835732877254486,0.022449308033006505,1.1584675073623658,0.09515584935304497,5
10000,endpoint,392,0.2839779555797577,0.023158383302723066,1.1587579488754272,0.09530057460203852,5
10000,endpoint,393,0.28042287230491636,0.02407780699139572,1.1590299129486084,0.0955811267454943,5
10000,endpoint,394,0.27572845816612246,0.0236805472319918,1.1594469547271729,0.09548316362843436,5
10000,endpoint,395,0.2738015830516815,0.023996897524265565,1.1598308563232422,0.09572667769028408,5
10000,endpoint,396,0.2755257308483124,0.02412883502454476,1.1584004402160644,0.09598508459697376,5
10000,endpoint,397,0.27912978529930116,0.023218073397045864,1.1566327333450317,0.09520120454688341,5
10000,endpoint,398,0.2816735029220581,0.021019703206420024,1.1548503160476684,0.09524760383847806,5
10000,endpoint,399,0.2813031435012817,0.020109929395602657,1.153809416294098,0.09497890966193072,5
10000,endpoint,400,0.2791820228099823,0.02227891026238079,1.1550119400024415,0.0949836633681338,5
10000,endpoint,401,0.2780934453010559,0.02583636920927976,1.1572421550750733,0.09646305661263482,5
10000,endpoint,402,0.2781745672225952,0.02723164644217649,1.159156608581543,0.09807741479994188,5
10000,endpoint,403,0.27936188578605653,0.026039509015177414,1.159237551689148,0.09852135945129492,5
10000,endpoint,404,0.2800281822681427,0.022346956079170595,1.158955442905426,0.09789218639062995,5
10000,endpoint,405,0.27863218188285827,0.017857500974743378,1.1579059481620788,0.09664940599410848,5
10000,endpoint,406,0.2770444691181183,0.01772711040039116,1.1580352425575255,0.09567816036865981,5
10000,endpoint,407,0.27776803970336916,0.021637203646735072,1.1586442828178405,0.0961038298467357,5
10000,endpoint,408,0.2802384555339813,0.0262402267731422,1.157880711555481,0.09740596626204802,5
10000,endpoint,409,0.2824247658252716,0.028580438642748455,1.1589945316314698,0.0974765778238729,5
10000,endpoint,410,0.28097096681594846,0.026691579851852453,1.159919309616089,0.09852349460309229,5
10000,endpoint,411,0.27695698738098146,0.02215564870831417,1.1601088404655457,0.09993242278300478,5
10000,endpoint,412,0.27492504715919497,0.019323347847388476,1.163085687160492,0.10111341928435395,5
10000,endpoint,413,0.2761703848838806,0.01939470669962896,1.1636867284774781,0.10228631754646317,5
10000,endpoint,414,0.2792060911655426,0.022613160442617554,1.1622710466384887,0.10190320622355818,5
10000,endpoint,415,0.2811813116073608,0.02721685162120012,1.1612120747566224,0.09921603743584294,5
10000,endpoint,416,0.28071471452713015,0.02886926288930781,1.161074984073639,0.09791858694338205,5
10000,endpoint,417,0.27892319560050965,0.025492350994589033,1.1604685068130494,0.09560135629414007,5
10000,endpoint,418,0.2775431752204895,0.021481933241488588,1.1607220649719239,0.09434263741859496,5
10000,endpoint,419,0.2785885751247406,0.020247886915014196,1.1610286712646485,0.09455504332731918,5
10000,endpoint,420,0.28085167407989503,0.022605590981999227,1.1611492395401002,0.09537669654744513,5
10000,endpoint,421,0.2813326358795166,0.02646860320586033,1.1629395723342895,0.09712072985229084,5
10000,endpoint,422,0.27819678783416746,0.026953750243383003,1.1620952129364013,0.09689200087479781,5
10000,endpoint,423,0.27362397909164426,0.023324141973763958,1.1602588415145874,0.09591354931802608,5
10000,endpoint,424,0.2730302602052689,0.021073787530758767,1.159321904182434,0.09474382719363258,5
10000,endpoint,425,0.2767587423324585,0.023050958198135126,1.1585554838180543,0.09466585594750766,5
10000,endpoint,426,0.28280038237571714,0.025025118606178967,1.1577051758766175,0.09563962840392734,5
10000,endpoint,427,0.2857745110988617,0.024829289491901333,1.1580674171447753,0.09755738114416174,5
10000,endpoint,428,0.28305785059928895,0.022731261043708956,1.1577798962593078,0.0978003091612809,5
10000,endpoint,429,0.2776529312133789,0.0211309207332259,1.15896018743515,0.09805007209889081,5
10000,endpoint,430,0.27407007217407225,0.02175210709379428,1.1606305360794067,0.09810479244926844,5
10000,endpoint,431,0.27396089434623716,0.02482311978227712,1.1617658972740172,0.09884146679668025,5
10000,endpoint,432,0.2766929596662521,0.027769127034837776,1.1627862453460693,0.09754964012764941,5
10000,endpoint,433,0.2796211540699005,0.026254383968521644,1.1599402904510498,0.0962761521096525,5
10000,endpoint,434,0.280836683511734,0.023274784634979825,1.1570561885833741,0.09555390343790085,5
10000,endpoint,435,0.2806618928909302,0.022266490014899724,1.1581864595413207,0.09635085151204918,5
10000,endpoint,436,0.2793605804443359,0.021566114159241288,1.159987699985504,0.0973511447149021,5
10000,endpoint,437,0.2784191906452179,0.02139810236631265,1.1625840663909912,0.10054433178866026,5
10000,endpoint,438,0.2786608159542084,0.02316404262844976,1.1648084282875062,0.10357817823436108,5
10000,endpoint,439,0.2789160430431366,0.024914900543120535,1.1658803224563599,0.10282145123760035,5
10000,endpoint,440,0.2782100260257721,0.02568440741339498,1.1648884654045104,0.10128034031643347,5
10000,endpoint,441,0.2764070391654968,0.026105474397687966,1.1635873198509217,0.09903529642148061,5
10000,endpoint,442,0.2758527398109436,0.025287126044675094,1.163985824584961,0.09712083070542044,5
10000,endpoint,443,0.2772751271724701,0.0222869101167452,1.162766170501709,0.095489387279187,5
10000,endpoint,444,0.28000842928886416,0.02036364197854901,1.162298059463501,0.09376756187127887,5
10000,endpoint,445,0.2821226239204407,0.021534325803379994,1.1622824192047119,0.09328136295157727,5
10000,endpoint,446,0.28174001574516294,0.023936056155570394,1.1611492156982421,0.09443607063906265,5
10000,endpoint,447,0.2795624494552612,0.02693041631636223,1.160715913772583,0.09390344480027836,5
10000,endpoint,448,0.2769520699977875,0.027410155009057406,1.1603155374526977,0.09293315835492823,5
10000,endpoint,449,0.2752821326255798,0.02563896299976211,1.158943486213684,0.09378378638583099,5
10000,endpoint,450,0.2755333423614502,0.02383198758755533,1.1585889101028441,0.09389563907303243,5
10000,endpoint,451,0.2769128680229187,0.02242439509209736,1.1594423532485962,0.09444740795157598,5
10000,endpoint,452,0.2778469741344452,0.02029959689559895,1.1584119200706482,0.09669118465683188,5
10000,endpoint,453,0.27893972396850586,0.020139530453976543,1.157050859928131,0.09658600950198072,5
10000,endpoint,454,0.2808836758136749,0.023729633771508652,1.157785451412201,0.0958281326443813,5
10000,endpoint,455,0.2810762822628021,0.026839723804818756,1.1585208415985107,0.09692937556904072,5
10000,endpoint,456,0.2799086272716522,0.027361571905784667,1.1605120062828065,0.09725406649456682,5
10000,endpoint,457,0.2781298398971558,0.026548165898552096,1.1637116432189942,0.09741526667773148,5
10000,endpoint,458,0.27680844664573667,0.023682845725218574,1.1647033452987672,0.09846558964799254,5
10000,endpoint,459,0.2757474958896637,0.02071246607934282,1.1637234210968017,0.09695744915217294,5
10000,endpoint,460,0.275997531414032,0.021129801582014798,1.1626883029937745,0.09656028285878929,5
10000,endpoint,461,0.27702354788780215,0.022742501097443742,1.1616527318954468,0.09712725883373262,5
10000,endpoint,462,0.27842499017715455,0.0234313505814707,1.160310685634613,0.09717229862546559,5
10000,endpoint,463,0.2802747249603271,0.02407873064064146,1.1589338898658752,0.0968022760726776,5
10000,endpoint,464,0.28083381056785583,0.02506235495137014,1.1584141254425049,0.09654175382051701,5
10000,endpoint,465,0.2790402352809906,0.02426807456479176,1.1581968307495116,0.09505031542821533,5
10000,endpoint,466,0.2762246936559677,0.023327864965006082,1.1590886116027832,0.09449438823696195,5
10000,endpoint,467,0.27563698291778566,0.023263416579102702,1.1599714040756226,0.09521985316032326,5
10000,endpoint,468,0.2768596112728119,0.02339841878479813,1.1607514858245849,0.09624581039494931,5
10000,endpoint,469,0.2786656320095062,0.022817624212818587,1.162484884262085,0.09756988118717698,5
10000,endpoint,470,0.27908108830451966,0.02169379618394806,1.1625814199447633,0.09782895232467091,5
10000,endpoint,471,0.2778657555580139,0.02119272201403075,1.1629054069519043,0.09715864734860495,5
10000,endpoint,472,0.2770152807235718,0.022346549175885914,1.1625980377197265,0.096519273043266,5
10000,endpoint,473,0.27644997239112856,0.024304571038275026,1.1616325378417969,0.09550826357332128,5
10000,endpoint,474,0.27719188332557676,0.026927852272615165,1.1604734420776368,0.09511411055305355,5
10000,endpoint,475,0.2788720428943634,0.02751102637090953,1.1599145412445069,0.094212116634854,5
10000,endpoint,476,0.2802398383617401,0.024718691644031492,1.159075093269348,0.09489287540115905,5
10000,endpoint,477,0.2806571781635284,0.02047976178575231,1.1590232491493224,0.09670997138113363,5
10000,endpoint,478,0.279262387752533,0.017372255321164758,1.1601561427116394,0.09669984888469663,5
10000,endpoint,479,0.2764508843421936,0.018387234560195878,1.160733985900879,0.09703175031896627,5
10000,endpoint,480,0.2743963599205017,0.0229524822589758,1.1608177781105042,0.0966035774520654,5
10000,endpoint,481,0.2744282573461533,0.028313238567174964,1.160888385772705,0.09455712524979498,5
10000,endpoint,482,0.27713583111763,0.030354483803714624,1.1599231243133545,0.09238321600958072,5
10000,endpoint,483,0.2809047996997833,0.027209869282422708,1.1598714113235473,0.09267282624131315,5
10000,endpoint,484,0.28196763396263125,0.021312772481031222,1.1609305620193482,0.09269133894802656,5
10000,endpoint,485,0.27924673557281493,0.016867365256381182,1.162943458557129,0.09321235049256837,5
10000,endpoint,486,0.27562462687492373,0.01658950294334274,1.1646984577178956,0.09311688813770051,5
10000,endpoint,487,0.2746495306491852,0.021536089400552894,1.1638528823852539,0.09126053912426321,5
10000,endpoint,488,0.27705017328262327,0.028965421499496852,1.1622153759002685,0.08954189262038273,5
10000,endpoint,489,0.2797408580780029,0.03176851883694022,1.1613214492797852,0.0886696273079949,5
10000,endpoint,490,0.2807320415973663,0.027598682016153675,1.1592146635055542,0.08990180232163544,5
10000,endpoint,491,0.2789518713951111,0.02135843894909915,1.1589036226272582,0.09039318457611169,5
10000,endpoint,492,0.27630033493041994,0.016707650901930503,1.1581974267959594,0.08974080850547266,5
10000,endpoint,493,0.27476285099983216,0.017395873284933337,1.158201026916504,0.09005680154637233,5
10000,endpoint,494,0.27555395364761354,0.023764040437796726,1.1594319343566895,0.08973517884261173,5
10000,endpoint,495,0.2784265518188477,0.029846229250128687,1.1619236469268799,0.09130339290873522,5
10000,endpoint,496,0.2803847134113312,0.030442998723517276,1.1637640237808227,0.09297742393766273,5
10000,endpoint,497,0.27975640296936033,0.025654050926992696,1.1646808385849,0.09336494425152399,5
10000,endpoint,498,0.2774644076824188,0.018993910641238156,1.1644702911376954,0.09219925831331585,5
10000,endpoint,499,0.2761483550071716,0.016227916159689666,1.164155697822571,0.09120794386747481,5
10000,endpoint,500,0.2764380633831024,0.019981160205212182,1.1642963409423828,0.08969907636195754,5
10000,endpoint,501,0.27786546349525454,0.025818473208234834,1.1655191659927369,0.08947808599655152,5
10000,endpoint,502,0.2783181041479111,0.028812744293929386,1.1657072305679321,0.08974553953831704,5
10000,endpoint,503,0.27750089168548586,0.027616521856956403,1.1654388427734375,0.0910042979817443,5
10000,endpoint,504,0.2770520746707916,0.023235145230477677,1.1639356851577758,0.09216306099922998,5
10000,endpoint,505,0.27739033102989197,0.020712527847442944,1.1624944448471068,0.09326013387321395,5
10000,endpoint,506,0.27877822518348694,0.021752568525087904,1.1621212244033814,0.09409833351062737,5
10000,endpoint,507,0.28014898896217344,0.023932879093564934,1.16161367893219,0.09497949120490269,5
10000,endpoint,508,0.28014949560165403,0.024715538779204987,1.160834288597107,0.09560708597504887,5
10000,endpoint,509,0.27779807448387145,0.02418350657542156,1.1608729124069215,0.09643137263052871,5
10000,endpoint,510,0.27432853579521177,0.02247789342920988,1.160063636302948,0.09711180231248573,5
10000,endpoint,511,0.2724408686161041,0.02129233554870865,1.158758556842804,0.09699024061432433,5
10000,endpoint,512,0.2745280206203461,0.022692468735171927,1.1574081182479858,0.09656307170789111,5
10000,endpoint,513,0.27884743809700013,0.024996437848967296,1.1560800909996032,0.09636298221512692,5
10000,endpoint,514,0.28281291127204894,0.026102623981209466,1.1555774688720704,0.09692464337032138,5
10000,endpoint,515,0.2832551121711731,0.024453986576709594,1.1559218645095826,0.09761236778648319,5
10000,endpoint,516,0.2794078826904297,0.022174785903679245,1.1566678404808044,0.09836808774921547,5
10000,endpoint,517,0.27352622151374817,0.021127365296627978,1.1576666474342345,0.09823941241240926,5
10000,endpoint,518,0.270119646191597,0.022331618203449487,1.1594183564186096,0.09730211532865783,5
10000,endpoint,519,0.272780641913414,0.024423546601912535,1.1582373142242433,0.09568445662767852,5
10000,subset_accuracy_drop,1,0.6925908207893372,0.0013007545482913922,0.6926048159599304,0.0013496824839355605,5
10000,subset_accuracy_drop,2,0.692228627204895,0.0013896891739789631,0.6922512054443359,0.0014655311673063454,5
10000,subset_accuracy_drop,3,0.6920261740684509,0.0014889465335150057,0.6920504212379456,0.0015949208529013117,5
10000,subset_accuracy_drop,4,0.6919614434242248,0.0015145766718136402,0.691983449459076,0.0016462577077252937,5
10000,subset_accuracy_drop,5,0.6919654607772827,0.0014639162289293804,0.6919892072677613,0.0015990148683055847,5
10000,subset_accuracy_drop,6,0.6919607877731323,0.00145703584425137,0.6919962525367737,0.001576857459162809,5
10000,subset_accuracy_drop,7,0.691917359828949,0.0014955897959354207,0.6919717907905578,0.001596242645614684,5
10000,subset_accuracy_drop,8,0.6918619871139526,0.0015318030700250925,0.6919376492500305,0.0016166275735273552,5
10000,subset_accuracy_drop,9,0.6918210983276367,0.0015496882964822851,0.6919182658195495,0.0016222786714143232,5
10000,subset_accuracy_drop,10,0.6917995333671569,0.001551460469909081,0.6919175624847412,0.0016151228666095201,5
10000,subset_accuracy_drop,11,0.6917886853218078,0.0015461381656220585,0.6919277787208558,0.0016037637969397594,5
10000,subset_accuracy_drop,12,0.6917778253555298,0.001541064848143971,0.6919395327568054,0.0015942787093959896,5
10000,subset_accuracy_drop,13,0.6917601346969604,0.001541000340665963,0.6919469237327576,0.0015903522665866344,5
10000,subset_accuracy_drop,14,0.6917332410812378,0.0015473314392968035,0.6919479846954346,0.0015931658923025145,5
10000,subset_accuracy_drop,15,0.6916977405548096,0.0015595903325293613,0.6919432282447815,0.001601895679293823,5
10000,subset_accuracy_drop,16,0.6916555881500244,0.0015759349981396083,0.6919346332550049,0.0016140372208156568,5
10000,subset_accuracy_drop,17,0.6916091918945313,0.0015932934956082564,0.6919239282608032,0.0016258318504719588,5
10000,subset_accuracy_drop,18,0.6915609478950501,0.001608348805973153,0.6919135451316833,0.0016342965459552109,5
10000,subset_accuracy_drop,19,0.691512382030487,0.0016186209155985094,0.6919051766395569,0.0016360439490770914,5
10000,subset_accuracy_drop,20,0.6914636373519898,0.001624043404242949,0.6919003367424011,0.001630722205516119,5
10000,subset_accuracy_drop,21,0.6914134979248047,0.0016278252907593737,0.6918987512588501,0.00162186407132477,5
10000,subset_accuracy_drop,22,0.6913601040840149,0.0016344504582934674,0.6918997526168823,0.001614926950120748,5
10000,subset_accuracy_drop,23,0.6913026094436645,0.0016456318873381555,0.6919032096862793,0.0016127634321812002,5
10000,subset_accuracy_drop,24,0.6912408947944642,0.0016582980077775784,0.6919086933135986,0.0016142436230069297,5
10000,subset_accuracy_drop,25,0.6911746621131897,0.0016672853054263289,0.6919153809547425,0.0016150781562356492,5
10000,subset_accuracy_drop,26,0.6911036610603333,0.001670833486000149,0.6919232964515686,0.001611958684207653,5
10000,subset_accuracy_drop,27,0.6910272836685181,0.0016720510537637278,0.6919348359107971,0.001606624862570329,5
10000,subset_accuracy_drop,28,0.6909426331520081,0.0016763857356099797,0.6919526219367981,0.0016037599630279807,5
10000,subset_accuracy_drop,29,0.6908478260040283,0.0016884621080265217,0.691978144645691,0.001605801456256589,5
10000,subset_accuracy_drop,30,0.690745747089386,0.0017075743033978593,0.6920103311538697,0.0016095922298573176,5
10000,subset_accuracy_drop,31,0.6906381011009216,0.0017273220495788832,0.6920457363128663,0.0016067485927556693,5
10000,subset_accuracy_drop,32,0.6905258297920227,0.0017425816325107879,0.6920897841453553,0.0015996463441353588,5
10000,subset_accuracy_drop,33,0.6904082655906677,0.0017565249563829815,0.6921400308609009,0.001596599634199726,5
10000,subset_accuracy_drop,34,0.6902859568595886,0.0017732669060648648,0.6921919226646424,0.0016023527927144184,5
10000,subset_accuracy_drop,35,0.6901593685150147,0.0017892563363027018,0.6922553300857544,0.0016231601704198378,5
10000,subset_accuracy_drop,36,0.6900334239006043,0.0017937982444772578,0.6923198103904724,0.0016342327965941299,5
10000,subset_accuracy_drop,37,0.6898946166038513,0.0017948426421905013,0.6924176692962647,0.0016641301563743475,5
10000,subset_accuracy_drop,38,0.6897689938545227,0.0017991761964895091,0.6924952149391175,0.0016596281640605494,5
10000,subset_accuracy_drop,39,0.6895978212356567,0.001825524180665746,0.6926006436347961,0.001673322490987047,5
10000,subset_accuracy_drop,40,0.6894394159317017,0.0018445348077577926,0.6926704287528992,0.0016273954093534847,5
10000,subset_accuracy_drop,41,0.6893077492713928,0.0018581900508999722,0.6927607536315918,0.0016090821657422532,5
10000,subset_accuracy_drop,42,0.6891372203826904,0.0018690392247393698,0.692866837978363,0.0016098547400513505,5
10000,subset_accuracy_drop,43,0.6889696598052979,0.0018589759432620931,0.6929841876029968,0.0015956054614721777,5
10000,subset_accuracy_drop,44,0.6888039708137512,0.0018660299407897713,0.6931047201156616,0.0015639450207530993,5
10000,subset_accuracy_drop,45,0.6886258006095887,0.0019096076453983671,0.693259859085083,0.0015462777598743576,5
10000,subset_accuracy_drop,46,0.6884366035461426,0.001919357558789098,0.693399703502655,0.0014970926907013305,5
10000,subset_accuracy_drop,47,0.6882639288902282,0.0019358216505044941,0.6935443758964539,0.0014865714963067792,5
10000,subset_accuracy_drop,48,0.6880980014801026,0.0019310725156377738,0.6937062501907348,0.0014749370338439074,5
10000,subset_accuracy_drop,49,0.6878771185874939,0.001960410690522757,0.6938778638839722,0.0014613558954448753,5
10000,subset_accuracy_drop,50,0.6877016186714172,0.0020061550311021837,0.6940314173698425,0.0014076032485082668,5
10000,subset_accuracy_drop,51,0.6875084042549133,0.002032430732475122,0.6942193984985352,0.0014230616993926813,5
10000,subset_accuracy_drop,52,0.687295925617218,0.001960896329749083,0.6943758368492127,0.0013604079188479243,5
10000,subset_accuracy_drop,53,0.6870701789855957,0.0020714008419869165,0.6945122361183167,0.0012882788460278525,5
10000,subset_accuracy_drop,54,0.6868977785110474,0.002105658309943733,0.694667375087738,0.0012754623336050123,5
10000,subset_accuracy_drop,55,0.6866908550262452,0.002011983147122314,0.6948120594024658,0.001187412489133762,5
10000,subset_accuracy_drop,56,0.6864880323410034,0.002145937898754672,0.6950065135955811,0.0011596439291964187,5
10000,subset_accuracy_drop,57,0.6862680077552795,0.0021144873993888527,0.6950845718383789,0.0010856145322739878,5
10000,subset_accuracy_drop,58,0.6860110759735107,0.0021514937868591408,0.6952158212661743,0.001021732559732287,5
10000,subset_accuracy_drop,59,0.6858442306518555,0.0022170048362157137,0.6953851342201233,0.0009968064236558257,5
10000,subset_accuracy_drop,60,0.6856062889099122,0.0021802692708208695,0.6954980015754699,0.0009603235942796918,5
10000,subset_accuracy_drop,61,0.6853189945220948,0.002241840505978375,0.6956352949142456,0.0009225609610132437,5
10000,subset_accuracy_drop,62,0.6851611018180848,0.002227587134908504,0.6958156704902649,0.0008741995945778814,5
10000,subset_accuracy_drop,63,0.6848761200904846,0.002326165405093616,0.6959655284881592,0.0008518344773059432,5
10000,subset_accuracy_drop,64,0.6847540497779846,0.0019333207220931228,0.6961596727371215,0.0007399284728630633,5
10000,subset_accuracy_drop,65,0.6844682574272156,0.002390520520097804,0.696259367465973,0.0008210546431651366,5
10000,subset_accuracy_drop,66,0.6841961026191712,0.0023381202365161144,0.6964034795761108,0.0009209693917250539,5
10000,subset_accuracy_drop,67,0.6840448260307312,0.002266049003076133,0.6965499520301819,0.0008441640960362183,5
10000,subset_accuracy_drop,68,0.6837025880813599,0.002335341402316387,0.6967063903808594,0.0008690991635248027,5
10000,subset_accuracy_drop,69,0.6835836291313171,0.002408932215348473,0.6968745470046998,0.0009414440228611462,5
10000,subset_accuracy_drop,70,0.6833397507667541,0.002281329204241307,0.6970487356185913,0.0010157521647423755,5
10000,subset_accuracy_drop,71,0.6830064415931701,0.002334462226415919,0.6971060991287231,0.0009211885504867101,5
10000,subset_accuracy_drop,72,0.6828728199005127,0.002487901649048972,0.6973167896270752,0.000771176652778868,5
10000,subset_accuracy_drop,73,0.6826366901397705,0.0021888269877092053,0.6974612593650817,0.0007403159535205116,5
10000,subset_accuracy_drop,74,0.6822826385498046,0.0023979824117235605,0.6976086258888244,0.0006428771327531762,5
10000,subset_accuracy_drop,75,0.6821856617927551,0.002430391046813594,0.6978326678276062,0.0004786489339529015,5
10000,subset_accuracy_drop,76,0.6820571780204773,0.0023802631439264524,0.6981024384498596,0.0008006665382765068,5
10000,subset_accuracy_drop,77,0.6815367698669433,0.0024491363462838347,0.6981076598167419,0.000506218302140487,5
10000,subset_accuracy_drop,78,0.6815306782722473,0.002340495124792022,0.6982914924621582,0.0006902093692677252,5
10000,subset_accuracy_drop,79,0.6813828825950623,0.0025072331424066635,0.6984554648399353,0.000620148746748603,5
10000,subset_accuracy_drop,80,0.6809226036071777,0.002538696251719188,0.6985794544219971,0.0007642982774033192,5
10000,subset_accuracy_drop,81,0.6807212948799133,0.0022739302535138505,0.6986610889434814,0.0006434779934338625,5
10000,subset_accuracy_drop,82,0.680881667137146,0.0027533323576828662,0.6990034580230713,0.0007340645545361894,5
10000,subset_accuracy_drop,83,0.6803139567375183,0.0026088865372522756,0.6991474032402039,0.0008364540942555295,5
10000,subset_accuracy_drop,84,0.6802674889564514,0.0021041216231458726,0.69931058883667,0.0006034655171279711,5
10000,subset_accuracy_drop,85,0.6800753712654114,0.00262363215939815,0.6993499279022217,0.000748542487016916,5
10000,subset_accuracy_drop,86,0.6797043561935425,0.0026612903051138575,0.6994472146034241,0.0005817978997068656,5
10000,subset_accuracy_drop,87,0.6796804189682006,0.002077502211572244,0.6997343301773071,0.0007042605323453628,5
10000,subset_accuracy_drop,88,0.6793229460716248,0.0025608225266975176,0.6997507452964783,0.0007531814454466439,5
10000,subset_accuracy_drop,89,0.679105532169342,0.0026203957973713068,0.6997957706451416,0.00075920361746912,5
10000,subset_accuracy_drop,90,0.6791818737983704,0.0023337100174334667,0.7001172423362731,0.000877826844283861,5
10000,subset_accuracy_drop,91,0.678682518005371,0.00252728449782626,0.7000534296035766,0.0008892247321494923,5
10000,subset_accuracy_drop,92,0.6789734601974488,0.002883434847825192,0.7005112886428833,0.001006387325148874,5
10000,subset_accuracy_drop,93,0.678346312046051,0.002633969376064303,0.7003252744674683,0.000866134328446766,5
10000,subset_accuracy_drop,94,0.6783842444419861,0.002242697908231916,0.7006341934204101,0.0007694495017272989,5
10000,subset_accuracy_drop,95,0.6781394243240356,0.0026496238242760817,0.7007043242454529,0.0007655695224253575,5
10000,subset_accuracy_drop,96,0.6779774308204651,0.0028038018998898357,0.7009202361106872,0.0006633045435367128,5
10000,subset_accuracy_drop,97,0.6776233911514282,0.002625352293631514,0.7009544372558594,0.0007770415153118827,5
10000,subset_accuracy_drop,98,0.6776832103729248,0.002330728593963229,0.7011399388313293,0.0007502527005590332,5
10000,subset_accuracy_drop,99,0.6775154352188111,0.0028775701307117182,0.7013280153274536,0.0007445157695394354,5
10000,subset_accuracy_drop,100,0.6771928906440735,0.0027977608810592115,0.701394236087799,0.000818613086726641,5
10000,subset_accuracy_drop,101,0.6770185112953186,0.0026018666001544097,0.7015064477920532,0.0007859512379172374,5
10000,subset_accuracy_drop,102,0.6768888711929322,0.00273513853221326,0.7016130328178406,0.0008542708705666209,5
10000,subset_accuracy_drop,103,0.6767796277999878,0.0029832983778684923,0.7018769264221192,0.0007705284140557322,5
10000,subset_accuracy_drop,104,0.6765386819839477,0.002652906929753107,0.7018901944160462,0.000814031296517609,5
10000,subset_accuracy_drop,105,0.6765640616416931,0.002843798882356982,0.7020909667015076,0.0009812608763476985,5
10000,subset_accuracy_drop,106,0.676159405708313,0.002834552809727,0.7020351886749268,0.0009726036379259282,5
10000,subset_accuracy_drop,107,0.6762063145637512,0.0030251196809441385,0.7023028612136841,0.0009130207262073728,5
10000,subset_accuracy_drop,108,0.6761795043945312,0.002986112858902641,0.7024332284927368,0.0011235954675399597,5
10000,subset_accuracy_drop,109,0.6756676197052002,0.0029422821902020256,0.7024321794509888,0.0010721988360312426,5
10000,subset_accuracy_drop,110,0.6755229234695435,0.0028801792711812563,0.7025150418281555,0.0011701801909681452,5
10000,subset_accuracy_drop,111,0.6758465647697449,0.003163188650111428,0.7029669404029846,0.0009522506057540498,5
10000,subset_accuracy_drop,112,0.6752621531486511,0.003066444820745536,0.7028780341148376,0.0011470843926846,5
10000,subset_accuracy_drop,113,0.6753354430198669,0.0026552019959306403,0.7031264185905457,0.0010816900241223816,5
10000,subset_accuracy_drop,114,0.6751098513603211,0.003123066967348397,0.7031044483184814,0.0009833956611052842,5
10000,subset_accuracy_drop,115,0.6750327944755554,0.0033090018708544357,0.7032589435577392,0.0009726812532598912,5
10000,subset_accuracy_drop,116,0.6748717069625855,0.0029655194559956616,0.7032972812652588,0.0010916431594030858,5
10000,subset_accuracy_drop,117,0.674701726436615,0.0032115569067624693,0.7034321784973144,0.0010929873750316992,5
10000,subset_accuracy_drop,118,0.6745195150375366,0.0030861514157361995,0.7035244345664978,0.0013628618845698808,5
10000,subset_accuracy_drop,119,0.674616026878357,0.0032247213784010144,0.7037280082702637,0.0012801205331222608,5
10000,subset_accuracy_drop,120,0.6744172692298889,0.003388915079859574,0.7037943005561829,0.0013321479567335376,5
10000,subset_accuracy_drop,121,0.6741746306419373,0.003090117577448826,0.7038592100143433,0.0013881853781873964,5
10000,subset_accuracy_drop,122,0.6739175915718079,0.0032219830715688657,0.7039201855659485,0.0013267049731465952,5
10000,subset_accuracy_drop,123,0.674021577835083,0.003313326185173434,0.7041565537452698,0.001203992589825869,5
10000,subset_accuracy_drop,124,0.674032187461853,0.0032872116302171983,0.7043805003166199,0.0011604451293994419,5
10000,subset_accuracy_drop,125,0.6735520362854004,0.003319880003698738,0.7044216156005859,0.001241590175812437,5
10000,subset_accuracy_drop,126,0.6737022280693055,0.0031052808389602235,0.7045958876609802,0.001421057862116892,5
10000,subset_accuracy_drop,127,0.6737241864204406,0.0034770113616058662,0.7048088073730469,0.001119522335729858,5
10000,subset_accuracy_drop,128,0.6733702182769775,0.003413986420857442,0.7048249840736389,0.0012657383065081266,5
10000,subset_accuracy_drop,129,0.6733930349349976,0.0030962501609706405,0.7049224138259887,0.0013682859505597517,5
10000,subset_accuracy_drop,130,0.673274576663971,0.003497097117180143,0.7050202250480652,0.0013034625335303642,5
10000,subset_accuracy_drop,131,0.6732300162315369,0.0034932641439774023,0.7051501870155334,0.0015293382557122637,5
10000,subset_accuracy_drop,132,0.6730894684791565,0.0031842775680958318,0.7050834536552429,0.001407146536290984,5
10000,subset_accuracy_drop,133,0.6730252265930176,0.003699153235088597,0.7051490545272827,0.001534954798285549,5
10000,subset_accuracy_drop,134,0.6729193091392517,0.003434163413614335,0.7051151394844055,0.0017979578054873803,5
10000,subset_accuracy_drop,135,0.6728315353393555,0.003269624387618198,0.7052317023277282,0.001525310712665685,5
10000,subset_accuracy_drop,136,0.6725133538246155,0.0036134770874455447,0.7051175713539124,0.001547441759083365,5
10000,subset_accuracy_drop,137,0.6727725148200989,0.003701530617119998,0.7054040193557739,0.0015050931468811543,5
10000,subset_accuracy_drop,138,0.6723856806755066,0.003279956681116495,0.7054102540016174,0.0015265931906072328,5
10000,subset_accuracy_drop,139,0.6723265051841736,0.003662870652077833,0.7056745171546936,0.0015193557173229493,5
10000,subset_accuracy_drop,140,0.6722951173782349,0.0035737195863933383,0.7058022141456604,0.001464177918524933,5
10000,subset_accuracy_drop,141,0.6723437786102295,0.0035238834333853283,0.7061176657676697,0.0014759199937013792,5
10000,subset_accuracy_drop,142,0.672114086151123,0.0035059206821218113,0.706134581565857,0.0015420975407661262,5
10000,subset_accuracy_drop,143,0.6719247102737427,0.0036537134031188663,0.7062706232070923,0.0014246898232097814,5
10000,subset_accuracy_drop,144,0.6720314860343933,0.0034605852858025058,0.7064252495765686,0.0014240829794253944,5
10000,subset_accuracy_drop,145,0.6718513607978821,0.0035198753368363197,0.7063497066497803,0.0014139177616643791,5
10000,subset_accuracy_drop,146,0.6716918468475341,0.0035436972861989146,0.7064195394515991,0.0014481657371589111,5
10000,subset_accuracy_drop,147,0.6716715693473816,0.003459391930328665,0.706460154056549,0.0014712052765191283,5
10000,subset_accuracy_drop,148,0.671770441532135,0.0035526353181360775,0.7065278649330139,0.0013666855864248734,5
10000,subset_accuracy_drop,149,0.6716342806816101,0.0035776819815283582,0.7065654158592224,0.0018046933445497403,5
10000,subset_accuracy_drop,150,0.6712929129600524,0.0036976319769374748,0.7065338611602783,0.0016079014859746578,5
10000,subset_accuracy_drop,151,0.671509850025177,0.0034095585957294957,0.7068042397499085,0.0015677222249650736,5
10000,subset_accuracy_drop,152,0.6715580344200134,0.0035709623091560285,0.7069670915603637,0.002018084463860795,5
10000,subset_accuracy_drop,153,0.6711268782615661,0.003692576627352432,0.706847321987152,0.0015388737550468396,5
10000,subset_accuracy_drop,154,0.6711643218994141,0.0035166755988938012,0.7069879412651062,0.00164379204952565,5
10000,subset_accuracy_drop,155,0.6712214231491089,0.003545530804585042,0.707116162776947,0.0014445002041689197,5
10000,subset_accuracy_drop,156,0.6711130261421203,0.00359185287724917,0.7072476506233215,0.0016764623132516645,5
10000,subset_accuracy_drop,157,0.6708184480667114,0.0038454076432469187,0.707103681564331,0.0014563882310188623,5
10000,subset_accuracy_drop,158,0.6710807681083679,0.003272196186778638,0.7073878645896912,0.001508617787734609,5
10000,subset_accuracy_drop,159,0.6709106206893921,0.0036633987956244435,0.7073264479637146,0.0016294582619156353,5
10000,subset_accuracy_drop,160,0.6708008289337158,0.003637917328465851,0.7074767827987671,0.001619101050890547,5
10000,subset_accuracy_drop,161,0.670574140548706,0.0037612030648620934,0.7073876857757568,0.0017636718367609176,5
10000,subset_accuracy_drop,162,0.6707211256027221,0.003515106263228574,0.707543957233429,0.0016305142004394205,5
10000,subset_accuracy_drop,163,0.6706790208816529,0.0037732114723266633,0.7076806664466858,0.0020964923570298104,5
10000,subset_accuracy_drop,164,0.6702784895896912,0.0038699163619747177,0.7076260447502136,0.0018115883252474774,5
10000,subset_accuracy_drop,165,0.6703109502792358,0.0036618218497849733,0.7077280044555664,0.001881838208079745,5
10000,subset_accuracy_drop,166,0.6704055786132812,0.0037013412193611086,0.7078179836273193,0.0019188841158204154,5
10000,subset_accuracy_drop,167,0.6702773690223693,0.003751955963730467,0.7078450322151184,0.002025442351492758,5
10000,subset_accuracy_drop,168,0.6701038718223572,0.003890635692114273,0.7078163623809814,0.0018774754107803513,5
10000,subset_accuracy_drop,169,0.6701552867889404,0.0038488000397691796,0.7078512191772461,0.0018361591411363257,5
10000,subset_accuracy_drop,170,0.6700376510620117,0.0038320287870644396,0.7077400922775269,0.001825028548987735,5
10000,subset_accuracy_drop,171,0.6700496196746826,0.003814416821842244,0.7078360795974732,0.001829988529546161,5
10000,subset_accuracy_drop,172,0.6699588418006897,0.0038467318411590126,0.7079357266426086,0.0015494880195449068,5
10000,subset_accuracy_drop,173,0.6697597742080689,0.003852436503185827,0.7080901980400085,0.0016051572931939661,5
10000,subset_accuracy_drop,174,0.6697826743125915,0.003912309399345112,0.7083174347877502,0.0016476762974010032,5
10000,subset_accuracy_drop,175,0.6698416829109192,0.003713236987096685,0.7086023211479187,0.001800469659441943,5
10000,subset_accuracy_drop,176,0.6696177124977112,0.0038841238551142973,0.7086277961730957,0.0018221203707312588,5
10000,subset_accuracy_drop,177,0.6695062398910523,0.004040777080863633,0.7087173819541931,0.001928577789087309,5
10000,subset_accuracy_drop,178,0.6694645285606384,0.003881127878564863,0.7088019967079162,0.0021151123114865104,5
10000,subset_accuracy_drop,179,0.669651186466217,0.003918600549338205,0.7089618444442749,0.002077327822031415,5
10000,subset_accuracy_drop,180,0.6693597078323364,0.003951507564121296,0.7089211225509644,0.0020661363682945647,5
10000,subset_accuracy_drop,181,0.6692408561706543,0.003949332868006376,0.7089536786079407,0.0020334701113736806,5
10000,subset_accuracy_drop,182,0.6694030165672302,0.003915337655259684,0.7090624570846558,0.0019596742724410495,5
10000,subset_accuracy_drop,183,0.6692708611488343,0.004014032182882139,0.7090441107749939,0.0019474640780959367,5
10000,subset_accuracy_drop,184,0.6691356658935547,0.003954524059413082,0.7089917540550232,0.0019381312628907825,5
10000,subset_accuracy_drop,185,0.6691468000411988,0.003934777289128655,0.7089251756668091,0.001947374494919652,5
10000,subset_accuracy_drop,186,0.6692160844802857,0.00409498367412659,0.708967125415802,0.0020840129602446526,5
10000,subset_accuracy_drop,187,0.6691246271133423,0.0039845997456477615,0.7088852405548096,0.002125988301885099,5
10000,subset_accuracy_drop,188,0.66905837059021,0.003968702833602093,0.7089966535568237,0.002137590441191721,5
10000,subset_accuracy_drop,189,0.668942928314209,0.00417707907990294,0.7090801000595093,0.002168295157947723,5
10000,subset_accuracy_drop,190,0.6689593434333801,0.004040347824240707,0.709192442893982,0.002246959150546646,5
10000,subset_accuracy_drop,191,0.6689487814903259,0.004026147369217984,0.7093163371086121,0.0021148200285845166,5
10000,subset_accuracy_drop,192,0.6687423825263977,0.004006662824667736,0.7093557715415955,0.0020760902014337257,5
10000,subset_accuracy_drop,193,0.6687822818756104,0.004172478578802773,0.709528923034668,0.002032412782495772,5
10000,subset_accuracy_drop,194,0.6687371969223023,0.003899502517543193,0.7096780776977539,0.002136057702091422,5
10000,subset_accuracy_drop,195,0.6687380790710449,0.004133724395156991,0.7097660541534424,0.0019286809683713923,5
10000,subset_accuracy_drop,196,0.668588387966156,0.004110195829429597,0.709749448299408,0.002025241802840819,5
10000,subset_accuracy_drop,197,0.6686308741569519,0.004088105402087779,0.7098211407661438,0.002240636538923223,5
10000,subset_accuracy_drop,198,0.6685424208641052,0.003994964282895051,0.7097965121269226,0.002274097851902161,5
10000,subset_accuracy_drop,199,0.6684449672698974,0.004084100885794193,0.7098434567451477,0.002375109264368134,5
10000,subset_accuracy_drop,200,0.6685974359512329,0.004301227180848424,0.7099595904350281,0.002380029525942675,5
10000,subset_accuracy_drop,201,0.6685010910034179,0.004069137818256751,0.7100685834884644,0.002760365019708729,5
10000,subset_accuracy_drop,202,0.6683047652244568,0.004109177565072694,0.7100658774375915,0.002621945518062639,5
10000,subset_accuracy_drop,203,0.6683847069740295,0.004207697003862847,0.7101314902305603,0.0026482252561484112,5
10000,subset_accuracy_drop,204,0.6683874130249023,0.004222049499033024,0.7101432800292968,0.0026550449230435783,5
10000,subset_accuracy_drop,205,0.6682444334030151,0.004028311835868176,0.7101564049720764,0.002756389202592161,5
10000,subset_accuracy_drop,206,0.6682974338531494,0.004081524403649214,0.710159707069397,0.0025761886249115185,5
10000,subset_accuracy_drop,207,0.6681004166603088,0.004207782668226656,0.7101189255714416,0.0024932296402055505,5
10000,subset_accuracy_drop,208,0.6681491613388062,0.004103353777402431,0.7102740049362183,0.0024698324449495554,5
10000,subset_accuracy_drop,209,0.6682591557502746,0.004310931287716329,0.7104044556617737,0.0022521085600090114,5
10000,subset_accuracy_drop,210,0.668070912361145,0.004216723113400826,0.7104162335395813,0.0023715104747601364,5
10000,subset_accuracy_drop,211,0.6679705858230591,0.004038289055236201,0.7104452967643737,0.002422279758517608,5
10000,subset_accuracy_drop,212,0.6680938720703125,0.004239219827662961,0.7105122089385987,0.002402136235880411,5
10000,subset_accuracy_drop,213,0.6679867386817933,0.004256730392685736,0.7104680657386779,0.0024854888511693105,5
10000,subset_accuracy_drop,214,0.6678977370262146,0.004150473349374058,0.7104880332946777,0.0025686977512001854,5
10000,subset_accuracy_drop,215,0.6679747700691223,0.004246376944418367,0.7106294989585876,0.0026072560722653387,5
10000,subset_accuracy_drop,216,0.6679259419441224,0.004174396439572028,0.7105661511421204,0.0025812967672712325,5
10000,subset_accuracy_drop,217,0.6677649736404419,0.004241166380390912,0.7105823040008545,0.002709721634020895,5
10000,subset_accuracy_drop,218,0.6677953600883484,0.0043032055341691074,0.7105921626091003,0.0026077072713684164,5
10000,subset_accuracy_drop,219,0.6679061055183411,0.004112062422739748,0.7106817364692688,0.0027687771205333203,5
10000,subset_accuracy_drop,220,0.6676989078521729,0.0041328854568118715,0.7106221795082093,0.0026641469343866267,5
10000,subset_accuracy_drop,221,0.667618453502655,0.004319457831383975,0.7107067346572876,0.002753153903200434,5
10000,subset_accuracy_drop,222,0.6677384734153747,0.004183163502756773,0.7107773065567017,0.0030735719007098402,5
10000,subset_accuracy_drop,223,0.6676377296447754,0.004199326615050069,0.71082044839859,0.003044506653351852,5
10000,subset_accuracy_drop,224,0.66747567653656,0.004244460324220982,0.7109430074691773,0.0031461977827049563,5
10000,subset_accuracy_drop,225,0.6674682378768921,0.004269885040014622,0.7109448671340942,0.0031131228222480876,5
10000,subset_accuracy_drop,226,0.6679024696350098,0.004237665884576682,0.7112697839736939,0.0029624740440167764,5
10000,subset_accuracy_drop,227,0.6673520922660827,0.004277337529555721,0.7110439419746399,0.0028986777653927935,5
10000,subset_accuracy_drop,228,0.6672821760177612,0.004296058092148632,0.7111722946166992,0.002883896049720634,5
10000,subset_accuracy_drop,229,0.667583453655243,0.004210288650615327,0.7112555742263794,0.002799508011490812,5
10000,subset_accuracy_drop,230,0.6674717903137207,0.004312995471689098,0.7111476421356201,0.0028368776845009384,5
10000,subset_accuracy_drop,231,0.6671754121780396,0.004318834435745846,0.711041247844696,0.0027673195991977356,5
10000,subset_accuracy_drop,232,0.6673105955123901,0.0044004237785202046,0.711094081401825,0.0027789491719414066,5
10000,subset_accuracy_drop,233,0.6676752448081971,0.004185361782290229,0.7113738059997559,0.002743142895835025,5
10000,subset_accuracy_drop,234,0.6672144889831543,0.004330692636982139,0.7111912608146668,0.0028481437682584643,5
10000,subset_accuracy_drop,235,0.667097544670105,0.0043794279137232064,0.7111746191978454,0.0028509504360516038,5
10000,subset_accuracy_drop,236,0.6675661444664002,0.004173261642640396,0.7114167094230652,0.0026941195161135404,5
10000,subset_accuracy_drop,237,0.6671329975128174,0.0043758842355652895,0.7111080646514892,0.002910171991136235,5
10000,subset_accuracy_drop,238,0.6670857548713685,0.004292891893543852,0.7112415075302124,0.002943744361891055,5
10000,subset_accuracy_drop,239,0.6671934008598328,0.004243097409511645,0.7112355947494506,0.002985780474887607,5
10000,subset_accuracy_drop,240,0.6671103596687317,0.00438304743285991,0.7112897038459778,0.0031015696555495246,5
10000,subset_accuracy_drop,241,0.6669860005378723,0.004299667115532372,0.7114056348800659,0.0032186887369637573,5
10000,subset_accuracy_drop,242,0.6671314716339112,0.004101652390595554,0.7116385579109192,0.0034435484538293095,5
10000,subset_accuracy_drop,243,0.6670501589775085,0.0043816215007094214,0.7116656422615051,0.0032070757304834465,5
10000,subset_accuracy_drop,244,0.6668656587600708,0.00442548556603019,0.7116912722587585,0.003211533077088178,5
10000,subset_accuracy_drop,245,0.6668878674507142,0.00435906595260393,0.7117780089378357,0.0031768255826861366,5
10000,subset_accuracy_drop,246,0.6669793248176574,0.0043219723002680885,0.7117540717124939,0.0030821558362255645,5
10000,subset_accuracy_drop,247,0.6670584201812744,0.004625099653696788,0.7118532061576843,0.0030644485674415313,5
10000,subset_accuracy_drop,248,0.6667416334152222,0.004393387925567988,0.711744487285614,0.0029526853715619744,5
10000,subset_accuracy_drop,249,0.6670153498649597,0.0044017205608344176,0.7118608593940735,0.002881099108420505,5
10000,subset_accuracy_drop,250,0.6668610572814941,0.004462017465860234,0.7116613864898682,0.0029887907143595098,5
10000,subset_accuracy_drop,251,0.6667988181114197,0.004467552204328624,0.7116373777389526,0.003074659803266562,5
10000,subset_accuracy_drop,252,0.6668197512626648,0.0043581645285491015,0.7116871118545532,0.0032322460532521764,5
10000,subset_accuracy_drop,253,0.6667697548866272,0.0042640564720844995,0.7117182731628418,0.003256801313842835,5
10000,subset_accuracy_drop,254,0.6667151808738708,0.004535165033042305,0.7118212580680847,0.003389462057416499,5
10000,subset_accuracy_drop,255,0.6668194532394409,0.004507580351583992,0.712016248703003,0.003497954411301565,5
10000,subset_accuracy_drop,256,0.6666531682014465,0.0042689710843406324,0.7120870590209961,0.0034628444110462574,5
10000,subset_accuracy_drop,257,0.6665578246116638,0.004395819580818211,0.7121696472167969,0.003505909214462091,5
10000,subset_accuracy_drop,258,0.6666965007781982,0.004586888044178072,0.7121722459793091,0.003525276102470552,5
10000,subset_accuracy_drop,259,0.6666468739509582,0.004468704007356464,0.7120518565177918,0.003480780111324192,5
10000,subset_accuracy_drop,260,0.6665679931640625,0.004326615770326998,0.7120846271514892,0.0033209527404330567,5
10000,subset_accuracy_drop,261,0.6665282130241394,0.004592729410002879,0.7119862318038941,0.003240393596308709,5
10000,subset_accuracy_drop,262,0.6666829466819764,0.004635389068730581,0.7120244979858399,0.003246395741716281,5
10000,subset_accuracy_drop,263,0.6664993643760682,0.0044489431179693395,0.7120310544967652,0.0031561058468429935,5
10000,subset_accuracy_drop,264,0.6665070176124572,0.004491835358217622,0.7123197436332702,0.003082406092983515,5
10000,subset_accuracy_drop,265,0.6664873600006104,0.004622708106794689,0.7123342990875244,0.0030165301862243865,5
10000,subset_accuracy_drop,266,0.6666839599609375,0.0045734283124662465,0.7125431060791015,0.003252943270472863,5
10000,subset_accuracy_drop,267,0.6665918946266174,0.0041261920741545305,0.7126887440681458,0.0032678583013925795,5
10000,subset_accuracy_drop,268,0.6663851499557495,0.00461201949685283,0.7127919435501099,0.0033835845287228075,5
10000,subset_accuracy_drop,269,0.6663777828216553,0.004467041760670684,0.7126790046691894,0.0035525263888635337,5
10000,subset_accuracy_drop,270,0.666772437095642,0.004290286753547359,0.7128045558929443,0.003559461840540575,5
10000,subset_accuracy_drop,271,0.6663543462753296,0.004541258302542607,0.7125243067741394,0.003572049275636251,5
10000,subset_accuracy_drop,272,0.6664104580879211,0.00461683604338338,0.7125638127326965,0.003254476657051834,5
10000,subset_accuracy_drop,273,0.6664568185806274,0.004213027420272779,0.7124089002609253,0.003362768603270189,5
10000,subset_accuracy_drop,274,0.6664334535598755,0.004407039531135628,0.7123021483421326,0.003079592004041199,5
10000,subset_accuracy_drop,275,0.6663027763366699,0.00464782233800562,0.7122691869735718,0.0031198303978393033,5
10000,subset_accuracy_drop,276,0.6663199424743652,0.004531334731498562,0.712363862991333,0.003242312966248574,5
10000,subset_accuracy_drop,277,0.6663370370864868,0.004212914570999079,0.7124753355979919,0.0033546401774138274,5
10000,subset_accuracy_drop,278,0.6661481857299805,0.004584369211123,0.7123998761177063,0.003570978529353425,5
10000,subset_accuracy_drop,279,0.6662519931793213,0.004725543397617537,0.7124309062957763,0.003416958018482193,5
10000,subset_accuracy_drop,280,0.6661881804466248,0.00439446551345449,0.7123833060264587,0.0034620996256748953,5
10000,subset_accuracy_drop,281,0.666081714630127,0.004438842415717297,0.7123234272003174,0.0032186689671583105,5
10000,subset_accuracy_drop,282,0.6661324739456177,0.00466491629923891,0.7123276352882385,0.0031491712280586528,5
10000,subset_accuracy_drop,283,0.6661377906799316,0.004433642248403648,0.7123633980751037,0.0032878270014586783,5
10000,subset_accuracy_drop,284,0.6659732818603515,0.004493621922494055,0.7123940706253051,0.0032051926973620036,5
10000,subset_accuracy_drop,285,0.6659948348999023,0.004581210736166324,0.7125822544097901,0.0033058920763632082,5
10000,subset_accuracy_drop,286,0.6660998702049256,0.004384974727347104,0.7126919627189636,0.003395854159327592,5
10000,subset_accuracy_drop,287,0.6660487413406372,0.0044104768508006495,0.7127923965454102,0.0035477425009096436,5
10000,subset_accuracy_drop,288,0.665906822681427,0.0045411559046417225,0.7128063559532165,0.003479160777822779,5
10000,subset_accuracy_drop,289,0.66603684425354,0.0046247060697790394,0.7128811120986939,0.0033301164165799022,5
10000,subset_accuracy_drop,290,0.6661228179931641,0.004354276617871443,0.7128645539283752,0.0033566705876356836,5
10000,subset_accuracy_drop,291,0.6659447073936462,0.004469439214884927,0.7128785133361817,0.0032304413261515954,5
10000,subset_accuracy_drop,292,0.6659252762794494,0.0045990833784420575,0.7128455758094787,0.0031703774618912356,5
10000,subset_accuracy_drop,293,0.6660221099853516,0.004416328275624758,0.7128774642944335,0.0032158440129054777,5
10000,subset_accuracy_drop,294,0.665941059589386,0.004554319153955165,0.7128914594650269,0.0034240075385819357,5
10000,subset_accuracy_drop,295,0.6658890604972839,0.0045753737394874485,0.7128904819488525,0.003540393904860422,5
10000,subset_accuracy_drop,296,0.6659865856170655,0.004679604388152532,0.7129459261894227,0.0034402921837277897,5
10000,subset_accuracy_drop,297,0.6658008933067322,0.004473794752972268,0.7128293752670288,0.003487920988016644,5
10000,subset_accuracy_drop,298,0.6657274007797241,0.004588606366121522,0.7127046227455139,0.0035405449386410803,5
10000,subset_accuracy_drop,299,0.6658296585083008,0.0046453133372929434,0.7126490116119385,0.003559027738220055,5
10000,subset_accuracy_drop,300,0.6657583117485046,0.004499369278109737,0.7126327991485596,0.0037316165372401834,5
10000,subset_accuracy_drop,301,0.6656777381896972,0.0045364793690835905,0.7127523779869079,0.003760021869702652,5
10000,subset_accuracy_drop,302,0.6657145500183106,0.0046566661065682935,0.7128317594528198,0.003800584614180392,5
10000,subset_accuracy_drop,303,0.6658729791641236,0.004622406633824799,0.7130029916763305,0.0037249374597824875,5
10000,subset_accuracy_drop,304,0.6657053589820862,0.004562505271983321,0.7130802512168884,0.003752665265843367,5
10000,subset_accuracy_drop,305,0.6656351327896118,0.004570648512244616,0.7130504608154297,0.0038587471725694384,5
10000,subset_accuracy_drop,306,0.6657972812652588,0.00481522991163073,0.7131020545959472,0.003676609704608379,5
10000,subset_accuracy_drop,307,0.6657437443733215,0.004414772035583711,0.7130597352981567,0.0037388517709454443,5
10000,subset_accuracy_drop,308,0.665569806098938,0.004585397833795679,0.712985384464264,0.003788251914933707,5
10000,subset_accuracy_drop,309,0.6656414270401001,0.004589788575640586,0.7129730105400085,0.00383676554118899,5
10000,subset_accuracy_drop,310,0.6658008813858032,0.004602732801961242,0.7131110548973083,0.003689187291904611,5
10000,subset_accuracy_drop,311,0.6655417561531067,0.004520625513948814,0.7130564093589783,0.003800871775250519,5
10000,subset_accuracy_drop,312,0.6655535340309143,0.004557154670092791,0.7131507754325866,0.0037537695084500318,5
10000,subset_accuracy_drop,313,0.6655455708503724,0.004623214923679479,0.7131436109542847,0.003729029285084681,5
10000,subset_accuracy_drop,314,0.66563960313797,0.004428023462265351,0.7131962537765503,0.003692666869558367,5
10000,subset_accuracy_drop,315,0.6655107140541077,0.004554728953160022,0.7131263732910156,0.0037492510059130616,5
10000,subset_accuracy_drop,316,0.6655038237571717,0.004668773284156651,0.7131257057189941,0.003661144719114901,5
10000,subset_accuracy_drop,317,0.6655011415481568,0.004726981420899781,0.7131716728210449,0.0037102691946023225,5
10000,subset_accuracy_drop,318,0.6655598640441894,0.004381555336755886,0.7132467269897461,0.003674802918177296,5
10000,subset_accuracy_drop,319,0.665527629852295,0.004554927360283165,0.7132548809051513,0.003871343994599404,5
10000,subset_accuracy_drop,320,0.665392005443573,0.0046328939071569025,0.7132827877998352,0.0038887589415273556,5
10000,subset_accuracy_drop,321,0.6654214024543762,0.00461976999793422,0.7133045196533203,0.003926824781299418,5
10000,subset_accuracy_drop,322,0.665466570854187,0.004544883269193347,0.7133398294448853,0.003887314481910256,5
10000,subset_accuracy_drop,323,0.6654209017753601,0.0045824054753432755,0.7133482933044434,0.00392092283367482,5
10000,subset_accuracy_drop,324,0.6653944492340088,0.004652229726833702,0.7133923888206481,0.003831036022424235,5
10000,subset_accuracy_drop,325,0.6654090762138367,0.004617873193370967,0.71357421875,0.003753557061391251,5
10000,subset_accuracy_drop,326,0.6653839230537415,0.004626480837797658,0.7136649012565612,0.003827915430267738,5
10000,subset_accuracy_drop,327,0.6654469847679139,0.004603342040129914,0.7137351632118225,0.003849788113419788,5
10000,subset_accuracy_drop,328,0.6653743982315063,0.004615433008388712,0.7137271761894226,0.0038816082528566487,5
10000,subset_accuracy_drop,329,0.6653128504753113,0.00473620092287809,0.713783073425293,0.0037761968485433817,5
10000,subset_accuracy_drop,330,0.6653203725814819,0.004589945513302226,0.7137030959129333,0.003703238386117742,5
10000,subset_accuracy_drop,331,0.6654162049293518,0.004549386146663935,0.7136694312095642,0.00360320600504085,5
10000,subset_accuracy_drop,332,0.6653513550758362,0.004800159968957906,0.7136316537857056,0.003614603804413188,5
10000,subset_accuracy_drop,333,0.6652323484420777,0.0046635561016979445,0.7135190010070801,0.0036264485358714405,5
10000,subset_accuracy_drop,334,0.6653390526771545,0.0044504804108070044,0.7134784698486328,0.003662353694137336,5
10000,subset_accuracy_drop,335,0.6653425693511963,0.004638814349848076,0.7133785963058472,0.0037071943650791948,5
10000,subset_accuracy_drop,336,0.6652349352836608,0.0046884334201795184,0.7133552670478821,0.003825139653539806,5
10000,subset_accuracy_drop,337,0.6652159690856934,0.00458068916646866,0.7134382486343384,0.003907429731749484,5
10000,subset_accuracy_drop,338,0.6653427839279175,0.004681867194358864,0.7135311722755432,0.003942521008072533,5
10000,subset_accuracy_drop,339,0.6652430176734925,0.004677182033102132,0.7135314106941223,0.00410019102942414,5
10000,subset_accuracy_drop,340,0.6652119994163513,0.004664844720315634,0.7136182904243469,0.0041385313786492794,5
10000,subset_accuracy_drop,341,0.6651660799980164,0.004720775831912939,0.7136043787002564,0.0040245386001171645,5
10000,subset_accuracy_drop,342,0.6652441263198853,0.00478399060921767,0.7136489748954773,0.00388909320497988,5
10000,subset_accuracy_drop,343,0.6652509808540344,0.004672827887730853,0.7136761546134949,0.0038133197323762277,5
10000,subset_accuracy_drop,344,0.6650989651679993,0.00469057243782406,0.7136899113655091,0.0037287982211130373,5
10000,subset_accuracy_drop,345,0.6651329755783081,0.004697014628099956,0.7136424779891968,0.0036708547717914314,5
10000,subset_accuracy_drop,346,0.665229856967926,0.004646353489060391,0.7135187029838562,0.003695440867819776,5
10000,subset_accuracy_drop,347,0.665155029296875,0.004713986006074835,0.7135151386260986,0.0037440395385145335,5
10000,subset_accuracy_drop,348,0.6650491237640381,0.004739400193884363,0.7136782288551331,0.003980810437027338,5
10000,subset_accuracy_drop,349,0.6652341246604919,0.004684365817442633,0.7138308525085449,0.003955962857612605,5
10000,subset_accuracy_drop,350,0.6651714205741882,0.00467246758989692,0.7139252543449401,0.004013678283459378,5
10000,subset_accuracy_drop,351,0.6650806307792664,0.00471099050913099,0.7141610026359558,0.004078068946370367,5
10000,subset_accuracy_drop,352,0.6651249408721924,0.0048066635064669605,0.714238965511322,0.0038999967381205336,5
10000,subset_accuracy_drop,353,0.6653076529502868,0.004524859058194435,0.7142290830612182,0.0038615639541831775,5
10000,subset_accuracy_drop,354,0.6650776267051697,0.0047435260174466375,0.714035713672638,0.003648208912101833,5
10000,subset_accuracy_drop,355,0.665067446231842,0.004757597697916486,0.7139232277870178,0.0037393640153836603,5
10000,subset_accuracy_drop,356,0.6651611089706421,0.004852804431370025,0.713848888874054,0.0035883959997355798,5
10000,subset_accuracy_drop,357,0.6650779962539672,0.004652184095890355,0.7137507319450378,0.0038303048152628244,5
10000,subset_accuracy_drop,358,0.6651454567909241,0.004550916848638166,0.713735568523407,0.003625794142913288,5
10000,subset_accuracy_drop,359,0.6649881482124329,0.004822552262772398,0.7135820150375366,0.0038101677272269797,5
10000,subset_accuracy_drop,360,0.6651891469955444,0.004930887252394906,0.7135975599288941,0.0035739676964946796,5
10000,subset_accuracy_drop,361,0.6652274847030639,0.004305523491457188,0.7135636210441589,0.0037841882977645617,5
10000,subset_accuracy_drop,362,0.6651092648506165,0.004567073635049763,0.7135688662528992,0.0038536802145354818,5
10000,subset_accuracy_drop,363,0.6653078913688659,0.005015354527238633,0.7137812733650207,0.0038385457206715347,5
10000,subset_accuracy_drop,364,0.6652187705039978,0.004595407581151989,0.7136524319648743,0.00426451428171443,5
10000,subset_accuracy_drop,365,0.6652668356895447,0.004191139318309293,0.7138067364692688,0.003930798283929024,5
10000,subset_accuracy_drop,366,0.6649582624435425,0.004757540961028413,0.7136236786842346,0.004199010804268734,5
10000,subset_accuracy_drop,367,0.6651042580604554,0.00494597911961944,0.7136313915252686,0.003798243892110837,5
10000,subset_accuracy_drop,368,0.665129017829895,0.004314429294946831,0.7135253071784973,0.00395179391432762,5
10000,subset_accuracy_drop,369,0.665077519416809,0.004420063048036796,0.713568103313446,0.0038257674222816162,5
10000,subset_accuracy_drop,370,0.6649490714073181,0.004765024449584116,0.7136176109313965,0.003930172561323992,5
10000,subset_accuracy_drop,371,0.6649510145187378,0.004860746149032675,0.7136293530464173,0.003926032964071895,5
10000,subset_accuracy_drop,372,0.6650337696075439,0.00430956970608011,0.7136018753051758,0.004092580267230856,5
10000,subset_accuracy_drop,373,0.6650071978569031,0.004525661296705251,0.7136610865592956,0.004151711650430591,5
10000,subset_accuracy_drop,374,0.6649155497550965,0.004787888807120833,0.7137670278549194,0.004091409979029585,5
10000,subset_accuracy_drop,375,0.6649045586585999,0.004937205247947871,0.7138182520866394,0.004045116320359129,5
10000,subset_accuracy_drop,376,0.6649528264999389,0.004362168938333807,0.7138852596282959,0.004011860595260368,5
10000,subset_accuracy_drop,377,0.6648354411125184,0.004663571283846994,0.7138951182365417,0.004117009327598271,5
10000,subset_accuracy_drop,378,0.6648948907852172,0.004869893667122187,0.713988721370697,0.004001811449884045,5
10000,subset_accuracy_drop,379,0.6647452354431153,0.004805559119733689,0.713949716091156,0.004133926978461932,5
10000,subset_accuracy_drop,380,0.6648306727409363,0.0044778103610891235,0.7140545010566711,0.004114968185083726,5
10000,subset_accuracy_drop,381,0.6647895574569702,0.004692169958460903,0.7139602422714233,0.004121266215927388,5
10000,subset_accuracy_drop,382,0.6648410677909851,0.004845952538680053,0.7140706896781921,0.003982624292349981,5
10000,subset_accuracy_drop,383,0.6646977543830872,0.004754995729979059,0.714035427570343,0.003985236894666788,5
10000,subset_accuracy_drop,384,0.6648126363754272,0.004493126765989411,0.7142027020454407,0.003737941703635836,5
10000,subset_accuracy_drop,385,0.6647146344184875,0.004781918883722716,0.7141173124313355,0.0037399327586190804,5
10000,subset_accuracy_drop,386,0.6648277044296265,0.0048650432015522795,0.7142414331436158,0.003804019944552849,5
10000,subset_accuracy_drop,387,0.664705491065979,0.004810950700167722,0.7142184376716614,0.004084188917680479,5
10000,subset_accuracy_drop,388,0.6646575927734375,0.00470474241844449,0.7143743634223938,0.004211660556149869,5
10000,subset_accuracy_drop,389,0.6647108435630799,0.0046994054693415685,0.7142741084098816,0.004304316988087361,5
10000,subset_accuracy_drop,390,0.6648872375488282,0.004936014810577422,0.7143075346946717,0.004198451727711669,5
10000,subset_accuracy_drop,391,0.6646240711212158,0.00479887028762229,0.7141862869262695,0.004231662189517741,5
10000,subset_accuracy_drop,392,0.6645779967308044,0.004706300802970349,0.714216947555542,0.004038739823053341,5
10000,subset_accuracy_drop,393,0.6646826386451721,0.004700829909869656,0.7141897559165955,0.003834494248673191,5
10000,subset_accuracy_drop,394,0.6648502349853516,0.004898609031237986,0.7142863512039185,0.00369005083807271,5
10000,subset_accuracy_drop,395,0.6646565198898315,0.0047907126033167715,0.7142561197280883,0.003712231776083819,5
10000,subset_accuracy_drop,396,0.6645472645759583,0.004781383590514247,0.714322543144226,0.0038378999598874955,5
10000,subset_accuracy_drop,397,0.664610743522644,0.004857692085305501,0.714400839805603,0.003992151784821939,5
10000,subset_accuracy_drop,398,0.6647678136825561,0.004710440734753208,0.714465606212616,0.004181294132993005,5
10000,subset_accuracy_drop,399,0.6645419955253601,0.004765193104422511,0.7144380688667298,0.004289489628043301,5
10000,subset_accuracy_drop,400,0.6644598126411438,0.004811443462230527,0.7144141554832458,0.004364001559698755,5
10000,subset_accuracy_drop,401,0.6645817279815673,0.004811758868494947,0.7142971873283386,0.004228776360355187,5
10000,subset_accuracy_drop,402,0.6648403406143188,0.004544703788888286,0.7142629981040954,0.00415847928435419,5
10000,subset_accuracy_drop,403,0.6645617961883545,0.004810714420940248,0.7141603231430054,0.004089865729795443,5
10000,subset_accuracy_drop,404,0.6644901037216187,0.004750857718346435,0.7142730832099915,0.004065363903146291,5
10000,subset_accuracy_drop,405,0.664554238319397,0.004730676501929599,0.714210045337677,0.004099950569407547,5
10000,subset_accuracy_drop,406,0.6648072361946106,0.004548032362592647,0.7142830133438111,0.004127832080412463,5
10000,subset_accuracy_drop,407,0.6645342230796814,0.004856168271514163,0.7142284512519836,0.0043032541157389,5
10000,subset_accuracy_drop,408,0.6644532680511475,0.004788753567881907,0.714265775680542,0.004233950212252337,5
10000,subset_accuracy_drop,409,0.6644760251045227,0.004735622590702586,0.7140935659408569,0.004295464837398835,5
10000,subset_accuracy_drop,410,0.6647635579109192,0.0047805978794245516,0.7141230702400208,0.004214939125682172,5
10000,subset_accuracy_drop,411,0.6645882487297058,0.004898179127195978,0.7141317367553711,0.0042318065485591515,5
10000,subset_accuracy_drop,412,0.6644733190536499,0.004821756154014981,0.7141884207725525,0.004105175038546534,5
10000,subset_accuracy_drop,413,0.6645225524902344,0.004718596048973023,0.7141306042671204,0.00420171862640011,5
10000,subset_accuracy_drop,414,0.664638090133667,0.004805613094952117,0.714189875125885,0.004155672058963477,5
10000,subset_accuracy_drop,415,0.6644711256027221,0.00487286653630793,0.7141906380653381,0.004301522729338033,5
10000,subset_accuracy_drop,416,0.6643854856491089,0.004767271914825335,0.7141980409622193,0.004175998258201054,5
10000,subset_accuracy_drop,417,0.6644429802894593,0.0046766513863642795,0.7141386032104492,0.004085900697152744,5
10000,subset_accuracy_drop,418,0.6645059466362,0.004669396270331427,0.7140991926193238,0.003917881971555348,5
10000,subset_accuracy_drop,419,0.6644428372383118,0.004899290103034035,0.714076554775238,0.0037067066882882998,5
10000,subset_accuracy_drop,420,0.6643772721290588,0.00478754868485196,0.7141109824180603,0.003647316847571018,5
10000,subset_accuracy_drop,421,0.6644357681274414,0.004687902832780866,0.7140966773033142,0.0037282232734470043,5
10000,subset_accuracy_drop,422,0.6645126342773438,0.004732139396945723,0.7142186641693116,0.00383125741658568,5
10000,subset_accuracy_drop,423,0.6643406629562378,0.004799889336980307,0.7142797350883484,0.0040150997571709365,5
10000,subset_accuracy_drop,424,0.6642993330955506,0.0048302563763284925,0.7144048810005188,0.004179153356100012,5
10000,subset_accuracy_drop,425,0.6643731355667114,0.004728281603350717,0.714470636844635,0.004338765801844516,5
10000,subset_accuracy_drop,426,0.6645300507545471,0.004742970333603169,0.7145209908485413,0.0044571091843724694,5
10000,subset_accuracy_drop,427,0.6643308520317077,0.0048235512004879,0.7144499182701111,0.004503964060043424,5
10000,subset_accuracy_drop,428,0.6642926573753357,0.004822639877908097,0.7144134640693665,0.004691566415750987,5
10000,subset_accuracy_drop,429,0.6643831491470337,0.00471503812640704,0.7141657114028931,0.004501971338074911,5
10000,subset_accuracy_drop,430,0.6646012306213379,0.004709498506428486,0.7141736388206482,0.004604806889683839,5
10000,subset_accuracy_drop,431,0.6643003821372986,0.004809027235409191,0.7139613389968872,0.004316461415522547,5
10000,subset_accuracy_drop,432,0.6642894983291626,0.0047585446143374715,0.7140498995780945,0.00448599630329904,5
10000,subset_accuracy_drop,433,0.664258086681366,0.004788222664493921,0.7140901803970336,0.0043280190810373684,5
10000,subset_accuracy_drop,434,0.6643125534057617,0.004756085988897673,0.714240038394928,0.004224624228805252,5
10000,subset_accuracy_drop,435,0.6643764019012451,0.00470978748162366,0.7143872618675232,0.00409666050751292,5
10000,subset_accuracy_drop,436,0.6644117355346679,0.004784696976434708,0.7145269989967347,0.003931865949349813,5
10000,subset_accuracy_drop,437,0.6642520785331726,0.004858632118688298,0.7145592927932739,0.0038382877120267424,5
10000,subset_accuracy_drop,438,0.6643399357795715,0.004825079855733512,0.7145863056182862,0.003768500034352011,5
10000,subset_accuracy_drop,439,0.664306366443634,0.00476955651234549,0.7145353198051453,0.003850387588937757,5
10000,subset_accuracy_drop,440,0.664363956451416,0.004858801639948878,0.7145887851715088,0.004049648088334796,5
10000,subset_accuracy_drop,441,0.6642063856124878,0.0048731372874321575,0.7145637154579163,0.004276742052686604,5
10000,subset_accuracy_drop,442,0.6642552137374877,0.004811066939045323,0.714586865901947,0.0043411465120190874,5
10000,subset_accuracy_drop,443,0.6643608212471008,0.004799645571930806,0.7146073102951049,0.004453186050338192,5
10000,subset_accuracy_drop,444,0.6642524480819703,0.004921515604583852,0.7146190881729126,0.004560103502763431,5
10000,subset_accuracy_drop,445,0.6641836762428284,0.004866802541320152,0.7145426034927368,0.0044145148599029635,5
10000,subset_accuracy_drop,446,0.664245343208313,0.004751729073489382,0.7144034504890442,0.004367297390476446,5
10000,subset_accuracy_drop,447,0.6642915844917298,0.00493884932906358,0.7143796682357788,0.004256723468455785,5
10000,subset_accuracy_drop,448,0.6641803622245789,0.004900225888646448,0.7144367694854736,0.004390254965084392,5
10000,subset_accuracy_drop,449,0.6642297506332397,0.004803840104472647,0.714500904083252,0.004298468861470007,5
10000,subset_accuracy_drop,450,0.6642175078392029,0.004782958711249068,0.7145642280578614,0.004528764272031428,5
10000,subset_accuracy_drop,451,0.6642935514450073,0.0050917642134358475,0.7148587584495545,0.0044623028706954945,5
10000,subset_accuracy_drop,452,0.6640855312347412,0.0048491309590030784,0.7148899793624878,0.004620856983431238,5
10000,subset_accuracy_drop,453,0.6642479300498962,0.004618048170740721,0.7149065613746644,0.004347116075221417,5
10000,subset_accuracy_drop,454,0.6642737865447998,0.004832388461738704,0.7147625803947448,0.004254123276316143,5
10000,subset_accuracy_drop,455,0.6642063021659851,0.004957324660700355,0.714719271659851,0.0041254626933495,5
10000,subset_accuracy_drop,456,0.6641244053840637,0.0047782344317418455,0.7145873427391052,0.00411879545959544,5
10000,subset_accuracy_drop,457,0.6642068028450012,0.004611543695975913,0.7146652221679688,0.004186834677696105,5
10000,subset_accuracy_drop,458,0.6641923308372497,0.004856035888706365,0.7145856380462646,0.004370852719526403,5
10000,subset_accuracy_drop,459,0.66430584192276,0.005015778653534184,0.7146620154380798,0.004544454312518938,5
10000,subset_accuracy_drop,460,0.6641157150268555,0.004785835836930599,0.7146795392036438,0.004831144815795058,5
10000,subset_accuracy_drop,461,0.6641911029815674,0.004690526187628627,0.7147034645080567,0.00483468519355235,5
10000,subset_accuracy_drop,462,0.6642003536224366,0.004931009509317779,0.7146100044250489,0.004723642862226958,5
10000,subset_accuracy_drop,463,0.6641975283622742,0.004940689409973166,0.7145899534225464,0.004522325271502213,5
10000,subset_accuracy_drop,464,0.6641680002212524,0.004757773671275918,0.7145361065864563,0.004328588729347244,5
10000,subset_accuracy_drop,465,0.6641530394554138,0.004803396433526475,0.7144883871078491,0.004187614313699873,5
10000,subset_accuracy_drop,466,0.6642215013504028,0.004937176562351341,0.7145033240318298,0.004093996666205056,5
10000,subset_accuracy_drop,467,0.6641629219055176,0.004869287069572854,0.7144532203674316,0.00407658381993358,5
10000,subset_accuracy_drop,468,0.6641338467597961,0.004751442534977554,0.7145832777023315,0.004112777200338957,5
10000,subset_accuracy_drop,469,0.6641487360000611,0.004800948059516836,0.7146894812583924,0.004176281433219922,5
10000,subset_accuracy_drop,470,0.6641351819038391,0.0049539845005164345,0.7148532867431641,0.004379312184342293,5
10000,subset_accuracy_drop,471,0.6640568256378174,0.0048739158988949155,0.7149048089981079,0.004598676357142764,5
10000,subset_accuracy_drop,472,0.6641043543815612,0.00478011287678849,0.714863634109497,0.0046565478807872995,5
10000,subset_accuracy_drop,473,0.6641170144081116,0.004864845284213769,0.7147032022476196,0.004588854220286335,5
10000,subset_accuracy_drop,474,0.664087998867035,0.004884881511228673,0.7145125389099121,0.004509823171202062,5
10000,subset_accuracy_drop,475,0.663997495174408,0.0048974614254978024,0.7144274115562439,0.004459181635292725,5
10000,subset_accuracy_drop,476,0.6641478657722473,0.004926645231526373,0.7143826007843017,0.004241395542885772,5
10000,subset_accuracy_drop,477,0.6641126155853272,0.004817126097123548,0.7143550157546997,0.004304373716055893,5
10000,subset_accuracy_drop,478,0.6639799118041992,0.004909008215257458,0.7144317507743836,0.004281367732000693,5
10000,subset_accuracy_drop,479,0.6640113353729248,0.004861422093588397,0.7145810127258301,0.004421430087152408,5
10000,subset_accuracy_drop,480,0.6641217947006226,0.00496955450243011,0.7148182272911072,0.004473354082007897,5
10000,subset_accuracy_drop,481,0.6640343427658081,0.004909069718727514,0.7149630427360535,0.004616723378086717,5
10000,subset_accuracy_drop,482,0.6639490246772766,0.004916381344716834,0.7152148604393005,0.004807394371653726,5
10000,subset_accuracy_drop,483,0.6639822602272034,0.004891564297002153,0.7153262734413147,0.004730570136882972,5
10000,subset_accuracy_drop,484,0.6642282247543335,0.004665000352321403,0.7152064681053162,0.0044716924122256765,5
10000,subset_accuracy_drop,485,0.6642298340797425,0.00491417139288082,0.7151220917701722,0.004273838161446572,5
10000,subset_accuracy_drop,486,0.6639892220497131,0.004934199038196402,0.7150436162948608,0.00422041933342581,5
10000,subset_accuracy_drop,487,0.6640056014060974,0.004889170305107451,0.7148756504058837,0.003995514265346058,5
10000,subset_accuracy_drop,488,0.6641250133514405,0.00467436660678014,0.7147434949874878,0.0040221657990180985,5
10000,subset_accuracy_drop,489,0.6640641093254089,0.004951568468073361,0.7147354125976563,0.004062710734490142,5
10000,subset_accuracy_drop,490,0.6639435410499572,0.004933540669611471,0.7147674798965454,0.004236741320303092,5
10000,subset_accuracy_drop,491,0.6640180349349976,0.0047514298653437165,0.7148952960968018,0.004283036952312658,5
10000,subset_accuracy_drop,492,0.6639897227287292,0.004860361922185039,0.714850640296936,0.00435092940168279,5
10000,subset_accuracy_drop,493,0.6640398025512695,0.00500272274194957,0.714855682849884,0.004361001116750005,5
10000,subset_accuracy_drop,494,0.663979995250702,0.004860648416278378,0.7146594882011413,0.004451263441256058,5
10000,subset_accuracy_drop,495,0.6640220880508423,0.004778156169915053,0.7146444439888,0.004450137235176476,5
10000,subset_accuracy_drop,496,0.6639008164405823,0.004913096218328695,0.7144799828529358,0.0043685653521937816,5
10000,subset_accuracy_drop,497,0.6639526844024658,0.0049065451451575336,0.7144786596298218,0.004292524723195149,5
10000,subset_accuracy_drop,498,0.6640336155891419,0.004808763594089161,0.7144921302795411,0.004324883807232718,5
10000,subset_accuracy_drop,499,0.6640137910842896,0.004640651984389805,0.7146262526512146,0.004294296742409561,5
10000,subset_accuracy_drop,500,0.6638741731643677,0.004914050340905849,0.7147436738014221,0.004281404143742884,5
10000,subset_accuracy_drop,501,0.6638279557228088,0.00493030374587708,0.7147307753562927,0.0043671734188006255,5
10000,subset_accuracy_drop,502,0.6640833497047425,0.004836718261422293,0.7148474097251892,0.004355440910290598,5
10000,subset_accuracy_drop,503,0.663926649093628,0.00496205392306203,0.7148940920829773,0.004317571489887231,5
10000,subset_accuracy_drop,504,0.6638469099998474,0.004896790016377938,0.7149916172027588,0.004289937871498396,5
10000,subset_accuracy_drop,505,0.6638331532478332,0.0048695909868937395,0.7149146556854248,0.004262503217954391,5
10000,subset_accuracy_drop,506,0.6640299320220947,0.0047641276993914345,0.7147838711738587,0.004191858270499259,5
10000,subset_accuracy_drop,507,0.6639559745788575,0.005042864277965089,0.714686930179596,0.004091672185031185,5
10000,subset_accuracy_drop,508,0.6638026356697082,0.004910346921327617,0.7146198511123657,0.003980358177631279,5
10000,subset_accuracy_drop,509,0.6638972640037537,0.004790723218776958,0.714583444595337,0.0039577090743634635,5
10000,subset_accuracy_drop,510,0.6640268087387085,0.004968398610248851,0.7146632432937622,0.004009776974985368,5
10000,subset_accuracy_drop,511,0.6639108061790466,0.00503587615210154,0.7147642612457276,0.0043254809696441155,5
10000,subset_accuracy_drop,512,0.6638335943222046,0.004828704520876833,0.7147676110267639,0.004401517744834944,5
10000,subset_accuracy_drop,513,0.6639250993728638,0.0047880233738780194,0.7148125767707825,0.004475211767690216,5
10000,subset_accuracy_drop,514,0.6638899683952332,0.0049626377936626345,0.7147895336151123,0.004518711464456635,5
10000,subset_accuracy_drop,515,0.6639586210250854,0.0050963298402134085,0.7148281216621399,0.004376113992268323,5
10000,subset_accuracy_drop,516,0.663791561126709,0.0048810513851269876,0.7147059082984925,0.004263648764142903,5
10000,subset_accuracy_drop,517,0.6638353824615478,0.004875747254925932,0.7147487521171569,0.0042429688295764914,5
10000,subset_accuracy_drop,518,0.663892412185669,0.004880560977254768,0.7147328734397889,0.004250492689512793,5
10000,subset_accuracy_drop,519,0.6638585567474365,0.0049995379903523705,0.7147712945938111,0.0043004884569287725,5
