candidate_set_size,scoring_mode,epoch,train_loss_mean,train_loss_std,validation_loss_mean,validation_loss_std,n_seeds
2500,endpoint,1,1.175639820098877,0.01551287690170177,1.177070927619934,0.01685026205561838,5
2500,endpoint,2,1.1757078647613526,0.01547597748739834,1.1771521091461181,0.016764169418345,5
2500,endpoint,3,1.1758136749267578,0.01543882482597214,1.1772727489471435,0.0166769934553973,5
2500,endpoint,4,1.175969910621643,0.01540454944534408,1.1774529933929443,0.01658840075993099,5
2500,endpoint,5,1.176191258430481,0.015377564536997039,1.1777121305465699,0.01649604701104558,5
2500,endpoint,6,1.1764960527420043,0.015352644032401257,1.1780620574951173,0.016407628431960444,5
2500,endpoint,7,1.1769028186798096,0.015332349773721329,1.1785208702087402,0.016317773368116545,5
2500,endpoint,8,1.1774320602416992,0.015318211141567072,1.179113793373108,0.01623922875836899,5
2500,endpoint,9,1.1781129598617555,0.015321591188591218,1.1798585653305054,0.016181587131353856,5
2500,endpoint,10,1.17897367477417,0.015361705048873402,1.1807952880859376,0.016161013477486334,5
2500,endpoint,11,1.1800432920455932,0.01545499624271443,1.1819741249084472,0.016197411784892188,5
2500,endpoint,12,1.1813339948654176,0.015613642199540662,1.1834157228469848,0.016314980365171285,5
2500,endpoint,13,1.1828498125076294,0.01587210726820658,1.1851313591003418,0.016558794434972567,5
2500,endpoint,14,1.1845463514328003,0.016249364687860205,1.1870649576187133,0.016937215106118435,5
2500,endpoint,15,1.1862917423248291,0.016728766899399995,1.1890555381774903,0.017434476547657316,5
2500,endpoint,16,1.1879112482070924,0.017276439377463686,1.1909156084060668,0.018014634103185292,5
2500,endpoint,17,1.1891963958740235,0.01782796068167392,1.1924227237701417,0.018586396480104482,5
2500,endpoint,18,1.1899868249893188,0.018319373407763722,1.1933937311172484,0.019052535230086997,5
2500,endpoint,19,1.1902130365371704,0.01866306709889924,1.1937565326690673,0.0193187091719834,5
2500,endpoint,20,1.189938449859619,0.018832728395017526,1.193583369255066,0.019378479251391346,5
2500,endpoint,21,1.189274001121521,0.0188196890483476,1.1929907321929931,0.019243306371880584,5
2500,endpoint,22,1.1883554458618164,0.01866585945500116,1.1921238660812379,0.018978005504748638,5
2500,endpoint,23,1.1873353004455567,0.01842866963442146,1.1911515235900878,0.018653780250178893,5
2500,endpoint,24,1.186311173439026,0.018158643979086862,1.1901829481124877,0.018327439362395656,5
2500,endpoint,25,1.185356068611145,0.01789124789824352,1.1892985582351685,0.018027395952097285,5
2500,endpoint,26,1.1845169067382812,0.017660687942584827,1.1885499715805055,0.017775427304392917,5
2500,endpoint,27,1.1838128328323365,0.01749194960390007,1.1879709959030151,0.01758420484327867,5
2500,endpoint,28,1.1832378387451172,0.017387608336505267,1.1875641822814942,0.017446645535693396,5
2500,endpoint,29,1.1827820539474487,0.017362580888887064,1.1873260974884032,0.01736731192276839,5
2500,endpoint,30,1.18242666721344,0.017409943806476768,1.187246608734131,0.017328206869876,5
2500,endpoint,31,1.1821542501449585,0.01751943079997841,1.1873146533966064,0.017319553200410374,5
2500,endpoint,32,1.1819432735443116,0.01769031362545903,1.1875117301940918,0.01733781721319039,5
2500,endpoint,33,1.1817672491073608,0.017925428108373775,1.1878174543380737,0.017376788442675897,5
2500,endpoint,34,1.1815914869308473,0.01823492702514592,1.1882006883621217,0.017442619633431848,5
2500,endpoint,35,1.181382918357849,0.018624610013037224,1.1886390209198,0.017528193789609646,5
2500,endpoint,36,1.1810645580291748,0.019116174020478275,1.1890529632568358,0.017646430409412217,5
2500,endpoint,37,1.180556583404541,0.0197330678820994,1.1893648147583007,0.017798434885150722,5
2500,endpoint,38,1.179784607887268,0.02052288469524367,1.1894992351531983,0.018024068633145394,5
2500,endpoint,39,1.17866952419281,0.021511168196101757,1.18938090801239,0.018347561597168816,5
2500,endpoint,40,1.1771684885025024,0.022698233445079055,1.1889710426330566,0.018750955797363078,5
2500,endpoint,41,1.175318217277527,0.024021243918524934,1.188328003883362,0.019151563747215564,5
2500,endpoint,42,1.1731445074081421,0.025453960343497634,1.187510108947754,0.019509166560925842,5
2500,endpoint,43,1.170725154876709,0.02691637518789673,1.1866388082504273,0.019739703799714705,5
2500,endpoint,44,1.1681423902511596,0.0283228208101321,1.185844326019287,0.019740719607927906,5
2500,endpoint,45,1.1654343843460082,0.029669318477820852,1.1852015495300292,0.01949637188493408,5
2500,endpoint,46,1.1624629259109498,0.03121588689380355,1.1845941543579102,0.019227352018122115,5
2500,endpoint,47,1.1590607404708861,0.033160834620905,1.183895230293274,0.019046381151394842,5
2500,endpoint,48,1.155123519897461,0.035612192330795524,1.183016586303711,0.019059929959205676,5
2500,endpoint,49,1.1507115602493285,0.03832618896221616,1.1820148944854736,0.019101916615688615,5
2500,endpoint,50,1.1460313558578492,0.04060876103354991,1.181099820137024,0.018694839228422296,5
2500,endpoint,51,1.1407629728317261,0.042997942966724226,1.1799638748168946,0.018235839913905084,5
2500,endpoint,52,1.1345133304595947,0.04606249852907966,1.1781682014465331,0.018111235630855618,5
2500,endpoint,53,1.1277951717376709,0.04894602890586162,1.176252794265747,0.01776908042033175,5
2500,endpoint,54,1.1210384368896484,0.05129564129272241,1.174814510345459,0.01692640743214881,5
2500,endpoint,55,1.1139301776885986,0.05378120440608503,1.1735253810882569,0.016074409170583497,5
2500,endpoint,56,1.1059111118316651,0.05714069802271186,1.171746063232422,0.015544494897510855,5
2500,endpoint,57,1.0977748870849608,0.06039554758423037,1.170283555984497,0.014860415918300451,5
2500,endpoint,58,1.0897734880447387,0.06332022069416715,1.1694326639175414,0.014183525675573572,5
2500,endpoint,59,1.080453586578369,0.06699480609008224,1.167421555519104,0.014008727373920856,5
2500,endpoint,60,1.070595908164978,0.07057343419062768,1.165200161933899,0.013405778521172976,5
2500,endpoint,61,1.0610534787178039,0.07272399575039812,1.163701057434082,0.01184447916712962,5
2500,endpoint,62,1.0505040645599366,0.07714490233390695,1.1623287439346313,0.011691142051085743,5
2500,endpoint,63,1.0399879455566405,0.07907386236219102,1.1604619026184082,0.011544984108371863,5
2500,endpoint,64,1.0273667097091674,0.0830317934081253,1.1571337223052978,0.011433050465134018,5
2500,endpoint,65,1.0184977531433106,0.08002684740231507,1.1577210903167725,0.011351358775602052,5
2500,endpoint,66,1.002272641658783,0.08899645796087452,1.1531944513320922,0.012310623845112223,5
2500,endpoint,67,0.9941155791282654,0.08186043529121234,1.1533085107803345,0.01164168673881931,5
2500,endpoint,68,0.9824292540550232,0.08411431317317314,1.153427004814148,0.018341997538872046,5
2500,endpoint,69,0.9652556777000427,0.08906062062262492,1.1500948429107667,0.01802705270668066,5
2500,endpoint,70,0.9557281970977783,0.08156780244453049,1.1511366605758666,0.02229929539337197,5
2500,endpoint,71,0.9472804069519043,0.07676842387244243,1.1528260946273803,0.029065000763663095,5
2500,endpoint,72,0.926491892337799,0.08184411125756486,1.1507140398025513,0.029227559280109942,5
2500,endpoint,73,0.9181912064552307,0.0844247852584051,1.1547849893569946,0.033337840399438524,5
2500,endpoint,74,0.9087156057357788,0.06964518386971191,1.153237533569336,0.043434726097957184,5
2500,endpoint,75,0.8941298842430114,0.06764116334076775,1.1557411909103394,0.043963636878483786,5
2500,endpoint,76,0.88442462682724,0.07827560710255799,1.161432957649231,0.04645663164952768,5
2500,endpoint,77,0.8722640752792359,0.07233415377807569,1.1615084409713745,0.05950806919608173,5
2500,endpoint,78,0.859566330909729,0.06032262980560368,1.1602299213409424,0.05989240909228033,5
2500,endpoint,79,0.8541128635406494,0.06553257505873696,1.169709038734436,0.06633842013401141,5
2500,endpoint,80,0.8427096605300903,0.06993520115988819,1.1698322534561156,0.07007627125006984,5
2500,endpoint,81,0.8264455914497375,0.06019070239081936,1.1653841257095336,0.07312576673680744,5
2500,endpoint,82,0.819897723197937,0.05827441034951144,1.1716062784194947,0.07628667268471964,5
2500,endpoint,83,0.8148207545280457,0.06354795435596752,1.1760676383972168,0.08116495479227748,5
2500,endpoint,84,0.8010477781295776,0.061699034806033067,1.17425434589386,0.08269388429427962,5
2500,endpoint,85,0.7877395868301391,0.05635059690053837,1.1734122514724732,0.0841621453397559,5
2500,endpoint,86,0.7860986709594726,0.058392592141398886,1.1806678295135498,0.08966705565453259,5
2500,endpoint,87,0.7757396697998047,0.05886022117135485,1.179723072052002,0.08963313562037624,5
2500,endpoint,88,0.759336519241333,0.05786703725962703,1.1776309251785277,0.08746771610378962,5
2500,endpoint,89,0.7573497891426086,0.051345729788093396,1.1822980880737304,0.09187192323586257,5
2500,endpoint,90,0.7511541604995727,0.05659857134602766,1.1833571672439576,0.09165280966339395,5
2500,endpoint,91,0.7326067805290222,0.0557411582838293,1.1813900947570801,0.09004719348713731,5
2500,endpoint,92,0.7257059335708618,0.04899899515964246,1.1841492891311645,0.09262251508759053,5
2500,endpoint,93,0.7295413732528686,0.05247933403272608,1.1905856370925902,0.09426324039399873,5
2500,endpoint,94,0.7069116950035095,0.050887974577618414,1.1847827911376954,0.09517116936684245,5
2500,endpoint,95,0.7025982499122619,0.050616977243108124,1.1901058435440064,0.09229704711705979,5
2500,endpoint,96,0.7018986225128174,0.04828587307725293,1.192750835418701,0.09768855641417996,5
2500,endpoint,97,0.6853083848953248,0.04814694332007267,1.191896390914917,0.10055242728708261,5
2500,endpoint,98,0.677179217338562,0.04806809149647681,1.1921159267425536,0.09414323458681044,5
2500,endpoint,99,0.6813460230827332,0.05268177843226428,1.1993350744247437,0.09334423633473793,5
2500,endpoint,100,0.667493200302124,0.04936923225962705,1.1993966817855835,0.10204075923937825,5
2500,endpoint,101,0.6536360502243042,0.04573862086111646,1.1967832565307617,0.09856397217883464,5
2500,endpoint,102,0.654781985282898,0.049426280182814496,1.202145266532898,0.09523048129409831,5
2500,endpoint,103,0.6480523705482483,0.05675321112776165,1.208908486366272,0.09725050801820989,5
2500,endpoint,104,0.6349256634712219,0.04685832804939772,1.2071317911148072,0.10410096064036035,5
2500,endpoint,105,0.6302002310752869,0.04790841949950866,1.2050323009490966,0.10169791135743458,5
2500,endpoint,106,0.6249646186828614,0.05648677009609541,1.2122700929641723,0.09886075790881203,5
2500,endpoint,107,0.6161915183067321,0.0547650363944094,1.217210054397583,0.09617618306237276,5
2500,endpoint,108,0.6126432776451111,0.04835887052825243,1.2160186052322388,0.10671124910677657,5
2500,endpoint,109,0.6022229671478272,0.055596046776402196,1.2188377141952516,0.10652256864074691,5
2500,endpoint,110,0.5942634105682373,0.056648410219284136,1.227256464958191,0.09666536248060031,5
2500,endpoint,111,0.5989235043525696,0.054322305257447016,1.2308722496032716,0.10573227965463201,5
2500,endpoint,112,0.5841962695121765,0.06228423012353676,1.228718137741089,0.10921764766041563,5
2500,endpoint,113,0.5734083175659179,0.05492768915165443,1.2365859270095825,0.10886124207294488,5
2500,endpoint,114,0.574970030784607,0.05725198372591108,1.2401308298110962,0.10383402752270082,5
2500,endpoint,115,0.5697494387626648,0.06623611602874789,1.2449953079223632,0.11097629114839587,5
2500,endpoint,116,0.5530477523803711,0.060668001899107316,1.240576481819153,0.11220954492278744,5
2500,endpoint,117,0.5498768031597138,0.05615842071678067,1.2447762727737426,0.10716256512346857,5
2500,endpoint,118,0.552192497253418,0.06398734688774366,1.258440327644348,0.11641123368038828,5
2500,endpoint,119,0.5410318076610565,0.06728453829731647,1.2530601501464844,0.11228310634196133,5
2500,endpoint,120,0.5342577993869781,0.055623174551704936,1.2489212989807128,0.10748072552131747,5
2500,endpoint,121,0.529094111919403,0.057418568703283296,1.262233591079712,0.11159640369202366,5
2500,endpoint,122,0.530968326330185,0.06321215668594332,1.267929196357727,0.11761532313417727,5
2500,endpoint,123,0.5246675789356232,0.06453432330116579,1.2554487466812134,0.10508851338890163,5
2500,endpoint,124,0.5118217647075654,0.058482422536552954,1.259444785118103,0.10398489612565559,5
2500,endpoint,125,0.5069374024868012,0.05776007800176499,1.271278476715088,0.10921147191597509,5
2500,endpoint,126,0.5109443128108978,0.06168062597796256,1.2711177587509155,0.1101555598784536,5
2500,endpoint,127,0.5014552414417267,0.06376700911244253,1.2631317615509032,0.10773661289702463,5
2500,endpoint,128,0.49031367897987366,0.058607274985956664,1.269647741317749,0.10826416427507629,5
2500,endpoint,129,0.4911570131778717,0.05801003874252788,1.2825693607330322,0.11141756456026895,5
2500,endpoint,130,0.48966283798217775,0.06273772815185835,1.2739932537078857,0.10767545593834836,5
2500,endpoint,131,0.4811290979385376,0.06399533843789788,1.2706218957901,0.1094432882083301,5
2500,endpoint,132,0.4741059601306915,0.06239353900602084,1.2808940887451172,0.10853781121890886,5
2500,endpoint,133,0.4726646304130554,0.05857837159421774,1.2885671854019165,0.11226243724018697,5
2500,endpoint,134,0.4667939305305481,0.06213241386821882,1.2851640701293945,0.11311896434135751,5
2500,endpoint,135,0.46110510230064394,0.06524976327660956,1.2860988140106202,0.1101655627051157,5
2500,endpoint,136,0.4577097356319427,0.0599617401000556,1.296926236152649,0.11570599685772477,5
2500,endpoint,137,0.4555287301540375,0.05748180598556161,1.304840612411499,0.11397660093425667,5
2500,endpoint,138,0.4453455924987793,0.060965058348244235,1.3005324125289917,0.11755722394445088,5
2500,endpoint,139,0.4434175074100494,0.06328444229375045,1.303986620903015,0.11778245782209491,5
2500,endpoint,140,0.44187709093093874,0.0630352266090575,1.3111284255981446,0.10977159367732899,5
2500,endpoint,141,0.433853018283844,0.0583103048656886,1.30953049659729,0.1191574804367615,5
2500,endpoint,142,0.4327139437198639,0.056115510713827206,1.3148040056228638,0.12534384953508823,5
2500,endpoint,143,0.43203288316726685,0.06276574256467785,1.3144752740859986,0.11246740057906095,5
2500,endpoint,144,0.4229299306869507,0.06254839903344273,1.3154825925827027,0.11155862547784179,5
2500,endpoint,145,0.4197622239589691,0.056045269374657765,1.3203124761581422,0.12330204474809671,5
2500,endpoint,146,0.41639370322227476,0.057710374718955036,1.3241267204284668,0.12378687969257375,5
2500,endpoint,147,0.4151192009449005,0.06924064096496546,1.3299898147583007,0.10981680457172845,5
2500,endpoint,148,0.40635067224502563,0.05733248026444493,1.3244390964508057,0.11989163353606927,5
2500,endpoint,149,0.40141057372093203,0.05810740068348543,1.325268316268921,0.1208778113878616,5
2500,endpoint,150,0.4047579407691956,0.0682031676988167,1.333286190032959,0.10547512346085106,5
2500,endpoint,151,0.4029383659362793,0.06116460696142021,1.3329610109329224,0.10964915152639897,5
2500,endpoint,152,0.3965575397014618,0.05262937168822632,1.330341672897339,0.12053561979142838,5
2500,endpoint,153,0.3883316934108734,0.05731623268381708,1.3307343482971192,0.11639672975603828,5
2500,endpoint,154,0.3933444142341614,0.06608387889351448,1.3406871557235718,0.10623987848560872,5
2500,endpoint,155,0.38703214526176455,0.05764520455393066,1.3378388643264771,0.11751380634025554,5
2500,endpoint,156,0.37991016507148745,0.053960124663086216,1.34136061668396,0.12340786762312314,5
2500,endpoint,157,0.3793687403202057,0.05610875030113711,1.345231866836548,0.11721398295578159,5
2500,endpoint,158,0.3790070712566376,0.06066980152824158,1.3489935398101807,0.10967728069870208,5
2500,endpoint,159,0.3753300428390503,0.05499922586071496,1.3514564037322998,0.12029826774026459,5
2500,endpoint,160,0.3733478546142578,0.049449933732493706,1.3540460348129273,0.12553462252904407,5
2500,endpoint,161,0.367156058549881,0.05356110733513088,1.356331753730774,0.11842341357865703,5
2500,endpoint,162,0.3663055121898651,0.0580717184759797,1.3604583740234375,0.11029050718824232,5
2500,endpoint,163,0.36127519607543945,0.05328979755876214,1.3585044384002685,0.11783128021727018,5
2500,endpoint,164,0.3579972147941589,0.05276873278343655,1.3615925550460815,0.12157957969379585,5
2500,endpoint,165,0.3578345000743866,0.05480665053904442,1.369619083404541,0.11418558667227,5
2500,endpoint,166,0.35457926988601685,0.05545125526920497,1.3668095350265503,0.1118274901527464,5
2500,endpoint,167,0.34885666370391843,0.053357817317145145,1.3639095067977904,0.11450772122702513,5
2500,endpoint,168,0.34640125632286073,0.0508524734341249,1.3671703100204469,0.11736182754841987,5
2500,endpoint,169,0.34913623332977295,0.05414276045137832,1.3756854772567748,0.1110742889646585,5
2500,endpoint,170,0.34630692601203916,0.05369517437348654,1.3760305643081665,0.11267195117766148,5
2500,endpoint,171,0.3405053377151489,0.0479036604460417,1.3731254577636718,0.11894380291642166,5
2500,endpoint,172,0.3373189628124237,0.050441810096690076,1.3766761064529418,0.11101171095143235,5
2500,endpoint,173,0.3367922902107239,0.05217359397569437,1.3830425500869752,0.10792240772567299,5
2500,endpoint,174,0.33731013536453247,0.048168715467132896,1.3837150573730468,0.11868534948031521,5
2500,endpoint,175,0.3330879628658295,0.046139388436326464,1.3840404987335204,0.11954712772726267,5
2500,endpoint,176,0.329466849565506,0.04969990665833467,1.389053750038147,0.10662427240667625,5
2500,endpoint,177,0.3297321438789368,0.050579367339106104,1.3935577392578125,0.10809618687334131,5
2500,endpoint,178,0.3303621768951416,0.045703021563025636,1.3951378107070922,0.11901436386058677,5
2500,endpoint,179,0.32586613297462463,0.04341880473723867,1.3972641706466675,0.11663825973551667,5
2500,endpoint,180,0.32472738027572634,0.048654166653176886,1.403827691078186,0.10564579667710985,5
2500,endpoint,181,0.3237394094467163,0.04940649352581581,1.403773808479309,0.11116638137910703,5
2500,endpoint,182,0.319261634349823,0.04479167135150167,1.402385663986206,0.12039803889671913,5
2500,endpoint,183,0.3160714149475098,0.04349932352125986,1.4097931146621705,0.1214310494641948,5
2500,endpoint,184,0.3145000159740448,0.04617323139610441,1.4164661169052124,0.11781704846132272,5
2500,endpoint,185,0.3144913136959076,0.04685659368348041,1.4169409275054932,0.1215537355327425,5
2500,endpoint,186,0.3115707218647003,0.043011363011088335,1.412996530532837,0.1271289023194909,5
2500,endpoint,187,0.31013908982276917,0.04372519733396263,1.4184661149978637,0.11900424653646839,5
2500,endpoint,188,0.3092828392982483,0.04397409557761831,1.4185299634933473,0.11701955636719387,5
2500,endpoint,189,0.3090630292892456,0.041944995972666044,1.4129173755645752,0.12588344931329581,5
2500,endpoint,190,0.307483845949173,0.03853251188030879,1.4150225877761842,0.12124299046633524,5
2500,endpoint,191,0.30619206428527834,0.04218934701982976,1.4193203926086426,0.10704639781157736,5
2500,endpoint,192,0.30519193410873413,0.04013152936852782,1.421533179283142,0.11632781113440985,5
2500,endpoint,193,0.3031307816505432,0.03989492886320685,1.421110248565674,0.12221872330132233,5
2500,endpoint,194,0.299336302280426,0.039044123255673344,1.4227331638336183,0.1171298028809747,5
2500,endpoint,195,0.29810009002685545,0.040533574401017604,1.4310629606246947,0.11304990502912228,5
2500,endpoint,196,0.2965873062610626,0.03971731070646932,1.4352493286132812,0.11864757945506421,5
2500,endpoint,197,0.2963733792304993,0.03868227186802978,1.4390583515167237,0.1187131673968572,5
2500,endpoint,198,0.2945192575454712,0.03832869388517991,1.4355352163314818,0.1228759859935251,5
2500,endpoint,199,0.2926724195480347,0.038528099121465216,1.4375853776931762,0.11170151195291335,5
2500,endpoint,200,0.29218757152557373,0.037863181275917625,1.4389504432678222,0.1054249163426622,5
2500,endpoint,201,0.2914686381816864,0.034695951344914204,1.4320408344268798,0.11698988997552189,5
2500,endpoint,202,0.29146883487701414,0.03376094133390516,1.4320315837860107,0.11931421605828679,5
2500,endpoint,203,0.2903846323490143,0.03501828773264644,1.4400843858718873,0.10295335936316362,5
2500,endpoint,204,0.2896170824766159,0.036322102689300834,1.4451832056045533,0.09929568359064672,5
2500,endpoint,205,0.2876236975193024,0.035136149276444505,1.4385353565216064,0.11885193238072098,5
2500,endpoint,206,0.28515381217002866,0.03479396069462014,1.4461243867874145,0.11215481623322836,5
2500,endpoint,207,0.28360554575920105,0.03581415107775073,1.4539937019348144,0.1082249679930877,5
2500,endpoint,208,0.2831118285655975,0.03297130761006715,1.4569514989852905,0.11967577575028585,5
2500,endpoint,209,0.28223932683467867,0.03264530897222001,1.4559372901916503,0.12676722433137894,5
2500,endpoint,210,0.2806735455989838,0.03379370431709362,1.4552759885787965,0.11931963644133041,5
2500,endpoint,211,0.27901377975940705,0.03397703525172069,1.457477617263794,0.11023612003118015,5
2500,endpoint,212,0.27870245575904845,0.031850374261640786,1.4597764492034913,0.11676008535379995,5
2500,endpoint,213,0.2776087373495102,0.03025590145429563,1.4567146301269531,0.12789927467020534,5
2500,endpoint,214,0.2806799322366714,0.03215734645340265,1.4660351514816283,0.1146910453779148,5
2500,endpoint,215,0.2799354285001755,0.031787264814740784,1.4702049016952514,0.1056629679858759,5
2500,endpoint,216,0.27697857320308683,0.02909626858367655,1.4562359571456909,0.1211037323750432,5
2500,endpoint,217,0.27582386434078215,0.029940733941526555,1.4565645217895509,0.12366414528333662,5
2500,endpoint,218,0.2777050852775574,0.030967484771132182,1.4692967653274536,0.11175126099067018,5
2500,endpoint,219,0.27553014159202577,0.03072468902461741,1.4779507160186767,0.1114357741825338,5
2500,endpoint,220,0.2734837681055069,0.02791299729079198,1.4709109783172607,0.12863862899815293,5
2500,endpoint,221,0.27128223776817323,0.03033557725033201,1.46419997215271,0.12706963036075106,5
2500,endpoint,222,0.27178824245929717,0.031167326101385975,1.4733807563781738,0.11283214366174212,5
2500,endpoint,223,0.2721178650856018,0.03205774635242505,1.4835984230041503,0.10650873185633744,5
2500,endpoint,224,0.26957173049449923,0.026553380609530695,1.4720388889312743,0.1261128196117465,5
2500,endpoint,225,0.2673568665981293,0.028116216676826695,1.46063175201416,0.12485124281393735,5
2500,endpoint,226,0.27089213728904726,0.030748803063882217,1.4704749584197998,0.1030870907062152,5
2500,endpoint,227,0.26975042223930357,0.028603849841182943,1.481557297706604,0.11108561042953001,5
2500,endpoint,228,0.2682267129421234,0.02513429514508676,1.4748441934585572,0.13082146889196128,5
2500,endpoint,229,0.26618712246417997,0.02668606007538554,1.4655001640319825,0.11951719299462618,5
2500,endpoint,230,0.26959522664546964,0.0312650793532195,1.4753202199935913,0.10380991621072318,5
2500,endpoint,231,0.2683272331953049,0.029244536205856805,1.4850169181823731,0.11155446776410946,5
2500,endpoint,232,0.26622595489025114,0.024680971083619677,1.4757770538330077,0.13376007811691104,5
2500,endpoint,233,0.26468479037284853,0.0245118098643589,1.4713730812072754,0.1221684006080802,5
2500,endpoint,234,0.26645098328590394,0.027196602763571547,1.476995038986206,0.10049949877648505,5
2500,endpoint,235,0.2656965106725693,0.029533396519381524,1.4819527864456177,0.10028208091422257,5
2500,endpoint,236,0.26393945813179015,0.02578126413743256,1.4682262897491456,0.12766547251342397,5
2500,endpoint,237,0.26084873378276824,0.02541457617314186,1.4615924119949342,0.12655321326480942,5
2500,endpoint,238,0.2630572021007538,0.02742126802694316,1.481298303604126,0.09248717349116813,5
2500,endpoint,239,0.26480492353439333,0.02962932337049016,1.4923972845077516,0.09341421028821907,5
2500,endpoint,240,0.260584631562233,0.026268506779611143,1.4784275054931642,0.1318846777177473,5
2500,endpoint,241,0.2576778411865234,0.02510512918038322,1.4804984092712403,0.12439910555527581,5
2500,endpoint,242,0.25773746073246,0.025952338857996127,1.4869457006454467,0.10384432346514083,5
2500,endpoint,243,0.25906848907470703,0.02589939825829066,1.4944179058074951,0.10679386285707508,5
2500,endpoint,244,0.2607753396034241,0.02430104227085264,1.4950178623199464,0.12632582677679818,5
2500,endpoint,245,0.2586670249700546,0.023890945430326875,1.4881197452545165,0.1266994887948766,5
2500,endpoint,246,0.2571094900369644,0.02319812167376318,1.4813308000564576,0.10550067829348951,5
2500,endpoint,247,0.25798199474811556,0.025544395645477294,1.48782479763031,0.09104032573328483,5
2500,endpoint,248,0.26093331873416903,0.026364303182017913,1.4905544519424438,0.10436953469000002,5
2500,endpoint,249,0.2601776510477066,0.02646852190218702,1.4834306478500365,0.12771296703235976,5
2500,endpoint,250,0.2575210690498352,0.021937801395001906,1.479243564605713,0.12845592635550887,5
2500,endpoint,251,0.2562562942504883,0.025232993929810356,1.4941261053085326,0.09995703501170732,5
2500,endpoint,252,0.2560826450586319,0.025249849281642926,1.492728328704834,0.10172314284138398,5
2500,endpoint,253,0.2558339685201645,0.026963775296860986,1.481580376625061,0.13363673860152628,5
2500,endpoint,254,0.2559532195329666,0.02454904899460123,1.4844274044036865,0.13654934100871774,5
2500,endpoint,255,0.25567540228366853,0.02567799767679691,1.5047423839569092,0.10448982469577613,5
2500,endpoint,256,0.2566452085971832,0.027333479325019366,1.5075529098510743,0.10087597173735512,5
2500,endpoint,257,0.253202012181282,0.024438036064206997,1.4809667110443114,0.13165939642241445,5
2500,endpoint,258,0.25564032793045044,0.02741072502922498,1.479003405570984,0.13510972421520576,5
2500,endpoint,259,0.25455959141254425,0.02530327703203632,1.4915004253387452,0.11262384996016644,5
2500,endpoint,260,0.256394025683403,0.027107927692083967,1.5062735319137572,0.09419249228522927,5
2500,endpoint,261,0.25383191704750063,0.022708691979868554,1.4939681768417359,0.1123632102747494,5
2500,endpoint,262,0.2530837833881378,0.02339895399172557,1.4763269424438477,0.13212001565352752,5
2500,endpoint,263,0.25313895344734194,0.02511248188335977,1.4810078859329223,0.12541734085650325,5
2500,endpoint,264,0.25222527384758,0.02490058677259713,1.497908616065979,0.10115944317252686,5
2500,endpoint,265,0.25141710638999937,0.023296662229915055,1.5050259351730346,0.10102807064979383,5
2500,endpoint,266,0.24871260225772857,0.020768458286960258,1.493079924583435,0.12602403963906025,5
2500,endpoint,267,0.24892475008964537,0.021341888333869043,1.4884037017822265,0.12979608944701146,5
2500,endpoint,268,0.2498055100440979,0.022902279413599486,1.4998831033706665,0.1139149836435667,5
2500,endpoint,269,0.25106215476989746,0.02450226900798848,1.5092188119888306,0.0981679725878105,5
2500,endpoint,270,0.24990911185741424,0.02205779243770158,1.5004984378814696,0.1066287845177337,5
2500,endpoint,271,0.24950895607471466,0.02036916315808934,1.4903084754943847,0.12235763382780608,5
2500,endpoint,272,0.25026506185531616,0.02008627640945734,1.4870152711868285,0.13004361986757149,5
2500,endpoint,273,0.25046883523464203,0.02008121376763639,1.497283697128296,0.11638067026079191,5
2500,endpoint,274,0.2511013478040695,0.022468445668039967,1.5090357542037964,0.09613524844125886,5
2500,endpoint,275,0.24840340316295623,0.020475551906065217,1.5026459455490113,0.10645676221184976,5
2500,endpoint,276,0.24626802206039428,0.019532393815413676,1.4903457403182983,0.1278026576470511,5
2500,endpoint,277,0.2462248831987381,0.020112515388430723,1.486974573135376,0.13281900765014773,5
2500,endpoint,278,0.2462674617767334,0.020994341979282877,1.501686429977417,0.12357796360632194,5
2500,endpoint,279,0.24790687263011932,0.022846653731466316,1.5190828800201417,0.10523697978104025,5
2500,endpoint,280,0.24679854810237883,0.02128165872906484,1.5126646995544433,0.11331892317682174,5
2500,endpoint,281,0.24552847146987916,0.019953564235714993,1.4932814359664917,0.12806442357826084,5
2500,endpoint,282,0.24598499834537507,0.019374650360876718,1.4898730754852294,0.12118249286211431,5
2500,endpoint,283,0.24688540697097777,0.020464947952257888,1.5016422271728516,0.11107029246079206,5
2500,endpoint,284,0.24772287011146546,0.019848670126471634,1.5098865270614623,0.10825806194460987,5
2500,endpoint,285,0.24714006185531617,0.018521789553526107,1.5094969511032104,0.1107302546826438,5
2500,endpoint,286,0.24576003849506378,0.017983222744821906,1.4969761848449707,0.12009924651420187,5
2500,endpoint,287,0.24494719505310059,0.01882057265156823,1.4939725399017334,0.1238930003355617,5
2500,endpoint,288,0.24476758539676666,0.020071526965776798,1.503458595275879,0.11932900137759761,5
2500,endpoint,289,0.24482492804527284,0.020764708081455956,1.5124049186706543,0.11358994942515382,5
2500,endpoint,290,0.24344221353530884,0.019282459569172957,1.5053770303726197,0.1233921143303499,5
2500,endpoint,291,0.24362251460552214,0.018985931914767846,1.4959218502044678,0.12636170753266637,5
2500,endpoint,292,0.24363402426242828,0.019225775402066582,1.4962683200836182,0.12465564193538142,5
2500,endpoint,293,0.24447208046913146,0.020692059107093378,1.5078527927398682,0.1162162794844733,5
2500,endpoint,294,0.245176962018013,0.02099398070736696,1.5115813732147216,0.12023454725110393,5
2500,endpoint,295,0.24382914006710052,0.01914612711308191,1.5021989345550537,0.12612319878981965,5
2500,endpoint,296,0.24309417903423308,0.018174347872324522,1.4979778051376342,0.12604014027485871,5
2500,endpoint,297,0.24262797236442565,0.018155450668779764,1.496946120262146,0.11676129142731458,5
2500,endpoint,298,0.24265080392360688,0.018487852969026698,1.4996327400207519,0.11758098724702436,5
2500,endpoint,299,0.2433164596557617,0.018969495236689452,1.5028700351715087,0.1263736131173664,5
2500,endpoint,300,0.24361667335033416,0.01891608075868088,1.501742172241211,0.12918228282970795,5
2500,endpoint,301,0.2432751923799515,0.01835918136218671,1.5013838529586792,0.11420285880535838,5
2500,endpoint,302,0.2423138737678528,0.01864259812274988,1.5006274700164794,0.11279401778492952,5
2500,endpoint,303,0.24156406223773957,0.018928658452839822,1.4979338645935059,0.12421001035217116,5
2500,endpoint,304,0.24142903685569764,0.01932947054073012,1.4963184356689454,0.12846761573083593,5
2500,endpoint,305,0.2416413575410843,0.019508672433359398,1.502069926261902,0.11250718765633497,5
2500,endpoint,306,0.2417447090148926,0.019243522700572224,1.502358341217041,0.11237785675493,5
2500,endpoint,307,0.2416577786207199,0.018570961960379703,1.503927755355835,0.11991384458966868,5
2500,endpoint,308,0.24158902764320372,0.01804569139971727,1.506447982788086,0.13141847719183355,5
2500,endpoint,309,0.2417168825864792,0.01778014118153779,1.505124306678772,0.1321108162626566,5
2500,endpoint,310,0.24118806421756744,0.018760343390379398,1.5037129640579223,0.11905782648806346,5
2500,endpoint,311,0.24109050631523132,0.01880615610939696,1.5066289901733398,0.11266392813472217,5
2500,endpoint,312,0.24074236750602723,0.018541681086007768,1.5099603414535523,0.12254164780863144,5
2500,endpoint,313,0.24065700471401213,0.01821705324031958,1.5092962741851808,0.13259841115596704,5
2500,endpoint,314,0.24052267968654634,0.018620181792131485,1.5066083431243897,0.13226324134138856,5
2500,endpoint,315,0.2406436324119568,0.01898440665098033,1.508855438232422,0.1169185842658512,5
2500,endpoint,316,0.24057396054267882,0.01923785651652607,1.5096865892410278,0.11938873538069303,5
2500,endpoint,317,0.2401734322309494,0.018596509042976675,1.510381007194519,0.1269525695542347,5
2500,endpoint,318,0.24027831554412843,0.01799587787875084,1.5133353233337403,0.12340555270143724,5
2500,endpoint,319,0.2400022715330124,0.018146607955029193,1.506463646888733,0.11878941510091151,5
2500,endpoint,320,0.2401091694831848,0.01815743695050878,1.5030080080032349,0.12238295649570469,5
2500,endpoint,321,0.24008417427539824,0.01836339056807059,1.5033661603927613,0.12602654758493465,5
2500,endpoint,322,0.2399260461330414,0.01835952927932703,1.508787703514099,0.12157644079184339,5
2500,endpoint,323,0.24017312228679658,0.018122829709843934,1.511835789680481,0.11730541403451553,5
2500,endpoint,324,0.2399240642786026,0.01821558207876708,1.5046446084976197,0.11696355628323299,5
2500,endpoint,325,0.24006200432777405,0.017990737412658227,1.4945713996887207,0.12696399653921434,5
2500,endpoint,326,0.23992970287799836,0.018201858805370626,1.5016073703765869,0.12510764866549054,5
2500,endpoint,327,0.239694344997406,0.018707633529122573,1.5088441610336303,0.1171314427973361,5
2500,endpoint,328,0.23990832269191742,0.01922660653830342,1.5116761207580567,0.10912205406167619,5
2500,endpoint,329,0.23952028453350066,0.01882590241309112,1.501550841331482,0.11390237798967219,5
2500,endpoint,330,0.23926061093807222,0.01830009449234888,1.4928471088409423,0.1241567940928611,5
2500,endpoint,331,0.23907403647899628,0.018209745565762714,1.497232437133789,0.12660473364993646,5
2500,endpoint,332,0.23913834989070892,0.017754031998869345,1.5081297874450683,0.12447432275902681,5
2500,endpoint,333,0.23921502530574798,0.017949632516471237,1.5114755153656005,0.11509406571520461,5
2500,endpoint,334,0.23896222412586213,0.018524902804089166,1.5116071939468383,0.10665860409559734,5
2500,endpoint,335,0.23826007246971131,0.017858022283351448,1.5009806871414184,0.12345440836824843,5
2500,endpoint,336,0.23834667801856996,0.01810434115231055,1.4946760654449462,0.13279131030875715,5
2500,endpoint,337,0.23804787099361419,0.018414239007167554,1.5019170999526978,0.12589854150260524,5
2500,endpoint,338,0.2392413377761841,0.018374981688719462,1.5117813110351563,0.11856934279859195,5
2500,endpoint,339,0.23928304612636567,0.018913064624408973,1.5154781579971313,0.11106682916144878,5
2500,endpoint,340,0.23871719539165498,0.018176908964695697,1.5056633472442627,0.11836492427382891,5
2500,endpoint,341,0.2389965236186981,0.01751019318340233,1.4953929901123046,0.12812943097880314,5
2500,endpoint,342,0.2386874794960022,0.017772451172478665,1.4966163635253906,0.1282396771666688,5
2500,endpoint,343,0.23904297053813933,0.017315016239890846,1.507303810119629,0.12630716181308543,5
2500,endpoint,344,0.2380964457988739,0.017678068764065722,1.5117633581161498,0.12177674156607037,5
2500,endpoint,345,0.23773685097694397,0.017904167369180088,1.5144049167633056,0.11168662965642033,5
2500,endpoint,346,0.23733445703983308,0.01738837039772678,1.5064370393753053,0.12032346352083821,5
2500,endpoint,347,0.23676909506320953,0.01800636090658675,1.5002254962921142,0.12442911072844123,5
2500,endpoint,348,0.23717114329338074,0.017920026837866178,1.5022512435913087,0.12582461322466784,5
2500,endpoint,349,0.23715926110744476,0.01849581240013648,1.500243592262268,0.12543367734180497,5
2500,endpoint,350,0.23771855235099792,0.017909264918599583,1.496842861175537,0.12113197971110964,5
2500,endpoint,351,0.23841796219348907,0.017577067842464766,1.5044723749160767,0.10849743954560814,5
2500,endpoint,352,0.2379212945699692,0.01786254711363368,1.5056814432144165,0.11863025374288348,5
2500,endpoint,353,0.23792987167835236,0.017025498841010973,1.5092981815338136,0.1298947902565983,5
2500,endpoint,354,0.23628455698490142,0.01841966561959692,1.5066139936447143,0.13095634683750268,5
2500,endpoint,355,0.23560003340244293,0.019046662790937686,1.5006502866744995,0.1279346353657782,5
2500,endpoint,356,0.2351536601781845,0.019025368160774485,1.5088493585586549,0.11546104871778057,5
2500,endpoint,357,0.23474216759204863,0.019304718995244545,1.5130374431610107,0.11984224920827959,5
2500,endpoint,358,0.23541025519371034,0.018228658209762588,1.514220643043518,0.1346969688494685,5
2500,endpoint,359,0.23545555174350738,0.01841688651879541,1.508083701133728,0.13549896350970383,5
2500,endpoint,360,0.23569047152996064,0.018552243737245813,1.5033157825469972,0.1220675510818318,5
2500,endpoint,361,0.236524099111557,0.0182751093648753,1.502238392829895,0.11455146062926566,5
2500,endpoint,362,0.23607991635799408,0.01872261354395121,1.502354884147644,0.12070565022081282,5
2500,endpoint,363,0.2357860267162323,0.018192647123572138,1.5031437397003173,0.13154077885178117,5
2500,endpoint,364,0.23566200137138366,0.017824431075449714,1.5023381948471068,0.1323453644185894,5
2500,endpoint,365,0.23549142777919768,0.018138955312326083,1.495955228805542,0.13228130900321794,5
2500,endpoint,366,0.23542543947696687,0.01850133745271435,1.4984178781509399,0.12686410645869303,5
2500,endpoint,367,0.23496678471565247,0.019078856442316466,1.5069924354553224,0.11651773521007096,5
2500,endpoint,368,0.2338973343372345,0.019000243700896195,1.5105774641036986,0.12383902806202818,5
2500,endpoint,369,0.23385979533195494,0.01851631349772531,1.5096740961074828,0.13124679557975838,5
2500,endpoint,370,0.23351972103118895,0.019259479874614748,1.5001812696456909,0.126607095556274,5
2500,endpoint,371,0.23423838019371032,0.019238979302823665,1.4977390766143799,0.12361147290427378,5
2500,endpoint,372,0.23413603901863098,0.01978406686030136,1.5026978492736816,0.12342513981415784,5
2500,endpoint,373,0.2338117778301239,0.019584183069137742,1.5083131551742555,0.1271429901063802,5
2500,endpoint,374,0.23447739481925964,0.01895916152960031,1.5065699100494385,0.13804484916761622,5
2500,endpoint,375,0.23406412601470947,0.020202276155113805,1.497849941253662,0.13059096263972733,5
2500,endpoint,376,0.23430861234664918,0.020288393165737537,1.4954108476638794,0.12397161353730095,5
2500,endpoint,377,0.23454294204711915,0.021796555438027464,1.5092261552810669,0.11156714705881783,5
2500,endpoint,378,0.23393014073371887,0.021013052825213346,1.5165663719177247,0.12077134888753696,5
2500,endpoint,379,0.23272277116775514,0.01974897439050266,1.5089145183563233,0.13705885480494312,5
2500,endpoint,380,0.23212392628192902,0.01964478513722132,1.4997518062591553,0.13620166297017167,5
2500,endpoint,381,0.23213073313236238,0.01935875074993012,1.4979771375656128,0.12270003612712355,5
2500,endpoint,382,0.23200433552265168,0.020126708248041657,1.5031311988830567,0.11442930792002438,5
2500,endpoint,383,0.23288145661354065,0.01990391474635661,1.5108186244964599,0.1132659958136445,5
2500,endpoint,384,0.23253250122070312,0.020190741607863872,1.5101853370666505,0.11920050593522889,5
2500,endpoint,385,0.23282961547374725,0.02058149854790691,1.5072113513946532,0.12647078022670055,5
2500,endpoint,386,0.23300537765026091,0.020989933718643754,1.5015965938568114,0.12971423247372763,5
2500,endpoint,387,0.23253531455993653,0.020949593232492788,1.5019190073013307,0.12209247873435868,5
2500,endpoint,388,0.23210330307483673,0.021014874425217107,1.5055219650268554,0.12067379220052397,5
2500,endpoint,389,0.23151378333568573,0.0211901360621189,1.5103118419647217,0.12447947085143658,5
2500,endpoint,390,0.2313142716884613,0.020897825693898246,1.510900855064392,0.12938766624701867,5
2500,endpoint,391,0.23135695457458497,0.020691064483987442,1.5073527574539185,0.12963460606166627,5
2500,endpoint,392,0.23179975152015686,0.020313547733984354,1.5058826446533202,0.12595960854463498,5
2500,endpoint,393,0.2317468225955963,0.020443359829155235,1.5070832967758179,0.12293023604024454,5
2500,endpoint,394,0.23175111114978791,0.02056751784789657,1.5063594579696655,0.12931946849268236,5
2500,endpoint,395,0.23205322325229644,0.02065829746854786,1.505763006210327,0.13318743929543356,5
2500,endpoint,396,0.2321914702653885,0.020937723782513344,1.5101999998092652,0.12522776302691216,5
2500,endpoint,397,0.2321658432483673,0.02167063568358034,1.5126862525939941,0.11868546799843538,5
2500,endpoint,398,0.2318842113018036,0.02109049253667964,1.5063443422317504,0.12049448880447357,5
2500,endpoint,399,0.2313778132200241,0.021117697908135495,1.5003847122192382,0.13523694132142414,5
2500,endpoint,400,0.23072086572647094,0.02089009547142462,1.507567811012268,0.13219093367512427,5
2500,endpoint,401,0.23084087073802947,0.020723217220226645,1.5129321813583374,0.1197062473449941,5
2500,endpoint,402,0.23109786808490754,0.020938791737752618,1.5123502016067505,0.1180174716340279,5
2500,endpoint,403,0.23148753643035888,0.020827794719879368,1.507751727104187,0.12040269827865509,5
2500,endpoint,404,0.23157506585121154,0.021423253514552997,1.504503560066223,0.13336956762054203,5
2500,endpoint,405,0.23164576292037964,0.021389430487718106,1.5050857067108154,0.13607602450154105,5
2500,endpoint,406,0.23168995678424836,0.020934853813491854,1.5124425649642945,0.12619683394979467,5
2500,endpoint,407,0.2312377870082855,0.021517573909101632,1.513056182861328,0.11673725226724292,5
2500,endpoint,408,0.23123930692672728,0.02126758211292285,1.5086302518844605,0.12125593108011308,5
2500,endpoint,409,0.23111418783664703,0.02061078945555464,1.5044846057891845,0.13051936974307218,5
2500,endpoint,410,0.23066326379776,0.020473527522846802,1.5064712524414063,0.13685136201582604,5
2500,endpoint,411,0.23089919686317445,0.020131801057929236,1.5138104200363158,0.13055393123436082,5
2500,endpoint,412,0.23086513578891754,0.021190107770893772,1.5129831314086915,0.11659964063046602,5
2500,endpoint,413,0.23126958608627318,0.02170973901657114,1.5056768655776978,0.12170901795830176,5
2500,endpoint,414,0.23179187178611754,0.02187867466962889,1.5049848794937133,0.13093349976282068,5
2500,endpoint,415,0.23139969408512115,0.021385348890385653,1.5118277549743653,0.12926722855218528,5
2500,endpoint,416,0.231017804145813,0.02043514389558579,1.515732216835022,0.1288836236836333,5
2500,endpoint,417,0.23084057569503785,0.019914446665063864,1.5190980672836303,0.12082873285804294,5
2500,endpoint,418,0.23033382296562194,0.020286667217666053,1.5085466623306274,0.12131852269245524,5
2500,endpoint,419,0.23091344237327577,0.02056136719383677,1.503651237487793,0.12576546671830427,5
2500,endpoint,420,0.23109211325645446,0.021528312767038777,1.5080072402954101,0.12363295087038671,5
2500,endpoint,421,0.23106571435928344,0.02174397758066988,1.5150134086608886,0.1278207113526022,5
2500,endpoint,422,0.23140797913074493,0.02099008297760306,1.5196383476257325,0.12794869180958668,5
2500,endpoint,423,0.230393648147583,0.02130881058434123,1.5142377853393554,0.12412468410725577,5
2500,endpoint,424,0.23020902276039124,0.02093805241705777,1.5044118404388427,0.12393700091273324,5
2500,endpoint,425,0.23059623837471008,0.020583943772222436,1.501389241218567,0.12106840370080482,5
2500,endpoint,426,0.23082560896873475,0.020967250788246735,1.5019357681274415,0.12568873629144417,5
2500,endpoint,427,0.23144463300704957,0.02113007821101245,1.510741901397705,0.12998679722022463,5
2500,endpoint,428,0.23165442645549775,0.020641987350991094,1.514429545402527,0.1321746153782512,5
2500,endpoint,429,0.2308911442756653,0.021042975184599674,1.5129963159561157,0.12313737117401169,5
2500,endpoint,430,0.23057980239391326,0.02126963813930699,1.5104888200759887,0.11349939953587303,5
2500,endpoint,431,0.2302840918302536,0.02167097819964454,1.5082451105117798,0.10973611662116457,5
2500,endpoint,432,0.22977523803710936,0.022524872670992194,1.506804347038269,0.11916087584060978,5
2500,endpoint,433,0.2303481101989746,0.0226325742749048,1.5058889865875245,0.13699373101752027,5
2500,endpoint,434,0.23035208284854888,0.021600789910931208,1.505959439277649,0.1353918980081153,5
2500,endpoint,435,0.230609729886055,0.020383763470234975,1.5102838277816772,0.11071509617017523,5
2500,endpoint,436,0.23175645172595977,0.01953031618199639,1.5089809894561768,0.10157766137703943,5
2500,endpoint,437,0.23118758499622344,0.020141326020418456,1.501162576675415,0.11742055032534507,5
2500,endpoint,438,0.2312483310699463,0.021333394274951237,1.5000777006149293,0.13589206322985783,5
2500,endpoint,439,0.23149919211864473,0.02188635050551122,1.5032102346420289,0.13957711089195393,5
2500,endpoint,440,0.2306157171726227,0.022592642383717564,1.5084886312484742,0.12273630153002033,5
2500,endpoint,441,0.2309840738773346,0.022590081596583652,1.5154044866561889,0.10012087770381688,5
2500,endpoint,442,0.2304045617580414,0.021221660098187073,1.5113505125045776,0.11043076375469847,5
2500,endpoint,443,0.229870268702507,0.020878019440702854,1.5018593549728394,0.13936672529746424,5
2500,endpoint,444,0.2309362471103668,0.02104262739779547,1.499573278427124,0.1542290080961838,5
2500,endpoint,445,0.23048536777496337,0.02085642000943438,1.5046205282211305,0.14106010715775233,5
2500,endpoint,446,0.23101619780063629,0.021937206793216823,1.5125310897827149,0.1052050046791088,5
2500,endpoint,447,0.2315627932548523,0.021705742065984874,1.5097671031951905,0.09678582315327426,5
2500,endpoint,448,0.23081050515174867,0.02137636454743526,1.4990231037139892,0.12433231002527978,5
2500,endpoint,449,0.2309867888689041,0.021584982808757418,1.4953765630722047,0.14295712952552636,5
2500,endpoint,450,0.23121703863143922,0.02113753596297433,1.5012921571731568,0.14911122914368652,5
2500,endpoint,451,0.23016653060913086,0.020979054478438224,1.5079622268676758,0.1271649130611098,5
2500,endpoint,452,0.23033839464187622,0.021554480483264762,1.5131810188293457,0.09782634732305713,5
2500,endpoint,453,0.23027705252170563,0.021415567200076514,1.50802800655365,0.09898291241262816,5
2500,endpoint,454,0.2300121307373047,0.02184386954354424,1.5003978967666627,0.1220898004154232,5
2500,endpoint,455,0.23052806854248048,0.021995926871846976,1.5010705947875977,0.1414542466257814,5
2500,endpoint,456,0.23062290847301484,0.021549794709338356,1.5067655324935914,0.13961770635429474,5
2500,endpoint,457,0.23020189702510835,0.021402130270199816,1.5106407880783081,0.11866058050130228,5
2500,endpoint,458,0.23028734922409058,0.021459079144426484,1.5119455337524415,0.10360092002085992,5
2500,endpoint,459,0.22983851730823518,0.02113393804635481,1.5041168689727784,0.11476052607935035,5
2500,endpoint,460,0.22960966527462007,0.021074402001542567,1.5006544589996338,0.1297255927665282,5
2500,endpoint,461,0.22986526191234588,0.021143205744380122,1.5040438890457153,0.1342648339126487,5
2500,endpoint,462,0.23016256093978882,0.021617228700475066,1.508175539970398,0.13315517014172945,5
2500,endpoint,463,0.23029659688472748,0.021983471121721655,1.5074565410614014,0.1281219470094856,5
2500,endpoint,464,0.23029024302959442,0.022249859316345804,1.5020708322525025,0.12437412700315698,5
2500,endpoint,465,0.2305146187543869,0.021640849320665498,1.4940462589263916,0.12537467841106203,5
2500,endpoint,466,0.2303192675113678,0.020734164788787333,1.4948248147964478,0.11947058637465832,5
2500,endpoint,467,0.2302696079015732,0.020304659098206154,1.5032938957214355,0.11643029684879574,5
2500,endpoint,468,0.23069223165512084,0.019986059239920185,1.5105774641036986,0.12458982429675634,5
2500,endpoint,469,0.23042754232883453,0.020948862745432627,1.5079232931137085,0.13145669521462122,5
2500,endpoint,470,0.23002250790596007,0.021893502292709765,1.500346803665161,0.1304621208965518,5
2500,endpoint,471,0.22980140745639802,0.021981367865994986,1.4942152738571166,0.1283580563777618,5
2500,endpoint,472,0.22943678498268127,0.02187939445914226,1.4976523637771606,0.12440417643875204,5
2500,endpoint,473,0.22959371507167817,0.02172877734822255,1.5065283298492431,0.12498519953267401,5
2500,endpoint,474,0.2301501899957657,0.02123090088388437,1.5111584424972535,0.12957609736662387,5
2500,endpoint,475,0.23034573793411256,0.021313337898285677,1.5055187463760376,0.13680727290585012,5
2500,endpoint,476,0.23083978295326232,0.02102720814479022,1.4973280906677247,0.14124753198058917,5
2500,endpoint,477,0.23068077862262726,0.020116764270648495,1.4948214530944823,0.13571212454515502,5
2500,endpoint,478,0.22962687015533448,0.020217781998921498,1.5018128156661987,0.12698054634482495,5
2500,endpoint,479,0.22948898375034332,0.020238460177677522,1.5118563652038575,0.12238857452125791,5
2500,endpoint,480,0.22937666177749633,0.020696513410435314,1.5095643758773805,0.12350353083167545,5
2500,endpoint,481,0.22911596596240996,0.02173862677930253,1.5013776540756225,0.12396809650171346,5
2500,endpoint,482,0.2296609491109848,0.02215404293286335,1.4960853099822997,0.12492922586791479,5
2500,endpoint,483,0.23039814233779907,0.02198956489809081,1.4964868783950807,0.12569758314359802,5
2500,endpoint,484,0.2303271621465683,0.021717836285036023,1.5025851011276246,0.12078302978040245,5
2500,endpoint,485,0.2301782488822937,0.021049952193566982,1.5074399948120116,0.1207463953759776,5
2500,endpoint,486,0.23000746965408325,0.020415616401207072,1.5081944227218629,0.12800883019124715,5
2500,endpoint,487,0.22948749363422394,0.020394812240953148,1.5104435920715331,0.12414586377290998,5
2500,endpoint,488,0.22905639111995696,0.02052314978544694,1.5077089071273804,0.12316085227849163,5
2500,endpoint,489,0.229131081700325,0.020740660426126538,1.5019652843475342,0.1280592983134952,5
2500,endpoint,490,0.2294241815805435,0.021369491768146932,1.498540472984314,0.13563036300848916,5
2500,endpoint,491,0.22967080473899842,0.021901477158267336,1.5023781061172485,0.13241579196469666,5
2500,endpoint,492,0.2302304297685623,0.02224196666706442,1.5109358072280883,0.12666356261692438,5
2500,endpoint,493,0.23067595064640045,0.022807205035235388,1.5170782566070558,0.11904286591952465,5
2500,endpoint,494,0.2299774944782257,0.022381003173653387,1.5079310655593872,0.1286983762056645,5
2500,endpoint,495,0.22936529517173768,0.021213420966973696,1.4983685493469239,0.13312455033094606,5
2500,endpoint,496,0.22880354821681975,0.02072374065668631,1.4982497453689576,0.13180506236072903,5
2500,endpoint,497,0.22882792353630066,0.020789124036651792,1.507322645187378,0.12885809806324883,5
2500,endpoint,498,0.22942506968975068,0.021303021593859228,1.5145649909973145,0.12928839602227335,5
2500,endpoint,499,0.229829141497612,0.022290432598619504,1.5118858098983765,0.13109290824554728,5
2500,endpoint,500,0.2302892327308655,0.022273449051523155,1.499020767211914,0.13423989697975883,5
2500,endpoint,501,0.23010363876819612,0.021639078777573453,1.4956984519958496,0.13090515869346853,5
2500,endpoint,502,0.2294887572526932,0.02113989356508056,1.5018468618392944,0.12552500246146198,5
2500,endpoint,503,0.22956022918224334,0.02097371408992625,1.5100095987319946,0.1222411042286014,5
2500,endpoint,504,0.2296537399291992,0.021365439472543216,1.508090567588806,0.12906927322531977,5
2500,endpoint,505,0.2299812465906143,0.022151489617680813,1.5023545503616333,0.1355736953068249,5
2500,endpoint,506,0.2303537905216217,0.022508355712208068,1.500715446472168,0.13879537500781128,5
2500,endpoint,507,0.22966463565826417,0.021321684889465044,1.5031173944473266,0.13403715501135152,5
2500,endpoint,508,0.22906532287597656,0.020181609780115697,1.50329647064209,0.12495022573408028,5
2500,endpoint,509,0.22902872860431672,0.02003002196900962,1.5048230409622192,0.12409989794114305,5
2500,endpoint,510,0.2294280081987381,0.020545133246221422,1.5029632329940796,0.12766092988932667,5
2500,endpoint,511,0.23012576699256898,0.021723317390662467,1.4959896802902222,0.13391561260123364,5
2500,endpoint,512,0.23099426031112671,0.02213592789312441,1.4954325437545777,0.1356627898614503,5
2500,endpoint,513,0.23041651844978334,0.02206913634437544,1.50519917011261,0.12573537064918108,5
2500,endpoint,514,0.22974153757095336,0.021497406810338217,1.5138044118881226,0.11762384960544756,5
2500,endpoint,515,0.228475621342659,0.02069266039859636,1.5087432384490966,0.12505494419284607,5
2500,endpoint,516,0.22825432419776917,0.020667528520780347,1.4977673292160034,0.1381767916582099,5
2500,endpoint,517,0.22899308800697327,0.021034905619210818,1.4916938543319702,0.1380454896809558,5
2500,endpoint,518,0.22981360852718352,0.02140389356466451,1.4939960479736327,0.131998090342946,5
2500,endpoint,519,0.23039000928401948,0.021738801607543323,1.5028258562088013,0.12279108420234107,5
2500,subset_accuracy_drop,1,0.6934883713722229,0.0008588963155273217,0.6934991478919983,0.0008523372825969726,5
2500,subset_accuracy_drop,2,0.6932212352752686,0.0007635812935042912,0.6932284474372864,0.0007600388328608241,5
2500,subset_accuracy_drop,3,0.6929522514343261,0.0007261679428834869,0.6929557204246521,0.0007286423908726538,5
2500,subset_accuracy_drop,4,0.6926760673522949,0.0007709525768851064,0.6926752209663392,0.0007821176396783446,5
2500,subset_accuracy_drop,5,0.6923909187316895,0.0009044052622616602,0.6923853397369385,0.0009251802881264063,5
2500,subset_accuracy_drop,6,0.6920975327491761,0.0011120255206167368,0.6920868396759033,0.0011416974282618393,5
2500,subset_accuracy_drop,7,0.6917978763580322,0.0013762826941537754,0.6917819857597352,0.0014134930345690102,5
2500,subset_accuracy_drop,8,0.6914962649345398,0.0016834789301100786,0.6914746880531311,0.0017258009439100085,5
2500,subset_accuracy_drop,9,0.691200602054596,0.0020209413383690243,0.691172194480896,0.0020666632291308547,5
2500,subset_accuracy_drop,10,0.690916919708252,0.0023781183314037224,0.6908822298049927,0.0024237925681517346,5
2500,subset_accuracy_drop,11,0.6906486988067627,0.0027460491788420358,0.69060800075531,0.0027895668454287303,5
2500,subset_accuracy_drop,12,0.6904021859169006,0.0031073882722780486,0.6903555870056153,0.0031476778151839514,5
2500,subset_accuracy_drop,13,0.6901820659637451,0.003444316299717234,0.6901311278343201,0.0034793498465383868,5
2500,subset_accuracy_drop,14,0.689994502067566,0.0037375688031009323,0.6899420022964478,0.003763497648656893,5
2500,subset_accuracy_drop,15,0.6898493885993957,0.003967353762429763,0.6898008465766907,0.003976057234945282,5
2500,subset_accuracy_drop,16,0.68975989818573,0.004112654383402789,0.6897219300270081,0.0040935859388533235,5
2500,subset_accuracy_drop,17,0.689735209941864,0.004156182472191304,0.6897154211997986,0.004099003607588021,5
2500,subset_accuracy_drop,18,0.6897681832313538,0.0041018623697360035,0.6897732496261597,0.004001389165735457,5
2500,subset_accuracy_drop,19,0.6898279905319213,0.00399366397383073,0.6898590803146363,0.00385632744356029,5
2500,subset_accuracy_drop,20,0.6898723244667053,0.003903269945703187,0.689923620223999,0.003744690601856389,5
2500,subset_accuracy_drop,21,0.6898749351501465,0.003879707358351075,0.6899368286132812,0.0037159039481874734,5
2500,subset_accuracy_drop,22,0.6898367524147033,0.003926405966393213,0.6898993134498597,0.0037693586227664348,5
2500,subset_accuracy_drop,23,0.6897762179374695,0.004015511897859121,0.6898327827453613,0.0038728208300502502,5
2500,subset_accuracy_drop,24,0.6897151112556458,0.004112029383519351,0.6897624254226684,0.00398814216133387,5
2500,subset_accuracy_drop,25,0.6896679878234864,0.00419013614475881,0.6897050499916076,0.004088092480794999,5
2500,subset_accuracy_drop,26,0.6896418929100037,0.00423655064480978,0.6896695017814636,0.004156300295764597,5
2500,subset_accuracy_drop,27,0.6896356225013733,0.0042504979128560405,0.6896556258201599,0.004190182219373086,5
2500,subset_accuracy_drop,28,0.6896434903144837,0.004239661108426844,0.6896580457687378,0.004196385395194026,5
2500,subset_accuracy_drop,29,0.689657723903656,0.004215883486344397,0.6896684646606446,0.004186319690729228,5
2500,subset_accuracy_drop,30,0.689671003818512,0.004190775299412465,0.6896798014640808,0.004171734563294817,5
2500,subset_accuracy_drop,31,0.6896785020828247,0.004172654491095354,0.6896870255470275,0.0041607582639209195,5
2500,subset_accuracy_drop,32,0.6896781206130982,0.004165259407334355,0.6896878361701966,0.0041579190660145475,5
2500,subset_accuracy_drop,33,0.6896704316139222,0.0041686756499363375,0.6896824717521668,0.004163468815763253,5
2500,subset_accuracy_drop,34,0.6896570682525635,0.004180797800344024,0.6896721124649048,0.0041760453130357394,5
2500,subset_accuracy_drop,35,0.6896398305892945,0.0041993388436146846,0.6896587967872619,0.00419331543127009,5
2500,subset_accuracy_drop,36,0.6896210074424743,0.004221061321432709,0.6896446585655213,0.004212916364889848,5
2500,subset_accuracy_drop,37,0.6896023154258728,0.004243246765967639,0.6896313786506653,0.0042321752655411,5
2500,subset_accuracy_drop,38,0.6895853996276855,0.004263487944826617,0.6896205425262452,0.004248887622806844,5
2500,subset_accuracy_drop,39,0.689571213722229,0.00427974425417605,0.6896132349967956,0.0042615069311101655,5
2500,subset_accuracy_drop,40,0.68956059217453,0.00429074500670473,0.6896098256111145,0.00426887184508557,5
2500,subset_accuracy_drop,41,0.6895532131195068,0.004296251116805598,0.6896099925041199,0.004271392363879411,5
2500,subset_accuracy_drop,42,0.6895485281944275,0.004297258683859642,0.6896126627922058,0.004270165116219755,5
2500,subset_accuracy_drop,43,0.6895453572273255,0.0042954385797747165,0.6896162867546082,0.004267436919184077,5
2500,subset_accuracy_drop,44,0.6895425081253052,0.00429286284706607,0.6896194458007813,0.004265483098202497,5
2500,subset_accuracy_drop,45,0.6895390748977661,0.004291185246027644,0.6896211624145507,0.004265756886787265,5
2500,subset_accuracy_drop,46,0.6895344138145447,0.004291223204151187,0.6896208643913269,0.004269559367065477,5
2500,subset_accuracy_drop,47,0.6895286321640015,0.004292888976528416,0.6896186709403992,0.004276440021588452,5
2500,subset_accuracy_drop,48,0.6895219683647156,0.004295412564494299,0.6896154284477234,0.004285457542810231,5
2500,subset_accuracy_drop,49,0.6895151019096375,0.004297732974034822,0.6896119236946106,0.004295134670322437,5
2500,subset_accuracy_drop,50,0.6895084738731384,0.004298936620387117,0.689608895778656,0.004304396142618878,5
2500,subset_accuracy_drop,51,0.6895021915435791,0.004298420475506867,0.6896067380905151,0.004312258969489675,5
2500,subset_accuracy_drop,52,0.6894962549209595,0.004296047748015956,0.6896058797836304,0.004318352025403553,5
2500,subset_accuracy_drop,53,0.6894904375076294,0.004292183251846712,0.689605963230133,0.004322707662990326,5
2500,subset_accuracy_drop,54,0.6894844770431519,0.004287374641711868,0.6896068572998046,0.004325761930607384,5
2500,subset_accuracy_drop,55,0.6894780039787293,0.004282270213399765,0.6896081089973449,0.004328065997862471,5
2500,subset_accuracy_drop,56,0.6894707798957824,0.004277361854144602,0.68960942029953,0.004330115532563757,5
2500,subset_accuracy_drop,57,0.689462423324585,0.004272753085689944,0.6896108627319336,0.00433253817048495,5
2500,subset_accuracy_drop,58,0.6894531607627868,0.004268791265377852,0.6896122694015503,0.004335286470909724,5
2500,subset_accuracy_drop,59,0.6894427418708802,0.004264997968731692,0.6896140694618225,0.004338693374455898,5
2500,subset_accuracy_drop,60,0.6894313335418701,0.004261136364438221,0.6896162152290344,0.0043424667766435434,5
2500,subset_accuracy_drop,61,0.6894189357757569,0.0042569033673343065,0.6896182179450989,0.004346084470130587,5
2500,subset_accuracy_drop,62,0.6894060254096985,0.004251966068758451,0.6896207094192505,0.004349728913779416,5
2500,subset_accuracy_drop,63,0.6893922567367554,0.0042460230438258325,0.6896225810050964,0.0043521958065678955,5
2500,subset_accuracy_drop,64,0.6893779993057251,0.00423908224038119,0.6896250128746033,0.004354850924208478,5
2500,subset_accuracy_drop,65,0.6893633127212524,0.004231309812468833,0.689627742767334,0.004357495785780345,5
2500,subset_accuracy_drop,66,0.6893476605415344,0.004222549095659312,0.68963063955307,0.004360410446193693,5
2500,subset_accuracy_drop,67,0.6893308281898498,0.004212723761466378,0.6896334290504456,0.004363203588444211,5
2500,subset_accuracy_drop,68,0.6893131256103515,0.004202409193176679,0.6896364569664002,0.004366794851010651,5
2500,subset_accuracy_drop,69,0.6892942190170288,0.004191153732616844,0.6896391034126281,0.004370434178761838,5
2500,subset_accuracy_drop,70,0.6892742395401001,0.0041794049977901615,0.6896425604820251,0.0043752162851202585,5
2500,subset_accuracy_drop,71,0.6892532467842102,0.004166939760485778,0.689646303653717,0.004380532682340029,5
2500,subset_accuracy_drop,72,0.6892308473587037,0.004153814953066208,0.6896503686904907,0.004386297598775195,5
2500,subset_accuracy_drop,73,0.6892084598541259,0.004140685685123536,0.6896570920944214,0.004394373984638118,5
2500,subset_accuracy_drop,74,0.6891829371452332,0.004125698217913988,0.6896629333496094,0.004401315152445631,5
2500,subset_accuracy_drop,75,0.6891569137573242,0.0041106680478660805,0.6896715998649597,0.0044103342117888895,5
2500,subset_accuracy_drop,76,0.6891302585601806,0.004095526580625334,0.68968266248703,0.0044212308615864835,5
2500,subset_accuracy_drop,77,0.6891002178192138,0.004078961841124073,0.6896913409233093,0.004429570822766617,5
2500,subset_accuracy_drop,78,0.6890693068504333,0.004062535201204329,0.6897031784057617,0.004440539997571979,5
2500,subset_accuracy_drop,79,0.6890365481376648,0.004045890446625683,0.6897176384925843,0.004453666840715005,5
2500,subset_accuracy_drop,80,0.6890017509460449,0.0040290301493570435,0.6897351503372192,0.004469656831700081,5
2500,subset_accuracy_drop,81,0.6889647126197815,0.004011944138532022,0.6897568345069885,0.004489572324616943,5
2500,subset_accuracy_drop,82,0.6889251232147217,0.003994759721780404,0.6897790312767029,0.0045100521928460886,5
2500,subset_accuracy_drop,83,0.688886845111847,0.003978880950190902,0.6898103833198548,0.004539692375332733,5
2500,subset_accuracy_drop,84,0.6888501167297363,0.00396432186962662,0.6898312568664551,0.004559003125312306,5
2500,subset_accuracy_drop,85,0.688817048072815,0.003951348040181719,0.6898741483688354,0.004601297370069364,5
2500,subset_accuracy_drop,86,0.6887537717819214,0.0039301232724408474,0.6898640871047974,0.004588749745441563,5
2500,subset_accuracy_drop,87,0.6887204647064209,0.0039178655039972775,0.6898869037628174,0.004610379538367929,5
2500,subset_accuracy_drop,88,0.6886715412139892,0.0039023490352734875,0.6899186730384826,0.004641775768467197,5
2500,subset_accuracy_drop,89,0.6886155366897583,0.0038865353198210733,0.6899294018745422,0.004651420783560064,5
2500,subset_accuracy_drop,90,0.6885807275772095,0.0038742921667710073,0.6899520516395569,0.004673985529352707,5
2500,subset_accuracy_drop,91,0.688510262966156,0.0038588887216064642,0.6899724125862121,0.004694246288876781,5
2500,subset_accuracy_drop,92,0.6884722113609314,0.0038466260944511475,0.6900259852409363,0.004750933521581319,5
2500,subset_accuracy_drop,93,0.6884035706520081,0.0038341396372403354,0.6900233507156373,0.004745938878364403,5
2500,subset_accuracy_drop,94,0.6883394002914429,0.003822923137203814,0.6900541543960571,0.004777313469464519,5
2500,subset_accuracy_drop,95,0.6882941842079162,0.0038103861968961164,0.6901186823844909,0.004846470069922022,5
2500,subset_accuracy_drop,96,0.6882124900817871,0.003802865683403242,0.6901166677474976,0.004840488920963241,5
2500,subset_accuracy_drop,97,0.6881494522094727,0.0037935676834991152,0.6901500463485718,0.0048740538059156655,5
2500,subset_accuracy_drop,98,0.6880929231643677,0.003782642810659355,0.690220296382904,0.004949504557410368,5
2500,subset_accuracy_drop,99,0.6880025744438172,0.0037816857854566324,0.6902225136756897,0.004946147181805,5
2500,subset_accuracy_drop,100,0.6879266500473022,0.0037772818359702713,0.6902631521224976,0.004986245409941178,5
2500,subset_accuracy_drop,101,0.6878524422645569,0.0037722437530495344,0.6903271555900574,0.005052827471452337,5
2500,subset_accuracy_drop,102,0.6877645969390869,0.0037746737786580496,0.6903569459915161,0.005079197268518679,5
2500,subset_accuracy_drop,103,0.6876794457435608,0.003774940967230417,0.6904159665107727,0.005139257976701306,5
2500,subset_accuracy_drop,104,0.6875881552696228,0.00377910946816341,0.6904610633850098,0.005182469337263105,5
2500,subset_accuracy_drop,105,0.6874951958656311,0.003784830675884227,0.6905133366584778,0.005233938514310362,5
2500,subset_accuracy_drop,106,0.6874210119247437,0.003778195885853213,0.690604281425476,0.005332740790260243,5
2500,subset_accuracy_drop,107,0.6873880743980407,0.003734077173590358,0.6906730175018311,0.005404875242045206,5
2500,subset_accuracy_drop,108,0.6872810482978821,0.0037442864527526547,0.6907675504684448,0.005512121947700879,5
2500,subset_accuracy_drop,109,0.6871153712272644,0.0038070345763994264,0.6906998872756958,0.005417516844790237,5
2500,subset_accuracy_drop,110,0.6870628356933594,0.0037696796361268692,0.6907650470733643,0.005486934540585218,5
2500,subset_accuracy_drop,111,0.6869638323783874,0.003773688708825273,0.6908501744270324,0.00558183380969064,5
2500,subset_accuracy_drop,112,0.6868244767189026,0.0038180011751923143,0.6908331036567688,0.005547847398235835,5
2500,subset_accuracy_drop,113,0.6867495059967041,0.0038133357397350386,0.6908767819404602,0.0055923649170891146,5
2500,subset_accuracy_drop,114,0.6866405844688416,0.003803443765712081,0.6909493327140808,0.0056706416932511775,5
2500,subset_accuracy_drop,115,0.6865143656730652,0.00383402930789617,0.690954577922821,0.005661707320678039,5
2500,subset_accuracy_drop,116,0.6864524245262146,0.0038099297101099228,0.6910058975219726,0.005710677369934081,5
2500,subset_accuracy_drop,117,0.6863473057746887,0.003800028079328887,0.6911104202270508,0.005822486177967245,5
2500,subset_accuracy_drop,118,0.686192512512207,0.0038548449440745382,0.6910807847976684,0.00577255312517202,5
2500,subset_accuracy_drop,119,0.6861286759376526,0.0038259202733474337,0.6911429643630982,0.005833409791956105,5
2500,subset_accuracy_drop,120,0.6860339283943176,0.00380613611922154,0.6912729144096375,0.005967782284447899,5
2500,subset_accuracy_drop,121,0.6858673214912414,0.0038898707268469643,0.6912122249603272,0.005885343857899065,5
2500,subset_accuracy_drop,122,0.6857873439788819,0.0038523242533140354,0.691295075416565,0.005957696158018817,5
2500,subset_accuracy_drop,123,0.6856976509094238,0.0038736775302276177,0.6914006114006043,0.0060716749627759544,5
2500,subset_accuracy_drop,124,0.6855529189109802,0.003953086832450604,0.6914146542549133,0.006056889245073187,5
2500,subset_accuracy_drop,125,0.6854688644409179,0.003890765149418207,0.6914660215377808,0.006120170254755629,5
2500,subset_accuracy_drop,126,0.6853368759155274,0.0039328453720195436,0.6915604591369628,0.0062119644683324765,5
2500,subset_accuracy_drop,127,0.6852211594581604,0.004006047546284629,0.6916112303733826,0.006243947796794788,5
2500,subset_accuracy_drop,128,0.685157322883606,0.003954037485852242,0.6916719675064087,0.006307407438832988,5
2500,subset_accuracy_drop,129,0.6849830031394959,0.004072027935412222,0.6917622089385986,0.006371075731804155,5
2500,subset_accuracy_drop,130,0.6848855972290039,0.004127219468794724,0.6918048143386841,0.006418276938547495,5
2500,subset_accuracy_drop,131,0.6847708940505981,0.004125305754417095,0.691886031627655,0.00647660569205522,5
2500,subset_accuracy_drop,132,0.684639310836792,0.004204999814645403,0.6919366836547851,0.006527677527014903,5
2500,subset_accuracy_drop,133,0.6845303893089294,0.004234700231176679,0.6920154094696045,0.006605863642830472,5
2500,subset_accuracy_drop,134,0.6844102382659912,0.004302641603429333,0.6921043157577514,0.00666410540423458,5
2500,subset_accuracy_drop,135,0.6843190431594849,0.004405553715643245,0.6921709299087524,0.0067380564016379626,5
2500,subset_accuracy_drop,136,0.6841977119445801,0.004409176119282893,0.6923294067382812,0.006888949167049371,5
2500,subset_accuracy_drop,137,0.6840924382209778,0.00447198948431207,0.6923981547355652,0.006961004590512431,5
2500,subset_accuracy_drop,138,0.6839566826820374,0.004555656705452176,0.6924784064292908,0.0070458051794986655,5
2500,subset_accuracy_drop,139,0.6838529109954834,0.0046225678343971965,0.6926416397094727,0.007185539653189463,5
2500,subset_accuracy_drop,140,0.6837520718574523,0.004673109551805375,0.6926512956619263,0.007208038813810953,5
2500,subset_accuracy_drop,141,0.683625602722168,0.004683210254127865,0.6927586913108825,0.007328323883908817,5
2500,subset_accuracy_drop,142,0.6835240602493287,0.004777933751237781,0.6928173542022705,0.007351289484357948,5
2500,subset_accuracy_drop,143,0.6834408402442932,0.004966337509759172,0.6928661942481995,0.007400143827460875,5
2500,subset_accuracy_drop,144,0.68326735496521,0.004962381802515902,0.692955756187439,0.007487494405925501,5
2500,subset_accuracy_drop,145,0.6831562519073486,0.004992332400372106,0.6930163145065308,0.007551878546423571,5
2500,subset_accuracy_drop,146,0.683139967918396,0.0050909053019041845,0.6931763052940368,0.0077264610432403805,5
2500,subset_accuracy_drop,147,0.6830269932746887,0.005064990264185666,0.6932550191879272,0.007762936363337256,5
2500,subset_accuracy_drop,148,0.6828453183174134,0.0052082401727380654,0.6932836294174194,0.007799082017142594,5
2500,subset_accuracy_drop,149,0.6828250288963318,0.005357350248704845,0.6934199213981629,0.007910297987312822,5
2500,subset_accuracy_drop,150,0.6827383875846863,0.005121866655109796,0.6935278296470642,0.00803939739876939,5
2500,subset_accuracy_drop,151,0.6825690746307373,0.005250646275853399,0.6936017155647278,0.008135090537919868,5
2500,subset_accuracy_drop,152,0.6824825048446655,0.005495830814009023,0.6936470866203308,0.00810203555344947,5
2500,subset_accuracy_drop,153,0.6823426961898804,0.005425163498738975,0.6937383770942688,0.008188670732462664,5
2500,subset_accuracy_drop,154,0.6822738766670227,0.005354018110314328,0.6939226269721985,0.008448670202950297,5
2500,subset_accuracy_drop,155,0.6821444988250732,0.005690078565884335,0.6939210295677185,0.008340793158308211,5
2500,subset_accuracy_drop,156,0.6820555806159974,0.005575013305828012,0.6940432071685791,0.008449759446772067,5
2500,subset_accuracy_drop,157,0.6818942904472352,0.005601928158454357,0.6941239833831787,0.008571296029782545,5
2500,subset_accuracy_drop,158,0.6817687273025512,0.0058449211541399355,0.6941657185554504,0.008543259366752614,5
2500,subset_accuracy_drop,159,0.6817225575447082,0.005710971780061478,0.6943363785743714,0.008679087116489516,5
2500,subset_accuracy_drop,160,0.681542432308197,0.00581451113427678,0.694416344165802,0.00878040937745036,5
2500,subset_accuracy_drop,161,0.6814102411270142,0.005973220179524523,0.694430148601532,0.008718152620984503,5
2500,subset_accuracy_drop,162,0.6813610196113586,0.005841698914790463,0.6945813655853271,0.00883075457151614,5
2500,subset_accuracy_drop,163,0.6811854004859924,0.0060155204020637685,0.6946256518363952,0.008841129965475899,5
2500,subset_accuracy_drop,164,0.6810909867286682,0.006028423506006563,0.6947209477424622,0.00888188548898304,5
2500,subset_accuracy_drop,165,0.6810073137283326,0.006022795658363973,0.6949046015739441,0.00901612131815957,5
2500,subset_accuracy_drop,166,0.6807844400405884,0.00617734503168695,0.6948905825614929,0.008916485018908564,5
2500,subset_accuracy_drop,167,0.6807198882102966,0.006118765631028205,0.69502934217453,0.009097607876522742,5
2500,subset_accuracy_drop,168,0.6806194901466369,0.006198559890086741,0.6952493190765381,0.009099228124716446,5
2500,subset_accuracy_drop,169,0.6804758191108704,0.00633030096560872,0.6951732039451599,0.009121327412275951,5
2500,subset_accuracy_drop,170,0.6803605318069458,0.0062414990862066895,0.6954574346542358,0.009316669084352488,5
2500,subset_accuracy_drop,171,0.6801722168922424,0.006331870089687906,0.6954639196395874,0.009232347185772947,5
2500,subset_accuracy_drop,172,0.6800691723823548,0.006389500317624459,0.6955230355262756,0.00931400495620677,5
2500,subset_accuracy_drop,173,0.6800056099891663,0.006417926999540388,0.6958993792533874,0.009422445760433303,5
2500,subset_accuracy_drop,174,0.6798385620117188,0.006507719317228839,0.6957491993904114,0.00943964622893286,5
2500,subset_accuracy_drop,175,0.6796843767166137,0.006563772992513269,0.6960250616073609,0.009576525090065076,5
2500,subset_accuracy_drop,176,0.6795856595039368,0.0065339391314915935,0.6961091756820679,0.009609288955320601,5
2500,subset_accuracy_drop,177,0.6794198036193848,0.0065806164123165005,0.6961087942123413,0.009663860727815268,5
2500,subset_accuracy_drop,178,0.6793394923210144,0.006554015085488964,0.6964382410049439,0.009875689749554705,5
2500,subset_accuracy_drop,179,0.679215157032013,0.006628720616845372,0.6963476300239563,0.009875919881994839,5
2500,subset_accuracy_drop,180,0.6790543556213379,0.006725405559674333,0.6966155648231507,0.0099846022201088,5
2500,subset_accuracy_drop,181,0.6789713025093078,0.00670796531017607,0.6966225147247315,0.009922149733675072,5
2500,subset_accuracy_drop,182,0.678809928894043,0.006690282426820923,0.6967855453491211,0.010048176109925639,5
2500,subset_accuracy_drop,183,0.6786289811134338,0.006750393586994698,0.6968607783317566,0.010060841714724435,5
2500,subset_accuracy_drop,184,0.6784877777099609,0.0067602232793134015,0.6969052433967591,0.010092757245392542,5
2500,subset_accuracy_drop,185,0.6784324169158935,0.006792442824018921,0.6972972750663757,0.010393011174789555,5
2500,subset_accuracy_drop,186,0.6783353924751282,0.006826651057302222,0.6972051143646241,0.01014341710733765,5
2500,subset_accuracy_drop,187,0.6781835675239563,0.006787096260141768,0.697460412979126,0.010371025988623274,5
2500,subset_accuracy_drop,188,0.6780236482620239,0.00688264281558714,0.6974760055541992,0.010282103606767096,5
2500,subset_accuracy_drop,189,0.6779216527938843,0.006808203537506428,0.6974533796310425,0.01040013181816057,5
2500,subset_accuracy_drop,190,0.6777675151824951,0.00673275508453659,0.6977043151855469,0.010646688077843108,5
2500,subset_accuracy_drop,191,0.6775800704956054,0.0067733717274911604,0.6977733731269836,0.010479471046091926,5
2500,subset_accuracy_drop,192,0.6775136351585388,0.006860235666660637,0.6978264808654785,0.01049599201043509,5
2500,subset_accuracy_drop,193,0.6774061322212219,0.006972815243733333,0.6980437755584716,0.010564172814640753,5
2500,subset_accuracy_drop,194,0.6772212743759155,0.006917950985164456,0.6982306122779847,0.010633056418690041,5
2500,subset_accuracy_drop,195,0.6771068096160888,0.006911079388652697,0.6981696963310242,0.01066586362153489,5
2500,subset_accuracy_drop,196,0.6768849611282348,0.006823091209474828,0.6985095858573913,0.010769541314625741,5
2500,subset_accuracy_drop,197,0.6767359614372254,0.006822762951754856,0.6985607147216797,0.010888182486101398,5
2500,subset_accuracy_drop,198,0.6766270518302917,0.0069173019797722935,0.6986520648002624,0.010918810185615104,5
2500,subset_accuracy_drop,199,0.6765678644180297,0.006807604573710722,0.6990777850151062,0.01096531987236389,5
2500,subset_accuracy_drop,200,0.6765188813209534,0.006835602539264824,0.6989732623100281,0.010865451273746614,5
2500,subset_accuracy_drop,201,0.6762856721878052,0.006925760550416598,0.6992948770523071,0.010996773433083258,5
2500,subset_accuracy_drop,202,0.6760902762413025,0.006888334448784996,0.6993059396743775,0.01085517625326564,5
2500,subset_accuracy_drop,203,0.6760093569755554,0.00688310305620384,0.6995066404342651,0.010979111090873562,5
2500,subset_accuracy_drop,204,0.6758955240249633,0.006935998458878622,0.6998559236526489,0.011086872480572166,5
2500,subset_accuracy_drop,205,0.6757408022880554,0.006938543881570239,0.6998118877410888,0.011014053028379961,5
2500,subset_accuracy_drop,206,0.6757008671760559,0.006981120274509483,0.7002636075019837,0.011204291260327617,5
2500,subset_accuracy_drop,207,0.6756124258041382,0.007085365981855382,0.7002378940582276,0.011011354690202434,5
2500,subset_accuracy_drop,208,0.6754138588905334,0.006984148529364281,0.7003852725028992,0.011238554074191446,5
2500,subset_accuracy_drop,209,0.6754086732864379,0.007159033509726815,0.700607419013977,0.011326128722939742,5
2500,subset_accuracy_drop,210,0.6753143310546875,0.007128959965068029,0.7006519794464111,0.011288281035400086,5
2500,subset_accuracy_drop,211,0.6752639651298523,0.007053241258415315,0.7008788466453553,0.011639783746181086,5
2500,subset_accuracy_drop,212,0.6750231742858886,0.0070672052282334955,0.7008403301239013,0.011205783240004541,5
2500,subset_accuracy_drop,213,0.6747952222824096,0.007075935511800436,0.700788164138794,0.011403077317262367,5
2500,subset_accuracy_drop,214,0.6748376250267029,0.007163286880836571,0.7009490132331848,0.011482325954761965,5
2500,subset_accuracy_drop,215,0.6748034954071045,0.007194880998357491,0.7010870933532715,0.01113226980828373,5
2500,subset_accuracy_drop,216,0.6746313095092773,0.007155033895464727,0.7010712146759033,0.011441176514681553,5
2500,subset_accuracy_drop,217,0.6743911623954773,0.0071133662042152926,0.7011319637298584,0.011377619083408567,5
2500,subset_accuracy_drop,218,0.6743142127990722,0.007142379138342618,0.7012275457382202,0.01131896882400002,5
2500,subset_accuracy_drop,219,0.6743303894996643,0.007168617936017808,0.7015669941902161,0.01178951187797005,5
2500,subset_accuracy_drop,220,0.6742252230644226,0.007183044320139534,0.7018198490142822,0.011686134985779495,5
2500,subset_accuracy_drop,221,0.6740129709243774,0.007232598868159115,0.7018008470535279,0.011957597182781764,5
2500,subset_accuracy_drop,222,0.6738393783569336,0.007185148689694929,0.7020453095436097,0.01214378742286459,5
2500,subset_accuracy_drop,223,0.6738977551460266,0.0071134584508,0.7021525621414184,0.012093522959908022,5
2500,subset_accuracy_drop,224,0.6739212036132812,0.007270193286485651,0.7024635434150696,0.012332506368224375,5
2500,subset_accuracy_drop,225,0.6736164212226867,0.007275964555550306,0.7023197770118713,0.011862138694273145,5
2500,subset_accuracy_drop,226,0.673537528514862,0.007051984713817064,0.7022598266601563,0.01203437890793817,5
2500,subset_accuracy_drop,227,0.6734729409217834,0.007011850430956022,0.7025052070617676,0.012137478044947515,5
2500,subset_accuracy_drop,228,0.6732730746269227,0.00720197980428182,0.7023881554603577,0.011771059941306448,5
2500,subset_accuracy_drop,229,0.6731781363487244,0.007225283975569905,0.7025502324104309,0.011963514973998949,5
2500,subset_accuracy_drop,230,0.6731292128562927,0.007097292832390474,0.7027550935745239,0.012021784820941964,5
2500,subset_accuracy_drop,231,0.6730295181274414,0.007167672139556656,0.7028032064437866,0.01202133670499257,5
2500,subset_accuracy_drop,232,0.6728632926940918,0.007346018857959811,0.702929961681366,0.012050668699656352,5
2500,subset_accuracy_drop,233,0.6728082418441772,0.007258632768861975,0.7030272006988525,0.011985590862801102,5
2500,subset_accuracy_drop,234,0.6727339863777161,0.007078186545917044,0.7031872153282166,0.012324436766078282,5
2500,subset_accuracy_drop,235,0.6725385189056396,0.007242550341887255,0.7031562209129334,0.012113979466416047,5
2500,subset_accuracy_drop,236,0.6725658297538757,0.007336034206160459,0.7035763025283813,0.012302559553972676,5
2500,subset_accuracy_drop,237,0.6725433111190796,0.0072256190438311175,0.7034000635147095,0.012192030135180696,5
2500,subset_accuracy_drop,238,0.6723313212394715,0.0073045158948930175,0.7037687659263611,0.012443730437517727,5
2500,subset_accuracy_drop,239,0.6722063183784485,0.0073620341422280106,0.7036951065063477,0.012359749948744399,5
2500,subset_accuracy_drop,240,0.6724320173263549,0.0075827113067926406,0.7040193557739258,0.012582257742708073,5
2500,subset_accuracy_drop,241,0.6724374532699585,0.007937606955632741,0.7044351458549499,0.012543164109778644,5
2500,subset_accuracy_drop,242,0.6723951458930969,0.007941475891990579,0.7041074275970459,0.012489926680043275,5
2500,subset_accuracy_drop,243,0.6719679713249207,0.007313689569943045,0.7040253639221191,0.01262976805887956,5
2500,subset_accuracy_drop,244,0.6721585988998413,0.007846267294380484,0.7044595718383789,0.012355314205845512,5
2500,subset_accuracy_drop,245,0.6722321391105652,0.007920080876207112,0.7043495416641236,0.012830572868858497,5
2500,subset_accuracy_drop,246,0.6717348575592041,0.007430090356694854,0.7040970206260682,0.01255719255324939,5
2500,subset_accuracy_drop,247,0.6720793128013611,0.008053474715941264,0.7049026489257812,0.012830169780811156,5
2500,subset_accuracy_drop,248,0.6713946342468262,0.007435114175084423,0.7040031671524047,0.012754737034819,5
2500,subset_accuracy_drop,249,0.6716520428657532,0.007845773944555604,0.7043125629425049,0.012779139522030605,5
2500,subset_accuracy_drop,250,0.6713894605636597,0.007512956983998868,0.7042314887046814,0.012681658835588616,5
2500,subset_accuracy_drop,251,0.6715068697929383,0.007571833212542474,0.7048974990844726,0.01270522043652229,5
2500,subset_accuracy_drop,252,0.6712465286254883,0.007590472931534127,0.7042384505271911,0.012836241655382719,5
2500,subset_accuracy_drop,253,0.6710967659950257,0.0076535036545291035,0.7044768333435059,0.012961258787272726,5
2500,subset_accuracy_drop,254,0.6711736917495728,0.007527709269314258,0.7047984838485718,0.012598172508637852,5
2500,subset_accuracy_drop,255,0.6710994601249695,0.007504464532081082,0.7049966096878052,0.013092977349963984,5
2500,subset_accuracy_drop,256,0.6709343552589416,0.007690714657527023,0.7047075152397155,0.012913550559537785,5
2500,subset_accuracy_drop,257,0.6708243489265442,0.007487399869551772,0.7051493883132934,0.013379880879430987,5
2500,subset_accuracy_drop,258,0.670892596244812,0.007500286755006196,0.7051929235458374,0.013207073695397099,5
2500,subset_accuracy_drop,259,0.6705091953277588,0.007529363947821699,0.7050988674163818,0.01296836043374456,5
2500,subset_accuracy_drop,260,0.6706143736839294,0.007647439695563839,0.7052440404891968,0.013247970120941822,5
2500,subset_accuracy_drop,261,0.6704692721366883,0.007488993312131096,0.7049877047538757,0.012964470892359529,5
2500,subset_accuracy_drop,262,0.6705442428588867,0.007673624505739821,0.7058370590209961,0.013140811575725801,5
2500,subset_accuracy_drop,263,0.6702701091766358,0.007475134512783223,0.7051192641258239,0.012912294304607322,5
2500,subset_accuracy_drop,264,0.6703054428100585,0.007638435013164286,0.7055275797843933,0.013154771521289636,5
2500,subset_accuracy_drop,265,0.6700672745704651,0.007455837999046725,0.7055335164070129,0.012788083216223461,5
2500,subset_accuracy_drop,266,0.6699448943138122,0.007551701707420336,0.7056138038635253,0.013050984499921916,5
2500,subset_accuracy_drop,267,0.6698670506477356,0.00751584470702158,0.7058367133140564,0.013198059711566507,5
2500,subset_accuracy_drop,268,0.6699224352836609,0.007417579328773272,0.7059913039207458,0.012925124814068349,5
2500,subset_accuracy_drop,269,0.6697617530822754,0.007495324576550016,0.7062729835510254,0.013347963537170745,5
2500,subset_accuracy_drop,270,0.6696056485176086,0.007470552776889131,0.7059944987297058,0.01299155492855719,5
2500,subset_accuracy_drop,271,0.6696368217468261,0.00742774225181695,0.7063988208770752,0.012897493049675258,5
2500,subset_accuracy_drop,272,0.6695451855659484,0.007501346243670779,0.7063120841979981,0.012776962621105736,5
2500,subset_accuracy_drop,273,0.6693888306617737,0.007583986086699112,0.7063899636268616,0.012887296639907266,5
2500,subset_accuracy_drop,274,0.6693971037864686,0.007511543354114862,0.7069029450416565,0.012917104109510906,5
2500,subset_accuracy_drop,275,0.6692472457885742,0.007486081497659538,0.7065027117729187,0.0130917822476276,5
2500,subset_accuracy_drop,276,0.6690963864326477,0.007380807307076424,0.7067386865615845,0.01326525143780386,5
2500,subset_accuracy_drop,277,0.6690924882888794,0.007366116596123797,0.7069397211074829,0.013079636861554014,5
2500,subset_accuracy_drop,278,0.6690317392349243,0.00746161234120591,0.706676983833313,0.013119832719897051,5
2500,subset_accuracy_drop,279,0.6690377831459046,0.007445092185503249,0.7071756243705749,0.01309161211239694,5
2500,subset_accuracy_drop,280,0.6689459204673767,0.007386054909593682,0.7067807197570801,0.01286350529914614,5
2500,subset_accuracy_drop,281,0.6690223693847657,0.007354869248151072,0.7072118401527405,0.01333298149799706,5
2500,subset_accuracy_drop,282,0.668897271156311,0.007250897716183577,0.7070357799530029,0.013147061690813616,5
2500,subset_accuracy_drop,283,0.6687036871910095,0.007349608468161871,0.7073385834693908,0.0135111133164748,5
2500,subset_accuracy_drop,284,0.668664526939392,0.007511623658669379,0.7072963833808898,0.01322099591490026,5
2500,subset_accuracy_drop,285,0.6686036229133606,0.007212599940122624,0.7074058175086975,0.01327921776531326,5
2500,subset_accuracy_drop,286,0.6684602499008179,0.007332870381504272,0.7076399207115174,0.013483561769773536,5
2500,subset_accuracy_drop,287,0.668550443649292,0.007384070002397081,0.7074062585830688,0.013053855991813515,5
2500,subset_accuracy_drop,288,0.6683848857879638,0.007269972490779994,0.7078410029411316,0.013243704777675079,5
2500,subset_accuracy_drop,289,0.6681837320327759,0.007392590730721735,0.7076342821121215,0.013095102147914263,5
2500,subset_accuracy_drop,290,0.6681419610977173,0.00731867361550928,0.707629132270813,0.013271795962410295,5
2500,subset_accuracy_drop,291,0.6680388212203979,0.007300156055755044,0.7080360054969788,0.013429388356860888,5
2500,subset_accuracy_drop,292,0.6680176615715027,0.00731257199600756,0.7079265594482422,0.013253445991964293,5
2500,subset_accuracy_drop,293,0.667988634109497,0.007296772392506723,0.7081815719604492,0.013498968938403457,5
2500,subset_accuracy_drop,294,0.6678008198738098,0.007395375512308137,0.7081227660179138,0.013072672907406987,5
2500,subset_accuracy_drop,295,0.6678000926971436,0.007208679177534204,0.7082166910171509,0.013482848246827642,5
2500,subset_accuracy_drop,296,0.6678281307220459,0.00723078616065835,0.7081163406372071,0.012821288864148923,5
2500,subset_accuracy_drop,297,0.6676676630973816,0.007202292466921154,0.7082138061523438,0.013119031872264689,5
2500,subset_accuracy_drop,298,0.6674910187721252,0.007190171550286776,0.7082605123519897,0.01300393799647756,5
2500,subset_accuracy_drop,299,0.6674891710281372,0.007288791853622149,0.7085137605667114,0.013170659603895709,5
2500,subset_accuracy_drop,300,0.6674285054206848,0.0071933969127863095,0.7086446762084961,0.01341926234384641,5
2500,subset_accuracy_drop,301,0.6675122380256653,0.007263822709348711,0.7089537978172302,0.01294172013154997,5
2500,subset_accuracy_drop,302,0.6675363063812256,0.0074434555444088685,0.7091742873191833,0.013628867137950472,5
2500,subset_accuracy_drop,303,0.6674734950065613,0.007471414846252966,0.7089901328086853,0.012758062576830447,5
2500,subset_accuracy_drop,304,0.6671624422073364,0.0072065385289528,0.7091349363327026,0.013504193748957422,5
2500,subset_accuracy_drop,305,0.667012894153595,0.007171089999229167,0.7087181210517883,0.013291328328943692,5
2500,subset_accuracy_drop,306,0.6672518849372864,0.00745348031407766,0.7090765595436096,0.012478946737162199,5
2500,subset_accuracy_drop,307,0.6671638011932373,0.00730010950325309,0.7091992259025574,0.013410205049737242,5
2500,subset_accuracy_drop,308,0.666821014881134,0.0071569771837848295,0.7087741255760193,0.012941878464237154,5
2500,subset_accuracy_drop,309,0.6667839527130127,0.007199853659922094,0.7091618537902832,0.013114433146562144,5
2500,subset_accuracy_drop,310,0.6668268084526062,0.00716031188543056,0.7093223094940185,0.013473470922129398,5
2500,subset_accuracy_drop,311,0.6667178392410278,0.007182075959280685,0.7088858842849731,0.012884377575861347,5
2500,subset_accuracy_drop,312,0.6665651798248291,0.007110324183934848,0.7092527747154236,0.01310192227629481,5
2500,subset_accuracy_drop,313,0.6665232658386231,0.007141981161874211,0.7091893672943115,0.012998758502122093,5
2500,subset_accuracy_drop,314,0.6664701104164124,0.007078529796380933,0.7090918898582459,0.012789364989993819,5
2500,subset_accuracy_drop,315,0.6664451360702515,0.007033081021709117,0.709878122806549,0.013181142683508932,5
2500,subset_accuracy_drop,316,0.6665004968643189,0.0070618952329771795,0.7093397498130798,0.013067212273393752,5
2500,subset_accuracy_drop,317,0.66634761095047,0.007055109019629635,0.7100856184959412,0.012812226620779684,5
2500,subset_accuracy_drop,318,0.6662148356437683,0.006978702842330916,0.7099547386169434,0.013151091141795286,5
2500,subset_accuracy_drop,319,0.6661707162857056,0.0070455180820924845,0.7096275687217712,0.012850636736073362,5
2500,subset_accuracy_drop,320,0.666135561466217,0.00708077176217951,0.7102724075317383,0.012749059508401163,5
2500,subset_accuracy_drop,321,0.6660415887832641,0.006976003135250285,0.7098902583122253,0.012829505935437698,5
2500,subset_accuracy_drop,322,0.6660110473632812,0.007009767536322259,0.7098312377929688,0.012444389104757834,5
2500,subset_accuracy_drop,323,0.6659913539886475,0.0069684902167270624,0.7103366732597352,0.012647888560566173,5
2500,subset_accuracy_drop,324,0.6657868981361389,0.007029766465279529,0.7098841190338134,0.012477173725835386,5
2500,subset_accuracy_drop,325,0.6656599044799805,0.006928417580222706,0.7105130076408386,0.012514335425760937,5
2500,subset_accuracy_drop,326,0.6657028198242188,0.006813348228806079,0.7105483531951904,0.012809599617803133,5
2500,subset_accuracy_drop,327,0.6656109809875488,0.0068759659579087475,0.7107143759727478,0.01261827256898783,5
2500,subset_accuracy_drop,328,0.665459406375885,0.006870579773853493,0.7105141162872315,0.012747486848015884,5
2500,subset_accuracy_drop,329,0.6654109358787537,0.006930936487536514,0.7103559017181397,0.012564038892387486,5
2500,subset_accuracy_drop,330,0.6653597354888916,0.006928024499584804,0.710653817653656,0.01252692159313659,5
2500,subset_accuracy_drop,331,0.6654246687889099,0.0069007875778001335,0.7105423212051392,0.012675612972665083,5
2500,subset_accuracy_drop,332,0.66545569896698,0.006943316718989883,0.7114261746406555,0.012551949867803848,5
2500,subset_accuracy_drop,333,0.6654685854911804,0.007096862366289426,0.7111647844314575,0.013107779002280186,5
2500,subset_accuracy_drop,334,0.665717601776123,0.007515101870808649,0.7119193434715271,0.01218567334080498,5
2500,subset_accuracy_drop,335,0.6653538942337036,0.007088556321113105,0.7114038109779358,0.013026539895107096,5
2500,subset_accuracy_drop,336,0.665119206905365,0.006789468976609074,0.711243462562561,0.012930176911817451,5
2500,subset_accuracy_drop,337,0.6653456091880798,0.006743116655594326,0.7119373679161072,0.012361074258492,5
2500,subset_accuracy_drop,338,0.6653534770011902,0.006845461169603898,0.7114192724227906,0.013010743459621481,5
2500,subset_accuracy_drop,339,0.6649412870407104,0.00678271783074045,0.7112088322639465,0.01259518505007592,5
2500,subset_accuracy_drop,340,0.6650160193443299,0.006699308243315616,0.7118011713027954,0.01321534762151026,5
2500,subset_accuracy_drop,341,0.6649638295173645,0.006859140235164633,0.711109721660614,0.013061309229076144,5
2500,subset_accuracy_drop,342,0.6648443937301636,0.006616850382711888,0.7116121411323547,0.012761583886081179,5
2500,subset_accuracy_drop,343,0.6648316264152527,0.006597074356684539,0.7116759419441223,0.013055118580281109,5
2500,subset_accuracy_drop,344,0.6647576928138733,0.00698461771391476,0.7110625386238099,0.012732040294452544,5
2500,subset_accuracy_drop,345,0.664786183834076,0.006772007305551829,0.7118753433227539,0.012698661226169276,5
2500,subset_accuracy_drop,346,0.6647207856178283,0.006773643070520839,0.7114569306373596,0.012508183824885504,5
2500,subset_accuracy_drop,347,0.6645309567451477,0.00679780964524746,0.7115911960601806,0.012704179002878277,5
2500,subset_accuracy_drop,348,0.664450752735138,0.0066850385504481575,0.7118070244789123,0.012648767266247318,5
2500,subset_accuracy_drop,349,0.6644004583358765,0.006667082610448534,0.7115341305732727,0.012368299783270606,5
2500,subset_accuracy_drop,350,0.6644556522369385,0.00666079371602724,0.7121395945549012,0.012986454046232727,5
2500,subset_accuracy_drop,351,0.6643255591392517,0.006815557913012559,0.7117114186286926,0.012308624648132642,5
2500,subset_accuracy_drop,352,0.6641712784767151,0.006682324903491162,0.7120242238044738,0.0126587834856411,5
2500,subset_accuracy_drop,353,0.6641668677330017,0.006678468704538415,0.7119449496269226,0.012547376570644789,5
2500,subset_accuracy_drop,354,0.664182984828949,0.006677868727589668,0.711976683139801,0.01202559407373761,5
2500,subset_accuracy_drop,355,0.6641149282455444,0.006606458089371,0.7125948667526245,0.012596635370425185,5
2500,subset_accuracy_drop,356,0.6640034794807435,0.006589656929557435,0.712071704864502,0.012355647141026332,5
2500,subset_accuracy_drop,357,0.6639096021652222,0.00677812568308969,0.7125710248947144,0.012058711923485822,5
2500,subset_accuracy_drop,358,0.6639157652854919,0.006620089175019337,0.7126293659210206,0.012565045656137204,5
2500,subset_accuracy_drop,359,0.6642059326171875,0.006320157020835829,0.7123451709747315,0.012091163176828679,5
2500,subset_accuracy_drop,360,0.6640326738357544,0.006371199241089597,0.7131103873252869,0.012215303647091568,5
2500,subset_accuracy_drop,361,0.6638556241989135,0.006514882335227047,0.7123361229896545,0.012472920579660528,5
2500,subset_accuracy_drop,362,0.6638120412826538,0.006798622890097078,0.7127838730812073,0.011902137250566457,5
2500,subset_accuracy_drop,363,0.6637367486953736,0.006588373232953123,0.7129938125610351,0.012778480284251844,5
2500,subset_accuracy_drop,364,0.6636569857597351,0.006553236201626165,0.7125223278999329,0.012311566726928132,5
2500,subset_accuracy_drop,365,0.6635274052619934,0.006693268026338102,0.7128839135169983,0.012542887643413315,5
2500,subset_accuracy_drop,366,0.6636287569999695,0.006835578738061963,0.7129666566848755,0.012583372090148265,5
2500,subset_accuracy_drop,367,0.6637770533561707,0.0069141848175699825,0.7129598259925842,0.012056761173967886,5
2500,subset_accuracy_drop,368,0.6635260105133056,0.006644154699296816,0.7133039712905884,0.012809064438408718,5
2500,subset_accuracy_drop,369,0.6634207248687745,0.00651371164741231,0.7126650452613831,0.012328937840451337,5
2500,subset_accuracy_drop,370,0.6632742762565613,0.006557794406067207,0.7130892515182495,0.012386848283324259,5
2500,subset_accuracy_drop,371,0.6632504105567932,0.006612389841227454,0.7128932237625122,0.012487578650363164,5
2500,subset_accuracy_drop,372,0.6633174061775208,0.00665189402804977,0.7130603790283203,0.011747642972916502,5
2500,subset_accuracy_drop,373,0.6632002234458924,0.006571101981558751,0.7131861686706543,0.012405718483928664,5
2500,subset_accuracy_drop,374,0.663064157962799,0.006455423045627514,0.7131100177764893,0.012183087502232997,5
2500,subset_accuracy_drop,375,0.6630196213722229,0.006508247375315251,0.7133382201194763,0.012005338403620773,5
2500,subset_accuracy_drop,376,0.6630337953567504,0.006523717173397485,0.7135047435760498,0.012189138555973275,5
2500,subset_accuracy_drop,377,0.6630682468414306,0.0066096771636514106,0.7135000824928284,0.011632107170499747,5
2500,subset_accuracy_drop,378,0.6629625678062439,0.006557728896126178,0.7134106874465942,0.012169589331636095,5
2500,subset_accuracy_drop,379,0.6628450274467468,0.0064687451993536,0.7134554147720337,0.012091066957279436,5
2500,subset_accuracy_drop,380,0.6628447890281677,0.006470468935888931,0.7136875987052917,0.012257791235721108,5
2500,subset_accuracy_drop,381,0.6629577875137329,0.006622177667598631,0.7135060906410218,0.012286722128851593,5
2500,subset_accuracy_drop,382,0.6631478309631348,0.007092888901001587,0.7140720248222351,0.012160189440844793,5
2500,subset_accuracy_drop,383,0.6629831552505493,0.006914841368630222,0.7139979839324951,0.012274583586032254,5
2500,subset_accuracy_drop,384,0.662744152545929,0.006664069907659359,0.7136936545372009,0.012089224746713227,5
2500,subset_accuracy_drop,385,0.6626084089279175,0.00642228282726119,0.7138068079948425,0.011948157101028086,5
2500,subset_accuracy_drop,386,0.6626027464866638,0.006485256988919736,0.7139214634895324,0.012199741709402735,5
2500,subset_accuracy_drop,387,0.6628288149833679,0.006702838577576671,0.7142715334892273,0.011601581805986213,5
2500,subset_accuracy_drop,388,0.6627426624298096,0.0066395369500978005,0.7141690015792846,0.012197155771053689,5
2500,subset_accuracy_drop,389,0.662880277633667,0.006645836713988978,0.7147135853767395,0.011429265554464187,5
2500,subset_accuracy_drop,390,0.6626891493797302,0.0066310303607543435,0.7139069199562073,0.0120813503253107,5
2500,subset_accuracy_drop,391,0.6625576734542846,0.0064440917674992585,0.7144438028335571,0.011991882191100305,5
2500,subset_accuracy_drop,392,0.6624581694602967,0.0063202284825600455,0.713845682144165,0.011803509193433325,5
2500,subset_accuracy_drop,393,0.6624236702919006,0.006538132828494719,0.7138118863105773,0.012303651322493014,5
2500,subset_accuracy_drop,394,0.66261066198349,0.006651396922569544,0.714552354812622,0.011579794867044338,5
2500,subset_accuracy_drop,395,0.6624157905578614,0.006234249583451468,0.7138734340667725,0.012557760782036066,5
2500,subset_accuracy_drop,396,0.6622750401496887,0.006420001736015859,0.7142179369926452,0.012529793892674541,5
2500,subset_accuracy_drop,397,0.6625514268875122,0.006720936180317237,0.7146182537078858,0.011449303407468898,5
2500,subset_accuracy_drop,398,0.662360143661499,0.006400700127638775,0.7142306447029114,0.012289602487248105,5
2500,subset_accuracy_drop,399,0.6620654702186585,0.006444274082335831,0.7142051577568054,0.01202943404761637,5
2500,subset_accuracy_drop,400,0.6622290015220642,0.006296236636580429,0.7149422526359558,0.012147617924215919,5
2500,subset_accuracy_drop,401,0.6621578574180603,0.006495832135244664,0.7146661639213562,0.012252889122835118,5
2500,subset_accuracy_drop,402,0.6621022582054138,0.006394693261751763,0.7144692063331604,0.011812416223242648,5
2500,subset_accuracy_drop,403,0.6620544195175171,0.006276148197449754,0.7150370121002197,0.01212484056492939,5
2500,subset_accuracy_drop,404,0.6620681405067443,0.00636486426294073,0.7141824126243591,0.011993949477027954,5
2500,subset_accuracy_drop,405,0.6622815251350402,0.006273969508350267,0.7155620217323303,0.012019975302652055,5
2500,subset_accuracy_drop,406,0.6621770143508912,0.006077782575398957,0.7146024107933044,0.012027588023913394,5
2500,subset_accuracy_drop,407,0.662212872505188,0.005943601027156004,0.7152370810508728,0.012043898201624718,5
2500,subset_accuracy_drop,408,0.6623305797576904,0.006023204884303558,0.7150969624519348,0.011676133946230441,5
2500,subset_accuracy_drop,409,0.6619647979736328,0.006410241444945124,0.7147833228111267,0.011950666927865403,5
2500,subset_accuracy_drop,410,0.6619423985481262,0.006571959791773528,0.7149369239807128,0.012213877529216514,5
2500,subset_accuracy_drop,411,0.6619692444801331,0.00612950449033975,0.7146199107170105,0.01145293508833059,5
2500,subset_accuracy_drop,412,0.6619188666343689,0.0062609690304768345,0.7147064566612243,0.011787242816179218,5
2500,subset_accuracy_drop,413,0.661818778514862,0.006652053922955265,0.7148084282875061,0.011570970563190472,5
2500,subset_accuracy_drop,414,0.6616711497306824,0.006386022935813981,0.7145662546157837,0.011836406040402538,5
2500,subset_accuracy_drop,415,0.6615593671798706,0.006239502994885691,0.7148816227912903,0.011683430899966759,5
2500,subset_accuracy_drop,416,0.6618580937385559,0.006700065290117254,0.7150296807289124,0.011555857413632341,5
2500,subset_accuracy_drop,417,0.6616386413574219,0.006659755153331453,0.7150415301322937,0.011807847141685304,5
2500,subset_accuracy_drop,418,0.6613764762878418,0.006305823996952021,0.7151925802230835,0.01172950933306044,5
2500,subset_accuracy_drop,419,0.661514687538147,0.006537070977837749,0.7152417421340942,0.011390828344426947,5
2500,subset_accuracy_drop,420,0.6615336537361145,0.006602456407220857,0.7153730869293213,0.011774793791889839,5
2500,subset_accuracy_drop,421,0.6613934278488159,0.006427411563069968,0.7154738903045654,0.01122606124346061,5
2500,subset_accuracy_drop,422,0.6613463282585144,0.006425598968377758,0.7155003666877746,0.01182870956299105,5
2500,subset_accuracy_drop,423,0.6613701462745667,0.006560194118790898,0.7156150817871094,0.011411485893030275,5
2500,subset_accuracy_drop,424,0.6612257838249207,0.006401626690536278,0.7157609701156616,0.011773378918972493,5
2500,subset_accuracy_drop,425,0.6611944317817688,0.0063016508335338025,0.7153188347816467,0.011608143825561863,5
2500,subset_accuracy_drop,426,0.6612598180770874,0.006401713568490382,0.7161704659461975,0.011554775565237251,5
2500,subset_accuracy_drop,427,0.6612653136253357,0.006408343117206159,0.7152923107147217,0.011760476420758044,5
2500,subset_accuracy_drop,428,0.661320161819458,0.006504306194429237,0.7163921236991883,0.01129458380593895,5
2500,subset_accuracy_drop,429,0.6612304091453552,0.006277321176638258,0.715360701084137,0.011628969446825042,5
2500,subset_accuracy_drop,430,0.6611609339714051,0.006284976047056398,0.7165168642997741,0.01163964925644004,5
2500,subset_accuracy_drop,431,0.6611403822898865,0.0061988980298537675,0.7158605694770813,0.01177474692617176,5
2500,subset_accuracy_drop,432,0.6609931230545044,0.006228313909038771,0.7160617589950562,0.01179422564179231,5
2500,subset_accuracy_drop,433,0.6609720230102539,0.006285607392093495,0.7164304375648498,0.011787554614565099,5
2500,subset_accuracy_drop,434,0.6609083890914917,0.006313916691315611,0.715925395488739,0.011643597879816716,5
2500,subset_accuracy_drop,435,0.6608439207077026,0.0062826033662114695,0.716414749622345,0.011721157695742454,5
2500,subset_accuracy_drop,436,0.6608390092849732,0.006242210043892798,0.7163214325904846,0.011559484240272,5
2500,subset_accuracy_drop,437,0.6608855366706848,0.006382154971189146,0.7162569999694824,0.011733194446270929,5
2500,subset_accuracy_drop,438,0.6609740138053894,0.006492924846041422,0.7169068217277527,0.010989453300412079,5
2500,subset_accuracy_drop,439,0.6608760356903076,0.006441428285973627,0.7164578318595887,0.011802265913078836,5
2500,subset_accuracy_drop,440,0.6607963442802429,0.006404294648776812,0.7170162796974182,0.011014880471956702,5
2500,subset_accuracy_drop,441,0.6607288718223572,0.0062758534932100506,0.7163474202156067,0.01151028672568274,5
2500,subset_accuracy_drop,442,0.660657012462616,0.0062247880406092046,0.7169253587722778,0.011187909696557086,5
2500,subset_accuracy_drop,443,0.6606393933296204,0.006291597917395128,0.7164911508560181,0.01087444175743397,5
2500,subset_accuracy_drop,444,0.6605965733528137,0.006279645733056679,0.7165189027786255,0.011264667179428155,5
2500,subset_accuracy_drop,445,0.6605990886688232,0.006302159834387042,0.7168077826499939,0.010898699417669147,5
2500,subset_accuracy_drop,446,0.6605939269065857,0.00626302388355956,0.7162322521209716,0.011310955475143256,5
2500,subset_accuracy_drop,447,0.6606049060821533,0.006348830013892382,0.7167236089706421,0.010819930905940389,5
2500,subset_accuracy_drop,448,0.6605619430541992,0.006273125906408861,0.7160675525665283,0.011421942267553286,5
2500,subset_accuracy_drop,449,0.6604950189590454,0.0062406514739369034,0.7164106011390686,0.010938234714135816,5
2500,subset_accuracy_drop,450,0.660458791255951,0.00611836919090148,0.7164276123046875,0.011480627975721955,5
2500,subset_accuracy_drop,451,0.660609495639801,0.006051442852351348,0.7169468522071838,0.011572231209982454,5
2500,subset_accuracy_drop,452,0.6607203483581543,0.006274589233734054,0.716860318183899,0.01050242838098119,5
2500,subset_accuracy_drop,453,0.6608245253562928,0.0065042875190907965,0.7170829176902771,0.011514222734992051,5
2500,subset_accuracy_drop,454,0.6608167052268982,0.006726993451196477,0.7171901941299439,0.009863623212844402,5
2500,subset_accuracy_drop,455,0.6605034112930298,0.006289245923295408,0.7165799140930176,0.01156675451127358,5
2500,subset_accuracy_drop,456,0.6604305386543274,0.006064606075173814,0.7173481464385987,0.011496003687604566,5
2500,subset_accuracy_drop,457,0.6606986284255981,0.006124951820268123,0.7169059753417969,0.010616571610819898,5
2500,subset_accuracy_drop,458,0.6607360601425171,0.00643675073301739,0.7172565817832947,0.011575163097681593,5
2500,subset_accuracy_drop,459,0.6605003714561463,0.006502888668049139,0.7170987486839294,0.010536314209334794,5
2500,subset_accuracy_drop,460,0.6602617621421814,0.006275901536646765,0.7168827414512634,0.01120075170023649,5
2500,subset_accuracy_drop,461,0.6605109214782715,0.006344754246429396,0.7170948386192322,0.01152235868497292,5
2500,subset_accuracy_drop,462,0.6604745864868165,0.006318392472263203,0.7169830322265625,0.010745832383237116,5
2500,subset_accuracy_drop,463,0.6601196885108948,0.006212204852890504,0.7169119477272033,0.011660326655658084,5
2500,subset_accuracy_drop,464,0.6602477788925171,0.0063208060923613816,0.7170315265655518,0.011768851467318073,5
2500,subset_accuracy_drop,465,0.6604528784751892,0.006235300899697155,0.717001760005951,0.01101397129897586,5
2500,subset_accuracy_drop,466,0.6601416349411011,0.006152412497182835,0.7173653721809388,0.011858110245298986,5
2500,subset_accuracy_drop,467,0.6602503418922424,0.006242367539325737,0.7166627526283265,0.011741127938251501,5
2500,subset_accuracy_drop,468,0.6602372050285339,0.0062855379458081955,0.71699298620224,0.010806839367694106,5
2500,subset_accuracy_drop,469,0.6600498914718628,0.006204688221963814,0.7171712994575501,0.011527549050535296,5
2500,subset_accuracy_drop,470,0.6601656198501586,0.00629741874588219,0.716818380355835,0.01148939504720014,5
2500,subset_accuracy_drop,471,0.6602565884590149,0.006217089845286374,0.7176716804504395,0.011232048893899376,5
2500,subset_accuracy_drop,472,0.6601080894470215,0.006082490460353972,0.7176268100738525,0.011599976375090627,5
2500,subset_accuracy_drop,473,0.6602523684501648,0.006092250522608171,0.717017138004303,0.011594625484315627,5
2500,subset_accuracy_drop,474,0.6601225852966308,0.006290722267336158,0.7179230213165283,0.0109219937216108,5
2500,subset_accuracy_drop,475,0.6598665118217468,0.006188487261183508,0.7170867204666138,0.011247267737145282,5
2500,subset_accuracy_drop,476,0.659980857372284,0.006185254703458311,0.7174557566642761,0.011549215949622601,5
2500,subset_accuracy_drop,477,0.6603168964385986,0.00627213266598755,0.7181446433067322,0.01042146156221634,5
2500,subset_accuracy_drop,478,0.6601446628570556,0.005975454859769058,0.7171919107437134,0.011181482730848598,5
2500,subset_accuracy_drop,479,0.6598441243171692,0.006127866779607014,0.7176542401313781,0.011209176319000324,5
2500,subset_accuracy_drop,480,0.659905481338501,0.006300780369953412,0.7172719240188599,0.010499137025381872,5
2500,subset_accuracy_drop,481,0.6599500179290771,0.0062450749216769064,0.7177118301391602,0.01144890257878375,5
2500,subset_accuracy_drop,482,0.6599205017089844,0.006310315247463307,0.7177720189094543,0.011159130157580336,5
2500,subset_accuracy_drop,483,0.6598416924476623,0.006263468154225603,0.7176107168197632,0.010739918015835553,5
2500,subset_accuracy_drop,484,0.6598650574684143,0.00626973432628749,0.7175560355186462,0.011364884916588491,5
2500,subset_accuracy_drop,485,0.659761118888855,0.006262592671492917,0.7174982547760009,0.010553195669802094,5
2500,subset_accuracy_drop,486,0.659728741645813,0.006246469944960353,0.7180794954299927,0.011212700882046053,5
2500,subset_accuracy_drop,487,0.6597780823707581,0.0062735008164913515,0.7173143982887268,0.010944988699853253,5
2500,subset_accuracy_drop,488,0.659718906879425,0.006240729035358953,0.7181175589561463,0.010497474975042331,5
2500,subset_accuracy_drop,489,0.6596021890640259,0.00617209193112773,0.7178078293800354,0.010898107305017527,5
2500,subset_accuracy_drop,490,0.6597434043884277,0.006315726404536773,0.7172102451324462,0.010398842168449286,5
2500,subset_accuracy_drop,491,0.6597429990768433,0.006367948856231783,0.7184564352035523,0.010804071668556292,5
2500,subset_accuracy_drop,492,0.6596611022949219,0.006228287220593776,0.7173439383506774,0.01082341048549652,5
2500,subset_accuracy_drop,493,0.65953129529953,0.006124801886704028,0.7180708169937133,0.010743878387229431,5
2500,subset_accuracy_drop,494,0.6595687389373779,0.006216376802265966,0.7182504057884216,0.010743825393396293,5
2500,subset_accuracy_drop,495,0.6596408247947693,0.006266074969295402,0.7174022912979126,0.010456936011052903,5
2500,subset_accuracy_drop,496,0.6594726920127869,0.006199702515248512,0.7182485938072205,0.0105265704254421,5
2500,subset_accuracy_drop,497,0.6594543576240539,0.006103099727337534,0.7179147958755493,0.010459692817611548,5
2500,subset_accuracy_drop,498,0.6595561623573303,0.006075949743713359,0.7179880142211914,0.010688152107785311,5
2500,subset_accuracy_drop,499,0.6595688343048096,0.0060798017292312085,0.7184173345565796,0.01069212456533603,5
2500,subset_accuracy_drop,500,0.6594597816467285,0.006182043435062712,0.717793345451355,0.010616992634301419,5
2500,subset_accuracy_drop,501,0.659376859664917,0.006150265628458927,0.7183304309844971,0.010732955129111621,5
2500,subset_accuracy_drop,502,0.6594010710716247,0.0061494187276493195,0.7185213685035705,0.011113897158360383,5
2500,subset_accuracy_drop,503,0.6595214486122132,0.006127186518024144,0.7182013392448425,0.010567806935094256,5
2500,subset_accuracy_drop,504,0.659415602684021,0.006065844519011187,0.7186531901359559,0.010988164167685149,5
2500,subset_accuracy_drop,505,0.6594127535820007,0.0059961414038320025,0.7188363671302795,0.01049498821245336,5
2500,subset_accuracy_drop,506,0.6593952894210815,0.005910518521709521,0.7184467554092407,0.010366064755207311,5
2500,subset_accuracy_drop,507,0.6592554450035095,0.006122462509190827,0.7189401030540467,0.010671719917992062,5
2500,subset_accuracy_drop,508,0.6592630624771119,0.0061027640017518574,0.7185141086578369,0.010426361588285029,5
2500,subset_accuracy_drop,509,0.6591973662376404,0.006086065911157334,0.7185961484909058,0.010477456331902002,5
2500,subset_accuracy_drop,510,0.6592309355735779,0.0060908725096334385,0.7188138842582703,0.010468115230134458,5
2500,subset_accuracy_drop,511,0.6592379212379456,0.006129483419066626,0.718544864654541,0.01025948111190573,5
2500,subset_accuracy_drop,512,0.6592065453529358,0.006134287133075705,0.7189173340797425,0.010614983721534934,5
2500,subset_accuracy_drop,513,0.6594585299491882,0.006068031311378371,0.7187742352485657,0.009909280676820191,5
2500,subset_accuracy_drop,514,0.6593981266021729,0.006222255483918479,0.7188456535339356,0.010710071093443088,5
2500,subset_accuracy_drop,515,0.6593092560768128,0.006240475178721333,0.7191272139549255,0.010666176602678941,5
2500,subset_accuracy_drop,516,0.6592501640319824,0.0061759060606189605,0.71824049949646,0.010629704801928158,5
2500,subset_accuracy_drop,517,0.6592049956321716,0.0062381384905517406,0.7191085696220398,0.011300521869251014,5
2500,subset_accuracy_drop,518,0.6593910217285156,0.00633024172625463,0.7189247250556946,0.009967548461882251,5
2500,subset_accuracy_drop,519,0.659287405014038,0.006326166106446579,0.7185857892036438,0.010728537329266664,5
5000,endpoint,1,1.165700340270996,0.016851685664162726,1.1669740676879883,0.017273357052184777,5
5000,endpoint,2,1.1657461166381835,0.01679930527911962,1.1670525312423705,0.01723622877316549,5
5000,endpoint,3,1.165831995010376,0.016743198551188707,1.1671746969223022,0.017197349297418896,5
5000,endpoint,4,1.1659719228744507,0.016687130858872162,1.1673560857772827,0.017158553197096315,5
5000,endpoint,5,1.1661826133728028,0.01663285790811267,1.1676142930984497,0.01712739156946518,5
5000,endpoint,6,1.1664814949035645,0.016587367241008722,1.1679656267166139,0.017111940956171724,5
5000,endpoint,7,1.1668915271759033,0.016560125282876148,1.1684296607971192,0.017120492801108236,5
5000,endpoint,8,1.167432951927185,0.016559955571488164,1.1690370321273804,0.01715448689144521,5
5000,endpoint,9,1.1681373119354248,0.01659380273735216,1.1698238849639893,0.017219877736282647,5
5000,endpoint,10,1.1690310001373292,0.016680230215580082,1.1708002090454102,0.017340127699562804,5
5000,endpoint,11,1.1701192378997802,0.016849772930735803,1.1719750881195068,0.017546380736181647,5
5000,endpoint,12,1.1714187145233155,0.017144589999014217,1.173368716239929,0.0178856947395368,5
5000,endpoint,13,1.1729177951812744,0.01760267129013463,1.1749597549438477,0.018378753229736967,5
5000,endpoint,14,1.1745444774627685,0.01820973397317253,1.176681351661682,0.019005012063352204,5
5000,endpoint,15,1.1761494636535645,0.018890336109460375,1.1783924102783203,0.019687257107468496,5
5000,endpoint,16,1.177526307106018,0.019496695037131077,1.1798670768737793,0.02026365230049056,5
5000,endpoint,17,1.178487730026245,0.019893375750102988,1.1809125185012816,0.020591994832397823,5
5000,endpoint,18,1.1789512634277344,0.02006423636879512,1.181443691253662,0.0206614574011236,5
5000,endpoint,19,1.1789175271987915,0.020038525485283107,1.181464672088623,0.0205185850137768,5
5000,endpoint,20,1.1784778118133545,0.019865890184202994,1.1810688257217408,0.02024419718167115,5
5000,endpoint,21,1.1777491331100465,0.019591867005069513,1.1803760290145875,0.01989855283869259,5
5000,endpoint,22,1.1768672943115235,0.01926583580040231,1.1795284509658814,0.019534709087281176,5
5000,endpoint,23,1.1759523630142212,0.018931057746309,1.1786482095718385,0.01918688774962918,5
5000,endpoint,24,1.175090527534485,0.01862413632908817,1.1778252363204955,0.01888020520407752,5
5000,endpoint,25,1.1743343591690063,0.018365765122053443,1.1771148920059205,0.01862566423137164,5
5000,endpoint,26,1.1737122297286988,0.018165943585696606,1.1765502452850343,0.01843060570188584,5
5000,endpoint,27,1.17323579788208,0.01802749202589302,1.1761488437652587,0.018295095998987865,5
5000,endpoint,28,1.1729008436203003,0.01794173583219994,1.1759114027023316,0.018207177785926044,5
5000,endpoint,29,1.1726946592330934,0.01790063836312877,1.1758328676223755,0.018158145925093027,5
5000,endpoint,30,1.1725993156433105,0.017898089522342005,1.1758960008621215,0.018139729051930783,5
5000,endpoint,31,1.1725988626480102,0.017930501512364746,1.1760873079299927,0.018147239817984984,5
5000,endpoint,32,1.1726682901382446,0.017991182435684334,1.1763843774795533,0.018174658350689665,5
5000,endpoint,33,1.1727771043777466,0.018080132900691263,1.1767597436904906,0.018219282833203804,5
5000,endpoint,34,1.1728870153427124,0.018203364935629743,1.1771729707717895,0.018285824622976433,5
5000,endpoint,35,1.1729505777359008,0.01836437760288209,1.1775772333145142,0.018377000540308015,5
5000,endpoint,36,1.1729118347167968,0.018563842751911287,1.1779150724411012,0.01848359552229324,5
5000,endpoint,37,1.1727253913879394,0.018810088288584954,1.1781414270401,0.018605974638205017,5
5000,endpoint,38,1.1723433971405028,0.01911179672942299,1.1782164335250855,0.018751660058546143,5
5000,endpoint,39,1.1717390537261962,0.01945570681742193,1.1781182765960694,0.01890591641695209,5
5000,endpoint,40,1.170888566970825,0.019837376071696614,1.1778328657150268,0.019063855516098523,5
5000,endpoint,41,1.1698020458221436,0.020255455285772706,1.1773802518844605,0.019222631477587022,5
5000,endpoint,42,1.1685123205184937,0.02069399098921178,1.1768118143081665,0.019367777344559706,5
5000,endpoint,43,1.1670411586761475,0.021126130830463753,1.1761646270751953,0.019452811915278236,5
5000,endpoint,44,1.1654249668121337,0.021523197533644324,1.175495195388794,0.019447086917029465,5
5000,endpoint,45,1.1636812686920166,0.021915686968328293,1.1748416423797607,0.019376981010209984,5
5000,endpoint,46,1.1618204593658448,0.02229324596077482,1.1742275953292847,0.01923184606350949,5
5000,endpoint,47,1.1597434759140015,0.02276995364512097,1.1735524892807008,0.01911565527063307,5
5000,endpoint,48,1.157456374168396,0.02333703329749593,1.172834324836731,0.019029615807543084,5
5000,endpoint,49,1.154962992668152,0.024017289561815067,1.172093653678894,0.019047774637324183,5
5000,endpoint,50,1.1522489309310913,0.024757142049602773,1.1713326454162598,0.019137935489802988,5
5000,endpoint,51,1.149301028251648,0.025431314795178645,1.1705729722976685,0.019121114837367337,5
5000,endpoint,52,1.145905566215515,0.026211665522463526,1.1696008682250976,0.019039437454342473,5
5000,endpoint,53,1.1422232627868651,0.026875431753166572,1.1686221599578857,0.01870972213357891,5
5000,endpoint,54,1.1385597705841064,0.02725039405773064,1.1679209232330323,0.018310464766002878,5
5000,endpoint,55,1.1348092794418334,0.027328071477165854,1.1674144983291626,0.01770547255575819,5
5000,endpoint,56,1.1301549673080444,0.028205922053648916,1.1662317991256714,0.017575293522748243,5
5000,endpoint,57,1.1251048803329469,0.029468245054725475,1.1648866891860963,0.017761827320756735,5
5000,endpoint,58,1.1210612773895263,0.02976855222668914,1.1648849248886108,0.017577211884631336,5
5000,endpoint,59,1.1158358335494996,0.03134801126146854,1.163929319381714,0.017762275270413876,5
5000,endpoint,60,1.110078501701355,0.032732886470737646,1.1625725269317626,0.01817698475416715,5
5000,endpoint,61,1.1042277097702027,0.03338803806591972,1.1612943887710572,0.01906337784786711,5
5000,endpoint,62,1.0983628988265992,0.034669705078386556,1.1602537155151367,0.0188512132376435,5
5000,endpoint,63,1.0922926664352417,0.036087814152387425,1.1593555688858033,0.019949398199951257,5
5000,endpoint,64,1.0845371723175048,0.038086056618470955,1.1567106008529664,0.021097754537140478,5
5000,endpoint,65,1.0803747653961182,0.03811580554841151,1.1584181308746337,0.02092900475004964,5
5000,endpoint,66,1.0703278303146362,0.041266898808654986,1.1538898229599,0.023508901598444477,5
5000,endpoint,67,1.0631672143936157,0.04201891403348685,1.1530930280685425,0.024066488855629675,5
5000,endpoint,68,1.0596230745315551,0.0399754786107991,1.1562577962875367,0.023794185446740588,5
5000,endpoint,69,1.0461499214172363,0.045147846823722124,1.1488457202911377,0.026360440652615467,5
5000,endpoint,70,1.0407515048980713,0.04381681541169472,1.1504558086395265,0.026974500687939197,5
5000,endpoint,71,1.0365514516830445,0.04098605020319389,1.1531527757644653,0.02647481743500407,5
5000,endpoint,72,1.0222506284713746,0.04636602838428065,1.1456182718276977,0.03116070640007491,5
5000,endpoint,73,1.0186495780944824,0.043716854743945474,1.1491113424301147,0.02691430751113139,5
5000,endpoint,74,1.012104296684265,0.04015184162311425,1.1490345239639281,0.030347535907125408,5
5000,endpoint,75,1.001355493068695,0.04481615097585693,1.1449697256088256,0.03403296618835901,5
5000,endpoint,76,0.9940916776657105,0.04078530162970708,1.144795799255371,0.030082982926708513,5
5000,endpoint,77,0.9937262177467346,0.03612575275027191,1.1494935035705567,0.030485364553088763,5
5000,endpoint,78,0.9817190051078797,0.041305057407845666,1.1445965766906738,0.036430131772322474,5
5000,endpoint,79,0.9713238120079041,0.03473104346941159,1.1415931940078736,0.031944930618707616,5
5000,endpoint,80,0.9727940082550048,0.033282695849012,1.1477715730667115,0.03179927057325898,5
5000,endpoint,81,0.9628703355789184,0.036841935715652294,1.1446640729904174,0.03628988237437049,5
5000,endpoint,82,0.9511575818061828,0.0315315070154425,1.140781331062317,0.03292202176021,5
5000,endpoint,83,0.9505162239074707,0.028212948584167497,1.145232081413269,0.030384504297747254,5
5000,endpoint,84,0.9447556495666504,0.032902636934896236,1.145412278175354,0.03489595247569016,5
5000,endpoint,85,0.93114732503891,0.02829723704607606,1.1399691581726075,0.032830360201590955,5
5000,endpoint,86,0.9321352362632751,0.024840602799938605,1.145084524154663,0.029908865800733667,5
5000,endpoint,87,0.9246301054954529,0.03290297793125399,1.1436404943466187,0.034019023994824066,5
5000,endpoint,88,0.9163241267204285,0.026358046122489844,1.1419815301895142,0.03212529361976028,5
5000,endpoint,89,0.9090599656105042,0.024221969847264872,1.1403144598007202,0.028433965142686986,5
5000,endpoint,90,0.9054621934890748,0.03175091190351153,1.1424636125564576,0.031667771880855795,5
5000,endpoint,91,0.9003987669944763,0.028315250725676325,1.1426410675048828,0.029907644342454794,5
5000,endpoint,92,0.8899956583976746,0.02605370577451106,1.1391772031784058,0.027850030427938894,5
5000,endpoint,93,0.8888909220695496,0.031244786383411115,1.142246150970459,0.030092375436777605,5
5000,endpoint,94,0.8820638060569763,0.03376697769597339,1.1421681880950927,0.029936339176391265,5
5000,endpoint,95,0.8764039278030396,0.0300524453523731,1.1414550065994262,0.030709868871960453,5
5000,endpoint,96,0.8684124231338501,0.033549426193540045,1.1418637037277222,0.028670418024437216,5
5000,endpoint,97,0.8679113745689392,0.03326025906582145,1.1457463026046752,0.028868827788462996,5
5000,endpoint,98,0.8596790194511413,0.037418476103993056,1.1441018342971803,0.0349781804628492,5
5000,endpoint,99,0.8516661763191223,0.03626747996344558,1.144964575767517,0.030683510431449033,5
5000,endpoint,100,0.8539335012435914,0.033746609954495736,1.149205255508423,0.03275873595694399,5
5000,endpoint,101,0.8432422518730164,0.04104536586513766,1.1476220607757568,0.03587280726020118,5
5000,endpoint,102,0.8380828380584717,0.03733416013131843,1.1486425638198852,0.03423582196592795,5
5000,endpoint,103,0.837159264087677,0.0348865461156979,1.1524412155151367,0.03226519057718612,5
5000,endpoint,104,0.8274460077285767,0.044487331533717756,1.1513748645782471,0.03814929237359012,5
5000,endpoint,105,0.8272836804389954,0.03662831587110788,1.1552069664001465,0.03504453713837456,5
5000,endpoint,106,0.8187410831451416,0.0381154036126457,1.1543279886245728,0.035871416146506484,5
5000,endpoint,107,0.8151727795600892,0.04567341177501048,1.1565305948257447,0.03816960656553976,5
5000,endpoint,108,0.8113439083099365,0.03839755523869453,1.157439684867859,0.039639761069159084,5
5000,endpoint,109,0.8037746667861938,0.04065344248596753,1.1575446128845215,0.03815934062412577,5
5000,endpoint,110,0.8039830207824707,0.04416683046486099,1.1620927572250366,0.038084571966200825,5
5000,endpoint,111,0.7955737352371216,0.039269996016996295,1.159979248046875,0.04330756876936723,5
5000,endpoint,112,0.7925213932991028,0.041990298816345015,1.1636553764343263,0.0396266895195067,5
5000,endpoint,113,0.7878499269485474,0.04870004590991738,1.165243935585022,0.042230394616618296,5
5000,endpoint,114,0.7825815439224243,0.03957633018161465,1.1650296926498414,0.045488516107310084,5
5000,endpoint,115,0.7798505783081054,0.045616210603685994,1.1693865537643433,0.042772950175533724,5
5000,endpoint,116,0.7732071876525879,0.045412589752119224,1.169148898124695,0.044532050876785224,5
5000,endpoint,117,0.7705483436584473,0.0418675416997893,1.1710012912750245,0.04854672353849415,5
5000,endpoint,118,0.7664408683776855,0.046522771892261165,1.1746567487716675,0.041408932277327226,5
5000,endpoint,119,0.7580273032188416,0.04690874750964907,1.1730783462524415,0.04665867655182293,5
5000,endpoint,120,0.7558413147926331,0.04290041391415415,1.1753306627273559,0.04897038580855134,5
5000,endpoint,121,0.7508878946304322,0.04717353197927624,1.1778079986572265,0.04496201443093563,5
5000,endpoint,122,0.744597339630127,0.048752581238478934,1.1785343647003175,0.04824382653422186,5
5000,endpoint,123,0.7414824366569519,0.044052705112389685,1.1803459644317627,0.05027190070247876,5
5000,endpoint,124,0.743707251548767,0.057459550562417853,1.1882159948348998,0.04853722169303241,5
5000,endpoint,125,0.7299820184707642,0.04848289266578938,1.1833374500274658,0.049302753096306454,5
5000,endpoint,126,0.730168092250824,0.04824717122714644,1.1874503135681151,0.05337560452512869,5
5000,endpoint,127,0.7274452924728394,0.054978404244694266,1.1915793895721436,0.0526909926399702,5
5000,endpoint,128,0.7178390383720398,0.050419053821959214,1.1892481327056885,0.05214640624579024,5
5000,endpoint,129,0.7174893379211426,0.051602488082077666,1.1922906398773194,0.055503458185365825,5
5000,endpoint,130,0.7157505869865417,0.0577543177200124,1.196561574935913,0.05527574883606636,5
5000,endpoint,131,0.7067901015281677,0.05043203730746374,1.1942399501800538,0.05621439229125337,5
5000,endpoint,132,0.7014775276184082,0.056859863403566385,1.1943284273147583,0.05555793372664771,5
5000,endpoint,133,0.7032405495643616,0.0571782192522058,1.2004863023757935,0.05863912517329126,5
5000,endpoint,134,0.696035361289978,0.052722450881578134,1.20003399848938,0.05926730853563287,5
5000,endpoint,135,0.6910208702087403,0.05927325137528903,1.199872040748596,0.057085943900045705,5
5000,endpoint,136,0.6883834719657898,0.059227054752601725,1.2036606788635253,0.05827009956363888,5
5000,endpoint,137,0.6867093682289124,0.05675245140890739,1.2066609144210816,0.06204096641342699,5
5000,endpoint,138,0.6792572617530823,0.06121669460220675,1.2037783145904541,0.058981561938273294,5
5000,endpoint,139,0.6775254368782043,0.05656310082479196,1.2069758415222167,0.06356627188802375,5
5000,endpoint,140,0.6766990900039673,0.06732248045218833,1.2111669063568116,0.06251047714009587,5
5000,endpoint,141,0.6670875549316406,0.06051693047873494,1.206611967086792,0.06121888566242983,5
5000,endpoint,142,0.6689099788665771,0.05832210839689519,1.21048104763031,0.06414316091246677,5
5000,endpoint,143,0.6646566152572632,0.06559790603805997,1.2140150785446167,0.06466508980838505,5
5000,endpoint,144,0.6583622217178344,0.06412633979948522,1.2125150203704833,0.061419667104212566,5
5000,endpoint,145,0.6570595264434814,0.060548724608433385,1.2146252870559693,0.06502642028561825,5
5000,endpoint,146,0.6505653023719787,0.059689687020767275,1.2159935235977173,0.06747557348933651,5
5000,endpoint,147,0.6512229681015015,0.06860405760970044,1.221845769882202,0.06330013166182233,5
5000,endpoint,148,0.6412467002868653,0.06237704311386041,1.2192105531692505,0.06703294428252654,5
5000,endpoint,149,0.6402634263038636,0.06275600047236343,1.2214972972869873,0.06725571991616891,5
5000,endpoint,150,0.637013852596283,0.07031071459740848,1.225061297416687,0.06475222787156248,5
5000,endpoint,151,0.6331327676773071,0.06320622164603516,1.2265468835830688,0.06778222581426722,5
5000,endpoint,152,0.6293642520904541,0.06437109916121593,1.224709391593933,0.06672153995927024,5
5000,endpoint,153,0.6247755289077759,0.0692784493136424,1.2258983612060548,0.06463900371135892,5
5000,endpoint,154,0.6248276948928833,0.06899041722408832,1.2313905715942384,0.06903925700567871,5
5000,endpoint,155,0.6212058544158936,0.0628293342490693,1.2305330753326416,0.06920406645602216,5
5000,endpoint,156,0.6155707716941834,0.06869377240883257,1.2293603420257568,0.06906331641746656,5
5000,endpoint,157,0.6140678524971008,0.07156816092230593,1.234798264503479,0.07323383205493779,5
5000,endpoint,158,0.6147623419761657,0.0692458505892815,1.2395293235778808,0.07108032342474992,5
5000,endpoint,159,0.6020674228668212,0.0694865487567757,1.2314987659454346,0.07229787861694047,5
5000,endpoint,160,0.6083391189575196,0.07019110413631785,1.240964412689209,0.07719727022502873,5
5000,endpoint,161,0.6056809902191163,0.07263708175597526,1.242880916595459,0.07050622113976042,5
5000,endpoint,162,0.592490041255951,0.07005004413202286,1.235889458656311,0.07428356512748117,5
5000,endpoint,163,0.5937941372394562,0.0667544740143182,1.2406229734420777,0.08136228518402838,5
5000,endpoint,164,0.5990335464477539,0.07370596483229547,1.24796884059906,0.07546217747048002,5
5000,endpoint,165,0.5877860903739929,0.07036957906536777,1.2441240787506103,0.07701748557154064,5
5000,endpoint,166,0.5805412888526916,0.06942898592364422,1.241204857826233,0.07881882830711323,5
5000,endpoint,167,0.5855973720550537,0.07207558219920136,1.249540638923645,0.07920859072189092,5
5000,endpoint,168,0.5832023203372956,0.0726762811539635,1.2517707824707032,0.08096632978057537,5
5000,endpoint,169,0.5701107025146485,0.0716377234578756,1.243704128265381,0.07842848428424141,5
5000,endpoint,170,0.5709375441074371,0.06919513457159553,1.2504058122634887,0.08456728047041608,5
5000,endpoint,171,0.5729642927646637,0.07136041374084451,1.25529887676239,0.08437078418911066,5
5000,endpoint,172,0.5639719128608703,0.07284462380124954,1.2489232540130615,0.07917231708945342,5
5000,endpoint,173,0.5628786385059357,0.06864692757142082,1.2536168813705444,0.08702384944035789,5
5000,endpoint,174,0.5597208321094513,0.06897138655241272,1.2543081998825074,0.08452316925578338,5
5000,endpoint,175,0.5577667117118835,0.07259759834698978,1.2531550884246827,0.0780104005895949,5
5000,endpoint,176,0.5530119359493255,0.06870409718409837,1.2562444448471068,0.08709250938974959,5
5000,endpoint,177,0.5491826236248016,0.07238421197225019,1.2580434799194335,0.08606959263944955,5
5000,endpoint,178,0.5461637377738953,0.0720934336367704,1.258248543739319,0.08371674628016713,5
5000,endpoint,179,0.5468316674232483,0.07260671782164203,1.2634580373764037,0.08597826599491969,5
5000,endpoint,180,0.5384566307067871,0.07255941513988998,1.2601999998092652,0.08602329271436994,5
5000,endpoint,181,0.5341666162014007,0.07258112881539534,1.258137083053589,0.08294233330148126,5
5000,endpoint,182,0.5389770328998565,0.07058861179587649,1.2668127059936523,0.08716975589957521,5
5000,endpoint,183,0.5322424292564392,0.07136606829115541,1.2642211198806763,0.08732969277447719,5
5000,endpoint,184,0.5263910889625549,0.0724012098700711,1.2597615003585816,0.08347345282233494,5
5000,endpoint,185,0.5310157418251038,0.06540013007813482,1.2704350471496582,0.09588381489726218,5
5000,endpoint,186,0.5255814671516419,0.07257980825101096,1.2680044889450073,0.08684094178264265,5
5000,endpoint,187,0.5186961352825165,0.0716278702404419,1.2642933130264282,0.08770094784590604,5
5000,endpoint,188,0.5192646384239197,0.06333513932560374,1.2725489854812622,0.10158962839012121,5
5000,endpoint,189,0.5202764093875885,0.0718264986780714,1.2765517711639405,0.0933439947752537,5
5000,endpoint,190,0.5104408144950867,0.06918399848879281,1.2671404361724854,0.08738373034530994,5
5000,endpoint,191,0.5090360045433044,0.06889416347124104,1.2721569776535033,0.09285793756506268,5
5000,endpoint,192,0.5103418350219726,0.06426838087101468,1.2784414768218995,0.09921213516478378,5
5000,endpoint,193,0.503888463973999,0.06675303123033484,1.2734464406967163,0.0922576890044876,5
5000,endpoint,194,0.501301109790802,0.07060082954107307,1.2726943254470826,0.08867737079532788,5
5000,endpoint,195,0.5016766667366028,0.06434474802664202,1.282435154914856,0.10259836547105933,5
5000,endpoint,196,0.498355895280838,0.0630776037502215,1.2822617053985597,0.10357185285454519,5
5000,endpoint,197,0.4958822071552277,0.07305575291915872,1.278995966911316,0.09032390541230317,5
5000,endpoint,198,0.4902846932411194,0.06703199029844488,1.2828044176101685,0.09737186038116034,5
5000,endpoint,199,0.49340238571166994,0.05860387111757267,1.2937897205352784,0.11328364044155262,5
5000,endpoint,200,0.4927520573139191,0.0741727602712247,1.2914554357528687,0.09736959863286888,5
5000,endpoint,201,0.48167615532875063,0.06602200977916496,1.2850635528564454,0.0941619363258025,5
5000,endpoint,202,0.48423991799354554,0.06722351103206933,1.2939645767211914,0.10152671568563415,5
5000,endpoint,203,0.4859591543674469,0.061949949094731255,1.2964909553527832,0.10406182884495829,5
5000,endpoint,204,0.47463849782943723,0.0641110576861666,1.2897326231002808,0.09661220336820303,5
5000,endpoint,205,0.4804110825061798,0.07250546763160837,1.297156310081482,0.09630409112673255,5
5000,endpoint,206,0.47617695331573484,0.060895986018017226,1.2952866077423095,0.10216640061050154,5
5000,endpoint,207,0.46923293471336364,0.06098668881673248,1.2944744348526,0.10658069250227668,5
5000,endpoint,208,0.4737483024597168,0.07016323782584148,1.3024276971817017,0.10127678566652601,5
5000,endpoint,209,0.4659466326236725,0.06339705304227845,1.2938560485839843,0.09783314212510713,5
5000,endpoint,210,0.4648396551609039,0.06176896421258463,1.2974664926528932,0.10795227519453014,5
5000,endpoint,211,0.4631367802619934,0.06253298834095862,1.3024840593338012,0.1096253311954418,5
5000,endpoint,212,0.4592093646526337,0.0633900906235918,1.2992024660110473,0.10121054645248456,5
5000,endpoint,213,0.4554844260215759,0.06362169886785188,1.29587779045105,0.10677011635105887,5
5000,endpoint,214,0.45605419874191283,0.06128003299032232,1.3077146768569947,0.11825269125904127,5
5000,endpoint,215,0.4563574314117432,0.059687294314109185,1.3126880884170533,0.1175301462687255,5
5000,endpoint,216,0.44952806234359743,0.06260537519109687,1.3003866910934447,0.10629419825591065,5
5000,endpoint,217,0.4455035924911499,0.061603406440339,1.3062355995178223,0.11033181343348587,5
5000,endpoint,218,0.44888913035392763,0.06051458833985367,1.3180047750473023,0.11711959196180152,5
5000,endpoint,219,0.44158352017402647,0.05657838048830775,1.3127273559570312,0.1163523527785503,5
5000,endpoint,220,0.43870375156402586,0.05881979807224348,1.3107794046401977,0.10735888852003081,5
5000,endpoint,221,0.4447698950767517,0.06719613007873297,1.325568437576294,0.10903806142398653,5
5000,endpoint,222,0.43479262590408324,0.05618409620867356,1.3183598518371582,0.11362501286328469,5
5000,endpoint,223,0.4330714523792267,0.055053142673068024,1.3173463344573975,0.11181542632866283,5
5000,endpoint,224,0.4439694106578827,0.07739731851881979,1.3330219507217407,0.10816708729079996,5
5000,endpoint,225,0.4331031858921051,0.06182464795631885,1.3207372188568116,0.11458841065686763,5
5000,endpoint,226,0.4258337259292603,0.0576378361742218,1.318980860710144,0.10917088177942352,5
5000,endpoint,227,0.4416693925857544,0.08275314036409502,1.3392045736312865,0.11600018010250887,5
5000,endpoint,228,0.424756795167923,0.05810652947114515,1.324765110015869,0.12152234713149308,5
5000,endpoint,229,0.422756028175354,0.06169473854847011,1.3220984220504761,0.11385910376763653,5
5000,endpoint,230,0.42802446484565737,0.07309599319434293,1.3317113637924194,0.10626161564874974,5
5000,endpoint,231,0.4203790545463562,0.06091350833414926,1.3274064302444457,0.11899500770733305,5
5000,endpoint,232,0.42478729486465455,0.06137306829164278,1.3368219137191772,0.12547205342058698,5
5000,endpoint,233,0.4149787247180939,0.05827862742604448,1.3275454759597778,0.11211846540003814,5
5000,endpoint,234,0.4197990715503693,0.07024396041288097,1.3317099332809448,0.11112497406736074,5
5000,endpoint,235,0.41434919834136963,0.056168495959786756,1.3396275520324707,0.12033725209936455,5
5000,endpoint,236,0.41336418986320494,0.05744699659207105,1.3411895275115966,0.12266729068458432,5
5000,endpoint,237,0.4098130643367767,0.06434531014767016,1.334485411643982,0.11123883334959031,5
5000,endpoint,238,0.40810903906822205,0.060745442682043155,1.3407542943954467,0.1144399066208381,5
5000,endpoint,239,0.4066305160522461,0.055265915217719654,1.3448402643203736,0.12515082377841094,5
5000,endpoint,240,0.4038280129432678,0.05727935651096925,1.3460638046264648,0.11948576950288368,5
5000,endpoint,241,0.40721946954727173,0.06790547561001693,1.3446602821350098,0.10805070150576447,5
5000,endpoint,242,0.3989623785018921,0.05376570281204489,1.3457526683807373,0.12134079462870642,5
5000,endpoint,243,0.3985082685947418,0.055624740536658,1.346865177154541,0.12541389132731187,5
5000,endpoint,244,0.39657990336418153,0.05537068477392936,1.3473392486572267,0.11416782735001263,5
5000,endpoint,245,0.39721370935440065,0.058433248697808665,1.3516833066940308,0.12390189473713455,5
5000,endpoint,246,0.39370794892311095,0.05642212268063095,1.354210329055786,0.12487775953334997,5
5000,endpoint,247,0.3936823308467865,0.05717525567185979,1.353001856803894,0.11802684856582119,5
5000,endpoint,248,0.39071940779685976,0.05494579281227446,1.353329610824585,0.11790981976944162,5
5000,endpoint,249,0.3953606128692627,0.06269473706670445,1.361995553970337,0.12770378197620233,5
5000,endpoint,250,0.3845520317554474,0.05539670238327195,1.3510791778564453,0.1183995520394392,5
5000,endpoint,251,0.3913658320903778,0.05513279341335851,1.357690405845642,0.11382700503663892,5
5000,endpoint,252,0.3871366322040558,0.06294433623075102,1.363118553161621,0.11986043171181189,5
5000,endpoint,253,0.38474745154380796,0.05574287159137177,1.363763976097107,0.12726636080280535,5
5000,endpoint,254,0.3848123848438263,0.05437560139362546,1.360330581665039,0.12226872865189613,5
5000,endpoint,255,0.37802672386169434,0.055199885161031574,1.35799880027771,0.1165052493117588,5
5000,endpoint,256,0.3812499582767487,0.06382105427330612,1.3651688814163208,0.11495176413018086,5
5000,endpoint,257,0.38035179376602174,0.04907893411913343,1.3694904804229737,0.13648722621452603,5
5000,endpoint,258,0.37895398736000063,0.05242971091275453,1.3702207803726196,0.1302877242114378,5
5000,endpoint,259,0.37465487122535707,0.05647118408038937,1.3640394926071167,0.10965819791049214,5
5000,endpoint,260,0.37257423996925354,0.05878664407229914,1.3632922410964965,0.10923170881174535,5
5000,endpoint,261,0.37667296528816224,0.04865216342001184,1.3761433839797974,0.1241846120670282,5
5000,endpoint,262,0.36984285712242126,0.05130827054822778,1.3750535726547242,0.13343945837663412,5
5000,endpoint,263,0.3691146016120911,0.057581916716248,1.375373077392578,0.11140816647223184,5
5000,endpoint,264,0.373671418428421,0.054523796358138345,1.3786037683486938,0.1163520298937129,5
5000,endpoint,265,0.3658970594406128,0.05296251499428192,1.3796118259429933,0.13598351773589215,5
5000,endpoint,266,0.3656799137592316,0.05143829441916812,1.3821828365325928,0.1287382800942283,5
5000,endpoint,267,0.36468541622161865,0.059876689072987196,1.3788183450698852,0.12319592089767667,5
5000,endpoint,268,0.36458476185798644,0.053413144814053314,1.37325758934021,0.11638485438734232,5
5000,endpoint,269,0.36256242394447324,0.05453221263031126,1.3787091970443726,0.1186898223007085,5
5000,endpoint,270,0.3598290503025055,0.049882971160339774,1.3803481101989745,0.13036423269995343,5
5000,endpoint,271,0.36226614117622374,0.05584408615853293,1.3842082023620605,0.12818935084255453,5
5000,endpoint,272,0.35972546935081484,0.04974289469744803,1.3840174198150634,0.11798837024398212,5
5000,endpoint,273,0.35392550826072694,0.050397295527903264,1.3816569805145265,0.12457781483913774,5
5000,endpoint,274,0.3530495226383209,0.05149661089408259,1.3864205360412598,0.12447596077499756,5
5000,endpoint,275,0.3526096701622009,0.05097858920855745,1.3914216041564942,0.1233679387167217,5
5000,endpoint,276,0.35123286843299867,0.04774023203320162,1.388308835029602,0.12417419831757469,5
5000,endpoint,277,0.34954349398612977,0.05078755370608791,1.3923470020294189,0.12154700553641724,5
5000,endpoint,278,0.34816470742225647,0.05074384552241794,1.3914800882339478,0.12230879785507894,5
5000,endpoint,279,0.34820346236228944,0.04696409742127832,1.3893205404281617,0.12783452364341732,5
5000,endpoint,280,0.348676335811615,0.046411033441980026,1.3968764543533325,0.13118940605860296,5
5000,endpoint,281,0.3456687867641449,0.0496760651188531,1.393703579902649,0.12216308615392635,5
5000,endpoint,282,0.3434116005897522,0.04945259947161133,1.3892365217208862,0.1199192070723726,5
5000,endpoint,283,0.34549644589424133,0.04837213427335378,1.39978084564209,0.12889134365677157,5
5000,endpoint,284,0.3459420084953308,0.04661994787529814,1.4091890811920167,0.13925431660544335,5
5000,endpoint,285,0.33893745541572573,0.048247595435876096,1.3962029218673706,0.1302392323627856,5
5000,endpoint,286,0.33711297512054444,0.049183328081070114,1.3900164842605591,0.1159045328579256,5
5000,endpoint,287,0.3403560876846313,0.050310249578187485,1.40064857006073,0.11553151914179596,5
5000,endpoint,288,0.3386094570159912,0.047061014135783244,1.4049152374267577,0.13346762803772153,5
5000,endpoint,289,0.33578224778175353,0.04620199162791747,1.399858260154724,0.13244384493724062,5
5000,endpoint,290,0.3358270823955536,0.04839883918115851,1.402060294151306,0.12075186962749143,5
5000,endpoint,291,0.3410025596618652,0.04871253655225624,1.4079794406890869,0.12080189211011111,5
5000,endpoint,292,0.33336833119392395,0.04656374910871962,1.401991605758667,0.12502224714327886,5
5000,endpoint,293,0.3345510959625244,0.04494872830970927,1.405124807357788,0.13318468170030812,5
5000,endpoint,294,0.3324093699455261,0.04587419135396672,1.408130669593811,0.13558082963628987,5
5000,endpoint,295,0.3334076404571533,0.045922416551922966,1.4081897497177125,0.11921461663983966,5
5000,endpoint,296,0.3308071315288544,0.045590951215133034,1.404776120185852,0.11560190259772232,5
5000,endpoint,297,0.32827762961387635,0.04404118399047473,1.4034111976623536,0.13113640889851622,5
5000,endpoint,298,0.3316358983516693,0.0457783285667475,1.4207911014556884,0.1350607134881471,5
5000,endpoint,299,0.3281519949436188,0.04609372001834846,1.4129638671875,0.11836508796537405,5
5000,endpoint,300,0.3251358330249786,0.04391622770449886,1.405139183998108,0.12122680659434998,5
5000,endpoint,301,0.32533314228057864,0.04502202192032056,1.4161455392837525,0.12666707129476334,5
5000,endpoint,302,0.32548968195915223,0.04375687677352794,1.4209304809570313,0.12963299881397122,5
5000,endpoint,303,0.3233617186546326,0.04347480064653996,1.4136833667755127,0.12378124112529784,5
5000,endpoint,304,0.32167781591415406,0.044609877298453754,1.4153674840927124,0.11965833616985325,5
5000,endpoint,305,0.32300788164138794,0.04518980280835547,1.4238492250442505,0.11938176986256265,5
5000,endpoint,306,0.3208179295063019,0.04201904842837892,1.4228951454162597,0.11900555871253007,5
5000,endpoint,307,0.3192886710166931,0.04179504546586317,1.4208247900009154,0.12279606866511984,5
5000,endpoint,308,0.318111264705658,0.042395077418692174,1.423086404800415,0.12196489826017165,5
5000,endpoint,309,0.31904353499412536,0.043776198793294016,1.428049921989441,0.10975194849556802,5
5000,endpoint,310,0.3169519901275635,0.04371674539184357,1.4224607467651367,0.11910074222678277,5
5000,endpoint,311,0.3159623384475708,0.041812968758580094,1.424032163619995,0.11752648889987108,5
5000,endpoint,312,0.31610570549964906,0.04319211826812798,1.428282880783081,0.1157884040021229,5
5000,endpoint,313,0.3141289591789246,0.04451189003905285,1.424931573867798,0.11400977873354774,5
5000,endpoint,314,0.31340200901031495,0.04104040284140374,1.4224180698394775,0.12065253451608425,5
5000,endpoint,315,0.31515411138534544,0.04029778633096015,1.4349104642868042,0.12216942653970365,5
5000,endpoint,316,0.31304059028625486,0.044383652887010704,1.4340859413146974,0.11799083219679103,5
5000,endpoint,317,0.30986819267272947,0.04249260691074322,1.4246990442276002,0.11648161800683035,5
5000,endpoint,318,0.3095566749572754,0.04007094938114368,1.4277893543243407,0.11368661623341729,5
5000,endpoint,319,0.30933635830879214,0.03920365209212699,1.4332775831222535,0.12091072453456532,5
5000,endpoint,320,0.307776939868927,0.03932041364709522,1.4331820726394653,0.12548172438996907,5
5000,endpoint,321,0.30768500566482543,0.04027127140124567,1.4336359024047851,0.11331467251463814,5
5000,endpoint,322,0.30708242058753965,0.03914015075778114,1.433985662460327,0.11487515611135488,5
5000,endpoint,323,0.306996101140976,0.03887094819457732,1.4333889484405518,0.12023949186226295,5
5000,endpoint,324,0.306343549489975,0.03952953032784767,1.437424612045288,0.1170120957064766,5
5000,endpoint,325,0.3081864297389984,0.04410551226728284,1.4363698959350586,0.10597237672527844,5
5000,endpoint,326,0.3051984250545502,0.03908366891166403,1.4310606956481933,0.10795377267961676,5
5000,endpoint,327,0.30477017164230347,0.039584605619443866,1.4342048645019532,0.11658569349663003,5
5000,endpoint,328,0.3056680142879486,0.045690973837791644,1.439785647392273,0.10679992861759295,5
5000,endpoint,329,0.3027768850326538,0.038989592348918196,1.4381624698638915,0.10779988369721705,5
5000,endpoint,330,0.30179583430290224,0.037386756923195104,1.439311933517456,0.1202492798965958,5
5000,endpoint,331,0.3011321187019348,0.03957203171581763,1.4457881212234498,0.11807244068168372,5
5000,endpoint,332,0.2998308539390564,0.04028877586757198,1.4444113492965698,0.11219661470968326,5
5000,endpoint,333,0.2981671154499054,0.03759044376331533,1.430695390701294,0.111462822253531,5
5000,endpoint,334,0.29867951273918153,0.0378527158665288,1.4414499282836915,0.11113788779778634,5
5000,endpoint,335,0.30101215839385986,0.040475788293728235,1.454393982887268,0.1116475643182916,5
5000,endpoint,336,0.29732505083084104,0.038311863978136816,1.436780571937561,0.12275133327992556,5
5000,endpoint,337,0.29680301547050475,0.038147598539447075,1.446368145942688,0.11424153518787888,5
5000,endpoint,338,0.2986656665802002,0.03931138403464722,1.4556954622268676,0.10809283653529221,5
5000,endpoint,339,0.29461360573768614,0.03841524961461479,1.4417152881622315,0.11799220826277625,5
5000,endpoint,340,0.29382110834121705,0.038614223468903024,1.4458003282546996,0.11325902912928636,5
5000,endpoint,341,0.2955734312534332,0.0389963648587948,1.462101411819458,0.11431790669892428,5
5000,endpoint,342,0.2939043760299683,0.03588181403998321,1.456740641593933,0.12611018710945002,5
5000,endpoint,343,0.29034254848957064,0.03695030450903622,1.4467597246170043,0.11628318502650427,5
5000,endpoint,344,0.29089079797267914,0.03857035585231384,1.4499435663223266,0.10074812409208089,5
5000,endpoint,345,0.2900634050369263,0.03555709235384957,1.4517023801803588,0.1092303687120076,5
5000,endpoint,346,0.2918781518936157,0.03358338246765077,1.454091477394104,0.12439383219281834,5
5000,endpoint,347,0.2917631596326828,0.038939302413129394,1.4612837076187133,0.11957489939079306,5
5000,endpoint,348,0.2899851590394974,0.03827566651400055,1.4519966840744019,0.11031925330415293,5
5000,endpoint,349,0.29020789861679075,0.03716555413364272,1.4392048120498657,0.11476306471495247,5
5000,endpoint,350,0.2903061270713806,0.03687212679602174,1.4494434118270874,0.10723199678489254,5
5000,endpoint,351,0.29162273108959197,0.03906241891286467,1.4602669954299927,0.12083014463125386,5
5000,endpoint,352,0.2893140345811844,0.03604756047261943,1.4516695499420167,0.1321464449484692,5
5000,endpoint,353,0.2877750486135483,0.035414602202429764,1.4459441900253296,0.1132185767683178,5
5000,endpoint,354,0.2907930791378021,0.04128391622081836,1.458868718147278,0.10555897720973516,5
5000,endpoint,355,0.2871393829584122,0.03436154533925833,1.4610214948654174,0.1258460898698032,5
5000,endpoint,356,0.286761474609375,0.03384003464593608,1.4650141239166259,0.1324604543536907,5
5000,endpoint,357,0.28707960844039915,0.03564691263198386,1.4651160478591918,0.1138752450651437,5
5000,endpoint,358,0.2838678240776062,0.03464459574583414,1.459403967857361,0.10609544741225717,5
5000,endpoint,359,0.28429611325263976,0.035966337422857875,1.4569685459136963,0.12050015650538425,5
5000,endpoint,360,0.2839377760887146,0.03746513943989216,1.4718139171600342,0.11460342721646338,5
5000,endpoint,361,0.28376972675323486,0.03335101549597537,1.4721913099288941,0.1164182686025332,5
5000,endpoint,362,0.28279367089271545,0.03339977036800824,1.47270610332489,0.11819059064108492,5
5000,endpoint,363,0.28160502910614016,0.03625456265184181,1.4645813226699829,0.10998364991425216,5
5000,endpoint,364,0.28040494620800016,0.03470228680802993,1.4589640617370605,0.10222459559643149,5
5000,endpoint,365,0.2809785038232803,0.03434286783340059,1.4688107013702392,0.10568953582656908,5
5000,endpoint,366,0.2832460552453995,0.032622447955970434,1.482583475112915,0.12837267466169486,5
5000,endpoint,367,0.28102249205112456,0.03189605913409714,1.4701124429702759,0.12447264987175574,5
5000,endpoint,368,0.27992253601551054,0.03376165816562018,1.4642158269882202,0.10155340561072974,5
5000,endpoint,369,0.27970211803913114,0.0336873543808033,1.4659000396728517,0.10063256151580482,5
5000,endpoint,370,0.2791424453258514,0.03194247128828629,1.4678807735443116,0.12357110384303878,5
5000,endpoint,371,0.27993876338005064,0.03296564464766487,1.4817609071731568,0.13125901550302033,5
5000,endpoint,372,0.2789440393447876,0.033799568462876316,1.481218433380127,0.12132193348857075,5
5000,endpoint,373,0.27765345573425293,0.033103532076905716,1.4653059244155884,0.10917832804840341,5
5000,endpoint,374,0.2783992737531662,0.03275694206684891,1.4677800416946412,0.1169401031859034,5
5000,endpoint,375,0.2776167929172516,0.03431045473148899,1.4756563425064086,0.124870373654604,5
5000,endpoint,376,0.2780658185482025,0.03396927503707878,1.4804880619049072,0.11316674888720216,5
5000,endpoint,377,0.2761308252811432,0.033145892320097584,1.4713075637817383,0.1172926653745683,5
5000,endpoint,378,0.2776529252529144,0.03372022366998048,1.4718600988388062,0.11808999910674298,5
5000,endpoint,379,0.27596206665039064,0.032285571003043745,1.4736713647842408,0.11056647296056972,5
5000,endpoint,380,0.2762050092220306,0.03272930122868188,1.4720839500427245,0.10434043132858165,5
5000,endpoint,381,0.2764772415161133,0.03239136061592344,1.4716120958328247,0.11749612054004292,5
5000,endpoint,382,0.2759831428527832,0.030333121085271218,1.4824859619140625,0.12228613448082466,5
5000,endpoint,383,0.2764015018939972,0.032744356132748266,1.485998845100403,0.1135573750044748,5
5000,endpoint,384,0.27320067286491395,0.03155100743100693,1.4704246759414672,0.10906451561943206,5
5000,endpoint,385,0.2741605967283249,0.03224922499714803,1.4738630771636962,0.11123597827523932,5
5000,endpoint,386,0.27441059052944183,0.029676603981532344,1.4874395370483398,0.12084877723298636,5
5000,endpoint,387,0.27491483390331267,0.03253198600406511,1.494748854637146,0.12203139480640669,5
5000,endpoint,388,0.27244957983493806,0.03212364188929505,1.4806185483932495,0.11511443357432836,5
5000,endpoint,389,0.27300749719142914,0.03150892896511141,1.4752222299575806,0.10791899228495823,5
5000,endpoint,390,0.272955858707428,0.03132309327027237,1.486050581932068,0.11145008187503203,5
5000,endpoint,391,0.27329944670200346,0.032229677526573075,1.4861865520477295,0.11989484896038821,5
5000,endpoint,392,0.27244740426540376,0.0322723775606663,1.480972671508789,0.10792981975136218,5
5000,endpoint,393,0.2743776261806488,0.03330543611984477,1.4890743255615235,0.10389636467082479,5
5000,endpoint,394,0.27175273597240446,0.03037958857577999,1.4878564596176147,0.12124105464502404,5
5000,endpoint,395,0.2718760907649994,0.03209004921722759,1.4914840459823608,0.12447888575162089,5
5000,endpoint,396,0.2719021290540695,0.03563739605602475,1.4879571437835692,0.10730250653736295,5
5000,endpoint,397,0.27037755250930784,0.031059738901217188,1.476057195663452,0.10712852640430745,5
5000,endpoint,398,0.2701923966407776,0.029697934701368448,1.4936188220977784,0.11855852901519946,5
5000,endpoint,399,0.2722655892372131,0.03511500894257117,1.5038757562637328,0.12211556558684326,5
5000,endpoint,400,0.26762795746326445,0.030848231057250135,1.4742019176483154,0.11105465788839836,5
5000,endpoint,401,0.26907833814620974,0.030465394493735837,1.4735691785812377,0.10104171594806309,5
5000,endpoint,402,0.27038427293300626,0.03372644751911,1.4937408924102784,0.10456322876307073,5
5000,endpoint,403,0.2705769121646881,0.03170684146977658,1.498707389831543,0.12444369248401047,5
5000,endpoint,404,0.26938062310218813,0.032093149457555654,1.4761293411254883,0.12742460609857975,5
5000,endpoint,405,0.26834686696529386,0.030740894125826312,1.4836675882339478,0.1040467329509416,5
5000,endpoint,406,0.27005482017993926,0.034268240328680116,1.4909485816955566,0.09689846700645223,5
5000,endpoint,407,0.2670656442642212,0.030171756715289624,1.4760812997817994,0.11573737815262612,5
5000,endpoint,408,0.26747838854789735,0.029382779063995758,1.4856069087982178,0.1207602731925462,5
5000,endpoint,409,0.26809588074684143,0.03254401324218638,1.4924548625946046,0.10357605084662418,5
5000,endpoint,410,0.26679528653621676,0.03078328234649498,1.4802998781204224,0.1040849958260314,5
5000,endpoint,411,0.2661235868930817,0.030076803102114944,1.4824089527130127,0.11459711712234494,5
5000,endpoint,412,0.26829556226730344,0.03295838975542969,1.4973752737045287,0.11396859279085626,5
5000,endpoint,413,0.2649186700582504,0.030419378704498734,1.4874897480010987,0.10909242301356635,5
5000,endpoint,414,0.26555674970149995,0.03187986247906368,1.4807410717010498,0.10881913323850372,5
5000,endpoint,415,0.2642681449651718,0.03015195111211185,1.4877114057540894,0.1042197755140891,5
5000,endpoint,416,0.26527343690395355,0.03247607884019706,1.4933552980422973,0.10235157980084383,5
5000,endpoint,417,0.26515460312366484,0.0328503006537552,1.4808713674545289,0.1011187201791942,5
5000,endpoint,418,0.26404445469379423,0.030823931747582925,1.488973331451416,0.09527685959124219,5
5000,endpoint,419,0.266085684299469,0.03192986485475498,1.4994566440582275,0.10201190605630785,5
5000,endpoint,420,0.2650118201971054,0.030824704071452543,1.4895699977874757,0.11467395577939637,5
5000,endpoint,421,0.2635896563529968,0.030675632581345712,1.4856561422348022,0.10779202862508182,5
5000,endpoint,422,0.2643232375383377,0.03197575489720069,1.4948545455932618,0.09761221325240758,5
5000,endpoint,423,0.26374289989471433,0.030672658866199784,1.4955944776535035,0.10233369179684157,5
5000,endpoint,424,0.26413748860359193,0.029265196015085853,1.4909486055374146,0.11850054684013257,5
5000,endpoint,425,0.26288541257381437,0.02969647645337775,1.4975720643997192,0.11623801304053463,5
5000,endpoint,426,0.2631090521812439,0.032166742977328265,1.4974289417266846,0.10454040430298622,5
5000,endpoint,427,0.26248333156108855,0.028809458757413704,1.4806716203689576,0.10360991165042903,5
5000,endpoint,428,0.263526639342308,0.02893057899180866,1.4843091011047362,0.11002629230897308,5
5000,endpoint,429,0.26482263803482053,0.032624907453372605,1.510738730430603,0.11631458612262588,5
5000,endpoint,430,0.2624944716691971,0.029868703083185524,1.5011489152908326,0.11807170537340293,5
5000,endpoint,431,0.26147677898406985,0.030128901174490446,1.4793994903564454,0.10859420249577775,5
5000,endpoint,432,0.2610671162605286,0.028872392667753537,1.4813430309295654,0.09719353016627418,5
5000,endpoint,433,0.2618433326482773,0.030994059713146893,1.5045878171920777,0.1010331931574538,5
5000,endpoint,434,0.2608549356460571,0.029358382925188095,1.507275605201721,0.11441634661347078,5
5000,endpoint,435,0.26009891331195834,0.028830255983159074,1.4950498342514038,0.11673442398114012,5
5000,endpoint,436,0.25888729393482207,0.029434814932921483,1.4928980827331544,0.104296360532755,5
5000,endpoint,437,0.2589454770088196,0.030119572862039406,1.4917253017425538,0.09842308885278692,5
5000,endpoint,438,0.25905802845954895,0.02988032773337539,1.4994459390640258,0.10357128103240504,5
5000,endpoint,439,0.2595775604248047,0.029068645641362835,1.5056927680969239,0.11737041223570181,5
5000,endpoint,440,0.25991326868534087,0.02927915461707094,1.5064669132232666,0.12216503559386124,5
5000,endpoint,441,0.2588738352060318,0.02999909280077331,1.5029648065567016,0.10754575496825246,5
5000,endpoint,442,0.25964024662971497,0.030211503280954947,1.5007508039474486,0.0938366650667042,5
5000,endpoint,443,0.2588575780391693,0.028445401983438662,1.496778964996338,0.1102476589942694,5
5000,endpoint,444,0.2589720517396927,0.028033512239016994,1.5057113409042358,0.11722935498452224,5
5000,endpoint,445,0.2598133087158203,0.029330588509444717,1.5151447772979736,0.11318412381607962,5
5000,endpoint,446,0.2586585283279419,0.028493959482625775,1.504612350463867,0.109976488910336,5
5000,endpoint,447,0.2577777087688446,0.02800003562614099,1.4987955808639526,0.11047004666631745,5
5000,endpoint,448,0.258969721198082,0.028993228923331,1.5001528978347778,0.11025940764024093,5
5000,endpoint,449,0.257683539390564,0.028231438707938154,1.5022221565246583,0.1071045373779998,5
5000,endpoint,450,0.2584735631942749,0.02869236084930018,1.5047786474227904,0.11479920475927022,5
5000,endpoint,451,0.25751273334026337,0.028170758454250874,1.507310152053833,0.11781383216201088,5
5000,endpoint,452,0.25732729732990267,0.027947105545915334,1.503538155555725,0.11291199102792879,5
5000,endpoint,453,0.2562534898519516,0.02801370473789994,1.4964267492294312,0.10677923534527242,5
5000,endpoint,454,0.2570155382156372,0.02890271009424783,1.5005184412002563,0.0991636904389053,5
5000,endpoint,455,0.25633822977542875,0.028200814707534806,1.5034002304077148,0.1092955886497918,5
5000,endpoint,456,0.25801618993282316,0.027396800184293916,1.4989246606826783,0.11692125695825036,5
5000,endpoint,457,0.2558182805776596,0.027770191293198927,1.5033681869506836,0.1078924034470187,5
5000,endpoint,458,0.2568403631448746,0.028981100574436675,1.5093591928482055,0.0985004708189952,5
5000,endpoint,459,0.25526387989521027,0.0277075500149952,1.4975917100906373,0.10090000768208611,5
5000,endpoint,460,0.255630561709404,0.027399353971524095,1.4979983806610107,0.10528267308400699,5
5000,endpoint,461,0.2549257963895798,0.027922090319509124,1.50640070438385,0.10922434399987144,5
5000,endpoint,462,0.2546176016330719,0.028195319695106916,1.50849609375,0.11336595962162234,5
5000,endpoint,463,0.2543563961982727,0.02816710721809189,1.5053934812545777,0.10947093502824157,5
5000,endpoint,464,0.25469949245452883,0.02728446962367841,1.5038066148757934,0.1035042117155173,5
5000,endpoint,465,0.25471684634685515,0.02783032033879251,1.501488208770752,0.11283765309380599,5
5000,endpoint,466,0.2545928776264191,0.027634772769567995,1.5061535358428955,0.11787600509469495,5
5000,endpoint,467,0.25510398745536805,0.027532762187679246,1.5138503551483153,0.11084235941002887,5
5000,endpoint,468,0.25459126234054563,0.02720266464478734,1.507051706314087,0.10950937469239193,5
5000,endpoint,469,0.2540986657142639,0.027215817586466982,1.501245379447937,0.11121060447668506,5
5000,endpoint,470,0.2537384063005447,0.027360232062569233,1.5028937816619874,0.11341090067116102,5
5000,endpoint,471,0.25393045246601104,0.027474814203522872,1.5138492107391357,0.1099046746948461,5
5000,endpoint,472,0.25432711839675903,0.027114631257520082,1.505643939971924,0.10958583647953406,5
5000,endpoint,473,0.25419952571392057,0.027471788767719222,1.5063494920730591,0.10840319954553296,5
5000,endpoint,474,0.25478043258190153,0.028884218219021447,1.5142459869384766,0.1065010381155169,5
5000,endpoint,475,0.2540436178445816,0.028036641574271215,1.5053163051605225,0.11553357529973014,5
5000,endpoint,476,0.2539208561182022,0.0281956355739279,1.5013841390609741,0.11801413715257845,5
5000,endpoint,477,0.2549284428358078,0.028969752878597696,1.5156963348388672,0.11062278220419168,5
5000,endpoint,478,0.25332620143890383,0.027787560829786558,1.5110768795013427,0.10549686405973192,5
5000,endpoint,479,0.2536913722753525,0.028488463297871056,1.4983193397521972,0.11149572102721574,5
5000,endpoint,480,0.2527564257383347,0.027131253099185022,1.5034532070159912,0.11163731340402572,5
5000,endpoint,481,0.2537234455347061,0.02783190875497186,1.5152519941329956,0.10879398149751474,5
5000,endpoint,482,0.2533511698246002,0.027607177591716645,1.5190481901168824,0.10763994226953823,5
5000,endpoint,483,0.2530369907617569,0.02782379191279793,1.506109929084778,0.11470876377285466,5
5000,endpoint,484,0.2524051368236542,0.02755635378902566,1.506982684135437,0.11378404827802352,5
5000,endpoint,485,0.2536997050046921,0.029366276931612117,1.5185924768447876,0.1078276186116498,5
5000,endpoint,486,0.25212248265743253,0.026646036785320907,1.5122999668121337,0.10629656439183878,5
5000,endpoint,487,0.2520540475845337,0.028087800618255394,1.5063870191574096,0.11452669364226643,5
5000,endpoint,488,0.25204889476299286,0.02792287405032143,1.514821195602417,0.11848188503331078,5
5000,endpoint,489,0.2516823798418045,0.02816864847142422,1.5164809465408324,0.1068829846557916,5
5000,endpoint,490,0.2521750062704086,0.028075208345557604,1.5043081521987915,0.10990131940936188,5
5000,endpoint,491,0.2511384278535843,0.027598511613799306,1.505150055885315,0.10740347015248787,5
5000,endpoint,492,0.25293866395950315,0.029427227674227764,1.516812539100647,0.10943992728533318,5
5000,endpoint,493,0.25201637446880343,0.02766273649678365,1.510827398300171,0.11492460355928288,5
5000,endpoint,494,0.25178522765636446,0.027721868792896613,1.5070230960845947,0.11374476443601929,5
5000,endpoint,495,0.25175551474094393,0.027580300408289772,1.512904906272888,0.10304213122743912,5
5000,endpoint,496,0.2512505501508713,0.027468502903752336,1.5053995847702026,0.1041827619499155,5
5000,endpoint,497,0.25097463130950926,0.026865036069580524,1.5018001794815063,0.10608871679321713,5
5000,endpoint,498,0.25085584819316864,0.02652421594637995,1.5065656661987306,0.11419037725658446,5
5000,endpoint,499,0.2507442444562912,0.026259207330979816,1.5144677639007569,0.11267594504230871,5
5000,endpoint,500,0.2505894720554352,0.026413847786778362,1.5119924783706664,0.10109595563091398,5
5000,endpoint,501,0.2501400411128998,0.025776748637765825,1.505356001853943,0.10158306516961282,5
5000,endpoint,502,0.25068216025829315,0.027174428349175446,1.5016289234161377,0.10821460628767646,5
5000,endpoint,503,0.2499644249677658,0.02714484591127444,1.514382815361023,0.10518781909508336,5
5000,endpoint,504,0.25088271498680115,0.028327179651985716,1.5180225849151612,0.10434318603483225,5
5000,endpoint,505,0.2500337839126587,0.027092613779150166,1.5055976152420043,0.10463781681223021,5
5000,endpoint,506,0.2509255141019821,0.028106078312885432,1.5023502349853515,0.1040711796091987,5
5000,endpoint,507,0.25025193095207215,0.0281134411093938,1.5190665483474732,0.10536496575281866,5
5000,endpoint,508,0.2504354685544968,0.02850667161708786,1.5190847158432006,0.10782716386019614,5
5000,endpoint,509,0.24974619448184968,0.027404150906889007,1.5042263746261597,0.10756921300105374,5
5000,endpoint,510,0.2504231482744217,0.02752213816773041,1.5057676076889037,0.10767930317238969,5
5000,endpoint,511,0.24968839287757874,0.02725699636718022,1.5201979875564575,0.10408618301990892,5
5000,endpoint,512,0.24987842440605162,0.0273801493191471,1.5159400939941405,0.10651366466622661,5
5000,endpoint,513,0.2500759094953537,0.02791348269044854,1.4988640785217284,0.10859970351612551,5
5000,endpoint,514,0.2502369910478592,0.02739956865293563,1.508730959892273,0.10839873432000993,5
5000,endpoint,515,0.25111528635025027,0.02824436980101331,1.5344975948333741,0.0968525107108493,5
5000,endpoint,516,0.2494175225496292,0.028072595577195048,1.5227362394332886,0.1095919824438915,5
5000,endpoint,517,0.2502937614917755,0.029008305206626124,1.5020391941070557,0.12048745378984135,5
5000,endpoint,518,0.24832870364189147,0.027268099055423038,1.5141413450241088,0.1085798435021173,5
5000,endpoint,519,0.2507339507341385,0.028710030665422163,1.538116955757141,0.0981259411579418,5
5000,subset_accuracy_drop,1,0.6927357077598572,0.0015398055084033337,0.6927064895629883,0.0015739759105421276,5
5000,subset_accuracy_drop,2,0.6923652291297913,0.0014520492823013869,0.6923322439193725,0.001486504482941091,5
5000,subset_accuracy_drop,3,0.6919852375984192,0.0014294100133202643,0.6919483065605163,0.0014632241793012468,5
5000,subset_accuracy_drop,4,0.6915881991386413,0.001493259831076176,0.691546618938446,0.0015252753824173356,5
5000,subset_accuracy_drop,5,0.6911689281463623,0.0016584480071872771,0.6911219954490662,0.0016878780167666188,5
5000,subset_accuracy_drop,6,0.6907273530960083,0.001924268149441408,0.6906738162040711,0.0019517448199796292,5
5000,subset_accuracy_drop,7,0.6902667284011841,0.0022781475622480596,0.6902060031890869,0.0023044081710546648,5
5000,subset_accuracy_drop,8,0.689791989326477,0.002705241028889323,0.6897229433059693,0.002731726789307017,5
5000,subset_accuracy_drop,9,0.6893101572990418,0.0031933299246678874,0.6892317175865174,0.003221420833659406,5
5000,subset_accuracy_drop,10,0.68882896900177,0.0037319192561733527,0.6887400031089783,0.00376328108921756,5
5000,subset_accuracy_drop,11,0.6883585572242736,0.004310958850854265,0.6882579565048218,0.004347497985235966,5
5000,subset_accuracy_drop,12,0.6879150867462158,0.004912220706843403,0.6878014087677002,0.004955662922544053,5
5000,subset_accuracy_drop,13,0.6875072479248047,0.0055263035769854,0.6873798608779907,0.005578687960523143,5
5000,subset_accuracy_drop,14,0.6871451616287232,0.006139259578417846,0.6870020389556885,0.006205081103575229,5
5000,subset_accuracy_drop,15,0.6868455648422241,0.006716366666478839,0.6866847753524781,0.00680079799078692,5
5000,subset_accuracy_drop,16,0.686627185344696,0.0072011492719961144,0.6864469408988952,0.00731062343573448,5
5000,subset_accuracy_drop,17,0.6865085601806641,0.007514507321668484,0.6863081216812134,0.007656608572415094,5
5000,subset_accuracy_drop,18,0.6865046858787537,0.007574551438391992,0.6862847566604614,0.007755518289945262,5
5000,subset_accuracy_drop,19,0.6865986108779907,0.007384356463059295,0.6863628506660462,0.007603501172104098,5
5000,subset_accuracy_drop,20,0.6867101788520813,0.007111259491293278,0.686465859413147,0.007357671205368361,5
5000,subset_accuracy_drop,21,0.6867483019828796,0.0069629705441683785,0.6865042686462403,0.007220662124448262,5
5000,subset_accuracy_drop,22,0.686687707901001,0.007012360007571219,0.686452078819275,0.007265390676758998,5
5000,subset_accuracy_drop,23,0.6865649938583374,0.007201064295241096,0.6863431215286255,0.0074388528210943584,5
5000,subset_accuracy_drop,24,0.6864335894584656,0.007429442771583616,0.6862279176712036,0.007646176253392458,5
5000,subset_accuracy_drop,25,0.6863322496414185,0.007619941491682128,0.6861428856849671,0.00781399623966822,5
5000,subset_accuracy_drop,26,0.6862769603729248,0.007734891223899302,0.686102294921875,0.007907355931616955,5
5000,subset_accuracy_drop,27,0.6862642288208007,0.007773320204762133,0.686101770401001,0.007927200114137063,5
5000,subset_accuracy_drop,28,0.6862804412841796,0.007755306645570285,0.6861275553703308,0.007894298101856304,5
5000,subset_accuracy_drop,29,0.6863090038299561,0.007709225055268997,0.6861631989479064,0.007837056770754391,5
5000,subset_accuracy_drop,30,0.6863354206085205,0.007661613260206508,0.6861944913864135,0.0077817304602748015,5
5000,subset_accuracy_drop,31,0.6863496899604797,0.007631763559947461,0.6862116694450379,0.007747243863508474,5
5000,subset_accuracy_drop,32,0.686348044872284,0.007627490715959661,0.6862111806869506,0.007741167378871621,5
5000,subset_accuracy_drop,33,0.6863312363624573,0.007648631031037446,0.6861941099166871,0.007762731693043752,5
5000,subset_accuracy_drop,34,0.6863023281097412,0.007690628143682071,0.6861638069152832,0.007807017054893961,5
5000,subset_accuracy_drop,35,0.6862655997276306,0.007746725127040606,0.6861248254776001,0.007866578143092285,5
5000,subset_accuracy_drop,36,0.6862259030342102,0.007808540579848027,0.6860822677612305,0.00793323550915006,5
5000,subset_accuracy_drop,37,0.6861881732940673,0.007867797401170515,0.6860409736633301,0.007998282999126055,5
5000,subset_accuracy_drop,38,0.6861564993858338,0.007917271718402036,0.6860053181648255,0.008054405911549909,5
5000,subset_accuracy_drop,39,0.6861335039138794,0.007952280670101966,0.6859781980514527,0.008096517230615547,5
5000,subset_accuracy_drop,40,0.6861197471618652,0.007971859811614131,0.6859604239463806,0.008122839892672621,5
5000,subset_accuracy_drop,41,0.6861136198043823,0.00797868154322853,0.6859506607055664,0.008136013789313373,5
5000,subset_accuracy_drop,42,0.6861117601394653,0.007978558254739958,0.685945987701416,0.008141028796207029,5
5000,subset_accuracy_drop,43,0.6861102819442749,0.007978478219699938,0.6859426736831665,0.008144550599301515,5
5000,subset_accuracy_drop,44,0.6861063361167907,0.007983323172383433,0.685938036441803,0.008151001361010688,5
5000,subset_accuracy_drop,45,0.6860985040664673,0.00799559264332591,0.6859308123588562,0.008162832273654455,5
5000,subset_accuracy_drop,46,0.6860876560211182,0.008013636567378784,0.685921597480774,0.008178723954655631,5
5000,subset_accuracy_drop,47,0.686075747013092,0.008033584836972368,0.6859121561050415,0.008195219472395406,5
5000,subset_accuracy_drop,48,0.6860650300979614,0.008051490848916857,0.6859043955802917,0.008208890115643809,5
5000,subset_accuracy_drop,49,0.6860571026802063,0.008064294510810699,0.6858996152877808,0.00821730574337177,5
5000,subset_accuracy_drop,50,0.6860524773597717,0.008071141939241123,0.6858980178833007,0.00822007511206811,5
5000,subset_accuracy_drop,51,0.6860504150390625,0.008073587871641249,0.6858986496925354,0.008219072534315544,5
5000,subset_accuracy_drop,52,0.6860493540763855,0.008074302517939214,0.6858999133110046,0.008217197738910038,5
5000,subset_accuracy_drop,53,0.6860479593276978,0.008076004022332576,0.6859001398086548,0.008217333362344212,5
5000,subset_accuracy_drop,54,0.6860451459884643,0.00808053137643897,0.6858983755111694,0.008221271050543842,5
5000,subset_accuracy_drop,55,0.6860405087471009,0.008088483295136957,0.6858942627906799,0.008229521241428232,5
5000,subset_accuracy_drop,56,0.6860342383384704,0.008099191941967473,0.6858880400657654,0.008241483780152516,5
5000,subset_accuracy_drop,57,0.6860271573066712,0.008111371265827167,0.6858806371688843,0.008255336868383352,5
5000,subset_accuracy_drop,58,0.686020016670227,0.008123267630095621,0.6858729124069214,0.008269558633103847,5
5000,subset_accuracy_drop,59,0.6860136151313782,0.008133599013280842,0.6858658909797668,0.008282223469893242,5
5000,subset_accuracy_drop,60,0.6860083699226379,0.00814152865657768,0.6858599662780762,0.00829257501466614,5
5000,subset_accuracy_drop,61,0.6860044002532959,0.008147278125816814,0.6858552694320679,0.008300537653035704,5
5000,subset_accuracy_drop,62,0.6860013246536255,0.008151321998065723,0.6858515739440918,0.00830648039901802,5
5000,subset_accuracy_drop,63,0.6859986066818238,0.008154655724683523,0.6858485341072083,0.008311253838538295,5
5000,subset_accuracy_drop,64,0.6859957695007324,0.008158292794068137,0.6858456492424011,0.008315568362238318,5
5000,subset_accuracy_drop,65,0.6859925031661988,0.008162563327015293,0.6858428120613098,0.00831983947507142,5
5000,subset_accuracy_drop,66,0.6859889388084411,0.008167401721782706,0.6858400225639343,0.008324131360657362,5
5000,subset_accuracy_drop,67,0.6859852194786071,0.008172408722618546,0.6858373403549194,0.008328250610156582,5
5000,subset_accuracy_drop,68,0.6859816312789917,0.008177019341005154,0.6858350396156311,0.008331746797655276,5
5000,subset_accuracy_drop,69,0.6859785079956054,0.008180929516274077,0.685833215713501,0.008334402510091246,5
5000,subset_accuracy_drop,70,0.685975992679596,0.008183798291277104,0.685831880569458,0.008336124947324086,5
5000,subset_accuracy_drop,71,0.685973870754242,0.008185949859371613,0.6858310341835022,0.008337278966190116,5
5000,subset_accuracy_drop,72,0.6859720587730408,0.00818780028461458,0.6858304023742676,0.008338367756540165,5
5000,subset_accuracy_drop,73,0.6859701871871948,0.008189743835828689,0.6858295798301697,0.008339962711631599,5
5000,subset_accuracy_drop,74,0.6859681487083436,0.008192184317981627,0.6858283162117005,0.008342342391286678,5
5000,subset_accuracy_drop,75,0.6859657883644104,0.008195120909159219,0.6858267188072205,0.008345669034200425,5
5000,subset_accuracy_drop,76,0.6859631657600402,0.00819834078214721,0.6858246564865113,0.008349562229865522,5
5000,subset_accuracy_drop,77,0.6859605193138123,0.008201623688306861,0.6858224749565125,0.00835379878549701,5
5000,subset_accuracy_drop,78,0.6859581112861634,0.00820458654979455,0.6858203768730163,0.008357960071046604,5
5000,subset_accuracy_drop,79,0.6859559297561646,0.008207122609279593,0.685818612575531,0.008361366114956323,5
5000,subset_accuracy_drop,80,0.6859540104866028,0.008209170279475951,0.6858170747756958,0.008364414838555484,5
5000,subset_accuracy_drop,81,0.6859521389007568,0.008211023170251195,0.6858156681060791,0.008367234943817007,5
5000,subset_accuracy_drop,82,0.6859501719474792,0.008212892218007691,0.6858143329620361,0.00836965155584942,5
5000,subset_accuracy_drop,83,0.6859480381011963,0.008214846420597938,0.6858130693435669,0.008371905221630125,5
5000,subset_accuracy_drop,84,0.6859457492828369,0.008216886353926376,0.6858118772506714,0.00837405126473762,5
5000,subset_accuracy_drop,85,0.6859434604644775,0.008218895693338618,0.6858107566833496,0.00837595404809698,5
5000,subset_accuracy_drop,86,0.685941195487976,0.008220805291791875,0.6858097314834595,0.008377622676984399,5
5000,subset_accuracy_drop,87,0.6859390735626221,0.008222487117835473,0.6858089089393615,0.008379126810506201,5
5000,subset_accuracy_drop,88,0.6859370946884156,0.008224026289511204,0.6858082175254822,0.008380542948937619,5
5000,subset_accuracy_drop,89,0.68593510389328,0.008225412800924618,0.6858075618743896,0.008381900599013043,5
5000,subset_accuracy_drop,90,0.6859331011772156,0.008226579793479028,0.6858069777488709,0.008383473954561047,5
5000,subset_accuracy_drop,91,0.685931122303009,0.008227746871212789,0.685806393623352,0.00838511342000002,5
5000,subset_accuracy_drop,92,0.6859290599822998,0.008228996051408945,0.6858057618141175,0.008387080880764734,5
5000,subset_accuracy_drop,93,0.6859270215034485,0.008230268788867276,0.6858050465583801,0.008389142222494565,5
5000,subset_accuracy_drop,94,0.6859249949455262,0.008231448552423623,0.6858043432235718,0.008391359345335725,5
5000,subset_accuracy_drop,95,0.6859229207038879,0.008232485429209936,0.6858037233352661,0.008393482823094362,5
5000,subset_accuracy_drop,96,0.6859208226203919,0.008233308624086224,0.6858032703399658,0.0083953863006425,5
5000,subset_accuracy_drop,97,0.6859187722206116,0.008233968008296675,0.6858029246330262,0.008397068154020403,5
5000,subset_accuracy_drop,98,0.6859166264533997,0.008234517795014608,0.6858026623725891,0.008398650381360465,5
5000,subset_accuracy_drop,99,0.6859144330024719,0.008235109907716098,0.6858024358749389,0.00840016972201171,5
5000,subset_accuracy_drop,100,0.6859122395515442,0.008235655191341609,0.6858022451400757,0.00840153850389495,5
5000,subset_accuracy_drop,101,0.6859099626541137,0.00823606141434435,0.6858022093772889,0.008402841285656607,5
5000,subset_accuracy_drop,102,0.6859076499938965,0.008236308539133529,0.6858022451400757,0.008404064180381796,5
5000,subset_accuracy_drop,103,0.6859053492546081,0.008236506844805659,0.6858022689819336,0.008405230497595697,5
5000,subset_accuracy_drop,104,0.6859029412269593,0.008236556835799169,0.6858024001121521,0.008406477343790844,5
5000,subset_accuracy_drop,105,0.6859005570411683,0.008236581081308838,0.6858025550842285,0.008407775093975323,5
5000,subset_accuracy_drop,106,0.6858980894088745,0.0082365768606228,0.6858027815818787,0.008409140697342079,5
5000,subset_accuracy_drop,107,0.6858954787254333,0.008236488009055033,0.6858029961585999,0.008410659231978989,5
5000,subset_accuracy_drop,108,0.6858927369117737,0.008236350286184727,0.6858031988143921,0.008412251893932328,5
5000,subset_accuracy_drop,109,0.6858899116516113,0.008236071059543633,0.6858035087585449,0.008413974609813664,5
5000,subset_accuracy_drop,110,0.6858869314193725,0.0082357625738161,0.6858038902282715,0.008415719504541369,5
5000,subset_accuracy_drop,111,0.685883891582489,0.008235170580518066,0.6858043193817138,0.008417307437894891,5
5000,subset_accuracy_drop,112,0.6858806610107422,0.008234545328429304,0.685804796218872,0.00841893189355417,5
5000,subset_accuracy_drop,113,0.6858773231506348,0.008233699483088231,0.6858054995536804,0.008420572233622069,5
5000,subset_accuracy_drop,114,0.6858737468719482,0.00823270637144263,0.6858063697814941,0.008422302513033206,5
5000,subset_accuracy_drop,115,0.6858700633049011,0.00823150027312953,0.6858075618743896,0.008424224800904977,5
5000,subset_accuracy_drop,116,0.6858661055564881,0.008230149823037526,0.6858088970184326,0.008426134051659269,5
5000,subset_accuracy_drop,117,0.6858619809150696,0.008228541295116751,0.685810387134552,0.008428212181418848,5
5000,subset_accuracy_drop,118,0.6858577251434326,0.008226846358430826,0.6858121514320373,0.00843049016327629,5
5000,subset_accuracy_drop,119,0.6858530282974243,0.008224889692136115,0.6858141541481018,0.008433120665996864,5
5000,subset_accuracy_drop,120,0.6858481645584107,0.00822284011416743,0.685816514492035,0.008436038363516557,5
5000,subset_accuracy_drop,121,0.6858429431915283,0.008220521731715441,0.6858190417289733,0.008439123461647016,5
5000,subset_accuracy_drop,122,0.6858375549316407,0.008218148094183366,0.6858219027519226,0.008442566151637342,5
5000,subset_accuracy_drop,123,0.6858319163322448,0.008215466194280839,0.6858250260353088,0.008446085852017733,5
5000,subset_accuracy_drop,124,0.6858258843421936,0.008212534012060482,0.685828447341919,0.00844984104271984,5
5000,subset_accuracy_drop,125,0.6858196139335633,0.00820940798577688,0.6858321905136109,0.008453828193952696,5
5000,subset_accuracy_drop,126,0.685813045501709,0.008205994983396176,0.6858365535736084,0.008458255534599373,5
5000,subset_accuracy_drop,127,0.6858060121536255,0.008202252782195418,0.6858408451080322,0.008462442092063911,5
5000,subset_accuracy_drop,128,0.6857986927032471,0.008198239458854584,0.6858457326889038,0.008466984854869195,5
5000,subset_accuracy_drop,129,0.6857909917831421,0.008193955253068493,0.6858510971069336,0.008472020049343465,5
5000,subset_accuracy_drop,130,0.6857828736305237,0.008189407335152358,0.6858562707901001,0.008476798429505427,5
5000,subset_accuracy_drop,131,0.6857746601104736,0.008184781754491648,0.6858611464500427,0.008481223851198472,5
5000,subset_accuracy_drop,132,0.685766053199768,0.008179924669972255,0.6858679294586182,0.00848723542995408,5
5000,subset_accuracy_drop,133,0.6857563853263855,0.00817423190471602,0.6858723044395447,0.008491119792743643,5
5000,subset_accuracy_drop,134,0.6857470393180847,0.00816905842633607,0.6858777165412903,0.008496000132928165,5
5000,subset_accuracy_drop,135,0.6857377767562867,0.00816402704204106,0.6858867287635804,0.008504411713858746,5
5000,subset_accuracy_drop,136,0.6857264876365662,0.008157394867059192,0.685889720916748,0.008506935249313069,5
5000,subset_accuracy_drop,137,0.6857149243354798,0.00815077492329315,0.6858964204788208,0.008512965477996882,5
5000,subset_accuracy_drop,138,0.6857052564620971,0.008145814258364865,0.6859076976776123,0.008523207973000088,5
5000,subset_accuracy_drop,139,0.6856931686401367,0.008138863119104642,0.6859100580215454,0.008524933682849144,5
5000,subset_accuracy_drop,140,0.6856794834136963,0.00813075311268098,0.6859184861183166,0.00853231691354831,5
5000,subset_accuracy_drop,141,0.6856679677963257,0.008124581153314008,0.6859280824661255,0.00854096884459755,5
5000,subset_accuracy_drop,142,0.6856557846069335,0.008117902894781268,0.685932207107544,0.008543955489966162,5
5000,subset_accuracy_drop,143,0.6856411576271058,0.008109227683874063,0.6859442591667175,0.008554114069632884,5
5000,subset_accuracy_drop,144,0.6856270790100097,0.008101219125753258,0.6859546303749084,0.008562328699351746,5
5000,subset_accuracy_drop,145,0.6856135368347168,0.008093637833240484,0.6859616875648499,0.008567547400308913,5
5000,subset_accuracy_drop,146,0.6855992674827576,0.008085603225199944,0.6859792470932007,0.008582985887523892,5
5000,subset_accuracy_drop,147,0.6855807185173035,0.008074232589901508,0.6859849333763123,0.008586667298137283,5
5000,subset_accuracy_drop,148,0.6855647444725037,0.008065047339861653,0.6859978199005127,0.008597054522701047,5
5000,subset_accuracy_drop,149,0.6855501890182495,0.008057246149505782,0.6860186100006104,0.00861519280852505,5
5000,subset_accuracy_drop,150,0.6855312705039978,0.008046187992988047,0.6860257863998414,0.008620537670620404,5
5000,subset_accuracy_drop,151,0.6855177164077759,0.008039464650897206,0.6860492110252381,0.008642461546547613,5
5000,subset_accuracy_drop,152,0.6854989528656006,0.008028783008380383,0.6860549449920654,0.008645857027128058,5
5000,subset_accuracy_drop,153,0.6854830384254456,0.008020398572782375,0.6860768437385559,0.008665594913471927,5
5000,subset_accuracy_drop,154,0.6854607105255127,0.008006962932725193,0.6860806465148925,0.008666246614944884,5
5000,subset_accuracy_drop,155,0.685442328453064,0.007996569205231343,0.68609117269516,0.008676119589934507,5
5000,subset_accuracy_drop,156,0.685426390171051,0.00798856674890427,0.6861105561256409,0.008692221470298033,5
5000,subset_accuracy_drop,157,0.6854092836380005,0.00797882326924433,0.6861233711242676,0.008698262979254131,5
5000,subset_accuracy_drop,158,0.6854015350341797,0.00797766344558382,0.6861526131629944,0.008730101016789674,5
5000,subset_accuracy_drop,159,0.6853759407997131,0.007962139085426695,0.6861470699310303,0.008722109067179322,5
5000,subset_accuracy_drop,160,0.6853551626205444,0.007950657605072561,0.6861707329750061,0.008740937952017275,5
5000,subset_accuracy_drop,161,0.6853280901908875,0.007934891464038514,0.6861712694168091,0.008740143115329278,5
5000,subset_accuracy_drop,162,0.6853100776672363,0.007925365881507147,0.6861837148666382,0.0087533109525782,5
5000,subset_accuracy_drop,163,0.6853020787239075,0.00792424862412508,0.6862258911132812,0.008791149975868821,5
5000,subset_accuracy_drop,164,0.6852794885635376,0.007912135443581592,0.6862301588058471,0.008792381027488222,5
5000,subset_accuracy_drop,165,0.6852547287940979,0.007898740265766185,0.6862465858459472,0.008810856710941511,5
5000,subset_accuracy_drop,166,0.6852260112762452,0.007883109666718634,0.6862535834312439,0.008812561682449606,5
5000,subset_accuracy_drop,167,0.6852082371711731,0.007875235160922117,0.6862690925598145,0.008825361611262374,5
5000,subset_accuracy_drop,168,0.6852029323577881,0.007876271111992657,0.686302101612091,0.008860973036750966,5
5000,subset_accuracy_drop,169,0.6851715326309205,0.00785931733811851,0.6862943887710571,0.008846364825675135,5
5000,subset_accuracy_drop,170,0.6851450204849243,0.007845882802156355,0.686306631565094,0.008856156190404797,5
5000,subset_accuracy_drop,171,0.6851192474365234,0.007832934430311118,0.6863084197044372,0.00885651320136943,5
5000,subset_accuracy_drop,172,0.6851015567779541,0.007825117358270897,0.6863345026969909,0.008870602407441256,5
5000,subset_accuracy_drop,173,0.6851040005683899,0.007830059918474838,0.6863679409027099,0.008913101011325936,5
5000,subset_accuracy_drop,174,0.6850696444511414,0.007813729631427948,0.686379075050354,0.008908025629846383,5
5000,subset_accuracy_drop,175,0.6850358009338379,0.007797520737864238,0.6863892793655395,0.008922562591362506,5
5000,subset_accuracy_drop,176,0.6850122570991516,0.0077859100751326606,0.6863995313644409,0.008931340009001235,5
5000,subset_accuracy_drop,177,0.6849996209144592,0.007782969067474155,0.6864376187324523,0.008954053225436891,5
5000,subset_accuracy_drop,178,0.6849880576133728,0.007781546511964657,0.6864685773849487,0.008994730670997434,5
5000,subset_accuracy_drop,179,0.6849417209625244,0.007757854367712208,0.6864643692970276,0.008978925327153449,5
5000,subset_accuracy_drop,180,0.6849135041236878,0.0077453817444328495,0.686487352848053,0.008996183831399449,5
5000,subset_accuracy_drop,181,0.6849013686180114,0.007740285832893303,0.6865048050880432,0.00901748500557801,5
5000,subset_accuracy_drop,182,0.6848826169967651,0.007730794440496005,0.6865543723106384,0.009037348196325163,5
5000,subset_accuracy_drop,183,0.684855043888092,0.007722038266644957,0.686544144153595,0.009051244209894758,5
5000,subset_accuracy_drop,184,0.6848203301429748,0.007709542331511214,0.686562693119049,0.009065115716458117,5
5000,subset_accuracy_drop,185,0.6848100304603577,0.007704163430672509,0.6866055727005005,0.009087354190540258,5
5000,subset_accuracy_drop,186,0.6848026871681213,0.007704109028077745,0.686615788936615,0.009118233977876809,5
5000,subset_accuracy_drop,187,0.6847632527351379,0.007690986342440072,0.6866276264190674,0.009118850953341699,5
5000,subset_accuracy_drop,188,0.6847532153129577,0.007689423271314762,0.686670982837677,0.009158282644823882,5
5000,subset_accuracy_drop,189,0.6847214937210083,0.0076732028506910415,0.6866478800773621,0.00913943739089893,5
5000,subset_accuracy_drop,190,0.6846875071525573,0.007662015680594273,0.6866879343986512,0.009165542321894196,5
5000,subset_accuracy_drop,191,0.6846612215042114,0.00765404997965245,0.6867050290107727,0.009188458688811811,5
5000,subset_accuracy_drop,192,0.6846515297889709,0.007651975314720196,0.6867342114448547,0.009219282556080824,5
5000,subset_accuracy_drop,193,0.6846754312515259,0.007667846085120896,0.6868426442146301,0.00930959997825159,5
5000,subset_accuracy_drop,194,0.6846614241600036,0.007665515120548756,0.6868236064910889,0.009308818462388558,5
5000,subset_accuracy_drop,195,0.6846195220947265,0.00765258768378437,0.686858081817627,0.009330610035087897,5
5000,subset_accuracy_drop,196,0.6845473408699035,0.007619648974730795,0.686803936958313,0.009267126511176773,5
5000,subset_accuracy_drop,197,0.684570038318634,0.007634449827117128,0.6868404865264892,0.009309525451697205,5
5000,subset_accuracy_drop,198,0.6845741987228393,0.007640745979532471,0.6869156360626221,0.009364499326307226,5
5000,subset_accuracy_drop,199,0.6845074653625488,0.007608384127918897,0.6868465542793274,0.009300888373370713,5
5000,subset_accuracy_drop,200,0.6845097184181214,0.007620865014555895,0.6869059562683105,0.009351009918086477,5
5000,subset_accuracy_drop,201,0.6844800710678101,0.007612943428208235,0.6869152903556823,0.009366792473983324,5
5000,subset_accuracy_drop,202,0.6844478964805603,0.0075973427411170765,0.6869009017944336,0.00934653449647066,5
5000,subset_accuracy_drop,203,0.6844565629959106,0.007604621909781214,0.6869657397270202,0.009385261373633633,5
5000,subset_accuracy_drop,204,0.6844258308410645,0.007590074088733338,0.6869414329528809,0.00937340439199081,5
5000,subset_accuracy_drop,205,0.6844021558761597,0.007590557496457848,0.6869914650917053,0.009410189916572238,5
5000,subset_accuracy_drop,206,0.6843742370605469,0.0075853734741780955,0.6869765996932984,0.009406816552750425,5
5000,subset_accuracy_drop,207,0.6843390703201294,0.0075723483017834815,0.6869781017303467,0.009403578170296618,5
5000,subset_accuracy_drop,208,0.6843695044517517,0.007588941030137012,0.6870685577392578,0.00948083653062933,5
5000,subset_accuracy_drop,209,0.6843208909034729,0.0075664396427953156,0.6870216131210327,0.009441025342141734,5
5000,subset_accuracy_drop,210,0.684295916557312,0.00756463780432285,0.6870620965957641,0.009468555594558316,5
5000,subset_accuracy_drop,211,0.6842905521392822,0.007569787929447361,0.6870750904083252,0.00949764413616393,5
5000,subset_accuracy_drop,212,0.6842442750930786,0.007552782669228585,0.6870655298233033,0.00947990733971941,5
5000,subset_accuracy_drop,213,0.6842427492141724,0.007556220536293604,0.687113344669342,0.00951756839791852,5
5000,subset_accuracy_drop,214,0.6842234849929809,0.007546306269799844,0.6871109366416931,0.009519206436795283,5
5000,subset_accuracy_drop,215,0.6842186570167541,0.007547691209218316,0.6871862530708313,0.009569707133887355,5
5000,subset_accuracy_drop,216,0.68419189453125,0.0075403578847056145,0.6871679663658142,0.009574427623948736,5
5000,subset_accuracy_drop,217,0.684142243862152,0.007531340275885481,0.687187671661377,0.009586897264019754,5
5000,subset_accuracy_drop,218,0.6841465950012207,0.007537113142831064,0.687234902381897,0.009635029054673627,5
5000,subset_accuracy_drop,219,0.6841292023658753,0.007525781016890729,0.6872296929359436,0.00963244513221212,5
5000,subset_accuracy_drop,220,0.6841032266616821,0.007520359538742985,0.687285304069519,0.009662320748382181,5
5000,subset_accuracy_drop,221,0.6840857028961181,0.007522574932481089,0.6872823119163514,0.009692995262416458,5
5000,subset_accuracy_drop,222,0.6840382218360901,0.007512169174995914,0.6873021245002746,0.009713235411355997,5
5000,subset_accuracy_drop,223,0.6840251803398132,0.007508598434773316,0.6873597979545594,0.009760463765846801,5
5000,subset_accuracy_drop,224,0.6840325713157653,0.007511250246952664,0.6873860716819763,0.009805690019500315,5
5000,subset_accuracy_drop,225,0.6839883208274842,0.007501920576994611,0.6874235391616821,0.009823945935113987,5
5000,subset_accuracy_drop,226,0.6839562058448792,0.007497477814978172,0.6874003291130066,0.009818903137802272,5
5000,subset_accuracy_drop,227,0.6839429616928101,0.00749837938500056,0.687424898147583,0.009844176969806934,5
5000,subset_accuracy_drop,228,0.6839161157608032,0.007491832019922721,0.6874433636665345,0.009847956017568512,5
5000,subset_accuracy_drop,229,0.6838950157165528,0.0074875989971638305,0.6874398350715637,0.00985576052875098,5
5000,subset_accuracy_drop,230,0.6838711142539978,0.007486336753908328,0.6874770760536194,0.009887999906216407,5
5000,subset_accuracy_drop,231,0.6838414192199707,0.007481364730314288,0.6874886512756347,0.00990455852384782,5
5000,subset_accuracy_drop,232,0.6838199973106385,0.007477709665288715,0.687511432170868,0.00993126996986032,5
5000,subset_accuracy_drop,233,0.6837973475456238,0.007475670868774041,0.6875563979148864,0.009969688714560547,5
5000,subset_accuracy_drop,234,0.6837681889533996,0.007471022179994485,0.6875731706619262,0.009995140628717395,5
5000,subset_accuracy_drop,235,0.6837427258491516,0.007468596270802833,0.6876071333885193,0.010021221539357436,5
5000,subset_accuracy_drop,236,0.6837180733680726,0.0074651920466068545,0.6876195549964905,0.010037656576190889,5
5000,subset_accuracy_drop,237,0.6836848735809327,0.00746146696763923,0.6876656532287597,0.010077500112046478,5
5000,subset_accuracy_drop,238,0.6836583495140076,0.007459418462107559,0.6877078652381897,0.01013022153324324,5
5000,subset_accuracy_drop,239,0.6836310029029846,0.007457128866648448,0.6877614855766296,0.010190830924980384,5
5000,subset_accuracy_drop,240,0.6836005210876465,0.007453741401832441,0.687803304195404,0.010223435245160586,5
5000,subset_accuracy_drop,241,0.6835806369781494,0.007451079411736593,0.6877994298934936,0.010220151483761488,5
5000,subset_accuracy_drop,242,0.6835636496543884,0.007449230442141113,0.6878590822219849,0.01024069860228579,5
5000,subset_accuracy_drop,243,0.6836001515388489,0.007450233854283832,0.6878825783729553,0.01027433540213093,5
5000,subset_accuracy_drop,244,0.6835761904716492,0.007449267497771396,0.688019585609436,0.010371143580686259,5
5000,subset_accuracy_drop,245,0.683595597743988,0.007464443912124553,0.688009512424469,0.010455114472703664,5
5000,subset_accuracy_drop,246,0.6835474014282227,0.007472214868134483,0.6880769252777099,0.010570490874092323,5
5000,subset_accuracy_drop,247,0.683563506603241,0.007465628932503446,0.6881105899810791,0.010512735585669853,5
5000,subset_accuracy_drop,248,0.6834508657455445,0.007442760020325467,0.6879584074020386,0.010358540814934388,5
5000,subset_accuracy_drop,249,0.6833953142166138,0.0074512901484936785,0.6879766106605529,0.010418509902279134,5
5000,subset_accuracy_drop,250,0.6834729909896851,0.007460361133316895,0.6880710363388062,0.01044802006138457,5
5000,subset_accuracy_drop,251,0.6833254098892212,0.007441300312719485,0.6879388570785523,0.010343565116589015,5
5000,subset_accuracy_drop,252,0.6833328247070313,0.0074514400584415694,0.6880257844924926,0.010470165336661591,5
5000,subset_accuracy_drop,253,0.6833553910255432,0.007453541600145539,0.6881154417991638,0.01048894366891249,5
5000,subset_accuracy_drop,254,0.6832098841667176,0.007444098947748251,0.6880157828330994,0.010436951617856528,5
5000,subset_accuracy_drop,255,0.6832853436470032,0.007454299667473515,0.6881315588951111,0.010570402372070775,5
5000,subset_accuracy_drop,256,0.6831845164299011,0.007449580868811159,0.6880868673324585,0.010464388704434814,5
5000,subset_accuracy_drop,257,0.6831443309783936,0.007451446927248254,0.6880859375,0.010462899366704432,5
5000,subset_accuracy_drop,258,0.6831423997879028,0.007453549540210686,0.6881333470344544,0.01052076216787546,5
5000,subset_accuracy_drop,259,0.683039665222168,0.0074522957073479106,0.6881313443183898,0.01050082303902207,5
5000,subset_accuracy_drop,260,0.6830590009689331,0.007457994834509341,0.6882453560829163,0.010585047402528238,5
5000,subset_accuracy_drop,261,0.682997465133667,0.007458665404948145,0.6882620215415954,0.010630482721099978,5
5000,subset_accuracy_drop,262,0.6829358696937561,0.0074602857456676185,0.6882857203483581,0.010633313905842282,5
5000,subset_accuracy_drop,263,0.6829436659812927,0.0074667224220269415,0.6883945941925049,0.010708680524798609,5
5000,subset_accuracy_drop,264,0.6828527450561523,0.007468284238318729,0.6884285569190979,0.010768810559455836,5
5000,subset_accuracy_drop,265,0.6828374266624451,0.007473001339894309,0.6884976506233216,0.010829079081595814,5
5000,subset_accuracy_drop,266,0.6828091859817504,0.007478692568499146,0.6885469317436218,0.010844468433781325,5
5000,subset_accuracy_drop,267,0.682722544670105,0.007481950783724463,0.688591206073761,0.010879409120430596,5
5000,subset_accuracy_drop,268,0.6827013373374939,0.007489594108121397,0.6886353254318237,0.010893434861017482,5
5000,subset_accuracy_drop,269,0.6827322721481324,0.007504523214963049,0.6887270450592041,0.010937178240023172,5
5000,subset_accuracy_drop,270,0.6826494574546814,0.007509102060929853,0.6888208270072937,0.010999068917588175,5
5000,subset_accuracy_drop,271,0.6825791954994201,0.007511457341958179,0.6888198018074035,0.011075274492488683,5
5000,subset_accuracy_drop,272,0.6826141357421875,0.00752760146424806,0.6888888120651245,0.011095461463145438,5
5000,subset_accuracy_drop,273,0.6824856996536255,0.007529007492758852,0.6889165759086608,0.011141021534051486,5
5000,subset_accuracy_drop,274,0.6824910163879394,0.007546203179493965,0.6889394998550415,0.011089943892532034,5
5000,subset_accuracy_drop,275,0.682406997680664,0.007550795344669562,0.6889233827590943,0.011128730752716512,5
5000,subset_accuracy_drop,276,0.6823989272117614,0.007566424291755476,0.6890440106391906,0.011221899748918638,5
5000,subset_accuracy_drop,277,0.6823387384414673,0.00757687449973393,0.6890374422073364,0.011220297833754483,5
5000,subset_accuracy_drop,278,0.6822945356369019,0.0075900754667888376,0.6890985131263733,0.01127093884860366,5
5000,subset_accuracy_drop,279,0.6822600722312927,0.007604810869341526,0.689180564880371,0.011373588750962851,5
5000,subset_accuracy_drop,280,0.6822122931480408,0.007618213685682305,0.6891670107841492,0.011359058835537918,5
5000,subset_accuracy_drop,281,0.6821552276611328,0.007638155430241561,0.6892512559890747,0.011401913348688912,5
5000,subset_accuracy_drop,282,0.6820907831192017,0.0076517596645850824,0.6892811417579651,0.011445201272272557,5
5000,subset_accuracy_drop,283,0.6820832252502441,0.007671318067168897,0.6892917394638062,0.01143123405969412,5
5000,subset_accuracy_drop,284,0.6820011138916016,0.00768562089590347,0.6893146514892579,0.011448658991269595,5
5000,subset_accuracy_drop,285,0.6819652199745179,0.007707247361213823,0.6893673777580261,0.011436764352489713,5
5000,subset_accuracy_drop,286,0.6819140076637268,0.007724483643347207,0.6893771290779114,0.011472671661882167,5
5000,subset_accuracy_drop,287,0.6818608283996582,0.0077449412284976505,0.6894606471061706,0.01153174913916052,5
5000,subset_accuracy_drop,288,0.681813097000122,0.00776444954404647,0.6894951462745667,0.011539375628234294,5
5000,subset_accuracy_drop,289,0.6817556023597717,0.007781794119183336,0.6895425200462342,0.011583115643436784,5
5000,subset_accuracy_drop,290,0.6817381381988525,0.0077984222997033404,0.6895988464355469,0.011582748387134266,5
5000,subset_accuracy_drop,291,0.681677520275116,0.00781273012855612,0.6896504282951355,0.011636272470331532,5
5000,subset_accuracy_drop,292,0.6816018581390381,0.007844894280184748,0.6897103548049927,0.011679949435389452,5
5000,subset_accuracy_drop,293,0.6815612435340881,0.007864939121082196,0.6897405982017517,0.011695259337853266,5
5000,subset_accuracy_drop,294,0.6815006852149963,0.007878233113104696,0.6897808909416199,0.011696988261515972,5
5000,subset_accuracy_drop,295,0.6814590096473694,0.00790115366548618,0.6898043155670166,0.01170347420760985,5
5000,subset_accuracy_drop,296,0.6814246773719788,0.0079202424200717,0.6898635745048523,0.01175835094784667,5
5000,subset_accuracy_drop,297,0.681430184841156,0.007929180473695903,0.689957320690155,0.011823419564523192,5
5000,subset_accuracy_drop,298,0.6814483523368835,0.007941392839693459,0.6900510907173156,0.011956982442117618,5
5000,subset_accuracy_drop,299,0.6814372301101684,0.007953570124684775,0.690115225315094,0.011913816912676824,5
5000,subset_accuracy_drop,300,0.6812997341156006,0.008001185057036,0.6900559306144715,0.01178341015302199,5
5000,subset_accuracy_drop,301,0.6811874866485595,0.00801351663713984,0.6900760173797608,0.011788363438937978,5
5000,subset_accuracy_drop,302,0.6812237143516541,0.008017457446780389,0.6901569843292237,0.011903246169962583,5
5000,subset_accuracy_drop,303,0.6811423182487488,0.00805292984247942,0.6901519298553467,0.011896825988630974,5
5000,subset_accuracy_drop,304,0.6810257315635682,0.008086327204820156,0.6901923894882203,0.011834725890316061,5
5000,subset_accuracy_drop,305,0.6810657262802124,0.008079027919432193,0.6902092099189758,0.011892216838683875,5
5000,subset_accuracy_drop,306,0.6809242010116577,0.008102241233465843,0.6902063965797425,0.011825053165435272,5
5000,subset_accuracy_drop,307,0.6809068322181702,0.00811214985828126,0.6903623580932617,0.011866034107676745,5
5000,subset_accuracy_drop,308,0.6810780525207519,0.008083483613380245,0.6904613494873046,0.012029231415636048,5
5000,subset_accuracy_drop,309,0.680839741230011,0.008174209982122699,0.690451180934906,0.011899404266999689,5
5000,subset_accuracy_drop,310,0.6808648109436035,0.00821286725516761,0.6904691219329834,0.011813999125460365,5
5000,subset_accuracy_drop,311,0.6810837388038635,0.008221603146533793,0.6906153440475464,0.011860704268565506,5
5000,subset_accuracy_drop,312,0.6807210564613342,0.008217462965799675,0.690559470653534,0.011921405996791272,5
5000,subset_accuracy_drop,313,0.6807494282722473,0.008249314835308398,0.6905852556228638,0.012067732101701915,5
5000,subset_accuracy_drop,314,0.6807350158691406,0.008265612317357651,0.6906284809112548,0.012137070713212985,5
5000,subset_accuracy_drop,315,0.6805392384529114,0.008276094909677519,0.6905733227729798,0.012078255907274394,5
5000,subset_accuracy_drop,316,0.6807355642318725,0.008288191080182552,0.6907117605209351,0.012174496209760893,5
5000,subset_accuracy_drop,317,0.6804814457893371,0.008293469877116853,0.690656304359436,0.012343512026195762,5
5000,subset_accuracy_drop,318,0.6805156230926513,0.00835710389019935,0.6907757163047791,0.012280969840283838,5
5000,subset_accuracy_drop,319,0.6805260658264161,0.008288406806181472,0.6907333374023438,0.01242436372140292,5
5000,subset_accuracy_drop,320,0.6804443597793579,0.008368410892135594,0.6907413601875305,0.012197473430237844,5
5000,subset_accuracy_drop,321,0.680307400226593,0.008371061432032702,0.690604567527771,0.01218614312530502,5
5000,subset_accuracy_drop,322,0.680389130115509,0.008394558925202166,0.6907215476036072,0.012246484139529041,5
5000,subset_accuracy_drop,323,0.6801746964454651,0.00842764925866722,0.6907133340835572,0.012252872622823353,5
5000,subset_accuracy_drop,324,0.6802996754646301,0.008408686288589177,0.6908539891242981,0.012356858753336841,5
5000,subset_accuracy_drop,325,0.6800794839859009,0.008458953551109741,0.6907797813415527,0.012299939741892236,5
5000,subset_accuracy_drop,326,0.6801168203353882,0.008485949309774367,0.6908553123474122,0.012352122959262786,5
5000,subset_accuracy_drop,327,0.6800637602806091,0.008480889929456142,0.6908671736717225,0.012439378354361964,5
5000,subset_accuracy_drop,328,0.6799811482429504,0.008535068961487377,0.6909635424613952,0.012422209363537731,5
5000,subset_accuracy_drop,329,0.679976761341095,0.008501393053917965,0.6909966588020324,0.01253391125963325,5
5000,subset_accuracy_drop,330,0.6799299359321594,0.008550869520543023,0.6910809516906739,0.012539354258126632,5
5000,subset_accuracy_drop,331,0.6798265218734741,0.00857440489678535,0.6910603046417236,0.012529726880521605,5
5000,subset_accuracy_drop,332,0.6798548221588134,0.008575798362896514,0.6911634206771851,0.012581387032254778,5
5000,subset_accuracy_drop,333,0.6797203898429871,0.00861745749729384,0.6911447405815124,0.012468965585550806,5
5000,subset_accuracy_drop,334,0.6798465132713318,0.00857261047691634,0.6912097692489624,0.012554065548467176,5
5000,subset_accuracy_drop,335,0.6797621965408325,0.008605119806499171,0.6913437843322754,0.012509335201560392,5
5000,subset_accuracy_drop,336,0.6798569440841675,0.008607603109125296,0.6913151025772095,0.012501662739700964,5
5000,subset_accuracy_drop,337,0.6796660780906677,0.008626733524926,0.6913805484771729,0.012533996988509738,5
5000,subset_accuracy_drop,338,0.679532265663147,0.008693364991462997,0.6912736177444458,0.012578726257781394,5
5000,subset_accuracy_drop,339,0.679488742351532,0.008720031280973529,0.6913306236267089,0.012716277150123259,5
5000,subset_accuracy_drop,340,0.6795073628425599,0.008720962605279317,0.6915067434310913,0.01279088805825268,5
5000,subset_accuracy_drop,341,0.6794297456741333,0.008727022352869465,0.6914309382438659,0.012793873091663108,5
5000,subset_accuracy_drop,342,0.679356849193573,0.008781570892955816,0.6915050745010376,0.012821794081910951,5
5000,subset_accuracy_drop,343,0.6793016195297241,0.008793254841066018,0.6915446758270264,0.012907931609707322,5
5000,subset_accuracy_drop,344,0.6792708992958069,0.008809494831354426,0.6915934085845947,0.012926194237185478,5
5000,subset_accuracy_drop,345,0.6792090177536011,0.008835031092588992,0.6916516184806824,0.012863999018913393,5
5000,subset_accuracy_drop,346,0.6791825771331788,0.008834682945925472,0.691632616519928,0.012874294235311475,5
5000,subset_accuracy_drop,347,0.6791152477264404,0.008888429993281634,0.6916677713394165,0.012810126322267627,5
5000,subset_accuracy_drop,348,0.679067587852478,0.008898825777523286,0.6917320847511291,0.012856637768258626,5
5000,subset_accuracy_drop,349,0.6791419267654419,0.008881330474651504,0.69180246591568,0.012928757726487933,5
5000,subset_accuracy_drop,350,0.6790096998214722,0.008914060277708977,0.6918785691261291,0.012924810530114975,5
5000,subset_accuracy_drop,351,0.678936493396759,0.008931284017031308,0.6918287992477417,0.012934519146985032,5
5000,subset_accuracy_drop,352,0.6789256811141968,0.008961937618249595,0.6918954133987427,0.01297797433284864,5
5000,subset_accuracy_drop,353,0.6788411378860474,0.008996121295655529,0.6920031666755676,0.013145366975351085,5
5000,subset_accuracy_drop,354,0.6788104057312012,0.009018257760859051,0.6921203851699829,0.013314230348678797,5
5000,subset_accuracy_drop,355,0.6787680387496948,0.009028111732860734,0.6922304153442382,0.01334619412557425,5
5000,subset_accuracy_drop,356,0.6787118077278137,0.009028994644552766,0.6922035813331604,0.013300278000032145,5
5000,subset_accuracy_drop,357,0.6786573529243469,0.00908041509148036,0.6922185063362122,0.01316146155433703,5
5000,subset_accuracy_drop,358,0.678609311580658,0.009104926987994873,0.692238962650299,0.01325935322110169,5
5000,subset_accuracy_drop,359,0.6785481810569763,0.009129098268202237,0.6923091053962708,0.013330103274369077,5
5000,subset_accuracy_drop,360,0.6785243153572083,0.009140254028535385,0.6924011826515197,0.013286781764678724,5
5000,subset_accuracy_drop,361,0.6785183072090148,0.009117374566815025,0.6923937559127807,0.013334931655083315,5
5000,subset_accuracy_drop,362,0.6784484148025512,0.009182549316775798,0.692484712600708,0.013374045771502864,5
5000,subset_accuracy_drop,363,0.6784647941589356,0.009198646873817558,0.6925391912460327,0.013495236501809282,5
5000,subset_accuracy_drop,364,0.6784446001052856,0.009197036925038255,0.6926627397537232,0.01357138990820299,5
5000,subset_accuracy_drop,365,0.6785539269447327,0.009189082528643129,0.6927208662033081,0.013507174637606858,5
5000,subset_accuracy_drop,366,0.6784456849098206,0.009212469323746487,0.6927797079086304,0.013535379566613166,5
5000,subset_accuracy_drop,367,0.6782703638076782,0.009276198337257655,0.6926602721214294,0.013490352834000314,5
5000,subset_accuracy_drop,368,0.6782135725021362,0.009293532303311125,0.6927364587783813,0.013687573686254539,5
5000,subset_accuracy_drop,369,0.6782373785972595,0.009320498607638904,0.6928706407546997,0.013695533584943374,5
5000,subset_accuracy_drop,370,0.6782205462455749,0.009326766685082458,0.692781126499176,0.013624181837738801,5
5000,subset_accuracy_drop,371,0.6780937314033508,0.009342010053871983,0.6927971720695496,0.013716111227835958,5
5000,subset_accuracy_drop,372,0.678140151500702,0.009345427447765198,0.6929806590080261,0.013795074196124722,5
5000,subset_accuracy_drop,373,0.6781367421150207,0.009359949442521696,0.6929457187652588,0.013877965066615167,5
5000,subset_accuracy_drop,374,0.6779094338417053,0.00945847546831234,0.6928589701652527,0.01375462404844024,5
5000,subset_accuracy_drop,375,0.6779556155204773,0.009454551514651232,0.692926001548767,0.013677521325786804,5
5000,subset_accuracy_drop,376,0.6780140161514282,0.00941608171009014,0.6928897500038147,0.013695654185613505,5
5000,subset_accuracy_drop,377,0.6778397679328918,0.009483260646723512,0.6929202914237976,0.013669006606819393,5
5000,subset_accuracy_drop,378,0.6778542757034302,0.009500789309726658,0.6930433869361877,0.013806578555995309,5
5000,subset_accuracy_drop,379,0.6778569340705871,0.009507381884459026,0.6930058121681213,0.013750434073632788,5
5000,subset_accuracy_drop,380,0.6777132272720336,0.009562053191389584,0.6930091500282287,0.013678848672105757,5
5000,subset_accuracy_drop,381,0.6777403712272644,0.009541745081642097,0.6932196378707886,0.013902764455898928,5
5000,subset_accuracy_drop,382,0.6777241706848145,0.009537056769806386,0.6933371186256408,0.013916778168159828,5
5000,subset_accuracy_drop,383,0.6776094436645508,0.009592506083041068,0.6933122634887695,0.013991679688471833,5
5000,subset_accuracy_drop,384,0.6775864124298095,0.009652235301942614,0.6933995842933655,0.014012231377307786,5
5000,subset_accuracy_drop,385,0.677562665939331,0.009659718528288902,0.6934908390045166,0.014224496706438772,5
5000,subset_accuracy_drop,386,0.6775013208389282,0.00966442572870236,0.6935071229934693,0.014287141711804893,5
5000,subset_accuracy_drop,387,0.6775193333625793,0.009645793306635378,0.6935937404632568,0.01420359174272331,5
5000,subset_accuracy_drop,388,0.6774923086166382,0.009661070336365332,0.6934407711029053,0.014178256774193453,5
5000,subset_accuracy_drop,389,0.6773928880691529,0.009748206207798062,0.6935133218765259,0.014301406862881049,5
5000,subset_accuracy_drop,390,0.6774041652679443,0.009751054043183919,0.6936477065086365,0.014248742817555329,5
5000,subset_accuracy_drop,391,0.6773878455162048,0.009748195871684557,0.6936654448509216,0.01434049175578235,5
5000,subset_accuracy_drop,392,0.6772058367729187,0.009841225312660858,0.693638277053833,0.014351444874030795,5
5000,subset_accuracy_drop,393,0.6772300601005554,0.009823019132833673,0.6936980724334717,0.014336188536517925,5
5000,subset_accuracy_drop,394,0.6772633790969849,0.00981660097942307,0.6937355518341064,0.014326848707193422,5
5000,subset_accuracy_drop,395,0.6771196365356446,0.009910452659697413,0.6937307476997375,0.014208888693642443,5
5000,subset_accuracy_drop,396,0.6771010279655456,0.009923678283614751,0.6937177181243896,0.014297491042183317,5
5000,subset_accuracy_drop,397,0.6771498084068298,0.009873004291229571,0.6938072323799134,0.014448600108551453,5
5000,subset_accuracy_drop,398,0.6770583271980286,0.009911507685928411,0.6937427401542664,0.014299491228206512,5
5000,subset_accuracy_drop,399,0.6769964456558227,0.009983448195579113,0.6937664389610291,0.01438073437270763,5
5000,subset_accuracy_drop,400,0.6769658088684082,0.01003811543113192,0.6938470959663391,0.01438969844272212,5
5000,subset_accuracy_drop,401,0.6769318819046021,0.01004593137814429,0.6938739776611328,0.014375953255505761,5
5000,subset_accuracy_drop,402,0.6769036173820495,0.010005582801281753,0.6938844084739685,0.014460834132033473,5
5000,subset_accuracy_drop,403,0.6767976403236389,0.010085787478092804,0.6939000368118287,0.014430966865240754,5
5000,subset_accuracy_drop,404,0.6768071532249451,0.010133460473842563,0.6940131306648254,0.01452152400755599,5
5000,subset_accuracy_drop,405,0.6768234014511109,0.010095549108226659,0.6941261649131775,0.014675336526722642,5
5000,subset_accuracy_drop,406,0.6767755627632142,0.010085696903417792,0.6940307021141052,0.014536366904566653,5
5000,subset_accuracy_drop,407,0.6767495036125183,0.010113678952221691,0.6940430045127869,0.014538621276838125,5
5000,subset_accuracy_drop,408,0.6766500830650329,0.010201224516134437,0.6940488815307617,0.01445395595066651,5
5000,subset_accuracy_drop,409,0.6766281604766846,0.010215586297960634,0.6941356182098388,0.014482648740159918,5
5000,subset_accuracy_drop,410,0.6766818165779114,0.010140104473349336,0.6942357540130615,0.014652860083789637,5
5000,subset_accuracy_drop,411,0.6765995860099793,0.010209047648086033,0.6942750692367554,0.014583858978287989,5
5000,subset_accuracy_drop,412,0.6766253471374511,0.010229523711977355,0.6942973136901855,0.01462630539682806,5
5000,subset_accuracy_drop,413,0.6765394449234009,0.010235766888664474,0.6943382859230042,0.014745156743458167,5
5000,subset_accuracy_drop,414,0.6764895558357239,0.010252773786923389,0.694287371635437,0.014624138613638324,5
5000,subset_accuracy_drop,415,0.6764949083328247,0.010263408932195434,0.6942882657051086,0.014593763378182556,5
5000,subset_accuracy_drop,416,0.6764309525489807,0.010334715693127054,0.6943242907524109,0.014464104157089411,5
5000,subset_accuracy_drop,417,0.6764045476913452,0.010343236522714832,0.6943249940872193,0.014593520168050161,5
5000,subset_accuracy_drop,418,0.6763006448745728,0.010377980155368921,0.6943941593170166,0.014722612226231184,5
5000,subset_accuracy_drop,419,0.6762437582015991,0.010427148415729224,0.6943950057029724,0.014660949505379767,5
5000,subset_accuracy_drop,420,0.6762558460235596,0.010432172954438912,0.694441020488739,0.014737080355571603,5
5000,subset_accuracy_drop,421,0.6761893033981323,0.010456036274682237,0.6945106983184814,0.014836051104839182,5
5000,subset_accuracy_drop,422,0.6761350512504578,0.010486987140710195,0.6945052862167358,0.01487792428041928,5
5000,subset_accuracy_drop,423,0.6760964155197143,0.010513437686200455,0.6945225954055786,0.014824497906000832,5
5000,subset_accuracy_drop,424,0.6761470913887024,0.010479833606686077,0.6945753455162048,0.014873808987225078,5
5000,subset_accuracy_drop,425,0.6762738227844238,0.010411839986227132,0.6946611523628234,0.014882494461371475,5
5000,subset_accuracy_drop,426,0.6760376811027526,0.010541464062034623,0.6946773052215576,0.014962768646247923,5
5000,subset_accuracy_drop,427,0.6759762763977051,0.010577148503476226,0.6946209788322448,0.014884442114492812,5
5000,subset_accuracy_drop,428,0.6760846972465515,0.010506420976636736,0.6946527004241944,0.014785676641595176,5
5000,subset_accuracy_drop,429,0.676093852519989,0.010485708347069366,0.6946701645851135,0.014878017602388048,5
5000,subset_accuracy_drop,430,0.6759016990661622,0.010621228574307409,0.6946243286132813,0.014795731779960792,5
5000,subset_accuracy_drop,431,0.6758804798126221,0.010644788252634528,0.6947305917739868,0.01497202892899172,5
5000,subset_accuracy_drop,432,0.6759947180747986,0.010549159108777191,0.6949109435081482,0.01521822663276774,5
5000,subset_accuracy_drop,433,0.675976574420929,0.010560839054905777,0.694894802570343,0.01510677580463636,5
5000,subset_accuracy_drop,434,0.6757392168045044,0.010724263390278474,0.6947922706604004,0.014978623221006154,5
5000,subset_accuracy_drop,435,0.6757341265678406,0.010725742135928596,0.694863784313202,0.015023942653026819,5
5000,subset_accuracy_drop,436,0.6758533596992493,0.010641652131894965,0.6949482440948487,0.015104756168923638,5
5000,subset_accuracy_drop,437,0.6757511496543884,0.010712320970116802,0.6949613571166993,0.01492215156841284,5
5000,subset_accuracy_drop,438,0.6758187890052796,0.010669436162393858,0.6949315905570984,0.014790169511297796,5
5000,subset_accuracy_drop,439,0.6758295178413392,0.010661191288675046,0.6949453115463257,0.014458226983112513,5
5000,subset_accuracy_drop,440,0.6758447289466858,0.010751789940030619,0.6949896931648254,0.01473292402979064,5
5000,subset_accuracy_drop,441,0.6757933259010315,0.010841891781127096,0.6951635718345642,0.015118580590669827,5
5000,subset_accuracy_drop,442,0.6756493926048279,0.010875617918129259,0.6951401591300964,0.015066675393852385,5
5000,subset_accuracy_drop,443,0.6756086587905884,0.010776769029588525,0.6951226234436035,0.015172439030141675,5
5000,subset_accuracy_drop,444,0.6755247473716736,0.010871969840730824,0.6950899362564087,0.015286074498352174,5
5000,subset_accuracy_drop,445,0.6754947066307068,0.010912868540115816,0.6951293706893921,0.015164286928350772,5
5000,subset_accuracy_drop,446,0.6754944801330567,0.010901640933389542,0.6951372742652893,0.015317698840999053,5
5000,subset_accuracy_drop,447,0.6754181385040283,0.010947158423879446,0.695106816291809,0.015427100143402112,5
5000,subset_accuracy_drop,448,0.675365936756134,0.010956683869572409,0.6951446533203125,0.015226763732573,5
5000,subset_accuracy_drop,449,0.6753541350364685,0.010997431356610504,0.6951223731040954,0.015362024197943107,5
5000,subset_accuracy_drop,450,0.6753321647644043,0.011038261480944864,0.6951507687568664,0.015414388169595231,5
5000,subset_accuracy_drop,451,0.6753295660018921,0.010973703991587189,0.6952480912208557,0.015220075693182391,5
5000,subset_accuracy_drop,452,0.6752723097801209,0.011014858012395356,0.6952399373054504,0.015460564363398273,5
5000,subset_accuracy_drop,453,0.6751848816871643,0.011099408066235586,0.6952420353889466,0.015437989503795463,5
5000,subset_accuracy_drop,454,0.6751587748527527,0.011122782793404947,0.6954131960868836,0.015452308524255852,5
5000,subset_accuracy_drop,455,0.6750972390174865,0.011149527017927189,0.6954399228096009,0.0156653582447074,5
5000,subset_accuracy_drop,456,0.6751319289207458,0.011094751844452438,0.6954959630966187,0.015676508265623577,5
5000,subset_accuracy_drop,457,0.6750872373580933,0.01115593397655806,0.695552134513855,0.015740919139098808,5
5000,subset_accuracy_drop,458,0.6750219583511352,0.01120088633275206,0.6954765796661377,0.015559598932542006,5
5000,subset_accuracy_drop,459,0.6749912023544311,0.011191083736704818,0.6954044938087464,0.015495480709564101,5
5000,subset_accuracy_drop,460,0.6749064564704895,0.01125448168921726,0.695400333404541,0.015493676029508406,5
5000,subset_accuracy_drop,461,0.6749291777610779,0.011251098491286126,0.6955721139907837,0.015492821313699546,5
5000,subset_accuracy_drop,462,0.6748966097831726,0.011272637390470545,0.695676040649414,0.015769777581669638,5
5000,subset_accuracy_drop,463,0.6748518466949462,0.011292283946710056,0.6956930518150329,0.015816408759060773,5
5000,subset_accuracy_drop,464,0.6748192429542541,0.011297030095215828,0.6958094596862793,0.01579094494545853,5
5000,subset_accuracy_drop,465,0.6747570872306824,0.011345534508208764,0.69589182138443,0.01602209127289242,5
5000,subset_accuracy_drop,466,0.6747959733009339,0.011334778504252883,0.6959870100021363,0.016060733881871705,5
5000,subset_accuracy_drop,467,0.6747578620910645,0.011362126992300693,0.6960215926170349,0.016050690741989837,5
5000,subset_accuracy_drop,468,0.6747188568115234,0.011391743965119572,0.6958536624908447,0.01584101046261495,5
5000,subset_accuracy_drop,469,0.6748424172401428,0.011261842218430542,0.6958986639976501,0.015809302441022785,5
5000,subset_accuracy_drop,470,0.674734628200531,0.011333731537399819,0.6959818243980408,0.015955737293522718,5
5000,subset_accuracy_drop,471,0.6746161460876465,0.0114658994548232,0.6960845112800598,0.015951216341204444,5
5000,subset_accuracy_drop,472,0.6746306538581848,0.011478261387908287,0.696195924282074,0.0160586002325984,5
5000,subset_accuracy_drop,473,0.6746905326843262,0.011440161237587778,0.6962961316108703,0.01624470990991643,5
5000,subset_accuracy_drop,474,0.674631130695343,0.011463795900354712,0.6961287498474121,0.01592035329921754,5
5000,subset_accuracy_drop,475,0.6745019555091858,0.011534328309110334,0.6959640622138977,0.0158252161649634,5
5000,subset_accuracy_drop,476,0.6745216846466064,0.011470591829269242,0.6960904598236084,0.016057482908111934,5
5000,subset_accuracy_drop,477,0.6745373725891113,0.011458789363954218,0.6961010575294495,0.016033945266151064,5
5000,subset_accuracy_drop,478,0.674396812915802,0.011583518615017241,0.6960350155830384,0.01593915596751581,5
5000,subset_accuracy_drop,479,0.6745507121086121,0.011449387144024832,0.6962303519248962,0.016147343121218533,5
5000,subset_accuracy_drop,480,0.6745174050331115,0.011461482114725061,0.6961428880691528,0.016056020225803488,5
5000,subset_accuracy_drop,481,0.6742822289466858,0.011639008828019578,0.6961622357368469,0.016003731941762352,5
5000,subset_accuracy_drop,482,0.6743264198303223,0.011595541124991431,0.6962113499641418,0.016008308067150805,5
5000,subset_accuracy_drop,483,0.6743491530418396,0.011575688139608322,0.6960834383964538,0.015820954986299356,5
5000,subset_accuracy_drop,484,0.674203884601593,0.01169071732138306,0.6959946036338807,0.01563900427276217,5
5000,subset_accuracy_drop,485,0.6742681741714478,0.011633098167633079,0.6960712909698487,0.015769692911173767,5
5000,subset_accuracy_drop,486,0.6741412043571472,0.011724573039843984,0.6960873126983642,0.015745030194243212,5
5000,subset_accuracy_drop,487,0.6741836905479431,0.011696258553063783,0.6963373422622681,0.01597226489488423,5
5000,subset_accuracy_drop,488,0.674273955821991,0.011607641243818871,0.6965422391891479,0.01628034431529435,5
5000,subset_accuracy_drop,489,0.674282717704773,0.01161087895864741,0.6966111779212951,0.016245320882750762,5
5000,subset_accuracy_drop,490,0.6741803407669067,0.011666837822615959,0.6964378714561462,0.01607609574343098,5
5000,subset_accuracy_drop,491,0.674064552783966,0.011744420480186596,0.6965818047523499,0.016215342292605375,5
5000,subset_accuracy_drop,492,0.6740132570266724,0.011783109338635068,0.6965047001838685,0.016010940834426685,5
5000,subset_accuracy_drop,493,0.6740531682968139,0.01174772468999497,0.6964616417884827,0.015938427150346546,5
5000,subset_accuracy_drop,494,0.674112868309021,0.011697084209576063,0.6966466188430787,0.016220502775867687,5
5000,subset_accuracy_drop,495,0.6738907694816589,0.011873178559740466,0.6964813709259033,0.01610959391762806,5
5000,subset_accuracy_drop,496,0.6739197850227356,0.01190385111947776,0.6965853929519653,0.016203673635846197,5
5000,subset_accuracy_drop,497,0.6741562366485596,0.011822924723786416,0.6970061779022216,0.01654906573564153,5
5000,subset_accuracy_drop,498,0.6741850137710571,0.0120776211070272,0.6970805406570435,0.01632184684980485,5
5000,subset_accuracy_drop,499,0.6742014527320862,0.0121393633688667,0.697247052192688,0.016412304136593597,5
5000,subset_accuracy_drop,500,0.6740216374397278,0.011955356852873921,0.6971293568611145,0.016557981035140706,5
5000,subset_accuracy_drop,501,0.6738190412521362,0.01191880629674559,0.6968493223190307,0.01649134824816043,5
5000,subset_accuracy_drop,502,0.67409907579422,0.011997395061714143,0.6971977591514588,0.0164939047002495,5
5000,subset_accuracy_drop,503,0.6739040970802307,0.012038119592185863,0.6969686269760131,0.01657932682850195,5
5000,subset_accuracy_drop,504,0.6736754894256591,0.012054699109438292,0.6967908859252929,0.016562439934429636,5
5000,subset_accuracy_drop,505,0.6739291071891784,0.012056590438707635,0.6970302343368531,0.01654744406844967,5
5000,subset_accuracy_drop,506,0.6737913608551025,0.011957148972836304,0.6968612313270569,0.016694421792773566,5
5000,subset_accuracy_drop,507,0.6737606763839722,0.01210354382310649,0.6968939185142518,0.01653609163813697,5
5000,subset_accuracy_drop,508,0.6737000107765198,0.012098109461154267,0.696763527393341,0.016473733017103132,5
5000,subset_accuracy_drop,509,0.6736520528793335,0.0120544205351717,0.6967599630355835,0.016616220183368974,5
5000,subset_accuracy_drop,510,0.6737733006477356,0.012106057362026608,0.6969595551490784,0.016490087749945953,5
5000,subset_accuracy_drop,511,0.6735826969146729,0.012080510087276815,0.6966643691062927,0.016399923892973785,5
5000,subset_accuracy_drop,512,0.6735786437988281,0.012179591773935867,0.6968343377113342,0.016436850823294595,5
5000,subset_accuracy_drop,513,0.673766303062439,0.011992521411091741,0.6970550298690796,0.016701892477314816,5
5000,subset_accuracy_drop,514,0.673546838760376,0.012131004317524775,0.6967498064041138,0.016437182917906377,5
5000,subset_accuracy_drop,515,0.6734551906585693,0.012239922315177742,0.6967962145805359,0.016472873077053377,5
5000,subset_accuracy_drop,516,0.6734180569648742,0.012187191476692592,0.6969062447547912,0.016622325518000813,5
5000,subset_accuracy_drop,517,0.6734956741333008,0.012195797208495745,0.6970090746879578,0.01653388532400202,5
5000,subset_accuracy_drop,518,0.6734216690063477,0.012192170038742923,0.6970583319664001,0.01661139619753024,5
5000,subset_accuracy_drop,519,0.6733966708183289,0.01220026008902066,0.6970361232757568,0.016448664917599772,5
10000,endpoint,1,1.1702080726623536,0.02409038771509491,1.170243740081787,0.02389013944772988,5
10000,endpoint,2,1.1703700065612792,0.02415381267614736,1.1704118251800537,0.023977519633285867,5
10000,endpoint,3,1.170578670501709,0.024227337128842123,1.1706260442733765,0.02407686711332722,5
10000,endpoint,4,1.1708505868911743,0.024316425274330828,1.1709047079086303,0.02419705632841866,5
10000,endpoint,5,1.1712029457092286,0.024425498597024687,1.1712669610977173,0.024341698784076053,5
10000,endpoint,6,1.1716520309448242,0.024558489712277923,1.1717296600341798,0.024510296758083323,5
10000,endpoint,7,1.1722141742706298,0.024716298517293425,1.1723073720932007,0.024705682410607027,5
10000,endpoint,8,1.1729074478149415,0.024907477755549128,1.1730160474777223,0.024936975371840347,5
10000,endpoint,9,1.173745059967041,0.02513782591769046,1.1738710403442383,0.025209785850916978,5
10000,endpoint,10,1.1747321844100953,0.02540593171848481,1.1748809099197388,0.025520337823585707,5
10000,endpoint,11,1.1758808374404908,0.025715040864026685,1.1760552883148194,0.025868699926940134,5
10000,endpoint,12,1.1771924257278443,0.02606223088403969,1.1773977518081664,0.026259469884097376,5
10000,endpoint,13,1.1786297798156737,0.02643386621079163,1.1788691759109498,0.026675488410351462,5
10000,endpoint,14,1.1801146268844604,0.026804181778711626,1.1803882837295532,0.027090065765975294,5
10000,endpoint,15,1.1815031528472901,0.02713534183181735,1.1818084239959716,0.02745992419632977,5
10000,endpoint,16,1.1826237678527831,0.02737589181729874,1.1829590559005738,0.027728066398190677,5
10000,endpoint,17,1.183349370956421,0.027487475705088138,1.1837092638015747,0.02785469818072464,5
10000,endpoint,18,1.183629560470581,0.02745992602573647,1.184009838104248,0.027829668941636774,5
10000,endpoint,19,1.1835125923156737,0.027329132124355872,1.1839088916778564,0.02768908219275492,5
10000,endpoint,20,1.1830914974212647,0.027136749331188807,1.1834990739822389,0.027476264929133104,5
10000,endpoint,21,1.182473063468933,0.026918826676185642,1.1828879833221435,0.027230459274597853,5
10000,endpoint,22,1.1817734003067017,0.026707254224537937,1.1821933269500733,0.02698736919504777,5
10000,endpoint,23,1.1810818672180177,0.026527291529768113,1.1815057039260863,0.02677492123466748,5
10000,endpoint,24,1.180460786819458,0.02638397336037511,1.1808879852294922,0.026602307877837912,5
10000,endpoint,25,1.1799429893493651,0.026283197560018574,1.1803737878799438,0.026477115284367903,5
10000,endpoint,26,1.1795469522476196,0.026220269445604467,1.1799831151962281,0.026395139730606157,5
10000,endpoint,27,1.1792705535888672,0.026188011559672555,1.1797159910202026,0.02635090088569937,5
10000,endpoint,28,1.1791088104248046,0.026183080627393447,1.1795681238174438,0.02634220345214287,5
10000,endpoint,29,1.1790497303009033,0.026198736180630528,1.1795284032821656,0.02636123333126806,5
10000,endpoint,30,1.1790862321853637,0.02623321623397525,1.1795899391174316,0.026406762368927025,5
10000,endpoint,31,1.1792042016983033,0.02628547336172498,1.1797399044036865,0.026477804556224404,5
10000,endpoint,32,1.1793860912322998,0.02635052773422141,1.179961919784546,0.026567396033988302,5
10000,endpoint,33,1.1796132326126099,0.026418813255928347,1.180238389968872,0.026666836895294827,5
10000,endpoint,34,1.179864192008972,0.02648707650156513,1.180547261238098,0.02677166745260178,5
10000,endpoint,35,1.1801065683364869,0.026543219505145044,1.1808549404144286,0.026868757673522602,5
10000,endpoint,36,1.1803055286407471,0.026570927391384964,1.1811262130737306,0.026941848005875093,5
10000,endpoint,37,1.1804227590560914,0.026556910236129896,1.181322956085205,0.026976312822353868,5
10000,endpoint,38,1.180422878265381,0.02648728356031054,1.1814083337783814,0.02695463570920463,5
10000,endpoint,39,1.18027720451355,0.02635121786729176,1.1813534021377563,0.026868477513051648,5
10000,endpoint,40,1.1799641847610474,0.02614860007964354,1.1811395168304444,0.026720421925349902,5
10000,endpoint,41,1.1794832706451417,0.025895617027577554,1.1807701587677002,0.026529076215454122,5
10000,endpoint,42,1.1788323879241944,0.02559441725399556,1.1802454948425294,0.0262970026352426,5
10000,endpoint,43,1.17801353931427,0.025254590153149913,1.179571008682251,0.026034327938523297,5
10000,endpoint,44,1.1770514488220214,0.024910180912232557,1.178782868385315,0.025784916001064993,5
10000,endpoint,45,1.1759572267532348,0.024567242114249755,1.1779000997543334,0.02555577160601071,5
10000,endpoint,46,1.1747451782226563,0.024230193244882455,1.1769467115402221,0.025355689618269728,5
10000,endpoint,47,1.1734432935714723,0.023911770980869648,1.1759601354598999,0.025198454317926226,5
10000,endpoint,48,1.1720570087432862,0.02359223616323409,1.1749482870101928,0.025054328154422018,5
10000,endpoint,49,1.1705888748168944,0.023253927785518845,1.1739199876785278,0.024900688765977393,5
10000,endpoint,50,1.168968391418457,0.022845058429032786,1.1728014945983887,0.02466654766105306,5
10000,endpoint,51,1.1670911312103271,0.02234548285956678,1.1714967727661132,0.02432836705574544,5
10000,endpoint,52,1.1648746252059936,0.021777254105201847,1.1699512958526612,0.023918225957349142,5
10000,endpoint,53,1.1623816013336181,0.021210773494471705,1.16825430393219,0.023527093124497123,5
10000,endpoint,54,1.1596342325210571,0.020649520896774493,1.1664438247680664,0.023151117612531358,5
10000,endpoint,55,1.1568061113357544,0.020157445435550814,1.1647127628326417,0.022886830279858963,5
10000,endpoint,56,1.1540290594100953,0.019749240777329535,1.1631991624832154,0.0227569120868815,5
10000,endpoint,57,1.1511310338974,0.019396121690132585,1.1617395877838135,0.02268697274325715,5
10000,endpoint,58,1.147883415222168,0.019169338478587886,1.1601059913635254,0.022662013866891657,5
10000,endpoint,59,1.1436867237091064,0.01911036548009216,1.1577123165130616,0.022568855639473598,5
10000,endpoint,60,1.1403960227966308,0.019079095235247368,1.1564433574676514,0.0227536285231418,5
10000,endpoint,61,1.1368460178375244,0.019583714361463538,1.1551503658294677,0.02360865764473515,5
10000,endpoint,62,1.132086491584778,0.01962792100018203,1.152791690826416,0.02370386394624857,5
10000,endpoint,63,1.1287060737609864,0.019436756783557354,1.1520339965820312,0.02364859717863422,5
10000,endpoint,64,1.122781252861023,0.020275529537158662,1.1488011121749877,0.02416846620505442,5
10000,endpoint,65,1.1195510864257812,0.019860485447755944,1.1482394218444825,0.025424854724425495,5
10000,endpoint,66,1.1145310163497926,0.01901963975888952,1.1459755182266236,0.02412213435520171,5
10000,endpoint,67,1.1077945470809936,0.020289246701381804,1.1419980764389037,0.025172282739999538,5
10000,endpoint,68,1.104584527015686,0.018952467471126885,1.1414307355880737,0.02603609040120688,5
10000,endpoint,69,1.098288607597351,0.019400298487402014,1.1378809452056884,0.024648237118659464,5
10000,endpoint,70,1.0915093421936035,0.019126397722609854,1.133871030807495,0.0265168639856524,5
10000,endpoint,71,1.0907522201538087,0.018327468802839877,1.1354295253753661,0.02585239637350078,5
10000,endpoint,72,1.0797819137573241,0.018753016303753183,1.1278119087219238,0.02558364586127697,5
10000,endpoint,73,1.079215669631958,0.01417598851399918,1.1292717933654786,0.023854396584791326,5
10000,endpoint,74,1.0748761653900147,0.01873999218665666,1.1277603149414062,0.026279915284629515,5
10000,endpoint,75,1.065431261062622,0.014813697284627763,1.121638011932373,0.02582805024405343,5
10000,endpoint,76,1.0670213937759399,0.01230249665043645,1.124833083152771,0.024788873493138186,5
10000,endpoint,77,1.0620637893676759,0.015672887591603228,1.1231301307678223,0.024892364997917107,5
10000,endpoint,78,1.0524662733078003,0.012021194320568843,1.1169496774673462,0.026095872844266028,5
10000,endpoint,79,1.0541037321090698,0.009749275804790654,1.1202375411987304,0.025605877619235426,5
10000,endpoint,80,1.0512190818786622,0.012387968440006877,1.1201805830001832,0.025136886968015,5
10000,endpoint,81,1.0408471822738647,0.007567115721065986,1.113827157020569,0.02578375264695875,5
10000,endpoint,82,1.0410766363143922,0.009434494481262937,1.1161396980285645,0.027551870189867413,5
10000,endpoint,83,1.0410597801208497,0.008168519120870655,1.118379807472229,0.024617895618236137,5
10000,endpoint,84,1.030180859565735,0.005251112424113741,1.1118574380874633,0.025910500629156563,5
10000,endpoint,85,1.0303825616836548,0.009677285697703429,1.113771176338196,0.030207185090745686,5
10000,endpoint,86,1.0291936635971068,0.006635156001972597,1.1151477813720703,0.026366034927497815,5
10000,endpoint,87,1.023267102241516,0.007761207112642459,1.1127862930297852,0.02663672737749281,5
10000,endpoint,88,1.0170061588287354,0.005514654696816902,1.1094376564025878,0.028901017160087795,5
10000,endpoint,89,1.0195761442184448,0.007638110117045367,1.113179326057434,0.030473883488447717,5
10000,endpoint,90,1.0146874904632568,0.007744743446322978,1.111431884765625,0.026669995011091137,5
10000,endpoint,91,1.0063589811325073,0.004103475028157923,1.1068000793457031,0.02725153480837357,5
10000,endpoint,92,1.0074746012687683,0.007616507352518765,1.1091139554977416,0.0310912352462654,5
10000,endpoint,93,1.0061849117279054,0.007641619856457833,1.1099406480789185,0.02854761452535888,5
10000,endpoint,94,0.9968135833740235,0.004849468136933385,1.105128860473633,0.027164508037491004,5
10000,endpoint,95,0.9972530364990234,0.006006698119805574,1.1070956230163573,0.029343476263472376,5
10000,endpoint,96,0.9963887572288513,0.011291686311508092,1.1078286170959473,0.031176687177022346,5
10000,endpoint,97,0.9909437894821167,0.009737546208710294,1.1067668914794921,0.030785462763704897,5
10000,endpoint,98,0.9851945400238037,0.00630815605124426,1.1033061027526856,0.025999782601490096,5
10000,endpoint,99,0.9873899936676025,0.012590603551481583,1.1069590091705321,0.03360781443529758,5
10000,endpoint,100,0.9827852129936219,0.010414790032005686,1.1054644584655762,0.03214867671615039,5
10000,endpoint,101,0.9758603572845459,0.00746189589764151,1.1015251636505128,0.026839748042064716,5
10000,endpoint,102,0.9760831713676452,0.007195660225983717,1.1036246776580811,0.03090541595559842,5
10000,endpoint,103,0.9752774477005005,0.014938689910371077,1.1048821926116943,0.034737731620132994,5
10000,endpoint,104,0.9684873700141907,0.011774598607553107,1.1014248609542847,0.02912229395420745,5
10000,endpoint,105,0.9669021725654602,0.004985953740288807,1.1021739482879638,0.028976214170801595,5
10000,endpoint,106,0.964133620262146,0.013293276098421245,1.102317500114441,0.034755868496633514,5
10000,endpoint,107,0.960941731929779,0.014790668326718616,1.1013906478881836,0.031845991779838816,5
10000,endpoint,108,0.9586282849311829,0.010536383231124722,1.101898980140686,0.029017468088702297,5
10000,endpoint,109,0.9518574833869934,0.011657069115453764,1.098905658721924,0.03341743188382718,5
10000,endpoint,110,0.9514668226242066,0.01655998757134578,1.100662112236023,0.03235439102353949,5
10000,endpoint,111,0.9521239638328552,0.012477521914117088,1.1023808002471924,0.030365744159257912,5
10000,endpoint,112,0.9418540358543396,0.014625777007736417,1.0973801851272582,0.031768703404254695,5
10000,endpoint,113,0.9416243433952332,0.013181916715656921,1.0992533206939696,0.030919842180546532,5
10000,endpoint,114,0.9419920086860657,0.014136352822152929,1.1005329847335816,0.031731117532865574,5
10000,endpoint,115,0.934362256526947,0.01796798365814651,1.0975332021713258,0.031216754588769394,5
10000,endpoint,116,0.9332848191261292,0.014405173732602127,1.0987597227096557,0.030377787635396402,5
10000,endpoint,117,0.9299068570137023,0.014168489347419442,1.0977855682373048,0.0322868988636722,5
10000,endpoint,118,0.9269381999969483,0.020208672198922504,1.0983375310897827,0.03160823048973121,5
10000,endpoint,119,0.9224814653396607,0.014642884179215929,1.0968387365341186,0.028529087585273137,5
10000,endpoint,120,0.9206366539001465,0.016533971698174353,1.0973340034484864,0.031347836867071745,5
10000,endpoint,121,0.9158244371414185,0.020810395370032233,1.0963938236236572,0.028286116943563314,5
10000,endpoint,122,0.9146431684494019,0.013916263212082967,1.0969096660614013,0.029861294438153725,5
10000,endpoint,123,0.9099602937698364,0.020083994566106905,1.095955753326416,0.02978004219297348,5
10000,endpoint,124,0.9058937907218934,0.020118491490626667,1.0949700832366944,0.026680838128230955,5
10000,endpoint,125,0.9063010096549988,0.016384466043994867,1.0969130992889404,0.03129731314066347,5
10000,endpoint,126,0.8978230595588684,0.020960951569352643,1.0933303117752076,0.026026154469228097,5
10000,endpoint,127,0.8983845233917236,0.01872972748405165,1.0948185205459595,0.026397219060892714,5
10000,endpoint,128,0.8943287372589112,0.016950753290177766,1.0940328359603881,0.028606965144091064,5
10000,endpoint,129,0.8881551861763001,0.0202981155929386,1.0918625593185425,0.025395621142075643,5
10000,endpoint,130,0.8914649963378907,0.018087999538430863,1.0953327417373657,0.024614517750159142,5
10000,endpoint,131,0.8800251483917236,0.017729997977986092,1.0900968313217163,0.026901865470314368,5
10000,endpoint,132,0.8846884369850159,0.02238779463293031,1.0946967363357545,0.02305903295842346,5
10000,endpoint,133,0.8759751677513122,0.015490015124180025,1.091165256500244,0.02729341332668043,5
10000,endpoint,134,0.8718287467956543,0.02079531523935011,1.090527081489563,0.026296704779269403,5
10000,endpoint,135,0.8753751039505004,0.02086172450571831,1.0946580648422242,0.026531435623045267,5
10000,endpoint,136,0.8621493220329285,0.020825096202535403,1.0895132780075074,0.026077721845414608,5
10000,endpoint,137,0.86479172706604,0.019329796826702415,1.0921911239624023,0.028530411888160384,5
10000,endpoint,138,0.8669922113418579,0.0256736598958103,1.0954515933990479,0.023637348944539692,5
10000,endpoint,139,0.8527245640754699,0.021343775296413337,1.0900277853012086,0.026475839886974297,5
10000,endpoint,140,0.859122371673584,0.0184446709193161,1.0937978506088257,0.027481976411120143,5
10000,endpoint,141,0.8524957060813904,0.030031827380913034,1.0923155307769776,0.025198811809789216,5
10000,endpoint,142,0.8496481895446777,0.011847231336112317,1.091860032081604,0.029545871999974133,5
10000,endpoint,143,0.8449578523635864,0.025006614103549832,1.0908090829849244,0.025275241293099875,5
10000,endpoint,144,0.8439806342124939,0.028893157235593107,1.0918638706207275,0.024244521746322162,5
10000,endpoint,145,0.84203040599823,0.01678803043546795,1.092526388168335,0.02968957853036205,5
10000,endpoint,146,0.8322041511535645,0.02320175478441888,1.088744044303894,0.025716797252313028,5
10000,endpoint,147,0.8420127868652344,0.030051300146861578,1.0968223571777345,0.023301347223598997,5
10000,endpoint,148,0.8289331078529358,0.017216791342268247,1.0900497436523438,0.027898650027357596,5
10000,endpoint,149,0.8256354689598083,0.022912993505094896,1.0904005289077758,0.02563067400956464,5
10000,endpoint,150,0.8266453862190246,0.027648673728221346,1.093510890007019,0.022295125958146953,5
10000,endpoint,151,0.821343719959259,0.0165894763226896,1.0914250612258911,0.02806886163269884,5
10000,endpoint,152,0.8194202899932861,0.02576378252452039,1.093155837059021,0.025467643479053812,5
10000,endpoint,153,0.8165964722633362,0.028236269533097182,1.0937227964401246,0.022441977260881416,5
10000,endpoint,154,0.8139057755470276,0.014159914326294322,1.092996644973755,0.029008760525744293,5
10000,endpoint,155,0.8111142039299011,0.025501436955471028,1.0940164566040038,0.023487608015156924,5
10000,endpoint,156,0.8060532212257385,0.02815733668557897,1.0928227186203003,0.023502806129214907,5
10000,endpoint,157,0.8051413655281067,0.014363260965575017,1.0930797576904296,0.02856615115102521,5
10000,endpoint,158,0.7999783158302307,0.025047023054852017,1.0921911954879762,0.023046264157153554,5
10000,endpoint,159,0.7996668338775634,0.026872087795370384,1.0940097570419312,0.0236210545809545,5
10000,endpoint,160,0.7947336196899414,0.01647224742937077,1.0915819883346558,0.02782166439274222,5
10000,endpoint,161,0.7937068223953248,0.02471583350969083,1.0931581020355225,0.023795879085807606,5
10000,endpoint,162,0.7872708082199097,0.026567345675459604,1.0918340921401977,0.024247398197568666,5
10000,endpoint,163,0.7889122724533081,0.02268358445222979,1.0939977884292602,0.02763845396085566,5
10000,endpoint,164,0.7826025605201721,0.02379411562976643,1.0916702032089234,0.02515200556821825,5
10000,endpoint,165,0.7858035206794739,0.026857054778933853,1.0966227531433106,0.027209383567866383,5
10000,endpoint,166,0.7745988011360169,0.025531889731592046,1.091320013999939,0.024281741479569238,5
10000,endpoint,167,0.7743587851524353,0.021433018069264582,1.0923256158828736,0.02600920504388095,5
10000,endpoint,168,0.777390992641449,0.027252364971242147,1.0972123622894288,0.02608299541143749,5
10000,endpoint,169,0.7654884099960327,0.023805583352765263,1.0916218042373658,0.025994499240618803,5
10000,endpoint,170,0.7677609920501709,0.02740244048231784,1.0946200370788575,0.02528183538196826,5
10000,endpoint,171,0.7650906443595886,0.022844797027969998,1.0960074663162231,0.02776685253351964,5
10000,endpoint,172,0.7585976481437683,0.024262743153189763,1.0935705184936524,0.02703180457158745,5
10000,endpoint,173,0.7613060593605041,0.028603395277261162,1.096750545501709,0.02331802045440672,5
10000,endpoint,174,0.7536655783653259,0.019694438903890783,1.0962466716766357,0.02818011038161172,5
10000,endpoint,175,0.7553499817848206,0.030351837103536103,1.0974064588546752,0.027137436637892982,5
10000,endpoint,176,0.7493965983390808,0.025709193712263833,1.0977711439132691,0.028172735808206326,5
10000,endpoint,177,0.7426681399345398,0.02516159991475654,1.0972517251968383,0.029583081412591382,5
10000,endpoint,178,0.7501686811447144,0.02845517294809864,1.1011704683303833,0.02767615087389652,5
10000,endpoint,179,0.7365539312362671,0.025196090694970526,1.0973142623901366,0.030271573960688365,5
10000,endpoint,180,0.7372152447700501,0.023519993483952256,1.0988789081573487,0.031274215207926434,5
10000,endpoint,181,0.7429642915725708,0.031969164727510824,1.1032053470611571,0.026816742728024607,5
10000,endpoint,182,0.7284456491470337,0.022858107223532553,1.097989821434021,0.030778705808496704,5
10000,endpoint,183,0.7301966905593872,0.022902138455916498,1.1008605480194091,0.03183152669902181,5
10000,endpoint,184,0.7304752349853516,0.0320402157475499,1.1024622440338134,0.02726817253390666,5
10000,endpoint,185,0.7244584560394287,0.02084104929946415,1.1012029647827148,0.031996921756181705,5
10000,endpoint,186,0.7186194062232971,0.02581437087028659,1.1009615421295167,0.03085130158240051,5
10000,endpoint,187,0.7215618848800659,0.028496846532492254,1.1029959678649903,0.02913379476338696,5
10000,endpoint,188,0.7152285695075988,0.02610340412826081,1.1030202388763428,0.03109479689778337,5
10000,endpoint,189,0.7092696309089661,0.024383578083733058,1.1013736009597779,0.031554537423377604,5
10000,endpoint,190,0.713238525390625,0.03379624637260949,1.1057215213775635,0.03010924292537383,5
10000,endpoint,191,0.7059685349464416,0.02582241936159392,1.1051046133041382,0.031922114388865726,5
10000,endpoint,192,0.703464674949646,0.020002022343913677,1.103570818901062,0.033317617819061736,5
10000,endpoint,193,0.7110480546951294,0.03877482263602713,1.1128299236297607,0.03296483906137845,5
10000,endpoint,194,0.6986390471458435,0.017154433867104742,1.1046549320220946,0.03337170692525243,5
10000,endpoint,195,0.6984532475471497,0.03293742844688812,1.1086457252502442,0.03337247532004171,5
10000,endpoint,196,0.7001553893089294,0.034789719410838034,1.109995460510254,0.03158269570698867,5
10000,endpoint,197,0.6906272768974304,0.02166831335308976,1.1062646389007569,0.03069245613840816,5
10000,endpoint,198,0.6906887292861938,0.03357234239717437,1.1101037502288817,0.033389211517036256,5
10000,endpoint,199,0.6940252542495727,0.03112581775547972,1.1110557079315186,0.031084341129715885,5
10000,endpoint,200,0.6835886836051941,0.02200510091538705,1.1076969146728515,0.03130769759837808,5
10000,endpoint,201,0.6833556771278382,0.0351784364021952,1.112691330909729,0.03461920938629014,5
10000,endpoint,202,0.692789101600647,0.018111666504012663,1.1152522802352904,0.03302330800774697,5
10000,endpoint,203,0.6729861617088317,0.028991400564714023,1.108681845664978,0.03198989058062306,5
10000,endpoint,204,0.6776033163070678,0.03558923102476521,1.1127992391586303,0.03488409250487934,5
10000,endpoint,205,0.6788157463073731,0.02167019320448112,1.1121201276779176,0.033939048819305234,5
10000,endpoint,206,0.6679447650909424,0.026872572456705855,1.110233187675476,0.0328011903326448,5
10000,endpoint,207,0.6726826548576355,0.034726017827025134,1.1151564121246338,0.033450558401688285,5
10000,endpoint,208,0.6672760725021363,0.022841063078548676,1.1122442483901978,0.034438672011688945,5
10000,endpoint,209,0.6615331649780274,0.02413984687849839,1.1131314754486084,0.0326102560897236,5
10000,endpoint,210,0.6629161715507508,0.03346621423683672,1.1173757076263429,0.034477624517176994,5
10000,endpoint,211,0.6599115371704102,0.026047632291653442,1.115075135231018,0.034210699165317514,5
10000,endpoint,212,0.6558511257171631,0.02346265956398456,1.1166954040527344,0.033793166387732866,5
10000,endpoint,213,0.6533021092414856,0.0308228451683965,1.1175474643707275,0.03404360342293726,5
10000,endpoint,214,0.6516959428787231,0.026769116530453028,1.1177669048309327,0.033770441907620664,5
10000,endpoint,215,0.6464051842689514,0.024519155687010574,1.1181767940521241,0.03469940184907938,5
10000,endpoint,216,0.646215283870697,0.030059267648948423,1.1192514181137085,0.033212263695510724,5
10000,endpoint,217,0.6456132531166077,0.02703164822693328,1.1205068349838256,0.034191366085465025,5
10000,endpoint,218,0.6397872567176819,0.027750739357284577,1.1207230806350708,0.03525204446848191,5
10000,endpoint,219,0.6414693355560303,0.031489092394030756,1.1216745615005492,0.03263215157331583,5
10000,endpoint,220,0.6391418099403381,0.02774598428568971,1.122600293159485,0.03536683684859919,5
10000,endpoint,221,0.6357685565948487,0.02618691561330904,1.1229972124099732,0.03361650627740604,5
10000,endpoint,222,0.6321532845497131,0.032453825902215946,1.1222672700881957,0.03461699321287634,5
10000,endpoint,223,0.6399911522865296,0.027672438262404335,1.1271856546401977,0.03172325046219697,5
10000,endpoint,224,0.6253027796745301,0.027815223659873666,1.1225401878356933,0.035130605355324314,5
10000,endpoint,225,0.6261318922042847,0.02907210361141369,1.12375328540802,0.03513783573800965,5
10000,endpoint,226,0.6301151156425476,0.03383735739620464,1.1279144525527953,0.034801209276536495,5
10000,endpoint,227,0.6171586275100708,0.025347753560075816,1.1221210718154908,0.03502338498773682,5
10000,endpoint,228,0.6234117269515991,0.030906982020690994,1.1282070636749268,0.036041139352985405,5
10000,endpoint,229,0.6223913669586182,0.03202519705216894,1.1289295911788941,0.037088431998451146,5
10000,endpoint,230,0.6123997449874878,0.02771561393486703,1.1238653659820557,0.0343263502194481,5
10000,endpoint,231,0.6166212439537049,0.030522458274390766,1.1295164346694946,0.03864068357961654,5
10000,endpoint,232,0.6139658927917481,0.031566559219314456,1.129372239112854,0.037163862631246755,5
10000,endpoint,233,0.6063677549362183,0.02815624895954169,1.1257190942764281,0.037326980632279474,5
10000,endpoint,234,0.6084908485412598,0.029142333773753873,1.1308876514434814,0.03837486363812463,5
10000,endpoint,235,0.6105058789253235,0.03128849639863158,1.1337787628173828,0.03844259187262579,5
10000,endpoint,236,0.5989344477653503,0.028359321344030596,1.127226972579956,0.03618508125759006,5
10000,endpoint,237,0.604203724861145,0.024928733373683527,1.1340518712997436,0.03408890053582258,5
10000,endpoint,238,0.6064208030700684,0.03778299098193067,1.1402512073516846,0.036391585101003016,5
10000,endpoint,239,0.6025461435317994,0.030849456341440356,1.1356949090957642,0.028054331605721166,5
10000,endpoint,240,0.5922897219657898,0.029093951116059485,1.1360047101974486,0.0340038908232542,5
10000,endpoint,241,0.6026679992675781,0.03225264595348959,1.1420854091644288,0.039945168563322184,5
10000,endpoint,242,0.5904324650764465,0.02903501658843763,1.1342140197753907,0.036668392052275144,5
10000,endpoint,243,0.584969162940979,0.027480101895883614,1.1339195013046264,0.03913338989427277,5
10000,endpoint,244,0.5985134243965149,0.029514266610865692,1.1437456607818604,0.042080924429122854,5
10000,endpoint,245,0.5834570527076721,0.02988718404574226,1.1360850572586059,0.04201437001879776,5
10000,endpoint,246,0.5807977914810181,0.026024059230353155,1.1355955362319947,0.041682621929995195,5
10000,endpoint,247,0.59113929271698,0.0303417618598451,1.145253562927246,0.040355726960422854,5
10000,endpoint,248,0.5812923192977906,0.03257952188938463,1.140514326095581,0.044079478519376915,5
10000,endpoint,249,0.5758638143539428,0.02279383159761373,1.1371870994567872,0.041268940711550885,5
10000,endpoint,250,0.583781361579895,0.03340297151752359,1.1462154388427734,0.0381613396787259,5
10000,endpoint,251,0.5781324863433838,0.030263786443644327,1.1426873445510863,0.04242104646214561,5
10000,endpoint,252,0.5687305808067322,0.024615274580607447,1.137855887413025,0.038760658022636736,5
10000,endpoint,253,0.5748573660850524,0.03247227247443599,1.1441909074783325,0.037395066950500065,5
10000,endpoint,254,0.5750832915306091,0.030961375304248327,1.145821475982666,0.041257157715585885,5
10000,endpoint,255,0.5625890016555786,0.02846811681791142,1.1404974460601807,0.037716213819489953,5
10000,endpoint,256,0.5638864874839783,0.026880997692733624,1.1420480966567994,0.039147082656802494,5
10000,endpoint,257,0.5685690522193909,0.03498056986122289,1.1488168716430665,0.038782546235613995,5
10000,endpoint,258,0.5645934224128724,0.019449287891547838,1.1459672689437865,0.04150080416217085,5
10000,endpoint,259,0.5554287791252136,0.029608639299930226,1.1434144973754883,0.040036211098238995,5
10000,endpoint,260,0.5645100235939026,0.02986526828328683,1.1494634389877318,0.038067250860313005,5
10000,endpoint,261,0.5579506278038024,0.025445922218399482,1.1484260559082031,0.04277895261249289,5
10000,endpoint,262,0.5500501036643982,0.028477989523870054,1.1459234952926636,0.04088525011293703,5
10000,endpoint,263,0.5609464883804322,0.026037644406861585,1.151859664916992,0.03704877827961185,5
10000,endpoint,264,0.5510428071022033,0.024511909592236456,1.1499289751052857,0.04132435481652126,5
10000,endpoint,265,0.5469556629657746,0.029388280063038986,1.1487236738204956,0.04224798104988249,5
10000,endpoint,266,0.5550842881202698,0.023593628726456116,1.1532288312911987,0.03873325703956648,5
10000,endpoint,267,0.5444754123687744,0.023783269725981382,1.1507821083068848,0.0417351713941731,5
10000,endpoint,268,0.5445081472396851,0.030496376339012667,1.1537824630737306,0.04173358839588014,5
10000,endpoint,269,0.550123929977417,0.016327528819295656,1.1561304092407227,0.039926798361460326,5
10000,endpoint,270,0.5377532601356506,0.0253298743960036,1.153030562400818,0.04135219024283057,5
10000,endpoint,271,0.5380255341529846,0.02939147393604544,1.1573154211044312,0.04221523525393488,5
10000,endpoint,272,0.5436880588531494,0.024593600244401548,1.1601507186889648,0.04040049964041123,5
10000,endpoint,273,0.5354040741920472,0.017695862892659227,1.1560554504394531,0.04261847707140772,5
10000,endpoint,274,0.5325945794582367,0.026836625431907086,1.1580076217651367,0.043017365890118106,5
10000,endpoint,275,0.5396732747554779,0.02977582665393574,1.162557554244995,0.040494917610132096,5
10000,endpoint,276,0.5327063202857971,0.013712239062154144,1.15861234664917,0.04383734536939222,5
10000,endpoint,277,0.5271090269088745,0.027486086759056904,1.1573050498962403,0.041698467401391874,5
10000,endpoint,278,0.5313881516456604,0.030129139808450098,1.1621565103530884,0.041126565170202,5
10000,endpoint,279,0.527311134338379,0.017475326744019574,1.1602837562561035,0.04392182249708721,5
10000,endpoint,280,0.5239684462547303,0.025494209073281784,1.1598299264907836,0.04190980691351805,5
10000,endpoint,281,0.5266761481761932,0.030969125064790295,1.16504065990448,0.038834393477115044,5
10000,endpoint,282,0.5201651990413666,0.023662821265070865,1.1627431869506837,0.0411147019210676,5
10000,endpoint,283,0.5238921403884887,0.021951374341471628,1.1643324851989747,0.04242910895042738,5
10000,endpoint,284,0.5226609289646149,0.030336772681532034,1.1675405025482177,0.03904036872921483,5
10000,endpoint,285,0.5142814993858338,0.02812002989059191,1.164170241355896,0.040842293286114065,5
10000,endpoint,286,0.5154417932033539,0.02402821968193479,1.16392662525177,0.04171394937939935,5
10000,endpoint,287,0.5197226166725158,0.02394316998019733,1.1691718101501465,0.04205861630337457,5
10000,endpoint,288,0.5144748389720917,0.031031647087867927,1.1675839185714723,0.04249447434901293,5
10000,endpoint,289,0.5070077478885651,0.025344424136065625,1.1635093212127685,0.04184149934266944,5
10000,endpoint,290,0.5128781259059906,0.02203464159434822,1.1679206371307373,0.041013366188878714,5
10000,endpoint,291,0.511248779296875,0.028940375761056732,1.168905758857727,0.04221951938413493,5
10000,endpoint,292,0.502760773897171,0.025516911886392577,1.165798807144165,0.040921058835434364,5
10000,endpoint,293,0.5102747440338135,0.024023008901962684,1.1713741540908813,0.041210132176304565,5
10000,endpoint,294,0.5082107901573181,0.028696025062396546,1.1715979337692262,0.041710692506319126,5
10000,endpoint,295,0.5000484645366668,0.025418199467014273,1.1688095331192017,0.041339346496846285,5
10000,endpoint,296,0.5072097063064576,0.026186610350905203,1.1750938892364502,0.04483026475982678,5
10000,endpoint,297,0.5034620583057403,0.029240039865549385,1.1724719285964966,0.042397177935747744,5
10000,endpoint,298,0.49834550023078916,0.02652206992900638,1.1727012395858765,0.04550202059167685,5
10000,endpoint,299,0.4970483124256134,0.02355294792150438,1.1721165895462036,0.043213759288705016,5
10000,endpoint,300,0.49615437984466554,0.027516316335931948,1.17278311252594,0.04330131999359128,5
10000,endpoint,301,0.49395057559013367,0.024911232686464318,1.173746371269226,0.045509930898271475,5
10000,endpoint,302,0.49168728590011596,0.0216779595984492,1.1732505798339843,0.04299563691681327,5
10000,endpoint,303,0.4895975649356842,0.026128410171355032,1.1742695093154907,0.04246179199281876,5
10000,endpoint,304,0.492386257648468,0.025572433088060797,1.1786789178848267,0.0453745733431751,5
10000,endpoint,305,0.48758426308631897,0.022065860803720687,1.1758262157440185,0.04222455761346716,5
10000,endpoint,306,0.48437432646751405,0.024838654558880038,1.1747828006744385,0.04159424357021058,5
10000,endpoint,307,0.490144282579422,0.02885265596761142,1.181770420074463,0.04328858062666836,5
10000,endpoint,308,0.4843802571296692,0.021589652563601187,1.177007532119751,0.04093537311847483,5
10000,endpoint,309,0.4799915373325348,0.02324809985603561,1.177289891242981,0.04326027538114287,5
10000,endpoint,310,0.4826942324638367,0.026951889311008028,1.1825509548187256,0.04475104353869005,5
10000,endpoint,311,0.4831963300704956,0.017981760597842195,1.1823100805282594,0.04328020033628211,5
10000,endpoint,312,0.47707083225250246,0.021966911610757804,1.1816316366195678,0.04363846348292292,5
10000,endpoint,313,0.47744019627571105,0.026041776118496895,1.185016131401062,0.04153984808076893,5
10000,endpoint,314,0.47951098084449767,0.01657985565868506,1.1851568222045898,0.040705556389308076,5
10000,endpoint,315,0.4735162377357483,0.021199884258890824,1.185875129699707,0.04295699003995532,5
10000,endpoint,316,0.47319204807281495,0.02654462176397291,1.1881309509277345,0.04117063601851078,5
10000,endpoint,317,0.47548924684524535,0.022769983858372977,1.18971905708313,0.039466646946161546,5
10000,endpoint,318,0.469588977098465,0.02080468460301458,1.1895490407943725,0.0440416398393181,5
10000,endpoint,319,0.4700472354888916,0.02689933560947673,1.1909895420074463,0.043814983179486434,5
10000,endpoint,320,0.46918848156929016,0.0215918225309576,1.1888140201568604,0.04139240192238617,5
10000,endpoint,321,0.46714755296707156,0.021767384765262833,1.1900946378707886,0.045438135728454565,5
10000,endpoint,322,0.4666239142417908,0.0243970434750833,1.190980887413025,0.04499815448520873,5
10000,endpoint,323,0.46606947779655455,0.02276474525438622,1.1887220382690429,0.039747567388761666,5
10000,endpoint,324,0.46504967212677,0.02570507743411925,1.1915128231048584,0.04484353820825902,5
10000,endpoint,325,0.4611674726009369,0.022407569645345245,1.1899562358856202,0.04393556769241925,5
10000,endpoint,326,0.4628195822238922,0.023795222436425935,1.191189956665039,0.0392635260726039,5
10000,endpoint,327,0.46028571724891665,0.019901285501451503,1.1925105810165406,0.04202507353465225,5
10000,endpoint,328,0.459697014093399,0.02001389639720589,1.1931699991226197,0.042070709712335695,5
10000,endpoint,329,0.46053893566131593,0.026790847089688492,1.1950002670288087,0.03759649313629929,5
10000,endpoint,330,0.4539271116256714,0.020080763871435967,1.1922943115234375,0.039429421558747825,5
10000,endpoint,331,0.4535596013069153,0.019997192105377606,1.1937345027923585,0.04145340068794409,5
10000,endpoint,332,0.4565143883228302,0.02657801693656166,1.1977084875106812,0.03995291343434042,5
10000,endpoint,333,0.44940423369407656,0.01968321798095464,1.1940937519073487,0.040687604002459306,5
10000,endpoint,334,0.45034196972846985,0.022187594668811688,1.1971435308456422,0.04396704923193188,5
10000,endpoint,335,0.4505030870437622,0.025677600321561026,1.1981687784194945,0.04151211248757051,5
10000,endpoint,336,0.44767649173736573,0.02217618672505642,1.197570514678955,0.04190568049289686,5
10000,endpoint,337,0.4466764867305756,0.023443470741107343,1.1989575624465942,0.04527182528553377,5
10000,endpoint,338,0.44463996291160585,0.02275018070142795,1.1978787899017334,0.04239877372559653,5
10000,endpoint,339,0.4429729819297791,0.024157046111811728,1.2000190019607544,0.04275084289254987,5
10000,endpoint,340,0.44607727527618407,0.021305645783849837,1.2038616418838501,0.047039973485939524,5
10000,endpoint,341,0.4394326567649841,0.021884907671775946,1.2007359981536865,0.04211373387496511,5
10000,endpoint,342,0.44178140759468076,0.02272679346262012,1.205252456665039,0.04365527310412,5
10000,endpoint,343,0.4390930414199829,0.021984179856960023,1.2066212177276612,0.04674441328071195,5
10000,endpoint,344,0.4374322533607483,0.022409337015180008,1.2055877208709718,0.042259785690260114,5
10000,endpoint,345,0.43648364543914797,0.020498532411740013,1.2062074899673463,0.0437332734579398,5
10000,endpoint,346,0.4384316325187683,0.021381709847901723,1.209021306037903,0.04771327382017115,5
10000,endpoint,347,0.4326878011226654,0.023705036345605286,1.2040150880813598,0.04069157834548716,5
10000,endpoint,348,0.43523544669151304,0.018760673445702307,1.2053497314453125,0.04246702014610796,5
10000,endpoint,349,0.4392845034599304,0.026931669221668966,1.2123440027236938,0.05012954326387703,5
10000,endpoint,350,0.42956647276878357,0.022101239620530302,1.2031195640563965,0.04167546881462753,5
10000,endpoint,351,0.4316988468170166,0.019547484097028896,1.2062731981277466,0.043592976891406815,5
10000,endpoint,352,0.442771315574646,0.034268746556671725,1.2173121929168702,0.05024311185559775,5
10000,endpoint,353,0.4270675957202911,0.022518461159974343,1.2028985261917113,0.03981919240329856,5
10000,endpoint,354,0.42760695815086364,0.023052028132183485,1.2054913759231567,0.039175156385429566,5
10000,endpoint,355,0.4355175971984863,0.025547686638855815,1.2143996000289916,0.04926099184664081,5
10000,endpoint,356,0.4242066204547882,0.021347889211985462,1.206267762184143,0.040329502052436225,5
10000,endpoint,357,0.4241023898124695,0.02343591827339456,1.2078468799591064,0.03838221815061769,5
10000,endpoint,358,0.4313503265380859,0.026248205530316798,1.218299436569214,0.04677279509860847,5
10000,endpoint,359,0.42320733070373534,0.019459695428130912,1.2143675088882446,0.044508118426302035,5
10000,endpoint,360,0.42597009539604186,0.02196185320476649,1.213527297973633,0.03815478249297671,5
10000,endpoint,361,0.4218729197978973,0.02732834696370505,1.2165966987609864,0.04254186707736181,5
10000,endpoint,362,0.4212112545967102,0.02315217330111749,1.2161957263946532,0.049024945702682315,5
10000,endpoint,363,0.42144070863723754,0.022063340012653605,1.215450072288513,0.041639057689281916,5
10000,endpoint,364,0.41721261739730836,0.02020543171100541,1.2139150619506835,0.041028166415120075,5
10000,endpoint,365,0.4153376579284668,0.022144180642108272,1.2146511316299438,0.04413636147685449,5
10000,endpoint,366,0.422142881155014,0.024605604368371184,1.2207609176635743,0.04221412237655303,5
10000,endpoint,367,0.4155846297740936,0.020708117405740526,1.217468523979187,0.03723336280653141,5
10000,endpoint,368,0.4125248551368713,0.021309204404402683,1.2169493436813354,0.04303681577818353,5
10000,endpoint,369,0.4167880594730377,0.023467330682728292,1.223048448562622,0.04635763801334234,5
10000,endpoint,370,0.41159241199493407,0.01999145679676533,1.2215668916702271,0.040795068457142696,5
10000,endpoint,371,0.4097492456436157,0.021646834180931513,1.218743085861206,0.04173411916609777,5
10000,endpoint,372,0.41348780393600465,0.02657416465176508,1.2247889995574952,0.04579117349178164,5
10000,endpoint,373,0.41213381886482237,0.020946253124871913,1.2258945465087892,0.04566800888800183,5
10000,endpoint,374,0.41112781763076783,0.020301694909896688,1.2214067220687865,0.04045187347079194,5
10000,endpoint,375,0.4071264922618866,0.025873427722228438,1.222999882698059,0.044103345492598096,5
10000,endpoint,376,0.4095016896724701,0.022289530453246907,1.2280037164688111,0.04826262048144231,5
10000,endpoint,377,0.4082190811634064,0.02188791482083264,1.2255273342132569,0.044875917445524015,5
10000,endpoint,378,0.40311511754989626,0.020603037245701835,1.2225221395492554,0.044192094792047554,5
10000,endpoint,379,0.4056260585784912,0.021582250747850824,1.2273364305496215,0.045537980507357634,5
10000,endpoint,380,0.4075168013572693,0.023815427778255415,1.2272608995437622,0.042463447587946325,5
10000,endpoint,381,0.40011070370674134,0.020223842288662832,1.2226158857345581,0.04298007185283628,5
10000,endpoint,382,0.4004314482212067,0.021284157394394574,1.226187801361084,0.04355819676285478,5
10000,endpoint,383,0.4063590705394745,0.030019374708042466,1.2311075448989868,0.044872500604026096,5
10000,endpoint,384,0.39789649844169617,0.022257444420321792,1.2253508806228637,0.04572788340108984,5
10000,endpoint,385,0.3959232985973358,0.02232910099370479,1.2278181552886962,0.043594118614936936,5
10000,endpoint,386,0.4076249063014984,0.03318052798302797,1.2367323637008667,0.0445083349414184,5
10000,endpoint,387,0.3938092052936554,0.022532336742815642,1.229524564743042,0.04640884408844413,5
10000,endpoint,388,0.3916596531867981,0.021964629403791583,1.2301739931106568,0.04565792365796828,5
10000,endpoint,389,0.4001834213733673,0.027663527579871016,1.236940598487854,0.04578198736502555,5
10000,endpoint,390,0.3911402881145477,0.02105177771760484,1.2321394205093383,0.044209408714608954,5
10000,endpoint,391,0.3896175265312195,0.021070375366579623,1.2317114114761352,0.043317578347398425,5
10000,endpoint,392,0.395335978269577,0.021092843022221343,1.236047911643982,0.04434446146066913,5
10000,endpoint,393,0.3885117590427399,0.02137132217305557,1.231528639793396,0.04225754453469076,5
10000,endpoint,394,0.38883695006370544,0.022531960149128435,1.2337255716323852,0.04415663861488126,5
10000,endpoint,395,0.3945191979408264,0.020501620427430523,1.238095760345459,0.044536310729172114,5
10000,endpoint,396,0.3863249659538269,0.021322065270579713,1.2318830013275146,0.04161097125297096,5
10000,endpoint,397,0.386222779750824,0.021375573487756296,1.2354778528213501,0.045205659001614336,5
10000,endpoint,398,0.39010282754898074,0.018034921617091353,1.2399630784988402,0.04851833836107554,5
10000,endpoint,399,0.38477532267570497,0.020390188525336337,1.2366336107254028,0.044269743408299686,5
10000,endpoint,400,0.38278273344039915,0.021196551997295664,1.2367778062820434,0.043466673028470876,5
10000,endpoint,401,0.38741108775138855,0.01832608787065905,1.244427990913391,0.05299146415461152,5
10000,endpoint,402,0.3834459960460663,0.0190110197111797,1.2413695573806762,0.04893095511461637,5
10000,endpoint,403,0.381125009059906,0.020738229976264472,1.2393402576446533,0.0441346006760174,5
10000,endpoint,404,0.3839584767818451,0.022087789164088684,1.2457509756088256,0.050118395527508505,5
10000,endpoint,405,0.38496431708335876,0.01707161356979334,1.246438241004944,0.04990301873477846,5
10000,endpoint,406,0.3779443085193634,0.020805317497120272,1.2403157472610473,0.04227977284272542,5
10000,endpoint,407,0.3818760871887207,0.0279061170583685,1.2470599174499513,0.0446507073102295,5
10000,endpoint,408,0.3805386543273926,0.017820681970355256,1.2469601154327392,0.04454522446926267,5
10000,endpoint,409,0.37558358907699585,0.020273680609955918,1.2425046920776368,0.040615411550973105,5
10000,endpoint,410,0.37817413806915284,0.02928234837323625,1.2465970516204834,0.040026185342933424,5
10000,endpoint,411,0.37733360528945925,0.020051949812542772,1.248322558403015,0.046800173656415554,5
10000,endpoint,412,0.3772639691829681,0.018262121809824155,1.2488124132156373,0.04788632765491181,5
10000,endpoint,413,0.37579724192619324,0.027345503347699036,1.2460981130599975,0.03934827041770244,5
10000,endpoint,414,0.3747489511966705,0.021998178455258803,1.2489003658294677,0.049628024080496935,5
10000,endpoint,415,0.3774070143699646,0.017999644397147053,1.2526182174682616,0.05291804187170616,5
10000,endpoint,416,0.3734117090702057,0.026172831844593004,1.248207688331604,0.04154644934683901,5
10000,endpoint,417,0.37118515372276306,0.02106951643501038,1.2467216491699218,0.042482815181978974,5
10000,endpoint,418,0.37477298974990847,0.01815350904845814,1.2543381929397583,0.0511086366284933,5
10000,endpoint,419,0.37514405846595766,0.027359979424613302,1.2557424306869507,0.04346242965423379,5
10000,endpoint,420,0.3711241841316223,0.020783442472373466,1.2505013704299928,0.036398371271569016,5
10000,endpoint,421,0.36850393414497373,0.020096845927475862,1.2536221742630005,0.04792387232065208,5
10000,endpoint,422,0.37403473258018494,0.021776601171979288,1.2604840278625489,0.04752897382493767,5
10000,endpoint,423,0.36748677492141724,0.022076671971566812,1.251562523841858,0.038507386794401514,5
10000,endpoint,424,0.36390275955200196,0.02078502044970083,1.2509492635726929,0.042557721908102183,5
10000,endpoint,425,0.36982988119125365,0.02107628560179382,1.2591127634048462,0.05145684498640419,5
10000,endpoint,426,0.3664436161518097,0.021208164123432738,1.2564900636672973,0.04657380284982856,5
10000,endpoint,427,0.3618278861045837,0.021990106081445884,1.2501780033111571,0.041300407509009915,5
10000,endpoint,428,0.36583970189094545,0.0206216062331023,1.257973575592041,0.04374795008216733,5
10000,endpoint,429,0.36902275681495667,0.021342120214494248,1.262999987602234,0.05405946031918447,5
10000,endpoint,430,0.361121267080307,0.022082764102393224,1.2544347047805786,0.03981430066977369,5
10000,endpoint,431,0.36325168013572695,0.020133620677304998,1.2557299852371215,0.03523974011517543,5
10000,endpoint,432,0.3656749129295349,0.024132550499352045,1.2629487276077271,0.049212955140641446,5
10000,endpoint,433,0.3654261946678162,0.018750285282074886,1.264507269859314,0.0488277543748022,5
10000,endpoint,434,0.36113705635070803,0.019688045598140223,1.257713222503662,0.0356658524077415,5
10000,endpoint,435,0.3584402084350586,0.0267352449054646,1.2574639320373535,0.04015178384194997,5
10000,endpoint,436,0.3638978123664856,0.020479430967868945,1.2673160076141357,0.04972021321923709,5
10000,endpoint,437,0.3588282525539398,0.019889499384479047,1.2628266096115113,0.04177831083979934,5
10000,endpoint,438,0.3545684337615967,0.022488195326627207,1.258119821548462,0.03933579751261368,5
10000,endpoint,439,0.36011454463005066,0.02615115202547917,1.2663470268249513,0.039579312340323324,5
10000,endpoint,440,0.3582633018493652,0.018123891246557746,1.2667777299880982,0.04539802701619434,5
10000,endpoint,441,0.3530757188796997,0.021665313652243823,1.2600924968719482,0.04102948683086063,5
10000,endpoint,442,0.3570446312427521,0.02190739298141788,1.2638740062713623,0.03552745509763651,5
10000,endpoint,443,0.35527602434158323,0.02205290512802455,1.2637924432754517,0.04046368733365134,5
10000,endpoint,444,0.35157638788223267,0.019745752713766333,1.2606398105621337,0.04385989921000067,5
10000,endpoint,445,0.3535697519779205,0.019340631445716173,1.2640834093093871,0.04020577333927901,5
10000,endpoint,446,0.3541211366653442,0.023381463693215095,1.2663635730743408,0.04298953291650422,5
10000,endpoint,447,0.3497681498527527,0.020115463993637308,1.2633464813232422,0.046175826399018544,5
10000,endpoint,448,0.351630312204361,0.021734030736837245,1.2670843601226807,0.04090228757312755,5
10000,endpoint,449,0.3518004655838013,0.024543466903907584,1.270751404762268,0.04388821818575313,5
10000,endpoint,450,0.3485845148563385,0.023124516008734646,1.27020320892334,0.04830621119495461,5
10000,endpoint,451,0.3529472827911377,0.02329799075648324,1.2743712425231934,0.037748998477296535,5
10000,endpoint,452,0.35141374468803405,0.023228143558511903,1.2737234115600586,0.03738911731071662,5
10000,endpoint,453,0.3463687777519226,0.021801587621920412,1.2716804981231689,0.04492212543304943,5
10000,endpoint,454,0.35355849266052247,0.023171179735697888,1.2785315036773681,0.03779170206279008,5
10000,endpoint,455,0.35221850872039795,0.022273170495459807,1.2757526636123657,0.03759589503023027,5
10000,endpoint,456,0.34375734329223634,0.020268410153274043,1.2686018228530884,0.04311590359451668,5
10000,endpoint,457,0.35028270483016966,0.021815008714208394,1.277074384689331,0.04511573850940346,5
10000,endpoint,458,0.35036413073539735,0.017957178561014215,1.2763614892959594,0.04401971046329286,5
10000,endpoint,459,0.34222789406776427,0.021796375345075163,1.2653184175491332,0.042634610604135675,5
10000,endpoint,460,0.34692065715789794,0.02369264568384689,1.2735952377319335,0.04096710382522723,5
10000,endpoint,461,0.34731364250183105,0.020410218542993425,1.276105237007141,0.04514831647402592,5
10000,endpoint,462,0.341582840681076,0.021177291415825868,1.2676347255706788,0.04392915106443934,5
10000,endpoint,463,0.3477122068405151,0.02640639613652557,1.275658655166626,0.03835236880470634,5
10000,endpoint,464,0.345025372505188,0.021725223260861324,1.2774450540542603,0.046616145641071166,5
10000,endpoint,465,0.34223332405090334,0.022161288789552164,1.273951268196106,0.0488782289501389,5
10000,endpoint,466,0.3449842035770416,0.024552809369744355,1.278821349143982,0.04132975161319079,5
10000,endpoint,467,0.34087794423103335,0.022167369361965398,1.2781140089035035,0.04393660619912686,5
10000,endpoint,468,0.34059656858444215,0.02052160501933808,1.278025484085083,0.049606443227056936,5
10000,endpoint,469,0.34067136645317075,0.022597202522108593,1.2801711797714233,0.04618991987641077,5
10000,endpoint,470,0.3394202947616577,0.02356190057344409,1.2795526504516601,0.04307095996594564,5
10000,endpoint,471,0.33859960436820985,0.020594761897414864,1.2798788785934447,0.04991665018340378,5
10000,endpoint,472,0.3380720317363739,0.02678577105753131,1.2807978868484498,0.05033650907244674,5
10000,endpoint,473,0.3390470862388611,0.022222409760184258,1.279957127571106,0.04373026448188448,5
10000,endpoint,474,0.33483965396881105,0.020180393201250212,1.2776854038238525,0.047236791210241484,5
10000,endpoint,475,0.3352403104305267,0.023394160105370328,1.2791696310043335,0.04839999532230485,5
10000,endpoint,476,0.3371432304382324,0.023077181915538286,1.2805693387985229,0.04545244145416729,5
10000,endpoint,477,0.33472617268562316,0.020692462965673997,1.2767332553863526,0.043674987431830396,5
10000,endpoint,478,0.33334527015686033,0.021364371228305014,1.2786031484603881,0.0476311430895611,5
10000,endpoint,479,0.3357223629951477,0.02552813502155554,1.2820273876190185,0.04952478876184033,5
10000,endpoint,480,0.33341479301452637,0.02128865852811125,1.2772852897644043,0.04110370736430129,5
10000,endpoint,481,0.3306231200695038,0.021423329453006304,1.2783212184906005,0.04299188370006703,5
10000,endpoint,482,0.33328938484191895,0.027533638644593177,1.283932137489319,0.051569562348007664,5
10000,endpoint,483,0.33111260533332826,0.02194983505383898,1.2840029716491699,0.047525223514548944,5
10000,endpoint,484,0.3290272355079651,0.02160795937323087,1.2801312446594237,0.03744640582613101,5
10000,endpoint,485,0.3308108687400818,0.027585669280824225,1.284971570968628,0.040857075551738106,5
10000,endpoint,486,0.3315055310726166,0.021875771949311434,1.2894286394119263,0.049734228026476944,5
10000,endpoint,487,0.32887935638427734,0.020110597110825124,1.287259078025818,0.04090640814184136,5
10000,endpoint,488,0.32882827520370483,0.025334120966254748,1.2838675022125243,0.03715963552689632,5
10000,endpoint,489,0.32765424251556396,0.02153781302955369,1.2838497400283813,0.04450457001116272,5
10000,endpoint,490,0.33287755250930784,0.01815112750660994,1.29157292842865,0.043169412494252886,5
10000,endpoint,491,0.3285562813282013,0.02106228120301458,1.2856660604476928,0.042854790822348145,5
10000,endpoint,492,0.3265153467655182,0.023209127891169933,1.2827659845352173,0.039663200413795056,5
10000,endpoint,493,0.32823851704597473,0.021415954553058735,1.2866625547409059,0.04365419897395585,5
10000,endpoint,494,0.32819104194641113,0.020495286066042895,1.2901551723480225,0.04848578163084889,5
10000,endpoint,495,0.32721588015556335,0.02349804694257718,1.287661862373352,0.04147068287725426,5
10000,endpoint,496,0.32533862590789797,0.021414371962212506,1.285033655166626,0.037959291687024124,5
10000,endpoint,497,0.3239516615867615,0.020714327522660055,1.286959981918335,0.04729754243659431,5
10000,endpoint,498,0.32888908982276915,0.02295504639549194,1.2942853212356566,0.049171046563893615,5
10000,endpoint,499,0.32149232625961305,0.020876382453003203,1.2835479974746704,0.04172469820298293,5
10000,endpoint,500,0.32260684967041015,0.02213799835505233,1.2829351663589477,0.040133822427779416,5
10000,endpoint,501,0.3268546640872955,0.028486070641863308,1.293183445930481,0.050227345879572206,5
10000,endpoint,502,0.3240754008293152,0.020660632195519873,1.29237904548645,0.049298056393723984,5
10000,endpoint,503,0.32066691517829893,0.022261947509600557,1.2859251499176025,0.04150164027484021,5
10000,endpoint,504,0.32063605189323424,0.025816324035101892,1.2892609119415284,0.04342069210952282,5
10000,endpoint,505,0.3226059675216675,0.020482378892177078,1.2961088418960571,0.04647636931120007,5
10000,endpoint,506,0.3202648162841797,0.019913137945708537,1.2937146186828614,0.04637660103627699,5
10000,endpoint,507,0.31689619421958926,0.021097861581231794,1.2897343158721923,0.04337655477583847,5
10000,endpoint,508,0.3193691074848175,0.0237573289050672,1.2967629432678223,0.043684133941722415,5
10000,endpoint,509,0.3200160086154938,0.018858007267437134,1.2980868339538574,0.04760646945572556,5
10000,endpoint,510,0.316903167963028,0.020637695572521566,1.29339599609375,0.043736802873800794,5
10000,endpoint,511,0.3199009418487549,0.029711865817441348,1.2972645998001098,0.04052354342413592,5
10000,endpoint,512,0.31844061613082886,0.021429414571828554,1.2960218906402587,0.04382501128508524,5
10000,endpoint,513,0.31752273440361023,0.021311556666729837,1.2959023237228393,0.04439975803460937,5
10000,endpoint,514,0.3188916027545929,0.030628262785121076,1.29757719039917,0.03958983059947752,5
10000,endpoint,515,0.31684243083000185,0.022233082028264677,1.296078610420227,0.03564406383120532,5
10000,endpoint,516,0.3155965805053711,0.02158270283053535,1.2955669164657593,0.041399768109481115,5
10000,endpoint,517,0.3168490409851074,0.025428553840568656,1.2991707801818848,0.042751634103890476,5
10000,endpoint,518,0.3156780004501343,0.02126418642551959,1.2964914560317993,0.035335823504483825,5
10000,endpoint,519,0.31383946537971497,0.019772141275107836,1.2937055587768556,0.03674306426594864,5
10000,subset_accuracy_drop,1,0.693174409866333,0.0015768567544135583,0.693193542957306,0.001560564891219489,5
10000,subset_accuracy_drop,2,0.6929511189460754,0.0014417034119319496,0.6929725170135498,0.0014315290548419467,5
10000,subset_accuracy_drop,3,0.6927274346351624,0.001329953337621629,0.6927510976791382,0.001328638328322007,5
10000,subset_accuracy_drop,4,0.6924990057945252,0.0012526549169115694,0.6925244688987732,0.0012627253931645822,5
10000,subset_accuracy_drop,5,0.692262327671051,0.001224237461059954,0.6922892332077026,0.0012471400920416522,5
10000,subset_accuracy_drop,6,0.6920151710510254,0.0012592061681177048,0.6920429229736328,0.0012935273748972012,5
10000,subset_accuracy_drop,7,0.6917587280273437,0.0013666431383569516,0.6917866587638855,0.00140834370892245,5
10000,subset_accuracy_drop,8,0.6914964318275452,0.0015443592682735094,0.6915241837501526,0.001588298549364817,5
10000,subset_accuracy_drop,9,0.6912329316139221,0.0017814561746444181,0.6912600040435791,0.0018229359101239121,5
10000,subset_accuracy_drop,10,0.6909724831581116,0.00206607826793568,0.690998888015747,0.0021007375064853577,5
10000,subset_accuracy_drop,11,0.6907195091247559,0.00238926700686417,0.6907452583312989,0.002414453300715262,5
10000,subset_accuracy_drop,12,0.6904784679412842,0.0027451566549379905,0.6905042648315429,0.002757828843514017,5
10000,subset_accuracy_drop,13,0.690255630016327,0.0031230358034067315,0.6902830123901367,0.00311991524408592,5
10000,subset_accuracy_drop,14,0.6900558948516846,0.003508677242526385,0.6900865793228149,0.003486923537470456,5
10000,subset_accuracy_drop,15,0.6898825287818908,0.003880100090605806,0.6899186730384826,0.003837047521952001,5
10000,subset_accuracy_drop,16,0.6897431969642639,0.004197712638140331,0.689787495136261,0.004130658889997435,5
10000,subset_accuracy_drop,17,0.689652419090271,0.004408654545516582,0.6897082567214966,0.00431446794237735,5
10000,subset_accuracy_drop,18,0.6896273851394653,0.004463659046956625,0.6896975040435791,0.004341066376925024,5
10000,subset_accuracy_drop,19,0.6896678566932678,0.004362587026288239,0.6897528767585754,0.004214284672420485,5
10000,subset_accuracy_drop,20,0.6897335410118103,0.004197570097022838,0.6898309707641601,0.004031295888349028,5
10000,subset_accuracy_drop,21,0.6897688269615173,0.0040930689868527124,0.6898736119270324,0.003919349585628456,5
10000,subset_accuracy_drop,22,0.6897499918937683,0.0041042142072712645,0.6898568511009217,0.003932127008803507,5
10000,subset_accuracy_drop,23,0.6896898627281189,0.0042082712017294036,0.6897946119308471,0.004044670405797126,5
10000,subset_accuracy_drop,24,0.6896172404289246,0.004347134947333981,0.6897173285484314,0.0041971608684236595,5
10000,subset_accuracy_drop,25,0.6895565629005432,0.004469458420624332,0.6896510243415832,0.004335418813357323,5
10000,subset_accuracy_drop,26,0.6895208835601807,0.004545605370982899,0.6896095991134643,0.0044277774958622895,5
10000,subset_accuracy_drop,27,0.6895111322402954,0.004570579492524222,0.6895946741104126,0.004467862167303695,5
10000,subset_accuracy_drop,28,0.6895201802253723,0.004556889296135042,0.6895995616912842,0.0044668474681686336,5
10000,subset_accuracy_drop,29,0.6895376324653626,0.004524398816251981,0.689613938331604,0.004444274009722166,5
10000,subset_accuracy_drop,30,0.6895542025566102,0.004491614408326214,0.6896284461021424,0.004418637600147877,5
10000,subset_accuracy_drop,31,0.6895640611648559,0.004470231553657767,0.6896371364593505,0.004401729223395351,5
10000,subset_accuracy_drop,32,0.689564871788025,0.004465098130652738,0.6896376609802246,0.004398599305749888,5
10000,subset_accuracy_drop,33,0.689556884765625,0.0044763403511555964,0.689629876613617,0.004409925135282269,5
10000,subset_accuracy_drop,34,0.689541757106781,0.004501198867395484,0.689615535736084,0.00443309217108277,5
10000,subset_accuracy_drop,35,0.6895223021507263,0.004534616359203333,0.6895973682403564,0.004463381517165792,5
10000,subset_accuracy_drop,36,0.6895009756088257,0.004571878967622988,0.6895777821540833,0.0044963118798585795,5
10000,subset_accuracy_drop,37,0.6894804120063782,0.004608134260945031,0.6895593166351318,0.004527448907617299,5
10000,subset_accuracy_drop,38,0.6894628286361695,0.004638770553627702,0.6895440936088562,0.004552668673481086,5
10000,subset_accuracy_drop,39,0.6894499301910401,0.0046610028868301805,0.689533531665802,0.0045693066518082606,5
10000,subset_accuracy_drop,40,0.6894421219825745,0.0046738062087096095,0.6895281434059143,0.004576499263688669,5
10000,subset_accuracy_drop,41,0.6894387006759644,0.004678552503303153,0.689526903629303,0.004576415481628909,5
10000,subset_accuracy_drop,42,0.6894380569458007,0.00467842637283615,0.6895280361175538,0.004572484094599132,5
10000,subset_accuracy_drop,43,0.689438271522522,0.004677000359245575,0.689529550075531,0.00456848613837176,5
10000,subset_accuracy_drop,44,0.6894377112388611,0.004677496826910637,0.6895296573638916,0.004567889143204704,5
10000,subset_accuracy_drop,45,0.6894354701042176,0.004681570295545489,0.6895274996757508,0.004572200623144886,5
10000,subset_accuracy_drop,46,0.6894314646720886,0.0046891909892784476,0.6895230889320374,0.004581361208548984,5
10000,subset_accuracy_drop,47,0.6894264817237854,0.0046988505781033856,0.6895171999931335,0.004593540211033004,5
10000,subset_accuracy_drop,48,0.6894213914871216,0.0047084335969685386,0.6895109176635742,0.004606408372268953,5
10000,subset_accuracy_drop,49,0.6894171595573425,0.004716221888594378,0.689505422115326,0.004617761932646326,5
10000,subset_accuracy_drop,50,0.6894142627716064,0.004721334856069651,0.6895010828971863,0.004626609807988565,5
10000,subset_accuracy_drop,51,0.6894125938415527,0.004723828463622565,0.6894981861114502,0.004632568846333057,5
10000,subset_accuracy_drop,52,0.6894120097160339,0.004724545774728869,0.6894964694976806,0.004636329815947422,5
10000,subset_accuracy_drop,53,0.6894117832183838,0.0047246941512193346,0.6894953370094299,0.0046389898001697166,5
10000,subset_accuracy_drop,54,0.6894114136695861,0.004725252160480051,0.6894942998886109,0.0046413596619052574,5
10000,subset_accuracy_drop,55,0.6894104719161988,0.004727181738785489,0.6894930362701416,0.0046443568205688755,5
10000,subset_accuracy_drop,56,0.689408814907074,0.0047306653713467895,0.6894912481307983,0.004648277628501682,5
10000,subset_accuracy_drop,57,0.6894064903259277,0.004735596111799767,0.6894890189170837,0.004653022343808237,5
10000,subset_accuracy_drop,58,0.6894037008285523,0.004741292044227797,0.6894865512847901,0.004658155658430877,5
10000,subset_accuracy_drop,59,0.6894007444381713,0.004747279313409328,0.6894840836524964,0.004663146314353946,5
10000,subset_accuracy_drop,60,0.6893978595733643,0.004752837025549415,0.6894818186759949,0.00466752016125551,5
10000,subset_accuracy_drop,61,0.6893953204154968,0.004757480554167099,0.6894799590110778,0.004670902838376959,5
10000,subset_accuracy_drop,62,0.6893932223320007,0.004761192126568543,0.6894784808158875,0.0046733592655145055,5
10000,subset_accuracy_drop,63,0.6893915176391602,0.004763946914550782,0.6894774079322815,0.004675075405617404,5
10000,subset_accuracy_drop,64,0.6893901109695435,0.004765957534078002,0.6894764184951783,0.00467641830091132,5
10000,subset_accuracy_drop,65,0.6893888354301453,0.004767739414167565,0.6894755125045776,0.0046777806810728104,5
10000,subset_accuracy_drop,66,0.6893876791000366,0.004769518108663924,0.689474368095398,0.00467949293382396,5
10000,subset_accuracy_drop,67,0.6893864274024963,0.004771392447450807,0.6894730925559998,0.004681835953162754,5
10000,subset_accuracy_drop,68,0.6893851399421692,0.0047733764829575665,0.6894716858863831,0.004684570604203294,5
10000,subset_accuracy_drop,69,0.6893839478492737,0.004775373276452808,0.6894702315330505,0.0046874728707404474,5
10000,subset_accuracy_drop,70,0.6893828511238098,0.004777189010996349,0.6894688129425048,0.00469034094641532,5
10000,subset_accuracy_drop,71,0.6893819332122803,0.004778732494407142,0.6894675254821777,0.0046930237583644886,5
10000,subset_accuracy_drop,72,0.689381206035614,0.004779891521868624,0.6894663810729981,0.004695392112711766,5
10000,subset_accuracy_drop,73,0.6893806457519531,0.004780837642787718,0.6894654035568237,0.0046974436428062795,5
10000,subset_accuracy_drop,74,0.6893801093101501,0.0047816281339771345,0.6894645690917969,0.0046991919359040246,5
10000,subset_accuracy_drop,75,0.689379620552063,0.004782398066177087,0.6894637823104859,0.004700758328736307,5
10000,subset_accuracy_drop,76,0.6893790125846863,0.004783361172787089,0.6894630432128906,0.0047021095215126025,5
10000,subset_accuracy_drop,77,0.6893783926963806,0.00478459120721415,0.6894623517990113,0.004703543255273874,5
10000,subset_accuracy_drop,78,0.6893776297569275,0.004786051536585597,0.6894616484642029,0.004705014723419836,5
10000,subset_accuracy_drop,79,0.6893767952919007,0.004787666970411272,0.6894609689712524,0.004706388295727729,5
10000,subset_accuracy_drop,80,0.6893759846687317,0.004789329098895459,0.689460289478302,0.004707720078142259,5
10000,subset_accuracy_drop,81,0.6893752098083497,0.004790874618303717,0.6894598484039307,0.004708723720181685,5
10000,subset_accuracy_drop,82,0.6893745183944702,0.004792285899329443,0.6894594669342041,0.004709599964594092,5
10000,subset_accuracy_drop,83,0.6893738985061646,0.004793493718920919,0.6894591927528382,0.0047102252897813605,5
10000,subset_accuracy_drop,84,0.6893733024597168,0.004794583976145587,0.6894588828086853,0.0047109205216697165,5
10000,subset_accuracy_drop,85,0.689372718334198,0.00479555288617694,0.6894584655761719,0.004711673516956139,5
10000,subset_accuracy_drop,86,0.6893721938133239,0.004796505084616634,0.6894580125808716,0.004712533187217034,5
10000,subset_accuracy_drop,87,0.6893716812133789,0.004797380612379405,0.6894574999809265,0.004713553657807149,5
10000,subset_accuracy_drop,88,0.6893712162971497,0.0047982519402214804,0.6894568920135498,0.004714697586393621,5
10000,subset_accuracy_drop,89,0.6893707156181336,0.004799066763823358,0.6894562005996704,0.004716026154925091,5
10000,subset_accuracy_drop,90,0.6893702745437622,0.004799759653119316,0.6894555568695069,0.004717412663353122,5
10000,subset_accuracy_drop,91,0.6893698573112488,0.0048003598919788915,0.6894550323486328,0.004718588535113618,5
10000,subset_accuracy_drop,92,0.6893694996833801,0.00480092073532691,0.6894546270370483,0.004719572026145486,5
10000,subset_accuracy_drop,93,0.6893691182136535,0.004801451927286206,0.6894542574882507,0.004720390159656706,5
10000,subset_accuracy_drop,94,0.6893688082695008,0.004801981219089781,0.689453911781311,0.0047210763666576585,5
10000,subset_accuracy_drop,95,0.6893684506416321,0.0048026468785986355,0.6894536256790161,0.0047216948136463025,5
10000,subset_accuracy_drop,96,0.6893680810928344,0.004803230494126903,0.689453387260437,0.0047222635023905285,5
10000,subset_accuracy_drop,97,0.6893677592277527,0.004803895952794866,0.6894532322883606,0.0047226895369055985,5
10000,subset_accuracy_drop,98,0.6893673658370971,0.004804565378849948,0.6894530057907104,0.004723095417280847,5
10000,subset_accuracy_drop,99,0.6893669962882996,0.004805241355667851,0.6894529104232788,0.004723424005782705,5
10000,subset_accuracy_drop,100,0.6893666505813598,0.004805808963746326,0.6894529104232788,0.0047235938388646235,5
10000,subset_accuracy_drop,101,0.6893663287162781,0.004806368214587527,0.689452850818634,0.004723789491545187,5
10000,subset_accuracy_drop,102,0.6893659949302673,0.004806922870712849,0.6894527435302734,0.004724079676463829,5
10000,subset_accuracy_drop,103,0.6893656849861145,0.00480744017817242,0.6894525766372681,0.004724495008628427,5
10000,subset_accuracy_drop,104,0.6893654465675354,0.004807942538309642,0.6894524097442627,0.004725048146195942,5
10000,subset_accuracy_drop,105,0.6893651008605957,0.004808407601448501,0.6894521832466125,0.004725600859431403,5
10000,subset_accuracy_drop,106,0.6893647909164429,0.004808845515098606,0.6894519686698913,0.0047262517692744175,5
10000,subset_accuracy_drop,107,0.6893645286560058,0.00480928348749323,0.6894517421722413,0.004726939509275399,5
10000,subset_accuracy_drop,108,0.6893642544746399,0.004809685973557861,0.6894515156745911,0.004727550533007297,5
10000,subset_accuracy_drop,109,0.689363956451416,0.004810031515578316,0.6894512176513672,0.0047281913144984755,5
10000,subset_accuracy_drop,110,0.6893637895584106,0.004810437639894863,0.689451026916504,0.004728729185933652,5
10000,subset_accuracy_drop,111,0.6893635153770447,0.004810810345845809,0.6894508719444274,0.004729229692519645,5
10000,subset_accuracy_drop,112,0.6893632173538208,0.004811278255934675,0.6894506812095642,0.0047296932205673475,5
10000,subset_accuracy_drop,113,0.6893629789352417,0.004811778768043781,0.689450466632843,0.004730108977429334,5
10000,subset_accuracy_drop,114,0.6893627762794494,0.00481216171721264,0.6894502758979797,0.004730499095671332,5
10000,subset_accuracy_drop,115,0.6893625378608703,0.004812603458936132,0.689450204372406,0.004730919334011601,5
10000,subset_accuracy_drop,116,0.6893622756004334,0.004812997732006224,0.6894500494003296,0.004731315408693984,5
10000,subset_accuracy_drop,117,0.6893620371818543,0.004813338611572421,0.6894498705863953,0.004731707410076303,5
10000,subset_accuracy_drop,118,0.6893617630004882,0.004813725344416807,0.6894497156143189,0.004732095442852206,5
10000,subset_accuracy_drop,119,0.6893615484237671,0.004814061542002655,0.6894495487213135,0.004732550416785735,5
10000,subset_accuracy_drop,120,0.689361321926117,0.0048143567888687955,0.6894494295120239,0.0047329960407966835,5
10000,subset_accuracy_drop,121,0.6893611669540405,0.004814670692862128,0.6894492864608764,0.00473345840443489,5
10000,subset_accuracy_drop,122,0.6893609523773193,0.004814940740655383,0.689449143409729,0.004733846264225205,5
10000,subset_accuracy_drop,123,0.6893607616424561,0.0048152864290653885,0.6894491076469421,0.004734257378678607,5
10000,subset_accuracy_drop,124,0.6893605589866638,0.0048155434965461465,0.6894490122795105,0.004734756997631769,5
10000,subset_accuracy_drop,125,0.6893603682518006,0.004815848901723763,0.6894489169120789,0.004735157272337651,5
10000,subset_accuracy_drop,126,0.6893602013587952,0.004816107619822839,0.6894488453865051,0.0047354745692365415,5
10000,subset_accuracy_drop,127,0.689359974861145,0.004816354128675725,0.6894487500190735,0.004735774637207488,5
10000,subset_accuracy_drop,128,0.6893598318099976,0.004816595263422256,0.6894487023353577,0.004736102148783381,5
10000,subset_accuracy_drop,129,0.6893596172332763,0.004816864332410754,0.6894487500190735,0.004736267401133718,5
10000,subset_accuracy_drop,130,0.689359450340271,0.004817126982734207,0.6894487857818603,0.0047364489609649195,5
10000,subset_accuracy_drop,131,0.6893592596054077,0.004817346659519637,0.6894487500190735,0.004736701882773827,5
10000,subset_accuracy_drop,132,0.6893590807914733,0.004817505582380189,0.6894487023353577,0.004737028563003803,5
10000,subset_accuracy_drop,133,0.6893589496612549,0.004817744692346879,0.6894486308097839,0.004737438670685413,5
10000,subset_accuracy_drop,134,0.6893588066101074,0.00481791952259045,0.6894485592842102,0.004737815873254525,5
10000,subset_accuracy_drop,135,0.689358651638031,0.004818121446348892,0.6894485592842102,0.004738045624075152,5
10000,subset_accuracy_drop,136,0.6893585324287415,0.004818277494753853,0.6894485354423523,0.004738290633851043,5
10000,subset_accuracy_drop,137,0.689358365535736,0.004818467217971151,0.6894485116004944,0.004738467910907859,5
10000,subset_accuracy_drop,138,0.6893581986427307,0.004818635487362717,0.6894485831260682,0.0047386342092177415,5
10000,subset_accuracy_drop,139,0.6893580555915833,0.004818813240554491,0.6894485592842102,0.004738911729858718,5
10000,subset_accuracy_drop,140,0.6893579363822937,0.004818991848018377,0.6894485354423523,0.0047393021114321525,5
10000,subset_accuracy_drop,141,0.6893577456474305,0.004819116121641773,0.6894484996795655,0.004739696951913793,5
10000,subset_accuracy_drop,142,0.689357578754425,0.0048193058664330185,0.6894485473632812,0.004739856767244214,5
10000,subset_accuracy_drop,143,0.6893574714660644,0.004819442530500312,0.6894486427307129,0.004739915587054552,5
10000,subset_accuracy_drop,144,0.6893573522567749,0.004819608936044641,0.6894487142562866,0.004740025344780136,5
10000,subset_accuracy_drop,145,0.6893571853637696,0.004819835110861035,0.6894487857818603,0.004740109739715073,5
10000,subset_accuracy_drop,146,0.6893571138381958,0.004819882053720868,0.6894488453865051,0.004740384248618573,5
10000,subset_accuracy_drop,147,0.6893570184707641,0.0048199980387717,0.689448869228363,0.004740648888177688,5
10000,subset_accuracy_drop,148,0.6893568515777588,0.004820131822953134,0.6894489288330078,0.004740883118438716,5
10000,subset_accuracy_drop,149,0.689356780052185,0.004820187061990758,0.6894490361213684,0.004741017635133373,5
10000,subset_accuracy_drop,150,0.6893567085266114,0.004820316316342997,0.6894490718841553,0.004741272620973012,5
10000,subset_accuracy_drop,151,0.6893565654754639,0.004820432328753679,0.6894490957260132,0.004741597347052502,5
10000,subset_accuracy_drop,152,0.6893564820289612,0.004820549363567314,0.6894490838050842,0.004741987740985739,5
10000,subset_accuracy_drop,153,0.6893563866615295,0.004820724258244778,0.689449143409729,0.004742155128629825,5
10000,subset_accuracy_drop,154,0.6893563032150268,0.004820795428739456,0.6894492030143737,0.004742394460114865,5
10000,subset_accuracy_drop,155,0.6893562316894531,0.004820927158545429,0.6894492864608764,0.004742376291805889,5
10000,subset_accuracy_drop,156,0.6893561482429504,0.004821045224785441,0.6894493818283081,0.004742470895297027,5
10000,subset_accuracy_drop,157,0.6893560647964477,0.004821091166707263,0.6894493699073792,0.00474275603852634,5
10000,subset_accuracy_drop,158,0.689356017112732,0.004821187540362649,0.6894494295120239,0.004742991650832077,5
10000,subset_accuracy_drop,159,0.6893559455871582,0.0048212204821160435,0.6894494652748108,0.0047432106263554505,5
10000,subset_accuracy_drop,160,0.6893558859825134,0.00482128419494348,0.6894494891166687,0.004743383576499755,5
10000,subset_accuracy_drop,161,0.6893558144569397,0.0048213984219663015,0.6894496083259583,0.00474359846646515,5
10000,subset_accuracy_drop,162,0.6893556952476502,0.004821487382520829,0.6894496440887451,0.0047437753631779985,5
10000,subset_accuracy_drop,163,0.6893556594848633,0.004821603400354078,0.6894496202468872,0.004744123133645489,5
10000,subset_accuracy_drop,164,0.6893555641174316,0.0048216745734191106,0.6894496083259583,0.004744440450536811,5
10000,subset_accuracy_drop,165,0.6893555283546448,0.004821740928199858,0.6894496440887451,0.004744655759800621,5
10000,subset_accuracy_drop,166,0.6893554210662842,0.004821837319813976,0.6894497275352478,0.004744845115247838,5
10000,subset_accuracy_drop,167,0.6893553733825684,0.004821874810387903,0.6894497036933899,0.004745155402205597,5
10000,subset_accuracy_drop,168,0.6893552780151367,0.004821958200881209,0.6894497871398926,0.00474547843057014,5
10000,subset_accuracy_drop,169,0.6893552422523499,0.004822004134141456,0.689449918270111,0.004745621374117044,5
10000,subset_accuracy_drop,170,0.6893551826477051,0.004822063038637542,0.6894500255584717,0.004745704090366001,5
10000,subset_accuracy_drop,171,0.6893551468849182,0.004822140586654079,0.6894501566886901,0.0047457237108972945,5
10000,subset_accuracy_drop,172,0.6893550753593445,0.004822158419036645,0.6894502162933349,0.0047457937040756015,5
10000,subset_accuracy_drop,173,0.6893550157546997,0.004822205165261592,0.6894503116607666,0.004745923263714001,5
10000,subset_accuracy_drop,174,0.6893549919128418,0.004822239949158441,0.6894503951072692,0.004746040791348519,5
10000,subset_accuracy_drop,175,0.689354932308197,0.004822232569092576,0.689450454711914,0.004746211101684473,5
10000,subset_accuracy_drop,176,0.6893548846244812,0.004822256005316573,0.689450490474701,0.0047465657607023955,5
10000,subset_accuracy_drop,177,0.6893548369407654,0.004822324233759607,0.6894505739212036,0.004746854077630713,5
10000,subset_accuracy_drop,178,0.6893548250198365,0.004822321648121569,0.6894505977630615,0.004747159538758822,5
10000,subset_accuracy_drop,179,0.6893547892570495,0.004822412429181354,0.6894507288932801,0.004747224900917189,5
10000,subset_accuracy_drop,180,0.6893547654151917,0.0048224302280331114,0.6894508957862854,0.00474722453181767,5
10000,subset_accuracy_drop,181,0.6893547534942627,0.004822458369976005,0.689451026916504,0.004747222142024761,5
10000,subset_accuracy_drop,182,0.6893547415733338,0.004822416416100379,0.6894510746002197,0.004747337074411216,5
10000,subset_accuracy_drop,183,0.6893546938896179,0.0048225016902405425,0.6894510746002197,0.004747562199487424,5
10000,subset_accuracy_drop,184,0.6893547177314758,0.0048225467473009005,0.6894511103630065,0.004747862296610568,5
10000,subset_accuracy_drop,185,0.6893547177314758,0.004822550562239639,0.689451026916504,0.004748184920392464,5
10000,subset_accuracy_drop,186,0.689354681968689,0.004822596506948878,0.6894510388374329,0.00474842251248849,5
10000,subset_accuracy_drop,187,0.689354658126831,0.004822590958708785,0.6894510984420776,0.004748519802705179,5
10000,subset_accuracy_drop,188,0.6893546104431152,0.004822582741829699,0.6894512176513672,0.004748474625380948,5
10000,subset_accuracy_drop,189,0.6893546342849731,0.004822677346846688,0.6894513964653015,0.004748391563769917,5
10000,subset_accuracy_drop,190,0.6893546342849731,0.004822689557661351,0.6894514918327331,0.004748386556036229,5
10000,subset_accuracy_drop,191,0.6893546342849731,0.004822585943488847,0.6894514918327331,0.0047485167646734395,5
10000,subset_accuracy_drop,192,0.6893546342849731,0.0048226924890405,0.6894514799118042,0.004748796793024071,5
10000,subset_accuracy_drop,193,0.6893546223640442,0.004822681256528107,0.6894514322280884,0.004749027166350646,5
10000,subset_accuracy_drop,194,0.6893545985221863,0.004822663498088321,0.6894514322280884,0.004749272654744839,5
10000,subset_accuracy_drop,195,0.6893545746803283,0.0048226871636789055,0.6894513845443726,0.004749490336315906,5
10000,subset_accuracy_drop,196,0.6893545627593994,0.004822747939230489,0.6894514441490174,0.0047495378430144255,5
10000,subset_accuracy_drop,197,0.6893545269966126,0.004822734979712478,0.6894516110420227,0.004749525740942144,5
10000,subset_accuracy_drop,198,0.6893545508384704,0.004822743459208693,0.6894516944885254,0.00474954580141196,5
10000,subset_accuracy_drop,199,0.6893545746803283,0.004822708174292056,0.689451789855957,0.004749723351578243,5
10000,subset_accuracy_drop,200,0.6893545985221863,0.0048227288664658505,0.6894517660140991,0.0047499388827093895,5
10000,subset_accuracy_drop,201,0.6893545866012574,0.00482272145425624,0.6894517660140991,0.004750069117603759,5
10000,subset_accuracy_drop,202,0.6893545866012574,0.00482275408144039,0.6894517779350281,0.004750141755373653,5
10000,subset_accuracy_drop,203,0.6893546223640442,0.004822783073431852,0.6894518494606018,0.004750026312919927,5
10000,subset_accuracy_drop,204,0.6893545985221863,0.004822810154789511,0.6894518494606018,0.004750026312919927,5
10000,subset_accuracy_drop,205,0.6893546342849731,0.004822826046766316,0.6894518136978149,0.004750133992059451,5
10000,subset_accuracy_drop,206,0.689354658126831,0.004822845715974533,0.6894517302513122,0.0047503942616573345,5
10000,subset_accuracy_drop,207,0.6893547296524047,0.004822824459257905,0.6894517183303833,0.004750622637247258,5
10000,subset_accuracy_drop,208,0.689354681968689,0.0048227920147235976,0.6894517302513122,0.004750727840208331,5
10000,subset_accuracy_drop,209,0.6893547534942627,0.004822812526353651,0.6894517421722413,0.004750777858939485,5
10000,subset_accuracy_drop,210,0.6893547296524047,0.004822806981382362,0.6894517779350281,0.004750795112772311,5
10000,subset_accuracy_drop,211,0.6893547296524047,0.004822809917110028,0.6894518256187439,0.004750894373609214,5
10000,subset_accuracy_drop,212,0.6893547534942627,0.004822827675857817,0.6894517540931702,0.004751067239626528,5
10000,subset_accuracy_drop,213,0.6893547773361206,0.00482277724639908,0.6894516706466675,0.0047512475728679225,5
10000,subset_accuracy_drop,214,0.6893548369407654,0.004822787549770432,0.6894516229629517,0.004751337796927224,5
10000,subset_accuracy_drop,215,0.6893548607826233,0.004822772682757445,0.6894515991210938,0.004751400468589935,5
10000,subset_accuracy_drop,216,0.6893548488616943,0.004822777486253308,0.6894516706466675,0.004751415697176919,5
10000,subset_accuracy_drop,217,0.6893548488616943,0.004822745885944481,0.6894517302513122,0.004751432921738494,5
10000,subset_accuracy_drop,218,0.6893548727035522,0.004822720715421431,0.6894517064094543,0.004751545900528358,5
10000,subset_accuracy_drop,219,0.6893548727035522,0.004822721741222761,0.6894517064094543,0.004751683693365873,5
10000,subset_accuracy_drop,220,0.6893548727035522,0.004822721741222761,0.6894517064094543,0.004751754126417435,5
10000,subset_accuracy_drop,221,0.689354944229126,0.004822708742407003,0.6894516110420227,0.004751954450287271,5
10000,subset_accuracy_drop,222,0.6893549680709838,0.004822690939058114,0.6894514918327331,0.0047521696401000325,5
10000,subset_accuracy_drop,223,0.6893549919128418,0.004822676073146973,0.6894514322280884,0.004752327409119364,5
10000,subset_accuracy_drop,224,0.6893550276756286,0.004822671556224975,0.6894514441490174,0.004752302368296547,5
10000,subset_accuracy_drop,225,0.6893550276756286,0.0048226389308766646,0.6894514799118042,0.004752159464342534,5
10000,subset_accuracy_drop,226,0.6893550634384156,0.004822634414693346,0.6894515633583069,0.004752018974947711,5
10000,subset_accuracy_drop,227,0.6893551111221313,0.004822524278918965,0.6894515633583069,0.004751948542457367,5
10000,subset_accuracy_drop,228,0.6893551826477051,0.004822476745640899,0.68945152759552,0.004752021434062561,5
10000,subset_accuracy_drop,229,0.6893551826477051,0.004822372993366326,0.689451539516449,0.004752091439745773,5
10000,subset_accuracy_drop,230,0.689355218410492,0.004822377297289243,0.6894516110420227,0.0047521062553077635,5
10000,subset_accuracy_drop,231,0.6893552422523499,0.004822359493232439,0.6894516706466675,0.00475214388545761,5
10000,subset_accuracy_drop,232,0.6893552422523499,0.004822362433468643,0.6894515991210938,0.004752294129837327,5
10000,subset_accuracy_drop,233,0.6893552780151367,0.004822308225052672,0.6894514918327331,0.0047523918786666845,5
10000,subset_accuracy_drop,234,0.6893553256988525,0.004822237053014834,0.6894513964653015,0.004752527073264548,5
10000,subset_accuracy_drop,235,0.6893553376197815,0.004822247403254732,0.6894513249397278,0.004752681778005852,5
10000,subset_accuracy_drop,236,0.6893553614616394,0.004822196975168725,0.689451277256012,0.004752736686525461,5
10000,subset_accuracy_drop,237,0.6893553972244263,0.004822153957585777,0.6894513130187988,0.004752707660025075,5
10000,subset_accuracy_drop,238,0.6893554210662842,0.004822173629793246,0.6894513249397278,0.00475261399635646,5
10000,subset_accuracy_drop,239,0.6893554925918579,0.004822126099468472,0.6894513368606567,0.004752656736957118,5
10000,subset_accuracy_drop,240,0.6893555164337158,0.004822111236310212,0.689451253414154,0.004752897157115453,5
10000,subset_accuracy_drop,241,0.6893555283546448,0.0048220533983158185,0.6894511818885803,0.004753047404592732,5
10000,subset_accuracy_drop,242,0.6893555402755738,0.0048220637492446235,0.6894512057304383,0.004753122948821275,5
10000,subset_accuracy_drop,243,0.6893555641174316,0.004822045945724666,0.6894511580467224,0.004753033195428168,5
10000,subset_accuracy_drop,244,0.6893556118011475,0.004821977714854392,0.6894511818885803,0.004752983112865266,5
10000,subset_accuracy_drop,245,0.6893556237220764,0.004821988065871991,0.6894512057304383,0.004753029888541162,5
10000,subset_accuracy_drop,246,0.6893556237220764,0.004821922817862535,0.6894512057304383,0.004753295721532927,5
10000,subset_accuracy_drop,247,0.6893556237220764,0.0048219257591017904,0.6894512295722961,0.0047533380472427585,5
10000,subset_accuracy_drop,248,0.6893556952476502,0.004821904517080861,0.6894513130187988,0.0047533634611729905,5
10000,subset_accuracy_drop,249,0.6893557429313659,0.004821836286088156,0.6894513130187988,0.004753386089905754,5
10000,subset_accuracy_drop,250,0.6893557906150818,0.0048217821197230415,0.6894513726234436,0.004753391158443133,5
10000,subset_accuracy_drop,251,0.6893558025360107,0.0048217476268792,0.6894514560699463,0.0047533886578831515,5
10000,subset_accuracy_drop,252,0.6893558144569397,0.004821669388255785,0.6894515156745911,0.004753461516941496,5
10000,subset_accuracy_drop,253,0.6893557667732239,0.004821584235157518,0.6894515991210938,0.004753451725420752,5
10000,subset_accuracy_drop,254,0.6893558382987977,0.004821550772548436,0.6894516587257385,0.004753554519556632,5
10000,subset_accuracy_drop,255,0.6893558740615845,0.004821475132003174,0.6894517540931702,0.004753544960999597,5
10000,subset_accuracy_drop,256,0.6893559098243713,0.0048214321144641826,0.6894517540931702,0.004753482459091908,5
10000,subset_accuracy_drop,257,0.6893559217453002,0.0048214069010130665,0.6894517064094543,0.004753514838123291,5
10000,subset_accuracy_drop,258,0.689355981349945,0.004821414268710801,0.6894515633583069,0.004753720262256216,5
10000,subset_accuracy_drop,259,0.689356017112732,0.004821359029585556,0.6894514322280884,0.00475390022761471,5
10000,subset_accuracy_drop,260,0.6893560409545898,0.004821317883155173,0.6894513368606567,0.004754061114185707,5
10000,subset_accuracy_drop,261,0.6893561005592346,0.004821339314963219,0.6894512414932251,0.004754141107504914,5
10000,subset_accuracy_drop,262,0.6893561482429504,0.00482130370906559,0.6894511699676513,0.004754151139614605,5
10000,subset_accuracy_drop,263,0.6893561840057373,0.0048212251278427175,0.6894510626792908,0.004754143239517747,5
10000,subset_accuracy_drop,264,0.6893562078475952,0.00482121026629139,0.6894510865211487,0.00475417628013926,5
10000,subset_accuracy_drop,265,0.68935626745224,0.00482115533045842,0.6894511103630065,0.004754055764704647,5
10000,subset_accuracy_drop,266,0.6893562555313111,0.004821118238298658,0.6894511461257935,0.004754103515731958,5
10000,subset_accuracy_drop,267,0.6893563032150268,0.004821017385537777,0.6894511699676513,0.004754060409929394,5
10000,subset_accuracy_drop,268,0.6893563508987427,0.0048210139496378274,0.6894511580467224,0.004754040190838174,5
10000,subset_accuracy_drop,269,0.6893563866615295,0.0048209709333264066,0.6894511938095093,0.004754108455567834,5
10000,subset_accuracy_drop,270,0.6893564224243164,0.004820930860172386,0.6894511699676513,0.00475412332421638,5
10000,subset_accuracy_drop,271,0.6893564581871032,0.004820858164429768,0.6894511580467224,0.004754183160291338,5
10000,subset_accuracy_drop,272,0.6893564581871032,0.004820870389248292,0.6894510865211487,0.004754260451449064,5
10000,subset_accuracy_drop,273,0.689356517791748,0.004820835855170717,0.689450991153717,0.00475426050114249,5
10000,subset_accuracy_drop,274,0.6893565773963928,0.004820816490672238,0.6894509077072144,0.004754338089310631,5
10000,subset_accuracy_drop,275,0.6893565773963928,0.004820816490672238,0.6894508719444274,0.004754382873722111,5
10000,subset_accuracy_drop,276,0.6893566250801086,0.0048208164513558315,0.6894507646560669,0.004754488450637683,5
10000,subset_accuracy_drop,277,0.6893566012382507,0.0048208016318776045,0.689450716972351,0.004754546117483172,5
10000,subset_accuracy_drop,278,0.6893566370010376,0.004820826805419546,0.6894507646560669,0.004754488450637683,5
10000,subset_accuracy_drop,279,0.6893566727638245,0.004820786734088933,0.6894507884979248,0.004754395863341868,5
10000,subset_accuracy_drop,280,0.6893567085266114,0.004820779285509003,0.6894508123397827,0.004754348427603663,5
10000,subset_accuracy_drop,281,0.6893567323684693,0.004820764427262924,0.6894507527351379,0.004754350655732635,5
10000,subset_accuracy_drop,282,0.689356780052185,0.004820686917024674,0.6894507288932801,0.004754435956587362,5
10000,subset_accuracy_drop,283,0.6893568277359009,0.004820689823459105,0.6894508004188538,0.004754453837416845,5
10000,subset_accuracy_drop,284,0.6893568158149719,0.004820643901553652,0.6894508481025696,0.0047544766521402295,5
10000,subset_accuracy_drop,285,0.6893568634986877,0.004820646808124531,0.6894508957862854,0.004754476834876659,5
10000,subset_accuracy_drop,286,0.6893569111824036,0.004820548902909493,0.6894508957862854,0.004754507176088828,5
10000,subset_accuracy_drop,287,0.6893568754196167,0.004820485216108287,0.6894509434700012,0.0047546176495003815,5
10000,subset_accuracy_drop,288,0.6893569111824036,0.004820432918436466,0.6894509792327881,0.004754707592287152,5
10000,subset_accuracy_drop,289,0.6893569827079773,0.004820399457932222,0.689450991153717,0.004754740398216095,5
10000,subset_accuracy_drop,290,0.6893569469451905,0.004820408021245003,0.6894510626792908,0.0047547981457280175,5
10000,subset_accuracy_drop,291,0.6893570184707641,0.004820332657910051,0.6894510865211487,0.004754910912123287,5
10000,subset_accuracy_drop,292,0.6893570423126221,0.00482027000496704,0.6894511461257935,0.00475496854302502,5
10000,subset_accuracy_drop,293,0.68935706615448,0.004820231808023153,0.6894511938095093,0.004754936160742666,5
10000,subset_accuracy_drop,294,0.6893571019172668,0.0048202273069787634,0.689451265335083,0.004754916194405961,5
10000,subset_accuracy_drop,295,0.6893571257591248,0.004820200221797057,0.689451277256012,0.004754988868784969,5
10000,subset_accuracy_drop,296,0.6893571376800537,0.004820216912748201,0.6894511699676513,0.004755113889595187,5
10000,subset_accuracy_drop,297,0.6893571853637696,0.004820211575070025,0.6894511580467224,0.004755103717075018,5
10000,subset_accuracy_drop,298,0.6893571734428405,0.004820183774161829,0.6894511461257935,0.0047551540341287755,5
10000,subset_accuracy_drop,299,0.6893571972846985,0.004820192257630084,0.6894510746002197,0.0047552464415502585,5
10000,subset_accuracy_drop,300,0.6893572568893432,0.004820199628474239,0.689450991153717,0.004755411799736642,5
10000,subset_accuracy_drop,301,0.6893572688102723,0.004820151077248598,0.6894509792327881,0.004755452179813076,5
10000,subset_accuracy_drop,302,0.6893573522567749,0.004820139169566866,0.689451003074646,0.0047554219721207295,5
10000,subset_accuracy_drop,303,0.6893573641777039,0.004820146578487399,0.689450991153717,0.004755351942252222,5
10000,subset_accuracy_drop,304,0.6893573999404907,0.004820139132271805,0.6894509434700012,0.004755329121194125,5
10000,subset_accuracy_drop,305,0.6893574237823487,0.004820091656144259,0.6894509434700012,0.004755293905872613,5
10000,subset_accuracy_drop,306,0.6893574476242066,0.004820039321365751,0.689450991153717,0.0047552289511562,5
10000,subset_accuracy_drop,307,0.6893574833869934,0.004819991882693757,0.6894510865211487,0.004755222033218786,5
10000,subset_accuracy_drop,308,0.6893574953079223,0.004819999291435303,0.6894510507583618,0.00475525930120425,5
10000,subset_accuracy_drop,309,0.6893575072288514,0.004819950741324252,0.689451026916504,0.004755415032761233,5
10000,subset_accuracy_drop,310,0.6893575191497803,0.00481992552937441,0.689451003074646,0.0047554325463776085,5
10000,subset_accuracy_drop,311,0.6893575429916382,0.004819875105521369,0.689451026916504,0.004755447604380643,5
10000,subset_accuracy_drop,312,0.6893575549125671,0.004819840610750036,0.6894510388374329,0.004755467827984354,5
10000,subset_accuracy_drop,313,0.6893575668334961,0.004819816436658593,0.6894509553909302,0.004755480269759387,5
10000,subset_accuracy_drop,314,0.6893576383590698,0.00481978827593605,0.6894508242607117,0.004755482477747283,5
10000,subset_accuracy_drop,315,0.6893576622009278,0.0048197611899456665,0.6894508361816406,0.004755470132650072,5
10000,subset_accuracy_drop,316,0.6893577575683594,0.004819767014691041,0.6894507765769958,0.004755582648570888,5
10000,subset_accuracy_drop,317,0.6893577694892883,0.004819709182178029,0.6894507765769958,0.0047556952806096795,5
10000,subset_accuracy_drop,318,0.6893577575683594,0.004819701773469663,0.6894508123397827,0.004755735515258772,5
10000,subset_accuracy_drop,319,0.6893577575683594,0.004819656920792482,0.6894508361816406,0.004755813071930043,5
10000,subset_accuracy_drop,320,0.6893577694892883,0.004819643941279498,0.6894508719444274,0.004755880928217702,5
10000,subset_accuracy_drop,321,0.6893578290939331,0.004819576789746896,0.6894508600234985,0.004755868113272732,5
10000,subset_accuracy_drop,322,0.68935786485672,0.0048195460076939315,0.6894508242607117,0.0047558627585781625,5
10000,subset_accuracy_drop,323,0.68935786485672,0.004819504104577237,0.6894509673118592,0.004755865457514997,5
10000,subset_accuracy_drop,324,0.68935786485672,0.0048194714846931845,0.689451026916504,0.004755927773661762,5
10000,subset_accuracy_drop,325,0.6893578886985778,0.004819402496497498,0.6894511342048645,0.004756095938359937,5
10000,subset_accuracy_drop,326,0.6893579483032226,0.004819374296939834,0.6894510984420776,0.004756274070851515,5
10000,subset_accuracy_drop,327,0.6893579721450805,0.004819430584799419,0.6894510865211487,0.004756301750313327,5
10000,subset_accuracy_drop,328,0.6893579363822937,0.0048194024591967375,0.6894510626792908,0.004756349200220519,5
10000,subset_accuracy_drop,329,0.6893579721450805,0.004819397965154921,0.6894510507583618,0.004756394129797614,5
10000,subset_accuracy_drop,330,0.6893579363822937,0.004819408361336036,0.6894510746002197,0.004756394583784206,5
10000,subset_accuracy_drop,331,0.6893579959869385,0.004819370878961269,0.6894510149955749,0.004756344224468406,5
10000,subset_accuracy_drop,332,0.6893580436706543,0.004819408324182753,0.689451026916504,0.004756324456754382,5
10000,subset_accuracy_drop,333,0.6893580436706543,0.004819383075927744,0.689451026916504,0.004756274636182912,5
10000,subset_accuracy_drop,334,0.6893580436706543,0.004819370842176284,0.6894509434700012,0.0047562417940767415,5
10000,subset_accuracy_drop,335,0.6893580675125122,0.004819355989576701,0.6894509434700012,0.004756186585704299,5
10000,subset_accuracy_drop,336,0.6893581271171569,0.004819321458838049,0.6894509077072144,0.00475619931994063,5
10000,subset_accuracy_drop,337,0.6893581509590149,0.004819315889466934,0.6894507884979248,0.004756206397987487,5
10000,subset_accuracy_drop,338,0.6893581748008728,0.004819324373946903,0.689450740814209,0.004756178920212336,5
10000,subset_accuracy_drop,339,0.6893582105636596,0.00481928135899385,0.6894506812095642,0.004756106058150021,5
10000,subset_accuracy_drop,340,0.6893582105636596,0.00481928135899385,0.6894506812095642,0.004756108701896447,5
10000,subset_accuracy_drop,341,0.6893582582473755,0.004819254606756035,0.6894506335258483,0.004756111159158192,5
10000,subset_accuracy_drop,342,0.6893582940101624,0.004819276831260173,0.6894505143165588,0.004756166163736377,5
10000,subset_accuracy_drop,343,0.6893583416938782,0.004819222658022455,0.689450478553772,0.004756229363182571,5
10000,subset_accuracy_drop,344,0.689358365535736,0.0048191967053213,0.689450490474701,0.004756091685383893,5
10000,subset_accuracy_drop,345,0.6893584132194519,0.004819207771349867,0.689450454711914,0.004756051463981629,5
10000,subset_accuracy_drop,346,0.6893584966659546,0.0048191647229189945,0.6894503355026245,0.004756041349378973,5
10000,subset_accuracy_drop,347,0.6893584966659546,0.004819155438731079,0.6894502997398376,0.004756053994253626,5
10000,subset_accuracy_drop,348,0.6893585681915283,0.004819143504814221,0.6894503235816956,0.004755996504689497,5
10000,subset_accuracy_drop,349,0.6893586039543151,0.004819133111047473,0.6894502997398376,0.004755949314731858,5
10000,subset_accuracy_drop,350,0.6893586039543151,0.004819133111047473,0.6894502997398376,0.004756029381319784,5
10000,subset_accuracy_drop,351,0.6893586277961731,0.004819115308717261,0.6894501924514771,0.0047561470166145176,5
10000,subset_accuracy_drop,352,0.6893586635589599,0.004819157489234202,0.689450204372406,0.004756197585226537,5
10000,subset_accuracy_drop,353,0.689358651638031,0.0048191500804149,0.6894502639770508,0.004756265370707273,5
10000,subset_accuracy_drop,354,0.6893586158752442,0.00481907823119208,0.6894502997398376,0.004756233162593739,5
10000,subset_accuracy_drop,355,0.6893586635589599,0.004819059629068934,0.6894504070281983,0.004756193246029481,5
10000,subset_accuracy_drop,356,0.6893586874008178,0.004818976586670822,0.689450466632843,0.004756233094433689,5
10000,subset_accuracy_drop,357,0.6893587112426758,0.004818961736063067,0.6894505977630615,0.004756186023985215,5
10000,subset_accuracy_drop,358,0.6893587112426758,0.004818932069397393,0.6894506931304931,0.004756181094897254,5
10000,subset_accuracy_drop,359,0.6893587231636047,0.004818932103937142,0.6894508242607117,0.004756303980552404,5
10000,subset_accuracy_drop,360,0.6893586993217469,0.004818884669994956,0.6894508123397827,0.004756524450485823,5
10000,subset_accuracy_drop,361,0.6893587231636047,0.004818900527991699,0.6894509315490722,0.004756449577018015,5
10000,subset_accuracy_drop,362,0.6893587470054626,0.00481893244439496,0.6894509792327881,0.004756437068725012,5
10000,subset_accuracy_drop,363,0.6893587350845337,0.004818927991274071,0.6894509673118592,0.0047564621117192184,5
10000,subset_accuracy_drop,364,0.6893587350845337,0.004818916797539135,0.6894509196281433,0.0047564645671551225,5
10000,subset_accuracy_drop,365,0.6893587827682495,0.004818916762667525,0.6894509196281433,0.0047564645671551225,5
10000,subset_accuracy_drop,366,0.6893588066101074,0.004818898958985128,0.6894508957862854,0.0047563192236908716,5
10000,subset_accuracy_drop,367,0.6893588304519653,0.004818943017964817,0.6894507884979248,0.004756296628669694,5
10000,subset_accuracy_drop,368,0.6893588662147522,0.004818944859698566,0.6894507646560669,0.004756251771933533,5
10000,subset_accuracy_drop,369,0.6893588781356812,0.004818942983756937,0.6894506335258483,0.004756236658138971,5
10000,subset_accuracy_drop,370,0.6893589854240417,0.004818945904366006,0.6894505620002747,0.004756279280846549,5
10000,subset_accuracy_drop,371,0.6893589854240417,0.004818953278959618,0.6894505381584167,0.0047562795898233425,5
10000,subset_accuracy_drop,372,0.6893589854240417,0.004818923614453639,0.6894504427909851,0.004756304395743671,5
10000,subset_accuracy_drop,373,0.6893590331077576,0.004818946916226087,0.6894504070281983,0.0047562166949087405,5
10000,subset_accuracy_drop,374,0.6893591046333313,0.004818928035324243,0.6894503712654114,0.004756202094167271,5
10000,subset_accuracy_drop,375,0.6893590807914733,0.004818885021662316,0.6894502639770508,0.00475620680276713,5
10000,subset_accuracy_drop,376,0.6893591403961181,0.004818830113509343,0.6894502758979797,0.004756249670333317,5
10000,subset_accuracy_drop,377,0.6893591403961181,0.004818830113509343,0.6894501805305481,0.004756319761118497,5
10000,subset_accuracy_drop,378,0.689359188079834,0.004818870518238419,0.6894501090049744,0.004756334452028311,5
10000,subset_accuracy_drop,379,0.6893592119216919,0.004818837521862144,0.6894500613212585,0.004756374815196435,5
10000,subset_accuracy_drop,380,0.6893592596054077,0.004818843398852607,0.6894499897956848,0.004756492940180221,5
10000,subset_accuracy_drop,381,0.6893592834472656,0.004818851884864873,0.6894499659538269,0.00475664028953998,5
10000,subset_accuracy_drop,382,0.6893592834472656,0.004818819265910924,0.6894500136375428,0.004756705590808469,5
10000,subset_accuracy_drop,383,0.6893592953681946,0.004818862247831298,0.6894499778747558,0.0047566830307097996,5
10000,subset_accuracy_drop,384,0.6893593668937683,0.004818800601705987,0.689449942111969,0.0047567808006715,5
10000,subset_accuracy_drop,385,0.6893593430519104,0.004818827689446322,0.6894498944282532,0.004756693288844104,5
10000,subset_accuracy_drop,386,0.6893593788146972,0.004818823205226943,0.6894498705863953,0.004756668327096394,5
10000,subset_accuracy_drop,387,0.6893593907356262,0.00481882132820576,0.6894498705863953,0.004756670559366911,5
10000,subset_accuracy_drop,388,0.689359438419342,0.004818765344908864,0.6894498348236084,0.004756648003919552,5
10000,subset_accuracy_drop,389,0.6893594622611999,0.004818749350293714,0.6894498944282532,0.004756643538609405,5
10000,subset_accuracy_drop,390,0.689359450340271,0.004818777516276702,0.6894500017166137,0.00475659620094763,5
10000,subset_accuracy_drop,391,0.6893594145774842,0.004818753484121382,0.6894500613212585,0.004756726452988123,5
10000,subset_accuracy_drop,392,0.689359450340271,0.004818743089587074,0.6894501328468323,0.004756741667287582,5
10000,subset_accuracy_drop,393,0.6893594264984131,0.004818763847999835,0.6894502520561219,0.004756651823349183,5
10000,subset_accuracy_drop,394,0.6893594622611999,0.004818760125281238,0.6894503593444824,0.004756666542586292,5
10000,subset_accuracy_drop,395,0.6893594622611999,0.00481872855484431,0.6894504070281983,0.004756807341868719,5
10000,subset_accuracy_drop,396,0.689359450340271,0.004818721147466746,0.6894505500793457,0.004756762304835309,5
10000,subset_accuracy_drop,397,0.6893594622611999,0.004818717462389872,0.6894506096839905,0.0047566597252921405,5
10000,subset_accuracy_drop,398,0.689359474182129,0.004818738918997551,0.6894506335258483,0.0047567399068918536,5
10000,subset_accuracy_drop,399,0.6893595099449158,0.004818737394358964,0.6894506454467774,0.00475674743099189,5
10000,subset_accuracy_drop,400,0.6893595218658447,0.004818735517451819,0.6894507765769958,0.004756740454952331,5
10000,subset_accuracy_drop,401,0.6893595218658447,0.004818738475197616,0.6894508004188538,0.0047568657938214,5
10000,subset_accuracy_drop,402,0.6893595457077026,0.004818756246959424,0.6894507646560669,0.004757001432078979,5
10000,subset_accuracy_drop,403,0.6893595337867737,0.004818784415740565,0.6894507646560669,0.00475700673724609,5
10000,subset_accuracy_drop,404,0.6893595457077026,0.004818759205061131,0.6894507646560669,0.004756941601692259,5
10000,subset_accuracy_drop,405,0.6893595576286315,0.0048188021876278565,0.6894507527351379,0.0047569314239690255,5
10000,subset_accuracy_drop,406,0.6893596172332763,0.004818806195928509,0.6894507050514221,0.004756903981301668,5
10000,subset_accuracy_drop,407,0.6893596410751343,0.0048188258769000375,0.6894506454467774,0.004756843727711281,5
10000,subset_accuracy_drop,408,0.6893596529960633,0.004818834333747814,0.6894505500793457,0.004756718417426585,5
10000,subset_accuracy_drop,409,0.6893596768379211,0.00481881547968344,0.689450490474701,0.004756718691532736,5
10000,subset_accuracy_drop,410,0.689359700679779,0.004818766108753623,0.6894503951072692,0.004756746293084617,5
10000,subset_accuracy_drop,411,0.6893597364425659,0.004818783912558222,0.6894503831863403,0.004756806559410966,5
10000,subset_accuracy_drop,412,0.6893597483634949,0.004818727135411163,0.6894504427909851,0.004756746469646783,5
10000,subset_accuracy_drop,413,0.6893598198890686,0.004818704884484053,0.6894504427909851,0.0047567816926998175,5
10000,subset_accuracy_drop,414,0.6893598079681397,0.004818728186392617,0.6894504070281983,0.004756759133074103,5
10000,subset_accuracy_drop,415,0.6893598556518554,0.004818697446620566,0.6894503712654114,0.004756834262848184,5
10000,subset_accuracy_drop,416,0.6893599152565002,0.004818605062744132,0.6894503712654114,0.004756799470381917,5
10000,subset_accuracy_drop,417,0.6893599271774292,0.0048186265184514635,0.6894502878189087,0.00475687931525776,5
10000,subset_accuracy_drop,418,0.6893599390983581,0.004818636884888579,0.6894502878189087,0.004757080013071339,5
10000,subset_accuracy_drop,419,0.6893599390983581,0.004818636884888579,0.6894502639770508,0.004757192997326745,5
10000,subset_accuracy_drop,420,0.6893599629402161,0.004818645374250568,0.6894503474235535,0.004757118043754673,5
10000,subset_accuracy_drop,421,0.6893600106239319,0.004818645343358323,0.6894503474235535,0.004757147948037248,5
10000,subset_accuracy_drop,422,0.689359974861145,0.004818623124125538,0.6894504070281983,0.004757266051770131,5
10000,subset_accuracy_drop,423,0.6893600225448608,0.004818629014611785,0.689450454711914,0.004757451568446631,5
10000,subset_accuracy_drop,424,0.6893600225448608,0.004818596398204249,0.6894505500793457,0.004757416707124389,5
10000,subset_accuracy_drop,425,0.6893600821495056,0.004818529256956936,0.6894506692886353,0.0047575095264559865,5
10000,subset_accuracy_drop,426,0.6893600940704345,0.004818539624414328,0.6894506931304931,0.00475765484356352,5
10000,subset_accuracy_drop,427,0.6893601179122925,0.004818489203679938,0.6894506931304931,0.004757810284643966,5
10000,subset_accuracy_drop,428,0.6893601536750793,0.004818508061564693,0.6894507288932801,0.004757865428253395,5
10000,subset_accuracy_drop,429,0.6893602013587952,0.0048185139551408206,0.6894507884979248,0.004757918414209139,5
10000,subset_accuracy_drop,430,0.6893602132797241,0.004818488744852757,0.6894507527351379,0.004758060903500555,5
10000,subset_accuracy_drop,431,0.689360237121582,0.00481847495719718,0.6894507050514221,0.00475815885832055,5
10000,subset_accuracy_drop,432,0.689360249042511,0.004818485325766762,0.6894507527351379,0.004758121603861901,5
10000,subset_accuracy_drop,433,0.689360249042511,0.00481850865841366,0.6894508600234985,0.004758099586509047,5
10000,subset_accuracy_drop,434,0.6893602967262268,0.004818443396320223,0.6894508481025696,0.00475809427871512,5
10000,subset_accuracy_drop,435,0.6893603086471558,0.004818450801691625,0.6894508838653565,0.004758021800320106,5
10000,subset_accuracy_drop,436,0.6893603563308716,0.004818456698213321,0.6894508957862854,0.0047578889973610835,5
10000,subset_accuracy_drop,437,0.6893603682518006,0.004818419241209438,0.6894509077072144,0.004757869261266407,5
10000,subset_accuracy_drop,438,0.6893604040145874,0.0048184522571871,0.6894509077072144,0.004757874689418378,5
10000,subset_accuracy_drop,439,0.6893604040145874,0.00481846154014934,0.6894507884979248,0.0047579369917566915,5
10000,subset_accuracy_drop,440,0.6893604040145874,0.004818484872358434,0.6894507646560669,0.0047578920321338265,5
10000,subset_accuracy_drop,441,0.6893604397773743,0.004818480401017869,0.6894506812095642,0.004757909817427694,5
10000,subset_accuracy_drop,442,0.6893604636192322,0.004818501140323222,0.6894505977630615,0.00475792451772712,5
10000,subset_accuracy_drop,443,0.6893604874610901,0.0048185189150616895,0.6894505739212036,0.004757869643204814,5
10000,subset_accuracy_drop,444,0.689360523223877,0.00481850851522888,0.6894505262374878,0.004757744531201591,5
10000,subset_accuracy_drop,445,0.6893605470657349,0.0048185273472324775,0.6894504427909851,0.004757689667596462,5
10000,subset_accuracy_drop,446,0.6893605470657349,0.004818491767264474,0.6894503712654114,0.004757855178806558,5
10000,subset_accuracy_drop,447,0.6893605709075927,0.0048185114502207185,0.6894503712654114,0.004757877817724592,5
10000,subset_accuracy_drop,448,0.6893606185913086,0.004818517350797093,0.6894504308700562,0.004757855178806558,5
10000,subset_accuracy_drop,449,0.6893606662750245,0.0048184538910384205,0.6894504427909851,0.004757930485936516,5
10000,subset_accuracy_drop,450,0.6893606662750245,0.004818525052008331,0.6894504427909851,0.00475800093777195,5
10000,subset_accuracy_drop,451,0.6893606781959534,0.004818535422645167,0.689450490474701,0.00475794591378485,5
10000,subset_accuracy_drop,452,0.6893606901168823,0.004818483531155782,0.6894506454467774,0.004757870928130497,5
10000,subset_accuracy_drop,453,0.6893606901168823,0.004818483531155782,0.6894507288932801,0.004757991360893583,5
10000,subset_accuracy_drop,454,0.6893607258796692,0.004818505363024902,0.6894507884979248,0.0047580940980215935,5
10000,subset_accuracy_drop,455,0.6893607020378113,0.004818558750736278,0.6894509077072144,0.004758139852458969,5
10000,subset_accuracy_drop,456,0.6893607258796692,0.0048185794943493695,0.6894509315490722,0.0047581874654353965,5
10000,subset_accuracy_drop,457,0.6893607020378113,0.004818562778409198,0.6894509673118592,0.004758310395366785,5
10000,subset_accuracy_drop,458,0.6893607139587402,0.004818607672790085,0.689451003074646,0.004758370849370095,5
10000,subset_accuracy_drop,459,0.6893607378005981,0.004818628417224775,0.6894510507583618,0.004758373255701156,5
10000,subset_accuracy_drop,460,0.6893607616424561,0.004818646192931456,0.6894509553909302,0.0047582787158282885,5
10000,subset_accuracy_drop,461,0.689360773563385,0.0048186595348152905,0.6894509553909302,0.004758318821715053,5
10000,subset_accuracy_drop,462,0.6893608093261718,0.004818717327247612,0.6894508838653565,0.004758506528981129,5
10000,subset_accuracy_drop,463,0.6893608331680298,0.004818725821776212,0.6894508481025696,0.004758448736319975,5
10000,subset_accuracy_drop,464,0.6893608450889588,0.0048187717773694174,0.6894508600234985,0.004758363884184732,5
10000,subset_accuracy_drop,465,0.6893608808517456,0.004818806239095084,0.6894508361816406,0.004758376803319107,5
10000,subset_accuracy_drop,466,0.6893609166145325,0.0048188454689889046,0.6894507646560669,0.00475827202986324,5
10000,subset_accuracy_drop,467,0.6893609523773193,0.004818873618854109,0.689450716972351,0.0047581442615227875,5
10000,subset_accuracy_drop,468,0.6893609523773193,0.004818882901004616,0.6894506931304931,0.00475809652375665,5
10000,subset_accuracy_drop,469,0.6893610000610352,0.004818954038498631,0.6894506335258483,0.004758101418903036,5
10000,subset_accuracy_drop,470,0.6893610119819641,0.00481895322274526,0.6894506096839905,0.004758187172747498,5
10000,subset_accuracy_drop,471,0.689361035823822,0.004818972907023632,0.6894506573677063,0.004758089228291765,5
10000,subset_accuracy_drop,472,0.6893610477447509,0.004818983280714586,0.6894506692886353,0.004758099413543751,5
10000,subset_accuracy_drop,473,0.6893610715866089,0.004818991776064573,0.6894506812095642,0.004758165237083585,5
10000,subset_accuracy_drop,474,0.6893610835075379,0.00481900214997293,0.6894507288932801,0.004758175337352904,5
10000,subset_accuracy_drop,475,0.6893611073493957,0.004819022898165003,0.6894507884979248,0.004758050121909396,5
10000,subset_accuracy_drop,476,0.6893611550331116,0.004818993227563036,0.6894508242607117,0.004758042782319494,5
10000,subset_accuracy_drop,477,0.6893611550331116,0.004818993227563036,0.6894508838653565,0.004758043222857993,5
10000,subset_accuracy_drop,478,0.6893612384796143,0.004818934590686788,0.6894508957862854,0.0047580303311169385,5
10000,subset_accuracy_drop,479,0.6893612504005432,0.004818879740051114,0.6894509315490722,0.004758111191634035,5
10000,subset_accuracy_drop,480,0.68936128616333,0.004818875280762343,0.6894508957862854,0.0047582613676531,5
10000,subset_accuracy_drop,481,0.6893613457679748,0.004818808148745881,0.6894508838653565,0.004758349170720748,5
10000,subset_accuracy_drop,482,0.689361321926117,0.004818828928553718,0.6894509077072144,0.0047584044674509555,5
10000,subset_accuracy_drop,483,0.6893613338470459,0.004818803719028739,0.6894509673118592,0.004758450063048847,5
10000,subset_accuracy_drop,484,0.6893613576889038,0.004818798166642925,0.6894509196281433,0.004758572872453149,5
10000,subset_accuracy_drop,485,0.6893613576889038,0.004818833751905495,0.6894509077072144,0.0047586331447259465,5
10000,subset_accuracy_drop,486,0.6893613696098327,0.004818799261107312,0.6894508957862854,0.00475870067475189,5
10000,subset_accuracy_drop,487,0.6893614053726196,0.004818863001118021,0.6894509434700012,0.004758738752208608,5
10000,subset_accuracy_drop,488,0.6893614053726196,0.0048188333637033945,0.6894509673118592,0.00475868866608542,5
10000,subset_accuracy_drop,489,0.6893614292144775,0.004818838886890199,0.6894510507583618,0.004758711406677978,5
10000,subset_accuracy_drop,490,0.6893614292144775,0.004818851142266613,0.6894511342048645,0.0047588241364096675,5
10000,subset_accuracy_drop,491,0.6893614172935486,0.004818837434497375,0.6894512057304383,0.004758849732987489,5
10000,subset_accuracy_drop,492,0.6893614649772644,0.004818795513754668,0.6894513249397278,0.004758885120203443,5
10000,subset_accuracy_drop,493,0.6893613934516907,0.004818834887353207,0.6894512891769409,0.00475910265887461,5
10000,subset_accuracy_drop,494,0.6893614768981934,0.0048188118426374,0.6894513845443726,0.004759153356653698,5
10000,subset_accuracy_drop,495,0.6893614649772644,0.00481880741830566,0.6894515514373779,0.004759045976881165,5
10000,subset_accuracy_drop,496,0.6893614292144775,0.00481885043634655,0.6894516468048095,0.004759138743310468,5
10000,subset_accuracy_drop,497,0.6893614292144775,0.004818788194251181,0.6894516944885254,0.004759301780537803,5
10000,subset_accuracy_drop,498,0.6893614530563354,0.004818773362968961,0.6894518852233886,0.004759264339745525,5
10000,subset_accuracy_drop,499,0.6893614172935486,0.004818784840809796,0.6894519925117493,0.004759159638755731,5
10000,subset_accuracy_drop,500,0.6893614649772644,0.004818822307247192,0.6894520282745361,0.0047593151631138055,5
10000,subset_accuracy_drop,501,0.6893614649772644,0.004818822307247192,0.6894520044326782,0.004759397819999265,5
10000,subset_accuracy_drop,502,0.6893614530563354,0.004818814907496918,0.689452064037323,0.004759450816140808,5
10000,subset_accuracy_drop,503,0.6893614888191223,0.004818843064544569,0.6894520282745361,0.0047592979446848364,5
10000,subset_accuracy_drop,504,0.6893615007400513,0.004818817855314711,0.6894519686698913,0.004759352843757606,5
10000,subset_accuracy_drop,505,0.6893615126609802,0.004818828234168483,0.6894518852233886,0.0047594729383894484,5
10000,subset_accuracy_drop,506,0.6893615365028382,0.004818801146099477,0.6894518971443176,0.00475948588690927,5
10000,subset_accuracy_drop,507,0.6893615365028382,0.004818801146099477,0.6894518375396729,0.00475944825397222,5
10000,subset_accuracy_drop,508,0.6893615961074829,0.004818811494282373,0.6894517421722413,0.004759423276740494,5
10000,subset_accuracy_drop,509,0.6893615961074829,0.004818778885376716,0.6894516110420227,0.004759468560489194,5
10000,subset_accuracy_drop,510,0.6893616318702698,0.004818774434768068,0.6894515991210938,0.0047595283865421644,5
10000,subset_accuracy_drop,511,0.6893616318702698,0.004818800744918942,0.6894515872001648,0.004759578615466969,5
10000,subset_accuracy_drop,512,0.6893616437911987,0.004818775535762605,0.6894515872001648,0.004759611182665964,5
10000,subset_accuracy_drop,513,0.6893616795539856,0.004818741795641585,0.6894515156745911,0.004759631172301649,5
10000,subset_accuracy_drop,514,0.6893616795539856,0.00481883714232308,0.6894514560699463,0.0047596912540111115,5
10000,subset_accuracy_drop,515,0.6893616557121277,0.004818827802430928,0.6894514560699463,0.0047596617969527955,5
10000,subset_accuracy_drop,516,0.6893616557121277,0.00481885411265905,0.689451539516449,0.004759637010769614,5
10000,subset_accuracy_drop,517,0.6893616676330566,0.004818861512091081,0.6894514799118042,0.0047595971798538835,5
10000,subset_accuracy_drop,518,0.6893616795539856,0.004818882963633873,0.6894514441490174,0.004759574613083485,5
10000,subset_accuracy_drop,519,0.6893617033958435,0.004818886690975968,0.6894513845443726,0.0047595370045474825,5
