candidate_set_size,scoring_mode,ordering,k,victim_accuracy_drop_mean,victim_accuracy_drop_std
2500,endpoint,endpoint_label_asc,0,0.0,0.0
2500,endpoint,endpoint_label_asc,10,-0.00031621456146240233,0.0004330082244601947
2500,endpoint,endpoint_label_asc,20,-0.0007905125617980957,0.0007394472338751302
2500,endpoint,endpoint_label_asc,30,-0.0009486198425292969,0.00099209037827664
2500,endpoint,endpoint_label_asc,40,-0.001027679443359375,0.0011725218233798582
2500,endpoint,endpoint_label_asc,50,-0.0015019774436950684,0.0015908971678083835
2500,endpoint,endpoint_label_asc,60,-0.0009486198425292969,0.0015460573803904778
2500,endpoint,endpoint_label_asc,70,-0.00047430992126464846,0.0016392487804191545
2500,endpoint,endpoint_label_asc,80,-0.0003952503204345703,0.0013403713536303753
2500,endpoint,endpoint_label_asc,90,-0.0006324172019958497,0.0012684916133637613
2500,endpoint,endpoint_label_asc,100,-0.0005533695220947266,0.0011387214736461948
2500,endpoint,endpoint_label_asc,110,-0.0005533695220947266,0.0011387214736461948
2500,endpoint,endpoint_label_asc,120,-0.0005533456802368164,0.0013862251854826542
2500,endpoint,endpoint_label_asc,130,-0.00039526224136352537,0.0014522716091645135
2500,endpoint,endpoint_label_asc,140,-0.0007905125617980957,0.001745413250609099
2500,endpoint,endpoint_label_asc,150,-0.0007905125617980957,0.001976278424440521
2500,endpoint,endpoint_label_asc,160,-0.0008695602416992187,0.002442935424919188
2500,endpoint,endpoint_label_asc,170,-0.001264810562133789,0.0023450416373541286
2500,endpoint,endpoint_label_asc,180,-0.001185774803161621,0.002253323173588768
2500,endpoint,endpoint_label_asc,190,-0.00102766752243042,0.002364927557096357
2500,endpoint,endpoint_label_asc,200,-0.001106703281402588,0.002521591205488593
2500,endpoint,endpoint_label_asc,210,-0.0014229297637939453,0.0028856159256495473
2500,endpoint,endpoint_label_asc,220,-0.0011067152023315429,0.0031792867159791856
2500,endpoint,endpoint_label_asc,230,-0.001185774803161621,0.0035241988758446374
2500,endpoint,endpoint_label_asc,240,-0.0008695721626281738,0.003815801244204448
2500,endpoint,endpoint_label_asc,250,-0.00047430992126464846,0.004413789401496298
2500,endpoint,endpoint_label_asc,260,-0.0007905006408691406,0.004098088535135814
2500,endpoint,endpoint_label_asc,270,-0.0007114529609680176,0.0037642742849661424
2500,endpoint,endpoint_label_asc,280,-0.0005533456802368164,0.003429854270543172
2500,endpoint,endpoint_label_asc,290,-0.0006324052810668945,0.0031322590566700637
2500,endpoint,endpoint_label_asc,300,-0.0006324052810668945,0.0030565389218168183
2500,endpoint,endpoint_label_asc,310,-0.00102766752243042,0.0031694367309909512
2500,endpoint,endpoint_label_asc,320,-0.0003161907196044922,0.002758303839761511
2500,endpoint,endpoint_label_asc,330,-0.0001580953598022461,0.0028032469173041668
2500,endpoint,endpoint_label_asc,340,1.1920928955078126e-08,0.0025153918225916277
2500,endpoint,endpoint_label_asc,350,0.0001580953598022461,0.0024139584443099928
2500,endpoint,endpoint_label_asc,360,-0.00031620264053344727,0.0029098764143481145
2500,endpoint,endpoint_label_asc,370,-7.903575897216797e-05,0.003129763312309522
2500,endpoint,endpoint_label_asc,380,-0.00023715496063232423,0.0030179423131295987
2500,endpoint,endpoint_label_asc,390,-0.00023715496063232423,0.0028032330504234944
2500,endpoint,endpoint_label_asc,400,0.00015810728073120117,0.0030946264030160546
2500,endpoint,endpoint_label_asc,410,0.00039526224136352537,0.0029710028046791848
2500,endpoint,endpoint_label_asc,420,0.0003952503204345703,0.002780867232740687
2500,endpoint,endpoint_label_asc,430,0.00047430992126464846,0.0031422229612342385
2500,endpoint,endpoint_label_asc,440,0.0007114648818969726,0.0028829226045778197
2500,endpoint,endpoint_label_asc,450,0.00047430992126464846,0.002841994798436887
2500,endpoint,endpoint_label_asc,460,0.0001580953598022461,0.0025554537969435295
2500,endpoint,endpoint_label_asc,470,0.00023715496063232423,0.002939282692714036
2500,endpoint,endpoint_label_asc,480,0.00031620264053344727,0.003002377220458498
2500,endpoint,endpoint_label_asc,490,-7.904767990112305e-05,0.002923278256371135
2500,endpoint,endpoint_label_asc,500,7.904767990112305e-05,0.0025370417288653104
2500,endpoint,endpoint_label_asc,510,0.0,0.0023879232690845295
2500,endpoint,endpoint_label_asc,520,-0.00015810728073120117,0.0025706668971901426
2500,endpoint,endpoint_label_asc,530,7.904767990112305e-05,0.0027298378891386817
2500,endpoint,endpoint_label_asc,540,0.0003952503204345703,0.002651441967375336
2500,endpoint,endpoint_label_asc,550,0.00023715496063232423,0.0026307480271018746
2500,endpoint,endpoint_label_asc,560,0.0,0.0024683799325884597
2500,endpoint,endpoint_label_asc,570,0.00023715496063232423,0.003094624119245735
2500,endpoint,endpoint_label_asc,580,0.0007905244827270507,0.002752636767480789
2500,endpoint,endpoint_label_asc,590,0.0007114648818969726,0.00242687275199104
2500,endpoint,endpoint_label_asc,600,0.0007905244827270507,0.003124762073813383
2500,endpoint,endpoint_label_asc,610,0.0012648344039916993,0.0027298331425313297
2500,endpoint,endpoint_label_asc,620,0.0013438820838928222,0.002789275589186973
2500,endpoint,endpoint_label_asc,630,0.0015019893646240235,0.0028419923116566794
2500,endpoint,endpoint_label_asc,640,0.0013438820838928222,0.003157088962400414
2500,endpoint,endpoint_label_asc,650,0.0015019655227661132,0.0031546240642631586
2500,endpoint,endpoint_label_asc,660,0.0016600728034973145,0.0030411523981920506
2500,endpoint,endpoint_label_asc,670,0.0014229297637939453,0.0031694437924997703
2500,endpoint,endpoint_label_asc,680,0.0013438701629638673,0.003290376506922909
2500,endpoint,endpoint_label_asc,690,0.0012648224830627442,0.00305397898454311
2500,endpoint,endpoint_label_asc,700,0.0012648224830627442,0.0023450235537626103
2500,endpoint,endpoint_label_asc,710,0.0009486079216003418,0.0022113120273792503
2500,endpoint,endpoint_label_asc,720,0.0008695602416992187,0.0023450295815661943
2500,endpoint,endpoint_label_asc,730,0.0013438701629638673,0.002397728185940984
2500,endpoint,endpoint_label_asc,740,0.0012648224830627442,0.0027724325253300464
2500,endpoint,endpoint_label_asc,750,0.0009486198425292969,0.003107220126521699
2500,endpoint,endpoint_label_asc,760,0.0007114529609680176,0.002744126878376115
2500,endpoint,endpoint_label_asc,770,0.0008695602416992187,0.002814385511214773
2500,endpoint,endpoint_label_asc,780,0.0009486198425292969,0.002718365445722538
2500,endpoint,endpoint_label_asc,790,0.0007114648818969726,0.002786495068916563
2500,endpoint,endpoint_label_asc,800,0.0006324052810668945,0.0027752479331110817
2500,endpoint,endpoint_label_asc,810,0.0008695721626281738,0.0034840758010695775
2500,endpoint,endpoint_label_asc,820,0.0006324291229248047,0.00318175324051498
2500,endpoint,endpoint_label_asc,830,0.001106727123260498,0.0026426120190952383
2500,endpoint,endpoint_label_asc,840,0.0012648344039916993,0.0025523788816494983
2500,endpoint,endpoint_label_asc,850,0.001264810562133789,0.0029762505540539656
2500,endpoint,endpoint_label_asc,860,0.0009486198425292969,0.003169436359346905
2500,endpoint,endpoint_label_asc,870,0.0006324052810668945,0.003714132844459343
2500,endpoint,endpoint_label_asc,880,0.0006324172019958497,0.0034184328124388895
2500,endpoint,endpoint_label_asc,890,0.00023715496063232423,0.00351978256784543
2500,endpoint,endpoint_label_asc,900,0.00039526224136352537,0.0036654379605427882
2500,endpoint,endpoint_label_asc,910,0.0005533814430236817,0.0035086578875659223
2500,endpoint,endpoint_label_asc,920,7.904767990112305e-05,0.002923278256371135
2500,endpoint,endpoint_label_asc,930,7.905960083007813e-05,0.003129764441374461
2500,endpoint,endpoint_label_asc,940,0.0001580953598022461,0.003325794555440556
2500,endpoint,endpoint_label_asc,950,0.00039526224136352537,0.0031743716670974797
2500,endpoint,endpoint_label_asc,960,0.00047429800033569334,0.003299846948194398
2500,endpoint,endpoint_label_asc,970,0.0005533576011657714,0.0030946142223715945
2500,endpoint,endpoint_label_asc,980,0.0005533695220947266,0.0034070076401295883
2500,endpoint,endpoint_label_asc,990,0.0007905125617980957,0.0035019926893966125
2500,endpoint,endpoint_label_asc,1000,0.001106727123260498,0.0032521831172404652
2500,endpoint,endpoint_label_asc,1010,0.0018181920051574707,0.0032183753256649814
2500,endpoint,endpoint_label_asc,1020,0.0019762873649597167,0.003318750413215507
2500,endpoint,endpoint_label_asc,1030,0.0015810370445251466,0.003211075004671439
2500,endpoint,endpoint_label_asc,1040,0.00102766752243042,0.003278499715711489
2500,endpoint,endpoint_label_asc,1050,0.0009486198425292969,0.003766373680954066
2500,endpoint,endpoint_label_asc,1060,0.0013438820838928222,0.0038382719696451015
2500,endpoint,endpoint_label_asc,1070,0.0013438582420349122,0.0038888064645372523
2500,endpoint,endpoint_label_asc,1080,0.0018181920051574707,0.00428083418130421
2500,endpoint,endpoint_label_asc,1090,0.00205533504486084,0.00428812239351461
2500,endpoint,endpoint_label_asc,1100,0.0017391204833984374,0.0042990526432025175
2500,endpoint,endpoint_label_asc,1110,0.0015810251235961914,0.004392516740822918
2500,endpoint,endpoint_label_asc,1120,0.0012648224830627442,0.0044137939385435095
2500,endpoint,endpoint_label_asc,1130,0.0014229297637939453,0.0043262217834887
2500,endpoint,endpoint_label_asc,1140,0.00205533504486084,0.004501431349708973
2500,endpoint,endpoint_label_asc,1150,0.002450597286224365,0.004315373725776745
2500,endpoint,endpoint_label_asc,1160,0.00245058536529541,0.004836045714733251
2500,endpoint,endpoint_label_asc,1170,0.00205533504486084,0.0042515286898907765
2500,endpoint,endpoint_label_asc,1180,0.002213454246520996,0.004308116850831281
2500,endpoint,endpoint_label_asc,1190,0.0024506092071533204,0.004082852728216602
2500,endpoint,endpoint_label_asc,1200,0.002213442325592041,0.004026980378730951
2500,endpoint,endpoint_label_asc,1210,0.002213418483734131,0.0045890599463190235
2500,endpoint,endpoint_label_asc,1220,0.0023715376853942873,0.004523913347883984
2500,endpoint,endpoint_label_asc,1230,0.0025296449661254884,0.0045291003779660425
2500,endpoint,endpoint_label_asc,1240,0.0027667999267578123,0.004021143353451694
2500,endpoint,endpoint_label_asc,1250,0.0028458476066589356,0.004111423869529365
2500,endpoint,endpoint_label_asc,1260,0.0030830025672912596,0.004475296794460649
2500,endpoint,endpoint_label_asc,1270,0.0028458595275878905,0.004595855036268735
2500,endpoint,endpoint_label_asc,1280,0.0026877522468566895,0.004663361920705813
2500,endpoint,endpoint_label_asc,1290,0.0029249191284179688,0.004424402552855884
2500,endpoint,endpoint_label_asc,1300,0.003162050247192383,0.004480526436124805
2500,endpoint,endpoint_label_asc,1310,0.0037944674491882323,0.004861813458836086
2500,endpoint,endpoint_label_asc,1320,0.003952574729919433,0.004401391952095126
2500,endpoint,endpoint_label_asc,1330,0.004189729690551758,0.004739781964892747
2500,endpoint,endpoint_label_asc,1340,0.004189705848693848,0.0048938410733749445
2500,endpoint,endpoint_label_asc,1350,0.0043478250503540036,0.004302664793504676
2500,endpoint,endpoint_label_asc,1360,0.004189729690551758,0.004756233619807642
2500,endpoint,endpoint_label_asc,1370,0.00411067008972168,0.0046482461368221725
2500,endpoint,endpoint_label_asc,1380,0.0037154197692871095,0.004459568960148683
2500,endpoint,endpoint_label_asc,1390,0.0037944555282592774,0.004877844617308227
2500,endpoint,endpoint_label_asc,1400,0.003715407848358154,0.004901804345693945
2500,endpoint,endpoint_label_asc,1410,0.0037154197692871095,0.004262547801639605
2500,endpoint,endpoint_label_asc,1420,0.004031622409820556,0.004149242034396472
2500,endpoint,endpoint_label_asc,1430,0.004031622409820556,0.0041303733836708535
2500,endpoint,endpoint_label_asc,1440,0.0038735151290893556,0.004092398413392274
2500,endpoint,endpoint_label_asc,1450,0.003952574729919433,0.004098098595466494
2500,endpoint,endpoint_label_asc,1460,0.0038735151290893556,0.004510081268147602
2500,endpoint,endpoint_label_asc,1470,0.004189717769622803,0.004234952383522346
2500,endpoint,endpoint_label_asc,1480,0.0043478250503540036,0.0038524755682660702
2500,endpoint,endpoint_label_asc,1490,0.0047430872917175295,0.004117112302522973
2500,endpoint,endpoint_label_asc,1500,0.004268789291381836,0.003826022810106893
2500,endpoint,endpoint_label_asc,1510,0.004584980010986328,0.004225744063628294
2500,endpoint,endpoint_label_asc,1520,0.004664039611816407,0.0038565448138183633
2500,endpoint,endpoint_label_asc,1530,0.004505932331085205,0.004094303383802987
2500,endpoint,endpoint_label_asc,1540,0.00553358793258667,0.003665473310932129
2500,endpoint,endpoint_label_asc,1550,0.005533599853515625,0.004320787936869191
2500,endpoint,endpoint_label_asc,1560,0.005533599853515625,0.0043657504754131705
2500,endpoint,endpoint_label_asc,1570,0.005928850173950196,0.004126608425887005
2500,endpoint,endpoint_label_asc,1580,0.005928850173950196,0.003707855452186358
2500,endpoint,endpoint_label_asc,1590,0.006324112415313721,0.003892817761821333
2500,endpoint,endpoint_label_asc,1600,0.006324112415313721,0.00341159341847025
2500,endpoint,endpoint_label_asc,1610,0.006166017055511475,0.003838275652383813
2500,endpoint,endpoint_label_asc,1620,0.0060079097747802734,0.0041398496165066575
2500,endpoint,endpoint_label_asc,1630,0.0060079097747802734,0.004196071803802457
2500,endpoint,endpoint_label_asc,1640,0.00553361177444458,0.004266211016703328
2500,endpoint,endpoint_label_asc,1650,0.005375504493713379,0.004397833035068964
2500,endpoint,endpoint_label_asc,1660,0.0052173852920532225,0.004025011646099407
2500,endpoint,endpoint_label_asc,1670,0.005138325691223145,0.004173661957969303
2500,endpoint,endpoint_label_asc,1680,0.005296432971954345,0.004271705464489526
2500,endpoint,endpoint_label_asc,1690,0.005533599853515625,0.0046094468535099135
2500,endpoint,endpoint_label_asc,1700,0.0051383495330810545,0.004881047764722144
2500,endpoint,endpoint_label_asc,1710,0.004980242252349854,0.004698402938351065
2500,endpoint,endpoint_label_asc,1720,0.005296432971954345,0.005233244334092695
2500,endpoint,endpoint_label_asc,1730,0.005217397212982177,0.005283759153587877
2500,endpoint,endpoint_label_asc,1740,0.005059289932250977,0.00516412909579199
2500,endpoint,endpoint_label_asc,1750,0.005296432971954345,0.004739787183946416
2500,endpoint,endpoint_label_asc,1760,0.004822134971618652,0.0051641259023843915
2500,endpoint,endpoint_label_asc,1770,0.0051383376121521,0.005123114289745012
2500,endpoint,endpoint_label_asc,1780,0.005533599853515625,0.004865037572501265
2500,endpoint,endpoint_label_asc,1790,0.005533599853515625,0.004905002893502967
2500,endpoint,endpoint_label_asc,1800,0.0059288620948791506,0.00422018531117874
2500,endpoint,endpoint_label_asc,1810,0.006324124336242676,0.004701719065684304
2500,endpoint,endpoint_label_asc,1820,0.00656125545501709,0.0052778352886890985
2500,endpoint,endpoint_label_asc,1830,0.006482219696044922,0.00518825721209412
2500,endpoint,endpoint_label_asc,1840,0.006324124336242676,0.005368819376828717
2500,endpoint,endpoint_label_asc,1850,0.006166005134582519,0.004772645595127232
2500,endpoint,endpoint_label_asc,1860,0.006166017055511475,0.004988687996077024
2500,endpoint,endpoint_label_asc,1870,0.006640326976776123,0.004852157881607132
2500,endpoint,endpoint_label_asc,1880,0.006482219696044922,0.004917734602921352
2500,endpoint,endpoint_label_asc,1890,0.0064822077751159664,0.004188605146540125
2500,endpoint,endpoint_label_asc,1900,0.006640315055847168,0.004196039519918855
2500,endpoint,endpoint_label_asc,1910,0.0067984223365783695,0.004233126013008706
2500,endpoint,endpoint_label_asc,1920,0.007114624977111817,0.004401378570490377
2500,endpoint,endpoint_label_asc,1930,0.00735177993774414,0.004468318372124725
2500,endpoint,endpoint_label_asc,1940,0.007430827617645264,0.0049792765614027415
2500,endpoint,endpoint_label_asc,1950,0.007667970657348633,0.00468174605805768
2500,endpoint,endpoint_label_asc,1960,0.0076679825782775875,0.004563455916376809
2500,endpoint,endpoint_label_asc,1970,0.0076679825782775875,0.004344221707793122
2500,endpoint,endpoint_label_asc,1980,0.007905149459838867,0.004383600719405353
2500,endpoint,endpoint_label_asc,1990,0.007826089859008789,0.004527373155720875
2500,endpoint,endpoint_label_asc,2000,0.0076679825782775875,0.00471501021834532
2500,endpoint,endpoint_label_asc,2010,0.007509899139404297,0.00457543408540768
2500,endpoint,endpoint_label_asc,2020,0.007905149459838867,0.004832816640334735
2500,endpoint,endpoint_label_asc,2030,0.007826077938079833,0.004638167569230761
2500,endpoint,endpoint_label_asc,2040,0.008063244819641113,0.004380046710024164
2500,endpoint,endpoint_label_asc,2050,0.00798419713973999,0.0046967297009527596
2500,endpoint,endpoint_label_asc,2060,0.0076679825782775875,0.004477062262054936
2500,endpoint,endpoint_label_asc,2070,0.007509887218475342,0.004098120153395789
2500,endpoint,endpoint_label_asc,2080,0.0071936845779418945,0.004680080960403652
2500,endpoint,endpoint_label_asc,2090,0.007351768016815185,0.004639837553193965
2500,endpoint,endpoint_label_asc,2100,0.00695650577545166,0.00451181850418707
2500,endpoint,endpoint_label_asc,2110,0.0068774580955505375,0.004424408942697507
2500,endpoint,endpoint_label_asc,2120,0.00695652961730957,0.004477076996184007
2500,endpoint,endpoint_label_asc,2130,0.00719367265701294,0.004721629789482887
2500,endpoint,endpoint_label_asc,2140,0.007351791858673096,0.005004319088110245
2500,endpoint,endpoint_label_asc,2150,0.007667994499206543,0.005544879496506061
2500,endpoint,endpoint_label_asc,2160,0.0076679825782775875,0.006056583422061884
2500,endpoint,endpoint_label_asc,2170,0.00845850706100464,0.007035126250732314
2500,endpoint,endpoint_label_asc,2180,0.009169971942901612,0.0074963343991402516
2500,endpoint,endpoint_label_asc,2190,0.009881424903869628,0.0083939783022513
2500,endpoint,endpoint_label_asc,2200,0.011146235466003417,0.008839980021320136
2500,endpoint,endpoint_label_asc,2210,0.01225297451019287,0.009073711695716859
2500,endpoint,endpoint_label_asc,2220,0.013122522830963134,0.009001949412596383
2500,endpoint,endpoint_label_asc,2230,0.014545464515686035,0.009325870438053756
2500,endpoint,endpoint_label_asc,2240,0.01533597707748413,0.009922432065465187
2500,endpoint,endpoint_label_asc,2250,0.016363644599914552,0.009280541642375188
2500,endpoint,endpoint_label_asc,2260,0.017391300201416014,0.009086620386082074
2500,endpoint,endpoint_label_asc,2270,0.01928853988647461,0.008755633111316824
2500,endpoint,endpoint_label_asc,2280,0.02007906436920166,0.00842832422590275
2500,endpoint,endpoint_label_asc,2290,0.02094860076904297,0.008407923646568912
2500,endpoint,endpoint_label_asc,2300,0.022292506694793702,0.008548886576055376
2500,endpoint,endpoint_label_asc,2310,0.022687745094299317,0.00831261880915572
2500,endpoint,endpoint_label_asc,2320,0.023873531818389894,0.007878409047134284
2500,endpoint,endpoint_label_asc,2330,0.023873519897460938,0.007697858246643918
2500,endpoint,endpoint_label_asc,2340,0.025059282779693604,0.007001737681555141
2500,endpoint,endpoint_label_asc,2350,0.025849795341491698,0.006984981945405504
2500,endpoint,endpoint_label_asc,2360,0.026798415184020995,0.007166020761988022
2500,endpoint,endpoint_label_asc,2370,0.027588927745819093,0.007166031117942345
2500,endpoint,endpoint_label_asc,2380,0.028458499908447267,0.008276828986286866
2500,endpoint,endpoint_label_asc,2390,0.02885376214981079,0.007426205101175005
2500,endpoint,endpoint_label_asc,2400,0.02988142967224121,0.007808690623418923
2500,endpoint,endpoint_label_asc,2410,0.030909085273742677,0.008049060869654427
2500,endpoint,endpoint_label_asc,2420,0.03154149055480957,0.007691764998246637
2500,endpoint,endpoint_label_asc,2430,0.031462442874908444,0.00747651274501035
2500,endpoint,endpoint_label_asc,2440,0.03201580047607422,0.008105184863496172
2500,endpoint,endpoint_label_asc,2450,0.03280631303787231,0.007850590213657466
2500,endpoint,endpoint_label_asc,2460,0.03446640968322754,0.008353872583177956
2500,endpoint,endpoint_label_asc,2470,0.035177862644195555,0.008555289769853227
2500,endpoint,endpoint_label_asc,2480,0.03620554208755493,0.008160868764535516
2500,endpoint,endpoint_label_asc,2490,0.03699605464935303,0.0077685889795982834
2500,endpoint,endpoint_label_asc,2500,0.037628459930419925,0.008288153499142806
2500,endpoint,endpoint_label_desc,0,0.0,0.0
2500,endpoint,endpoint_label_desc,10,0.003320169448852539,0.000865967477425707
2500,endpoint,endpoint_label_desc,20,0.00656125545501709,0.001172521823379858
2500,endpoint,endpoint_label_desc,30,0.009249019622802734,0.001928232699179625
2500,endpoint,endpoint_label_desc,40,0.011304354667663575,0.0017808399732782982
2500,endpoint,endpoint_label_desc,50,0.013280630111694336,0.001667579034329366
2500,endpoint,endpoint_label_desc,60,0.015177881717681885,0.0014414488401072222
2500,endpoint,endpoint_label_desc,70,0.017470347881317138,0.0011658181252101987
2500,endpoint,endpoint_label_desc,80,0.019209492206573486,0.0011724886702707716
2500,endpoint,endpoint_label_desc,90,0.021501982212066652,0.0017364232891089338
2500,endpoint,endpoint_label_desc,100,0.02276679277420044,0.002246352630308513
2500,endpoint,endpoint_label_desc,110,0.02561265230178833,0.0026720056198341643
2500,endpoint,endpoint_label_desc,120,0.02750988006591797,0.0034070031453855903
2500,endpoint,endpoint_label_desc,130,0.029328060150146485,0.003743491854185378
2500,endpoint,endpoint_label_desc,140,0.03059288263320923,0.004388948211528584
2500,endpoint,endpoint_label_desc,150,0.0322529673576355,0.0036718359932362025
2500,endpoint,endpoint_label_desc,160,0.034071147441864014,0.004139826853148969
2500,endpoint,endpoint_label_desc,170,0.03557311296463013,0.004311738619141351
2500,endpoint,endpoint_label_desc,180,0.03715413808822632,0.004302671637815573
2500,endpoint,endpoint_label_desc,190,0.039051389694213866,0.0035175668091869746
2500,endpoint,endpoint_label_desc,200,0.0406324028968811,0.003733022541566537
2500,endpoint,endpoint_label_desc,210,0.04229248762130737,0.004069413636918934
2500,endpoint,endpoint_label_desc,220,0.044189727306365965,0.003733020963887249
2500,endpoint,endpoint_label_desc,230,0.045454537868499754,0.003801440788210366
2500,endpoint,endpoint_label_desc,240,0.0471936821937561,0.004113345802581247
2500,endpoint,endpoint_label_desc,250,0.04758893251419068,0.003948617874026572
2500,endpoint,endpoint_label_desc,260,0.04885375499725342,0.004262548906906506
2500,endpoint,endpoint_label_desc,270,0.04940711259841919,0.003862611672907841
2500,endpoint,endpoint_label_desc,280,0.05090909004211426,0.003916834463241546
2500,endpoint,endpoint_label_desc,290,0.05075099468231201,0.004335225381486355
2500,endpoint,endpoint_label_desc,300,0.0520158052444458,0.004813394011973765
2500,endpoint,endpoint_label_desc,310,0.05280632972717285,0.004731547009873033
2500,endpoint,endpoint_label_desc,320,0.05383398532867432,0.004413792337211954
2500,endpoint,endpoint_label_desc,330,0.05462449789047241,0.004876274021067489
2500,endpoint,endpoint_label_desc,340,0.05541503429412842,0.005357155195389534
2500,endpoint,endpoint_label_desc,350,0.05596839189529419,0.005772642004872856
2500,endpoint,endpoint_label_desc,360,0.05644268989562988,0.0063327588289479805
2500,endpoint,endpoint_label_desc,370,0.05652174949645996,0.0063302698256532345
2500,endpoint,endpoint_label_desc,380,0.05620553493499756,0.006093880876851089
2500,endpoint,endpoint_label_desc,390,0.05652173757553101,0.006409981905442492
2500,endpoint,endpoint_label_desc,400,0.05612648725509643,0.006725175263277897
2500,endpoint,endpoint_label_desc,410,0.055573117733001706,0.006346301063229876
2500,endpoint,endpoint_label_desc,420,0.055415010452270506,0.006151300284038884
2500,endpoint,endpoint_label_desc,430,0.055494070053100586,0.005718248872353595
2500,endpoint,endpoint_label_desc,440,0.055415022373199466,0.006320394402414508
2500,endpoint,endpoint_label_desc,450,0.055573117733001706,0.005806371534799263
2500,endpoint,endpoint_label_desc,460,0.05525691509246826,0.006170298947798078
2500,endpoint,endpoint_label_desc,470,0.05494071245193481,0.005540663057811778
2500,endpoint,endpoint_label_desc,480,0.055573129653930665,0.00517317965349945
2500,endpoint,endpoint_label_desc,490,0.055731236934661865,0.004991821905831048
2500,endpoint,endpoint_label_desc,500,0.055652177333831786,0.005216790503461143
2500,endpoint,endpoint_label_desc,510,0.05525691509246826,0.005791545582026647
2500,endpoint,endpoint_label_desc,520,0.05525692701339722,0.005415164393284369
2500,endpoint,endpoint_label_desc,530,0.05525691509246826,0.005209287278887179
2500,endpoint,endpoint_label_desc,540,0.054545462131500244,0.005023007735201424
2500,endpoint,endpoint_label_desc,550,0.05486165285110474,0.004762795649601212
2500,endpoint,endpoint_label_desc,560,0.05454543828964233,0.005236216130329058
2500,endpoint,endpoint_label_desc,570,0.05391303300857544,0.004656658003130613
2500,endpoint,endpoint_label_desc,580,0.05415019989013672,0.004701709044110224
2500,endpoint,endpoint_label_desc,590,0.0539130449295044,0.005043188016704101
2500,endpoint,endpoint_label_desc,600,0.05383398532867432,0.005400708566077676
2500,endpoint,endpoint_label_desc,610,0.05375494956970215,0.005046305353998466
2500,endpoint,endpoint_label_desc,620,0.05399209260940552,0.005081787936279703
2500,endpoint,endpoint_label_desc,630,0.05288536548614502,0.005276346697332878
2500,endpoint,endpoint_label_desc,640,0.053122532367706296,0.005759076185784933
2500,endpoint,endpoint_label_desc,650,0.053201568126678464,0.006234534177021753
2500,endpoint,endpoint_label_desc,660,0.052964437007904056,0.005469697036398982
2500,endpoint,endpoint_label_desc,670,0.053122520446777344,0.005365884579093239
2500,endpoint,endpoint_label_desc,680,0.05288538932800293,0.005357151457354667
2500,endpoint,endpoint_label_desc,690,0.05264822244644165,0.00587191326520506
2500,endpoint,endpoint_label_desc,700,0.05256916284561157,0.005788858472496034
2500,endpoint,endpoint_label_desc,710,0.051936757564544675,0.005985235632896652
2500,endpoint,endpoint_label_desc,720,0.05122529268264771,0.006215712902975299
2500,endpoint,endpoint_label_desc,730,0.05106719732284546,0.006485096079475117
2500,endpoint,endpoint_label_desc,740,0.05019762516021729,0.005895827170480726
2500,endpoint,endpoint_label_desc,750,0.04988142251968384,0.005778053094601251
2500,endpoint,endpoint_label_desc,760,0.04956521987915039,0.00553781954293185
2500,endpoint,endpoint_label_desc,770,0.049090898036956786,0.005571580193627081
2500,endpoint,endpoint_label_desc,780,0.049011850357055665,0.004856981763847348
2500,endpoint,endpoint_label_desc,790,0.04916996955871582,0.00524814529393323
2500,endpoint,endpoint_label_desc,800,0.04932805299758911,0.00547256260199717
2500,endpoint,endpoint_label_desc,810,0.049328064918518065,0.005010581615624477
2500,endpoint,endpoint_label_desc,820,0.049090909957885745,0.004884258458221112
2500,endpoint,endpoint_label_desc,830,0.04877469539642334,0.004877878426038487
2500,endpoint,endpoint_label_desc,840,0.04837944507598877,0.004169921678019886
2500,endpoint,endpoint_label_desc,850,0.0476679801940918,0.004344241773216683
2500,endpoint,endpoint_label_desc,860,0.0475098729133606,0.005254096580178375
2500,endpoint,endpoint_label_desc,870,0.04711462259292602,0.005386239091862205
2500,endpoint,endpoint_label_desc,880,0.0470355749130249,0.006293152638102922
2500,endpoint,endpoint_label_desc,890,0.04703556299209595,0.0064099782300628535
2500,endpoint,endpoint_label_desc,900,0.04727271795272827,0.006623350562667834
2500,endpoint,endpoint_label_desc,910,0.04735177755355835,0.007050649786971182
2500,endpoint,endpoint_label_desc,920,0.04711462259292602,0.007006200242131683
2500,endpoint,endpoint_label_desc,930,0.047035586833953855,0.0069028490667402765
2500,endpoint,endpoint_label_desc,940,0.047035586833953855,0.007282810128135245
2500,endpoint,endpoint_label_desc,950,0.0468774676322937,0.00779868801841612
2500,endpoint,endpoint_label_desc,960,0.046561253070831296,0.008107103533768338
2500,endpoint,endpoint_label_desc,970,0.04624505043029785,0.008181907541191375
2500,endpoint,endpoint_label_desc,980,0.04577076435089111,0.008029652793089828
2500,endpoint,endpoint_label_desc,990,0.04608696699142456,0.008136924190934746
2500,endpoint,endpoint_label_desc,1000,0.04584982395172119,0.008267391085069136
2500,endpoint,endpoint_label_desc,1010,0.046324098110198976,0.0084468450607613
2500,endpoint,endpoint_label_desc,1020,0.045691704750061034,0.008461638360078296
2500,endpoint,endpoint_label_desc,1030,0.04592885971069336,0.008607173308583464
2500,endpoint,endpoint_label_desc,1040,0.04569169282913208,0.008769882183212408
2500,endpoint,endpoint_label_desc,1050,0.04616601467132568,0.00866594091781743
2500,endpoint,endpoint_label_desc,1060,0.04553358554840088,0.008428344072025442
2500,endpoint,endpoint_label_desc,1070,0.045454549789428714,0.008495719075513188
2500,endpoint,endpoint_label_desc,1080,0.045217382907867434,0.008989805961340046
2500,endpoint,endpoint_label_desc,1090,0.04529644250869751,0.009330902832236471
2500,endpoint,endpoint_label_desc,1100,0.04498022794723511,0.009553438866760324
2500,endpoint,endpoint_label_desc,1110,0.04490118026733399,0.009931098579379035
2500,endpoint,endpoint_label_desc,1120,0.04490119218826294,0.010411095467836494
2500,endpoint,endpoint_label_desc,1130,0.04498023986816406,0.010297182910471006
2500,endpoint,endpoint_label_desc,1140,0.04498025178909302,0.010357680436753319
2500,endpoint,endpoint_label_desc,1150,0.04482214450836182,0.011037503809689425
2500,endpoint,endpoint_label_desc,1160,0.04521739482879639,0.011233928245814344
2500,endpoint,endpoint_label_desc,1170,0.045296454429626466,0.011164169897734184
2500,endpoint,endpoint_label_desc,1180,0.045612657070159913,0.011892562198194163
2500,endpoint,endpoint_label_desc,1190,0.04553358554840088,0.011921428678320219
2500,endpoint,endpoint_label_desc,1200,0.04600790739059448,0.012055655805945814
2500,endpoint,endpoint_label_desc,1210,0.04577075242996216,0.01234631360795348
2500,endpoint,endpoint_label_desc,1220,0.045375490188598634,0.011898463040516515
2500,endpoint,endpoint_label_desc,1230,0.04505928754806519,0.011516828989511969
2500,endpoint,endpoint_label_desc,1240,0.04498023986816406,0.011460397587075928
2500,endpoint,endpoint_label_desc,1250,0.045454537868499754,0.01137694205497485
2500,endpoint,endpoint_label_desc,1260,0.04505929946899414,0.011256152022972483
2500,endpoint,endpoint_label_desc,1270,0.04458497762680054,0.010629400281474964
2500,endpoint,endpoint_label_desc,1280,0.04450594186782837,0.010467205299144666
2500,endpoint,endpoint_label_desc,1290,0.04418971538543701,0.01064409733173698
2500,endpoint,endpoint_label_desc,1300,0.04426877498626709,0.011014125486830085
2500,endpoint,endpoint_label_desc,1310,0.043952572345733645,0.010717213660398192
2500,endpoint,endpoint_label_desc,1320,0.04387352466583252,0.0105282378051057
2500,endpoint,endpoint_label_desc,1330,0.04355732202529907,0.010259186677659108
2500,endpoint,endpoint_label_desc,1340,0.043162059783935544,0.010274394282344456
2500,endpoint,endpoint_label_desc,1350,0.04347826242446899,0.010587424489230736
2500,endpoint,endpoint_label_desc,1360,0.043083012104034424,0.011063659430802647
2500,endpoint,endpoint_label_desc,1370,0.043162059783935544,0.010818785634386848
2500,endpoint,endpoint_label_desc,1380,0.0425296425819397,0.0100794153223894
2500,endpoint,endpoint_label_desc,1390,0.0428458571434021,0.010459738345873345
2500,endpoint,endpoint_label_desc,1400,0.0425296425819397,0.010392330839349217
2500,endpoint,endpoint_label_desc,1410,0.04260869026184082,0.010432839258714046
2500,endpoint,endpoint_label_desc,1420,0.042687761783599856,0.011190016610178337
2500,endpoint,endpoint_label_desc,1430,0.0418972373008728,0.010631579022029741
2500,endpoint,endpoint_label_desc,1440,0.041739141941070555,0.010339558013180174
2500,endpoint,endpoint_label_desc,1450,0.041739118099212644,0.009946803900243743
2500,endpoint,endpoint_label_desc,1460,0.041581034660339355,0.009508355906834022
2500,endpoint,endpoint_label_desc,1470,0.041422927379608156,0.010499992098668788
2500,endpoint,endpoint_label_desc,1480,0.041501975059509276,0.010509669442232469
2500,endpoint,endpoint_label_desc,1490,0.04118578433990479,0.00988300291530277
2500,endpoint,endpoint_label_desc,1500,0.041264820098876956,0.009844195885411447
2500,endpoint,endpoint_label_desc,1510,0.04134387969970703,0.009848167613475232
2500,endpoint,endpoint_label_desc,1520,0.04181817770004272,0.009267075379377834
2500,endpoint,endpoint_label_desc,1530,0.041343867778778076,0.008898111566611973
2500,endpoint,endpoint_label_desc,1540,0.04118577241897583,0.009088311904067614
2500,endpoint,endpoint_label_desc,1550,0.04079052209854126,0.008826702896880733
2500,endpoint,endpoint_label_desc,1560,0.04118577241897583,0.008809003881213355
2500,endpoint,endpoint_label_desc,1570,0.04071146249771118,0.008591728654701657
2500,endpoint,endpoint_label_desc,1580,0.04071146249771118,0.008780560084207039
2500,endpoint,endpoint_label_desc,1590,0.04055335521697998,0.009405951322233923
2500,endpoint,endpoint_label_desc,1600,0.040316212177276614,0.009290644442713283
2500,endpoint,endpoint_label_desc,1610,0.04007906913757324,0.009288951091590449
2500,endpoint,endpoint_label_desc,1620,0.03968379497528076,0.009123514907638497
2500,endpoint,endpoint_label_desc,1630,0.03976285457611084,0.009272123422793752
2500,endpoint,endpoint_label_desc,1640,0.03992094993591309,0.009129494308203433
2500,endpoint,endpoint_label_desc,1650,0.040079045295715335,0.009238349736914274
2500,endpoint,endpoint_label_desc,1660,0.04015810489654541,0.009076275694483552
2500,endpoint,endpoint_label_desc,1670,0.04015810489654541,0.008920007786941435
2500,endpoint,endpoint_label_desc,1680,0.03992094993591309,0.008691158888557173
2500,endpoint,endpoint_label_desc,1690,0.03968378305435181,0.008452376855118526
2500,endpoint,endpoint_label_desc,1700,0.040079045295715335,0.008787687070698467
2500,endpoint,endpoint_label_desc,1710,0.04000000953674317,0.008607149084767906
2500,endpoint,endpoint_label_desc,1720,0.03960474729537964,0.008975904052289544
2500,endpoint,endpoint_label_desc,1730,0.03976285457611084,0.008989808975046329
2500,endpoint,endpoint_label_desc,1740,0.03992096185684204,0.009539544013644907
2500,endpoint,endpoint_label_desc,1750,0.03968379497528076,0.009541977532445681
2500,endpoint,endpoint_label_desc,1760,0.03952569961547851,0.009568145654742307
2500,endpoint,endpoint_label_desc,1770,0.03960474729537964,0.009334256590923727
2500,endpoint,endpoint_label_desc,1780,0.03968379497528076,0.009140591937829918
2500,endpoint,endpoint_label_desc,1790,0.03960474729537964,0.00966319030942651
2500,endpoint,endpoint_label_desc,1800,0.03928854465484619,0.009443228019301475
2500,endpoint,endpoint_label_desc,1810,0.039288532733917234,0.009752501902274448
2500,endpoint,endpoint_label_desc,1820,0.03849802017211914,0.010102652171050051
2500,endpoint,endpoint_label_desc,1830,0.03818181753158569,0.009668045052765615
2500,endpoint,endpoint_label_desc,1840,0.03841897249221802,0.010020372380507995
2500,endpoint,endpoint_label_desc,1850,0.03833991289138794,0.009726052165038359
2500,endpoint,endpoint_label_desc,1860,0.03857707977294922,0.009655900141013573
2500,endpoint,endpoint_label_desc,1870,0.03818181753158569,0.009740497246160912
2500,endpoint,endpoint_label_desc,1880,0.03841897249221802,0.009703517662154767
2500,endpoint,endpoint_label_desc,1890,0.03865611553192139,0.009965645533599868
2500,endpoint,endpoint_label_desc,1900,0.03833991289138794,0.010065465533434143
2500,endpoint,endpoint_label_desc,1910,0.03818181753158569,0.010362215610997018
2500,endpoint,endpoint_label_desc,1920,0.038735175132751466,0.010733979685993116
2500,endpoint,endpoint_label_desc,1930,0.03826086521148682,0.009934239044953169
2500,endpoint,endpoint_label_desc,1940,0.03818181753158569,0.010467215765149907
2500,endpoint,endpoint_label_desc,1950,0.03794466257095337,0.010173539881622014
2500,endpoint,endpoint_label_desc,1960,0.03770751953125,0.009950757283858552
2500,endpoint,endpoint_label_desc,1970,0.03762847185134888,0.010109610049288646
2500,endpoint,endpoint_label_desc,1980,0.037628459930419925,0.009879048769432117
2500,endpoint,endpoint_label_desc,1990,0.0375494122505188,0.010219493760496324
2500,endpoint,endpoint_label_desc,2000,0.0375494122505188,0.010104195049680567
2500,endpoint,endpoint_label_desc,2010,0.037628448009490965,0.009949963559981742
2500,endpoint,endpoint_label_desc,2020,0.03794466257095337,0.009701929033991427
2500,endpoint,endpoint_label_desc,2030,0.03810276985168457,0.009484522351961283
2500,endpoint,endpoint_label_desc,2040,0.03794465065002441,0.009167912238275257
2500,endpoint,endpoint_label_desc,2050,0.03794465065002441,0.008895455428780848
2500,endpoint,endpoint_label_desc,2060,0.037865614891052245,0.008665964297679215
2500,endpoint,endpoint_label_desc,2070,0.038023734092712404,0.008456084763890932
2500,endpoint,endpoint_label_desc,2080,0.03810276985168457,0.008406064109277836
2500,endpoint,endpoint_label_desc,2090,0.038023722171783444,0.008164682368700885
2500,endpoint,endpoint_label_desc,2100,0.037786567211151124,0.007813681546246341
2500,endpoint,endpoint_label_desc,2110,0.037628459930419925,0.00792190572368228
2500,endpoint,endpoint_label_desc,2120,0.03786560297012329,0.008155114392496148
2500,endpoint,endpoint_label_desc,2130,0.037707507610321045,0.008321999331682416
2500,endpoint,endpoint_label_desc,2140,0.037707507610321045,0.007788661829519701
2500,endpoint,endpoint_label_desc,2150,0.037628459930419925,0.008121541480230591
2500,endpoint,endpoint_label_desc,2160,0.0375494122505188,0.008210498555347138
2500,endpoint,endpoint_label_desc,2170,0.03747035264968872,0.007359633540594781
2500,endpoint,endpoint_label_desc,2180,0.03707510232925415,0.007625505884214028
2500,endpoint,endpoint_label_desc,2190,0.03731224536895752,0.008054902851662283
2500,endpoint,endpoint_label_desc,2200,0.0373913049697876,0.008274943406017242
2500,endpoint,endpoint_label_desc,2210,0.03754942417144776,0.008727034532567905
2500,endpoint,endpoint_label_desc,2220,0.037786567211151124,0.008368797573107397
2500,endpoint,endpoint_label_desc,2230,0.03810276985168457,0.00815131596553158
2500,endpoint,endpoint_label_desc,2240,0.038023722171783444,0.008302281281613508
2500,endpoint,endpoint_label_desc,2250,0.03810275793075561,0.008516854410767707
2500,endpoint,endpoint_label_desc,2260,0.03770751953125,0.008265500928995369
2500,endpoint,endpoint_label_desc,2270,0.037707507610321045,0.008498489753150415
2500,endpoint,endpoint_label_desc,2280,0.03841897249221802,0.008773437377941288
2500,endpoint,endpoint_label_desc,2290,0.03818181753158569,0.008580798205001948
2500,endpoint,endpoint_label_desc,2300,0.03810276985168457,0.008585349619510609
2500,endpoint,endpoint_label_desc,2310,0.037944674491882324,0.008267385385760391
2500,endpoint,endpoint_label_desc,2320,0.03818181753158569,0.008136893934635557
2500,endpoint,endpoint_label_desc,2330,0.037628448009490965,0.00820288288004584
2500,endpoint,endpoint_label_desc,2340,0.03747036457061768,0.008292856438092137
2500,endpoint,endpoint_label_desc,2350,0.0373913049697876,0.008698344635922096
2500,endpoint,endpoint_label_desc,2360,0.037628459930419925,0.008566240667150301
2500,endpoint,endpoint_label_desc,2370,0.0375494122505188,0.008366005204902313
2500,endpoint,endpoint_label_desc,2380,0.037786567211151124,0.008165678335861874
2500,endpoint,endpoint_label_desc,2390,0.03747035264968872,0.008706424861155929
2500,endpoint,endpoint_label_desc,2400,0.037786555290222165,0.008498463001792108
2500,endpoint,endpoint_label_desc,2410,0.03747036457061768,0.008625304652676006
2500,endpoint,endpoint_label_desc,2420,0.038023722171783444,0.008786798742272691
2500,endpoint,endpoint_label_desc,2430,0.037865626811981204,0.008755629613373625
2500,endpoint,endpoint_label_desc,2440,0.03833992481231689,0.00876721689013279
2500,endpoint,endpoint_label_desc,2450,0.03810275793075561,0.008544313670339507
2500,endpoint,endpoint_label_desc,2460,0.03810275793075561,0.008849678557932308
2500,endpoint,endpoint_label_desc,2470,0.03826086521148682,0.008557103801701564
2500,endpoint,endpoint_label_desc,2480,0.03794465065002441,0.00857351861010436
2500,endpoint,endpoint_label_desc,2490,0.037786567211151124,0.00820859113739958
2500,endpoint,endpoint_label_desc,2500,0.037628459930419925,0.008288153499142806
2500,endpoint,random,0,0.0,0.0
2500,endpoint,random,10,0.00031620264053344727,0.0005862754794091434
2500,endpoint,random,20,0.0018972396850585938,0.0010230929834497452
2500,endpoint,random,30,0.002213442325592041,0.0012053571469920474
2500,endpoint,random,40,0.00205533504486084,0.001436019172557564
2500,endpoint,random,50,0.002450597286224365,0.00156612219544049
2500,endpoint,random,60,0.0026877403259277345,0.0016629141017243181
2500,endpoint,random,70,0.0027667999267578123,0.0015810355547566223
2500,endpoint,random,80,0.0028458476066589356,0.00206142215804448
2500,endpoint,random,90,0.0028458356857299803,0.0025979010711725593
2500,endpoint,random,100,0.0026877403259277345,0.0021540488555727173
2500,endpoint,random,110,0.003162062168121338,0.0020727442651967166
2500,endpoint,random,120,0.00411067008972168,0.0024139769873980804
2500,endpoint,random,130,0.004347813129425049,0.002072749948346729
2500,endpoint,random,140,0.0038735270500183105,0.002080270560201811
2500,endpoint,random,150,0.0043478250503540036,0.0016055540103111251
2500,endpoint,random,160,0.00450594425201416,0.0016908555519850046
2500,endpoint,random,170,0.004505932331085205,0.0016908673952991196
2500,endpoint,random,180,0.005059278011322022,0.0020037699736112314
2500,endpoint,random,190,0.005849802494049072,0.001964396802947985
2500,endpoint,random,200,0.005612647533416748,0.0017764572326631931
2500,endpoint,random,210,0.0067193865776062015,0.0019959505119050303
2500,endpoint,random,220,0.006877470016479492,0.0022636830656144456
2500,endpoint,random,230,0.007035577297210693,0.002225400512638028
2500,endpoint,random,240,0.006877470016479492,0.002570691183247976
2500,endpoint,random,250,0.007272732257843017,0.002102689495093895
2500,endpoint,random,260,0.00719367265701294,0.001590897908321099
2500,endpoint,random,270,0.00719367265701294,0.0020802682949570494
2500,endpoint,random,280,0.00758892297744751,0.0024904272049209274
2500,endpoint,random,290,0.00814228057861328,0.0025706962237687305
2500,endpoint,random,300,0.00837944746017456,0.0025979042452131352
2500,endpoint,random,310,0.009407114982604981,0.002260248768347813
2500,endpoint,random,320,0.009881424903869628,0.0025462701880029776
2500,endpoint,random,330,0.009960484504699708,0.00293662936629181
2500,endpoint,random,340,0.0102766752243042,0.003434423605771101
2500,endpoint,random,350,0.010355722904205323,0.0036053036818929555
2500,endpoint,random,360,0.010750985145568848,0.003784993645036248
2500,endpoint,random,370,0.01090909242630005,0.003384001894358527
2500,endpoint,random,380,0.011620557308197022,0.002965751330210374
2500,endpoint,random,390,0.011541509628295898,0.002989360359951344
2500,endpoint,random,400,0.011620557308197022,0.003314034033609527
2500,endpoint,random,410,0.012015795707702637,0.003766366174909253
2500,endpoint,random,420,0.012332022190093994,0.0036483819559034953
2500,endpoint,random,430,0.012727272510528565,0.0040540209616831855
2500,endpoint,random,440,0.012806332111358643,0.0037870628924663247
2500,endpoint,random,450,0.013043487071990966,0.0034457623194124147
2500,endpoint,random,460,0.01312253475189209,0.0035064482007360364
2500,endpoint,random,470,0.013517796993255615,0.0033932443637378065
2500,endpoint,random,480,0.01312253475189209,0.0034502938581785314
2500,endpoint,random,490,0.013201594352722168,0.003497520388133107
2500,endpoint,random,500,0.013675892353057861,0.0036182831979138155
2500,endpoint,random,510,0.01351778507232666,0.004315366082745824
2500,endpoint,random,520,0.013675892353057861,0.004665035763562812
2500,endpoint,random,530,0.013833987712860107,0.0045325533676677885
2500,endpoint,random,540,0.014071154594421386,0.005043203432509052
2500,endpoint,random,550,0.014150190353393554,0.004827953486366935
2500,endpoint,random,560,0.014861667156219482,0.004371103096886297
2500,endpoint,random,570,0.015415036678314209,0.004617908989113315
2500,endpoint,random,580,0.015415012836456299,0.005462555657556484
2500,endpoint,random,590,0.015256917476654053,0.005188273559184944
2500,endpoint,random,600,0.015731239318847658,0.004771005061719732
2500,endpoint,random,610,0.016205549240112305,0.005183735936074026
2500,endpoint,random,620,0.016284584999084473,0.005049392072618582
2500,endpoint,random,630,0.016284584999084473,0.004963586067185604
2500,endpoint,random,640,0.016679847240448,0.0052466426659535294
2500,endpoint,random,650,0.0168379545211792,0.0048214947960381295
2500,endpoint,random,660,0.017075097560882567,0.004994936869584114
2500,endpoint,random,670,0.01762845516204834,0.005135273160793656
2500,endpoint,random,680,0.01778656244277954,0.005153495394159121
2500,endpoint,random,690,0.017865610122680665,0.005057107381513368
2500,endpoint,random,700,0.018023717403411865,0.004756247984451211
2500,endpoint,random,710,0.01762845516204834,0.005218295181105648
2500,endpoint,random,720,0.018260872364044188,0.005103262542822891
2500,endpoint,random,730,0.01810276508331299,0.005550492682826126
2500,endpoint,random,740,0.017470359802246094,0.005634323629473714
2500,endpoint,random,750,0.018102777004241944,0.005750935057589205
2500,endpoint,random,760,0.018339931964874268,0.005959067221870964
2500,endpoint,random,770,0.01865612268447876,0.006042376505063328
2500,endpoint,random,780,0.018735170364379883,0.006437933795848149
2500,endpoint,random,790,0.01873518228530884,0.006546226704783111
2500,endpoint,random,800,0.019130444526672362,0.006456130076215766
2500,endpoint,random,810,0.019051384925842286,0.006369646707046574
2500,endpoint,random,820,0.018656134605407715,0.006289421754562111
2500,endpoint,random,830,0.01928853988647461,0.005845268983555675
2500,endpoint,random,840,0.019209492206573486,0.005786172965104248
2500,endpoint,random,850,0.019604742527008057,0.005537826775193264
2500,endpoint,random,860,0.020158100128173827,0.005243674757081006
2500,endpoint,random,870,0.02039525508880615,0.005813107572948516
2500,endpoint,random,880,0.020790517330169678,0.005859951778760256
2500,endpoint,random,890,0.021264827251434325,0.005778058191355883
2500,endpoint,random,900,0.021660077571868896,0.005951212747689677
2500,endpoint,random,910,0.021501970291137696,0.006152559190526184
2500,endpoint,random,920,0.02181819677352905,0.006692572972619993
2500,endpoint,random,930,0.0219762921333313,0.006474262842937306
2500,endpoint,random,940,0.02189723253250122,0.006534292543979426
2500,endpoint,random,950,0.022529637813568114,0.006607999691891509
2500,endpoint,random,960,0.02300395965576172,0.007111328727951512
2500,endpoint,random,970,0.023241114616394044,0.006814036197785613
2500,endpoint,random,980,0.02332015037536621,0.007070562633067704
2500,endpoint,random,990,0.023636364936828615,0.006727491198978407
2500,endpoint,random,1000,0.024031627178192138,0.006442794197300371
2500,endpoint,random,1010,0.024031615257263182,0.00639411217185095
2500,endpoint,random,1020,0.023952567577362062,0.0064136507394077944
2500,endpoint,random,1030,0.02450593709945679,0.006428247413502708
2500,endpoint,random,1040,0.025217390060424803,0.006882450653435278
2500,endpoint,random,1050,0.025375497341156007,0.006515149415757331
2500,endpoint,random,1060,0.0260079026222229,0.005689507362210476
2500,endpoint,random,1070,0.02592884302139282,0.005759095616846343
2500,endpoint,random,1080,0.026086962223052977,0.006078476086124813
2500,endpoint,random,1090,0.02553359270095825,0.006693735888630779
2500,endpoint,random,1100,0.02561265230178833,0.006933348093445266
2500,endpoint,random,1110,0.026561272144317628,0.006715884591373355
2500,endpoint,random,1120,0.026561272144317628,0.006831202106674862
2500,endpoint,random,1130,0.026086962223052977,0.006976035096981217
2500,endpoint,random,1140,0.02577075958251953,0.007122291107485586
2500,endpoint,random,1150,0.025928854942321777,0.007106923229216155
2500,endpoint,random,1160,0.0261660099029541,0.00706724316580931
2500,endpoint,random,1170,0.026561260223388672,0.0076459440559215565
2500,endpoint,random,1180,0.026245057582855225,0.008035488948448058
2500,endpoint,random,1190,0.02703557014465332,0.008054897002071897
2500,endpoint,random,1200,0.02687748670578003,0.008032560768862267
2500,endpoint,random,1210,0.026877474784851075,0.007840645268418153
2500,endpoint,random,1220,0.027035582065582275,0.007450351193401123
2500,endpoint,random,1230,0.02703557014465332,0.007672470821691374
2500,endpoint,random,1240,0.027509868144989014,0.0071069315165916205
2500,endpoint,random,1250,0.027588939666748045,0.0067390931985148615
2500,endpoint,random,1260,0.027905142307281493,0.00721602142773817
2500,endpoint,random,1270,0.028063249588012696,0.006964823746858679
2500,endpoint,random,1280,0.02798417806625366,0.007676527366616201
2500,endpoint,random,1290,0.028774702548980714,0.008164714541876141
2500,endpoint,random,1300,0.02861659526824951,0.007677542778960793
2500,endpoint,random,1310,0.02885376214981079,0.0077856483838164466
2500,endpoint,random,1320,0.02830040454864502,0.00759571462059238
2500,endpoint,random,1330,0.02861659526824951,0.007728243891275445
2500,endpoint,random,1340,0.029011857509613038,0.007492197586396074
2500,endpoint,random,1350,0.029328060150146485,0.007067262833852114
2500,endpoint,random,1360,0.029249024391174317,0.007109133527661787
2500,endpoint,random,1370,0.02940711975097656,0.007318133778161712
2500,endpoint,random,1380,0.029644274711608888,0.006868838636344868
2500,endpoint,random,1390,0.029881417751312256,0.006546250457412075
2500,endpoint,random,1400,0.029960477352142335,0.006394115672133908
2500,endpoint,random,1410,0.030118584632873535,0.0065985344002050545
2500,endpoint,random,1420,0.02988142967224121,0.006934477935817946
2500,endpoint,random,1430,0.030039525032043456,0.00674837653065433
2500,endpoint,random,1440,0.030039513111114503,0.006759932926841881
2500,endpoint,random,1450,0.030434775352478027,0.006506733969092391
2500,endpoint,random,1460,0.03059288263320923,0.006860870769827892
2500,endpoint,random,1470,0.030592870712280274,0.007046222398919128
2500,endpoint,random,1480,0.03019763231277466,0.007878411588964475
2500,endpoint,random,1490,0.030592894554138182,0.008112893846919945
2500,endpoint,random,1500,0.030830037593841553,0.008186692234467101
2500,endpoint,random,1510,0.030830037593841553,0.007890293168631105
2500,endpoint,random,1520,0.031146240234375,0.00752754607785483
2500,endpoint,random,1530,0.031462442874908444,0.0076877178726713225
2500,endpoint,random,1540,0.031146252155303956,0.00725271494231698
2500,endpoint,random,1550,0.030909085273742677,0.008010170633899848
2500,endpoint,random,1560,0.03083004951477051,0.007654112661963753
2500,endpoint,random,1570,0.030671942234039306,0.008165660159423339
2500,endpoint,random,1580,0.030988132953643797,0.008503054608929644
2500,endpoint,random,1590,0.03177864551544189,0.00862619158648524
2500,endpoint,random,1600,0.03185770511627197,0.00920448629670672
2500,endpoint,random,1610,0.0320948600769043,0.009139733656556707
2500,endpoint,random,1620,0.03217390775680542,0.008832016515269513
2500,endpoint,random,1630,0.031699609756469724,0.008813425017196078
2500,endpoint,random,1640,0.03177864551544189,0.008698326082857777
2500,endpoint,random,1650,0.03185771703720093,0.008783238629051412
2500,endpoint,random,1660,0.031462454795837404,0.009024504503564453
2500,endpoint,random,1670,0.031383395195007324,0.009033156748418737
2500,endpoint,random,1680,0.031383395195007324,0.009076274137047825
2500,endpoint,random,1690,0.031541502475738524,0.009815583444298892
2500,endpoint,random,1700,0.03193676471710205,0.009965638441464107
2500,endpoint,random,1710,0.03217390775680542,0.00923414276497003
2500,endpoint,random,1720,0.032490122318267825,0.008552529367056015
2500,endpoint,random,1730,0.032885384559631345,0.008697463705617569
2500,endpoint,random,1740,0.032490122318267825,0.008988942455864062
2500,endpoint,random,1750,0.031541502475738524,0.008561680745294568
2500,endpoint,random,1760,0.03177865743637085,0.008256046225843135
2500,endpoint,random,1770,0.0317786693572998,0.007738354145496809
2500,endpoint,random,1780,0.0325691819190979,0.00827021731926641
2500,endpoint,random,1790,0.032648229598999025,0.0082228580532813
2500,endpoint,random,1800,0.03217390775680542,0.007873454666443
2500,endpoint,random,1810,0.03264820575714111,0.007533759324992319
2500,endpoint,random,1820,0.03280632495880127,0.0074890384256642035
2500,endpoint,random,1830,0.03209487199783325,0.007762547458025651
2500,endpoint,random,1840,0.032490122318267825,0.00799551802774611
2500,endpoint,random,1850,0.03217391967773438,0.008045199193742662
2500,endpoint,random,1860,0.0320948600769043,0.007777638070484658
2500,endpoint,random,1870,0.03272726535797119,0.007635708205055035
2500,endpoint,random,1880,0.03288537263870239,0.007666339264265576
2500,endpoint,random,1890,0.03304349184036255,0.00758027179314885
2500,endpoint,random,1900,0.03296442031860351,0.007365986505181787
2500,endpoint,random,1910,0.0324110746383667,0.007949460622173056
2500,endpoint,random,1920,0.0322529673576355,0.007962235095079342
2500,endpoint,random,1930,0.03209487199783325,0.0077926764833063725
2500,endpoint,random,1940,0.0322529673576355,0.008303210523062677
2500,endpoint,random,1950,0.032648229598999025,0.008562572205789452
2500,endpoint,random,1960,0.032648217678070066,0.008675856278347239
2500,endpoint,random,1970,0.03280631303787231,0.008780574170494783
2500,endpoint,random,1980,0.03312252759933472,0.008706423237600784
2500,endpoint,random,1990,0.03312252759933472,0.008773452281210296
2500,endpoint,random,2000,0.03304347991943359,0.008906885930551414
2500,endpoint,random,2010,0.03359683752059937,0.008762747840140358
2500,endpoint,random,2020,0.03320158720016479,0.008379985854672057
2500,endpoint,random,2030,0.03335968255996704,0.008480072406141957
2500,endpoint,random,2040,0.03312252759933472,0.009126927320105943
2500,endpoint,random,2050,0.03312252759933472,0.009508364455031322
2500,endpoint,random,2060,0.033359694480896,0.009015833372356653
2500,endpoint,random,2070,0.03351778984069824,0.00902795460125647
2500,endpoint,random,2080,0.033913052082061766,0.009212119512010725
2500,endpoint,random,2090,0.033834004402160646,0.00922144505796886
2500,endpoint,random,2100,0.03359684944152832,0.009328399349593428
2500,endpoint,random,2110,0.033754944801330566,0.008880534442874297
2500,endpoint,random,2120,0.03383399248123169,0.008902498374145324
2500,endpoint,random,2130,0.03359683752059937,0.00863706840856537
2500,endpoint,random,2140,0.03359684944152832,0.008444995628073382
2500,endpoint,random,2150,0.03351778984069824,0.008428332891100671
2500,endpoint,random,2160,0.03367588520050049,0.008419061471884419
2500,endpoint,random,2170,0.03430829048156738,0.008525084410807352
2500,endpoint,random,2180,0.03454546928405762,0.00864429666689741
2500,endpoint,random,2190,0.03454545736312866,0.008141727941081544
2500,endpoint,random,2200,0.03470356464385986,0.008405133765913458
2500,endpoint,random,2210,0.03438735008239746,0.008838209788656893
2500,endpoint,random,2220,0.03462450504302979,0.00914913800564244
2500,endpoint,random,2230,0.03501976728439331,0.009659957457991381
2500,endpoint,random,2240,0.03478262424468994,0.009754114175689317
2500,endpoint,random,2250,0.03454544544219971,0.00942252861514529
2500,endpoint,random,2260,0.03470356464385986,0.009283922348633539
2500,endpoint,random,2270,0.03509882688522339,0.008670458778613487
2500,endpoint,random,2280,0.03501976728439331,0.009401806942400746
2500,endpoint,random,2290,0.035335981845855714,0.009351822552725531
2500,endpoint,random,2300,0.03573122024536133,0.009958584349992437
2500,endpoint,random,2310,0.03565218448638916,0.010357670314992178
2500,endpoint,random,2320,0.03596838712692261,0.010723035088564137
2500,endpoint,random,2330,0.036442673206329344,0.010128898687742855
2500,endpoint,random,2340,0.0366007924079895,0.010267552775703764
2500,endpoint,random,2350,0.03691699504852295,0.01058595281939457
2500,endpoint,random,2360,0.03707510232925415,0.009949945564994168
2500,endpoint,random,2370,0.03691699504852295,0.009883790575107689
2500,endpoint,random,2380,0.03715415000915527,0.01006933887135258
2500,endpoint,random,2390,0.03731225728988648,0.009907457357712339
2500,endpoint,random,2400,0.0370750904083252,0.009989129349565683
2500,endpoint,random,2410,0.03747036457061768,0.009831495462730584
2500,endpoint,random,2420,0.03747035264968872,0.009779714086426588
2500,endpoint,random,2430,0.03739131689071655,0.00959914158964534
2500,endpoint,random,2440,0.03731225728988648,0.009570607963625065
2500,endpoint,random,2450,0.03762847185134888,0.009438274736297329
2500,endpoint,random,2460,0.03731224536895752,0.0089200271993969
2500,endpoint,random,2470,0.0370750904083252,0.00837253940114315
2500,endpoint,random,2480,0.03747035264968872,0.008529662515981395
2500,endpoint,random,2490,0.0372331976890564,0.008647912616823333
2500,endpoint,random,2500,0.037628459930419925,0.008288153499142806
2500,subset_accuracy_drop,random,0,0.0,0.0
2500,subset_accuracy_drop,random,10,0.00102766752243042,0.0006614013039233881
2500,subset_accuracy_drop,random,20,0.0009486079216003418,0.0005994165720967551
2500,subset_accuracy_drop,random,30,0.001106727123260498,0.0014085803327180384
2500,subset_accuracy_drop,random,40,0.0015810251235961914,0.0015810094777377057
2500,subset_accuracy_drop,random,50,0.0015019774436950684,0.001709211754337552
2500,subset_accuracy_drop,random,60,0.002450597286224365,0.001662892850434949
2500,subset_accuracy_drop,random,70,0.0026086926460266112,0.0014414586464292184
2500,subset_accuracy_drop,random,80,0.00245058536529541,0.0018831699516640187
2500,subset_accuracy_drop,random,90,0.0026877522468566895,0.0027441307418356164
2500,subset_accuracy_drop,random,100,0.003083014488220215,0.0025676427738546923
2500,subset_accuracy_drop,random,110,0.002924907207489014,0.0018454670939371171
2500,subset_accuracy_drop,random,120,0.003241109848022461,0.002260243556958719
2500,subset_accuracy_drop,random,130,0.004189717769622803,0.0024139813789520984
2500,subset_accuracy_drop,random,140,0.004189717769622803,0.0026894899521504546
2500,subset_accuracy_drop,random,150,0.004268765449523926,0.002345026567704214
2500,subset_accuracy_drop,random,160,0.004584980010986328,0.0023483649760425696
2500,subset_accuracy_drop,random,170,0.0051383376121521,0.0032232214476239866
2500,subset_accuracy_drop,random,180,0.006561267375946045,0.00435320133628158
2500,subset_accuracy_drop,random,190,0.0067984223365783695,0.004278993258535411
2500,subset_accuracy_drop,random,200,0.00695652961730957,0.004441993773481219
2500,subset_accuracy_drop,random,210,0.007509887218475342,0.004182993098289573
2500,subset_accuracy_drop,random,220,0.008142292499542236,0.004965155378787944
2500,subset_accuracy_drop,random,230,0.007984185218811035,0.004916137933667606
2500,subset_accuracy_drop,random,240,0.007667994499206543,0.004973007299198655
2500,subset_accuracy_drop,random,250,0.00822134017944336,0.004604361083712722
2500,subset_accuracy_drop,random,260,0.008300399780273438,0.00501522094369466
2500,subset_accuracy_drop,random,270,0.008853757381439209,0.004715006470860652
2500,subset_accuracy_drop,random,280,0.009011852741241454,0.004827953486366935
2500,subset_accuracy_drop,random,290,0.009486162662506103,0.004173660546898038
2500,subset_accuracy_drop,random,300,0.009486162662506103,0.004912975167341131
2500,subset_accuracy_drop,random,310,0.009802377223968506,0.005080226364995353
2500,subset_accuracy_drop,random,320,0.0102766752243042,0.004792221086973998
2500,subset_accuracy_drop,random,330,0.009960484504699708,0.0047050366110748315
2500,subset_accuracy_drop,random,340,0.010355710983276367,0.004908174877045367
2500,subset_accuracy_drop,random,350,0.011146235466003417,0.004570280826622834
2500,subset_accuracy_drop,random,360,0.011146235466003417,0.0041398285603675925
2500,subset_accuracy_drop,random,370,0.011620545387268066,0.003908831731075629
2500,subset_accuracy_drop,random,380,0.012015807628631591,0.004197903351717963
2500,subset_accuracy_drop,random,390,0.011778652667999268,0.0048682392257446425
2500,subset_accuracy_drop,random,400,0.011541497707366944,0.00494780700967225
2500,subset_accuracy_drop,random,410,0.011699604988098144,0.005150467177867744
2500,subset_accuracy_drop,random,420,0.01169959306716919,0.005120046938562768
2500,subset_accuracy_drop,random,430,0.011225295066833497,0.005423794115963879
2500,subset_accuracy_drop,random,440,0.011699604988098144,0.0052032851947227355
2500,subset_accuracy_drop,random,450,0.01169959306716919,0.004813378594190279
2500,subset_accuracy_drop,random,460,0.01146245002746582,0.004960404397276779
2500,subset_accuracy_drop,random,470,0.01146245002746582,0.005206294002502957
2500,subset_accuracy_drop,random,480,0.012094843387603759,0.005409379642674783
2500,subset_accuracy_drop,random,490,0.012806332111358643,0.005336697039646204
2500,subset_accuracy_drop,random,500,0.013122522830963134,0.0060359053129655435
2500,subset_accuracy_drop,random,510,0.013201570510864258,0.006522321917933308
2500,subset_accuracy_drop,random,520,0.013438725471496582,0.006512730479781503
2500,subset_accuracy_drop,random,530,0.013280642032623292,0.006165241877570175
2500,subset_accuracy_drop,random,540,0.013675892353057861,0.006228254129855956
2500,subset_accuracy_drop,random,550,0.014545464515686035,0.005254090750998617
2500,subset_accuracy_drop,random,560,0.014940714836120606,0.005201784327515445
2500,subset_accuracy_drop,random,570,0.01494070291519165,0.005682629995671095
2500,subset_accuracy_drop,random,580,0.015494072437286377,0.005578567437382952
2500,subset_accuracy_drop,random,590,0.015494060516357423,0.0059904253938365135
2500,subset_accuracy_drop,random,600,0.01517786979675293,0.006746040350528913
2500,subset_accuracy_drop,random,610,0.015494072437286377,0.006876753419440198
2500,subset_accuracy_drop,random,620,0.015573108196258545,0.006676191480773575
2500,subset_accuracy_drop,random,630,0.01604743003845215,0.006664480331770767
2500,subset_accuracy_drop,random,640,0.016284584999084473,0.006515138748391029
2500,subset_accuracy_drop,random,650,0.016442692279815672,0.006401442005941813
2500,subset_accuracy_drop,random,660,0.016758906841278075,0.006358575284421131
2500,subset_accuracy_drop,random,670,0.016679847240448,0.006163972566285132
2500,subset_accuracy_drop,random,680,0.016837930679321288,0.005919602283901054
2500,subset_accuracy_drop,random,690,0.016521716117858888,0.006003463166594923
2500,subset_accuracy_drop,random,700,0.016917002201080323,0.006042379429312949
2500,subset_accuracy_drop,random,710,0.017391324043273926,0.005829181561421572
2500,subset_accuracy_drop,random,720,0.01762845516204834,0.005358601334655251
2500,subset_accuracy_drop,random,730,0.017470359802246094,0.005342516833057681
2500,subset_accuracy_drop,random,740,0.01778656244277954,0.004865015781012613
2500,subset_accuracy_drop,random,750,0.017628467082977294,0.004589052502395089
2500,subset_accuracy_drop,random,760,0.01786562204360962,0.004457810305219325
2500,subset_accuracy_drop,random,770,0.01810276508331299,0.004570284435008344
2500,subset_accuracy_drop,random,780,0.018577075004577635,0.00496041983285753
2500,subset_accuracy_drop,random,790,0.01913043260574341,0.0046566382721398986
2500,subset_accuracy_drop,random,800,0.018893277645111083,0.0052242723543328455
2500,subset_accuracy_drop,random,810,0.01913043260574341,0.004388948211528584
2500,subset_accuracy_drop,random,820,0.01913043260574341,0.004122789743838566
2500,subset_accuracy_drop,random,830,0.01968379020690918,0.0033932273535156776
2500,subset_accuracy_drop,random,840,0.020079052448272704,0.0036052706820290854
2500,subset_accuracy_drop,random,850,0.020158112049102783,0.0037808461449024347
2500,subset_accuracy_drop,random,860,0.020000016689300536,0.004094283531943405
2500,subset_accuracy_drop,random,870,0.020079052448272704,0.00436037291327131
2500,subset_accuracy_drop,random,880,0.020553362369537354,0.004284456742560264
2500,subset_accuracy_drop,random,890,0.0205533504486084,0.00471829969422585
2500,subset_accuracy_drop,random,900,0.020474302768707275,0.004770979630995503
2500,subset_accuracy_drop,random,910,0.021027660369873045,0.005400695261249589
2500,subset_accuracy_drop,random,920,0.021106719970703125,0.005322017014961332
2500,subset_accuracy_drop,random,930,0.021264827251434325,0.0056273604012029455
2500,subset_accuracy_drop,random,940,0.0219762921333313,0.005173179881227832
2500,subset_accuracy_drop,random,950,0.022055327892303467,0.004754591635458727
2500,subset_accuracy_drop,random,960,0.02189723253250122,0.004289950612200419
2500,subset_accuracy_drop,random,970,0.022292494773864746,0.004344217369228092
2500,subset_accuracy_drop,random,980,0.022055339813232423,0.0037015040856285216
2500,subset_accuracy_drop,random,990,0.02229248285293579,0.003714144579120293
2500,subset_accuracy_drop,random,1000,0.022608697414398193,0.004120906517369863
2500,subset_accuracy_drop,random,1010,0.02237154245376587,0.004075157820934852
2500,subset_accuracy_drop,random,1020,0.022687757015228273,0.004829562480086461
2500,subset_accuracy_drop,random,1030,0.02292490005493164,0.004944666644040619
2500,subset_accuracy_drop,random,1040,0.023003947734832764,0.004827943726970345
2500,subset_accuracy_drop,random,1050,0.02316204309463501,0.005074092743532533
2500,subset_accuracy_drop,random,1060,0.02316204309463501,0.004861809824507407
2500,subset_accuracy_drop,random,1070,0.02371542453765869,0.004775895867136053
2500,subset_accuracy_drop,random,1080,0.023715412616729735,0.005061755031643885
2500,subset_accuracy_drop,random,1090,0.023873519897460938,0.005314681190444072
2500,subset_accuracy_drop,random,1100,0.02411067485809326,0.004775902033300139
2500,subset_accuracy_drop,random,1110,0.02458498477935791,0.004671718077447114
2500,subset_accuracy_drop,random,1120,0.02450593709945679,0.005368798533125152
2500,subset_accuracy_drop,random,1130,0.02458498477935791,0.0057441548211732045
2500,subset_accuracy_drop,random,1140,0.02521740198135376,0.0064488693424716425
2500,subset_accuracy_drop,random,1150,0.025296437740325927,0.006874498735195194
2500,subset_accuracy_drop,random,1160,0.025375509262084962,0.00692205535305115
2500,subset_accuracy_drop,random,1170,0.025138330459594727,0.007413549426778754
2500,subset_accuracy_drop,random,1180,0.025375497341156007,0.007506738170065833
2500,subset_accuracy_drop,random,1190,0.025533604621887206,0.00765207025038024
2500,subset_accuracy_drop,random,1200,0.0261660099029541,0.008164699248754884
2500,subset_accuracy_drop,random,1210,0.02664031982421875,0.008336072296738778
2500,subset_accuracy_drop,random,1220,0.026877474784851075,0.00827209215753149
2500,subset_accuracy_drop,random,1230,0.027430832386016846,0.00854887513945342
2500,subset_accuracy_drop,random,1240,0.027984201908111572,0.008782349180020806
2500,subset_accuracy_drop,random,1250,0.027747035026550293,0.009173867067071755
2500,subset_accuracy_drop,random,1260,0.027905142307281493,0.008359465196746114
2500,subset_accuracy_drop,random,1270,0.02790513038635254,0.008312612574010954
2500,subset_accuracy_drop,random,1280,0.027905142307281493,0.008480083796715806
2500,subset_accuracy_drop,random,1290,0.028300392627716064,0.008698323374412953
2500,subset_accuracy_drop,random,1300,0.028537559509277343,0.008245615487911095
2500,subset_accuracy_drop,random,1310,0.028932809829711914,0.008174268543073102
2500,subset_accuracy_drop,random,1320,0.028537559509277343,0.007946520902377912
2500,subset_accuracy_drop,random,1330,0.02822134494781494,0.007932741773384815
2500,subset_accuracy_drop,random,1340,0.027984189987182616,0.0085570934772784
2500,subset_accuracy_drop,random,1350,0.02830040454864502,0.007908090556961124
2500,subset_accuracy_drop,random,1360,0.02893279790878296,0.008097444538001305
2500,subset_accuracy_drop,random,1370,0.02956521511077881,0.008932270131352008
2500,subset_accuracy_drop,random,1380,0.02940711975097656,0.008946272104315763
2500,subset_accuracy_drop,random,1390,0.02924901247024536,0.009000234988600217
2500,subset_accuracy_drop,random,1400,0.02932804822921753,0.008547975497922076
2500,subset_accuracy_drop,random,1410,0.02885376214981079,0.008323889819221568
2500,subset_accuracy_drop,random,1420,0.029011857509613038,0.008429271434479618
2500,subset_accuracy_drop,random,1430,0.029169964790344238,0.008773463693702147
2500,subset_accuracy_drop,random,1440,0.02861659526824951,0.008972403875398357
2500,subset_accuracy_drop,random,1450,0.029011869430541994,0.00932672207305843
2500,subset_accuracy_drop,random,1460,0.02932807207107544,0.009380174459798784
2500,subset_accuracy_drop,random,1470,0.029249024391174317,0.009240048026890603
2500,subset_accuracy_drop,random,1480,0.029802370071411132,0.009459770372183832
2500,subset_accuracy_drop,random,1490,0.029960477352142335,0.00979964715172141
2500,subset_accuracy_drop,random,1500,0.029960477352142335,0.010082516717578822
2500,subset_accuracy_drop,random,1510,0.029565227031707764,0.009663199817771431
2500,subset_accuracy_drop,random,1520,0.029881417751312256,0.009659974895734743
2500,subset_accuracy_drop,random,1530,0.029565227031707764,0.009363505828487547
2500,subset_accuracy_drop,random,1540,0.029960477352142335,0.008831122108367062
2500,subset_accuracy_drop,random,1550,0.030988132953643797,0.009217199442710438
2500,subset_accuracy_drop,random,1560,0.031067192554473877,0.009272136127054147
2500,subset_accuracy_drop,random,1570,0.030830037593841553,0.00885144596455697
2500,subset_accuracy_drop,random,1580,0.030909085273742677,0.008795674507401962
2500,subset_accuracy_drop,random,1590,0.03193676471710205,0.009027950556481718
2500,subset_accuracy_drop,random,1600,0.0320948600769043,0.009195151622251145
2500,subset_accuracy_drop,random,1610,0.03272726535797119,0.008910374828069945
2500,subset_accuracy_drop,random,1620,0.032727277278900145,0.00845146861418477
2500,subset_accuracy_drop,random,1630,0.032648217678070066,0.00853517072155824
2500,subset_accuracy_drop,random,1640,0.03233202695846558,0.008092635607605873
2500,subset_accuracy_drop,random,1650,0.032569169998168945,0.008122493284241182
2500,subset_accuracy_drop,random,1660,0.03201582431793213,0.008162800610355594
2500,subset_accuracy_drop,random,1670,0.031383407115936277,0.008707334106079824
2500,subset_accuracy_drop,random,1680,0.031699609756469724,0.008330457049667882
2500,subset_accuracy_drop,random,1690,0.031620562076568604,0.008449645984199167
2500,subset_accuracy_drop,random,1700,0.03185771703720093,0.00848929661984055
2500,subset_accuracy_drop,random,1710,0.03193676471710205,0.008764546620023544
2500,subset_accuracy_drop,random,1720,0.0322529673576355,0.008447769695020526
2500,subset_accuracy_drop,random,1730,0.032332003116607666,0.008207647882538407
2500,subset_accuracy_drop,random,1740,0.03233201503753662,0.00826456445456783
2500,subset_accuracy_drop,random,1750,0.03185771703720093,0.008693862945233548
2500,subset_accuracy_drop,random,1760,0.032569169998168945,0.008941894652261174
2500,subset_accuracy_drop,random,1770,0.032648229598999025,0.009140606113550014
2500,subset_accuracy_drop,random,1780,0.0324110746383667,0.008762751872988897
2500,subset_accuracy_drop,random,1790,0.03320157527923584,0.00882050728648781
2500,subset_accuracy_drop,random,1800,0.03328062295913696,0.00853425679891642
2500,subset_accuracy_drop,random,1810,0.03320157527923584,0.0086008106589309
2500,subset_accuracy_drop,random,1820,0.03304347991943359,0.00856256835384961
2500,subset_accuracy_drop,random,1830,0.032727289199829104,0.008193365839326415
2500,subset_accuracy_drop,random,1840,0.03328064680099487,0.008053940427292666
2500,subset_accuracy_drop,random,1850,0.03343874216079712,0.007564812078004411
2500,subset_accuracy_drop,random,1860,0.03359683752059937,0.008100370203453635
2500,subset_accuracy_drop,random,1870,0.033754944801330566,0.0075648175280194005
2500,subset_accuracy_drop,random,1880,0.03430830240249634,0.008414419691495261
2500,subset_accuracy_drop,random,1890,0.03430829048156738,0.007951442349395122
2500,subset_accuracy_drop,random,1900,0.03509882688522339,0.007722199330711226
2500,subset_accuracy_drop,random,1910,0.035256922245025635,0.007527531055132749
2500,subset_accuracy_drop,random,1920,0.035177874565124514,0.0077100218939964394
2500,subset_accuracy_drop,random,1930,0.035335969924926755,0.008064577598078746
2500,subset_accuracy_drop,random,1940,0.035098803043365476,0.007444055353601729
2500,subset_accuracy_drop,random,1950,0.03462450504302979,0.007697874314206782
2500,subset_accuracy_drop,random,1960,0.03462450504302979,0.007917968346307555
2500,subset_accuracy_drop,random,1970,0.034861648082733156,0.008000413751284852
2500,subset_accuracy_drop,random,1980,0.035019755363464355,0.008054916890816246
2500,subset_accuracy_drop,random,1990,0.035098803043365476,0.007656158221315533
2500,subset_accuracy_drop,random,2000,0.035098803043365476,0.007563779974568957
2500,subset_accuracy_drop,random,2010,0.03604743480682373,0.007423032136790881
2500,subset_accuracy_drop,random,2020,0.03596837520599365,0.007613175023555276
2500,subset_accuracy_drop,random,2030,0.03573122024536133,0.007381875395174902
2500,subset_accuracy_drop,random,2040,0.03620553016662598,0.007371309139463542
2500,subset_accuracy_drop,random,2050,0.03620553016662598,0.007221423113883594
2500,subset_accuracy_drop,random,2060,0.036126482486724856,0.007413562932595285
2500,subset_accuracy_drop,random,2070,0.0366007924079895,0.007365990663107601
2500,subset_accuracy_drop,random,2080,0.036442685127258304,0.0073277282301635405
2500,subset_accuracy_drop,random,2090,0.036363637447357176,0.007494265492290326
2500,subset_accuracy_drop,random,2100,0.036442685127258304,0.006989448125673675
2500,subset_accuracy_drop,random,2110,0.0361264705657959,0.007205169285415203
2500,subset_accuracy_drop,random,2120,0.036442697048187256,0.0075534408913010475
2500,subset_accuracy_drop,random,2130,0.036442673206329344,0.0073861109978277896
2500,subset_accuracy_drop,random,2140,0.036284589767456056,0.007401973717314944
2500,subset_accuracy_drop,random,2150,0.036521744728088376,0.007728256999527424
2500,subset_accuracy_drop,random,2160,0.0370750904083252,0.007842635116088417
2500,subset_accuracy_drop,random,2170,0.036679840087890624,0.007671447521136896
2500,subset_accuracy_drop,random,2180,0.0367588996887207,0.007939628392497237
2500,subset_accuracy_drop,random,2190,0.036521732807159424,0.00828908830340425
2500,subset_accuracy_drop,random,2200,0.036284589767456056,0.008183810527030346
2500,subset_accuracy_drop,random,2210,0.036442697048187256,0.008107106294415073
2500,subset_accuracy_drop,random,2220,0.03620554208755493,0.008805450203942822
2500,subset_accuracy_drop,random,2230,0.03620553016662598,0.009195990128406616
2500,subset_accuracy_drop,random,2240,0.036363625526428224,0.009240053126217973
2500,subset_accuracy_drop,random,2250,0.036363637447357176,0.009600769310829491
2500,subset_accuracy_drop,random,2260,0.036679840087890624,0.009496043232808064
2500,subset_accuracy_drop,random,2270,0.036679840087890624,0.009450678378564389
2500,subset_accuracy_drop,random,2280,0.036521732807159424,0.009760514987021438
2500,subset_accuracy_drop,random,2290,0.036284589767456056,0.009524799494360362
2500,subset_accuracy_drop,random,2300,0.036284589767456056,0.009879044715351507
2500,subset_accuracy_drop,random,2310,0.03667982816696167,0.009425865394392543
2500,subset_accuracy_drop,random,2320,0.03675888776779175,0.010104194466785158
2500,subset_accuracy_drop,random,2330,0.03652172088623047,0.01010653083818369
2500,subset_accuracy_drop,random,2340,0.03699605464935303,0.009623503529547241
2500,subset_accuracy_drop,random,2350,0.03747036457061768,0.009400965743064918
2500,subset_accuracy_drop,random,2360,0.03731224536895752,0.009123487794033417
2500,subset_accuracy_drop,random,2370,0.0373913049697876,0.00911922899554187
2500,subset_accuracy_drop,random,2380,0.03699604272842407,0.009106361484530765
2500,subset_accuracy_drop,random,2390,0.03699604272842407,0.008898103756026725
2500,subset_accuracy_drop,random,2400,0.036442697048187256,0.009430003697760606
2500,subset_accuracy_drop,random,2410,0.03604743480682373,0.009313304749401698
2500,subset_accuracy_drop,random,2420,0.036442685127258304,0.008804559921642271
2500,subset_accuracy_drop,random,2430,0.03667985200881958,0.008629817170028281
2500,subset_accuracy_drop,random,2440,0.03691699504852295,0.0089593502125659
2500,subset_accuracy_drop,random,2450,0.03707510232925415,0.00903228186794741
2500,subset_accuracy_drop,random,2460,0.03699605464935303,0.00906766875028636
2500,subset_accuracy_drop,random,2470,0.03691699504852295,0.00904178508036653
2500,subset_accuracy_drop,random,2480,0.03691699504852295,0.008698348833985636
2500,subset_accuracy_drop,random,2490,0.037549400329589845,0.008564416604617155
2500,subset_accuracy_drop,random,2500,0.037628459930419925,0.008288153499142806
2500,subset_accuracy_drop,subset_score_asc,0,0.0,0.0
2500,subset_accuracy_drop,subset_score_asc,10,-0.005533599853515625,0.002957828759274225
2500,subset_accuracy_drop,subset_score_asc,20,-0.006956517696380615,0.0027752351998214064
2500,subset_accuracy_drop,subset_score_asc,30,-0.00837944746017456,0.0030282710948440275
2500,subset_accuracy_drop,subset_score_asc,40,-0.009011852741241454,0.003215932493850612
2500,subset_accuracy_drop,subset_score_asc,50,-0.010276687145233155,0.004302655211401587
2500,subset_accuracy_drop,subset_score_asc,60,-0.011383390426635743,0.003906829692692614
2500,subset_accuracy_drop,subset_score_asc,70,-0.011857700347900391,0.0035900836131597547
2500,subset_accuracy_drop,subset_score_asc,80,-0.011936759948730469,0.003323439188005046
2500,subset_accuracy_drop,subset_score_asc,90,-0.01225297451019287,0.0033770561457279525
2500,subset_accuracy_drop,subset_score_asc,100,-0.012332022190093994,0.0035507100921793986
2500,subset_accuracy_drop,subset_score_asc,110,-0.013280630111694336,0.0033608232505471587
2500,subset_accuracy_drop,subset_score_asc,120,-0.013754940032958985,0.0036052690484451038
2500,subset_accuracy_drop,subset_score_asc,130,-0.013992094993591308,0.0035857346542791236
2500,subset_accuracy_drop,subset_score_asc,140,-0.014545464515686035,0.004063656695295533
2500,subset_accuracy_drop,subset_score_asc,150,-0.014940714836120606,0.004884245675985678
2500,subset_accuracy_drop,subset_score_asc,160,-0.01533597707748413,0.0050725452911267324
2500,subset_accuracy_drop,subset_score_asc,170,-0.015494084358215332,0.005298497377390832
2500,subset_accuracy_drop,subset_score_asc,180,-0.015494084358215332,0.005041660517674091
2500,subset_accuracy_drop,subset_score_asc,190,-0.015494084358215332,0.005041660517674091
2500,subset_accuracy_drop,subset_score_asc,200,-0.0158893346786499,0.005400690680942037
2500,subset_accuracy_drop,subset_score_asc,210,-0.016442704200744628,0.005704571875499778
2500,subset_accuracy_drop,subset_score_asc,220,-0.016442704200744628,0.005926194314084471
2500,subset_accuracy_drop,subset_score_asc,230,-0.016758882999420167,0.006050128983050993
2500,subset_accuracy_drop,subset_score_asc,240,-0.016837930679321288,0.005853250531321549
2500,subset_accuracy_drop,subset_score_asc,250,-0.017075085639953615,0.0059773999764459644
2500,subset_accuracy_drop,subset_score_asc,260,-0.017075097560882567,0.005550489923892084
2500,subset_accuracy_drop,subset_score_asc,270,-0.016917002201080323,0.005479675676457495
2500,subset_accuracy_drop,subset_score_asc,280,-0.016758906841278075,0.005329367055083291
2500,subset_accuracy_drop,subset_score_asc,290,-0.01715414524078369,0.005135279583664359
2500,subset_accuracy_drop,subset_score_asc,300,-0.01715414524078369,0.0050894432570787445
2500,subset_accuracy_drop,subset_score_asc,310,-0.017233192920684814,0.004861815639431989
2500,subset_accuracy_drop,subset_score_asc,320,-0.017233192920684814,0.004756241049807551
2500,subset_accuracy_drop,subset_score_asc,330,-0.016916990280151367,0.004688403047604034
2500,subset_accuracy_drop,subset_score_asc,340,-0.016916990280151367,0.004803608250154848
2500,subset_accuracy_drop,subset_score_asc,350,-0.017470359802246094,0.004852173418817237
2500,subset_accuracy_drop,subset_score_asc,360,-0.01762845516204834,0.00494149877604102
2500,subset_accuracy_drop,subset_score_asc,370,-0.01778656244277954,0.0044190995632206066
2500,subset_accuracy_drop,subset_score_asc,380,-0.017865610122680665,0.004827960805993413
2500,subset_accuracy_drop,subset_score_asc,390,-0.01778656244277954,0.004634781827376686
2500,subset_accuracy_drop,subset_score_asc,400,-0.017312240600585938,0.004787341792365665
2500,subset_accuracy_drop,subset_score_asc,410,-0.017628467082977294,0.0046566344776796794
2500,subset_accuracy_drop,subset_score_asc,420,-0.017470347881317138,0.004852172447640099
2500,subset_accuracy_drop,subset_score_asc,430,-0.017470347881317138,0.004779167344316234
2500,subset_accuracy_drop,subset_score_asc,440,-0.017391288280487062,0.0047759008000530815
2500,subset_accuracy_drop,subset_score_asc,450,-0.017154133319854735,0.004529090754700034
2500,subset_accuracy_drop,subset_score_asc,460,-0.017075097560882567,0.004168034876620815
2500,subset_accuracy_drop,subset_score_asc,470,-0.016996049880981447,0.0035682445490519033
2500,subset_accuracy_drop,subset_score_asc,480,-0.016837930679321288,0.003639778997602506
2500,subset_accuracy_drop,subset_score_asc,490,-0.01660078763961792,0.003697264841877906
2500,subset_accuracy_drop,subset_score_asc,500,-0.016679835319519044,0.003404695654915238
2500,subset_accuracy_drop,subset_score_asc,510,-0.016837942600250243,0.0038075880238709987
2500,subset_accuracy_drop,subset_score_asc,520,-0.016442692279815672,0.003938692342586755
2500,subset_accuracy_drop,subset_score_asc,530,-0.016126465797424317,0.004269857846999989
2500,subset_accuracy_drop,subset_score_asc,540,-0.0158893346786499,0.004324394189687849
2500,subset_accuracy_drop,subset_score_asc,550,-0.015810275077819826,0.004284467739983079
2500,subset_accuracy_drop,subset_score_asc,560,-0.0155731201171875,0.00438002035407884
2500,subset_accuracy_drop,subset_score_asc,570,-0.015494072437286377,0.004484013941432726
2500,subset_accuracy_drop,subset_score_asc,580,-0.015335965156555175,0.004351391300270138
2500,subset_accuracy_drop,subset_score_asc,590,-0.014782607555389404,0.00423497101962455
2500,subset_accuracy_drop,subset_score_asc,600,-0.01494072675704956,0.004876248414703493
2500,subset_accuracy_drop,subset_score_asc,610,-0.014940714836120606,0.004638153346841869
2500,subset_accuracy_drop,subset_score_asc,620,-0.01494072675704956,0.004900217390033443
2500,subset_accuracy_drop,subset_score_asc,630,-0.014545464515686035,0.004787333426452268
2500,subset_accuracy_drop,subset_score_asc,640,-0.014229249954223634,0.00474307437751255
2500,subset_accuracy_drop,subset_score_asc,650,-0.014229249954223634,0.004952537014961378
2500,subset_accuracy_drop,subset_score_asc,660,-0.013913047313690186,0.004868228095294147
2500,subset_accuracy_drop,subset_score_asc,670,-0.014308309555053711,0.004931993949831698
2500,subset_accuracy_drop,subset_score_asc,680,-0.014782595634460449,0.0049730222220520535
2500,subset_accuracy_drop,subset_score_asc,690,-0.015098798274993896,0.004811746317807373
2500,subset_accuracy_drop,subset_score_asc,700,-0.015019762516021728,0.0047348222604301935
2500,subset_accuracy_drop,subset_score_asc,710,-0.01470355987548828,0.004587355813650616
2500,subset_accuracy_drop,subset_score_asc,720,-0.01454545259475708,0.005026131260985161
2500,subset_accuracy_drop,subset_score_asc,730,-0.014782607555389404,0.005112420393320079
2500,subset_accuracy_drop,subset_score_asc,740,-0.01454545259475708,0.00543674042464244
2500,subset_accuracy_drop,subset_score_asc,750,-0.01454545259475708,0.005571570468161042
2500,subset_accuracy_drop,subset_score_asc,760,-0.01454545259475708,0.005757722858201203
2500,subset_accuracy_drop,subset_score_asc,770,-0.01391303539276123,0.005261511277957823
2500,subset_accuracy_drop,subset_score_asc,780,-0.013201582431793212,0.005358617381839637
2500,subset_accuracy_drop,subset_score_asc,790,-0.013043475151062012,0.0056384817284971965
2500,subset_accuracy_drop,subset_score_asc,800,-0.013517773151397705,0.005501029094453514
2500,subset_accuracy_drop,subset_score_asc,810,-0.012964427471160889,0.00497927348593152
2500,subset_accuracy_drop,subset_score_asc,820,-0.012648224830627441,0.00511547642864875
2500,subset_accuracy_drop,subset_score_asc,830,-0.012569165229797364,0.005103243153541589
2500,subset_accuracy_drop,subset_score_asc,840,-0.012331998348236084,0.005458261813416923
2500,subset_accuracy_drop,subset_score_asc,850,-0.012173902988433839,0.005493921796599835
2500,subset_accuracy_drop,subset_score_asc,860,-0.011857712268829345,0.0056798673019889554
2500,subset_accuracy_drop,subset_score_asc,870,-0.012094855308532715,0.005277829485795234
2500,subset_accuracy_drop,subset_score_asc,880,-0.011620557308197022,0.005579969282772989
2500,subset_accuracy_drop,subset_score_asc,890,-0.011620557308197022,0.005572976610036984
2500,subset_accuracy_drop,subset_score_asc,900,-0.011541485786437988,0.005620439684876702
2500,subset_accuracy_drop,subset_score_asc,910,-0.011067187786102295,0.005987846616969383
2500,subset_accuracy_drop,subset_score_asc,920,-0.011146247386932373,0.005798292749272084
2500,subset_accuracy_drop,subset_score_asc,930,-0.01106719970703125,0.005902425397167035
2500,subset_accuracy_drop,subset_score_asc,940,-0.010750997066497802,0.005918300989665727
2500,subset_accuracy_drop,subset_score_asc,950,-0.010750997066497802,0.0056757480316507345
2500,subset_accuracy_drop,subset_score_asc,960,-0.010355734825134277,0.005599550904599156
2500,subset_accuracy_drop,subset_score_asc,970,-0.010197615623474121,0.005613485464885782
2500,subset_accuracy_drop,subset_score_asc,980,-0.010039520263671876,0.00554487609729465
2500,subset_accuracy_drop,subset_score_asc,990,-0.009723329544067382,0.005081778432365142
2500,subset_accuracy_drop,subset_score_asc,1000,-0.009802377223968506,0.004746385105081428
2500,subset_accuracy_drop,subset_score_asc,1010,-0.009802377223968506,0.005458255554968546
2500,subset_accuracy_drop,subset_score_asc,1020,-0.009644269943237305,0.005745509499406368
2500,subset_accuracy_drop,subset_score_asc,1030,-0.009565234184265137,0.005668873297398407
2500,subset_accuracy_drop,subset_score_asc,1040,-0.009644269943237305,0.005012128457140992
2500,subset_accuracy_drop,subset_score_asc,1050,-0.009328055381774902,0.004788952132101633
2500,subset_accuracy_drop,subset_score_asc,1060,-0.008932816982269286,0.004805251380460839
2500,subset_accuracy_drop,subset_score_asc,1070,-0.008932805061340332,0.005423791509820466
2500,subset_accuracy_drop,subset_score_asc,1080,-0.008537554740905761,0.005336700350573519
2500,subset_accuracy_drop,subset_score_asc,1090,-0.00814228057861328,0.005839891531723142
2500,subset_accuracy_drop,subset_score_asc,1100,-0.00798419713973999,0.005871925301761168
2500,subset_accuracy_drop,subset_score_asc,1110,-0.007747042179107666,0.006024272773627165
2500,subset_accuracy_drop,subset_score_asc,1120,-0.00719367265701294,0.006338916202722067
2500,subset_accuracy_drop,subset_score_asc,1130,-0.007114624977111817,0.006385555844847146
2500,subset_accuracy_drop,subset_score_asc,1140,-0.006877470016479492,0.00637697972507384
2500,subset_accuracy_drop,subset_score_asc,1150,-0.0067984223365783695,0.0063757560779400535
2500,subset_accuracy_drop,subset_score_asc,1160,-0.00656125545501709,0.0064742366429041305
2500,subset_accuracy_drop,subset_score_asc,1170,-0.00656125545501709,0.006498321219532955
2500,subset_accuracy_drop,subset_score_asc,1180,-0.006719350814819336,0.0063977768498000975
2500,subset_accuracy_drop,subset_score_asc,1190,-0.006245040893554687,0.0060746166513950695
2500,subset_accuracy_drop,subset_score_asc,1200,-0.005849790573120117,0.005898470542148233
2500,subset_accuracy_drop,subset_score_asc,1210,-0.005375480651855469,0.006395333780368864
2500,subset_accuracy_drop,subset_score_asc,1220,-0.005533599853515625,0.006416071595947323
2500,subset_accuracy_drop,subset_score_asc,1230,-0.0052173852920532225,0.006622156964578152
2500,subset_accuracy_drop,subset_score_asc,1240,-0.0051383376121521,0.006268278853222269
2500,subset_accuracy_drop,subset_score_asc,1250,-0.005059278011322022,0.006406317773766533
2500,subset_accuracy_drop,subset_score_asc,1260,-0.004505932331085205,0.006611533879108169
2500,subset_accuracy_drop,subset_score_asc,1270,-0.0043478250503540036,0.006506731253559895
2500,subset_accuracy_drop,subset_score_asc,1280,-0.004268765449523926,0.007028450600228653
2500,subset_accuracy_drop,subset_score_asc,1290,-0.004031622409820556,0.00663984042348473
2500,subset_accuracy_drop,subset_score_asc,1300,-0.0035573124885559084,0.006342624286864041
2500,subset_accuracy_drop,subset_score_asc,1310,-0.0037154197692871095,0.006259551276876115
2500,subset_accuracy_drop,subset_score_asc,1320,-0.0035573124885559084,0.006919806918084555
2500,subset_accuracy_drop,subset_score_asc,1330,-0.0030830025672912596,0.006733301432989757
2500,subset_accuracy_drop,subset_score_asc,1340,-0.0032410979270935058,0.007438796330970009
2500,subset_accuracy_drop,subset_score_asc,1350,-0.0025296449661254884,0.007029549070059124
2500,subset_accuracy_drop,subset_score_asc,1360,-0.0025296449661254884,0.007068332107431317
2500,subset_accuracy_drop,subset_score_asc,1370,-0.002292490005493164,0.00729564980982861
2500,subset_accuracy_drop,subset_score_asc,1380,-0.0019762873649597167,0.006794499785576819
2500,subset_accuracy_drop,subset_score_asc,1390,-0.0015019655227661132,0.006733280964482205
2500,subset_accuracy_drop,subset_score_asc,1400,-0.0012648224830627442,0.006704216248563632
2500,subset_accuracy_drop,subset_score_asc,1410,-0.001027679443359375,0.006934456532237124
2500,subset_accuracy_drop,subset_score_asc,1420,-0.0007114648818969726,0.007089316892498016
2500,subset_accuracy_drop,subset_score_asc,1430,-0.0005533576011657714,0.007242995428806385
2500,subset_accuracy_drop,subset_score_asc,1440,-0.00047430992126464846,0.007089299445793875
2500,subset_accuracy_drop,subset_score_asc,1450,-0.00047430992126464846,0.006598536542482309
2500,subset_accuracy_drop,subset_score_asc,1460,-0.0005533695220947266,0.006629246741111857
2500,subset_accuracy_drop,subset_score_asc,1470,-0.0003952503204345703,0.006897194300558825
2500,subset_accuracy_drop,subset_score_asc,1480,-0.0001580953598022461,0.0070295482322370395
2500,subset_accuracy_drop,subset_score_asc,1490,-0.00039523839950561523,0.007352193261177906
2500,subset_accuracy_drop,subset_score_asc,1500,0.0001580953598022461,0.006769156182038465
2500,subset_accuracy_drop,subset_score_asc,1510,0.00047430992126464846,0.007138743375218218
2500,subset_accuracy_drop,subset_score_asc,1520,0.0007114768028259278,0.007454545518599363
2500,subset_accuracy_drop,subset_score_asc,1530,0.0008695721626281738,0.007589539521960673
2500,subset_accuracy_drop,subset_score_asc,1540,0.0012648224830627442,0.007862509641280244
2500,subset_accuracy_drop,subset_score_asc,1550,0.0012648344039916993,0.008145537057506393
2500,subset_accuracy_drop,subset_score_asc,1560,0.0012648224830627442,0.007887306455270799
2500,subset_accuracy_drop,subset_score_asc,1570,0.0015810251235961914,0.007993567416269628
2500,subset_accuracy_drop,subset_score_asc,1580,0.0016600847244262694,0.007912034934298675
2500,subset_accuracy_drop,subset_score_asc,1590,0.002450597286224365,0.007370221649414103
2500,subset_accuracy_drop,subset_score_asc,1600,0.0027667880058288574,0.006403868949354667
2500,subset_accuracy_drop,subset_score_asc,1610,0.003320157527923584,0.006133461597533355
2500,subset_accuracy_drop,subset_score_asc,1620,0.003320157527923584,0.0056771254652916246
2500,subset_accuracy_drop,subset_score_asc,1630,0.0036363601684570312,0.0060553016439826865
2500,subset_accuracy_drop,subset_score_asc,1640,0.004189729690551758,0.006228271340709949
2500,subset_accuracy_drop,subset_score_asc,1650,0.00450592041015625,0.0064379369063525
2500,subset_accuracy_drop,subset_score_asc,1660,0.004505932331085205,0.006826620837121013
2500,subset_accuracy_drop,subset_score_asc,1670,0.00490119457244873,0.006593801304015653
2500,subset_accuracy_drop,subset_score_asc,1680,0.0051383495330810545,0.006919813727211246
2500,subset_accuracy_drop,subset_score_asc,1690,0.005059301853179932,0.006539069074174915
2500,subset_accuracy_drop,subset_score_asc,1700,0.0052173852920532225,0.0064609550931327
2500,subset_accuracy_drop,subset_score_asc,1710,0.005375492572784424,0.0062844496709531465
2500,subset_accuracy_drop,subset_score_asc,1720,0.005612647533416748,0.0062144544691636605
2500,subset_accuracy_drop,subset_score_asc,1730,0.006324100494384766,0.006167781626158807
2500,subset_accuracy_drop,subset_score_asc,1740,0.006482231616973877,0.006265765740052213
2500,subset_accuracy_drop,subset_score_asc,1750,0.007035577297210693,0.006796785167185181
2500,subset_accuracy_drop,subset_score_asc,1760,0.0071936964988708494,0.006854017838749004
2500,subset_accuracy_drop,subset_score_asc,1770,0.007114636898040772,0.006840343042341124
2500,subset_accuracy_drop,subset_score_asc,1780,0.007272732257843017,0.007544096026744029
2500,subset_accuracy_drop,subset_score_asc,1790,0.007588934898376465,0.008092616976048093
2500,subset_accuracy_drop,subset_score_asc,1800,0.007430827617645264,0.008808989974143274
2500,subset_accuracy_drop,subset_score_asc,1810,0.008142292499542236,0.008112871486724004
2500,subset_accuracy_drop,subset_score_asc,1820,0.007905137538909913,0.007582339758968801
2500,subset_accuracy_drop,subset_score_asc,1830,0.007984185218811035,0.007579240862471017
2500,subset_accuracy_drop,subset_score_asc,1840,0.008142292499542236,0.008016006572226439
2500,subset_accuracy_drop,subset_score_asc,1850,0.00798419713973999,0.007681603699476322
2500,subset_accuracy_drop,subset_score_asc,1860,0.008300387859344482,0.00817234056133195
2500,subset_accuracy_drop,subset_score_asc,1870,0.009011852741241454,0.008353833242028765
2500,subset_accuracy_drop,subset_score_asc,1880,0.009407114982604981,0.008643378201417957
2500,subset_accuracy_drop,subset_score_asc,1890,0.009881412982940674,0.00847269751109598
2500,subset_accuracy_drop,subset_score_asc,1900,0.009960472583770752,0.00890160972576316
2500,subset_accuracy_drop,subset_score_asc,1910,0.010276687145233155,0.0086144218655914
2500,subset_accuracy_drop,subset_score_asc,1920,0.010988140106201172,0.00805394554631997
2500,subset_accuracy_drop,subset_score_asc,1930,0.01146245002746582,0.007988669266472147
2500,subset_accuracy_drop,subset_score_asc,1940,0.012173902988433839,0.0075998194206389254
2500,subset_accuracy_drop,subset_score_asc,1950,0.012173902988433839,0.007306373366694318
2500,subset_accuracy_drop,subset_score_asc,1960,0.01249011754989624,0.00786849372290106
2500,subset_accuracy_drop,subset_score_asc,1970,0.012727272510528565,0.00761523977764979
2500,subset_accuracy_drop,subset_score_asc,1980,0.013280630111694336,0.007302063281494133
2500,subset_accuracy_drop,subset_score_asc,1990,0.013359689712524414,0.007912034934298677
2500,subset_accuracy_drop,subset_score_asc,2000,0.013675892353057861,0.007947492777862976
2500,subset_accuracy_drop,subset_score_asc,2010,0.013833987712860107,0.007825671038738925
2500,subset_accuracy_drop,subset_score_asc,2020,0.01415020227432251,0.008665944859773145
2500,subset_accuracy_drop,subset_score_asc,2030,0.01415020227432251,0.008400487374571651
2500,subset_accuracy_drop,subset_score_asc,2040,0.014940714836120606,0.008634336469731463
2500,subset_accuracy_drop,subset_score_asc,2050,0.015019762516021728,0.008816067922959542
2500,subset_accuracy_drop,subset_score_asc,2060,0.015889322757720946,0.008777901522320377
2500,subset_accuracy_drop,subset_score_asc,2070,0.016363632678985596,0.008858489459153497
2500,subset_accuracy_drop,subset_score_asc,2080,0.017154133319854735,0.0089593308852335
2500,subset_accuracy_drop,subset_score_asc,2090,0.01739131212234497,0.008785003982336084
2500,subset_accuracy_drop,subset_score_asc,2100,0.017786550521850585,0.008532415820730851
2500,subset_accuracy_drop,subset_score_asc,2110,0.018577075004577635,0.008267390372690675
2500,subset_accuracy_drop,subset_score_asc,2120,0.01889328956604004,0.008039372578470266
2500,subset_accuracy_drop,subset_score_asc,2130,0.01873518228530884,0.00802088993711377
2500,subset_accuracy_drop,subset_score_asc,2140,0.01889328956604004,0.007812670861195045
2500,subset_accuracy_drop,subset_score_asc,2150,0.01913043260574341,0.008050053289647838
2500,subset_accuracy_drop,subset_score_asc,2160,0.01944664716720581,0.007926840075507185
2500,subset_accuracy_drop,subset_score_asc,2170,0.020158100128173827,0.007551345824392307
2500,subset_accuracy_drop,subset_score_asc,2180,0.020395267009735107,0.007134340605650357
2500,subset_accuracy_drop,subset_score_asc,2190,0.021027672290802,0.007311718936652646
2500,subset_accuracy_drop,subset_score_asc,2200,0.021581029891967772,0.007328797755455469
2500,subset_accuracy_drop,subset_score_asc,2210,0.022213423252105714,0.00755342732370615
2500,subset_accuracy_drop,subset_score_asc,2220,0.021976268291473387,0.007636739842294085
2500,subset_accuracy_drop,subset_score_asc,2230,0.022292494773864746,0.007178007519705272
2500,subset_accuracy_drop,subset_score_asc,2240,0.02229248285293579,0.007145286638767995
2500,subset_accuracy_drop,subset_score_asc,2250,0.02276679277420044,0.007040655346400779
2500,subset_accuracy_drop,subset_score_asc,2260,0.02316206693649292,0.00718345763282443
2500,subset_accuracy_drop,subset_score_asc,2270,0.023162055015563964,0.007199742806696426
2500,subset_accuracy_drop,subset_score_asc,2280,0.024268794059753417,0.007178013591604744
2500,subset_accuracy_drop,subset_score_asc,2290,0.02426878213882446,0.007350073524600339
2500,subset_accuracy_drop,subset_score_asc,2300,0.02442687749862671,0.007640836169432289
2500,subset_accuracy_drop,subset_score_asc,2310,0.024822139739990236,0.008240890163466633
2500,subset_accuracy_drop,subset_score_asc,2320,0.025612640380859374,0.008236147253695352
2500,subset_accuracy_drop,subset_score_asc,2330,0.02569171190261841,0.007988674427390976
2500,subset_accuracy_drop,subset_score_asc,2340,0.02632410526275635,0.008525995310042618
2500,subset_accuracy_drop,subset_score_asc,2350,0.027193677425384522,0.008363218242710569
2500,subset_accuracy_drop,subset_score_asc,2360,0.02766798734664917,0.00833795026930126
2500,subset_accuracy_drop,subset_score_asc,2370,0.027667999267578125,0.008286266799720204
2500,subset_accuracy_drop,subset_score_asc,2380,0.028142285346984864,0.008598083091897931
2500,subset_accuracy_drop,subset_score_asc,2390,0.028537547588348387,0.008570802698537163
2500,subset_accuracy_drop,subset_score_asc,2400,0.02893282175064087,0.008068469417980074
2500,subset_accuracy_drop,subset_score_asc,2410,0.02956521511077881,0.00824088844823861
2500,subset_accuracy_drop,subset_score_asc,2420,0.030434775352478027,0.008869086714019538
2500,subset_accuracy_drop,subset_score_asc,2430,0.030671942234039306,0.008884912826107193
2500,subset_accuracy_drop,subset_score_asc,2440,0.03177865743637085,0.008184781715100389
2500,subset_accuracy_drop,subset_score_asc,2450,0.03288537263870239,0.008000419199021058
2500,subset_accuracy_drop,subset_score_asc,2460,0.03367588520050049,0.008000421702064952
2500,subset_accuracy_drop,subset_score_asc,2470,0.033992087841033934,0.0076948325093014825
2500,subset_accuracy_drop,subset_score_asc,2480,0.03501976728439331,0.0077585144810707945
2500,subset_accuracy_drop,subset_score_asc,2490,0.03604743480682373,0.007610104007557991
2500,subset_accuracy_drop,subset_score_asc,2500,0.037628459930419925,0.008288153499142806
2500,subset_accuracy_drop,subset_score_desc,0,0.0,0.0
2500,subset_accuracy_drop,subset_score_desc,10,0.007035577297210693,0.0017319349543385896
2500,subset_accuracy_drop,subset_score_desc,20,0.01106719970703125,0.002235932460510331
2500,subset_accuracy_drop,subset_score_desc,30,0.013438725471496582,0.002561566342091158
2500,subset_accuracy_drop,subset_score_desc,40,0.016047441959381105,0.0037141737572332348
2500,subset_accuracy_drop,subset_score_desc,50,0.01841897964477539,0.004055986649594843
2500,subset_accuracy_drop,subset_score_desc,60,0.020711457729339598,0.004132283652581561
2500,subset_accuracy_drop,subset_score_desc,70,0.022134387493133546,0.0033538986906198457
2500,subset_accuracy_drop,subset_score_desc,80,0.023636376857757567,0.0035726721694890637
2500,subset_accuracy_drop,subset_score_desc,90,0.025454533100128175,0.003574853773017357
2500,subset_accuracy_drop,subset_score_desc,100,0.027193677425384522,0.003916850101888312
2500,subset_accuracy_drop,subset_score_desc,110,0.028537547588348387,0.003785004537837341
2500,subset_accuracy_drop,subset_score_desc,120,0.03011857271194458,0.0040444219786851246
2500,subset_accuracy_drop,subset_score_desc,130,0.0319367527961731,0.004492742753419476
2500,subset_accuracy_drop,subset_score_desc,140,0.03304347991943359,0.0043532265015691855
2500,subset_accuracy_drop,subset_score_desc,150,0.03399209976196289,0.004419127551959943
2500,subset_accuracy_drop,subset_score_desc,160,0.035098814964294435,0.004073281780886251
2500,subset_accuracy_drop,subset_score_desc,170,0.03628460168838501,0.003906861351242075
2500,subset_accuracy_drop,subset_score_desc,180,0.03683794736862182,0.0038968436715874927
2500,subset_accuracy_drop,subset_score_desc,190,0.03731225728988648,0.0038178954467512198
2500,subset_accuracy_drop,subset_score_desc,200,0.037628459930419925,0.003659085400079192
2500,subset_accuracy_drop,subset_score_desc,210,0.03810275793075561,0.004094315755188568
2500,subset_accuracy_drop,subset_score_desc,220,0.03936758041381836,0.003081998036104354
2500,subset_accuracy_drop,subset_score_desc,230,0.03976284265518189,0.0034975315023814627
2500,subset_accuracy_drop,subset_score_desc,240,0.039999985694885255,0.0032880265778104933
2500,subset_accuracy_drop,subset_score_desc,250,0.04055335521697998,0.003017983686682752
2500,subset_accuracy_drop,subset_score_desc,260,0.041660094261169435,0.00340703045933118
2500,subset_accuracy_drop,subset_score_desc,270,0.041422927379608156,0.0033701621428449797
2500,subset_accuracy_drop,subset_score_desc,280,0.04110673666000366,0.0038219814763009053
2500,subset_accuracy_drop,subset_score_desc,290,0.041660094261169435,0.003807636904128395
2500,subset_accuracy_drop,subset_score_desc,300,0.0423715353012085,0.0038464233464530775
2500,subset_accuracy_drop,subset_score_desc,310,0.04229249954223633,0.0042202034542706745
2500,subset_accuracy_drop,subset_score_desc,320,0.042766797542572024,0.004705059644203319
2500,subset_accuracy_drop,subset_score_desc,330,0.042924892902374265,0.004477076996184006
2500,subset_accuracy_drop,subset_score_desc,340,0.04339921474456787,0.004288130359875697
2500,subset_accuracy_drop,subset_score_desc,350,0.0436363697052002,0.004529107140204321
2500,subset_accuracy_drop,subset_score_desc,360,0.043952572345733645,0.00444907491267929
2500,subset_accuracy_drop,subset_score_desc,370,0.044110679626464845,0.004772661638025624
2500,subset_accuracy_drop,subset_score_desc,380,0.043952572345733645,0.004947836054944009
2500,subset_accuracy_drop,subset_score_desc,390,0.044347834587097165,0.005118575285617125
2500,subset_accuracy_drop,subset_score_desc,400,0.04474307298660278,0.005400748044198528
2500,subset_accuracy_drop,subset_score_desc,410,0.04474308490753174,0.005148985231024719
2500,subset_accuracy_drop,subset_score_desc,420,0.04529644250869751,0.005292629402977522
2500,subset_accuracy_drop,subset_score_desc,430,0.045612645149230954,0.004965181001178673
2500,subset_accuracy_drop,subset_score_desc,440,0.04616600275039673,0.0051792480130208466
2500,subset_accuracy_drop,subset_score_desc,450,0.04664033651351929,0.005346954738115527
2500,subset_accuracy_drop,subset_score_desc,460,0.046640312671661376,0.00465164410994526
2500,subset_accuracy_drop,subset_score_desc,470,0.04743083715438843,0.00417367465865325
2500,subset_accuracy_drop,subset_score_desc,480,0.04750988483428955,0.004063665391602281
2500,subset_accuracy_drop,subset_score_desc,490,0.04743082523345947,0.0048247497589569074
2500,subset_accuracy_drop,subset_score_desc,500,0.047826087474823,0.005054060568898581
2500,subset_accuracy_drop,subset_score_desc,510,0.048063242435455324,0.004690109394684744
2500,subset_accuracy_drop,subset_score_desc,520,0.048063242435455324,0.004739809054116609
2500,subset_accuracy_drop,subset_score_desc,530,0.04837944507598877,0.004797140109790361
2500,subset_accuracy_drop,subset_score_desc,540,0.04853755235671997,0.004431478840315453
2500,subset_accuracy_drop,subset_score_desc,550,0.04877469539642334,0.004468352643139915
2500,subset_accuracy_drop,subset_score_desc,560,0.049090909957885745,0.0044840515074611
2500,subset_accuracy_drop,subset_score_desc,570,0.049328064918518065,0.004054045369126003
2500,subset_accuracy_drop,subset_score_desc,580,0.049249017238616945,0.003838273504062144
2500,subset_accuracy_drop,subset_score_desc,590,0.049169957637786865,0.0034070283848646236
2500,subset_accuracy_drop,subset_score_desc,600,0.04877469539642334,0.0028720834603440538
2500,subset_accuracy_drop,subset_score_desc,610,0.0487747073173523,0.002761151572132188
2500,subset_accuracy_drop,subset_score_desc,620,0.049407124519348145,0.0027097570595567403
2500,subset_accuracy_drop,subset_score_desc,630,0.049486172199249265,0.003142233082906876
2500,subset_accuracy_drop,subset_score_desc,640,0.04972331523895264,0.0027441303124619114
2500,subset_accuracy_drop,subset_score_desc,650,0.04988141059875488,0.002828235299112856
2500,subset_accuracy_drop,subset_score_desc,660,0.05019763708114624,0.002636705236261923
2500,subset_accuracy_drop,subset_score_desc,670,0.050434792041778566,0.002660301498842313
2500,subset_accuracy_drop,subset_score_desc,680,0.050434768199920654,0.003082006062384688
2500,subset_accuracy_drop,subset_score_desc,690,0.050513815879821775,0.003028315827950082
2500,subset_accuracy_drop,subset_score_desc,700,0.05019762516021729,0.0025308815884243475
2500,subset_accuracy_drop,subset_score_desc,710,0.050750982761383054,0.002746963149670956
2500,subset_accuracy_drop,subset_score_desc,720,0.05059288740158081,0.0025308955513722808
2500,subset_accuracy_drop,subset_score_desc,730,0.05098813772201538,0.002515419920375551
2500,subset_accuracy_drop,subset_score_desc,740,0.05067192316055298,0.002949914859719571
2500,subset_accuracy_drop,subset_score_desc,750,0.05083004236221313,0.003043764533450155
2500,subset_accuracy_drop,subset_score_desc,760,0.05075099468231201,0.0038888331205343685
2500,subset_accuracy_drop,subset_score_desc,770,0.050671935081481934,0.004351415934596813
2500,subset_accuracy_drop,subset_score_desc,780,0.05130435228347778,0.004604366200558956
2500,subset_accuracy_drop,subset_score_desc,790,0.05169961452484131,0.004449048965653633
2500,subset_accuracy_drop,subset_score_desc,800,0.05162055492401123,0.005004326385079652
2500,subset_accuracy_drop,subset_score_desc,810,0.05162055492401123,0.004362158969608225
2500,subset_accuracy_drop,subset_score_desc,820,0.051778650283813475,0.004759525789108599
2500,subset_accuracy_drop,subset_score_desc,830,0.051699590682983396,0.004466585578892373
2500,subset_accuracy_drop,subset_score_desc,840,0.051699602603912355,0.004288115800754282
2500,subset_accuracy_drop,subset_score_desc,850,0.05154150724411011,0.004169908683385802
2500,subset_accuracy_drop,subset_score_desc,860,0.051857709884643555,0.003774673459027342
2500,subset_accuracy_drop,subset_score_desc,870,0.05209486484527588,0.004044408289536026
2500,subset_accuracy_drop,subset_score_desc,880,0.051778650283813475,0.0034796058609324458
2500,subset_accuracy_drop,subset_score_desc,890,0.051699602603912355,0.0030023799667787633
2500,subset_accuracy_drop,subset_score_desc,900,0.05209486484527588,0.0030539770560711094
2500,subset_accuracy_drop,subset_score_desc,910,0.052173912525177,0.0034116055034886447
2500,subset_accuracy_drop,subset_score_desc,920,0.05209486484527588,0.003764301822760821
2500,subset_accuracy_drop,subset_score_desc,930,0.05256916284561157,0.003353874104881344
2500,subset_accuracy_drop,subset_score_desc,940,0.0524901032447815,0.0038260449774138727
2500,subset_accuracy_drop,subset_score_desc,950,0.052964437007904056,0.004257051219013773
2500,subset_accuracy_drop,subset_score_desc,960,0.053280627727508544,0.004233130465306157
2500,subset_accuracy_drop,subset_score_desc,970,0.05391305685043335,0.004197937866205493
2500,subset_accuracy_drop,subset_score_desc,980,0.05375493764877319,0.004320800205004617
2500,subset_accuracy_drop,subset_score_desc,990,0.053359699249267575,0.004419110225610742
2500,subset_accuracy_drop,subset_score_desc,1000,0.05359684228897095,0.0049494144063205086
2500,subset_accuracy_drop,subset_score_desc,1010,0.05335968732833862,0.004710046687462426
2500,subset_accuracy_drop,subset_score_desc,1020,0.05335968732833862,0.004960440017899226
2500,subset_accuracy_drop,subset_score_desc,1030,0.0535968542098999,0.005019922392210118
2500,subset_accuracy_drop,subset_score_desc,1040,0.0539130449295044,0.005642641356240293
2500,subset_accuracy_drop,subset_score_desc,1050,0.05367588996887207,0.005977404312046041
2500,subset_accuracy_drop,subset_score_desc,1060,0.05375493764877319,0.005659235763392123
2500,subset_accuracy_drop,subset_score_desc,1070,0.05399209260940552,0.005621840308466701
2500,subset_accuracy_drop,subset_score_desc,1080,0.05359684228897095,0.005081773564611269
2500,subset_accuracy_drop,subset_score_desc,1090,0.05383399724960327,0.005393479991688286
2500,subset_accuracy_drop,subset_score_desc,1100,0.05359683036804199,0.005677140197350269
2500,subset_accuracy_drop,subset_score_desc,1110,0.05375493764877319,0.006000891366528696
2500,subset_accuracy_drop,subset_score_desc,1120,0.05320158004760742,0.006546229583895065
2500,subset_accuracy_drop,subset_score_desc,1130,0.05320158004760742,0.006746063574253968
2500,subset_accuracy_drop,subset_score_desc,1140,0.0532806396484375,0.006562917348561253
2500,subset_accuracy_drop,subset_score_desc,1150,0.053201591968536376,0.005621818517038346
2500,subset_accuracy_drop,subset_score_desc,1160,0.053280627727508544,0.00579830656382263
2500,subset_accuracy_drop,subset_score_desc,1170,0.0534387469291687,0.005951204632312985
2500,subset_accuracy_drop,subset_score_desc,1180,0.05351778268814087,0.005373174393347563
2500,subset_accuracy_drop,subset_score_desc,1190,0.052964413166046144,0.004726595611213616
2500,subset_accuracy_drop,subset_score_desc,1200,0.05233200788497925,0.004494478304497997
2500,subset_accuracy_drop,subset_score_desc,1210,0.05185772180557251,0.004082838590961999
2500,subset_accuracy_drop,subset_score_desc,1220,0.052015817165374754,0.004017265471374199
2500,subset_accuracy_drop,subset_score_desc,1230,0.05154150724411011,0.004494468869219151
2500,subset_accuracy_drop,subset_score_desc,1240,0.051936757564544675,0.004289953083558731
2500,subset_accuracy_drop,subset_score_desc,1250,0.05241105556488037,0.004371133279303006
2500,subset_accuracy_drop,subset_score_desc,1260,0.0520158052444458,0.004494481711584936
2500,subset_accuracy_drop,subset_score_desc,1270,0.051936757564544675,0.004739783953154316
2500,subset_accuracy_drop,subset_score_desc,1280,0.051936757564544675,0.004988701455198107
2500,subset_accuracy_drop,subset_score_desc,1290,0.0524901270866394,0.004916138652500984
2500,subset_accuracy_drop,subset_score_desc,1300,0.052727270126342776,0.004965148735881918
2500,subset_accuracy_drop,subset_score_desc,1310,0.05288538932800293,0.005313237286096836
2500,subset_accuracy_drop,subset_score_desc,1320,0.052885377407073976,0.005778065122855036
2500,subset_accuracy_drop,subset_score_desc,1330,0.053043472766876223,0.0060746203357466685
2500,subset_accuracy_drop,subset_score_desc,1340,0.05256916284561157,0.006237051375544007
2500,subset_accuracy_drop,subset_score_desc,1350,0.05256916284561157,0.00690853245341695
2500,subset_accuracy_drop,subset_score_desc,1360,0.05225296020507812,0.007133250346339572
2500,subset_accuracy_drop,subset_score_desc,1370,0.052015817165374754,0.006413641923466995
2500,subset_accuracy_drop,subset_score_desc,1380,0.05201579332351684,0.006945727244652194
2500,subset_accuracy_drop,subset_score_desc,1390,0.0524901270866394,0.006527115509960545
2500,subset_accuracy_drop,subset_score_desc,1400,0.05256917476654053,0.007174756479719431
2500,subset_accuracy_drop,subset_score_desc,1410,0.05256917476654053,0.007120101934070333
2500,subset_accuracy_drop,subset_score_desc,1420,0.052173924446105954,0.007076094669996242
2500,subset_accuracy_drop,subset_score_desc,1430,0.05233200788497925,0.006968199104289555
2500,subset_accuracy_drop,subset_score_desc,1440,0.052173912525177,0.007009552314244489
2500,subset_accuracy_drop,subset_score_desc,1450,0.05225296020507812,0.007034022288114092
2500,subset_accuracy_drop,subset_score_desc,1460,0.05249011516571045,0.0069107908632344995
2500,subset_accuracy_drop,subset_score_desc,1470,0.05264822244644165,0.006814019083306012
2500,subset_accuracy_drop,subset_score_desc,1480,0.05272728204727173,0.0066645091421984526
2500,subset_accuracy_drop,subset_score_desc,1490,0.05241105556488037,0.0070073015276105695
2500,subset_accuracy_drop,subset_score_desc,1500,0.05280632972717285,0.007018457779121709
2500,subset_accuracy_drop,subset_score_desc,1510,0.053043484687805176,0.006698396612813416
2500,subset_accuracy_drop,subset_score_desc,1520,0.052727270126342776,0.006877913453337417
2500,subset_accuracy_drop,subset_score_desc,1530,0.052964425086975096,0.006536680434434213
2500,subset_accuracy_drop,subset_score_desc,1540,0.05256917476654053,0.006452485395722473
2500,subset_accuracy_drop,subset_score_desc,1550,0.05233200788497925,0.007029560800063212
2500,subset_accuracy_drop,subset_score_desc,1560,0.051936757564544675,0.007360702750965034
2500,subset_accuracy_drop,subset_score_desc,1570,0.05225296020507812,0.007343711124856525
2500,subset_accuracy_drop,subset_score_desc,1580,0.05249011516571045,0.007412521211447963
2500,subset_accuracy_drop,subset_score_desc,1590,0.051936757564544675,0.007397752292264604
2500,subset_accuracy_drop,subset_score_desc,1600,0.051778662204742434,0.008472690559593548
2500,subset_accuracy_drop,subset_score_desc,1610,0.052015817165374754,0.008415342289316632
2500,subset_accuracy_drop,subset_score_desc,1620,0.051778662204742434,0.00832387849799019
2500,subset_accuracy_drop,subset_score_desc,1630,0.051699602603912355,0.00805877844143931
2500,subset_accuracy_drop,subset_score_desc,1640,0.051778662204742434,0.007618307641018026
2500,subset_accuracy_drop,subset_score_desc,1650,0.051699602603912355,0.0077876640822555285
2500,subset_accuracy_drop,subset_score_desc,1660,0.051857709884643555,0.007517151674152112
2500,subset_accuracy_drop,subset_score_desc,1670,0.05138338804244995,0.007689758628688614
2500,subset_accuracy_drop,subset_score_desc,1680,0.05098814964294433,0.008435747269974734
2500,subset_accuracy_drop,subset_score_desc,1690,0.05090909004211426,0.00795634727939661
2500,subset_accuracy_drop,subset_score_desc,1700,0.05083004236221313,0.007652060706165327
2500,subset_accuracy_drop,subset_score_desc,1710,0.050671935081481934,0.007872454049235863
2500,subset_accuracy_drop,subset_score_desc,1720,0.05067192316055298,0.007752475744688732
2500,subset_accuracy_drop,subset_score_desc,1730,0.050513839721679686,0.0077524760485435055
2500,subset_accuracy_drop,subset_score_desc,1740,0.050750982761383054,0.0074817384862501685
2500,subset_accuracy_drop,subset_score_desc,1750,0.05059288740158081,0.00788038786447107
2500,subset_accuracy_drop,subset_score_desc,1760,0.05011857748031616,0.007857557828396847
2500,subset_accuracy_drop,subset_score_desc,1770,0.050513839721679686,0.008029659834732571
2500,subset_accuracy_drop,subset_score_desc,1780,0.050750982761383054,0.00818954847557051
2500,subset_accuracy_drop,subset_score_desc,1790,0.05098814964294433,0.007905133068602986
2500,subset_accuracy_drop,subset_score_desc,1800,0.050671935081481934,0.007782650420501487
2500,subset_accuracy_drop,subset_score_desc,1810,0.05019763708114624,0.007993570363527673
2500,subset_accuracy_drop,subset_score_desc,1820,0.049407124519348145,0.007628555567325301
2500,subset_accuracy_drop,subset_score_desc,1830,0.04932805299758911,0.008145540528206098
2500,subset_accuracy_drop,subset_score_desc,1840,0.049486172199249265,0.008058769232713663
2500,subset_accuracy_drop,subset_score_desc,1850,0.05011857748031616,0.007475469711174209
2500,subset_accuracy_drop,subset_score_desc,1860,0.05019763708114624,0.007770593186087172
2500,subset_accuracy_drop,subset_score_desc,1870,0.05011857748031616,0.007732280316899411
2500,subset_accuracy_drop,subset_score_desc,1880,0.05019762516021729,0.008323884158575793
2500,subset_accuracy_drop,subset_score_desc,1890,0.04996048212051392,0.008218119213615536
2500,subset_accuracy_drop,subset_score_desc,1900,0.05003951787948609,0.007758506282388451
2500,subset_accuracy_drop,subset_score_desc,1910,0.04972332715988159,0.008044224625811402
2500,subset_accuracy_drop,subset_score_desc,1920,0.04980238676071167,0.007910056885876069
2500,subset_accuracy_drop,subset_score_desc,1930,0.04964427947998047,0.007773593223313714
2500,subset_accuracy_drop,subset_score_desc,1940,0.049486172199249265,0.007752483797832929
2500,subset_accuracy_drop,subset_score_desc,1950,0.04972331523895264,0.007083810480032549
2500,subset_accuracy_drop,subset_score_desc,1960,0.04980236291885376,0.007191060048151681
2500,subset_accuracy_drop,subset_score_desc,1970,0.05011857748031616,0.006972655423812519
2500,subset_accuracy_drop,subset_score_desc,1980,0.04964426755905151,0.006917563542057792
2500,subset_accuracy_drop,subset_score_desc,1990,0.05011857748031616,0.00684263273777467
2500,subset_accuracy_drop,subset_score_desc,2000,0.05003951787948609,0.006641015411529988
2500,subset_accuracy_drop,subset_score_desc,2010,0.04996047019958496,0.007178031150978434
2500,subset_accuracy_drop,subset_score_desc,2020,0.04996047019958496,0.007018447205468596
2500,subset_accuracy_drop,subset_score_desc,2030,0.04940711259841919,0.007597772646719531
2500,subset_accuracy_drop,subset_score_desc,2040,0.049169957637786865,0.007631630271798292
2500,subset_accuracy_drop,subset_score_desc,2050,0.04901186227798462,0.007250564335778951
2500,subset_accuracy_drop,subset_score_desc,2060,0.04948616027832031,0.007615241479142931
2500,subset_accuracy_drop,subset_score_desc,2070,0.04956521987915039,0.00752337695024175
2500,subset_accuracy_drop,subset_score_desc,2080,0.04972331523895264,0.007671460726529655
2500,subset_accuracy_drop,subset_score_desc,2090,0.04956521987915039,0.008093597360283655
2500,subset_accuracy_drop,subset_score_desc,2100,0.0490909218788147,0.00841442193131559
2500,subset_accuracy_drop,subset_score_desc,2110,0.04861658811569214,0.008323877790403384
2500,subset_accuracy_drop,subset_score_desc,2120,0.04845850467681885,0.008368802358793757
2500,subset_accuracy_drop,subset_score_desc,2130,0.04877469539642334,0.008312611865507906
2500,subset_accuracy_drop,subset_score_desc,2140,0.0481423020362854,0.008019909183725228
2500,subset_accuracy_drop,subset_score_desc,2150,0.047984182834625244,0.007738352775459813
2500,subset_accuracy_drop,subset_score_desc,2160,0.04711463451385498,0.008034508071167729
2500,subset_accuracy_drop,subset_score_desc,2170,0.04695652723312378,0.008188583607054212
2500,subset_accuracy_drop,subset_score_desc,2180,0.04727272987365723,0.008498483238549662
2500,subset_accuracy_drop,subset_score_desc,2190,0.04735177755355835,0.00886203808407666
2500,subset_accuracy_drop,subset_score_desc,2200,0.04727272987365723,0.008832019049348465
2500,subset_accuracy_drop,subset_score_desc,2210,0.04750988483428955,0.008914759961523815
2500,subset_accuracy_drop,subset_score_desc,2220,0.04743082523345947,0.008908621095907333
2500,subset_accuracy_drop,subset_score_desc,2230,0.04695652723312378,0.009092619903275392
2500,subset_accuracy_drop,subset_score_desc,2240,0.046640324592590335,0.008744891906317713
2500,subset_accuracy_drop,subset_score_desc,2250,0.0468774676322937,0.008558000418889912
2500,subset_accuracy_drop,subset_score_desc,2260,0.0467193603515625,0.008034515841603591
2500,subset_accuracy_drop,subset_score_desc,2270,0.046482205390930176,0.007753475893255184
2500,subset_accuracy_drop,subset_score_desc,2280,0.046482205390930176,0.008025737160091286
2500,subset_accuracy_drop,subset_score_desc,2290,0.04616600275039673,0.008231390735031754
2500,subset_accuracy_drop,subset_score_desc,2300,0.04608694314956665,0.008321995934532403
2500,subset_accuracy_drop,subset_score_desc,2310,0.045691704750061034,0.00814650471091253
2500,subset_accuracy_drop,subset_score_desc,2320,0.04521739482879639,0.008443154579792993
2500,subset_accuracy_drop,subset_score_desc,2330,0.04529644250869751,0.008179985968081853
2500,subset_accuracy_drop,subset_score_desc,2340,0.04482212066650391,0.008151307294818309
2500,subset_accuracy_drop,subset_score_desc,2350,0.04466401338577271,0.008210504294165422
2500,subset_accuracy_drop,subset_score_desc,2360,0.04426876306533813,0.007845620818206892
2500,subset_accuracy_drop,subset_score_desc,2370,0.044031620025634766,0.007848594728470382
2500,subset_accuracy_drop,subset_score_desc,2380,0.043952560424804686,0.0074493157236497284
2500,subset_accuracy_drop,subset_score_desc,2390,0.04379446506500244,0.007630606434143911
2500,subset_accuracy_drop,subset_score_desc,2400,0.04324109554290771,0.007434597398605968
2500,subset_accuracy_drop,subset_score_desc,2410,0.04316204786300659,0.007274222959688006
2500,subset_accuracy_drop,subset_score_desc,2420,0.042766797542572024,0.0072956640182837386
2500,subset_accuracy_drop,subset_score_desc,2430,0.0423715353012085,0.0073383614103482205
2500,subset_accuracy_drop,subset_score_desc,2440,0.04260870218276978,0.00748069854294635
2500,subset_accuracy_drop,subset_score_desc,2450,0.04221343994140625,0.007343678402466541
2500,subset_accuracy_drop,subset_score_desc,2460,0.04039524793624878,0.0075067565296049665
2500,subset_accuracy_drop,subset_score_desc,2470,0.04015810489654541,0.007371299071856573
2500,subset_accuracy_drop,subset_score_desc,2480,0.03936759233474731,0.007307440375539532
2500,subset_accuracy_drop,subset_score_desc,2490,0.038814222812652587,0.0075792360444978425
2500,subset_accuracy_drop,subset_score_desc,2500,0.037628459930419925,0.008288153499142806
5000,endpoint,endpoint_label_asc,0,0.0,0.0
5000,endpoint,endpoint_label_asc,10,7.905960083007813e-05,0.0003306944188203614
5000,endpoint,endpoint_label_asc,20,7.904767990112305e-05,0.0007603104686574039
5000,endpoint,endpoint_label_asc,30,-0.00015810728073120117,0.0007180321441799387
5000,endpoint,endpoint_label_asc,40,-0.0002371668815612793,0.0009920868165695163
5000,endpoint,endpoint_label_asc,50,-7.904767990112305e-05,0.0008568839258329208
5000,endpoint,endpoint_label_asc,60,-0.00031621456146240233,0.0009013240423353955
5000,endpoint,endpoint_label_asc,70,-0.00015810728073120117,0.0007180321441799387
5000,endpoint,endpoint_label_asc,80,-0.0008695602416992187,0.0012929150643573107
5000,endpoint,endpoint_label_asc,90,-0.0008695602416992187,0.0012929241747629567
5000,endpoint,endpoint_label_asc,100,-0.001106703281402588,0.001351986934084303
5000,endpoint,endpoint_label_asc,110,-0.0008695602416992187,0.001462978085290397
5000,endpoint,endpoint_label_asc,120,-0.0009486079216003418,0.0010307002220980245
5000,endpoint,endpoint_label_asc,130,-0.001185774803161621,0.0012808015654911372
5000,endpoint,endpoint_label_asc,140,-0.00102766752243042,0.0015711262884724288
5000,endpoint,endpoint_label_asc,150,-0.001264810562133789,0.0011658575309254546
5000,endpoint,endpoint_label_asc,160,-0.0008695483207702637,0.001351986934084303
5000,endpoint,endpoint_label_asc,170,-0.0011067152023315429,0.0014629998250024806
5000,endpoint,endpoint_label_asc,180,-0.0014229297637939453,0.0014414888825076337
5000,endpoint,endpoint_label_asc,190,-0.00102766752243042,0.0017587922790914105
5000,endpoint,endpoint_label_asc,200,-0.0015810251235961914,0.001789623280239793
5000,endpoint,endpoint_label_asc,210,-0.0018972277641296387,0.002080293776256709
5000,endpoint,endpoint_label_asc,220,-0.0018181920051574707,0.002246398775756831
5000,endpoint,endpoint_label_asc,230,-0.002134394645690918,0.0023148817899397702
5000,endpoint,endpoint_label_asc,240,-0.002371549606323242,0.002015436439035908
5000,endpoint,endpoint_label_asc,250,-0.0023715376853942873,0.0024841675960462005
5000,endpoint,endpoint_label_asc,260,-0.0023715376853942873,0.002452524261409497
5000,endpoint,endpoint_label_asc,270,-0.00205533504486084,0.002394508780590119
5000,endpoint,endpoint_label_asc,280,-0.0015810251235961914,0.0021101101008484118
5000,endpoint,endpoint_label_asc,290,-0.0015019774436950684,0.001686250123888987
5000,endpoint,endpoint_label_asc,300,-0.0016600608825683594,0.0017983178376163877
5000,endpoint,endpoint_label_asc,310,-0.0018181800842285156,0.0019079230033242957
5000,endpoint,endpoint_label_asc,320,-0.002134394645690918,0.001520606992586089
5000,endpoint,endpoint_label_asc,330,-0.002292490005493164,0.0017092379433722672
5000,endpoint,endpoint_label_asc,340,-0.0027667999267578123,0.0016534863386537626
5000,endpoint,endpoint_label_asc,350,-0.0026086926460266112,0.0014946981094315346
5000,endpoint,endpoint_label_asc,360,-0.0026086926460266112,0.0014946981094315346
5000,endpoint,endpoint_label_asc,370,-0.0026087045669555666,0.001067949254307793
5000,endpoint,endpoint_label_asc,380,-0.0028458595275878905,0.0015154430850920536
5000,endpoint,endpoint_label_asc,390,-0.0026877522468566895,0.0020989794559672006
5000,endpoint,endpoint_label_asc,400,-0.0028458356857299803,0.002458861552635552
5000,endpoint,endpoint_label_asc,410,-0.0027667999267578123,0.0025308908972754237
5000,endpoint,endpoint_label_asc,420,-0.0023715376853942873,0.0020915092214990228
5000,endpoint,endpoint_label_asc,430,-0.0023715376853942873,0.00242045754817003
5000,endpoint,endpoint_label_asc,440,-0.0026877522468566895,0.002552400572721318
5000,endpoint,endpoint_label_asc,450,-0.002292490005493164,0.0021174913509962308
5000,endpoint,endpoint_label_asc,460,-0.002529633045196533,0.0020270276241452
5000,endpoint,endpoint_label_asc,470,-0.002292478084564209,0.00242690672828043
5000,endpoint,endpoint_label_asc,480,-0.0026086926460266112,0.0020270322731888294
5000,endpoint,endpoint_label_asc,490,-0.0025296449661254884,0.0019079297946133624
5000,endpoint,endpoint_label_asc,500,-0.0022134304046630858,0.002211329073595094
5000,endpoint,endpoint_label_asc,510,-0.0022134304046630858,0.0016440231411475167
5000,endpoint,endpoint_label_asc,520,-0.0028458476066589356,0.0012310433794523407
5000,endpoint,endpoint_label_asc,530,-0.0023715376853942873,0.001280792368440072
5000,endpoint,endpoint_label_asc,540,-0.0022134304046630858,0.001328675506415426
5000,endpoint,endpoint_label_asc,550,-0.0026086926460266112,0.0017138022177024196
5000,endpoint,endpoint_label_asc,560,-0.0026086926460266112,0.0022113258773492615
5000,endpoint,endpoint_label_asc,570,-0.0026086807250976563,0.002615883911268628
5000,endpoint,endpoint_label_asc,580,-0.00245058536529541,0.002003779967361137
5000,endpoint,endpoint_label_asc,590,-0.002371549606323242,0.0017228965432993027
5000,endpoint,endpoint_label_asc,600,-0.002134394645690918,0.0021027006992540296
5000,endpoint,endpoint_label_asc,610,-0.0022134304046630858,0.002246396153998574
5000,endpoint,endpoint_label_asc,620,-0.0019762873649597167,0.0024204502481987894
5000,endpoint,endpoint_label_asc,630,-0.0015810370445251466,0.002287720904599854
5000,endpoint,endpoint_label_asc,640,-0.0019762873649597167,0.002452493041532109
5000,endpoint,endpoint_label_asc,650,-0.002134382724761963,0.0026158821101822547
5000,endpoint,endpoint_label_asc,660,-0.0018972277641296387,0.002989355631331618
5000,endpoint,endpoint_label_asc,670,-0.0018972396850585938,0.003203774226615639
5000,endpoint,endpoint_label_asc,680,-0.0018972277641296387,0.0030921258082336482
5000,endpoint,endpoint_label_asc,690,-0.001976299285888672,0.0030996880457347
5000,endpoint,endpoint_label_asc,700,-0.0024506092071533204,0.0037330383190365165
5000,endpoint,endpoint_label_asc,710,-0.0025296449661254884,0.0032785040275125133
5000,endpoint,endpoint_label_asc,720,-0.002450597286224365,0.0036269196057626854
5000,endpoint,endpoint_label_asc,730,-0.002450597286224365,0.0034952884947740104
5000,endpoint,endpoint_label_asc,740,-0.0026877641677856444,0.0033932290891817507
5000,endpoint,endpoint_label_asc,750,-0.0026877522468566895,0.003299881574420019
5000,endpoint,endpoint_label_asc,760,-0.002450597286224365,0.0031172617982999705
5000,endpoint,endpoint_label_asc,770,-0.0018181920051574707,0.0034070238901479926
5000,endpoint,endpoint_label_asc,780,-0.002134382724761963,0.0035419111433210243
5000,endpoint,endpoint_label_asc,790,-0.0016600847244262694,0.00368036657868481
5000,endpoint,endpoint_label_asc,800,-0.0015810370445251466,0.003932761122331572
5000,endpoint,endpoint_label_asc,810,-0.002055346965789795,0.003572641505968741
5000,endpoint,endpoint_label_asc,820,-0.0017391204833984374,0.0039287774150725124
5000,endpoint,endpoint_label_asc,830,-0.0015810251235961914,0.004021134565184658
5000,endpoint,endpoint_label_asc,840,-0.0009486079216003418,0.004388970756453107
5000,endpoint,endpoint_label_asc,850,-0.0009486198425292969,0.004225751311353125
5000,endpoint,endpoint_label_asc,860,-0.0007114529609680176,0.0043514283871565265
5000,endpoint,endpoint_label_asc,870,-0.00031621456146240233,0.004762824586574659
5000,endpoint,endpoint_label_asc,880,-0.00039526224136352537,0.005061762013178623
5000,endpoint,endpoint_label_asc,890,0.0,0.005280789798425565
5000,endpoint,endpoint_label_asc,900,7.904767990112305e-05,0.005305874448411865
5000,endpoint,endpoint_label_asc,910,7.905960083007813e-05,0.005400708566077676
5000,endpoint,endpoint_label_asc,920,0.00031620264053344727,0.005010579734960663
5000,endpoint,endpoint_label_asc,930,-0.00031621456146240233,0.004663349543418082
5000,endpoint,endpoint_label_asc,940,-7.904767990112305e-05,0.004654960650565554
5000,endpoint,endpoint_label_asc,950,-0.00031621456146240233,0.0044927445887898085
5000,endpoint,endpoint_label_asc,960,-0.00047429800033569334,0.0045014187887648565
5000,endpoint,endpoint_label_asc,970,-0.0001580953598022461,0.004188609364988025
5000,endpoint,endpoint_label_asc,980,-0.0006324172019958497,0.004160545932890562
5000,endpoint,endpoint_label_asc,990,-0.0007114648818969726,0.003946653329591481
5000,endpoint,endpoint_label_asc,1000,-0.0009486079216003418,0.0038585711111253558
5000,endpoint,endpoint_label_asc,1010,-0.0006324172019958497,0.0038787779905549444
5000,endpoint,endpoint_label_asc,1020,-0.0003161907196044922,0.0036161163940161027
5000,endpoint,endpoint_label_asc,1030,-7.904767990112305e-05,0.0034275975615858183
5000,endpoint,endpoint_label_asc,1040,-0.0005533576011657714,0.003463866167621515
5000,endpoint,endpoint_label_asc,1050,-0.0005533576011657714,0.003463866167621515
5000,endpoint,endpoint_label_asc,1060,-7.905960083007813e-05,0.0038565402321441367
5000,endpoint,endpoint_label_asc,1070,0.0,0.0037808461449024347
5000,endpoint,endpoint_label_asc,1080,1.1920928955078126e-08,0.0038827938838749305
5000,endpoint,endpoint_label_asc,1090,-7.905960083007813e-05,0.003528648380541047
5000,endpoint,endpoint_label_asc,1100,7.90715217590332e-05,0.004063668290439919
5000,endpoint,endpoint_label_asc,1110,0.00031621456146240233,0.004233131300121898
5000,endpoint,endpoint_label_asc,1120,0.0005533695220947266,0.004188603459159775
5000,endpoint,endpoint_label_asc,1130,0.0007114768028259278,0.004492743802213912
5000,endpoint,endpoint_label_asc,1140,0.0007114648818969726,0.004612848126351615
5000,endpoint,endpoint_label_asc,1150,0.0011067152023315429,0.004908199596814988
5000,endpoint,endpoint_label_asc,1160,0.0014229178428649901,0.0050354743059802766
5000,endpoint,endpoint_label_asc,1170,0.0014229178428649901,0.005218297890083115
5000,endpoint,endpoint_label_asc,1180,0.0013438701629638673,0.004901823089869894
5000,endpoint,endpoint_label_asc,1190,0.00102766752243042,0.004589062256558589
5000,endpoint,endpoint_label_asc,1200,0.0008695721626281738,0.004297236246379234
5000,endpoint,endpoint_label_asc,1210,0.0007905125617980957,0.004480564557334747
5000,endpoint,endpoint_label_asc,1220,0.0008695721626281738,0.004721614571034007
5000,endpoint,endpoint_label_asc,1230,0.0007114529609680176,0.004779184597647902
5000,endpoint,endpoint_label_asc,1240,0.0008695602416992187,0.004811746317807373
5000,endpoint,endpoint_label_asc,1250,0.0006324052810668945,0.0047562460032588676
5000,endpoint,endpoint_label_asc,1260,0.0009486198425292969,0.004188611333793501
5000,endpoint,endpoint_label_asc,1270,0.0007114768028259278,0.0043693322894397596
5000,endpoint,endpoint_label_asc,1280,0.0009486079216003418,0.00492568650957081
5000,endpoint,endpoint_label_asc,1290,0.0015019655227661132,0.004947818913472172
5000,endpoint,endpoint_label_asc,1300,0.0013438701629638673,0.004941495676985893
5000,endpoint,endpoint_label_asc,1310,0.001185774803161621,0.004583966719454153
5000,endpoint,endpoint_label_asc,1320,0.0012648224830627442,0.004457840957698582
5000,endpoint,endpoint_label_asc,1330,0.0014229297637939453,0.004546309822219815
5000,endpoint,endpoint_label_asc,1340,0.002055346965789795,0.004979298325851245
5000,endpoint,endpoint_label_asc,1350,0.002213442325592041,0.00528523696503417
5000,endpoint,endpoint_label_asc,1360,0.0024505734443664553,0.004795493708907872
5000,endpoint,endpoint_label_asc,1370,0.0022134304046630858,0.004485784906492749
5000,endpoint,endpoint_label_asc,1380,0.002292490005493164,0.004297237068699935
5000,endpoint,endpoint_label_asc,1390,0.00245058536529541,0.00426988377939115
5000,endpoint,endpoint_label_asc,1400,0.0023715376853942873,0.004445545954414089
5000,endpoint,endpoint_label_asc,1410,0.002371549606323242,0.004098120153395789
5000,endpoint,endpoint_label_asc,1420,0.00205533504486084,0.004025026864439744
5000,endpoint,endpoint_label_asc,1430,0.002055346965789795,0.003826037588294865
5000,endpoint,endpoint_label_asc,1440,0.002134382724761963,0.0035308678608749673
5000,endpoint,endpoint_label_asc,1450,0.0018972158432006836,0.0033932287419962573
5000,endpoint,endpoint_label_asc,1460,0.0019762873649597167,0.004001672210079212
5000,endpoint,endpoint_label_asc,1470,0.0018181920051574707,0.004244173475269647
5000,endpoint,endpoint_label_asc,1480,0.002134394645690918,0.004197933095907416
5000,endpoint,endpoint_label_asc,1490,0.00245058536529541,0.004535998794648186
5000,endpoint,endpoint_label_asc,1500,0.0026086926460266112,0.004665046368871921
5000,endpoint,endpoint_label_asc,1510,0.0032410979270935058,0.004771002592656447
5000,endpoint,endpoint_label_asc,1520,0.003241109848022461,0.004892269352354194
5000,endpoint,endpoint_label_asc,1530,0.0030830025672912596,0.004827963733804104
5000,endpoint,endpoint_label_asc,1540,0.0029248952865600585,0.004780827498621235
5000,endpoint,endpoint_label_asc,1550,0.003162050247192383,0.004734847138960533
5000,endpoint,endpoint_label_asc,1560,0.0028458476066589356,0.004120938818186661
5000,endpoint,endpoint_label_asc,1570,0.003162050247192383,0.004021155071008122
5000,endpoint,endpoint_label_asc,1580,0.0035573124885559084,0.0038219475734118896
5000,endpoint,endpoint_label_asc,1590,0.003715407848358154,0.003714154410864437
5000,endpoint,endpoint_label_asc,1600,0.003320145606994629,0.003938725539507466
5000,endpoint,endpoint_label_asc,1610,0.004110682010650635,0.0036074697965484304
5000,endpoint,endpoint_label_asc,1620,0.004268765449523926,0.0035726678831662496
5000,endpoint,endpoint_label_asc,1630,0.004505932331085205,0.003384022083968288
5000,endpoint,endpoint_label_asc,1640,0.004426872730255127,0.003472889994526834
5000,endpoint,endpoint_label_asc,1650,0.004031622409820556,0.0032761222109871516
5000,endpoint,endpoint_label_asc,1660,0.0037944793701171877,0.0034070380656803663
5000,endpoint,endpoint_label_asc,1670,0.0035573124885559084,0.0031866875855408264
5000,endpoint,endpoint_label_asc,1680,0.0037944674491882323,0.003452584862474102
5000,endpoint,endpoint_label_asc,1690,0.004110682010650635,0.0036612142261372342
5000,endpoint,endpoint_label_asc,1700,0.004268765449523926,0.003743500035495476
5000,endpoint,endpoint_label_asc,1710,0.00411067008972168,0.0036824930184906264
5000,endpoint,endpoint_label_asc,1720,0.004426884651184082,0.0036269040161014737
5000,endpoint,endpoint_label_asc,1730,0.004268777370452881,0.0037434877633575423
5000,endpoint,endpoint_label_asc,1740,0.004584968090057373,0.004017272508760653
5000,endpoint,endpoint_label_asc,1750,0.0047430872917175295,0.004220200663124734
5000,endpoint,endpoint_label_asc,1760,0.004268765449523926,0.0037225753644874226
5000,endpoint,endpoint_label_asc,1770,0.004426872730255127,0.0038158234708451366
5000,endpoint,endpoint_label_asc,1780,0.0047430872917175295,0.0035682940671857436
5000,endpoint,endpoint_label_asc,1790,0.004584980010986328,0.003486348998490863
5000,endpoint,endpoint_label_asc,1800,0.004584980010986328,0.003585754693417269
5000,endpoint,endpoint_label_asc,1810,0.00450592041015625,0.0036074795925542117
5000,endpoint,endpoint_label_asc,1820,0.004505932331085205,0.00358575567890191
5000,endpoint,endpoint_label_asc,1830,0.004584968090057373,0.0035857573213757088
5000,endpoint,endpoint_label_asc,1840,0.004664027690887451,0.003916859425091639
5000,endpoint,endpoint_label_asc,1850,0.004980230331420898,0.003817863667245933
5000,endpoint,endpoint_label_asc,1860,0.0047430753707885746,0.004050178921368321
5000,endpoint,endpoint_label_asc,1870,0.0047430872917175295,0.003982128046451549
5000,endpoint,endpoint_label_asc,1880,0.005533599853515625,0.003318750413215507
5000,endpoint,endpoint_label_asc,1890,0.005770742893218994,0.003541932760736107
5000,endpoint,endpoint_label_asc,1900,0.0059288620948791506,0.003568280862320999
5000,endpoint,endpoint_label_asc,1910,0.006086957454681396,0.003519800974665786
5000,endpoint,endpoint_label_asc,1920,0.0060079097747802734,0.003092127332207301
5000,endpoint,endpoint_label_asc,1930,0.0060078978538513185,0.003002432540240776
5000,endpoint,endpoint_label_asc,1940,0.0060079097747802734,0.0031793133927317087
5000,endpoint,endpoint_label_asc,1950,0.006245052814483643,0.0040055854798962875
5000,endpoint,endpoint_label_asc,1960,0.006640326976776123,0.003701523179894527
5000,endpoint,endpoint_label_asc,1970,0.006640315055847168,0.0035397192200367486
5000,endpoint,endpoint_label_asc,1980,0.006403160095214844,0.003886795323661991
5000,endpoint,endpoint_label_asc,1990,0.006166005134582519,0.0041417236607015065
5000,endpoint,endpoint_label_asc,2000,0.005849802494049072,0.0038868265394305986
5000,endpoint,endpoint_label_asc,2010,0.005770754814147949,0.00420721712546448
5000,endpoint,endpoint_label_asc,2020,0.005928850173950196,0.004583953870710485
5000,endpoint,endpoint_label_asc,2030,0.006086945533752441,0.004511820331718807
5000,endpoint,endpoint_label_asc,2040,0.006166005134582519,0.00456346959698573
5000,endpoint,endpoint_label_asc,2050,0.0064822077751159664,0.004113342079798919
5000,endpoint,endpoint_label_asc,2060,0.006166005134582519,0.004094288710742049
5000,endpoint,endpoint_label_asc,2070,0.006166005134582519,0.004537722214385237
5000,endpoint,endpoint_label_asc,2080,0.006324112415313721,0.004419103561640021
5000,endpoint,endpoint_label_asc,2090,0.006640315055847168,0.0038565286253345638
5000,endpoint,endpoint_label_asc,2100,0.006403160095214844,0.0037225639727297578
5000,endpoint,endpoint_label_asc,2110,0.005928850173950196,0.00417367465865325
5000,endpoint,endpoint_label_asc,2120,0.0060078978538513185,0.0038968563675348
5000,endpoint,endpoint_label_asc,2130,0.005770754814147949,0.00431718904000092
5000,endpoint,endpoint_label_asc,2140,0.005928850173950196,0.0042844966083376065
5000,endpoint,endpoint_label_asc,2150,0.0060079097747802734,0.004082838879549809
5000,endpoint,endpoint_label_asc,2160,0.0060078978538513185,0.004242358016221672
5000,endpoint,endpoint_label_asc,2170,0.006086969375610351,0.004589067903737149
5000,endpoint,endpoint_label_asc,2180,0.006086957454681396,0.0041886239891057615
5000,endpoint,endpoint_label_asc,2190,0.005770754814147949,0.004132305887655531
5000,endpoint,endpoint_label_asc,2200,0.006166005134582519,0.003888838572933043
5000,endpoint,endpoint_label_asc,2210,0.006165993213653564,0.0038585732482380843
5000,endpoint,endpoint_label_asc,2220,0.00592883825302124,0.00405981855124143
5000,endpoint,endpoint_label_asc,2230,0.005770754814147949,0.0038888152490010996
5000,endpoint,endpoint_label_asc,2240,0.005612647533416748,0.0038463908840352377
5000,endpoint,endpoint_label_asc,2250,0.0060078978538513185,0.0034841150201598507
5000,endpoint,endpoint_label_asc,2260,0.005849802494049072,0.0033234533654164563
5000,endpoint,endpoint_label_asc,2270,0.006482219696044922,0.0028309823132277078
5000,endpoint,endpoint_label_asc,2280,0.006403160095214844,0.003335191268653784
5000,endpoint,endpoint_label_asc,2290,0.006245052814483643,0.0031172689781139573
5000,endpoint,endpoint_label_asc,2300,0.006640315055847168,0.003066751924830855
5000,endpoint,endpoint_label_asc,2310,0.006798434257507324,0.0029098970597755246
5000,endpoint,endpoint_label_asc,2320,0.007114624977111817,0.0029971791466106164
5000,endpoint,endpoint_label_asc,2330,0.006956517696380615,0.002600896353272033
5000,endpoint,endpoint_label_asc,2340,0.00695652961730957,0.0028171610831114677
5000,endpoint,endpoint_label_asc,2350,0.0067984223365783695,0.00262778677157811
5000,endpoint,endpoint_label_asc,2360,0.0064822077751159664,0.0022636955544734993
5000,endpoint,endpoint_label_asc,2370,0.006640303134918213,0.00242691255300083
5000,endpoint,endpoint_label_asc,2380,0.006561267375946045,0.0025092146795992836
5000,endpoint,endpoint_label_asc,2390,0.0064822077751159664,0.0022113232140083634
5000,endpoint,endpoint_label_asc,2400,0.006956517696380615,0.0022113519793662303
5000,endpoint,endpoint_label_asc,2410,0.007272732257843017,0.002084025210431336
5000,endpoint,endpoint_label_asc,2420,0.007905137538909913,0.002110115683445639
5000,endpoint,endpoint_label_asc,2430,0.0076679825782775875,0.0019079359687877756
5000,endpoint,endpoint_label_asc,2440,0.008142292499542236,0.002007664176784953
5000,endpoint,endpoint_label_asc,2450,0.008142292499542236,0.0018242006645815788
5000,endpoint,endpoint_label_asc,2460,0.008300399780273438,0.0023216217279419357
5000,endpoint,endpoint_label_asc,2470,0.008537554740905761,0.0023814184764446335
5000,endpoint,endpoint_label_asc,2480,0.008221352100372314,0.001964417791081304
5000,endpoint,endpoint_label_asc,2490,0.007826089859008789,0.002207794132641739
5000,endpoint,endpoint_label_asc,2500,0.007430827617645264,0.0024269096406789744
5000,endpoint,endpoint_label_asc,2510,0.007430839538574219,0.0023283355786979315
5000,endpoint,endpoint_label_asc,2520,0.008063232898712159,0.002314874665798611
5000,endpoint,endpoint_label_asc,2530,0.008300387859344482,0.00268077346499455
5000,endpoint,endpoint_label_asc,2540,0.008063256740570068,0.002965745769610293
5000,endpoint,endpoint_label_asc,2550,0.008063244819641113,0.002645588738850454
5000,endpoint,endpoint_label_asc,2560,0.00798419713973999,0.0028420196673693467
5000,endpoint,endpoint_label_asc,2570,0.008300411701202392,0.0030101790235336416
5000,endpoint,endpoint_label_asc,2580,0.00798419713973999,0.0029499072727008926
5000,endpoint,endpoint_label_asc,2590,0.00822134017944336,0.002949908869906218
5000,endpoint,endpoint_label_asc,2600,0.00837944746017456,0.0028282361322602974
5000,endpoint,endpoint_label_asc,2610,0.008537542819976807,0.0032425571219507755
5000,endpoint,endpoint_label_asc,2620,0.008853757381439209,0.0031197682986733076
5000,endpoint,endpoint_label_asc,2630,0.008932805061340332,0.00340702700179932
5000,endpoint,endpoint_label_asc,2640,0.009090924263000488,0.0035131267402143634
5000,endpoint,endpoint_label_asc,2650,0.009644269943237305,0.003735148964414469
5000,endpoint,endpoint_label_asc,2660,0.009565210342407227,0.0033701306853010453
5000,endpoint,endpoint_label_asc,2670,0.009802377223968506,0.0038463973153952864
5000,endpoint,endpoint_label_asc,2680,0.009644258022308349,0.003948637264864448
5000,endpoint,endpoint_label_asc,2690,0.009881424903869628,0.003952592611515103
5000,endpoint,endpoint_label_asc,2700,0.00964428186416626,0.004179284281578468
5000,endpoint,endpoint_label_asc,2710,0.009486162662506103,0.004338858457910701
5000,endpoint,endpoint_label_asc,2720,0.009644269943237305,0.004537736751667578
5000,endpoint,endpoint_label_asc,2730,0.009565222263336181,0.0043424429222855155
5000,endpoint,endpoint_label_asc,2740,0.009328055381774902,0.0037351467568731652
5000,endpoint,endpoint_label_asc,2750,0.00924900770187378,0.003714175343157429
5000,endpoint,endpoint_label_asc,2760,0.009407114982604981,0.003416171661836562
5000,endpoint,endpoint_label_asc,2770,0.009328067302703857,0.0031447230515044035
5000,endpoint,endpoint_label_asc,2780,0.009644269943237305,0.0026158821101822547
5000,endpoint,endpoint_label_asc,2790,0.009802377223968506,0.0030667396334150944
5000,endpoint,endpoint_label_asc,2800,0.009723329544067382,0.003181768049533822
5000,endpoint,endpoint_label_asc,2810,0.009960484504699708,0.0034728737133786726
5000,endpoint,endpoint_label_asc,2820,0.009802377223968506,0.0028143884408537946
5000,endpoint,endpoint_label_asc,2830,0.0104347825050354,0.002364944990273954
5000,endpoint,endpoint_label_asc,2840,0.010513830184936523,0.0024935596201087467
5000,endpoint,endpoint_label_asc,2850,0.010355734825134277,0.0026720047381725348
5000,endpoint,endpoint_label_asc,2860,0.010355734825134277,0.0030024137080687592
5000,endpoint,endpoint_label_asc,2870,0.010197639465332031,0.0030023987990440894
5000,endpoint,endpoint_label_asc,2880,0.010592877864837646,0.0030023987990440894
5000,endpoint,endpoint_label_asc,2890,0.010513830184936523,0.00299197322319337
5000,endpoint,endpoint_label_asc,2900,0.010118579864501953,0.002660280244986656
5000,endpoint,endpoint_label_asc,2910,0.010197639465332031,0.003154618836642587
5000,endpoint,endpoint_label_asc,2920,0.010513842105865479,0.0028171539748025726
5000,endpoint,endpoint_label_asc,2930,0.010197639465332031,0.003450301710645617
5000,endpoint,endpoint_label_asc,2940,0.010039544105529786,0.0028856449087826088
5000,endpoint,endpoint_label_asc,2950,0.010118579864501953,0.0032425367781522773
5000,endpoint,endpoint_label_asc,2960,0.010513830184936523,0.003418460724045991
5000,endpoint,endpoint_label_asc,2970,0.010750985145568848,0.0028419906538019995
5000,endpoint,endpoint_label_asc,2980,0.010513842105865479,0.0021576767632674474
5000,endpoint,endpoint_label_asc,2990,0.01083003282546997,0.0019484231962855704
5000,endpoint,endpoint_label_asc,3000,0.01083003282546997,0.0016439980632349965
5000,endpoint,endpoint_label_asc,3010,0.010513842105865479,0.0016440037951160403
5000,endpoint,endpoint_label_asc,3020,0.010830044746398926,0.0017138015301915064
5000,endpoint,endpoint_label_asc,3030,0.0104347825050354,0.0017364558513284008
5000,endpoint,endpoint_label_asc,3040,0.0102766752243042,0.002015415982641205
5000,endpoint,endpoint_label_asc,3050,0.0104347825050354,0.0024620494391992378
5000,endpoint,endpoint_label_asc,3060,0.0104347825050354,0.0025706943909537456
5000,endpoint,endpoint_label_asc,3070,0.01090909242630005,0.0029393023301100205
5000,endpoint,endpoint_label_asc,3080,0.011067187786102295,0.003330491804913655
5000,endpoint,endpoint_label_asc,3090,0.011304354667663575,0.00362905951017663
5000,endpoint,endpoint_label_asc,3100,0.01122530698776245,0.0037141569481169063
5000,endpoint,endpoint_label_asc,3110,0.011225295066833497,0.003618279616707397
5000,endpoint,endpoint_label_asc,3120,0.01090909242630005,0.004094316906000116
5000,endpoint,endpoint_label_asc,3130,0.01090909242630005,0.004132273105378088
5000,endpoint,endpoint_label_asc,3140,0.010750997066497802,0.004158652895070587
5000,endpoint,endpoint_label_asc,3150,0.011146247386932373,0.004279020236658098
5000,endpoint,endpoint_label_asc,3160,0.011383402347564697,0.0047873511425174245
5000,endpoint,endpoint_label_asc,3170,0.011699604988098144,0.00446832206288959
5000,endpoint,endpoint_label_asc,3180,0.011620557308197022,0.004656674445813321
5000,endpoint,endpoint_label_asc,3190,0.011383402347564697,0.004518722970575827
5000,endpoint,endpoint_label_asc,3200,0.01146245002746582,0.00461790261198527
5000,endpoint,endpoint_label_asc,3210,0.012015807628631591,0.004845747253321264
5000,endpoint,endpoint_label_asc,3220,0.011936759948730469,0.0051942868665227305
5000,endpoint,endpoint_label_asc,3230,0.012173914909362793,0.004819855981142916
5000,endpoint,endpoint_label_asc,3240,0.012094855308532715,0.0049018324619853485
5000,endpoint,endpoint_label_asc,3250,0.012332010269165038,0.0046381744264124055
5000,endpoint,endpoint_label_asc,3260,0.012332022190093994,0.004233136587396339
5000,endpoint,endpoint_label_asc,3270,0.012173926830291748,0.00372256998508246
5000,endpoint,endpoint_label_asc,3280,0.011304342746734619,0.0037141594853198154
5000,endpoint,endpoint_label_asc,3290,0.0116996169090271,0.003714147116475132
5000,endpoint,endpoint_label_asc,3300,0.011936759948730469,0.00329986087006544
5000,endpoint,endpoint_label_asc,3310,0.011383402347564697,0.0034503116113845443
5000,endpoint,endpoint_label_asc,3320,0.012094855308532715,0.003650513474223764
5000,endpoint,endpoint_label_asc,3330,0.011620557308197022,0.004371124655834696
5000,endpoint,endpoint_label_asc,3340,0.01209486722946167,0.004046313146003974
5000,endpoint,endpoint_label_asc,3350,0.011778664588928223,0.004205357701497092
5000,endpoint,endpoint_label_asc,3360,0.011936771869659423,0.003986022972303491
5000,endpoint,endpoint_label_asc,3370,0.01209486722946167,0.0037141636084023696
5000,endpoint,endpoint_label_asc,3380,0.012173926830291748,0.0036161225833540667
5000,endpoint,endpoint_label_asc,3390,0.012015819549560547,0.003607459347479105
5000,endpoint,endpoint_label_asc,3400,0.01209486722946167,0.003858579353840448
5000,endpoint,endpoint_label_asc,3410,0.01225295066833496,0.004021153606376177
5000,endpoint,endpoint_label_asc,3420,0.011541509628295898,0.003995807648546717
5000,endpoint,endpoint_label_asc,3430,0.011383414268493652,0.004260731877521599
5000,endpoint,endpoint_label_asc,3440,0.011936759948730469,0.003976225475601252
5000,endpoint,endpoint_label_asc,3450,0.011857700347900391,0.0038626162473803793
5000,endpoint,endpoint_label_asc,3460,0.012332022190093994,0.003815822853420802
5000,endpoint,endpoint_label_asc,3470,0.012411081790924072,0.0037351177424551057
5000,endpoint,endpoint_label_asc,3480,0.012173914909362793,0.003572661948394586
5000,endpoint,endpoint_label_asc,3490,0.011857712268829345,0.0036867093087834158
5000,endpoint,endpoint_label_asc,3500,0.012094855308532715,0.003997772199674741
5000,endpoint,endpoint_label_asc,3510,0.012252962589263916,0.0036547888968803993
5000,endpoint,endpoint_label_asc,3520,0.012648224830627441,0.0037705386627010233
5000,endpoint,endpoint_label_asc,3530,0.013043475151062012,0.003842352578898455
5000,endpoint,endpoint_label_asc,3540,0.012964427471160889,0.0038362481540714644
5000,endpoint,endpoint_label_asc,3550,0.013675892353057861,0.003938738100499787
5000,endpoint,endpoint_label_asc,3560,0.013201582431793212,0.004188616676926047
5000,endpoint,endpoint_label_asc,3570,0.013201570510864258,0.004353219195538198
5000,endpoint,endpoint_label_asc,3580,0.013596844673156739,0.004113341220585203
5000,endpoint,endpoint_label_asc,3590,0.013675880432128907,0.0037351306727614643
5000,endpoint,endpoint_label_asc,3600,0.013596820831298827,0.0033258019934646536
5000,endpoint,endpoint_label_asc,3610,0.013992094993591308,0.00348632838772198
5000,endpoint,endpoint_label_asc,3620,0.014071154594421386,0.003169460517240153
5000,endpoint,endpoint_label_asc,3630,0.014387357234954833,0.003004985429480967
5000,endpoint,endpoint_label_asc,3640,0.014624512195587159,0.002957820794322154
5000,endpoint,endpoint_label_asc,3650,0.014466404914855957,0.0029392794865122415
5000,endpoint,endpoint_label_asc,3660,0.015019774436950684,0.0025462539961468985
5000,endpoint,endpoint_label_asc,3670,0.015019762516021728,0.0026366918338452455
5000,endpoint,endpoint_label_asc,3680,0.01517786979675293,0.002803249018580738
5000,endpoint,endpoint_label_asc,3690,0.015019774436950684,0.003010194676514809
5000,endpoint,endpoint_label_asc,3700,0.014703547954559327,0.0029498932965152298
5000,endpoint,endpoint_label_asc,3710,0.015177857875823975,0.002761141333371014
5000,endpoint,endpoint_label_asc,3720,0.014861655235290528,0.00250918839000138
5000,endpoint,endpoint_label_asc,3730,0.015098822116851807,0.0025828041472106943
5000,endpoint,endpoint_label_asc,3740,0.01494070291519165,0.0030023897754252655
5000,endpoint,endpoint_label_asc,3750,0.014940714836120606,0.0028557016140989813
5000,endpoint,endpoint_label_asc,3760,0.01494072675704956,0.0030921040937679648
5000,endpoint,endpoint_label_asc,3770,0.015256917476654053,0.0030049830774066684
5000,endpoint,endpoint_label_asc,3780,0.014861667156219482,0.0029919657428261774
5000,endpoint,endpoint_label_asc,3790,0.014782607555389404,0.0028447339087383857
5000,endpoint,endpoint_label_asc,3800,0.01494070291519165,0.0021174629797339035
5000,endpoint,endpoint_label_asc,3810,0.014782607555389404,0.002193569481084446
5000,endpoint,endpoint_label_asc,3820,0.014308297634124756,0.0023616255304124765
5000,endpoint,endpoint_label_asc,3830,0.014308285713195801,0.0026128634324146297
5000,endpoint,endpoint_label_asc,3840,0.014466404914855957,0.002952534304124398
5000,endpoint,endpoint_label_asc,3850,0.014703571796417236,0.002657338600468475
5000,endpoint,endpoint_label_asc,3860,0.014861667156219482,0.0026307507135658157
5000,endpoint,endpoint_label_asc,3870,0.01517786979675293,0.0029657441807542633
5000,endpoint,endpoint_label_asc,3880,0.015256917476654053,0.0029125933430137574
5000,endpoint,endpoint_label_asc,3890,0.015098822116851807,0.0029232903451176704
5000,endpoint,endpoint_label_asc,3900,0.01470355987548828,0.0033234476944057007
5000,endpoint,endpoint_label_asc,3910,0.014466404914855957,0.003682456552010732
5000,endpoint,endpoint_label_asc,3920,0.014466404914855957,0.0034638246789664073
5000,endpoint,endpoint_label_asc,3930,0.014861655235290528,0.003776712492341071
5000,endpoint,endpoint_label_asc,3940,0.01494070291519165,0.0035616776314486656
5000,endpoint,endpoint_label_asc,3950,0.014782607555389404,0.0034069972677147043
5000,endpoint,endpoint_label_asc,3960,0.01454545259475708,0.0030667388650044824
5000,endpoint,endpoint_label_asc,3970,0.014466392993927001,0.002965719157911475
5000,endpoint,endpoint_label_asc,3980,0.014308297634124756,0.003393222840465633
5000,endpoint,endpoint_label_asc,3990,0.014861655235290528,0.0028584465460916738
5000,endpoint,endpoint_label_asc,4000,0.014940714836120606,0.0023781121043720487
5000,endpoint,endpoint_label_asc,4010,0.015098834037780761,0.002294520604170746
5000,endpoint,endpoint_label_asc,4020,0.015652191638946534,0.002446122878132263
5000,endpoint,endpoint_label_asc,4030,0.015731239318847658,0.0025524014957667347
5000,endpoint,endpoint_label_asc,4040,0.016284584999084473,0.002410735793079718
5000,endpoint,endpoint_label_asc,4050,0.016047441959381105,0.0024620303011040692
5000,endpoint,endpoint_label_asc,4060,0.016126489639282225,0.002490409704183883
5000,endpoint,endpoint_label_asc,4070,0.016284584999084473,0.0025827886407245207
5000,endpoint,endpoint_label_asc,4080,0.016284584999084473,0.002490410650134258
5000,endpoint,endpoint_label_asc,4090,0.01604743003845215,0.0028720764880283568
5000,endpoint,endpoint_label_asc,4100,0.016047418117523193,0.0029392915094487637
5000,endpoint,endpoint_label_asc,4110,0.016284584999084473,0.0027298340055159683
5000,endpoint,endpoint_label_asc,4120,0.016205525398254393,0.0026807427062667966
5000,endpoint,endpoint_label_asc,4130,0.016521751880645752,0.0022428954731759684
5000,endpoint,endpoint_label_asc,4140,0.016837942600250243,0.0028720727965554265
5000,endpoint,endpoint_label_asc,4150,0.017154157161712646,0.002630744444875594
5000,endpoint,endpoint_label_asc,4160,0.016996049880981447,0.0024998107901301764
5000,endpoint,endpoint_label_asc,4170,0.016917002201080323,0.002328331531351273
5000,endpoint,endpoint_label_asc,4180,0.016996049880981447,0.002452524261481927
5000,endpoint,endpoint_label_asc,4190,0.016917002201080323,0.002490430042822359
5000,endpoint,endpoint_label_asc,4200,0.016916990280151367,0.0022602404296479463
5000,endpoint,endpoint_label_asc,4210,0.01723320484161377,0.0015711210405482253
5000,endpoint,endpoint_label_asc,4220,0.017154169082641602,0.002211326942845382
5000,endpoint,endpoint_label_asc,4230,0.017312264442443846,0.002225411628607231
5000,endpoint,endpoint_label_asc,4240,0.01715414524078369,0.0020840359498169344
5000,endpoint,endpoint_label_asc,4250,0.016996049880981447,0.0020154422836945645
5000,endpoint,endpoint_label_asc,4260,0.017075109481811523,0.0018412369128955612
5000,endpoint,endpoint_label_asc,4270,0.017075109481811523,0.001944404898307701
5000,endpoint,endpoint_label_asc,4280,0.017312252521514894,0.002442943139938484
5000,endpoint,endpoint_label_asc,4290,0.017233216762542726,0.002446123841136355
5000,endpoint,endpoint_label_asc,4300,0.017312252521514894,0.002394499433756971
5000,endpoint,endpoint_label_asc,4310,0.017470359802246094,0.002701105103516146
5000,endpoint,endpoint_label_asc,4320,0.01802370548248291,0.00340702527316242
5000,endpoint,endpoint_label_asc,4330,0.018181812763214112,0.0034344167459623757
5000,endpoint,endpoint_label_asc,4340,0.018893277645111083,0.003438980703959299
5000,endpoint,endpoint_label_asc,4350,0.019525694847106933,0.003908869701937313
5000,endpoint,endpoint_label_asc,4360,0.020158112049102783,0.0038525030870953164
5000,endpoint,endpoint_label_asc,4370,0.020079052448272704,0.004082845515280002
5000,endpoint,endpoint_label_asc,4380,0.020553362369537354,0.004069439688876045
5000,endpoint,endpoint_label_asc,4390,0.021185779571533205,0.0041322950551599645
5000,endpoint,endpoint_label_asc,4400,0.021818172931671143,0.004492755863134637
5000,endpoint,endpoint_label_asc,4410,0.022292494773864746,0.00441558693128225
5000,endpoint,endpoint_label_asc,4420,0.023162055015563964,0.004957297437383869
5000,endpoint,endpoint_label_asc,4430,0.023320162296295167,0.004701742866563227
5000,endpoint,endpoint_label_asc,4440,0.023952567577362062,0.004739784201668215
5000,endpoint,endpoint_label_asc,4450,0.024664032459259033,0.005165631326139248
5000,endpoint,endpoint_label_asc,4460,0.02553359270095825,0.004606078361232411
5000,endpoint,endpoint_label_asc,4470,0.02624504566192627,0.004371122769357299
5000,endpoint,endpoint_label_asc,4480,0.02703557014465332,0.004861842048708361
5000,endpoint,endpoint_label_asc,4490,0.027430832386016846,0.004797127586657432
5000,endpoint,endpoint_label_asc,4500,0.02822134494781494,0.004980862450501229
5000,endpoint,endpoint_label_asc,4510,0.029169964790344238,0.005246677690381761
5000,endpoint,endpoint_label_asc,4520,0.029802370071411132,0.004788982632679008
5000,endpoint,endpoint_label_asc,4530,0.030118584632873535,0.004484042050281901
5000,endpoint,endpoint_label_asc,4540,0.030592894554138182,0.004511839651823445
5000,endpoint,endpoint_label_asc,4550,0.031304347515106204,0.0055995746759810935
5000,endpoint,endpoint_label_asc,4560,0.0320948600769043,0.005407962111710157
5000,endpoint,endpoint_label_asc,4570,0.03280632495880127,0.005617676182397909
5000,endpoint,endpoint_label_asc,4580,0.03335968255996704,0.005866597181948224
5000,endpoint,endpoint_label_asc,4590,0.033913052082061766,0.005087926403659234
5000,endpoint,endpoint_label_asc,4600,0.03462452888488769,0.005112431222634961
5000,endpoint,endpoint_label_asc,4610,0.03478262424468994,0.005015251477529483
5000,endpoint,endpoint_label_asc,4620,0.03541500568389892,0.005203312134702183
5000,endpoint,endpoint_label_asc,4630,0.036442685127258304,0.0043960681716756315
5000,endpoint,endpoint_label_asc,4640,0.03683794736862182,0.004233140483126151
5000,endpoint,endpoint_label_asc,4650,0.03747035264968872,0.004663365962316456
5000,endpoint,endpoint_label_asc,4660,0.0375494122505188,0.004816622900828691
5000,endpoint,endpoint_label_asc,4670,0.03810276985168457,0.004909775335378941
5000,endpoint,endpoint_label_asc,4680,0.0384980320930481,0.0052033087388983585
5000,endpoint,endpoint_label_asc,4690,0.03944664001464844,0.006029448470630899
5000,endpoint,endpoint_label_asc,4700,0.0406324028968811,0.006245813975690001
5000,endpoint,endpoint_label_asc,4710,0.04071146249771118,0.005862627199317211
5000,endpoint,endpoint_label_asc,4720,0.04118578433990479,0.006042388202053322
5000,endpoint,endpoint_label_asc,4730,0.04110671281814575,0.006342620572480464
5000,endpoint,endpoint_label_asc,4740,0.04102766513824463,0.006332759573065872
5000,endpoint,endpoint_label_asc,4750,0.04181817770004272,0.006989469529406561
5000,endpoint,endpoint_label_asc,4760,0.04229247570037842,0.007223584516354411
5000,endpoint,endpoint_label_asc,4770,0.042924904823303224,0.006979390348822721
5000,endpoint,endpoint_label_asc,4780,0.04339921474456787,0.007236567860618046
5000,endpoint,endpoint_label_asc,4790,0.044031620025634766,0.0069062647769448544
5000,endpoint,endpoint_label_asc,4800,0.04466403722763061,0.00694236624332424
5000,endpoint,endpoint_label_asc,4810,0.04513833522796631,0.006916434002203978
5000,endpoint,endpoint_label_asc,4820,0.045375490188598634,0.00725811382673433
5000,endpoint,endpoint_label_asc,4830,0.0457707405090332,0.007537917709604421
5000,endpoint,endpoint_label_asc,4840,0.04632411003112793,0.007589547592769827
5000,endpoint,endpoint_label_asc,4850,0.046640324592590335,0.0071693104318111805
5000,endpoint,endpoint_label_asc,4860,0.04743083715438843,0.007566859828151415
5000,endpoint,endpoint_label_asc,4870,0.048063230514526364,0.007476520622713033
5000,endpoint,endpoint_label_asc,4880,0.04885375499725342,0.00785358174085265
5000,endpoint,endpoint_label_asc,4890,0.04861660003662109,0.00782068430299059
5000,endpoint,endpoint_label_asc,4900,0.04940711259841919,0.007715119855387499
5000,endpoint,endpoint_label_asc,4910,0.04932805299758911,0.008015046678828961
5000,endpoint,endpoint_label_asc,4920,0.05019763708114624,0.007905133813649072
5000,endpoint,endpoint_label_asc,4930,0.05019762516021729,0.007835668814149285
5000,endpoint,endpoint_label_asc,4940,0.05043478012084961,0.007657187411094834
5000,endpoint,endpoint_label_asc,4950,0.05098814964294433,0.007399863305804105
5000,endpoint,endpoint_label_asc,4960,0.05090909004211426,0.007322405286692944
5000,endpoint,endpoint_label_asc,4970,0.050592899322509766,0.007525469472666937
5000,endpoint,endpoint_label_asc,4980,0.05059288740158081,0.007628563288066205
5000,endpoint,endpoint_label_asc,4990,0.05114625692367554,0.007657187411094834
5000,endpoint,endpoint_label_asc,5000,0.05130435228347778,0.007252726961144916
5000,endpoint,endpoint_label_desc,0,0.0,0.0
5000,endpoint,endpoint_label_desc,10,0.003162062168121338,0.0016055393368463356
5000,endpoint,endpoint_label_desc,20,0.005375480651855469,0.0022463510570634574
5000,endpoint,endpoint_label_desc,30,0.008300399780273438,0.00205383080884179
5000,endpoint,endpoint_label_desc,40,0.010592877864837646,0.0023114868698822
5000,endpoint,endpoint_label_desc,50,0.013675892353057861,0.002364949971319189
5000,endpoint,endpoint_label_desc,60,0.015256917476654053,0.0021211606822616118
5000,endpoint,endpoint_label_desc,70,0.017312252521514894,0.002117496357946203
5000,endpoint,endpoint_label_desc,80,0.01984189748764038,0.002394481723457819
5000,endpoint,endpoint_label_desc,90,0.0218181848526001,0.0025978824805981786
5000,endpoint,endpoint_label_desc,100,0.02426878213882446,0.002952557842997065
5000,endpoint,endpoint_label_desc,110,0.026403164863586424,0.003795291665573368
5000,endpoint,endpoint_label_desc,120,0.027905142307281493,0.0039683624037106955
5000,endpoint,endpoint_label_desc,130,0.029644274711608888,0.004059809846694563
5000,endpoint,endpoint_label_desc,140,0.031304359436035156,0.004492754814303479
5000,endpoint,endpoint_label_desc,150,0.03296443223953247,0.004036661400209227
5000,endpoint,endpoint_label_desc,160,0.03478260040283203,0.004030849498938875
5000,endpoint,endpoint_label_desc,170,0.03667985200881958,0.003936729727035299
5000,endpoint,endpoint_label_desc,180,0.03873518705368042,0.0031988787587988133
5000,endpoint,endpoint_label_desc,190,0.04023716449737549,0.0032998558723670427
5000,endpoint,endpoint_label_desc,200,0.041264820098876956,0.003144736910932323
5000,endpoint,endpoint_label_desc,210,0.0418972373008728,0.003780855491698873
5000,endpoint,endpoint_label_desc,220,0.04300394058227539,0.004120934244676265
5000,endpoint,endpoint_label_desc,230,0.04418971538543701,0.002701092892283202
5000,endpoint,endpoint_label_desc,240,0.045612645149230954,0.002615876706304533
5000,endpoint,endpoint_label_desc,250,0.046798419952392575,0.0026603099117966274
5000,endpoint,endpoint_label_desc,260,0.04853755235671997,0.002672003415347144
5000,endpoint,endpoint_label_desc,270,0.05011857748031616,0.0029631260784203526
5000,endpoint,endpoint_label_desc,280,0.05090909004211426,0.002537039407455406
5000,endpoint,endpoint_label_desc,290,0.05241106748580933,0.002477850815088996
5000,endpoint,endpoint_label_desc,300,0.0540711522102356,0.0031669974370500766
5000,endpoint,endpoint_label_desc,310,0.055335962772369386,0.002515417578870236
5000,endpoint,endpoint_label_desc,320,0.05628458261489868,0.002978892315591264
5000,endpoint,endpoint_label_desc,330,0.0574703574180603,0.003017966122499444
5000,endpoint,endpoint_label_desc,340,0.05865613222122192,0.0033140500286584574
5000,endpoint,endpoint_label_desc,350,0.05968378782272339,0.0038219583606597758
5000,endpoint,endpoint_label_desc,360,0.060711455345153806,0.003918843414083092
5000,endpoint,endpoint_label_desc,370,0.061976277828216554,0.004466587161376381
5000,endpoint,endpoint_label_desc,380,0.06395258903503417,0.006170335411074708
5000,endpoint,endpoint_label_desc,390,0.06482212543487549,0.005862628203963364
5000,endpoint,endpoint_label_desc,400,0.06553360223770141,0.0059512351144670956
5000,endpoint,endpoint_label_desc,410,0.06592885255813599,0.0061449522344185605
5000,endpoint,endpoint_label_desc,420,0.0669565200805664,0.0069288588430976815
5000,endpoint,endpoint_label_desc,430,0.06869564056396485,0.0055925953534918214
5000,endpoint,endpoint_label_desc,440,0.07003954648971558,0.005194301607158039
5000,endpoint,endpoint_label_desc,450,0.07059288024902344,0.005509549341461863
5000,endpoint,endpoint_label_desc,460,0.07138340473175049,0.00501991136329313
5000,endpoint,endpoint_label_desc,470,0.07201581001281739,0.005110906902238798
5000,endpoint,endpoint_label_desc,480,0.07328063249588013,0.00525558071516564
5000,endpoint,endpoint_label_desc,490,0.07446640729904175,0.005248145742850294
5000,endpoint,endpoint_label_desc,500,0.0750988245010376,0.00558978162839426
5000,endpoint,endpoint_label_desc,510,0.07604743242263794,0.005745526516174463
5000,endpoint,endpoint_label_desc,520,0.07683793306350709,0.005558955340542759
5000,endpoint,endpoint_label_desc,530,0.07747035026550293,0.004759550538623693
5000,endpoint,endpoint_label_desc,540,0.0784980058670044,0.004580558659059149
5000,endpoint,endpoint_label_desc,550,0.07857706546783447,0.004101945432863252
5000,endpoint,endpoint_label_desc,560,0.0796047329902649,0.0034184724400094274
5000,endpoint,endpoint_label_desc,570,0.0802371621131897,0.003365503461067673
5000,endpoint,endpoint_label_desc,580,0.08063241243362426,0.0035573409663586827
5000,endpoint,endpoint_label_desc,590,0.0815810203552246,0.003384032874723535
5000,endpoint,endpoint_label_desc,600,0.08197628259658814,0.0034638661676215142
5000,endpoint,endpoint_label_desc,610,0.08189722299575805,0.004149264746101361
5000,endpoint,endpoint_label_desc,620,0.08237155675888061,0.004055971837830022
5000,endpoint,endpoint_label_desc,630,0.08260868787765503,0.004257058136785352
5000,endpoint,endpoint_label_desc,640,0.08213438987731933,0.004561770623458773
5000,endpoint,endpoint_label_desc,650,0.08213438987731933,0.005571579136564012
5000,endpoint,endpoint_label_desc,660,0.08252965211868286,0.005571589073331534
5000,endpoint,endpoint_label_desc,670,0.0831620454788208,0.005765882186841313
5000,endpoint,endpoint_label_desc,680,0.08316205739974976,0.00570457992870853
5000,endpoint,endpoint_label_desc,690,0.08308300971984864,0.00663396129575538
5000,endpoint,endpoint_label_desc,700,0.0834782600402832,0.007122318231408932
5000,endpoint,endpoint_label_desc,710,0.08292490243911743,0.006938998012036617
5000,endpoint,endpoint_label_desc,720,0.08292489051818848,0.00721493404187773
5000,endpoint,endpoint_label_desc,730,0.08237154483795166,0.00787842429787765
5000,endpoint,endpoint_label_desc,740,0.08300395011901855,0.007800692646073523
5000,endpoint,endpoint_label_desc,750,0.08284585475921631,0.007513010174499767
5000,endpoint,endpoint_label_desc,760,0.08276680707931519,0.007738357189933326
5000,endpoint,endpoint_label_desc,770,0.08260869979858398,0.007592626147560617
5000,endpoint,endpoint_label_desc,780,0.08245058059692383,0.007708017831531431
5000,endpoint,endpoint_label_desc,790,0.08213438987731933,0.007757514071070474
5000,endpoint,endpoint_label_desc,800,0.08213438987731933,0.00750156658888043
5000,endpoint,endpoint_label_desc,810,0.08189723491668702,0.007956369191187149
5000,endpoint,endpoint_label_desc,820,0.08134386539459229,0.008335137956865657
5000,endpoint,endpoint_label_desc,830,0.08086956739425659,0.00806459571024799
5000,endpoint,endpoint_label_desc,840,0.08055335283279419,0.008529671354441059
5000,endpoint,endpoint_label_desc,850,0.08110672235488892,0.008391176625677751
5000,endpoint,endpoint_label_desc,860,0.08031620979309081,0.008255099260949068
5000,endpoint,endpoint_label_desc,870,0.0803952693939209,0.008222869227124832
5000,endpoint,endpoint_label_desc,880,0.08071147203445435,0.008706426214169324
5000,endpoint,endpoint_label_desc,890,0.08079051971435547,0.008725245570098045
5000,endpoint,endpoint_label_desc,900,0.08079051971435547,0.00903316652872722
5000,endpoint,endpoint_label_desc,910,0.0803952693939209,0.009480402752292796
5000,endpoint,endpoint_label_desc,920,0.07999999523162842,0.009903538072693912
5000,endpoint,endpoint_label_desc,930,0.07928853034973145,0.009856107582717304
5000,endpoint,endpoint_label_desc,940,0.07905137538909912,0.009853711117460747
5000,endpoint,endpoint_label_desc,950,0.07952569723129273,0.00964702535339369
5000,endpoint,endpoint_label_desc,960,0.07873518466949463,0.010074782426877526
5000,endpoint,endpoint_label_desc,970,0.07810276746749878,0.00996252395440509
5000,endpoint,endpoint_label_desc,980,0.07786561250686645,0.009572249151058877
5000,endpoint,endpoint_label_desc,990,0.07747035026550293,0.009086617145204243
5000,endpoint,endpoint_label_desc,1000,0.07667983770370483,0.008587181992977104
5000,endpoint,endpoint_label_desc,1010,0.07667983770370483,0.009086615848801959
5000,endpoint,endpoint_label_desc,1020,0.07699605226516723,0.008927916292427531
5000,endpoint,endpoint_label_desc,1030,0.07636362314224243,0.008737768030759896
5000,endpoint,endpoint_label_desc,1040,0.07636363506317138,0.008349181721864721
5000,endpoint,endpoint_label_desc,1050,0.07667984962463378,0.008454237352462925
5000,endpoint,endpoint_label_desc,1060,0.07683793306350709,0.008415347608458778
5000,endpoint,endpoint_label_desc,1070,0.07652175426483154,0.008521440255157582
5000,endpoint,endpoint_label_desc,1080,0.07581027746200561,0.008593552540160334
5000,endpoint,endpoint_label_desc,1090,0.07525691986083985,0.008954983362740379
5000,endpoint,endpoint_label_desc,1100,0.07470356225967408,0.008913023612294556
5000,endpoint,endpoint_label_desc,1110,0.0747826099395752,0.008791253690014924
5000,endpoint,endpoint_label_desc,1120,0.0739920973777771,0.008492961779987113
5000,endpoint,endpoint_label_desc,1130,0.0747826099395752,0.008566215089992694
5000,endpoint,endpoint_label_desc,1140,0.07486165761947632,0.008194317925781505
5000,endpoint,endpoint_label_desc,1150,0.07501975297927857,0.008250366375675553
5000,endpoint,endpoint_label_desc,1160,0.0736758828163147,0.008354788190853264
5000,endpoint,endpoint_label_desc,1170,0.0733596920967102,0.007692802592993809
5000,endpoint,endpoint_label_desc,1180,0.07335968017578125,0.007533759637692034
5000,endpoint,endpoint_label_desc,1190,0.07312252521514892,0.007163856132986207
5000,endpoint,endpoint_label_desc,1200,0.07296441793441773,0.007564805538004723
5000,endpoint,endpoint_label_desc,1210,0.073201584815979,0.007842648183428676
5000,endpoint,endpoint_label_desc,1220,0.07296441793441773,0.007692805502340026
5000,endpoint,endpoint_label_desc,1230,0.07296442985534668,0.007549310249729874
5000,endpoint,endpoint_label_desc,1240,0.07296442985534668,0.007355376284940342
5000,endpoint,endpoint_label_desc,1250,0.07264821529388428,0.00724733105283928
5000,endpoint,endpoint_label_desc,1260,0.07193676233291627,0.007399864897737126
5000,endpoint,endpoint_label_desc,1270,0.07138340473175049,0.006699571529071852
5000,endpoint,endpoint_label_desc,1280,0.0713043451309204,0.006705390847767361
5000,endpoint,endpoint_label_desc,1290,0.07138340473175049,0.006687909951413302
5000,endpoint,endpoint_label_desc,1300,0.07177865505218506,0.006687912945681948
5000,endpoint,endpoint_label_desc,1310,0.07154150009155273,0.006249544881074251
5000,endpoint,endpoint_label_desc,1320,0.07146245241165161,0.0059643180681917965
5000,endpoint,endpoint_label_desc,1330,0.07051384449005127,0.005635697810678546
5000,endpoint,endpoint_label_desc,1340,0.0704347848892212,0.005661974196339385
5000,endpoint,endpoint_label_desc,1350,0.06988143920898438,0.005194283011246442
5000,endpoint,endpoint_label_desc,1360,0.06996046304702759,0.005505292792002484
5000,endpoint,endpoint_label_desc,1370,0.06972332000732422,0.005579988070969963
5000,endpoint,endpoint_label_desc,1380,0.06924901008605958,0.00614493479011606
5000,endpoint,endpoint_label_desc,1390,0.06940712928771972,0.0056771273327558625
5000,endpoint,endpoint_label_desc,1400,0.06901185512542725,0.005833222570500179
5000,endpoint,endpoint_label_desc,1410,0.06956522464752198,0.005720977177287502
5000,endpoint,endpoint_label_desc,1420,0.06940711736679077,0.005373154881923509
5000,endpoint,endpoint_label_desc,1430,0.06948616504669189,0.0053789842839482085
5000,endpoint,endpoint_label_desc,1440,0.06909091472625732,0.005313236842746242
5000,endpoint,endpoint_label_desc,1450,0.06932806968688965,0.005452540501573193
5000,endpoint,endpoint_label_desc,1460,0.068853759765625,0.005342541748067201
5000,endpoint,endpoint_label_desc,1470,0.06853755712509155,0.005394919668984792
5000,endpoint,endpoint_label_desc,1480,0.06893280744552613,0.0052629948886667235
5000,endpoint,endpoint_label_desc,1490,0.0686956524848938,0.005080256739917374
5000,endpoint,endpoint_label_desc,1500,0.06861660480499268,0.005035452082396135
5000,endpoint,endpoint_label_desc,1510,0.06861659288406372,0.005299982414372497
5000,endpoint,endpoint_label_desc,1520,0.06806324720382691,0.005689504256594263
5000,endpoint,endpoint_label_desc,1530,0.06798418760299682,0.005236222879252194
5000,endpoint,endpoint_label_desc,1540,0.06782609224319458,0.0046733911958252725
5000,endpoint,endpoint_label_desc,1550,0.06750988960266113,0.004819875044047512
5000,endpoint,endpoint_label_desc,1560,0.06798418760299682,0.00483282395259565
5000,endpoint,endpoint_label_desc,1570,0.06806323528289795,0.00501836128740235
5000,endpoint,endpoint_label_desc,1580,0.06758893728256225,0.004856998740725252
5000,endpoint,endpoint_label_desc,1590,0.06664031744003296,0.004631444224209562
5000,endpoint,endpoint_label_desc,1600,0.0672727346420288,0.005216783955291487
5000,endpoint,endpoint_label_desc,1610,0.06687748432159424,0.004688420634947238
5000,endpoint,endpoint_label_desc,1620,0.06679842472076417,0.005302946131852127
5000,endpoint,endpoint_label_desc,1630,0.06656125783920289,0.005112432835571042
5000,endpoint,endpoint_label_desc,1640,0.06656126976013184,0.004681750838581077
5000,endpoint,endpoint_label_desc,1650,0.06632411479949951,0.004587377383335015
5000,endpoint,endpoint_label_desc,1660,0.06632410287857056,0.004762804305928217
5000,endpoint,endpoint_label_desc,1670,0.06616601943969727,0.005255568163661088
5000,endpoint,endpoint_label_desc,1680,0.06577075719833374,0.005066374470235179
5000,endpoint,endpoint_label_desc,1690,0.06561264991760254,0.005023019460893044
5000,endpoint,endpoint_label_desc,1700,0.06569170951843262,0.0050802314660916715
5000,endpoint,endpoint_label_desc,1710,0.06584981679916382,0.004631417772840014
5000,endpoint,endpoint_label_desc,1720,0.06584981679916382,0.004597571391545166
5000,endpoint,endpoint_label_desc,1730,0.06545453071594239,0.004397835177925669
5000,endpoint,endpoint_label_desc,1740,0.06545455455780029,0.004511807799934007
5000,endpoint,endpoint_label_desc,1750,0.06521738767623901,0.004021147747578009
5000,endpoint,endpoint_label_desc,1760,0.06537549495697022,0.004094292451022416
5000,endpoint,endpoint_label_desc,1770,0.06561264991760254,0.004356794548555881
5000,endpoint,endpoint_label_desc,1780,0.06513833999633789,0.003795279871452067
5000,endpoint,endpoint_label_desc,1790,0.06521739959716796,0.0032473707844651815
5000,endpoint,endpoint_label_desc,1800,0.06529643535614013,0.0037538764273187682
5000,endpoint,endpoint_label_desc,1810,0.06529643535614013,0.0034502856644553796
5000,endpoint,endpoint_label_desc,1820,0.06505928039550782,0.004017266937644788
5000,endpoint,endpoint_label_desc,1830,0.06521739959716796,0.003862619297148363
5000,endpoint,endpoint_label_desc,1840,0.06418973207473755,0.0041605382886347715
5000,endpoint,endpoint_label_desc,1850,0.06387351751327515,0.004207216005534844
5000,endpoint,endpoint_label_desc,1860,0.06434782743453979,0.0045958781040683055
5000,endpoint,endpoint_label_desc,1870,0.06458498239517212,0.003807603492365894
5000,endpoint,endpoint_label_desc,1880,0.064505934715271,0.0038464117091151118
5000,endpoint,endpoint_label_desc,1890,0.06434782743453979,0.004449056643943794
5000,endpoint,endpoint_label_desc,1900,0.06411067247390748,0.004101898049524325
5000,endpoint,endpoint_label_desc,1910,0.06403161287307739,0.00440137723234381
5000,endpoint,endpoint_label_desc,1920,0.06403161287307739,0.004489263078903129
5000,endpoint,endpoint_label_desc,1930,0.06411067247390748,0.004638170870805378
5000,endpoint,endpoint_label_desc,1940,0.06426877975463867,0.0043262160656418695
5000,endpoint,endpoint_label_desc,1950,0.06411068439483643,0.004795486339724997
5000,endpoint,endpoint_label_desc,1960,0.06371541023254394,0.00467173118907934
5000,endpoint,endpoint_label_desc,1970,0.06332014799118042,0.004754590644349442
5000,endpoint,endpoint_label_desc,1980,0.06300395727157593,0.005035443660779501
5000,endpoint,endpoint_label_desc,1990,0.06284584999084472,0.00529555541648122
5000,endpoint,endpoint_label_desc,2000,0.06316205263137817,0.005179207528957046
5000,endpoint,endpoint_label_desc,2010,0.06332015991210938,0.005186762443330569
5000,endpoint,endpoint_label_desc,2020,0.06379445791244506,0.0054093781183462055
5000,endpoint,endpoint_label_desc,2030,0.06339921951293945,0.005285236296367434
5000,endpoint,endpoint_label_desc,2040,0.06339923143386841,0.005150484559586196
5000,endpoint,endpoint_label_desc,2050,0.06316205263137817,0.0050105778541543345
5000,endpoint,endpoint_label_desc,2060,0.0632411003112793,0.004991832524770143
5000,endpoint,endpoint_label_desc,2070,0.06339921951293945,0.005551913286357219
5000,endpoint,endpoint_label_desc,2080,0.06300394535064698,0.005466830830667241
5000,endpoint,endpoint_label_desc,2090,0.06284584999084472,0.005540626915274177
5000,endpoint,endpoint_label_desc,2100,0.0624505877494812,0.005397828641933882
5000,endpoint,endpoint_label_desc,2110,0.06221344470977783,0.0050199155872027975
5000,endpoint,endpoint_label_desc,2120,0.06252963542938232,0.0049792945408203585
5000,endpoint,endpoint_label_desc,2130,0.06268775463104248,0.005233249736297899
5000,endpoint,endpoint_label_desc,2140,0.06308300495147705,0.004681745806500974
5000,endpoint,endpoint_label_desc,2150,0.06292489767074586,0.004916154466736444
5000,endpoint,endpoint_label_desc,2160,0.0627668023109436,0.005179218673482709
5000,endpoint,endpoint_label_desc,2170,0.06268775463104248,0.005097128909797942
5000,endpoint,endpoint_label_desc,2180,0.062292492389678954,0.005322053756732371
5000,endpoint,endpoint_label_desc,2190,0.062292492389678954,0.005635705335316075
5000,endpoint,endpoint_label_desc,2200,0.06245057582855225,0.006104119490500061
5000,endpoint,endpoint_label_desc,2210,0.06221344470977783,0.005952518126877091
5000,endpoint,endpoint_label_desc,2220,0.0624505877494812,0.005948579347545515
5000,endpoint,endpoint_label_desc,2230,0.06252965927124024,0.006369645412520828
5000,endpoint,endpoint_label_desc,2240,0.06292488574981689,0.00602296084596018
5000,endpoint,endpoint_label_desc,2250,0.06308300495147705,0.006190528731284165
5000,endpoint,endpoint_label_desc,2260,0.06300394535064698,0.006177895858750615
5000,endpoint,endpoint_label_desc,2270,0.06332015991210938,0.006927708870310001
5000,endpoint,endpoint_label_desc,2280,0.06276679039001465,0.00680255941962034
5000,endpoint,endpoint_label_desc,2290,0.06237154006958008,0.007078295290590603
5000,endpoint,endpoint_label_desc,2300,0.06292488574981689,0.006825486084432995
5000,endpoint,endpoint_label_desc,2310,0.0630829930305481,0.006928845242487085
5000,endpoint,endpoint_label_desc,2320,0.06292489767074586,0.006692564172146019
5000,endpoint,endpoint_label_desc,2330,0.06300395727157593,0.007280670352738099
5000,endpoint,endpoint_label_desc,2340,0.06284584999084472,0.0070871100540003396
5000,endpoint,endpoint_label_desc,2350,0.0627668023109436,0.007579256093522568
5000,endpoint,endpoint_label_desc,2360,0.062292492389678954,0.007376598231281593
5000,endpoint,endpoint_label_desc,2370,0.06237154006958008,0.007640824452842197
5000,endpoint,endpoint_label_desc,2380,0.06268775463104248,0.007575118380180627
5000,endpoint,endpoint_label_desc,2390,0.06237154006958008,0.007391407187753086
5000,endpoint,endpoint_label_desc,2400,0.06268774271011353,0.007788668332852664
5000,endpoint,endpoint_label_desc,2410,0.06292489767074586,0.007907110859119059
5000,endpoint,endpoint_label_desc,2420,0.06237152814865112,0.007527540913789384
5000,endpoint,endpoint_label_desc,2430,0.062055337429046634,0.006828906336223229
5000,endpoint,endpoint_label_desc,2440,0.061818170547485354,0.006923196736649267
5000,endpoint,endpoint_label_desc,2450,0.06189723014831543,0.006900599494906589
5000,endpoint,endpoint_label_desc,2460,0.06166008710861206,0.007092621710735722
5000,endpoint,endpoint_label_desc,2470,0.06142293214797974,0.006940104869504844
5000,endpoint,endpoint_label_desc,2480,0.06150197982788086,0.007012880779972764
5000,endpoint,endpoint_label_desc,2490,0.06110671758651733,0.006917558433488019
5000,endpoint,endpoint_label_desc,2500,0.060948622226715085,0.006467003159764759
5000,endpoint,endpoint_label_desc,2510,0.0604743242263794,0.006548623914357082
5000,endpoint,endpoint_label_desc,2520,0.06039525270462036,0.007000628453659445
5000,endpoint,endpoint_label_desc,2530,0.060553348064422606,0.007198664579991388
5000,endpoint,endpoint_label_desc,2540,0.06015809774398804,0.007225744946266046
5000,endpoint,endpoint_label_desc,2550,0.06023715734481812,0.007237628396856566
5000,endpoint,endpoint_label_desc,2560,0.06031621694564819,0.006973797309317942
5000,endpoint,endpoint_label_desc,2570,0.060711467266082765,0.007476524088956606
5000,endpoint,endpoint_label_desc,2580,0.06023716926574707,0.007188900336933079
5000,endpoint,endpoint_label_desc,2590,0.05992096662521362,0.007366006015165321
5000,endpoint,endpoint_label_desc,2600,0.05992094278335571,0.00674027325435336
5000,endpoint,endpoint_label_desc,2610,0.06007905006408691,0.006655133956987462
5000,endpoint,endpoint_label_desc,2620,0.060632407665252686,0.007429363550391715
5000,endpoint,endpoint_label_desc,2630,0.06015810966491699,0.006859730177557585
5000,endpoint,endpoint_label_desc,2640,0.06015810966491699,0.006859730177557585
5000,endpoint,endpoint_label_desc,2650,0.06007905006408691,0.007314916995951885
5000,endpoint,endpoint_label_desc,2660,0.06015810966491699,0.006876795215437678
5000,endpoint,endpoint_label_desc,2670,0.05992095470428467,0.00671121898663512
5000,endpoint,endpoint_label_desc,2680,0.059762847423553464,0.0067968089107314335
5000,endpoint,endpoint_label_desc,2690,0.059604740142822264,0.006825480044076045
5000,endpoint,endpoint_label_desc,2700,0.05944664478302002,0.007073870384787042
5000,endpoint,endpoint_label_desc,2710,0.059525692462921144,0.007455608069392447
5000,endpoint,endpoint_label_desc,2720,0.05968378782272339,0.00819621300000489
5000,endpoint,endpoint_label_desc,2730,0.059525680541992185,0.008016023030687304
5000,endpoint,endpoint_label_desc,2740,0.059525692462921144,0.00833138866259405
5000,endpoint,endpoint_label_desc,2750,0.05913043022155762,0.008635262171921008
5000,endpoint,endpoint_label_desc,2760,0.05928853750228882,0.008281555993765701
5000,endpoint,endpoint_label_desc,2770,0.059525692462921144,0.008535173757870435
5000,endpoint,endpoint_label_desc,2780,0.06007906198501587,0.008167580632047781
5000,endpoint,endpoint_label_desc,2790,0.05992094278335571,0.00858081399197709
5000,endpoint,endpoint_label_desc,2800,0.06015809774398804,0.008236155692011601
5000,endpoint,endpoint_label_desc,2810,0.05984189510345459,0.007723210110993548
5000,endpoint,endpoint_label_desc,2820,0.059446632862091064,0.007145313510549679
5000,endpoint,endpoint_label_desc,2830,0.05889327526092529,0.0068117282432760135
5000,endpoint,endpoint_label_desc,2840,0.059367597103118896,0.007017333904220343
5000,endpoint,endpoint_label_desc,2850,0.0585770845413208,0.0064670047990826405
5000,endpoint,endpoint_label_desc,2860,0.05865613222122192,0.006196846820337281
5000,endpoint,endpoint_label_desc,2870,0.05778657197952271,0.006744882785074517
5000,endpoint,endpoint_label_desc,2880,0.05802372694015503,0.006814033950395555
5000,endpoint,endpoint_label_desc,2890,0.058260869979858396,0.006722866414570652
5000,endpoint,endpoint_label_desc,2900,0.05849802494049072,0.007009564918049129
5000,endpoint,endpoint_label_desc,2910,0.05833991765975952,0.007275303426925624
5000,endpoint,endpoint_label_desc,2920,0.058023715019226076,0.007327728390909434
5000,endpoint,endpoint_label_desc,2930,0.05833991765975952,0.007528579862898036
5000,endpoint,endpoint_label_desc,2940,0.05849801301956177,0.007710034116600359
5000,endpoint,endpoint_label_desc,2950,0.05857707262039184,0.007563771097570469
5000,endpoint,endpoint_label_desc,2960,0.05849801301956177,0.007760524476957024
5000,endpoint,endpoint_label_desc,2970,0.05865612030029297,0.007702944837022058
5000,endpoint,endpoint_label_desc,2980,0.058260869979858396,0.0071289025130871235
5000,endpoint,endpoint_label_desc,2990,0.058339905738830564,0.007123411321483184
5000,endpoint,endpoint_label_desc,3000,0.05818181037902832,0.006586691437517713
5000,endpoint,endpoint_label_desc,3010,0.05739129781723022,0.006283208191282545
5000,endpoint,endpoint_label_desc,3020,0.057312262058258054,0.006655117141971854
5000,endpoint,endpoint_label_desc,3030,0.0569960355758667,0.006910796147276454
5000,endpoint,endpoint_label_desc,3040,0.057075095176696775,0.005978706139797448
5000,endpoint,endpoint_label_desc,3050,0.05683795213699341,0.005858610694720136
5000,endpoint,endpoint_label_desc,3060,0.056600773334503175,0.005716905454657831
5000,endpoint,endpoint_label_desc,3070,0.05675889253616333,0.005718270914330903
5000,endpoint,endpoint_label_desc,3080,0.05644268989562988,0.006503135763355783
5000,endpoint,endpoint_label_desc,3090,0.05612648725509643,0.00610414264782913
5000,endpoint,endpoint_label_desc,3100,0.05581027269363403,0.0064911392556809624
5000,endpoint,endpoint_label_desc,3110,0.05525691509246826,0.006258298081891709
5000,endpoint,endpoint_label_desc,3120,0.05494070053100586,0.0064343262244655275
5000,endpoint,endpoint_label_desc,3130,0.05501976013183594,0.006515142002830215
5000,endpoint,endpoint_label_desc,3140,0.05517787933349609,0.0061271394764061985
5000,endpoint,endpoint_label_desc,3150,0.05454545021057129,0.006268311739837213
5000,endpoint,endpoint_label_desc,3160,0.054466414451599124,0.005661991256225099
5000,endpoint,endpoint_label_desc,3170,0.054229247570037845,0.00550105671766868
5000,endpoint,endpoint_label_desc,3180,0.05399209260940552,0.005593998105575641
5000,endpoint,endpoint_label_desc,3190,0.05399210453033447,0.005886546611152635
5000,endpoint,endpoint_label_desc,3200,0.054229247570037845,0.005977403523690514
5000,endpoint,endpoint_label_desc,3210,0.054545462131500244,0.005974790144822066
5000,endpoint,endpoint_label_desc,3220,0.05470354557037353,0.005939389348020901
5000,endpoint,endpoint_label_desc,3230,0.05399209260940552,0.0052332463599203
5000,endpoint,endpoint_label_desc,3240,0.05430830717086792,0.005081778200575767
5000,endpoint,endpoint_label_desc,3250,0.054308295249938965,0.005195796247491145
5000,endpoint,endpoint_label_desc,3260,0.054387366771698,0.005218300147336323
5000,endpoint,endpoint_label_desc,3270,0.054703569412231444,0.005263004960539269
5000,endpoint,endpoint_label_desc,3280,0.05399209260940552,0.005906412705143992
5000,endpoint,endpoint_label_desc,3290,0.0539130449295044,0.0063892549290564165
5000,endpoint,endpoint_label_desc,3300,0.05367590188980102,0.006100295396271459
5000,endpoint,endpoint_label_desc,3310,0.05343873500823974,0.005710059024370517
5000,endpoint,endpoint_label_desc,3320,0.05367588996887207,0.005805020101846467
5000,endpoint,endpoint_label_desc,3330,0.05351778268814087,0.0056009479186434384
5000,endpoint,endpoint_label_desc,3340,0.053043472766876223,0.005422378832525485
5000,endpoint,endpoint_label_desc,3350,0.052885377407073976,0.005443942932093477
5000,endpoint,endpoint_label_desc,3360,0.053122520446777344,0.0049018240511737275
5000,endpoint,endpoint_label_desc,3370,0.0532806396484375,0.004884273652263987
5000,endpoint,endpoint_label_desc,3380,0.05359683036804199,0.0045290964766550494
5000,endpoint,endpoint_label_desc,3390,0.05399209260940552,0.004631436594003871
5000,endpoint,endpoint_label_desc,3400,0.0540711522102356,0.0049792964334075115
5000,endpoint,endpoint_label_desc,3410,0.0540711522102356,0.004932007086118806
5000,endpoint,endpoint_label_desc,3420,0.05415019989013672,0.004497947397370964
5000,endpoint,endpoint_label_desc,3430,0.054229247570037845,0.004892253701678816
5000,endpoint,endpoint_label_desc,3440,0.05415019989013672,0.00519129265599836
5000,endpoint,endpoint_label_desc,3450,0.05415019989013672,0.005383354490438103
5000,endpoint,endpoint_label_desc,3460,0.054229247570037845,0.005977422245174566
5000,endpoint,endpoint_label_desc,3470,0.05407116413116455,0.005818482447650899
5000,endpoint,endpoint_label_desc,3480,0.05415019989013672,0.006052733770791142
5000,endpoint,endpoint_label_desc,3490,0.054229247570037845,0.005918306960775542
5000,endpoint,endpoint_label_desc,3500,0.05415019989013672,0.005802359736896316
5000,endpoint,endpoint_label_desc,3510,0.054150187969207765,0.005942029398210058
5000,endpoint,endpoint_label_desc,3520,0.05383399724960327,0.006283241562187165
5000,endpoint,endpoint_label_desc,3530,0.05375492572784424,0.006602095064998646
5000,endpoint,endpoint_label_desc,3540,0.054466402530670165,0.006733312279564
5000,endpoint,endpoint_label_desc,3550,0.0540711522102356,0.006854035540721313
5000,endpoint,endpoint_label_desc,3560,0.054229247570037845,0.0072149441644889165
5000,endpoint,endpoint_label_desc,3570,0.05351779460906982,0.00732346191739692
5000,endpoint,endpoint_label_desc,3580,0.05415019989013672,0.007330933766979023
5000,endpoint,endpoint_label_desc,3590,0.054703569412231444,0.007549326477402972
5000,endpoint,endpoint_label_desc,3600,0.05478261709213257,0.007106951074849385
5000,endpoint,endpoint_label_desc,3610,0.05454545021057129,0.007120120959726876
5000,endpoint,endpoint_label_desc,3620,0.05494072437286377,0.007223585331745118
5000,endpoint,endpoint_label_desc,3630,0.05486165285110474,0.007056194764444555
5000,endpoint,endpoint_label_desc,3640,0.054624509811401364,0.007327742376443019
5000,endpoint,endpoint_label_desc,3650,0.054229247570037845,0.007295690659092961
5000,endpoint,endpoint_label_desc,3660,0.05415019989013672,0.007378727589343554
5000,endpoint,endpoint_label_desc,3670,0.05415019989013672,0.007378727589343554
5000,endpoint,endpoint_label_desc,3680,0.05486165285110474,0.007338398490518792
5000,endpoint,endpoint_label_desc,3690,0.054545462131500244,0.007314944371849316
5000,endpoint,endpoint_label_desc,3700,0.054387342929840085,0.007106934334294578
5000,endpoint,endpoint_label_desc,3710,0.05415019989013672,0.007031799436306619
5000,endpoint,endpoint_label_desc,3720,0.05367588996887207,0.007056198270310384
5000,endpoint,endpoint_label_desc,3730,0.05367587804794312,0.007166049528614799
5000,endpoint,endpoint_label_desc,3740,0.0532806396484375,0.007176942440694962
5000,endpoint,endpoint_label_desc,3750,0.053122532367706296,0.006652785750311333
5000,endpoint,endpoint_label_desc,3760,0.053122520446777344,0.006364749880038211
5000,endpoint,endpoint_label_desc,3770,0.052964437007904056,0.006268286370148891
5000,endpoint,endpoint_label_desc,3780,0.052964425086975096,0.00626829576632283
5000,endpoint,endpoint_label_desc,3790,0.053043484687805176,0.0063696663100200925
5000,endpoint,endpoint_label_desc,3800,0.052964425086975096,0.006524734048502369
5000,endpoint,endpoint_label_desc,3810,0.05335967540740967,0.006596183366802068
5000,endpoint,endpoint_label_desc,3820,0.053359699249267575,0.006249565614623492
5000,endpoint,endpoint_label_desc,3830,0.052964437007904056,0.006078488682528743
5000,endpoint,endpoint_label_desc,3840,0.053122532367706296,0.006757628981060782
5000,endpoint,endpoint_label_desc,3850,0.05335967540740967,0.006828920135874104
5000,endpoint,endpoint_label_desc,3860,0.05359684228897095,0.006558162678305451
5000,endpoint,endpoint_label_desc,3870,0.05351779460906982,0.007029574708554296
5000,endpoint,endpoint_label_desc,3880,0.05320158004760742,0.007344771105626505
5000,endpoint,endpoint_label_desc,3890,0.053280627727508544,0.0070838186280917596
5000,endpoint,endpoint_label_desc,3900,0.05343872308731079,0.007067261333744608
5000,endpoint,endpoint_label_desc,3910,0.05359684228897095,0.00683804982399598
5000,endpoint,endpoint_label_desc,3920,0.0532806396484375,0.006744912125299682
5000,endpoint,endpoint_label_desc,3930,0.053122532367706296,0.006917563031149627
5000,endpoint,endpoint_label_desc,3940,0.053122532367706296,0.007481736911880325
5000,endpoint,endpoint_label_desc,3950,0.053122532367706296,0.00794752375525892
5000,endpoint,endpoint_label_desc,3960,0.053201591968536376,0.00801600965820012
5000,endpoint,endpoint_label_desc,3970,0.05351779460906982,0.007848598330547758
5000,endpoint,endpoint_label_desc,3980,0.05280632972717285,0.007798700555194613
5000,endpoint,endpoint_label_desc,3990,0.053122520446777344,0.006855170035151118
5000,endpoint,endpoint_label_desc,4000,0.0532806396484375,0.006955855712023551
5000,endpoint,endpoint_label_desc,4010,0.05280632972717285,0.0071398222367086775
5000,endpoint,endpoint_label_desc,4020,0.05288536548614502,0.006888142833224881
5000,endpoint,endpoint_label_desc,4030,0.05335967540740967,0.006748365184601145
5000,endpoint,endpoint_label_desc,4040,0.0532806396484375,0.0067968253752085026
5000,endpoint,endpoint_label_desc,4050,0.052806317806243896,0.006652778136611861
5000,endpoint,endpoint_label_desc,4060,0.052885377407073976,0.006663344837836837
5000,endpoint,endpoint_label_desc,4070,0.05272728204727173,0.006820913237160721
5000,endpoint,endpoint_label_desc,4080,0.0532806396484375,0.0069670789572674995
5000,endpoint,endpoint_label_desc,4090,0.053201591968536376,0.006522332212360944
5000,endpoint,endpoint_label_desc,4100,0.053122532367706296,0.00601126700544997
5000,endpoint,endpoint_label_desc,4110,0.053201591968536376,0.00641364927010825
5000,endpoint,endpoint_label_desc,4120,0.05343873500823974,0.006201884957378338
5000,endpoint,endpoint_label_desc,4130,0.053043472766876223,0.006556968890988157
5000,endpoint,endpoint_label_desc,4140,0.052885377407073976,0.00613856365481069
5000,endpoint,endpoint_label_desc,4150,0.05241105556488037,0.0058332130792680984
5000,endpoint,endpoint_label_desc,4160,0.05225296020507812,0.0060359279513510665
5000,endpoint,endpoint_label_desc,4170,0.0523320198059082,0.0052778303784786484
5000,endpoint,endpoint_label_desc,4180,0.05249011516571045,0.005224258149367969
5000,endpoint,endpoint_label_desc,4190,0.05233200788497925,0.005210780333468118
5000,endpoint,endpoint_label_desc,4200,0.05233200788497925,0.005195798741291126
5000,endpoint,endpoint_label_desc,4210,0.05256915092468262,0.005376078699200183
5000,endpoint,endpoint_label_desc,4220,0.05264822244644165,0.005349860727461169
5000,endpoint,endpoint_label_desc,4230,0.05264822244644165,0.005239185791306201
5000,endpoint,endpoint_label_desc,4240,0.05241107940673828,0.004901821648004388
5000,endpoint,endpoint_label_desc,4250,0.0524901270866394,0.005436764257889448
5000,endpoint,endpoint_label_desc,4260,0.05241105556488037,0.005495345020428217
5000,endpoint,endpoint_label_desc,4270,0.05264823436737061,0.005141377325933235
5000,endpoint,endpoint_label_desc,4280,0.05264823436737061,0.004654968748219256
5000,endpoint,endpoint_label_desc,4290,0.05256917476654053,0.0044892447111697376
5000,endpoint,endpoint_label_desc,4300,0.052173924446105954,0.005023013597979927
5000,endpoint,endpoint_label_desc,4310,0.05185772180557251,0.0057577347242253
5000,endpoint,endpoint_label_desc,4320,0.05162055492401123,0.005786137134681232
5000,endpoint,endpoint_label_desc,4330,0.05185772180557251,0.005550498837336812
5000,endpoint,endpoint_label_desc,4340,0.05209486484527588,0.006369649481049348
5000,endpoint,endpoint_label_desc,4350,0.05225296020507812,0.006320382847249244
5000,endpoint,endpoint_label_desc,4360,0.0520158052444458,0.006877924071727526
5000,endpoint,endpoint_label_desc,4370,0.05209486484527588,0.006762232081214477
5000,endpoint,endpoint_label_desc,4380,0.051936769485473634,0.006734466236720907
5000,endpoint,endpoint_label_desc,4390,0.05162055492401123,0.006973808288578359
5000,endpoint,endpoint_label_desc,4400,0.05154150724411011,0.006734468685491221
5000,endpoint,endpoint_label_desc,4410,0.05114624500274658,0.006468227756413143
5000,endpoint,endpoint_label_desc,4420,0.05138339996337891,0.00672516650549331
5000,endpoint,endpoint_label_desc,4430,0.05138339996337891,0.0068002434127466755
5000,endpoint,endpoint_label_desc,4440,0.05122529268264771,0.0066351401655493185
5000,endpoint,endpoint_label_desc,4450,0.051541495323181155,0.006676200479342648
5000,endpoint,endpoint_label_desc,4460,0.05169961452484131,0.0068711123216149955
5000,endpoint,endpoint_label_desc,4470,0.05138341188430786,0.006584319000699427
5000,endpoint,endpoint_label_desc,4480,0.05138338804244995,0.0059813180046651565
5000,endpoint,endpoint_label_desc,4490,0.05225297212600708,0.006144930189460293
5000,endpoint,endpoint_label_desc,4500,0.052173924446105954,0.006324113346648516
5000,endpoint,endpoint_label_desc,4510,0.052173912525177,0.006788760842383988
5000,endpoint,endpoint_label_desc,4520,0.051936757564544675,0.007183458944717382
5000,endpoint,endpoint_label_desc,4530,0.05225297212600708,0.0071932327029326885
5000,endpoint,endpoint_label_desc,4540,0.052252984046936034,0.006944604660402852
5000,endpoint,endpoint_label_desc,4550,0.051936757564544675,0.007007308587960371
5000,endpoint,endpoint_label_desc,4560,0.05185772180557251,0.007615219668683991
5000,endpoint,endpoint_label_desc,4570,0.05209486484527588,0.007941609013449024
5000,endpoint,endpoint_label_desc,4580,0.051936757564544675,0.008050038217709818
5000,endpoint,endpoint_label_desc,4590,0.0520158052444458,0.008489278026184205
5000,endpoint,endpoint_label_desc,4600,0.051699602603912355,0.008593536776483512
5000,endpoint,endpoint_label_desc,4610,0.052173912525177,0.008573506931603726
5000,endpoint,endpoint_label_desc,4620,0.051778650283813475,0.008691142624372183
5000,endpoint,endpoint_label_desc,4630,0.051936769485473634,0.009418398658836643
5000,endpoint,endpoint_label_desc,4640,0.051778662204742434,0.009378502800448803
5000,endpoint,endpoint_label_desc,4650,0.05162056684494019,0.009106350877426696
5000,endpoint,endpoint_label_desc,4660,0.051699602603912355,0.008919146901042906
5000,endpoint,endpoint_label_desc,4670,0.051857709884643555,0.009292321385881158
5000,endpoint,endpoint_label_desc,4680,0.051778662204742434,0.008895470657307376
5000,endpoint,endpoint_label_desc,4690,0.05146244764328003,0.008335131455952244
5000,endpoint,endpoint_label_desc,4700,0.05122529268264771,0.008274942409576148
5000,endpoint,endpoint_label_desc,4710,0.05083004236221313,0.00835012916164915
5000,endpoint,endpoint_label_desc,4720,0.05114623308181763,0.008410712881985498
5000,endpoint,endpoint_label_desc,4730,0.05122528076171875,0.00868485559798961
5000,endpoint,endpoint_label_desc,4740,0.05098814964294433,0.008472694730504078
5000,endpoint,endpoint_label_desc,4750,0.05122529268264771,0.008401408838404109
5000,endpoint,endpoint_label_desc,4760,0.05162055492401123,0.00822760146529324
5000,endpoint,endpoint_label_desc,4770,0.05177863836288452,0.00835199057468384
5000,endpoint,endpoint_label_desc,4780,0.051936769485473634,0.008544322355764978
5000,endpoint,endpoint_label_desc,4790,0.052015817165374754,0.008707319630773704
5000,endpoint,endpoint_label_desc,4800,0.051936757564544675,0.008933140037958876
5000,endpoint,endpoint_label_desc,4810,0.05162055492401123,0.008832019582837618
5000,endpoint,endpoint_label_desc,4820,0.05154150724411011,0.009063355259733185
5000,endpoint,endpoint_label_desc,4830,0.051699602603912355,0.009178139400797926
5000,endpoint,endpoint_label_desc,4840,0.051620543003082275,0.008928774089934031
5000,endpoint,endpoint_label_desc,4850,0.05146244764328003,0.00875116918347855
5000,endpoint,endpoint_label_desc,4860,0.05122528076171875,0.008241844620860903
5000,endpoint,endpoint_label_desc,4870,0.051541495323181155,0.00851685219784406
5000,endpoint,endpoint_label_desc,4880,0.05154150724411011,0.008098420265155127
5000,endpoint,endpoint_label_desc,4890,0.051778662204742434,0.00855528219705386
5000,endpoint,endpoint_label_desc,4900,0.051778662204742434,0.008509509455423463
5000,endpoint,endpoint_label_desc,4910,0.051778662204742434,0.008650623247001948
5000,endpoint,endpoint_label_desc,4920,0.05169961452484131,0.00825983086044664
5000,endpoint,endpoint_label_desc,4930,0.05162056684494019,0.008112891668976514
5000,endpoint,endpoint_label_desc,4940,0.05114624500274658,0.008480100882443152
5000,endpoint,endpoint_label_desc,4950,0.05106719732284546,0.00766126696262862
5000,endpoint,endpoint_label_desc,4960,0.05122530460357666,0.007783659706812283
5000,endpoint,endpoint_label_desc,4970,0.05114624500274658,0.008040358429394271
5000,endpoint,endpoint_label_desc,4980,0.05090909004211426,0.007722196432393158
5000,endpoint,endpoint_label_desc,4990,0.05098813772201538,0.0077403820077491395
5000,endpoint,endpoint_label_desc,5000,0.05130435228347778,0.007252726961144916
5000,endpoint,random,0,0.0,0.0
5000,endpoint,random,10,0.0001580953598022461,0.0008659579554559313
5000,endpoint,random,20,0.0005533576011657714,0.0009518861009243032
5000,endpoint,random,30,0.0006324172019958497,0.0009099278399350085
5000,endpoint,random,40,0.00102766752243042,0.0017364253243614457
5000,endpoint,random,50,0.0016600728034973145,0.0019241979491947136
5000,endpoint,random,60,0.0018972396850585938,0.0019643818118036263
5000,endpoint,random,70,0.0027667999267578123,0.002146787267858212
5000,endpoint,random,80,0.0028458476066589356,0.002361630518458967
5000,endpoint,random,90,0.0028458595275878905,0.0028282094761939176
5000,endpoint,random,100,0.003083014488220215,0.0029893481444143192
5000,endpoint,random,110,0.0038735270500183105,0.0029499004842073067
5000,endpoint,random,120,0.004268777370452881,0.003166989626224271
5000,endpoint,random,130,0.0038735270500183105,0.003594439108071878
5000,endpoint,random,140,0.003636372089385986,0.003053982841774283
5000,endpoint,random,150,0.003636372089385986,0.0032280643083606652
5000,endpoint,random,160,0.004189717769622803,0.0037351152194412406
5000,endpoint,random,170,0.0043478250503540036,0.0038321475195565243
5000,endpoint,random,180,0.003162062168121338,0.0051154580068543
5000,endpoint,random,190,0.003399217128753662,0.0052629937696248375
5000,endpoint,random,200,0.004031622409820556,0.005087892833130599
5000,endpoint,random,210,0.004664027690887451,0.0055434451905958726
5000,endpoint,random,220,0.004901182651519775,0.005445362129147971
5000,endpoint,random,230,0.005770742893218994,0.005343980379599072
5000,endpoint,random,240,0.005612647533416748,0.004963567556212587
5000,endpoint,random,250,0.005454540252685547,0.005703191982753443
5000,endpoint,random,260,0.005849802494049072,0.005571544251776085
5000,endpoint,random,270,0.005691695213317871,0.005697704009407016
5000,endpoint,random,280,0.005375492572784424,0.00573190577034105
5000,endpoint,random,290,0.005296444892883301,0.006333960654739948
5000,endpoint,random,300,0.005849790573120117,0.006182938768899131
5000,endpoint,random,310,0.0059288620948791506,0.006311740382354206
5000,endpoint,random,320,0.006166005134582519,0.006635126140402551
5000,endpoint,random,330,0.006403160095214844,0.007006183429067774
5000,endpoint,random,340,0.006640303134918213,0.006610334761626187
5000,endpoint,random,350,0.006245052814483643,0.006132190894587328
5000,endpoint,random,360,0.006877470016479492,0.007029555940524955
5000,endpoint,random,370,0.00719367265701294,0.006698392392212197
5000,endpoint,random,380,0.00758894681930542,0.006657447009475325
5000,endpoint,random,390,0.007905137538909913,0.006542649498401905
5000,endpoint,random,400,0.00798419713973999,0.006831188829001961
5000,endpoint,random,410,0.00837944746017456,0.006961433554404173
5000,endpoint,random,420,0.009090912342071534,0.007352176438327359
5000,endpoint,random,430,0.009090924263000488,0.007272074988030435
5000,endpoint,random,440,0.009169960021972656,0.007737329662524761
5000,endpoint,random,450,0.009486174583435059,0.008008196820470163
5000,endpoint,random,460,0.009565234184265137,0.00810708958498667
5000,endpoint,random,470,0.010118579864501953,0.007932741327881592
5000,endpoint,random,480,0.0102766752243042,0.007959281445876803
5000,endpoint,random,490,0.010513830184936523,0.007073872049932171
5000,endpoint,random,500,0.010276687145233155,0.007298864270491332
5000,endpoint,random,510,0.010197639465332031,0.007209493182080498
5000,endpoint,random,520,0.010750985145568848,0.007056171893714397
5000,endpoint,random,530,0.01090909242630005,0.006746032667524345
5000,endpoint,random,540,0.01083003282546997,0.006682033452726788
5000,endpoint,random,550,0.010750985145568848,0.006163946576233139
5000,endpoint,random,560,0.010988152027130127,0.006430655814268725
5000,endpoint,random,570,0.011936759948730469,0.006796769569257667
5000,endpoint,random,580,0.011936748027801513,0.006842595209074531
5000,endpoint,random,590,0.012332022190093994,0.0069782547802660876
5000,endpoint,random,600,0.01209486722946167,0.007215993839808338
5000,endpoint,random,610,0.01249011754989624,0.00701843545676366
5000,endpoint,random,620,0.012332010269165038,0.007160575801807179
5000,endpoint,random,630,0.012015795707702637,0.0071507488417515514
5000,endpoint,random,640,0.012173914909362793,0.006842602783630883
5000,endpoint,random,650,0.012569153308868408,0.007284947981433893
5000,endpoint,random,660,0.012806308269500733,0.007167117541141454
5000,endpoint,random,670,0.01335967779159546,0.007133241594105633
5000,endpoint,random,680,0.013517773151397705,0.007236520166420449
5000,endpoint,random,690,0.013201582431793212,0.007564797596436426
5000,endpoint,random,700,0.01351778507232666,0.007144207613092981
5000,endpoint,random,710,0.013754940032958985,0.007089312904705189
5000,endpoint,random,720,0.014308285713195801,0.0068311727922605375
5000,endpoint,random,730,0.014703547954559327,0.00655101035695785
5000,endpoint,random,740,0.01517786979675293,0.007145288946720708
5000,endpoint,random,750,0.015256917476654053,0.007210581225038694
5000,endpoint,random,760,0.015810286998748778,0.007320230580153322
5000,endpoint,random,770,0.015810275077819826,0.007441935665443556
5000,endpoint,random,780,0.016284584999084473,0.00780266037534048
5000,endpoint,random,790,0.01604743003845215,0.007460822717353052
5000,endpoint,random,800,0.01644268035888672,0.0076111326150305825
5000,endpoint,random,810,0.016047418117523193,0.006990557442492368
5000,endpoint,random,820,0.016126477718353273,0.0074282866209083595
5000,endpoint,random,830,0.01604743003845215,0.006575998521112309
5000,endpoint,random,840,0.016363632678985596,0.006158910110227151
5000,endpoint,random,850,0.016916990280151367,0.006460937955120169
5000,endpoint,random,860,0.016837942600250243,0.006389213631038861
5000,endpoint,random,870,0.016996049880981447,0.006524713286707774
5000,endpoint,random,880,0.017075085639953615,0.00646700479908264
5000,endpoint,random,890,0.017628467082977294,0.005952498337647662
5000,endpoint,random,900,0.017549419403076173,0.005066370517588346
5000,endpoint,random,910,0.017865610122680665,0.004994946774409164
5000,endpoint,random,920,0.01786562204360962,0.0048842529112517
5000,endpoint,random,930,0.018735170364379883,0.004537683535068493
5000,endpoint,random,940,0.018972325325012206,0.004427917502515409
5000,endpoint,random,950,0.01920948028564453,0.004271688918914605
5000,endpoint,random,960,0.019762837886810304,0.004021136029867714
5000,endpoint,random,970,0.019841885566711424,0.0034615941997880656
5000,endpoint,random,980,0.019999992847442628,0.0036182402242338346
5000,endpoint,random,990,0.019999992847442628,0.0037663467839373333
5000,endpoint,random,1000,0.02063242197036743,0.004073235510012383
5000,endpoint,random,1010,0.020158100128173827,0.003982091069848871
5000,endpoint,random,1020,0.02047431468963623,0.0038055404613957272
5000,endpoint,random,1030,0.02031620740890503,0.004017242013404016
5000,endpoint,random,1040,0.020553362369537354,0.0038626070984298876
5000,endpoint,random,1050,0.020790505409240722,0.0038178355903038443
5000,endpoint,random,1060,0.021343863010406493,0.0029445957741204174
5000,endpoint,random,1070,0.021027672290802,0.003299844449281771
5000,endpoint,random,1080,0.021264827251434325,0.004413785665292732
5000,endpoint,random,1090,0.021501982212066652,0.004046309943715374
5000,endpoint,random,1100,0.021739137172698975,0.0043117167632577575
5000,endpoint,random,1110,0.02134387493133545,0.0035573095083923307
5000,endpoint,random,1120,0.02189723253250122,0.0034974914234330626
5000,endpoint,random,1130,0.022213447093963622,0.004092373083377482
5000,endpoint,random,1140,0.022213447093963622,0.0043960614726543355
5000,endpoint,random,1150,0.021897220611572267,0.0041228040297171
5000,endpoint,random,1160,0.022687745094299317,0.003968342218648908
5000,endpoint,random,1170,0.02237154245376587,0.0037663624218104907
5000,endpoint,random,1180,0.022450602054595946,0.0036160851217716303
5000,endpoint,random,1190,0.0218181848526001,0.0034615809283801546
5000,endpoint,random,1200,0.022213435173034667,0.0032280508065835136
5000,endpoint,random,1210,0.022055339813232423,0.003299844449281771
5000,endpoint,random,1220,0.0219762921333313,0.0035419011659694457
5000,endpoint,random,1230,0.02252964973449707,0.0034001095808645783
5000,endpoint,random,1240,0.022608697414398193,0.002882907486429885
5000,endpoint,random,1250,0.022687757015228273,0.0028720473677846586
5000,endpoint,random,1260,0.02237154245376587,0.002978857912753788
5000,endpoint,random,1270,0.022134387493133546,0.003162030130650665
5000,endpoint,random,1280,0.022292494773864746,0.0033022219970793754
5000,endpoint,random,1290,0.022213435173034667,0.0032401208877545586
5000,endpoint,random,1300,0.022687757015228273,0.0028171376673414863
5000,endpoint,random,1310,0.023241114616394044,0.003506437786551277
5000,endpoint,random,1320,0.02332015037536621,0.0034457725750857496
5000,endpoint,random,1330,0.02403160333633423,0.00439604700300019
5000,endpoint,random,1340,0.02316206693649292,0.00464824385599779
5000,endpoint,random,1350,0.023003947734832764,0.004396054237813012
5000,endpoint,random,1360,0.02347825765609741,0.0045376970339139735
5000,endpoint,random,1370,0.023320162296295167,0.005191266561281298
5000,endpoint,random,1380,0.023399209976196288,0.004535974643330138
5000,endpoint,random,1390,0.023399209976196288,0.004396060400874634
5000,endpoint,random,1400,0.022924911975860596,0.004523902932582941
5000,endpoint,random,1410,0.023399209976196288,0.004654965205440255
5000,endpoint,random,1420,0.023478269577026367,0.005351297611622416
5000,endpoint,random,1430,0.023320162296295167,0.005554699751473383
5000,endpoint,random,1440,0.023320162296295167,0.005419483689241158
5000,endpoint,random,1450,0.023636364936828615,0.005335218910193414
5000,endpoint,random,1460,0.02418973445892334,0.0056273750540054845
5000,endpoint,random,1470,0.023873519897460938,0.005711406527490125
5000,endpoint,random,1480,0.024031627178192138,0.005627378403320364
5000,endpoint,random,1490,0.02450593709945679,0.005835871288472613
5000,endpoint,random,1500,0.024743092060089112,0.005906407120865385
5000,endpoint,random,1510,0.025691699981689454,0.006205640185593606
5000,endpoint,random,1520,0.0260079026222229,0.006022967299898575
5000,endpoint,random,1530,0.026086962223052977,0.005862604092680852
5000,endpoint,random,1540,0.026166021823883057,0.005529358196738097
5000,endpoint,random,1550,0.026086950302124025,0.005727809734392053
5000,endpoint,random,1560,0.026245057582855225,0.005839888909509568
5000,endpoint,random,1570,0.026324117183685304,0.006272010856968007
5000,endpoint,random,1580,0.02671935558319092,0.0060372214519984905
5000,endpoint,random,1590,0.026561260223388672,0.005458264618968579
5000,endpoint,random,1600,0.0271146297454834,0.005394912900351073
5000,endpoint,random,1610,0.0271146297454834,0.0048537605504608014
5000,endpoint,random,1620,0.02664031982421875,0.00475624005907932
5000,endpoint,random,1630,0.027035582065582275,0.005158058706886083
5000,endpoint,random,1640,0.027351784706115722,0.004900225082398811
5000,endpoint,random,1650,0.027588927745819093,0.00521677898765149
5000,endpoint,random,1660,0.027667975425720213,0.0050617422320800316
5000,endpoint,random,1670,0.027905142307281493,0.005027666992431332
5000,endpoint,random,1680,0.027667999267578125,0.00458395130097293
5000,endpoint,random,1690,0.027747035026550293,0.004900220034258212
5000,endpoint,random,1700,0.027984189987182616,0.005393476060336207
5000,endpoint,random,1710,0.028063249588012696,0.005540647112565945
5000,endpoint,random,1720,0.028695642948150635,0.005225743545345649
5000,endpoint,random,1730,0.028537559509277343,0.004770980124885104
5000,endpoint,random,1740,0.02948617935180664,0.00450313791661693
5000,endpoint,random,1750,0.029644262790679932,0.004651601059927078
5000,endpoint,random,1760,0.029802370071411132,0.004797107205414849
5000,endpoint,random,1770,0.029960477352142335,0.004604339593552306
5000,endpoint,random,1780,0.030276679992675783,0.005142888492433586
5000,endpoint,random,1790,0.029802358150482176,0.005012115295975297
5000,endpoint,random,1800,0.03067193031311035,0.005142891240958233
5000,endpoint,random,1810,0.030039525032043456,0.005426676323353228
5000,endpoint,random,1820,0.030355727672576903,0.0052837156802709884
5000,endpoint,random,1830,0.03019763231277466,0.005537830603941261
5000,endpoint,random,1840,0.030197620391845703,0.0052481356424609275
5000,endpoint,random,1850,0.030197620391845703,0.0051957837781314
5000,endpoint,random,1860,0.031225287914276124,0.0052361992581527825
5000,endpoint,random,1870,0.030988144874572753,0.0047066816179020775
5000,endpoint,random,1880,0.03106718063354492,0.004335212339096189
5000,endpoint,random,1890,0.030671942234039306,0.004450801025276056
5000,endpoint,random,1900,0.030830037593841553,0.004392488582601576
5000,endpoint,random,1910,0.03083004951477051,0.004897035681723464
5000,endpoint,random,1920,0.03083004951477051,0.004617900061177746
5000,endpoint,random,1930,0.03067193031311035,0.004520456364341899
5000,endpoint,random,1940,0.031225299835205077,0.004734825992268726
5000,endpoint,random,1950,0.031383419036865236,0.005277812969728063
5000,endpoint,random,1960,0.03185770511627197,0.0054093704966968765
5000,endpoint,random,1970,0.03177865743637085,0.0056495361264780435
5000,endpoint,random,1980,0.03185771703720093,0.00562180531648336
5000,endpoint,random,1990,0.03185770511627197,0.005127664208140261
5000,endpoint,random,2000,0.03193676471710205,0.0053278879975663905
5000,endpoint,random,2010,0.03201582431793213,0.0050540279387322916
5000,endpoint,random,2020,0.03169962167739868,0.004621290269401241
5000,endpoint,random,2030,0.031541502475738524,0.00448401656832437
5000,endpoint,random,2040,0.03177865743637085,0.004103810952780944
5000,endpoint,random,2050,0.03201581239700317,0.00433881773421916
5000,endpoint,random,2060,0.0320948600769043,0.004288114701953005
5000,endpoint,random,2070,0.03201581239700317,0.004210917005311784
5000,endpoint,random,2080,0.03217390775680542,0.004813364644794865
5000,endpoint,random,2090,0.03201581239700317,0.004784066056185795
5000,endpoint,random,2100,0.03217390775680542,0.0046145155308626425
5000,endpoint,random,2110,0.032569169998168945,0.004597553200390759
5000,endpoint,random,2120,0.03288537263870239,0.004680067117185337
5000,endpoint,random,2130,0.03312253952026367,0.004770979877958926
5000,endpoint,random,2140,0.03304346799850464,0.00521079005406208
5000,endpoint,random,2150,0.03312252759933472,0.005026123761316271
5000,endpoint,random,2160,0.032885384559631345,0.004939911218593198
5000,endpoint,random,2170,0.033754932880401614,0.004656654967575546
5000,endpoint,random,2180,0.033675873279571535,0.004186722826258301
5000,endpoint,random,2190,0.03367588520050049,0.004342444549805352
5000,endpoint,random,2200,0.03351777791976929,0.004315364444972304
5000,endpoint,random,2210,0.033913040161132814,0.00437825961033777
5000,endpoint,random,2220,0.033913052082061766,0.004663350048554284
5000,endpoint,random,2230,0.03422925472259521,0.004406701816240804
5000,endpoint,random,2240,0.03399209976196289,0.004192318923611445
5000,endpoint,random,2250,0.03415020704269409,0.004861811035889706
5000,endpoint,random,2260,0.03454544544219971,0.004665036268478349
5000,endpoint,random,2270,0.03438733816146851,0.004532541672641048
5000,endpoint,random,2280,0.03486167192459107,0.003936713868196222
5000,endpoint,random,2290,0.034703540802001956,0.004422633110280041
5000,endpoint,random,2300,0.035177862644195555,0.004320800205045728
5000,endpoint,random,2310,0.035177874565124514,0.004238675020141268
5000,endpoint,random,2320,0.03557312488555908,0.00476772156006425
5000,endpoint,random,2330,0.03581026792526245,0.0046314343049397135
5000,endpoint,random,2340,0.036442685127258304,0.005342547921591055
5000,endpoint,random,2350,0.0367588996887207,0.005061764340307938
5000,endpoint,random,2360,0.036363625526428224,0.004865033940581098
5000,endpoint,random,2370,0.03620553016662598,0.0051731810196979
5000,endpoint,random,2380,0.0366007924079895,0.005142888492433586
5000,endpoint,random,2390,0.0366007924079895,0.004980862450501229
5000,endpoint,random,2400,0.03691699504852295,0.00569772964536827
5000,endpoint,random,2410,0.03699605464935303,0.006037217354609751
5000,endpoint,random,2420,0.0366007924079895,0.005853269247337019
5000,endpoint,random,2430,0.036679840087890624,0.005716905454657831
5000,endpoint,random,2440,0.03747036457061768,0.005148965556286617
5000,endpoint,random,2450,0.03770751953125,0.005322039812487141
5000,endpoint,random,2460,0.03723322153091431,0.004892251293808334
5000,endpoint,random,2470,0.03683793544769287,0.005057130907518031
5000,endpoint,random,2480,0.03667985200881958,0.005041652807471482
5000,endpoint,random,2490,0.0373913049697876,0.005074098315180565
5000,endpoint,random,2500,0.0372331976890564,0.00452735962609356
5000,endpoint,random,2510,0.037628448009490965,0.005335243196950664
5000,endpoint,random,2520,0.03683794736862182,0.005831863826715173
5000,endpoint,random,2530,0.0367588996887207,0.0056592284781794904
5000,endpoint,random,2540,0.0372331976890564,0.005977415741911652
5000,endpoint,random,2550,0.037628459930419925,0.005723716735500623
5000,endpoint,random,2560,0.03778657913208008,0.006011285229513903
5000,endpoint,random,2570,0.03833992481231689,0.005679881819304368
5000,endpoint,random,2580,0.03818181753158569,0.005772644657602445
5000,endpoint,random,2590,0.03849802017211914,0.0059063935591227475
5000,endpoint,random,2600,0.03857707977294922,0.005738711357995791
5000,endpoint,random,2610,0.039051377773284913,0.006301852932269616
5000,endpoint,random,2620,0.03936760425567627,0.006456141753369996
5000,endpoint,random,2630,0.03984189033508301,0.006922072710786499
5000,endpoint,random,2640,0.040158092975616455,0.00665277725134087
5000,endpoint,random,2650,0.03960472345352173,0.006831193657275642
5000,endpoint,random,2660,0.03944664001464844,0.00613858898487839
5000,endpoint,random,2670,0.03960473537445068,0.00681973970769037
5000,endpoint,random,2680,0.03968380689620972,0.006340142500834374
5000,endpoint,random,2690,0.03976285457611084,0.006321635101110284
5000,endpoint,random,2700,0.03968380689620972,0.006101574479278974
5000,endpoint,random,2710,0.03976284265518189,0.005932802448711059
5000,endpoint,random,2720,0.04007905721664429,0.0061652491379559395
5000,endpoint,random,2730,0.03984189033508301,0.006182969061079816
5000,endpoint,random,2740,0.03952569961547851,0.0063487655986910725
5000,endpoint,random,2750,0.03952569961547851,0.007076089675877723
5000,endpoint,random,2760,0.03936758041381836,0.007172572808700859
5000,endpoint,random,2770,0.03960473537445068,0.007220338336195726
5000,endpoint,random,2780,0.03928854465484619,0.0072268276084772026
5000,endpoint,random,2790,0.03968379497528076,0.007476521725635889
5000,endpoint,random,2800,0.03928854465484619,0.0074083216971574765
5000,endpoint,random,2810,0.03936759233474731,0.00707389169956933
5000,endpoint,random,2820,0.039051377773284913,0.006628073576626869
5000,endpoint,random,2830,0.03920948505401611,0.006394129120597982
5000,endpoint,random,2840,0.039209496974945066,0.006762238178067555
5000,endpoint,random,2850,0.038893282413482666,0.006676223945957508
5000,endpoint,random,2860,0.039209496974945066,0.007401967669926284
5000,endpoint,random,2870,0.03913043737411499,0.0071310699883938115
5000,endpoint,random,2880,0.039130425453186034,0.00720734880085154
5000,endpoint,random,2890,0.039288532733917234,0.0069849859928635604
5000,endpoint,random,2900,0.039288532733917234,0.006763376924022365
5000,endpoint,random,2910,0.03913043737411499,0.007152935058263114
5000,endpoint,random,2920,0.039288532733917234,0.007161665684272999
5000,endpoint,random,2930,0.039288532733917234,0.007381901246202233
5000,endpoint,random,2940,0.03944662809371948,0.007485904839807279
5000,endpoint,random,2950,0.03920948505401611,0.007155134435781254
5000,endpoint,random,2960,0.039999985694885255,0.007892271842163623
5000,endpoint,random,2970,0.04007905721664429,0.008237089676065968
5000,endpoint,random,2980,0.040474307537078855,0.008498474922144212
5000,endpoint,random,2990,0.040395259857177734,0.008679462066088318
5000,endpoint,random,3000,0.040237152576446535,0.008719878101382793
5000,endpoint,random,3010,0.04063241481781006,0.008839975757249274
5000,endpoint,random,3020,0.0406324028968811,0.007961269606137845
5000,endpoint,random,3030,0.04063241481781006,0.008647926374350363
5000,endpoint,random,3040,0.040316212177276614,0.008191459752588975
5000,endpoint,random,3050,0.04039524793624878,0.008335150393364863
5000,endpoint,random,3060,0.040316212177276614,0.00835199127993145
5000,endpoint,random,3070,0.04055335521697998,0.00840607293763174
5000,endpoint,random,3080,0.04015810489654541,0.008213354979576648
5000,endpoint,random,3090,0.040237152576446535,0.008492978978582167
5000,endpoint,random,3100,0.03992094993591309,0.008600801071798636
5000,endpoint,random,3110,0.03968380689620972,0.00870732991230755
5000,endpoint,random,3120,0.04000000953674317,0.009602394057317052
5000,endpoint,random,3130,0.040553367137908934,0.00956652149458503
5000,endpoint,random,3140,0.04079052209854126,0.009330086929912542
5000,endpoint,random,3150,0.04094860553741455,0.00983228712897422
5000,endpoint,random,3160,0.04102767705917358,0.009614571516718726
5000,endpoint,random,3170,0.04118578433990479,0.009317503918443982
5000,endpoint,random,3180,0.04086956977844238,0.00919172237525127
5000,endpoint,random,3190,0.0407905101776123,0.008817867715158781
5000,endpoint,random,3200,0.04086956977844238,0.008889336492653428
5000,endpoint,random,3210,0.0407905101776123,0.008853213949742422
5000,endpoint,random,3220,0.04079052209854126,0.008884054505999165
5000,endpoint,random,3230,0.040553367137908934,0.009221445313400533
5000,endpoint,random,3240,0.0406324028968811,0.008710914963879294
5000,endpoint,random,3250,0.040395259857177734,0.00901064044114545
5000,endpoint,random,3260,0.04023716449737549,0.008701941781961625
5000,endpoint,random,3270,0.040316212177276614,0.00873596441127889
5000,endpoint,random,3280,0.0406324028968811,0.008620767637345653
5000,endpoint,random,3290,0.04110672473907471,0.008555302161771557
5000,endpoint,random,3300,0.041264820098876956,0.008639768806786309
5000,endpoint,random,3310,0.04102767705917358,0.008607159349148581
5000,endpoint,random,3320,0.04086956977844238,0.008858522170908153
5000,endpoint,random,3330,0.04071146249771118,0.008785021413719762
5000,endpoint,random,3340,0.040711474418640134,0.00928223678146271
5000,endpoint,random,3350,0.04079052209854126,0.009126913639314314
5000,endpoint,random,3360,0.04118577241897583,0.008892848435575059
5000,endpoint,random,3370,0.041343867778778076,0.008666856720510405
5000,endpoint,random,3380,0.041501975059509276,0.008017968472956752
5000,endpoint,random,3390,0.04189722537994385,0.008319208105316011
5000,endpoint,random,3400,0.0423715353012085,0.007317051263969079
5000,endpoint,random,3410,0.04260869026184082,0.007396697992931566
5000,endpoint,random,3420,0.04229248762130737,0.007053997268719256
5000,endpoint,random,3430,0.042687761783599856,0.0065366885437573565
5000,endpoint,random,3440,0.042687761783599856,0.0062993646201159785
5000,endpoint,random,3450,0.04237154722213745,0.006068169746533621
5000,endpoint,random,3460,0.043162059783935544,0.006048859274543607
5000,endpoint,random,3470,0.04308300018310547,0.006690237906650724
5000,endpoint,random,3480,0.043003964424133304,0.006865429870953938
5000,endpoint,random,3490,0.042924904823303224,0.0067691749759537035
5000,endpoint,random,3500,0.042845845222473145,0.00705729642714507
5000,endpoint,random,3510,0.0428458571434021,0.007387175419052006
5000,endpoint,random,3520,0.04339920282363892,0.006628072154833406
5000,endpoint,random,3530,0.04339921474456787,0.007338387414614388
5000,endpoint,random,3540,0.043241119384765624,0.00791795733737524
5000,endpoint,random,3550,0.04347825050354004,0.008323882035880652
5000,endpoint,random,3560,0.043952560424804686,0.007892270200350394
5000,endpoint,random,3570,0.04371541738510132,0.007917961205357189
5000,endpoint,random,3580,0.044268786907196045,0.0077403820077491395
5000,endpoint,random,3590,0.044031620025634766,0.007611128126766496
5000,endpoint,random,3600,0.044189727306365965,0.007975967850524094
5000,endpoint,random,3610,0.04442688226699829,0.008246568112770044
5000,endpoint,random,3620,0.04466403722763061,0.008403283143380182
5000,endpoint,random,3630,0.04418971538543701,0.007722180873111171
5000,endpoint,random,3640,0.04442688226699829,0.00799650928528723
5000,endpoint,random,3650,0.044110667705535886,0.00827023426883497
5000,endpoint,random,3660,0.04379446506500244,0.00817428886197711
5000,endpoint,random,3670,0.04450591802597046,0.008213353832142467
5000,endpoint,random,3680,0.044110655784606934,0.00835012408309005
5000,endpoint,random,3690,0.04379446506500244,0.008288154209843813
5000,endpoint,random,3700,0.04355731010437012,0.00850675247556543
5000,endpoint,random,3710,0.0436363697052002,0.009114943135897963
5000,endpoint,random,3720,0.04371541738510132,0.00895062662178605
5000,endpoint,random,3730,0.04347827434539795,0.008458866613278531
5000,endpoint,random,3740,0.04347827434539795,0.008380009048345667
5000,endpoint,random,3750,0.04371541738510132,0.008170452493074937
5000,endpoint,random,3760,0.04371541738510132,0.008170452493074937
5000,endpoint,random,3770,0.04355732202529907,0.008363205707021294
5000,endpoint,random,3780,0.04418971538543701,0.00790712650136084
5000,endpoint,random,3790,0.044189727306365965,0.0081359555428864
5000,endpoint,random,3800,0.04442687034606933,0.007758519946930526
5000,endpoint,random,3810,0.04442688226699829,0.007927830113714375
5000,endpoint,random,3820,0.044347834587097165,0.007971064944833772
5000,endpoint,random,3830,0.044110679626464845,0.00790315716794529
5000,endpoint,random,3840,0.04458498954772949,0.008015050059028353
5000,endpoint,random,3850,0.04474308490753174,0.007907122926013276
5000,endpoint,random,3860,0.04490118026733399,0.007376598550691649
5000,endpoint,random,3870,0.04498023986816406,0.007465019522208055
5000,endpoint,random,3880,0.04521739482879639,0.0077484563766490495
5000,endpoint,random,3890,0.045533597469329834,0.008409785013868642
5000,endpoint,random,3900,0.04498022794723511,0.008330446585787672
5000,endpoint,random,3910,0.045533597469329834,0.008377201293680024
5000,endpoint,random,3920,0.04505928754806519,0.008646098700067554
5000,endpoint,random,3930,0.04529644250869751,0.008461630146623456
5000,endpoint,random,3940,0.04498023986816406,0.008733290115685738
5000,endpoint,random,3950,0.045454537868499754,0.008659632602105392
5000,endpoint,random,3960,0.045375490188598634,0.008853213683606332
5000,endpoint,random,3970,0.045691704750061034,0.008503074973369659
5000,endpoint,random,3980,0.04632411003112793,0.008488375260126685
5000,endpoint,random,3990,0.04624506235122681,0.008820523979902775
5000,endpoint,random,4000,0.0467193603515625,0.008456103291153974
5000,endpoint,random,4010,0.04711462259292602,0.008428338202044422
5000,endpoint,random,4020,0.0471936821937561,0.008331383007021942
5000,endpoint,random,4030,0.0471936821937561,0.008312611156897949
5000,endpoint,random,4040,0.04703556299209595,0.007855577458769086
5000,endpoint,random,4050,0.0470355749130249,0.007949476181127594
5000,endpoint,random,4060,0.04727272987365723,0.007793667996723018
5000,endpoint,random,4070,0.047667968273162845,0.007996514735727838
5000,endpoint,random,4080,0.048063242435455324,0.007952417770883598
5000,endpoint,random,4090,0.047905135154724124,0.007423036738809237
5000,endpoint,random,4100,0.047905135154724124,0.006899471104623187
5000,endpoint,random,4110,0.048063242435455324,0.00699615509905867
5000,endpoint,random,4120,0.047984206676483156,0.007621387407021255
5000,endpoint,random,4130,0.0483004093170166,0.007666355090480453
5000,endpoint,random,4140,0.04822133779525757,0.007910069544035357
5000,endpoint,random,4150,0.04822133779525757,0.008509504610447848
5000,endpoint,random,4160,0.0483004093170166,0.0082503728006319
5000,endpoint,random,4170,0.04837944507598877,0.007868479800312642
5000,endpoint,random,4180,0.048063254356384276,0.00774341322165527
5000,endpoint,random,4190,0.048063254356384276,0.007713091002115025
5000,endpoint,random,4200,0.047747039794921876,0.008395843041756458
5000,endpoint,random,4210,0.0476679801940918,0.008289083329592302
5000,endpoint,random,4220,0.047826087474823,0.008257944537084623
5000,endpoint,random,4230,0.047826087474823,0.008361343550445726
5000,endpoint,random,4240,0.047984182834625244,0.0077534834895574755
5000,endpoint,random,4250,0.047984194755554196,0.0080208980144287
5000,endpoint,random,4260,0.04766799211502075,0.0077282576092103485
5000,endpoint,random,4270,0.04766799211502075,0.007848616790939216
5000,endpoint,random,4280,0.048142290115356444,0.008231406905936729
5000,endpoint,random,4290,0.048063230514526364,0.008035483377789608
5000,endpoint,random,4300,0.048300397396087644,0.007701932314750942
5000,endpoint,random,4310,0.04861660003662109,0.007602904816578643
5000,endpoint,random,4320,0.04837944507598877,0.007641857403263417
5000,endpoint,random,4330,0.04869565963745117,0.007666357241658475
5000,endpoint,random,4340,0.048300397396087644,0.007696858523237811
5000,endpoint,random,4350,0.04837943315505981,0.0075648039808051985
5000,endpoint,random,4360,0.04837944507598877,0.007275304560328221
5000,endpoint,random,4370,0.04845849275588989,0.007269935455582321
5000,endpoint,random,4380,0.04837944507598877,0.00758541859913119
5000,endpoint,random,4390,0.04837945699691772,0.007595729973638038
5000,endpoint,random,4400,0.04830038547515869,0.00716058797526304
5000,endpoint,random,4410,0.04837945699691772,0.007188896076680303
5000,endpoint,random,4420,0.048300397396087644,0.007166050350477771
5000,endpoint,random,4430,0.048142290115356444,0.007225738425431615
5000,endpoint,random,4440,0.0481423020362854,0.00733304987995955
5000,endpoint,random,4450,0.04861660003662109,0.007320252303989724
5000,endpoint,random,4460,0.04869565963745117,0.007767569242611955
5000,endpoint,random,4470,0.04853755235671997,0.007517157158721376
5000,endpoint,random,4480,0.0490909218788147,0.007737347474951578
5000,endpoint,random,4490,0.049249017238616945,0.007702947589552668
5000,endpoint,random,4500,0.04885376691818237,0.008208595155424034
5000,endpoint,random,4510,0.04861661195755005,0.008646095293983644
5000,endpoint,random,4520,0.049090909957885745,0.007792664239169728
5000,endpoint,random,4530,0.0487747073173523,0.007323447923640461
5000,endpoint,random,4540,0.04861660003662109,0.007037354412431839
5000,endpoint,random,4550,0.04885375499725342,0.006934482692200115
5000,endpoint,random,4560,0.04861660003662109,0.007042902498360881
5000,endpoint,random,4570,0.0487747073173523,0.007073881874807796
5000,endpoint,random,4580,0.04885376691818237,0.006462188674079573
5000,endpoint,random,4590,0.04861658811569214,0.0063487693094235065
5000,endpoint,random,4600,0.04822132587432861,0.006205667709381821
5000,endpoint,random,4610,0.04837944507598877,0.006687914002479202
5000,endpoint,random,4620,0.04837943315505981,0.006682077700578204
5000,endpoint,random,4630,0.04885375499725342,0.006664511793469175
5000,endpoint,random,4640,0.049328064918518065,0.005757740657336158
5000,endpoint,random,4650,0.049486172199249265,0.006009997514699943
5000,endpoint,random,4660,0.049486184120178224,0.0069558572361313725
5000,endpoint,random,4670,0.04956521987915039,0.007237628234035946
5000,endpoint,random,4680,0.04964426755905151,0.007323487170324881
5000,endpoint,random,4690,0.04972331523895264,0.00718782376154278
5000,endpoint,random,4700,0.04964426755905151,0.006984988185174236
5000,endpoint,random,4710,0.04996047019958496,0.006576015896650864
5000,endpoint,random,4720,0.04996048212051392,0.0064014596712476625
5000,endpoint,random,4730,0.050355720520019534,0.006095176380356235
5000,endpoint,random,4740,0.05043478012084961,0.006389253085349722
5000,endpoint,random,4750,0.05098813772201538,0.006078490620436971
5000,endpoint,random,4760,0.05122529268264771,0.0065103634783594735
5000,endpoint,random,4770,0.05130435228347778,0.006586697696856694
5000,endpoint,random,4780,0.051778650283813475,0.006452491785250093
5000,endpoint,random,4790,0.051778662204742434,0.006817488457105066
5000,endpoint,random,4800,0.05154150724411011,0.006917571034577169
5000,endpoint,random,4810,0.05154150724411011,0.0068949331456229935
5000,endpoint,random,4820,0.05146245956420899,0.007301026303015089
5000,endpoint,random,4830,0.051541495323181155,0.007366015130544481
5000,endpoint,random,4840,0.05138339996337891,0.007053978064717019
5000,endpoint,random,4850,0.05098813772201538,0.0067599303130482504
5000,endpoint,random,4860,0.05106717348098755,0.00673910403579363
5000,endpoint,random,4870,0.05059288740158081,0.0064706236428207055
5000,endpoint,random,4880,0.050592875480651854,0.00718020003748787
5000,endpoint,random,4890,0.05075099468231201,0.007296748736753069
5000,endpoint,random,4900,0.050434792041778566,0.007450368110916929
5000,endpoint,random,4910,0.050513851642608645,0.007220344861907082
5000,endpoint,random,4920,0.05059288740158081,0.00760291488735398
5000,endpoint,random,4930,0.050355720520019534,0.007450366213622893
5000,endpoint,random,4940,0.050671935081481934,0.007941625477706458
5000,endpoint,random,4950,0.05059288740158081,0.007725237069206238
5000,endpoint,random,4960,0.050276684761047366,0.007548253398450161
5000,endpoint,random,4970,0.05083004236221313,0.007626522220341396
5000,endpoint,random,4980,0.05122529268264771,0.007355394381868326
5000,endpoint,random,4990,0.05106719732284546,0.007527540131394247
5000,endpoint,random,5000,0.05130435228347778,0.007252726961144916
5000,subset_accuracy_drop,random,0,0.0,0.0
5000,subset_accuracy_drop,random,10,0.0007114648818969726,0.0005153803968901931
5000,subset_accuracy_drop,random,20,0.0005533695220947266,0.00045066463526958296
5000,subset_accuracy_drop,random,30,0.0009486198425292969,0.0005994421187929951
5000,subset_accuracy_drop,random,40,0.0016600728034973145,0.0007070639275295428
5000,subset_accuracy_drop,random,50,0.00245058536529541,0.0008568784266553002
5000,subset_accuracy_drop,random,60,0.0030039548873901367,0.0008196110961049462
5000,subset_accuracy_drop,random,70,0.004031622409820556,0.00109678393527487
5000,subset_accuracy_drop,random,80,0.0051383495330810545,0.001936356062016652
5000,subset_accuracy_drop,random,90,0.0051383495330810545,0.002072741423701568
5000,subset_accuracy_drop,random,100,0.006086969375610351,0.001968358131319324
5000,subset_accuracy_drop,random,110,0.006403148174285889,0.0017092186463370954
5000,subset_accuracy_drop,random,120,0.007667994499206543,0.0018241806464312231
5000,subset_accuracy_drop,random,130,0.007747030258178711,0.0015205744565301483
5000,subset_accuracy_drop,random,140,0.007905137538909913,0.0015561308329835057
5000,subset_accuracy_drop,random,150,0.00877469778060913,0.0015661229472139044
5000,subset_accuracy_drop,random,160,0.008695650100708007,0.001700053924642751
5000,subset_accuracy_drop,random,170,0.008537542819976807,0.001845476668410541
5000,subset_accuracy_drop,random,180,0.00924903154373169,0.0011387318184558305
5000,subset_accuracy_drop,random,190,0.009486174583435059,0.0008384694049112971
5000,subset_accuracy_drop,random,200,0.00924900770187378,0.001067922781345771
5000,subset_accuracy_drop,random,210,0.009723317623138428,0.0010679040297801646
5000,subset_accuracy_drop,random,220,0.009723329544067382,0.001067911751444324
5000,subset_accuracy_drop,random,230,0.009960472583770752,0.0014629772800287242
5000,subset_accuracy_drop,random,240,0.010355722904205323,0.001231020413528392
5000,subset_accuracy_drop,random,250,0.010513842105865479,0.0014946579161373781
5000,subset_accuracy_drop,random,260,0.010592889785766602,0.0012929105084434536
5000,subset_accuracy_drop,random,270,0.010592889785766602,0.0012310079741233786
5000,subset_accuracy_drop,random,280,0.011225295066833497,0.0009518749637098548
5000,subset_accuracy_drop,random,290,0.011383390426635743,0.0020037493981129046
5000,subset_accuracy_drop,random,300,0.011699604988098144,0.0019880890377522538
5000,subset_accuracy_drop,random,310,0.012173914909362793,0.0018412375526296483
5000,subset_accuracy_drop,random,320,0.012727272510528565,0.0018831630710830314
5000,subset_accuracy_drop,random,330,0.01272726058959961,0.0018198893370648722
5000,subset_accuracy_drop,random,340,0.012964415550231933,0.0019037975699521517
5000,subset_accuracy_drop,random,350,0.01328061819076538,0.0021576674822449296
5000,subset_accuracy_drop,random,360,0.01312253475189209,0.0023944723765190533
5000,subset_accuracy_drop,random,370,0.013754951953887939,0.002361621041349671
5000,subset_accuracy_drop,random,380,0.013438725471496582,0.0020346981347548216
5000,subset_accuracy_drop,random,390,0.014308297634124756,0.002190019321241062
5000,subset_accuracy_drop,random,400,0.013992106914520264,0.0021026844529700357
5000,subset_accuracy_drop,random,410,0.014071154594421386,0.001968374289188337
5000,subset_accuracy_drop,random,420,0.01438734531402588,0.001887311139871038
5000,subset_accuracy_drop,random,430,0.014624512195587159,0.0023216115803008333
5000,subset_accuracy_drop,random,440,0.015256917476654053,0.0024620527883776537
5000,subset_accuracy_drop,random,450,0.015652179718017578,0.0024461170993009362
5000,subset_accuracy_drop,random,460,0.015573132038116454,0.002925967442580219
5000,subset_accuracy_drop,random,470,0.015968382358551025,0.0025091874511301133
5000,subset_accuracy_drop,random,480,0.015731227397918702,0.0027298560125732195
5000,subset_accuracy_drop,random,490,0.016442692279815672,0.002477861749206662
5000,subset_accuracy_drop,random,500,0.017628467082977294,0.0028032595236726194
5000,subset_accuracy_drop,random,510,0.018577075004577635,0.003411617588099756
5000,subset_accuracy_drop,random,520,0.01810276508331299,0.0026426213799647428
5000,subset_accuracy_drop,random,530,0.018260884284973144,0.0026129049084124122
5000,subset_accuracy_drop,random,540,0.018972337245941162,0.0029045411899051607
5000,subset_accuracy_drop,random,550,0.018893277645111083,0.002552392727065384
5000,subset_accuracy_drop,random,560,0.019367587566375733,0.002850251346755003
5000,subset_accuracy_drop,random,570,0.020000004768371583,0.0031817828582045935
5000,subset_accuracy_drop,random,580,0.01992095708847046,0.003181771381365139
5000,subset_accuracy_drop,random,590,0.019999992847442628,0.0032425607545824185
5000,subset_accuracy_drop,random,600,0.020948624610900878,0.0031744143413890346
5000,subset_accuracy_drop,random,610,0.021501982212066652,0.0037141807346250536
5000,subset_accuracy_drop,random,620,0.02158101797103882,0.004335264237046717
5000,subset_accuracy_drop,random,630,0.02173914909362793,0.004284499357556359
5000,subset_accuracy_drop,random,640,0.02189723253250122,0.004656669386444487
5000,subset_accuracy_drop,random,650,0.02158101797103882,0.004715013466075049
5000,subset_accuracy_drop,random,660,0.02166006565093994,0.005261535457032963
5000,subset_accuracy_drop,random,670,0.021581029891967772,0.004988718692308788
5000,subset_accuracy_drop,random,680,0.021264815330505372,0.004655012020284931
5000,subset_accuracy_drop,random,690,0.021501970291137696,0.004748029927598848
5000,subset_accuracy_drop,random,700,0.02166006565093994,0.00484412004769599
5000,subset_accuracy_drop,random,710,0.022055339813232423,0.005818498238858976
5000,subset_accuracy_drop,random,720,0.022055327892303467,0.006113089405196032
5000,subset_accuracy_drop,random,730,0.02173912525177002,0.006020383482871646
5000,subset_accuracy_drop,random,740,0.02189723253250122,0.005866627300408311
5000,subset_accuracy_drop,random,750,0.021897220611572267,0.005593986734463106
5000,subset_accuracy_drop,random,760,0.022450590133666994,0.005429602560610718
5000,subset_accuracy_drop,random,770,0.02229248285293579,0.0054953731010008375
5000,subset_accuracy_drop,random,780,0.022292494773864746,0.005394946743764011
5000,subset_accuracy_drop,random,790,0.02292490005493164,0.005339631554783545
5000,subset_accuracy_drop,random,800,0.02252964973449707,0.0052212883455377244
5000,subset_accuracy_drop,random,810,0.022608697414398193,0.004553188115544751
5000,subset_accuracy_drop,random,820,0.022608697414398193,0.004604376177987669
5000,subset_accuracy_drop,random,830,0.022608697414398193,0.004518759726756572
5000,subset_accuracy_drop,random,840,0.023003947734832764,0.004431465283638982
5000,subset_accuracy_drop,random,850,0.022924888134002685,0.005015262046895982
5000,subset_accuracy_drop,random,860,0.02347825765609741,0.005225784570537691
5000,subset_accuracy_drop,random,870,0.02316206693649292,0.005607932809895299
5000,subset_accuracy_drop,random,880,0.023399209976196288,0.005049411202132833
5000,subset_accuracy_drop,random,890,0.023873519897460938,0.005509575639176272
5000,subset_accuracy_drop,random,900,0.023873519897460938,0.005394948490570277
5000,subset_accuracy_drop,random,910,0.02411067485809326,0.005115497153270515
5000,subset_accuracy_drop,random,920,0.02442687749862671,0.005283769631736554
5000,subset_accuracy_drop,random,930,0.024189722537994385,0.005327934205686304
5000,subset_accuracy_drop,random,940,0.024664020538330077,0.005466887284528561
5000,subset_accuracy_drop,random,950,0.025296449661254883,0.005419508685167563
5000,subset_accuracy_drop,random,960,0.02569171190261841,0.00521382932431653
5000,subset_accuracy_drop,random,970,0.025770747661590578,0.004638185093178833
5000,subset_accuracy_drop,random,980,0.025849807262420654,0.004731558213016862
5000,subset_accuracy_drop,random,990,0.02584981918334961,0.0046145374841896625
5000,subset_accuracy_drop,random,1000,0.025928854942321777,0.004442043628153673
5000,subset_accuracy_drop,random,1010,0.02632410526275635,0.00431718494719199
5000,subset_accuracy_drop,random,1020,0.025849807262420654,0.004572043368086238
5000,subset_accuracy_drop,random,1030,0.026166021823883057,0.004440294745274728
5000,subset_accuracy_drop,random,1040,0.026086950302124025,0.004816641242920445
5000,subset_accuracy_drop,random,1050,0.0260079026222229,0.0047050734140776495
5000,subset_accuracy_drop,random,1060,0.02577075958251953,0.00497929879900666
5000,subset_accuracy_drop,random,1070,0.026086950302124025,0.004865047257669312
5000,subset_accuracy_drop,random,1080,0.026324117183685304,0.0051276821266538165
5000,subset_accuracy_drop,random,1090,0.026403164863586424,0.005378992167601578
5000,subset_accuracy_drop,random,1100,0.026403164863586424,0.005231761518122162
5000,subset_accuracy_drop,random,1110,0.026798439025878907,0.005201807652043287
5000,subset_accuracy_drop,random,1120,0.02687746286392212,0.005882563459211213
5000,subset_accuracy_drop,random,1130,0.02750988006591797,0.005731920978069628
5000,subset_accuracy_drop,random,1140,0.027351784706115722,0.0059904700308813655
5000,subset_accuracy_drop,random,1150,0.027193677425384522,0.00630804495549547
5000,subset_accuracy_drop,random,1160,0.027193665504455566,0.006338931812319159
5000,subset_accuracy_drop,random,1170,0.027588927745819093,0.00672169942554645
5000,subset_accuracy_drop,random,1180,0.027588939666748045,0.006497163394638252
5000,subset_accuracy_drop,random,1190,0.027430832386016846,0.006444039115014427
5000,subset_accuracy_drop,random,1200,0.02750988006591797,0.006401484513157624
5000,subset_accuracy_drop,random,1210,0.02750988006591797,0.00625332159584868
5000,subset_accuracy_drop,random,1220,0.028221356868743896,0.005985263973583596
5000,subset_accuracy_drop,random,1230,0.028774714469909667,0.006710065947090838
5000,subset_accuracy_drop,random,1240,0.02932807207107544,0.006479080355988244
5000,subset_accuracy_drop,random,1250,0.029802358150482176,0.006364746918805471
5000,subset_accuracy_drop,random,1260,0.030039525032043456,0.0062807402500564624
5000,subset_accuracy_drop,random,1270,0.029802381992340088,0.006407557093559387
5000,subset_accuracy_drop,random,1280,0.029802381992340088,0.00624080601706709
5000,subset_accuracy_drop,random,1290,0.029960477352142335,0.006283239687372705
5000,subset_accuracy_drop,random,1300,0.03011857271194458,0.0067275260429619935
5000,subset_accuracy_drop,random,1310,0.030039525032043456,0.006666867001371556
5000,subset_accuracy_drop,random,1320,0.03051382303237915,0.006460991739214401
5000,subset_accuracy_drop,random,1330,0.030276691913604735,0.006682073822278522
5000,subset_accuracy_drop,random,1340,0.030513834953308106,0.00662217742086816
5000,subset_accuracy_drop,random,1350,0.03067193031311035,0.006358628822931835
5000,subset_accuracy_drop,random,1360,0.02972332239151001,0.007138743375218218
5000,subset_accuracy_drop,random,1370,0.02988142967224121,0.0072105977249360504
5000,subset_accuracy_drop,random,1380,0.029802370071411132,0.006923221407840583
5000,subset_accuracy_drop,random,1390,0.030434787273406982,0.006959221031507825
5000,subset_accuracy_drop,random,1400,0.030513834953308106,0.006645740051386513
5000,subset_accuracy_drop,random,1410,0.03083004951477051,0.006584338680072166
5000,subset_accuracy_drop,random,1420,0.031067192554473877,0.00652834128073087
5000,subset_accuracy_drop,random,1430,0.030830037593841553,0.006631607368288914
5000,subset_accuracy_drop,random,1440,0.031146228313446045,0.006061757376486822
5000,subset_accuracy_drop,random,1450,0.031146240234375,0.006779559393322
5000,subset_accuracy_drop,random,1460,0.030909085273742677,0.006675045978901412
5000,subset_accuracy_drop,random,1470,0.031304347515106204,0.007089330019098441
5000,subset_accuracy_drop,random,1480,0.031225299835205077,0.007362835586152635
5000,subset_accuracy_drop,random,1490,0.031067192554473877,0.0070073408639103095
5000,subset_accuracy_drop,random,1500,0.031383407115936277,0.00723224044301513
5000,subset_accuracy_drop,random,1510,0.03169959783554077,0.006245815295824527
5000,subset_accuracy_drop,random,1520,0.031462442874908444,0.006095188942276242
5000,subset_accuracy_drop,random,1530,0.03177865743637085,0.005621835279670887
5000,subset_accuracy_drop,random,1540,0.03169959783554077,0.006093886096041179
5000,subset_accuracy_drop,random,1550,0.031699609756469724,0.005696370014933839
5000,subset_accuracy_drop,random,1560,0.03177864551544189,0.0057861800904233365
5000,subset_accuracy_drop,random,1570,0.03193676471710205,0.004939949610124779
5000,subset_accuracy_drop,random,1580,0.0320948600769043,0.004892255387024055
5000,subset_accuracy_drop,random,1590,0.0320948600769043,0.004721634030611519
5000,subset_accuracy_drop,random,1600,0.03296443223953247,0.004477079364129087
5000,subset_accuracy_drop,random,1610,0.03280632495880127,0.0046348161383060315
5000,subset_accuracy_drop,random,1620,0.03304347991943359,0.0047150077199597466
5000,subset_accuracy_drop,random,1630,0.0335178017616272,0.005041671031711874
5000,subset_accuracy_drop,random,1640,0.033913040161132814,0.004360403710355969
5000,subset_accuracy_drop,random,1650,0.03399207592010498,0.0038423464473263417
5000,subset_accuracy_drop,random,1660,0.03438735008239746,0.004173683125811157
5000,subset_accuracy_drop,random,1670,0.03454545736312866,0.004046332650829914
5000,subset_accuracy_drop,random,1680,0.03446639776229858,0.004413813954635859
5000,subset_accuracy_drop,random,1690,0.03446640968322754,0.0044666032486659615
5000,subset_accuracy_drop,random,1700,0.03438735008239746,0.004164295765584656
5000,subset_accuracy_drop,random,1710,0.03430829048156738,0.004561757970253701
5000,subset_accuracy_drop,random,1720,0.03399209976196289,0.004284502106939188
5000,subset_accuracy_drop,random,1730,0.034940695762634276,0.004459584280291019
5000,subset_accuracy_drop,random,1740,0.03478261232376099,0.004873082481443283
5000,subset_accuracy_drop,random,1750,0.03454544544219971,0.004877874079170647
5000,subset_accuracy_drop,random,1760,0.03470356464385986,0.0049635898643382815
5000,subset_accuracy_drop,random,1770,0.03470356464385986,0.005164132973648436
5000,subset_accuracy_drop,random,1780,0.03446639776229858,0.004342450517659217
5000,subset_accuracy_drop,random,1790,0.03446640968322754,0.003956529117418808
5000,subset_accuracy_drop,random,1800,0.03462450504302979,0.003486366230085203
5000,subset_accuracy_drop,random,1810,0.03486166000366211,0.003946653329591481
5000,subset_accuracy_drop,random,1820,0.035177862644195555,0.004136077051164927
5000,subset_accuracy_drop,random,1830,0.035415029525756835,0.0038484369138527224
5000,subset_accuracy_drop,random,1840,0.03573122024536133,0.0037663668002995802
5000,subset_accuracy_drop,random,1850,0.03565218448638916,0.003784992400176221
5000,subset_accuracy_drop,random,1860,0.035098814964294435,0.003946654821871015
5000,subset_accuracy_drop,random,1870,0.03470356464385986,0.003701524770998932
5000,subset_accuracy_drop,random,1880,0.035098814964294435,0.0032641722644166813
5000,subset_accuracy_drop,random,1890,0.034940707683563235,0.0032903786549883067
5000,subset_accuracy_drop,random,1900,0.034940695762634276,0.003107233774142862
5000,subset_accuracy_drop,random,1910,0.035177874565124514,0.0029179477550406183
5000,subset_accuracy_drop,random,1920,0.035019755363464355,0.0028171560653907934
5000,subset_accuracy_drop,random,1930,0.03501976728439331,0.0029919551126860286
5000,subset_accuracy_drop,random,1940,0.035494065284729,0.0035944531999396747
5000,subset_accuracy_drop,random,1950,0.0356521725654602,0.003701535272846726
5000,subset_accuracy_drop,random,1960,0.0356521725654602,0.003381713542019685
5000,subset_accuracy_drop,random,1970,0.03557312488555908,0.0033304935733806424
5000,subset_accuracy_drop,random,1980,0.035494065284729,0.003866664158557911
5000,subset_accuracy_drop,random,1990,0.035256922245025635,0.0034389848143942187
5000,subset_accuracy_drop,random,2000,0.03486166000366211,0.0033585366422435375
5000,subset_accuracy_drop,random,2010,0.03478260040283203,0.0035020044624067127
5000,subset_accuracy_drop,random,2020,0.035256922245025635,0.003701533999822899
5000,subset_accuracy_drop,random,2030,0.03541501760482788,0.003475131527486719
5000,subset_accuracy_drop,random,2040,0.035415029525756835,0.0034070304593311787
5000,subset_accuracy_drop,random,2050,0.03501976728439331,0.003441243297813917
5000,subset_accuracy_drop,random,2060,0.0353359580039978,0.0038787697907636705
5000,subset_accuracy_drop,random,2070,0.03525691032409668,0.0037953050117277725
5000,subset_accuracy_drop,random,2080,0.03478261232376099,0.00415492263498173
5000,subset_accuracy_drop,random,2090,0.03525691032409668,0.0049871579764718295
5000,subset_accuracy_drop,random,2100,0.03549407720565796,0.005133805184197028
5000,subset_accuracy_drop,random,2110,0.03581027984619141,0.004973036671073778
5000,subset_accuracy_drop,random,2120,0.03604743480682373,0.005164144606890726
5000,subset_accuracy_drop,random,2130,0.03612649440765381,0.005104799991548532
5000,subset_accuracy_drop,random,2140,0.036442685127258304,0.005201807652043287
5000,subset_accuracy_drop,random,2150,0.036679840087890624,0.005194310905123068
5000,subset_accuracy_drop,random,2160,0.03683794736862182,0.005305892209190357
5000,subset_accuracy_drop,random,2170,0.0373913049697876,0.005537840601393423
5000,subset_accuracy_drop,random,2180,0.037628459930419925,0.006151294347609004
5000,subset_accuracy_drop,random,2190,0.037549400329589845,0.006091317084089644
5000,subset_accuracy_drop,random,2200,0.0373913049697876,0.00618424323532256
5000,subset_accuracy_drop,random,2210,0.037628448009490965,0.006332765525276549
5000,subset_accuracy_drop,random,2220,0.037549400329589845,0.006560560015245276
5000,subset_accuracy_drop,random,2230,0.03715416193008423,0.006354933413799451
5000,subset_accuracy_drop,random,2240,0.037628459930419925,0.006639858696404063
5000,subset_accuracy_drop,random,2250,0.03770751953125,0.006832349185431613
5000,subset_accuracy_drop,random,2260,0.037865614891052245,0.006539101139266856
5000,subset_accuracy_drop,random,2270,0.03802371025085449,0.006503163658399589
5000,subset_accuracy_drop,random,2280,0.03818181753158569,0.005899796176392953
5000,subset_accuracy_drop,random,2290,0.038102781772613524,0.0055448943672706304
5000,subset_accuracy_drop,random,2300,0.03810276985168457,0.005690906511425166
5000,subset_accuracy_drop,random,2310,0.038893282413482666,0.005846605673134709
5000,subset_accuracy_drop,random,2320,0.038893270492553714,0.006095182178191105
5000,subset_accuracy_drop,random,2330,0.038735175132751466,0.006129685403605685
5000,subset_accuracy_drop,random,2340,0.03920947313308716,0.005613503931103261
5000,subset_accuracy_drop,random,2350,0.039051365852355954,0.005164127270978062
5000,subset_accuracy_drop,random,2360,0.0384980320930481,0.00521830488783721
5000,subset_accuracy_drop,random,2370,0.03857707977294922,0.005233236230944151
5000,subset_accuracy_drop,random,2380,0.038023722171783444,0.005465430786736386
5000,subset_accuracy_drop,random,2390,0.03849800825119019,0.004877869249414105
5000,subset_accuracy_drop,random,2400,0.03849802017211914,0.0045377079368720905
5000,subset_accuracy_drop,random,2410,0.03865612745285034,0.0048521882277801345
5000,subset_accuracy_drop,random,2420,0.039051401615142825,0.004570304796575561
5000,subset_accuracy_drop,random,2430,0.03984190225601196,0.005018373962716153
5000,subset_accuracy_drop,random,2440,0.04015810489654541,0.00562878211362898
5000,subset_accuracy_drop,random,2450,0.040316212177276614,0.005339652512442234
5000,subset_accuracy_drop,random,2460,0.040316212177276614,0.005130736188775522
5000,subset_accuracy_drop,random,2470,0.040237140655517575,0.005557549890325349
5000,subset_accuracy_drop,random,2480,0.04079052209854126,0.004770994198055116
5000,subset_accuracy_drop,random,2490,0.04086956977844238,0.005127706247817414
5000,subset_accuracy_drop,random,2500,0.04071146249771118,0.005842592670747405
5000,subset_accuracy_drop,random,2510,0.0407905101776123,0.005845265759121654
5000,subset_accuracy_drop,random,2520,0.041660082340240476,0.005839921787913339
5000,subset_accuracy_drop,random,2530,0.04189722537994385,0.005875923884375853
5000,subset_accuracy_drop,random,2540,0.04181817770004272,0.006132212985342639
5000,subset_accuracy_drop,random,2550,0.041660082340240476,0.006139862584444077
5000,subset_accuracy_drop,random,2560,0.04189722537994385,0.00648268700751002
5000,subset_accuracy_drop,random,2570,0.04197628498077392,0.0063142400478288525
5000,subset_accuracy_drop,random,2580,0.04205533266067505,0.006139858363649092
5000,subset_accuracy_drop,random,2590,0.04213438034057617,0.006037226720111878
5000,subset_accuracy_drop,random,2600,0.04221343994140625,0.006144956451656895
5000,subset_accuracy_drop,random,2610,0.04229249954223633,0.0061930581098716625
5000,subset_accuracy_drop,random,2620,0.0425296425819397,0.006860876607290931
5000,subset_accuracy_drop,random,2630,0.042766797542572024,0.007236570465098279
5000,subset_accuracy_drop,random,2640,0.04245059490203858,0.006746049255926434
5000,subset_accuracy_drop,random,2650,0.04260869026184082,0.006768013883177071
5000,subset_accuracy_drop,random,2660,0.04237154722213745,0.006326597510647413
5000,subset_accuracy_drop,random,2670,0.0422134518623352,0.006239573788625973
5000,subset_accuracy_drop,random,2680,0.0425296425819397,0.006687905019697223
5000,subset_accuracy_drop,random,2690,0.04260870218276978,0.006796812896890904
5000,subset_accuracy_drop,random,2700,0.04316204786300659,0.006715896167716941
5000,subset_accuracy_drop,random,2710,0.042924904823303224,0.006641035100261571
5000,subset_accuracy_drop,random,2720,0.04260870218276978,0.006182976110170773
5000,subset_accuracy_drop,random,2730,0.0425296425819397,0.005991769216588175
5000,subset_accuracy_drop,random,2740,0.042766797542572024,0.005592573869316895
5000,subset_accuracy_drop,random,2750,0.042924904823303224,0.0054021674682035335
5000,subset_accuracy_drop,random,2760,0.042845845222473145,0.005965632032185464
5000,subset_accuracy_drop,random,2770,0.04260870218276978,0.005858627584093327
5000,subset_accuracy_drop,random,2780,0.043241119384765624,0.005731923444177272
5000,subset_accuracy_drop,random,2790,0.043241119384765624,0.005452548926957618
5000,subset_accuracy_drop,random,2800,0.04371541738510132,0.0058532835358794345
5000,subset_accuracy_drop,random,2810,0.0437944769859314,0.005655090216594845
5000,subset_accuracy_drop,random,2820,0.04387352466583252,0.00563154916063828
5000,subset_accuracy_drop,random,2830,0.04434782266616821,0.006357381076606103
5000,subset_accuracy_drop,random,2840,0.043952572345733645,0.006831219695341085
5000,subset_accuracy_drop,random,2850,0.04403163194656372,0.006629278370131516
5000,subset_accuracy_drop,random,2860,0.04403163194656372,0.006872263194621123
5000,subset_accuracy_drop,random,2870,0.044189727306365965,0.006796832134289814
5000,subset_accuracy_drop,random,2880,0.04387352466583252,0.006777262293434704
5000,subset_accuracy_drop,random,2890,0.04434782266616821,0.006176660996802414
5000,subset_accuracy_drop,random,2900,0.04466403722763061,0.006742614926803947
5000,subset_accuracy_drop,random,2910,0.04458497762680054,0.006704270716538223
5000,subset_accuracy_drop,random,2920,0.04426877498626709,0.006299367425068321
5000,subset_accuracy_drop,random,2930,0.04498023986816406,0.006497147621174854
5000,subset_accuracy_drop,random,2940,0.04490118026733399,0.006605640971055653
5000,subset_accuracy_drop,random,2950,0.04505928754806519,0.006548639204010553
5000,subset_accuracy_drop,random,2960,0.04442688226699829,0.006222033059936259
5000,subset_accuracy_drop,random,2970,0.04442688226699829,0.006717049258693224
5000,subset_accuracy_drop,random,2980,0.04482213258743286,0.006389270046958599
5000,subset_accuracy_drop,random,2990,0.04490119218826294,0.006315479530738586
5000,subset_accuracy_drop,random,3000,0.04498025178909302,0.006485123143875345
5000,subset_accuracy_drop,random,3010,0.04521739482879639,0.006593820776397132
5000,subset_accuracy_drop,random,3020,0.045217382907867434,0.007040685963662183
5000,subset_accuracy_drop,random,3030,0.045612633228302,0.007106942290177776
5000,subset_accuracy_drop,random,3040,0.04608695507049561,0.007355416001874432
5000,subset_accuracy_drop,random,3050,0.0457707405090332,0.0070727906232803716
5000,subset_accuracy_drop,random,3060,0.045849812030792234,0.006730996421786805
5000,subset_accuracy_drop,random,3070,0.0457707405090332,0.007022915082702927
5000,subset_accuracy_drop,random,3080,0.04584980010986328,0.006947985093181469
5000,subset_accuracy_drop,random,3090,0.045849812030792234,0.007142036043076427
5000,subset_accuracy_drop,random,3100,0.04632411003112793,0.0065569942215774266
5000,subset_accuracy_drop,random,3110,0.046403157711029056,0.006234537955800531
5000,subset_accuracy_drop,random,3120,0.04616601467132568,0.005964328140727162
5000,subset_accuracy_drop,random,3130,0.04632411003112793,0.00632042347674022
5000,subset_accuracy_drop,random,3140,0.04616601467132568,0.005911716497017952
5000,subset_accuracy_drop,random,3150,0.04592885971069336,0.005443959376919936
5000,subset_accuracy_drop,random,3160,0.045849812030792234,0.005961710018076842
5000,subset_accuracy_drop,random,3170,0.04608696699142456,0.006284482847778667
5000,subset_accuracy_drop,random,3180,0.04600790739059448,0.005978738846038413
5000,subset_accuracy_drop,random,3190,0.04648221731185913,0.006107996733070383
5000,subset_accuracy_drop,random,3200,0.046798431873321535,0.005985237207395972
5000,subset_accuracy_drop,random,3210,0.046719372272491455,0.0059248978475718245
5000,subset_accuracy_drop,random,3220,0.046561264991760255,0.005905100924032615
5000,subset_accuracy_drop,random,3230,0.04632411003112793,0.005730564732108442
5000,subset_accuracy_drop,random,3240,0.04608695507049561,0.005516644406395091
5000,subset_accuracy_drop,random,3250,0.04577075242996216,0.005750957179014359
5000,subset_accuracy_drop,random,3260,0.045454549789428714,0.0057550434948568825
5000,subset_accuracy_drop,random,3270,0.045533597469329834,0.005977426974845595
5000,subset_accuracy_drop,random,3280,0.04577075242996216,0.006375781389407832
5000,subset_accuracy_drop,random,3290,0.045375502109527587,0.006479103082149462
5000,subset_accuracy_drop,random,3300,0.04600790739059448,0.006327831966844501
5000,subset_accuracy_drop,random,3310,0.04584980010986328,0.0065605492421727755
5000,subset_accuracy_drop,random,3320,0.04584978818893433,0.006391685394055775
5000,subset_accuracy_drop,random,3330,0.0457707405090332,0.006406334322353027
5000,subset_accuracy_drop,random,3340,0.045533597469329834,0.00641243059973612
5000,subset_accuracy_drop,random,3350,0.045454537868499754,0.0059024543350295194
5000,subset_accuracy_drop,random,3360,0.045533597469329834,0.006125847271249733
5000,subset_accuracy_drop,random,3370,0.045375490188598634,0.005891839096535554
5000,subset_accuracy_drop,random,3380,0.045138347148895266,0.005508137486740462
5000,subset_accuracy_drop,random,3390,0.04498025178909302,0.00565507875997117
5000,subset_accuracy_drop,random,3400,0.04513835906982422,0.005924898841599192
5000,subset_accuracy_drop,random,3410,0.04521740674972534,0.005765868703182155
5000,subset_accuracy_drop,random,3420,0.04505927562713623,0.005994375979098374
5000,subset_accuracy_drop,random,3430,0.04490118026733399,0.006234540978821904
5000,subset_accuracy_drop,random,3440,0.04569171667098999,0.006699585595123565
5000,subset_accuracy_drop,random,3450,0.045612657070159913,0.0065641253076394596
5000,subset_accuracy_drop,random,3460,0.04592885971069336,0.006195579801324184
5000,subset_accuracy_drop,random,3470,0.04592885971069336,0.005885228200383816
5000,subset_accuracy_drop,random,3480,0.045849812030792234,0.006000888422061827
5000,subset_accuracy_drop,random,3490,0.045612657070159913,0.005826520300282876
5000,subset_accuracy_drop,random,3500,0.04624506235122681,0.00550529386182536
5000,subset_accuracy_drop,random,3510,0.04656127691268921,0.006208174791840366
5000,subset_accuracy_drop,random,3520,0.046561264991760255,0.005479692014080642
5000,subset_accuracy_drop,random,3530,0.0468774676322937,0.005765879122362087
5000,subset_accuracy_drop,random,3540,0.04711462259292602,0.0054151593900780585
5000,subset_accuracy_drop,random,3550,0.04766799211502075,0.005839912509358927
5000,subset_accuracy_drop,random,3560,0.048142290115356444,0.006785316014528112
5000,subset_accuracy_drop,random,3570,0.047984182834625244,0.006843777900603152
5000,subset_accuracy_drop,random,3580,0.047747039794921876,0.00691078779514061
5000,subset_accuracy_drop,random,3590,0.04758894443511963,0.006985006567028527
5000,subset_accuracy_drop,random,3600,0.04743082523345947,0.007087125844038428
5000,subset_accuracy_drop,random,3610,0.047984182834625244,0.007408315972969237
5000,subset_accuracy_drop,random,3620,0.047826087474823,0.00757719832378622
5000,subset_accuracy_drop,random,3630,0.047905123233795165,0.007333061606441756
5000,subset_accuracy_drop,random,3640,0.04735177755355835,0.0070284690359281735
5000,subset_accuracy_drop,random,3650,0.04758893251419068,0.006877935717830722
5000,subset_accuracy_drop,random,3660,0.04743084907531738,0.006548637405176989
5000,subset_accuracy_drop,random,3670,0.0476679801940918,0.006740277448703428
5000,subset_accuracy_drop,random,3680,0.04766799211502075,0.006734464662377182
5000,subset_accuracy_drop,random,3690,0.047826075553894044,0.006542675604592134
5000,subset_accuracy_drop,random,3700,0.04750989675521851,0.006978276893564365
5000,subset_accuracy_drop,random,3710,0.04695652723312378,0.006950230513782812
5000,subset_accuracy_drop,random,3720,0.0470355749130249,0.006953613801949719
5000,subset_accuracy_drop,random,3730,0.04671938419342041,0.006944606695821791
5000,subset_accuracy_drop,random,3740,0.04711462259292602,0.0068140306657933376
5000,subset_accuracy_drop,random,3750,0.04743082523345947,0.006987228457915938
5000,subset_accuracy_drop,random,3760,0.04743083715438843,0.006613916857568853
5000,subset_accuracy_drop,random,3770,0.04766800403594971,0.006951353036802632
5000,subset_accuracy_drop,random,3780,0.04719367027282715,0.0070628281808037124
5000,subset_accuracy_drop,random,3790,0.04750989675521851,0.00712778944205776
5000,subset_accuracy_drop,random,3800,0.047905123233795165,0.006750685379180407
5000,subset_accuracy_drop,random,3810,0.04758893251419068,0.006635146201685747
5000,subset_accuracy_drop,random,3820,0.0476679801940918,0.0066820683574740055
5000,subset_accuracy_drop,random,3830,0.047905147075653076,0.007122313931329689
5000,subset_accuracy_drop,random,3840,0.047905135154724124,0.006967068305613218
5000,subset_accuracy_drop,random,3850,0.047826087474823,0.007152964700907171
5000,subset_accuracy_drop,random,3860,0.047826087474823,0.00681747204255625
5000,subset_accuracy_drop,random,3870,0.04822134971618652,0.00753066264926082
5000,subset_accuracy_drop,random,3880,0.04822134971618652,0.007949499149114162
5000,subset_accuracy_drop,random,3890,0.048063242435455324,0.007697889004474471
5000,subset_accuracy_drop,random,3900,0.047826087474823,0.007900208419174711
5000,subset_accuracy_drop,random,3910,0.04758892059326172,0.007932761077455474
5000,subset_accuracy_drop,random,3920,0.04750988483428955,0.008000404769818007
5000,subset_accuracy_drop,random,3930,0.0476679801940918,0.007853583990707498
5000,subset_accuracy_drop,random,3940,0.04774702787399292,0.007732306215071185
5000,subset_accuracy_drop,random,3950,0.047826087474823,0.007905127853233468
5000,subset_accuracy_drop,random,3960,0.047984194755554196,0.007843645544499508
5000,subset_accuracy_drop,random,3970,0.048300397396087644,0.007777636707413236
5000,subset_accuracy_drop,random,3980,0.04845850467681885,0.007908126753261052
5000,subset_accuracy_drop,random,3990,0.04837944507598877,0.007972046240070549
5000,subset_accuracy_drop,random,4000,0.04861660003662109,0.007860553297489508
5000,subset_accuracy_drop,random,4010,0.04822133779525757,0.007613188948945352
5000,subset_accuracy_drop,random,4020,0.04885376691818237,0.007512988851241398
5000,subset_accuracy_drop,random,4030,0.049090909957885745,0.007433553871264968
5000,subset_accuracy_drop,random,4040,0.049090909957885745,0.007370237152646245
5000,subset_accuracy_drop,random,4050,0.049328076839447024,0.007897232913749254
5000,subset_accuracy_drop,random,4060,0.04948616027832031,0.007995539979420188
5000,subset_accuracy_drop,random,4070,0.049565231800079344,0.007466062753806436
5000,subset_accuracy_drop,random,4080,0.04980236291885376,0.007420934063404093
5000,subset_accuracy_drop,random,4090,0.04996047019958496,0.007873447933910795
5000,subset_accuracy_drop,random,4100,0.05003951787948609,0.007788665308081787
5000,subset_accuracy_drop,random,4110,0.049328064918518065,0.007454544728542961
5000,subset_accuracy_drop,random,4120,0.04901186227798462,0.007223575547444032
5000,subset_accuracy_drop,random,4130,0.04916996955871582,0.0071616632170502445
5000,subset_accuracy_drop,random,4140,0.04964426755905151,0.0072214322485792595
5000,subset_accuracy_drop,random,4150,0.04940711259841919,0.007725234781972339
5000,subset_accuracy_drop,random,4160,0.049328064918518065,0.008015041681897121
5000,subset_accuracy_drop,random,4170,0.04972331523895264,0.00815514573677654
5000,subset_accuracy_drop,random,4180,0.04980236291885376,0.00845886800582638
5000,subset_accuracy_drop,random,4190,0.04988143444061279,0.008221915289096278
5000,subset_accuracy_drop,random,4200,0.04996048212051392,0.008141721864435535
5000,subset_accuracy_drop,random,4210,0.04996049404144287,0.007947520346227826
5000,subset_accuracy_drop,random,4220,0.04988142251968384,0.007712062857607616
5000,subset_accuracy_drop,random,4230,0.04964426755905151,0.007662265795389293
5000,subset_accuracy_drop,random,4240,0.04988142251968384,0.007568930835841321
5000,subset_accuracy_drop,random,4250,0.04996047019958496,0.007962254179798449
5000,subset_accuracy_drop,random,4260,0.05003951787948609,0.007937692094482127
5000,subset_accuracy_drop,random,4270,0.04972331523895264,0.007812694231252212
5000,subset_accuracy_drop,random,4280,0.04988143444061279,0.00812155685461915
5000,subset_accuracy_drop,random,4290,0.04988142251968384,0.008231414776675767
5000,subset_accuracy_drop,random,4300,0.05003952980041504,0.008045198900921513
5000,subset_accuracy_drop,random,4310,0.04988141059875488,0.007842644128065167
5000,subset_accuracy_drop,random,4320,0.05011857748031616,0.007956370523593784
5000,subset_accuracy_drop,random,4330,0.05011857748031616,0.008019929306152597
5000,subset_accuracy_drop,random,4340,0.050355732440948486,0.007748459417116313
5000,subset_accuracy_drop,random,4350,0.05003952980041504,0.008180018801096818
5000,subset_accuracy_drop,random,4360,0.05003952980041504,0.007728263401322153
5000,subset_accuracy_drop,random,4370,0.04980237483978271,0.007566879287282327
5000,subset_accuracy_drop,random,4380,0.049407124519348145,0.007587493235162475
5000,subset_accuracy_drop,random,4390,0.04988142251968384,0.007532727970929072
5000,subset_accuracy_drop,random,4400,0.04996048212051392,0.007073873548713122
5000,subset_accuracy_drop,random,4410,0.05003952980041504,0.006984977898097688
5000,subset_accuracy_drop,random,4420,0.05011858940124512,0.006899453348578448
5000,subset_accuracy_drop,random,4430,0.05083003044128418,0.006984989534292069
5000,subset_accuracy_drop,random,4440,0.050276684761047366,0.006562939245923912
5000,subset_accuracy_drop,random,4450,0.050355732440948486,0.00585327649224681
5000,subset_accuracy_drop,random,4460,0.05059288740158081,0.005849277128933873
5000,subset_accuracy_drop,random,4470,0.05098813772201538,0.006136055198753789
5000,subset_accuracy_drop,random,4480,0.05083004236221313,0.006358608445005602
5000,subset_accuracy_drop,random,4490,0.0510671854019165,0.006796827974866008
5000,subset_accuracy_drop,random,4500,0.05122530460357666,0.006849486225087958
5000,subset_accuracy_drop,random,4510,0.05098813772201538,0.007250563523422275
5000,subset_accuracy_drop,random,4520,0.050671935081481934,0.0069670732087876355
5000,subset_accuracy_drop,random,4530,0.050355720520019534,0.00649234061155307
5000,subset_accuracy_drop,random,4540,0.050513839721679686,0.0062458120896408485
5000,subset_accuracy_drop,random,4550,0.050750982761383054,0.006468228484836569
5000,subset_accuracy_drop,random,4560,0.05067192316055298,0.006515149777427821
5000,subset_accuracy_drop,random,4570,0.0510671854019165,0.0063635024084064025
5000,subset_accuracy_drop,random,4580,0.0510671854019165,0.006574820334420271
5000,subset_accuracy_drop,random,4590,0.050513839721679686,0.006922064712589544
5000,subset_accuracy_drop,random,4600,0.050671935081481934,0.007214929307171012
5000,subset_accuracy_drop,random,4610,0.05027667284011841,0.007274232189983323
5000,subset_accuracy_drop,random,4620,0.050276684761047366,0.0072095015149576044
5000,subset_accuracy_drop,random,4630,0.05043478012084961,0.00784363187810596
5000,subset_accuracy_drop,random,4640,0.050513827800750734,0.0075534521197619
5000,subset_accuracy_drop,random,4650,0.050750982761383054,0.007429360062216642
5000,subset_accuracy_drop,random,4660,0.05098814964294433,0.007760538896850466
5000,subset_accuracy_drop,random,4670,0.05154150724411011,0.008103265157502459
5000,subset_accuracy_drop,random,4680,0.05122529268264771,0.00739774990389913
5000,subset_accuracy_drop,random,4690,0.05106719732284546,0.008193357788208538
5000,subset_accuracy_drop,random,4700,0.05083004236221313,0.008184788191539873
5000,subset_accuracy_drop,random,4710,0.05083004236221313,0.008769896555275068
5000,subset_accuracy_drop,random,4720,0.051462435722351076,0.008367893915330993
5000,subset_accuracy_drop,random,4730,0.05146244764328003,0.008511343347518985
5000,subset_accuracy_drop,random,4740,0.05114624500274658,0.008331409870715397
5000,subset_accuracy_drop,random,4750,0.05098814964294433,0.0075150950816688655
5000,subset_accuracy_drop,random,4760,0.05106719732284546,0.007284969163847669
5000,subset_accuracy_drop,random,4770,0.05130435228347778,0.0074125301106234285
5000,subset_accuracy_drop,random,4780,0.05059288740158081,0.0076592116944145154
5000,subset_accuracy_drop,random,4790,0.050750982761383054,0.007355385573610026
5000,subset_accuracy_drop,random,4800,0.050434792041778566,0.007221422950746793
5000,subset_accuracy_drop,random,4810,0.050355732440948486,0.007205184162858581
5000,subset_accuracy_drop,random,4820,0.04988142251968384,0.006944620944070178
5000,subset_accuracy_drop,random,4830,0.05003951787948609,0.006769173061715339
5000,subset_accuracy_drop,random,4840,0.05083003044128418,0.006456129163980194
5000,subset_accuracy_drop,random,4850,0.050750982761383054,0.006558161780262539
5000,subset_accuracy_drop,random,4860,0.05067192316055298,0.0062582999641779885
5000,subset_accuracy_drop,random,4870,0.050671935081481934,0.006332737251735125
5000,subset_accuracy_drop,random,4880,0.05059288740158081,0.006148750087831543
5000,subset_accuracy_drop,random,4890,0.05075099468231201,0.006082328811173919
5000,subset_accuracy_drop,random,4900,0.05106719732284546,0.006042399314172843
5000,subset_accuracy_drop,random,4910,0.05130435228347778,0.005885221795451161
5000,subset_accuracy_drop,random,4920,0.05122528076171875,0.005879903320233511
5000,subset_accuracy_drop,random,4930,0.05114624500274658,0.006177910540549809
5000,subset_accuracy_drop,random,4940,0.05098814964294433,0.006193054305754692
5000,subset_accuracy_drop,random,4950,0.05075099468231201,0.006107982076094344
5000,subset_accuracy_drop,random,4960,0.050671935081481934,0.006562930989504592
5000,subset_accuracy_drop,random,4970,0.050513815879821775,0.006545063136213636
5000,subset_accuracy_drop,random,4980,0.05083004236221313,0.006815171646842832
5000,subset_accuracy_drop,random,4990,0.05090909004211426,0.006933355568907095
5000,subset_accuracy_drop,random,5000,0.05130435228347778,0.007252726961144916
5000,subset_accuracy_drop,subset_score_asc,0,0.0,0.0
5000,subset_accuracy_drop,subset_score_asc,10,-0.002924907207489014,0.0007704782970343473
5000,subset_accuracy_drop,subset_score_asc,20,-0.005138325691223145,0.0018327093392701813
5000,subset_accuracy_drop,subset_score_asc,30,-0.006403160095214844,0.0022774139823676263
5000,subset_accuracy_drop,subset_score_asc,40,-0.0076679825782775875,0.0026008990707063096
5000,subset_accuracy_drop,subset_score_asc,50,-0.008853733539581299,0.0023316771714572454
5000,subset_accuracy_drop,subset_score_asc,60,-0.0102766752243042,0.002904522939714334
5000,subset_accuracy_drop,subset_score_asc,70,-0.011146247386932373,0.0036590432274195496
5000,subset_accuracy_drop,subset_score_asc,80,-0.01209486722946167,0.003807617104486783
5000,subset_accuracy_drop,subset_score_asc,90,-0.012332022190093994,0.004251533954077027
5000,subset_accuracy_drop,subset_score_asc,100,-0.012806320190429687,0.003290358606863257
5000,subset_accuracy_drop,subset_score_asc,110,-0.013201582431793212,0.0034298518663509457
5000,subset_accuracy_drop,subset_score_asc,120,-0.01351778507232666,0.0041113989433552885
5000,subset_accuracy_drop,subset_score_asc,130,-0.013596832752227783,0.004094287560009347
5000,subset_accuracy_drop,subset_score_asc,140,-0.013913047313690186,0.004111429886264782
5000,subset_accuracy_drop,subset_score_asc,150,-0.013992083072662354,0.004262529009683036
5000,subset_accuracy_drop,subset_score_asc,160,-0.014308297634124756,0.004063630896302955
5000,subset_accuracy_drop,subset_score_asc,170,-0.014782595634460449,0.003978172455299827
5000,subset_accuracy_drop,subset_score_asc,180,-0.015810275077819826,0.004401381246903372
5000,subset_accuracy_drop,subset_score_asc,190,-0.01620553731918335,0.004816627792146041
5000,subset_accuracy_drop,subset_score_asc,200,-0.016126477718353273,0.004754589653389395
5000,subset_accuracy_drop,subset_score_asc,210,-0.01660078763961792,0.005288176647251342
5000,subset_accuracy_drop,subset_score_asc,220,-0.016679835319519044,0.004654961915777173
5000,subset_accuracy_drop,subset_score_asc,230,-0.016837942600250243,0.004893842758282417
5000,subset_accuracy_drop,subset_score_asc,240,-0.017549407482147217,0.004957274863330931
5000,subset_accuracy_drop,subset_score_asc,250,-0.018023717403411865,0.005066372145118243
5000,subset_accuracy_drop,subset_score_asc,260,-0.01794465780258179,0.004877842685394516
5000,subset_accuracy_drop,subset_score_asc,270,-0.018023717403411865,0.004656648896535771
5000,subset_accuracy_drop,subset_score_asc,280,-0.01794465780258179,0.0038076059673472374
5000,subset_accuracy_drop,subset_score_asc,290,-0.018972337245941162,0.0036333355382699214
5000,subset_accuracy_drop,subset_score_asc,300,-0.018814241886138915,0.0040751647583036395
5000,subset_accuracy_drop,subset_score_asc,310,-0.018735170364379883,0.003574814890515764
5000,subset_accuracy_drop,subset_score_asc,320,-0.019288527965545654,0.003886795323661991
5000,subset_accuracy_drop,subset_score_asc,330,-0.019367587566375733,0.003434408171182201
5000,subset_accuracy_drop,subset_score_asc,340,-0.019446635246276857,0.003733011497321668
5000,subset_accuracy_drop,subset_score_asc,350,-0.01920948028564453,0.003978164756561577
5000,subset_accuracy_drop,subset_score_asc,360,-0.01913043260574341,0.003948602659506371
5000,subset_accuracy_drop,subset_score_asc,370,-0.01889326572418213,0.004111425015552253
5000,subset_accuracy_drop,subset_score_asc,380,-0.018735170364379883,0.004026958732421897
5000,subset_accuracy_drop,subset_score_asc,390,-0.01905139684677124,0.00423310820356226
5000,subset_accuracy_drop,subset_score_asc,400,-0.01913043260574341,0.003888802829697451
5000,subset_accuracy_drop,subset_score_asc,410,-0.019446635246276857,0.0036803284907711647
5000,subset_accuracy_drop,subset_score_asc,420,-0.01920948028564453,0.0039188175633694585
5000,subset_accuracy_drop,subset_score_asc,430,-0.019367587566375733,0.00374971304354016
5000,subset_accuracy_drop,subset_score_asc,440,-0.019525694847106933,0.0037141382360843128
5000,subset_accuracy_drop,subset_score_asc,450,-0.019446635246276857,0.003916838673750269
5000,subset_accuracy_drop,subset_score_asc,460,-0.019604742527008057,0.003650513474223764
5000,subset_accuracy_drop,subset_score_asc,470,-0.01913043260574341,0.003486331766607547
5000,subset_accuracy_drop,subset_score_asc,480,-0.01920948028564453,0.003349199097764121
5000,subset_accuracy_drop,subset_score_asc,490,-0.019367575645446777,0.0028910500464235617
5000,subset_accuracy_drop,subset_score_asc,500,-0.018814229965209962,0.0028856244980994847
5000,subset_accuracy_drop,subset_score_asc,510,-0.018577075004577635,0.0032713256495766423
5000,subset_accuracy_drop,subset_score_asc,520,-0.01841897964477539,0.0036074436738183675
5000,subset_accuracy_drop,subset_score_asc,530,-0.018260872364044188,0.0034161478693878807
5000,subset_accuracy_drop,subset_score_asc,540,-0.018418967723846436,0.003017956754834355
5000,subset_accuracy_drop,subset_score_asc,550,-0.018577075004577635,0.0030743673809795445
5000,subset_accuracy_drop,subset_score_asc,560,-0.01802370548248291,0.003406999342200207
5000,subset_accuracy_drop,subset_score_asc,570,-0.018181812763214112,0.0029445717717551147
5000,subset_accuracy_drop,subset_score_asc,580,-0.018339908123016356,0.003119754328436852
5000,subset_accuracy_drop,subset_score_asc,590,-0.018339920043945312,0.003081972428316553
5000,subset_accuracy_drop,subset_score_asc,600,-0.01778656244277954,0.0034001078486063283
5000,subset_accuracy_drop,subset_score_asc,610,-0.018023717403411865,0.0030179462164191713
5000,subset_accuracy_drop,subset_score_asc,620,-0.017865610122680665,0.0031297798726256415
5000,subset_accuracy_drop,subset_score_asc,630,-0.01762845516204834,0.0031940111924685897
5000,subset_accuracy_drop,subset_score_asc,640,-0.017312252521514894,0.0031792881980051368
5000,subset_accuracy_drop,subset_score_asc,650,-0.01723320484161377,0.003218368005524541
5000,subset_accuracy_drop,subset_score_asc,660,-0.01723320484161377,0.0033375026952174127
5000,subset_accuracy_drop,subset_score_asc,670,-0.017312240600585938,0.0031297580431073934
5000,subset_accuracy_drop,subset_score_asc,680,-0.017075085639953615,0.0027583140891197593
5000,subset_accuracy_drop,subset_score_asc,690,-0.01715414524078369,0.0027039756103810126
5000,subset_accuracy_drop,subset_score_asc,700,-0.017391300201416014,0.002621818283991227
5000,subset_accuracy_drop,subset_score_asc,710,-0.01770750284194946,0.0031915393779112966
5000,subset_accuracy_drop,subset_score_asc,720,-0.017470347881317138,0.0023450195352182793
5000,subset_accuracy_drop,subset_score_asc,730,-0.017470347881317138,0.002328306235084525
5000,subset_accuracy_drop,subset_score_asc,740,-0.01770750284194946,0.002172100143299925
5000,subset_accuracy_drop,subset_score_asc,750,-0.01778656244277954,0.0021100766060492817
5000,subset_accuracy_drop,subset_score_asc,760,-0.01778656244277954,0.0024525146552521336
5000,subset_accuracy_drop,subset_score_asc,770,-0.01802370548248291,0.002524701752058476
5000,subset_accuracy_drop,subset_score_asc,780,-0.018181824684143068,0.0021649214135213792
5000,subset_accuracy_drop,subset_score_asc,790,-0.017944645881652833,0.0019683533436935462
5000,subset_accuracy_drop,subset_score_asc,800,-0.01810276508331299,0.0020037417556171616
5000,subset_accuracy_drop,subset_score_asc,810,-0.018181812763214112,0.0013974293392070621
5000,subset_accuracy_drop,subset_score_asc,820,-0.018023717403411865,0.0015460421422440918
5000,subset_accuracy_drop,subset_score_asc,830,-0.017470347881317138,0.001351999132016436
5000,subset_accuracy_drop,subset_score_asc,840,-0.017233192920684814,0.0018665171085431587
5000,subset_accuracy_drop,subset_score_asc,850,-0.017391300201416014,0.0015050699457311342
5000,subset_accuracy_drop,subset_score_asc,860,-0.017391300201416014,0.0024042393165520795
5000,subset_accuracy_drop,subset_score_asc,870,-0.017075109481811523,0.002426874693422453
5000,subset_accuracy_drop,subset_score_asc,880,-0.016837942600250243,0.0025401171242226453
5000,subset_accuracy_drop,subset_score_asc,890,-0.016442692279815672,0.0026455571256062157
5000,subset_accuracy_drop,subset_score_asc,900,-0.01652172803878784,0.0023283224246811287
5000,subset_accuracy_drop,subset_score_asc,910,-0.01644268035888672,0.0021211790084248753
5000,subset_accuracy_drop,subset_score_asc,920,-0.015652167797088622,0.002139513146774747
5000,subset_accuracy_drop,subset_score_asc,930,-0.0155731201171875,0.0022808709803548957
5000,subset_accuracy_drop,subset_score_asc,940,-0.015335965156555175,0.002023146238350952
5000,subset_accuracy_drop,subset_score_asc,950,-0.015019762516021728,0.002387945467237144
5000,subset_accuracy_drop,subset_score_asc,960,-0.015177881717681885,0.0024301035720585232
5000,subset_accuracy_drop,subset_score_asc,970,-0.01533597707748413,0.0022774532917355325
5000,subset_accuracy_drop,subset_score_asc,980,-0.014940714836120606,0.00265732884831097
5000,subset_accuracy_drop,subset_score_asc,990,-0.015019774436950684,0.0029578307505539335
5000,subset_accuracy_drop,subset_score_asc,1000,-0.015256929397583007,0.00299197322319337
5000,subset_accuracy_drop,subset_score_asc,1010,-0.015019762516021728,0.002420440514820628
5000,subset_accuracy_drop,subset_score_asc,1020,-0.01478261947631836,0.0026008886538367313
5000,subset_accuracy_drop,subset_score_asc,1030,-0.014624512195587159,0.002766802907142532
5000,subset_accuracy_drop,subset_score_asc,1040,-0.014545464515686035,0.0024904186911259016
5000,subset_accuracy_drop,subset_score_asc,1050,-0.013992094993591308,0.0025401161969929756
5000,subset_accuracy_drop,subset_score_asc,1060,-0.014466416835784913,0.0024461156546817455
5000,subset_accuracy_drop,subset_score_asc,1070,-0.01391303539276123,0.0022945241980357333
5000,subset_accuracy_drop,subset_score_asc,1080,-0.013833987712860107,0.0021100905626941046
5000,subset_accuracy_drop,subset_score_asc,1090,-0.013675868511199951,0.0021935882761022437
5000,subset_accuracy_drop,subset_score_asc,1100,-0.013675892353057861,0.0016200666245342959
5000,subset_accuracy_drop,subset_score_asc,1110,-0.01351778507232666,0.001322793701878382
5000,subset_accuracy_drop,subset_score_asc,1120,-0.013280630111694336,0.0011725308650981452
5000,subset_accuracy_drop,subset_score_asc,1130,-0.013517773151397705,0.001023110253895964
5000,subset_accuracy_drop,subset_score_asc,1140,-0.012964427471160889,0.0012310309398465002
5000,subset_accuracy_drop,subset_score_asc,1150,-0.012885367870330811,0.0009920939406871821
5000,subset_accuracy_drop,subset_score_asc,1160,-0.01272726058959961,0.0008568990470937785
5000,subset_accuracy_drop,subset_score_asc,1170,-0.012806320190429687,0.0012053688740480681
5000,subset_accuracy_drop,subset_score_asc,1180,-0.01272726058959961,0.0012310070171187627
5000,subset_accuracy_drop,subset_score_asc,1190,-0.012411057949066162,0.0009099705594073017
5000,subset_accuracy_drop,subset_score_asc,1200,-0.01249011754989624,0.0010307162221077964
5000,subset_accuracy_drop,subset_score_asc,1210,-0.012331998348236084,0.0014894578234217319
5000,subset_accuracy_drop,subset_score_asc,1220,-0.012332010269165038,0.001639266026363205
5000,subset_accuracy_drop,subset_score_asc,1230,-0.012173914909362793,0.0019644207891739876
5000,subset_accuracy_drop,subset_score_asc,1240,-0.011936759948730469,0.0017092544832474933
5000,subset_accuracy_drop,subset_score_asc,1250,-0.012569165229797364,0.0022077957332010158
5000,subset_accuracy_drop,subset_score_asc,1260,-0.012964427471160889,0.00268659914471392
5000,subset_accuracy_drop,subset_score_asc,1270,-0.012727272510528565,0.0030794711211256025
5000,subset_accuracy_drop,subset_score_asc,1280,-0.012332022190093994,0.0024747127961637304
5000,subset_accuracy_drop,subset_score_asc,1290,-0.012411069869995118,0.002397761101604853
5000,subset_accuracy_drop,subset_score_asc,1300,-0.012015819549560547,0.001907926090192228
5000,subset_accuracy_drop,subset_score_asc,1310,-0.011699604988098144,0.00198812458799808
5000,subset_accuracy_drop,subset_score_asc,1320,-0.011778652667999268,0.0016392401569998132
5000,subset_accuracy_drop,subset_score_asc,1330,-0.011857712268829345,0.00162970363442829
5000,subset_accuracy_drop,subset_score_asc,1340,-0.011383402347564697,0.0019038130381534542
5000,subset_accuracy_drop,subset_score_asc,1350,-0.011067187786102295,0.0018327446895780954
5000,subset_accuracy_drop,subset_score_asc,1360,-0.011146247386932373,0.002758338431410311
5000,subset_accuracy_drop,subset_score_asc,1370,-0.010750973224639892,0.0028004987764891132
5000,subset_accuracy_drop,subset_score_asc,1380,-0.010750997066497802,0.0022774563950203144
5000,subset_accuracy_drop,subset_score_asc,1390,-0.010513830184936523,0.0024301200529676065
5000,subset_accuracy_drop,subset_score_asc,1400,-0.010039520263671876,0.002674956235505214
5000,subset_accuracy_drop,subset_score_asc,1410,-0.009802377223968506,0.002672033393356178
5000,subset_accuracy_drop,subset_score_asc,1420,-0.009881424903869628,0.0026514930579400616
5000,subset_accuracy_drop,subset_score_asc,1430,-0.009565210342407227,0.0027010972534441628
5000,subset_accuracy_drop,subset_score_asc,1440,-0.009169960021972656,0.0026573510124966175
5000,subset_accuracy_drop,subset_score_asc,1450,-0.008774709701538087,0.0027298573071693733
5000,subset_accuracy_drop,subset_score_asc,1460,-0.008932805061340332,0.0030565335264402284
5000,subset_accuracy_drop,subset_score_asc,1470,-0.008695626258850097,0.002877520212380267
5000,subset_accuracy_drop,subset_score_asc,1480,-0.008537542819976807,0.002912589703136634
5000,subset_accuracy_drop,subset_score_asc,1490,-0.008300399780273438,0.002836508227724174
5000,subset_accuracy_drop,subset_score_asc,1500,-0.008537542819976807,0.0027327001987254226
5000,subset_accuracy_drop,subset_score_asc,1510,-0.008142292499542236,0.002570687975814606
5000,subset_accuracy_drop,subset_score_asc,1520,-0.00798419713973999,0.0020231596299100834
5000,subset_accuracy_drop,subset_score_asc,1530,-0.00822134017944336,0.0018412369128955612
5000,subset_accuracy_drop,subset_score_asc,1540,-0.008616602420806885,0.0017092310514505336
5000,subset_accuracy_drop,subset_score_asc,1550,-0.008379435539245606,0.00188318684083076
5000,subset_accuracy_drop,subset_score_asc,1560,-0.008063244819641113,0.0015957955249159665
5000,subset_accuracy_drop,subset_score_asc,1570,-0.00822134017944336,0.0016152520828346165
5000,subset_accuracy_drop,subset_score_asc,1580,-0.008300399780273438,0.001956417571656733
5000,subset_accuracy_drop,subset_score_asc,1590,-0.008379435539245606,0.0017092338081186346
5000,subset_accuracy_drop,subset_score_asc,1600,-0.008537542819976807,0.002007647748154182
5000,subset_accuracy_drop,subset_score_asc,1610,-0.008932805061340332,0.0022463536788743473
5000,subset_accuracy_drop,subset_score_asc,1620,-0.008932805061340332,0.002348354442150503
5000,subset_accuracy_drop,subset_score_asc,1630,-0.00877469778060913,0.00271548802656673
5000,subset_accuracy_drop,subset_score_asc,1640,-0.008695650100708007,0.002576751125757541
5000,subset_accuracy_drop,subset_score_asc,1650,-0.00845850706100464,0.002844751714313695
5000,subset_accuracy_drop,subset_score_asc,1660,-0.007984185218811035,0.0026719915125483747
5000,subset_accuracy_drop,subset_score_asc,1670,-0.0076679825782775875,0.0027183797458529137
5000,subset_accuracy_drop,subset_score_asc,1680,-0.007826089859008789,0.002701083298033128
5000,subset_accuracy_drop,subset_score_asc,1690,-0.007667994499206543,0.002615861395732382
5000,subset_accuracy_drop,subset_score_asc,1700,-0.007509875297546387,0.002128531835768488
5000,subset_accuracy_drop,subset_score_asc,1710,-0.007272732257843017,0.002139510393623602
5000,subset_accuracy_drop,subset_score_asc,1720,-0.0067984223365783695,0.0024268824594985495
5000,subset_accuracy_drop,subset_score_asc,1730,-0.007114624977111817,0.003223219620300566
5000,subset_accuracy_drop,subset_score_asc,1740,-0.007509887218475342,0.002957810837996804
5000,subset_accuracy_drop,subset_score_asc,1750,-0.007509887218475342,0.0028910357857033784
5000,subset_accuracy_drop,subset_score_asc,1760,-0.00735177993774414,0.0033257849923643565
5000,subset_accuracy_drop,subset_score_asc,1770,-0.007035565376281738,0.0026128846212331663
5000,subset_accuracy_drop,subset_score_asc,1780,-0.0067984223365783695,0.0028557032637450625
5000,subset_accuracy_drop,subset_score_asc,1790,-0.0064821958541870115,0.002775253450969144
5000,subset_accuracy_drop,subset_score_asc,1800,-0.005849790573120117,0.0029762430342297457
5000,subset_accuracy_drop,subset_score_asc,1810,-0.005612647533416748,0.0031915814536455757
5000,subset_accuracy_drop,subset_score_asc,1820,-0.005454552173614502,0.002976254907847614
5000,subset_accuracy_drop,subset_score_asc,1830,-0.005059301853179932,0.002976266385593404
5000,subset_accuracy_drop,subset_score_asc,1840,-0.004980230331420898,0.002885661237409838
5000,subset_accuracy_drop,subset_score_asc,1850,-0.004505932331085205,0.0031197792483728536
5000,subset_accuracy_drop,subset_score_asc,1860,-0.00490117073059082,0.003407021470053876
5000,subset_accuracy_drop,subset_score_asc,1870,-0.0051383376121521,0.0034001147774773014
5000,subset_accuracy_drop,subset_score_asc,1880,-0.004664027690887451,0.003358510336902015
5000,subset_accuracy_drop,subset_score_asc,1890,-0.004664027690887451,0.0042331274045095246
5000,subset_accuracy_drop,subset_score_asc,1900,-0.0044268608093261715,0.003966380019150631
5000,subset_accuracy_drop,subset_score_asc,1910,-0.0043478250503540036,0.00347961432433239
5000,subset_accuracy_drop,subset_score_asc,1920,-0.004268765449523926,0.003659054494925295
5000,subset_accuracy_drop,subset_score_asc,1930,-0.004031610488891601,0.0031172731347808283
5000,subset_accuracy_drop,subset_score_asc,1940,-0.004189705848693848,0.00336083762084152
5000,subset_accuracy_drop,subset_score_asc,1950,-0.003478264808654785,0.00362687543513493
5000,subset_accuracy_drop,subset_score_asc,1960,-0.0029248952865600585,0.003475116273853767
5000,subset_accuracy_drop,subset_score_asc,1970,-0.0029248952865600585,0.003372428294319021
5000,subset_accuracy_drop,subset_score_asc,1980,-0.003162062168121338,0.0027668050357758443
5000,subset_accuracy_drop,subset_score_asc,1990,-0.003162050247192383,0.003099676644997015
5000,subset_accuracy_drop,subset_score_asc,2000,-0.0026877403259277345,0.0034503099044336303
5000,subset_accuracy_drop,subset_score_asc,2010,-0.002134382724761963,0.0031940060292572035
5000,subset_accuracy_drop,subset_score_asc,2020,-0.001976275444030762,0.0033187486385979725
5000,subset_accuracy_drop,subset_score_asc,2030,-0.0018972396850585938,0.0035726619483945864
5000,subset_accuracy_drop,subset_score_asc,2040,-0.0015019774436950684,0.003936739003023229
5000,subset_accuracy_drop,subset_score_asc,2050,-0.0013438820838928222,0.0034863378482366523
5000,subset_accuracy_drop,subset_score_asc,2060,-0.0013438701629638673,0.003475115256891406
5000,subset_accuracy_drop,subset_score_asc,2070,-0.0009486198425292969,0.004007529952947594
5000,subset_accuracy_drop,subset_score_asc,2080,-0.0005533576011657714,0.0036718366348237456
5000,subset_accuracy_drop,subset_score_asc,2090,-0.00031620264053344727,0.0036376505801454058
5000,subset_accuracy_drop,subset_score_asc,2100,1.1920928955078126e-08,0.003186654316800341
5000,subset_accuracy_drop,subset_score_asc,2110,0.00031620264053344727,0.0033816964738490676
5000,subset_accuracy_drop,subset_score_asc,2120,0.0007905125617980957,0.0031122427414802764
5000,subset_accuracy_drop,subset_score_asc,2130,0.0006324052810668945,0.002858435419349336
5000,subset_accuracy_drop,subset_score_asc,2140,0.0007114529609680176,0.003370126840399704
5000,subset_accuracy_drop,subset_score_asc,2150,0.0005533456802368164,0.003119771319272137
5000,subset_accuracy_drop,subset_score_asc,2160,0.0005533576011657714,0.0028991482031061233
5000,subset_accuracy_drop,subset_score_asc,2170,0.001027679443359375,0.003004983077406669
5000,subset_accuracy_drop,subset_score_asc,2180,0.001027679443359375,0.003004983077406669
5000,subset_accuracy_drop,subset_score_asc,2190,0.0007905125617980957,0.0030488422301062313
5000,subset_accuracy_drop,subset_score_asc,2200,0.001185774803161621,0.0030231249476714134
5000,subset_accuracy_drop,subset_score_asc,2210,0.0012648224830627442,0.003228066133106721
5000,subset_accuracy_drop,subset_score_asc,2220,0.0017391324043273925,0.003360836218820456
5000,subset_accuracy_drop,subset_score_asc,2230,0.002213442325592041,0.003671827652297669
5000,subset_accuracy_drop,subset_score_asc,2240,0.002529633045196533,0.003242539321120374
5000,subset_accuracy_drop,subset_score_asc,2250,0.002292490005493164,0.00310471184264643
5000,subset_accuracy_drop,subset_score_asc,2260,0.002529633045196533,0.0036824783039277873
5000,subset_accuracy_drop,subset_score_asc,2270,0.0028458356857299803,0.004082819837496445
5000,subset_accuracy_drop,subset_score_asc,2280,0.0030039548873901367,0.004007526131779223
5000,subset_accuracy_drop,subset_score_asc,2290,0.003399205207824707,0.004299049355142619
5000,subset_accuracy_drop,subset_score_asc,2300,0.0035573124885559084,0.00478408575416308
5000,subset_accuracy_drop,subset_score_asc,2310,0.0036363482475280763,0.004587353245741311
5000,subset_accuracy_drop,subset_score_asc,2320,0.003320157527923584,0.004415576260263649
5000,subset_accuracy_drop,subset_score_asc,2330,0.003003942966461182,0.004614506341100851
5000,subset_accuracy_drop,subset_score_asc,2340,0.003241109848022461,0.004044378290076446
5000,subset_accuracy_drop,subset_score_asc,2350,0.0036363601684570312,0.004260711142484348
5000,subset_accuracy_drop,subset_score_asc,2360,0.004505932331085205,0.004197911208737263
5000,subset_accuracy_drop,subset_score_asc,2370,0.004268777370452881,0.004770998642264231
5000,subset_accuracy_drop,subset_score_asc,2380,0.004189729690551758,0.004656655726617085
5000,subset_accuracy_drop,subset_score_asc,2390,0.004584980010986328,0.004344217911513179
5000,subset_accuracy_drop,subset_score_asc,2400,0.0043478250503540036,0.0036973014808399196
5000,subset_accuracy_drop,subset_score_asc,2410,0.004031622409820556,0.003416170627638927
5000,subset_accuracy_drop,subset_score_asc,2420,0.00411067008972168,0.0036505131515075446
5000,subset_accuracy_drop,subset_score_asc,2430,0.004347813129425049,0.0030231249477889314
5000,subset_accuracy_drop,subset_score_asc,2440,0.004980242252349854,0.0032903854570511836
5000,subset_accuracy_drop,subset_score_asc,2450,0.004584968090057373,0.0031447024492491367
5000,subset_accuracy_drop,subset_score_asc,2460,0.005059278011322022,0.003166994089619765
5000,subset_accuracy_drop,subset_score_asc,2470,0.005454540252685547,0.003484085943760312
5000,subset_accuracy_drop,subset_score_asc,2480,0.005770742893218994,0.0041322924895557
5000,subset_accuracy_drop,subset_score_asc,2490,0.0060078978538513185,0.004671734214800299
5000,subset_accuracy_drop,subset_score_asc,2500,0.006324112415313721,0.004575435372726668
5000,subset_accuracy_drop,subset_score_asc,2510,0.006561267375946045,0.005066393070606327
5000,subset_accuracy_drop,subset_score_asc,2520,0.00656125545501709,0.00487784993015803
5000,subset_accuracy_drop,subset_score_asc,2530,0.006877470016479492,0.0049572770018638185
5000,subset_accuracy_drop,subset_score_asc,2540,0.00695652961730957,0.004797123166506893
5000,subset_accuracy_drop,subset_score_asc,2550,0.007351791858673096,0.004614513488703491
5000,subset_accuracy_drop,subset_score_asc,2560,0.007667994499206543,0.005019918637668331
5000,subset_accuracy_drop,subset_score_asc,2570,0.00758892297744751,0.0047873304736817885
5000,subset_accuracy_drop,subset_score_asc,2580,0.008379459381103516,0.004278994084320467
5000,subset_accuracy_drop,subset_score_asc,2590,0.00837944746017456,0.004351406730623401
5000,subset_accuracy_drop,subset_score_asc,2600,0.008695662021636963,0.0045239198575036735
5000,subset_accuracy_drop,subset_score_asc,2610,0.008853769302368164,0.004503150734259785
5000,subset_accuracy_drop,subset_score_asc,2620,0.009169960021972656,0.004288121569611714
5000,subset_accuracy_drop,subset_score_asc,2630,0.009328055381774902,0.003928772617820538
5000,subset_accuracy_drop,subset_score_asc,2640,0.009169948101043702,0.004025017499229166
5000,subset_accuracy_drop,subset_score_asc,2650,0.009169960021972656,0.00376429525142242
5000,subset_accuracy_drop,subset_score_asc,2660,0.009407114982604981,0.003946633630548576
5000,subset_accuracy_drop,subset_score_asc,2670,0.009723317623138428,0.004494470703766035
5000,subset_accuracy_drop,subset_score_asc,2680,0.009723329544067382,0.004780820106646002
5000,subset_accuracy_drop,subset_score_asc,2690,0.010355722904205323,0.005041642293395693
5000,subset_accuracy_drop,subset_score_asc,2700,0.010039520263671876,0.00531467897412587
5000,subset_accuracy_drop,subset_score_asc,2710,0.010118567943572998,0.005188245859950699
5000,subset_accuracy_drop,subset_score_asc,2720,0.010592889785766602,0.0050027549978422445
5000,subset_accuracy_drop,subset_score_asc,2730,0.010671937465667724,0.005354208504133999
5000,subset_accuracy_drop,subset_score_asc,2740,0.010513830184936523,0.005402146535094374
5000,subset_accuracy_drop,subset_score_asc,2750,0.010988140106201172,0.005364429643505824
5000,subset_accuracy_drop,subset_score_asc,2760,0.011225295066833497,0.005409401418797328
5000,subset_accuracy_drop,subset_score_asc,2770,0.011462438106536865,0.005368798533092065
5000,subset_accuracy_drop,subset_score_asc,2780,0.011383390426635743,0.00579829335871121
5000,subset_accuracy_drop,subset_score_asc,2790,0.011225283145904541,0.005752303702258156
5000,subset_accuracy_drop,subset_score_asc,2800,0.011541485786437988,0.0055152014760836724
5000,subset_accuracy_drop,subset_score_asc,2810,0.011699604988098144,0.005523704127452837
5000,subset_accuracy_drop,subset_score_asc,2820,0.011778652667999268,0.00589182870015326
5000,subset_accuracy_drop,subset_score_asc,2830,0.011620545387268066,0.006037207208546899
5000,subset_accuracy_drop,subset_score_asc,2840,0.011699604988098144,0.006114345005069933
5000,subset_accuracy_drop,subset_score_asc,2850,0.011936748027801513,0.006093892474980441
5000,subset_accuracy_drop,subset_score_asc,2860,0.011936759948730469,0.006132209911876203
5000,subset_accuracy_drop,subset_score_asc,2870,0.012094855308532715,0.005663338132464226
5000,subset_accuracy_drop,subset_score_asc,2880,0.012252962589263916,0.005679877671548428
5000,subset_accuracy_drop,subset_score_asc,2890,0.012727272510528565,0.005696368981027752
5000,subset_accuracy_drop,subset_score_asc,2900,0.012648224830627441,0.005483951894759754
5000,subset_accuracy_drop,subset_score_asc,2910,0.012806320190429687,0.005899793181471529
5000,subset_accuracy_drop,subset_score_asc,2920,0.012885379791259765,0.005649546968605067
5000,subset_accuracy_drop,subset_score_asc,2930,0.01272726058959961,0.005429565244836046
5000,subset_accuracy_drop,subset_score_asc,2940,0.013043487071990966,0.0052137954346784
5000,subset_accuracy_drop,subset_score_asc,2950,0.012648224830627441,0.005130714377920155
5000,subset_accuracy_drop,subset_score_asc,2960,0.01249011754989624,0.004973015589618761
5000,subset_accuracy_drop,subset_score_asc,2970,0.012964427471160889,0.0049161216401791994
5000,subset_accuracy_drop,subset_score_asc,2980,0.013201582431793212,0.005150477240955082
5000,subset_accuracy_drop,subset_score_asc,2990,0.013754951953887939,0.004570298353140001
5000,subset_accuracy_drop,subset_score_asc,3000,0.013913047313690186,0.004449055849564183
5000,subset_accuracy_drop,subset_score_asc,3010,0.014308297634124756,0.004819874555278708
5000,subset_accuracy_drop,subset_score_asc,3020,0.014071142673492432,0.004764430356426615
5000,subset_accuracy_drop,subset_score_asc,3030,0.014387333393096923,0.0043352376088067425
5000,subset_accuracy_drop,subset_score_asc,3040,0.0141501784324646,0.004101912695279085
5000,subset_accuracy_drop,subset_score_asc,3050,0.014150190353393554,0.00415864666341577
5000,subset_accuracy_drop,subset_score_asc,3060,0.014861667156219482,0.004207209285781881
5000,subset_accuracy_drop,subset_score_asc,3070,0.015098810195922852,0.004082834551818207
5000,subset_accuracy_drop,subset_score_asc,3080,0.015335953235626221,0.0035507110873905182
5000,subset_accuracy_drop,subset_score_asc,3090,0.015256929397583007,0.0032784795951084677
5000,subset_accuracy_drop,subset_score_asc,3100,0.01533597707748413,0.0032641426725230557
5000,subset_accuracy_drop,subset_score_asc,3110,0.015889322757720946,0.002828228218825695
5000,subset_accuracy_drop,subset_score_asc,3120,0.01596839427947998,0.0032425574851593407
5000,subset_accuracy_drop,subset_score_asc,3130,0.015810275077819826,0.003306953085864517
5000,subset_accuracy_drop,subset_score_asc,3140,0.015810286998748778,0.003707823682863834
5000,subset_accuracy_drop,subset_score_asc,3150,0.015810275077819826,0.0035682825128882057
5000,subset_accuracy_drop,subset_score_asc,3160,0.016442692279815672,0.0037141410904398876
5000,subset_accuracy_drop,subset_score_asc,3170,0.016837942600250243,0.0037141639254924764
5000,subset_accuracy_drop,subset_score_asc,3180,0.016679835319519044,0.003583557373710661
5000,subset_accuracy_drop,subset_score_asc,3190,0.016679847240448,0.0035396952594674122
5000,subset_accuracy_drop,subset_score_asc,3200,0.016837942600250243,0.003242541137446675
5000,subset_accuracy_drop,subset_score_asc,3210,0.016917002201080323,0.0036052912661585215
5000,subset_accuracy_drop,subset_score_asc,3220,0.017312264442443846,0.0033932297833955813
5000,subset_accuracy_drop,subset_score_asc,3230,0.017707514762878417,0.002923278256371135
5000,subset_accuracy_drop,subset_score_asc,3240,0.017707514762878417,0.0030411605323896794
5000,subset_accuracy_drop,subset_score_asc,3250,0.017707514762878417,0.0029893312001690047
5000,subset_accuracy_drop,subset_score_asc,3260,0.01778656244277954,0.002200674565565763
5000,subset_accuracy_drop,subset_score_asc,3270,0.01810276508331299,0.0020802479097779838
5000,subset_accuracy_drop,subset_score_asc,3280,0.018260872364044188,0.002345040130166246
5000,subset_accuracy_drop,subset_score_asc,3290,0.01802372932434082,0.0025401018207987544
5000,subset_accuracy_drop,subset_score_asc,3300,0.017470359802246094,0.002869357731707194
5000,subset_accuracy_drop,subset_score_asc,3310,0.017549407482147217,0.003094622216102515
5000,subset_accuracy_drop,subset_score_asc,3320,0.017470347881317138,0.0033116688788832017
5000,subset_accuracy_drop,subset_score_asc,3330,0.017312264442443846,0.0030539747417286057
5000,subset_accuracy_drop,subset_score_asc,3340,0.01762845516204834,0.0030437211881989786
5000,subset_accuracy_drop,subset_score_asc,3350,0.017786574363708497,0.0032110603310339836
5000,subset_accuracy_drop,subset_score_asc,3360,0.018102777004241944,0.002715499305003475
5000,subset_accuracy_drop,subset_score_asc,3370,0.01778656244277954,0.002680751494595935
5000,subset_accuracy_drop,subset_score_asc,3380,0.018023717403411865,0.0025401078494630813
5000,subset_accuracy_drop,subset_score_asc,3390,0.017865633964538573,0.002172102312529635
5000,subset_accuracy_drop,subset_score_asc,3400,0.018260872364044188,0.002172102312529635
5000,subset_accuracy_drop,subset_score_asc,3410,0.01928853988647461,0.0025523774971733747
5000,subset_accuracy_drop,subset_score_asc,3420,0.019446635246276857,0.0018198880425876584
5000,subset_accuracy_drop,subset_score_asc,3430,0.020158112049102783,0.0018327350487848182
5000,subset_accuracy_drop,subset_score_asc,3440,0.019841909408569336,0.0026128796623022406
5000,subset_accuracy_drop,subset_score_asc,3450,0.020474302768707275,0.002786470550004771
5000,subset_accuracy_drop,subset_score_asc,3460,0.020632410049438478,0.0029893465682219412
5000,subset_accuracy_drop,subset_score_asc,3470,0.019920945167541504,0.003585732683198936
5000,subset_accuracy_drop,subset_score_asc,3480,0.020158100128173827,0.0037705027351683834
5000,subset_accuracy_drop,subset_score_asc,3490,0.020316195487976075,0.0031571128416799004
5000,subset_accuracy_drop,subset_score_asc,3500,0.021027660369873045,0.003616105969833665
5000,subset_accuracy_drop,subset_score_asc,3510,0.020948612689971925,0.0031496851150802046
5000,subset_accuracy_drop,subset_score_asc,3520,0.021264815330505372,0.0036376577042186806
5000,subset_accuracy_drop,subset_score_asc,3530,0.021264815330505372,0.003539709902093079
5000,subset_accuracy_drop,subset_score_asc,3540,0.021264815330505372,0.0036803489751553236
5000,subset_accuracy_drop,subset_score_asc,3550,0.02189723253250122,0.0034751247481877552
5000,subset_accuracy_drop,subset_score_asc,3560,0.022292494773864746,0.003639798091961307
5000,subset_accuracy_drop,subset_score_asc,3570,0.022134387493133546,0.0031620357186448143
5000,subset_accuracy_drop,subset_score_asc,3580,0.022371554374694826,0.003314035811019668
5000,subset_accuracy_drop,subset_score_asc,3590,0.022845852375030517,0.0028693408999738144
5000,subset_accuracy_drop,subset_score_asc,3600,0.022608697414398193,0.002882932002130639
5000,subset_accuracy_drop,subset_score_asc,3610,0.022687745094299317,0.0029392766812338903
5000,subset_accuracy_drop,subset_score_asc,3620,0.02347825765609741,0.0024620293443216685
5000,subset_accuracy_drop,subset_score_asc,3630,0.02426877021789551,0.0024461199886819966
5000,subset_accuracy_drop,subset_score_asc,3640,0.024110662937164306,0.0027526645832867363
5000,subset_accuracy_drop,subset_score_asc,3650,0.024426889419555665,0.0025828278632294777
5000,subset_accuracy_drop,subset_score_asc,3660,0.024189722537994385,0.0027155136201617814
5000,subset_accuracy_drop,subset_score_asc,3670,0.02426878213882446,0.0030946302095831817
5000,subset_accuracy_drop,subset_score_asc,3680,0.024901175498962404,0.0029709928927084653
5000,subset_accuracy_drop,subset_score_asc,3690,0.02505929470062256,0.002446120951905084
5000,subset_accuracy_drop,subset_score_asc,3700,0.025217390060424803,0.0022945103366729296
5000,subset_accuracy_drop,subset_score_asc,3710,0.02553359270095825,0.002193583443078342
5000,subset_accuracy_drop,subset_score_asc,3720,0.025849795341491698,0.0022463578739235607
5000,subset_accuracy_drop,subset_score_asc,3730,0.025612640380859374,0.002190030616308417
5000,subset_accuracy_drop,subset_score_asc,3740,0.02553359270095825,0.0025401161969929756
5000,subset_accuracy_drop,subset_score_asc,3750,0.025928854942321777,0.0026307668333722094
5000,subset_accuracy_drop,subset_score_asc,3760,0.025849807262420654,0.00271838234591012
5000,subset_accuracy_drop,subset_score_asc,3770,0.02577075958251953,0.002294530358347887
5000,subset_accuracy_drop,subset_score_asc,3780,0.026086962223052977,0.0029971909372883587
5000,subset_accuracy_drop,subset_score_asc,3790,0.0261660099029541,0.0030283022136347064
5000,subset_accuracy_drop,subset_score_asc,3800,0.025928854942321777,0.00319398758910868
5000,subset_accuracy_drop,subset_score_asc,3810,0.0260079026222229,0.0034728743916207084
5000,subset_accuracy_drop,subset_score_asc,3820,0.026719379425048827,0.003585740238818793
5000,subset_accuracy_drop,subset_score_asc,3830,0.0269565224647522,0.003528640035000395
5000,subset_accuracy_drop,subset_score_asc,3840,0.027351772785186766,0.003358520859063348
5000,subset_accuracy_drop,subset_score_asc,3850,0.02750988006591797,0.0032784882182159475
5000,subset_accuracy_drop,subset_score_asc,3860,0.027351772785186766,0.003733047470047995
5000,subset_accuracy_drop,subset_score_asc,3870,0.027588927745819093,0.004251533122958327
5000,subset_accuracy_drop,subset_score_asc,3880,0.02766798734664917,0.004220193684936122
5000,subset_accuracy_drop,subset_score_asc,3890,0.027826082706451417,0.003948631596776305
5000,subset_accuracy_drop,subset_score_asc,3900,0.02790513038635254,0.0036930717662598915
5000,subset_accuracy_drop,subset_score_asc,3910,0.027984189987182616,0.0038260572926578887
5000,subset_accuracy_drop,subset_score_asc,3920,0.027984189987182616,0.004214634878834304
5000,subset_accuracy_drop,subset_score_asc,3930,0.02845848798751831,0.004088575150014297
5000,subset_accuracy_drop,subset_score_asc,3940,0.028932809829711914,0.0047546164105084525
5000,subset_accuracy_drop,subset_score_asc,3950,0.02893279790878296,0.0038968533446071276
5000,subset_accuracy_drop,subset_score_asc,3960,0.029090893268585206,0.0037036339740528666
5000,subset_accuracy_drop,subset_score_asc,3970,0.028932809829711914,0.0035396992529487183
5000,subset_accuracy_drop,subset_score_asc,3980,0.028932809829711914,0.0035835593459873434
5000,subset_accuracy_drop,subset_score_asc,3990,0.028932809829711914,0.003946634824333196
5000,subset_accuracy_drop,subset_score_asc,4000,0.028853750228881835,0.0037808539338854102
5000,subset_accuracy_drop,subset_score_asc,4010,0.02909090518951416,0.0044595908838908635
5000,subset_accuracy_drop,subset_score_asc,4020,0.029090917110443114,0.004949409170326133
5000,subset_accuracy_drop,subset_score_asc,4030,0.02948615550994873,0.0046314343049397135
5000,subset_accuracy_drop,subset_score_asc,4040,0.029644274711608888,0.004347829656252679
5000,subset_accuracy_drop,subset_score_asc,4050,0.029802370071411132,0.004459575827820313
5000,subset_accuracy_drop,subset_score_asc,4060,0.030197620391845703,0.004681755367467517
5000,subset_accuracy_drop,subset_score_asc,4070,0.03011857271194458,0.004561761327246584
5000,subset_accuracy_drop,subset_score_asc,4080,0.031146228313446045,0.0051716759715022135
5000,subset_accuracy_drop,subset_score_asc,4090,0.03185770511627197,0.005537836559823244
5000,subset_accuracy_drop,subset_score_asc,4100,0.0322529673576355,0.005537831029375362
5000,subset_accuracy_drop,subset_score_asc,4110,0.032252955436706546,0.005495355095204814
5000,subset_accuracy_drop,subset_score_asc,4120,0.032569169998168945,0.005725107318546009
5000,subset_accuracy_drop,subset_score_asc,4130,0.032727277278900145,0.0051489669290134
5000,subset_accuracy_drop,subset_score_asc,4140,0.032569169998168945,0.0052332531126733205
5000,subset_accuracy_drop,subset_score_asc,4150,0.03233202695846558,0.004987128687764647
5000,subset_accuracy_drop,subset_score_asc,4160,0.0320948600769043,0.004754594856076785
5000,subset_accuracy_drop,subset_score_asc,4170,0.03193674087524414,0.004771001605068008
5000,subset_accuracy_drop,subset_score_asc,4180,0.03217390775680542,0.0045118265977556376
5000,subset_accuracy_drop,subset_score_asc,4190,0.03249013423919678,0.005049402570557459
5000,subset_accuracy_drop,subset_score_asc,4200,0.032727277278900145,0.005103261619533739
5000,subset_accuracy_drop,subset_score_asc,4210,0.032727277278900145,0.0052689492997175435
5000,subset_accuracy_drop,subset_score_asc,4220,0.03312253952026367,0.004654983678393523
5000,subset_accuracy_drop,subset_score_asc,4230,0.03320157527923584,0.0051154936991727185
5000,subset_accuracy_drop,subset_score_asc,4240,0.03343874216079712,0.005593986523833805
5000,subset_accuracy_drop,subset_score_asc,4250,0.033675897121429446,0.005364450284642365
5000,subset_accuracy_drop,subset_score_asc,4260,0.03375495672225952,0.005792919476166346
5000,subset_accuracy_drop,subset_score_asc,4270,0.034071147441864014,0.0058719369370652036
5000,subset_accuracy_drop,subset_score_asc,4280,0.03430829048156738,0.005938077512006021
5000,subset_accuracy_drop,subset_score_asc,4290,0.03470355272293091,0.006258320480479842
5000,subset_accuracy_drop,subset_score_asc,4300,0.03470355272293091,0.006715875119804669
5000,subset_accuracy_drop,subset_score_asc,4310,0.03462450504302979,0.006303092982184384
5000,subset_accuracy_drop,subset_score_asc,4320,0.03454545736312866,0.006352454026000416
5000,subset_accuracy_drop,subset_score_asc,4330,0.03486167192459107,0.006545057736898641
5000,subset_accuracy_drop,subset_score_asc,4340,0.03501977920532227,0.006746081908765781
5000,subset_accuracy_drop,subset_score_asc,4350,0.035335981845855714,0.006564134280310233
5000,subset_accuracy_drop,subset_score_asc,4360,0.0356521725654602,0.006539107624373488
5000,subset_accuracy_drop,subset_score_asc,4370,0.0356521725654602,0.006406351054844723
5000,subset_accuracy_drop,subset_score_asc,4380,0.03581027984619141,0.006504364785509646
5000,subset_accuracy_drop,subset_score_asc,4390,0.0353359580039978,0.006917582103077282
5000,subset_accuracy_drop,subset_score_asc,4400,0.03581026792526245,0.006803720330408182
5000,subset_accuracy_drop,subset_score_asc,4410,0.03588933944702148,0.006345092663819529
5000,subset_accuracy_drop,subset_score_asc,4420,0.03596837520599365,0.006286967306972414
5000,subset_accuracy_drop,subset_score_asc,4430,0.036521756649017335,0.0065043562736161395
5000,subset_accuracy_drop,subset_score_asc,4440,0.0370750904083252,0.005996990251209242
5000,subset_accuracy_drop,subset_score_asc,4450,0.0375494122505188,0.006336460291881092
5000,subset_accuracy_drop,subset_score_asc,4460,0.037786555290222165,0.006309279120955627
5000,subset_accuracy_drop,subset_score_asc,4470,0.03826086521148682,0.006831215039541201
5000,subset_accuracy_drop,subset_score_asc,4480,0.03818181753158569,0.006717043120823556
5000,subset_accuracy_drop,subset_score_asc,4490,0.03818181753158569,0.006215747583761101
5000,subset_accuracy_drop,subset_score_asc,4500,0.03818180561065674,0.0061589217771485395
5000,subset_accuracy_drop,subset_score_asc,4510,0.03873518705368042,0.006500760919614811
5000,subset_accuracy_drop,subset_score_asc,4520,0.038814210891723634,0.006442820525168162
5000,subset_accuracy_drop,subset_score_asc,4530,0.03913043737411499,0.006970444772975999
5000,subset_accuracy_drop,subset_score_asc,4540,0.03928854465484619,0.007156225805327282
5000,subset_accuracy_drop,subset_score_asc,4550,0.03992094993591309,0.007415672781083338
5000,subset_accuracy_drop,subset_score_asc,4560,0.03976284265518189,0.007095937440169642
5000,subset_accuracy_drop,subset_score_asc,4570,0.03968379497528076,0.0072160243661273235
5000,subset_accuracy_drop,subset_score_asc,4580,0.040079045295715335,0.006872249310501009
5000,subset_accuracy_drop,subset_score_asc,4590,0.040316200256347655,0.0068060046928848155
5000,subset_accuracy_drop,subset_score_asc,4600,0.04015810489654541,0.007205180402575168
5000,subset_accuracy_drop,subset_score_asc,4610,0.03999999761581421,0.007056184414246827
5000,subset_accuracy_drop,subset_score_asc,4620,0.040474319458007814,0.0074660693803487235
5000,subset_accuracy_drop,subset_score_asc,4630,0.04086958169937134,0.007024017436958207
5000,subset_accuracy_drop,subset_score_asc,4640,0.04166007041931152,0.007518201303078744
5000,subset_accuracy_drop,subset_score_asc,4650,0.0418972373008728,0.007420949143167009
5000,subset_accuracy_drop,subset_score_asc,4660,0.0417391300201416,0.007471297223153805
5000,subset_accuracy_drop,subset_score_asc,4670,0.04181817770004272,0.007122321870033337
5000,subset_accuracy_drop,subset_score_asc,4680,0.04181818962097168,0.007563794458132242
5000,subset_accuracy_drop,subset_score_asc,4690,0.04221343994140625,0.007837668341826943
5000,subset_accuracy_drop,subset_score_asc,4700,0.042687737941741945,0.007597771871463123
5000,subset_accuracy_drop,subset_score_asc,4710,0.04252965450286865,0.007007335316504273
5000,subset_accuracy_drop,subset_score_asc,4720,0.042055344581604,0.00676917236567624
5000,subset_accuracy_drop,subset_score_asc,4730,0.04229248762130737,0.007076104658222706
5000,subset_accuracy_drop,subset_score_asc,4740,0.0428458571434021,0.006546248298159737
5000,subset_accuracy_drop,subset_score_asc,4750,0.043162059783935544,0.00636967629639369
5000,subset_accuracy_drop,subset_score_asc,4760,0.0436363697052002,0.006177914926125687
5000,subset_accuracy_drop,subset_score_asc,4770,0.043794453144073486,0.006163989192362376
5000,subset_accuracy_drop,subset_score_asc,4780,0.043952560424804686,0.00605532245908377
5000,subset_accuracy_drop,subset_score_asc,4790,0.04505928754806519,0.006354918584890582
5000,subset_accuracy_drop,subset_score_asc,4800,0.04513833522796631,0.006357376814889125
5000,subset_accuracy_drop,subset_score_asc,4810,0.045612645149230954,0.006510346289428611
5000,subset_accuracy_drop,subset_score_asc,4820,0.045533597469329834,0.0068426308441900865
5000,subset_accuracy_drop,subset_score_asc,4830,0.04600789546966553,0.006599721382987345
5000,subset_accuracy_drop,subset_score_asc,4840,0.04640318155288696,0.00655817435339383
5000,subset_accuracy_drop,subset_score_asc,4850,0.046798419952392575,0.007210610140655014
5000,subset_accuracy_drop,subset_score_asc,4860,0.0468774676322937,0.007355397744955044
5000,subset_accuracy_drop,subset_score_asc,4870,0.0471936821937561,0.007134364711792285
5000,subset_accuracy_drop,subset_score_asc,4880,0.047035586833953855,0.006205668658549819
5000,subset_accuracy_drop,subset_score_asc,4890,0.04750988483428955,0.005613493648768573
5000,subset_accuracy_drop,subset_score_asc,4900,0.04758893251419068,0.006333980739920724
5000,subset_accuracy_drop,subset_score_asc,4910,0.04750988483428955,0.006675041390608376
5000,subset_accuracy_drop,subset_score_asc,4920,0.04822133779525757,0.0069704397031623835
5000,subset_accuracy_drop,subset_score_asc,4930,0.047905147075653076,0.006562945348411545
5000,subset_accuracy_drop,subset_score_asc,4940,0.048063242435455324,0.006820919972424638
5000,subset_accuracy_drop,subset_score_asc,4950,0.04885376691818237,0.007178029181700393
5000,subset_accuracy_drop,subset_score_asc,4960,0.049169957637786865,0.007481746673347889
5000,subset_accuracy_drop,subset_score_asc,4970,0.04972331523895264,0.006854039321717922
5000,subset_accuracy_drop,subset_score_asc,4980,0.050276684761047366,0.006424608917326152
5000,subset_accuracy_drop,subset_score_asc,4990,0.050671935081481934,0.007034022455622443
5000,subset_accuracy_drop,subset_score_asc,5000,0.05130435228347778,0.007252726961144916
5000,subset_accuracy_drop,subset_score_desc,0,0.0,0.0
5000,subset_accuracy_drop,subset_score_desc,10,0.006086957454681396,0.0021576920494978105
5000,subset_accuracy_drop,subset_score_desc,20,0.009328055381774902,0.00244614021410862
5000,subset_accuracy_drop,subset_score_desc,30,0.012569165229797364,0.0025828287752633077
5000,subset_accuracy_drop,subset_score_desc,40,0.014308297634124756,0.0025060726895501633
5000,subset_accuracy_drop,subset_score_desc,50,0.01604743003845215,0.0032183972862623762
5000,subset_accuracy_drop,subset_score_desc,60,0.017470359802246094,0.003784989910548801
5000,subset_accuracy_drop,subset_score_desc,70,0.019525694847106933,0.003755983830509294
5000,subset_accuracy_drop,subset_score_desc,80,0.021027672290802,0.003856559475139311
5000,subset_accuracy_drop,subset_score_desc,90,0.023715412616729735,0.0031989155825992684
5000,subset_accuracy_drop,subset_score_desc,100,0.024822139739990236,0.0030024054688380284
5000,subset_accuracy_drop,subset_score_desc,110,0.0261660099029541,0.0027865031008698065
5000,subset_accuracy_drop,subset_score_desc,120,0.028379452228546143,0.0032521820305665625
5000,subset_accuracy_drop,subset_score_desc,130,0.029565227031707764,0.00353971622493054
5000,subset_accuracy_drop,subset_score_desc,140,0.030750977993011474,0.0033817013504405143
5000,subset_accuracy_drop,subset_score_desc,150,0.0322529673576355,0.0023316872752922988
5000,subset_accuracy_drop,subset_score_desc,160,0.03343874216079712,0.002157693141396667
5000,subset_accuracy_drop,subset_score_desc,170,0.03430829048156738,0.002552401957184924
5000,subset_accuracy_drop,subset_score_desc,180,0.03541501760482788,0.002872101916664999
5000,subset_accuracy_drop,subset_score_desc,190,0.03620554208755493,0.0031322767320639804
5000,subset_accuracy_drop,subset_score_desc,200,0.03683794736862182,0.0034275975615858183
5000,subset_accuracy_drop,subset_score_desc,210,0.037786567211151124,0.0029789022015756753
5000,subset_accuracy_drop,subset_score_desc,220,0.03865612745285034,0.003028315827950082
5000,subset_accuracy_drop,subset_score_desc,230,0.03944664001464844,0.003393244016501526
5000,subset_accuracy_drop,subset_score_desc,240,0.040237152576446535,0.00337013243286223
5000,subset_accuracy_drop,subset_score_desc,250,0.04086955785751343,0.0036398065063472165
5000,subset_accuracy_drop,subset_score_desc,260,0.041501975059509276,0.0030360428290683323
5000,subset_accuracy_drop,subset_score_desc,270,0.04229249954223633,0.003124777152698751
5000,subset_accuracy_drop,subset_score_desc,280,0.0431620717048645,0.002506082090270458
5000,subset_accuracy_drop,subset_score_desc,290,0.04363635778427124,0.0027183918789745144
5000,subset_accuracy_drop,subset_score_desc,300,0.04403163194656372,0.002600915828132179
5000,subset_accuracy_drop,subset_score_desc,310,0.04450592994689941,0.002263698156196025
5000,subset_accuracy_drop,subset_score_desc,320,0.04482212066650391,0.0023649360245163176
5000,subset_accuracy_drop,subset_score_desc,330,0.045375502109527587,0.003191574441061717
5000,subset_accuracy_drop,subset_score_desc,340,0.04584980010986328,0.0030101809802418806
5000,subset_accuracy_drop,subset_score_desc,350,0.0468774676322937,0.0026602904288966153
5000,subset_accuracy_drop,subset_score_desc,360,0.04750988483428955,0.0025216052199508437
5000,subset_accuracy_drop,subset_score_desc,370,0.048142290115356444,0.002172108278002393
5000,subset_accuracy_drop,subset_score_desc,380,0.04869565963745117,0.002521600548354672
5000,subset_accuracy_drop,subset_score_desc,390,0.04916996955871582,0.00285844695810725
5000,subset_accuracy_drop,subset_score_desc,400,0.04924899339675903,0.0023483840369123757
5000,subset_accuracy_drop,subset_score_desc,410,0.04956520795822143,0.0028032771723664773
5000,subset_accuracy_drop,subset_score_desc,420,0.050513851642608645,0.002949910067930079
5000,subset_accuracy_drop,subset_score_desc,430,0.05083003044128418,0.0032545958448197644
5000,subset_accuracy_drop,subset_score_desc,440,0.05114623308181763,0.0035198019785154105
5000,subset_accuracy_drop,subset_score_desc,450,0.05162055492401123,0.0032665689244627282
5000,subset_accuracy_drop,subset_score_desc,460,0.0523320198059082,0.003475134917259032
5000,subset_accuracy_drop,subset_score_desc,470,0.0524901270866394,0.0033116795498733644
5000,subset_accuracy_drop,subset_score_desc,480,0.053122532367706296,0.0027752598177394317
5000,subset_accuracy_drop,subset_score_desc,490,0.05343873500823974,0.00305397898454311
5000,subset_accuracy_drop,subset_score_desc,500,0.053122520446777344,0.003418454521555615
5000,subset_accuracy_drop,subset_score_desc,510,0.052964425086975096,0.003832155204128688
5000,subset_accuracy_drop,subset_score_desc,520,0.053201591968536376,0.003848427731193395
5000,subset_accuracy_drop,subset_score_desc,530,0.05343873500823974,0.004994964461674909
5000,subset_accuracy_drop,subset_score_desc,540,0.05343873500823974,0.004705072913269848
5000,subset_accuracy_drop,subset_score_desc,550,0.05359684228897095,0.0049730331180278305
5000,subset_accuracy_drop,subset_score_desc,560,0.054229247570037845,0.004587375072246934
5000,subset_accuracy_drop,subset_score_desc,570,0.054387354850769044,0.0049494027443466706
5000,subset_accuracy_drop,subset_score_desc,580,0.054466414451599124,0.0044927611068913765
5000,subset_accuracy_drop,subset_score_desc,590,0.054387342929840085,0.004589083561624937
5000,subset_accuracy_drop,subset_score_desc,600,0.05494071245193481,0.004410270670666288
5000,subset_accuracy_drop,subset_score_desc,610,0.055652177333831786,0.004177400017240397
5000,subset_accuracy_drop,subset_score_desc,620,0.055573117733001706,0.004234963231361373
5000,subset_accuracy_drop,subset_score_desc,630,0.05620553493499756,0.004762825081160727
5000,subset_accuracy_drop,subset_score_desc,640,0.05675889253616333,0.004639852785962161
5000,subset_accuracy_drop,subset_score_desc,650,0.0574703574180603,0.004589059689604163
5000,subset_accuracy_drop,subset_score_desc,660,0.05786559581756592,0.004520470175279794
5000,subset_accuracy_drop,subset_score_desc,670,0.05818181037902832,0.004654959891362096
5000,subset_accuracy_drop,subset_score_desc,680,0.058181822299957275,0.004979290045891772
5000,subset_accuracy_drop,subset_score_desc,690,0.058418989181518555,0.004827965929725345
5000,subset_accuracy_drop,subset_score_desc,700,0.05818181037902832,0.00548681194773211
5000,subset_accuracy_drop,subset_score_desc,710,0.058498036861419675,0.0054482383318068175
5000,subset_accuracy_drop,subset_score_desc,720,0.0585770845413208,0.0058117666244782845
5000,subset_accuracy_drop,subset_score_desc,730,0.0592094898223877,0.005550513268712227
5000,subset_accuracy_drop,subset_score_desc,740,0.059683799743652344,0.0059354355055567295
5000,subset_accuracy_drop,subset_score_desc,750,0.06039526462554932,0.005858610493695581
5000,subset_accuracy_drop,subset_score_desc,760,0.05992094278335571,0.0058599580102437635
5000,subset_accuracy_drop,subset_score_desc,770,0.06047431230545044,0.006091319984844444
5000,subset_accuracy_drop,subset_score_desc,780,0.06055337190628052,0.005865273282645909
5000,subset_accuracy_drop,subset_score_desc,790,0.06086956262588501,0.005505283163393652
5000,subset_accuracy_drop,subset_score_desc,800,0.06126482486724853,0.005183748434311709
5000,subset_accuracy_drop,subset_score_desc,810,0.0611857533454895,0.004892243348027037
5000,subset_accuracy_drop,subset_score_desc,820,0.060948622226715085,0.004279010326291165
5000,subset_accuracy_drop,subset_score_desc,830,0.06126482486724853,0.004117123746903455
5000,subset_accuracy_drop,subset_score_desc,840,0.06134387254714966,0.003561687884065204
5000,subset_accuracy_drop,subset_score_desc,850,0.06118577718734741,0.004196049345447332
5000,subset_accuracy_drop,subset_score_desc,860,0.06166007518768311,0.003739311867751876
5000,subset_accuracy_drop,subset_score_desc,870,0.06166008710861206,0.003862613197701964
5000,subset_accuracy_drop,subset_score_desc,880,0.06150197982788086,0.003703609483724618
5000,subset_accuracy_drop,subset_score_desc,890,0.062055337429046634,0.0034115778808538407
5000,subset_accuracy_drop,subset_score_desc,900,0.061739134788513186,0.0039663927894015094
5000,subset_accuracy_drop,subset_score_desc,910,0.06252963542938232,0.003669705304063902
5000,subset_accuracy_drop,subset_score_desc,920,0.062292492389678954,0.0040559703857705924
5000,subset_accuracy_drop,subset_score_desc,930,0.062213432788848874,0.004433239969614797
5000,subset_accuracy_drop,subset_score_desc,940,0.062213456630706786,0.004764444696282726
5000,subset_accuracy_drop,subset_score_desc,950,0.062055349349975586,0.004566897116384572
5000,subset_accuracy_drop,subset_score_desc,960,0.062292492389678954,0.004698411713314836
5000,subset_accuracy_drop,subset_score_desc,970,0.062055337429046634,0.005498198718427498
5000,subset_accuracy_drop,subset_score_desc,980,0.06166008710861206,0.0051154983046822295
5000,subset_accuracy_drop,subset_score_desc,990,0.06189723014831543,0.004764447910464125
5000,subset_accuracy_drop,subset_score_desc,1000,0.061976289749145506,0.005254110032080975
5000,subset_accuracy_drop,subset_score_desc,1010,0.061976289749145506,0.005458274977923558
5000,subset_accuracy_drop,subset_score_desc,1020,0.06150197982788086,0.005495367313376875
5000,subset_accuracy_drop,subset_score_desc,1030,0.061739134788513186,0.005529366931349482
5000,subset_accuracy_drop,subset_score_desc,1040,0.06166006326675415,0.005862616148319354
5000,subset_accuracy_drop,subset_score_desc,1050,0.06237155199050903,0.00577804840571214
5000,subset_accuracy_drop,subset_score_desc,1060,0.06292489767074586,0.005571577022277858
5000,subset_accuracy_drop,subset_score_desc,1070,0.063083016872406,0.005416595697449912
5000,subset_accuracy_drop,subset_score_desc,1080,0.06292490959167481,0.0052763455811227315
5000,subset_accuracy_drop,subset_score_desc,1090,0.06332015991210938,0.00476280455331555
5000,subset_accuracy_drop,subset_score_desc,1100,0.06363636255264282,0.005426693688666582
5000,subset_accuracy_drop,subset_score_desc,1110,0.0637154221534729,0.0045703058275710475
5000,subset_accuracy_drop,subset_score_desc,1120,0.06403161287307739,0.004320804294389056
5000,subset_accuracy_drop,subset_score_desc,1130,0.06426876783370972,0.00483766613976905
5000,subset_accuracy_drop,subset_score_desc,1140,0.06426877975463867,0.004665040308714559
5000,subset_accuracy_drop,subset_score_desc,1150,0.06450592279434204,0.004819864290606408
5000,subset_accuracy_drop,subset_score_desc,1160,0.06466401815414428,0.004665040308714559
5000,subset_accuracy_drop,subset_score_desc,1170,0.0646640419960022,0.005142895821829377
5000,subset_accuracy_drop,subset_score_desc,1180,0.06505929231643677,0.005277822343682999
5000,subset_accuracy_drop,subset_score_desc,1190,0.06466403007507324,0.005322042247232106
5000,subset_accuracy_drop,subset_score_desc,1200,0.064505934715271,0.005246637502146062
5000,subset_accuracy_drop,subset_score_desc,1210,0.06450594663619995,0.005194275981164156
5000,subset_accuracy_drop,subset_score_desc,1220,0.0646640419960022,0.005203290401655966
5000,subset_accuracy_drop,subset_score_desc,1230,0.06458498239517212,0.00538767851775858
5000,subset_accuracy_drop,subset_score_desc,1240,0.06474307775497437,0.004932018072706564
5000,subset_accuracy_drop,subset_score_desc,1250,0.06474308967590332,0.004860219989244172
5000,subset_accuracy_drop,subset_score_desc,1260,0.06450594663619995,0.00441379393854351
5000,subset_accuracy_drop,subset_score_desc,1270,0.06434781551361084,0.004378247234131681
5000,subset_accuracy_drop,subset_score_desc,1280,0.06498024463653565,0.0048537785094980015
5000,subset_accuracy_drop,subset_score_desc,1290,0.06498024463653565,0.005262985935987453
5000,subset_accuracy_drop,subset_score_desc,1300,0.06521739959716796,0.004693419334698955
5000,subset_accuracy_drop,subset_score_desc,1310,0.06521739959716796,0.004651626383553625
5000,subset_accuracy_drop,subset_score_desc,1320,0.06482213735580444,0.0043388313087299474
5000,subset_accuracy_drop,subset_score_desc,1330,0.06442688703536988,0.004356798604114486
5000,subset_accuracy_drop,subset_score_desc,1340,0.06411068439483643,0.004629739154198456
5000,subset_accuracy_drop,subset_score_desc,1350,0.06411068439483643,0.004629739154198456
5000,subset_accuracy_drop,subset_score_desc,1360,0.06418973207473755,0.004756233619807642
5000,subset_accuracy_drop,subset_score_desc,1370,0.0637154221534729,0.004595857855685556
5000,subset_accuracy_drop,subset_score_desc,1380,0.06411066055297851,0.004518726620053746
5000,subset_accuracy_drop,subset_score_desc,1390,0.06466403007507324,0.004503158581834574
5000,subset_accuracy_drop,subset_score_desc,1400,0.06505929231643677,0.00458907098392194
5000,subset_accuracy_drop,subset_score_desc,1410,0.06529645919799805,0.004177403682893605
5000,subset_accuracy_drop,subset_score_desc,1420,0.06513835191726684,0.003906853210438258
5000,subset_accuracy_drop,subset_score_desc,1430,0.06521738767623901,0.0037808601651823934
5000,subset_accuracy_drop,subset_score_desc,1440,0.06482212543487549,0.004302681219923363
5000,subset_accuracy_drop,subset_score_desc,1450,0.06466403007507324,0.004821495773210349
5000,subset_accuracy_drop,subset_score_desc,1460,0.06474308967590332,0.004621296896740159
5000,subset_accuracy_drop,subset_score_desc,1470,0.06513833999633789,0.004621308622118209
5000,subset_accuracy_drop,subset_score_desc,1480,0.06513835191726684,0.005049403970245815
5000,subset_accuracy_drop,subset_score_desc,1490,0.06521739959716796,0.004897039289909341
5000,subset_accuracy_drop,subset_score_desc,1500,0.06521738767623901,0.005030795352256581
5000,subset_accuracy_drop,subset_score_desc,1510,0.06577075719833374,0.00505094358669124
5000,subset_accuracy_drop,subset_score_desc,1520,0.06521739959716796,0.005339622730530621
5000,subset_accuracy_drop,subset_score_desc,1530,0.06584980487823486,0.005813100075285868
5000,subset_accuracy_drop,subset_score_desc,1540,0.06592886447906494,0.006394130778626981
5000,subset_accuracy_drop,subset_score_desc,1550,0.06632410287857056,0.006357387376382103
5000,subset_accuracy_drop,subset_score_desc,1560,0.06664032936096191,0.006215743035489683
5000,subset_accuracy_drop,subset_score_desc,1570,0.0661660075187683,0.006030749611526214
5000,subset_accuracy_drop,subset_score_desc,1580,0.06624506711959839,0.005985245473399305
5000,subset_accuracy_drop,subset_score_desc,1590,0.06584980487823486,0.005985232877529267
5000,subset_accuracy_drop,subset_score_desc,1600,0.06600791215896606,0.005895835162266636
5000,subset_accuracy_drop,subset_score_desc,1610,0.06648222208023072,0.005378986473770522
5000,subset_accuracy_drop,subset_score_desc,1620,0.06592885255813599,0.005791562260149067
5000,subset_accuracy_drop,subset_score_desc,1630,0.06584980487823486,0.005752315784292882
5000,subset_accuracy_drop,subset_score_desc,1640,0.06600791215896606,0.005775369497574575
5000,subset_accuracy_drop,subset_score_desc,1650,0.06600791215896606,0.006391687237005278
5000,subset_accuracy_drop,subset_score_desc,1660,0.06600791215896606,0.0064525100411028154
5000,subset_accuracy_drop,subset_score_desc,1670,0.0664821982383728,0.00647908781017462
5000,subset_accuracy_drop,subset_score_desc,1680,0.06640316247940063,0.0060138901924195
5000,subset_accuracy_drop,subset_score_desc,1690,0.06703555583953857,0.0061779221716178985
5000,subset_accuracy_drop,subset_score_desc,1700,0.06743083000183106,0.006510335976075593
5000,subset_accuracy_drop,subset_score_desc,1710,0.06790512800216675,0.0066280883276590916
5000,subset_accuracy_drop,subset_score_desc,1720,0.06798418760299682,0.006572457412940902
5000,subset_accuracy_drop,subset_score_desc,1730,0.0675889253616333,0.0067077288925061745
5000,subset_accuracy_drop,subset_score_desc,1740,0.06727272272109985,0.006876786308120334
5000,subset_accuracy_drop,subset_score_desc,1750,0.06703557968139648,0.007439871580814821
5000,subset_accuracy_drop,subset_score_desc,1760,0.0672727346420288,0.007517173455781221
5000,subset_accuracy_drop,subset_score_desc,1770,0.06703557968139648,0.007199760149496795
5000,subset_accuracy_drop,subset_score_desc,1780,0.06711462736129761,0.0071058315813774696
5000,subset_accuracy_drop,subset_score_desc,1790,0.06719367504119873,0.007037337673799068
5000,subset_accuracy_drop,subset_score_desc,1800,0.06735178232192993,0.007183453697243049
5000,subset_accuracy_drop,subset_score_desc,1810,0.06727272272109985,0.006922081219471948
5000,subset_accuracy_drop,subset_score_desc,1820,0.06758893728256225,0.006713542368512324
5000,subset_accuracy_drop,subset_score_desc,1830,0.06814229488372803,0.007062820508853922
5000,subset_accuracy_drop,subset_score_desc,1840,0.06837944984436035,0.007142014601764315
5000,subset_accuracy_drop,subset_score_desc,1850,0.06845848560333252,0.007127772915799709
5000,subset_accuracy_drop,subset_score_desc,1860,0.0685375452041626,0.007040678602083039
5000,subset_accuracy_drop,subset_score_desc,1870,0.0685375452041626,0.0063278140959366624
5000,subset_accuracy_drop,subset_score_desc,1880,0.06861660480499268,0.00567714019719382
5000,subset_accuracy_drop,subset_score_desc,1890,0.06853753328323364,0.005523715216695621
5000,subset_accuracy_drop,subset_score_desc,1900,0.0686956524848938,0.004892248404471119
5000,subset_accuracy_drop,subset_score_desc,1910,0.06845850944519043,0.004621300720215379
5000,subset_accuracy_drop,subset_score_desc,1920,0.06869564056396485,0.004979309681247716
5000,subset_accuracy_drop,subset_score_desc,1930,0.0686956524848938,0.005033911237933391
5000,subset_accuracy_drop,subset_score_desc,1940,0.06830039024353027,0.0052242890397653265
5000,subset_accuracy_drop,subset_score_desc,1950,0.0683794379234314,0.005596766985372368
5000,subset_accuracy_drop,subset_score_desc,1960,0.06814229488372803,0.005879932168672146
5000,subset_accuracy_drop,subset_score_desc,1970,0.0685375452041626,0.005684021719242556
5000,subset_accuracy_drop,subset_score_desc,1980,0.06845849752426147,0.005716908957465414
5000,subset_accuracy_drop,subset_score_desc,1990,0.06814229488372803,0.005502463966850587
5000,subset_accuracy_drop,subset_score_desc,2000,0.06806323528289795,0.005472567983101297
5000,subset_accuracy_drop,subset_score_desc,2010,0.06727272272109985,0.005458294832572995
5000,subset_accuracy_drop,subset_score_desc,2020,0.06719367504119873,0.005775364398508688
5000,subset_accuracy_drop,subset_score_desc,2030,0.06687747240066529,0.0057983071732909406
5000,subset_accuracy_drop,subset_score_desc,2040,0.06711462736129761,0.00540795013155104
5000,subset_accuracy_drop,subset_score_desc,2050,0.06640315055847168,0.005198807803461689
5000,subset_accuracy_drop,subset_score_desc,2060,0.06648221015930175,0.0056895139874673616
5000,subset_accuracy_drop,subset_score_desc,2070,0.06664031744003296,0.005879907126683177
5000,subset_accuracy_drop,subset_score_desc,2080,0.06648223400115967,0.005696380768107338
5000,subset_accuracy_drop,subset_score_desc,2090,0.06648222208023072,0.005818477184047819
5000,subset_accuracy_drop,subset_score_desc,2100,0.06624505519866944,0.005998282722312444
5000,subset_accuracy_drop,subset_score_desc,2110,0.06600790023803711,0.0062993758399178534
5000,subset_accuracy_drop,subset_score_desc,2120,0.06624505519866944,0.0064136621265370964
5000,subset_accuracy_drop,subset_score_desc,2130,0.06608694791793823,0.006388030498444046
5000,subset_accuracy_drop,subset_score_desc,2140,0.06569169759750366,0.00632041490354831
5000,subset_accuracy_drop,subset_score_desc,2150,0.06577075719833374,0.0063278234036899155
5000,subset_accuracy_drop,subset_score_desc,2160,0.0658497929573059,0.006114369857504743
5000,subset_accuracy_drop,subset_score_desc,2170,0.06624504327774047,0.006462189038604173
5000,subset_accuracy_drop,subset_score_desc,2180,0.0661660075187683,0.006431907110640449
5000,subset_accuracy_drop,subset_score_desc,2190,0.06624506711959839,0.0062657903678186785
5000,subset_accuracy_drop,subset_score_desc,2200,0.06640317440032958,0.0068403611240477865
5000,subset_accuracy_drop,subset_score_desc,2210,0.06703557968139648,0.006877924071727528
5000,subset_accuracy_drop,subset_score_desc,2220,0.06743084192276001,0.006413657902245181
5000,subset_accuracy_drop,subset_score_desc,2230,0.0672727346420288,0.006220765300612242
5000,subset_accuracy_drop,subset_score_desc,2240,0.06687747240066529,0.006035940051074999
5000,subset_accuracy_drop,subset_score_desc,2250,0.06679842472076417,0.006097740482209884
5000,subset_accuracy_drop,subset_score_desc,2260,0.06656126976013184,0.006617463371340618
5000,subset_accuracy_drop,subset_score_desc,2270,0.06664031744003296,0.006849495683788916
5000,subset_accuracy_drop,subset_score_desc,2280,0.06640317440032958,0.006625724668806296
5000,subset_accuracy_drop,subset_score_desc,2290,0.06664031744003296,0.006303100831458503
5000,subset_accuracy_drop,subset_score_desc,2300,0.06679842472076417,0.0061614522776535004
5000,subset_accuracy_drop,subset_score_desc,2310,0.06711462736129761,0.0060034967189468765
5000,subset_accuracy_drop,subset_score_desc,2320,0.06711462736129761,0.006106697198002305
5000,subset_accuracy_drop,subset_score_desc,2330,0.06735175848007202,0.005879924155180817
5000,subset_accuracy_drop,subset_score_desc,2340,0.06719366312026978,0.005935459320950372
5000,subset_accuracy_drop,subset_score_desc,2350,0.06743083000183106,0.005906424870731606
5000,subset_accuracy_drop,subset_score_desc,2360,0.06735178232192993,0.006377034032619965
5000,subset_accuracy_drop,subset_score_desc,2370,0.06750987768173218,0.006479106900171819
5000,subset_accuracy_drop,subset_score_desc,2380,0.06774704456329346,0.0064500961035200465
5000,subset_accuracy_drop,subset_score_desc,2390,0.06806324720382691,0.00654505413739807
5000,subset_accuracy_drop,subset_score_desc,2400,0.06814230680465698,0.006581954478136817
5000,subset_accuracy_drop,subset_score_desc,2410,0.06798419952392579,0.006596197653350643
5000,subset_accuracy_drop,subset_score_desc,2420,0.0682213544845581,0.007001756019462005
5000,subset_accuracy_drop,subset_score_desc,2430,0.06845850944519043,0.006933374257590452
5000,subset_accuracy_drop,subset_score_desc,2440,0.06845849752426147,0.006819755425852539
5000,subset_accuracy_drop,subset_score_desc,2450,0.0683794379234314,0.006942352669201283
5000,subset_accuracy_drop,subset_score_desc,2460,0.06806324720382691,0.007553467558733094
5000,subset_accuracy_drop,subset_score_desc,2470,0.06750988960266113,0.00779770197748251
5000,subset_accuracy_drop,subset_score_desc,2480,0.06798419952392579,0.008066549152046354
5000,subset_accuracy_drop,subset_score_desc,2490,0.0679051399230957,0.008231440964956278
5000,subset_accuracy_drop,subset_score_desc,2500,0.06845849752426147,0.007817723130541498
5000,subset_accuracy_drop,subset_score_desc,2510,0.0686956524848938,0.008029679052563422
5000,subset_accuracy_drop,subset_score_desc,2520,0.06901185512542725,0.008406086810643967
5000,subset_accuracy_drop,subset_score_desc,2530,0.06877471208572387,0.007870488802598292
5000,subset_accuracy_drop,subset_score_desc,2540,0.06869564056396485,0.008102296846913704
5000,subset_accuracy_drop,subset_score_desc,2550,0.0685375452041626,0.008079141114988043
5000,subset_accuracy_drop,subset_score_desc,2560,0.06830040216445923,0.00806847292185288
5000,subset_accuracy_drop,subset_score_desc,2570,0.0683794379234314,0.008398649894052845
5000,subset_accuracy_drop,subset_score_desc,2580,0.06806323528289795,0.008053939696034294
5000,subset_accuracy_drop,subset_score_desc,2590,0.06814229488372803,0.008112883102407948
5000,subset_accuracy_drop,subset_score_desc,2600,0.06837944984436035,0.00826739464715391
5000,subset_accuracy_drop,subset_score_desc,2610,0.06861659288406372,0.008160891426227704
5000,subset_accuracy_drop,subset_score_desc,2620,0.06869564056396485,0.007532732662301451
5000,subset_accuracy_drop,subset_score_desc,2630,0.06822134256362915,0.007600887234220538
5000,subset_accuracy_drop,subset_score_desc,2640,0.06869566440582275,0.007630620173334309
5000,subset_accuracy_drop,subset_score_desc,2650,0.068853759765625,0.007338404750780982
5000,subset_accuracy_drop,subset_score_desc,2660,0.06877471208572387,0.0074524695944332055
5000,subset_accuracy_drop,subset_score_desc,2670,0.06806324720382691,0.007220345188254001
5000,subset_accuracy_drop,subset_score_desc,2680,0.06798418760299682,0.007978901592814832
5000,subset_accuracy_drop,subset_score_desc,2690,0.06822134256362915,0.008382811225383865
5000,subset_accuracy_drop,subset_score_desc,2700,0.06814230680465698,0.008175238559236388
5000,subset_accuracy_drop,subset_score_desc,2710,0.06806323528289795,0.008188596985410723
5000,subset_accuracy_drop,subset_score_desc,2720,0.06790512800216675,0.008226683586594398
5000,subset_accuracy_drop,subset_score_desc,2730,0.0682213306427002,0.008466264826327672
5000,subset_accuracy_drop,subset_score_desc,2740,0.06845848560333252,0.008611702986775091
5000,subset_accuracy_drop,subset_score_desc,2750,0.0679051399230957,0.008386531912280367
5000,subset_accuracy_drop,subset_score_desc,2760,0.0675889253616333,0.00841723756241128
5000,subset_accuracy_drop,subset_score_desc,2770,0.06798417568206787,0.008281563816929204
5000,subset_accuracy_drop,subset_score_desc,2780,0.06782609224319458,0.008218114626841246
5000,subset_accuracy_drop,subset_score_desc,2790,0.06766798496246337,0.008092638664292679
5000,subset_accuracy_drop,subset_score_desc,2800,0.06766799688339234,0.007975980256332381
5000,subset_accuracy_drop,subset_score_desc,2810,0.06766797304153442,0.008150359867486134
5000,subset_accuracy_drop,subset_score_desc,2820,0.06766797304153442,0.008082996047650493
5000,subset_accuracy_drop,subset_score_desc,2830,0.06735178232192993,0.0074713006917969515
5000,subset_accuracy_drop,subset_score_desc,2840,0.06703557968139648,0.007450367320417545
5000,subset_accuracy_drop,subset_score_desc,2850,0.0669565200805664,0.007549323512668917
5000,subset_accuracy_drop,subset_score_desc,2860,0.0672727346420288,0.007630625421935587
5000,subset_accuracy_drop,subset_score_desc,2870,0.06735177040100097,0.007788679675875543
5000,subset_accuracy_drop,subset_score_desc,2880,0.06727272272109985,0.00775753047056956
5000,subset_accuracy_drop,subset_score_desc,2890,0.06711462736129761,0.007039595422992904
5000,subset_accuracy_drop,subset_score_desc,2900,0.06703557968139648,0.006803702670651677
5000,subset_accuracy_drop,subset_score_desc,2910,0.06750988960266113,0.0067622592557810704
5000,subset_accuracy_drop,subset_score_desc,2920,0.06719366312026978,0.007255955891420791
5000,subset_accuracy_drop,subset_score_desc,2930,0.06766798496246337,0.007295674028786204
5000,subset_accuracy_drop,subset_score_desc,2940,0.06774702072143554,0.007253803485033768
5000,subset_accuracy_drop,subset_score_desc,2950,0.06806324720382691,0.007671448749509326
5000,subset_accuracy_drop,subset_score_desc,2960,0.06845848560333252,0.007412530110623429
5000,subset_accuracy_drop,subset_score_desc,2970,0.06782608032226563,0.007585455403405499
5000,subset_accuracy_drop,subset_score_desc,2980,0.0679051399230957,0.007433569717713058
5000,subset_accuracy_drop,subset_score_desc,2990,0.06750987768173218,0.0069558540186267755
5000,subset_accuracy_drop,subset_score_desc,3000,0.06766799688339234,0.007182375813353328
5000,subset_accuracy_drop,subset_score_desc,3010,0.06782609224319458,0.007753500961035959
5000,subset_accuracy_drop,subset_score_desc,3020,0.0674308180809021,0.008016034345858162
5000,subset_accuracy_drop,subset_score_desc,3030,0.06735178232192993,0.008246589539028178
5000,subset_accuracy_drop,subset_score_desc,3040,0.06719368696212769,0.00830980770485387
5000,subset_accuracy_drop,subset_score_desc,3050,0.06687746047973633,0.008538849989509142
5000,subset_accuracy_drop,subset_score_desc,3060,0.06671937704086303,0.00793179422853664
5000,subset_accuracy_drop,subset_score_desc,3070,0.06616601943969727,0.008093619628149551
5000,subset_accuracy_drop,subset_score_desc,3080,0.06624505519866944,0.008396766558492799
5000,subset_accuracy_drop,subset_score_desc,3090,0.0661660075187683,0.008535196805886264
5000,subset_accuracy_drop,subset_score_desc,3100,0.06703557968139648,0.008050058118436376
5000,subset_accuracy_drop,subset_score_desc,3110,0.06640315055847168,0.008568982906328366
5000,subset_accuracy_drop,subset_score_desc,3120,0.06671937704086303,0.008193376334511704
5000,subset_accuracy_drop,subset_score_desc,3130,0.06640316247940063,0.008573548836934237
5000,subset_accuracy_drop,subset_score_desc,3140,0.06632411479949951,0.008202899107128537
5000,subset_accuracy_drop,subset_score_desc,3150,0.0661660075187683,0.00842926137276561
5000,subset_accuracy_drop,subset_score_desc,3160,0.06671935319900513,0.008409794118400501
5000,subset_accuracy_drop,subset_score_desc,3170,0.06687746047973633,0.007882390544139951
5000,subset_accuracy_drop,subset_score_desc,3180,0.06711463928222657,0.007832687589991264
5000,subset_accuracy_drop,subset_score_desc,3190,0.06711462736129761,0.007485922148927054
5000,subset_accuracy_drop,subset_score_desc,3200,0.06687747240066529,0.007301040823771358
5000,subset_accuracy_drop,subset_score_desc,3210,0.06648222208023072,0.00731706398204494
5000,subset_accuracy_drop,subset_score_desc,3220,0.06679842472076417,0.006771466121413497
5000,subset_accuracy_drop,subset_score_desc,3230,0.06656125783920289,0.006425812812468644
5000,subset_accuracy_drop,subset_score_desc,3240,0.06640315055847168,0.006512751279693885
5000,subset_accuracy_drop,subset_score_desc,3250,0.06664031744003296,0.007450363525804742
5000,subset_accuracy_drop,subset_score_desc,3260,0.06640316247940063,0.007048449559747417
5000,subset_accuracy_drop,subset_score_desc,3270,0.06656126976013184,0.007564812389420527
5000,subset_accuracy_drop,subset_score_desc,3280,0.06640315055847168,0.0077605351021647435
5000,subset_accuracy_drop,subset_score_desc,3290,0.06640315055847168,0.007710046339138822
5000,subset_accuracy_drop,subset_score_desc,3300,0.0667984127998352,0.007633684015891266
5000,subset_accuracy_drop,subset_score_desc,3310,0.06656126976013184,0.007917965966006439
5000,subset_accuracy_drop,subset_score_desc,3320,0.06664031744003296,0.006652786989715805
5000,subset_accuracy_drop,subset_score_desc,3330,0.06656126976013184,0.007253815014857669
5000,subset_accuracy_drop,subset_score_desc,3340,0.06687747240066529,0.006989449811058379
5000,subset_accuracy_drop,subset_score_desc,3350,0.06703556776046753,0.007194317146882538
5000,subset_accuracy_drop,subset_score_desc,3360,0.06703557968139648,0.006510347374994941
5000,subset_accuracy_drop,subset_score_desc,3370,0.06632411479949951,0.0062395717118827795
5000,subset_accuracy_drop,subset_score_desc,3380,0.06624505519866944,0.006389239995364429
5000,subset_accuracy_drop,subset_score_desc,3390,0.06600791215896606,0.00654266300159522
5000,subset_accuracy_drop,subset_score_desc,3400,0.06545454263687134,0.007007332458751774
5000,subset_accuracy_drop,subset_score_desc,3410,0.06561264991760254,0.007223600823487078
5000,subset_accuracy_drop,subset_score_desc,3420,0.06537549495697022,0.007339453300118129
5000,subset_accuracy_drop,subset_score_desc,3430,0.06577076911926269,0.0068608827882201155
5000,subset_accuracy_drop,subset_score_desc,3440,0.06616601943969727,0.007216012122933858
5000,subset_accuracy_drop,subset_score_desc,3450,0.06632411479949951,0.007182382865651735
5000,subset_accuracy_drop,subset_score_desc,3460,0.06577075719833374,0.007460844979211766
5000,subset_accuracy_drop,subset_score_desc,3470,0.06600790023803711,0.007689754799120945
5000,subset_accuracy_drop,subset_score_desc,3480,0.0658497929573059,0.007371316650210904
5000,subset_accuracy_drop,subset_score_desc,3490,0.0658497929573059,0.007397758502395419
5000,subset_accuracy_drop,subset_score_desc,3500,0.06584980487823486,0.00725918176278636
5000,subset_accuracy_drop,subset_score_desc,3510,0.06553360223770141,0.006967077773748329
5000,subset_accuracy_drop,subset_score_desc,3520,0.06577075719833374,0.00729674905965848
5000,subset_accuracy_drop,subset_score_desc,3530,0.06553360223770141,0.007661266808904098
5000,subset_accuracy_drop,subset_score_desc,3540,0.06600790023803711,0.00794456863986687
5000,subset_accuracy_drop,subset_score_desc,3550,0.06656125783920289,0.00797695356339516
5000,subset_accuracy_drop,subset_score_desc,3560,0.0667984127998352,0.007415685488836302
5000,subset_accuracy_drop,subset_score_desc,3570,0.06656126976013184,0.007355407834350873
5000,subset_accuracy_drop,subset_score_desc,3580,0.06616601943969727,0.007397757228457591
5000,subset_accuracy_drop,subset_score_desc,3590,0.06608695983886718,0.007671466100778589
5000,subset_accuracy_drop,subset_score_desc,3600,0.06584980487823486,0.008122507641577544
5000,subset_accuracy_drop,subset_score_desc,3610,0.06600790023803711,0.008582630177656682
5000,subset_accuracy_drop,subset_score_desc,3620,0.06608694791793823,0.00807813841552197
5000,subset_accuracy_drop,subset_score_desc,3630,0.06679842472076417,0.00865515563619491
5000,subset_accuracy_drop,subset_score_desc,3640,0.06648221015930175,0.008670471685191968
5000,subset_accuracy_drop,subset_score_desc,3650,0.06656124591827392,0.008530601372084064
5000,subset_accuracy_drop,subset_score_desc,3660,0.06640315055847168,0.00848193127273013
5000,subset_accuracy_drop,subset_score_desc,3670,0.06592886447906494,0.008353879069485929
5000,subset_accuracy_drop,subset_score_desc,3680,0.0658497929573059,0.008088788327061494
5000,subset_accuracy_drop,subset_score_desc,3690,0.06577073335647583,0.008378137832007767
5000,subset_accuracy_drop,subset_score_desc,3700,0.06545454263687134,0.00900717874181066
5000,subset_accuracy_drop,subset_score_desc,3710,0.06545455455780029,0.009360160913785963
5000,subset_accuracy_drop,subset_score_desc,3720,0.06553359031677246,0.009148295848882635
5000,subset_accuracy_drop,subset_score_desc,3730,0.06569169759750366,0.009114090840227653
5000,subset_accuracy_drop,subset_score_desc,3740,0.0656126618385315,0.008314511712921663
5000,subset_accuracy_drop,subset_score_desc,3750,0.06553360223770141,0.008502156076618543
5000,subset_accuracy_drop,subset_score_desc,3760,0.0656126618385315,0.008591731396790593
5000,subset_accuracy_drop,subset_score_desc,3770,0.06498024463653565,0.008117696725871157
5000,subset_accuracy_drop,subset_score_desc,3780,0.0652964472770691,0.008483753770112616
5000,subset_accuracy_drop,subset_score_desc,3790,0.06537550687789917,0.009050432258548192
5000,subset_accuracy_drop,subset_score_desc,3800,0.06482213735580444,0.008518682573300422
5000,subset_accuracy_drop,subset_score_desc,3810,0.0646640419960022,0.008902518751018822
5000,subset_accuracy_drop,subset_score_desc,3820,0.06458499431610107,0.008689362675502304
5000,subset_accuracy_drop,subset_score_desc,3830,0.06442686319351196,0.008886696421964973
5000,subset_accuracy_drop,subset_score_desc,3840,0.06466403007507324,0.008589907947573798
5000,subset_accuracy_drop,subset_score_desc,3850,0.06474307775497437,0.008419074204202952
5000,subset_accuracy_drop,subset_score_desc,3860,0.064505934715271,0.008611700798183151
5000,subset_accuracy_drop,subset_score_desc,3870,0.06403163671493531,0.00837068537198445
5000,subset_accuracy_drop,subset_score_desc,3880,0.06379446983337403,0.0082228580532813
5000,subset_accuracy_drop,subset_score_desc,3890,0.06379446983337403,0.008274938281336026
5000,subset_accuracy_drop,subset_score_desc,3900,0.0637154221534729,0.008278720966868956
5000,subset_accuracy_drop,subset_score_desc,3910,0.06379446983337403,0.008103257016907481
5000,subset_accuracy_drop,subset_score_desc,3920,0.06395257711410522,0.008292871210692119
5000,subset_accuracy_drop,subset_score_desc,3930,0.0638735294342041,0.00787843282040932
5000,subset_accuracy_drop,subset_score_desc,3940,0.06426877975463867,0.0076571827959728955
5000,subset_accuracy_drop,subset_score_desc,3950,0.06332014799118042,0.0076408478860974065
5000,subset_accuracy_drop,subset_score_desc,3960,0.0630829930305481,0.007621388798060886
5000,subset_accuracy_drop,subset_score_desc,3970,0.06292489767074586,0.008250372657883854
5000,subset_accuracy_drop,subset_score_desc,3980,0.06292489767074586,0.007882393532944931
5000,subset_accuracy_drop,subset_score_desc,3990,0.06276679039001465,0.007990648935448019
5000,subset_accuracy_drop,subset_score_desc,4000,0.06268774271011353,0.00725380218588753
5000,subset_accuracy_drop,subset_score_desc,4010,0.06252964735031127,0.006989472057412186
5000,subset_accuracy_drop,subset_score_desc,4020,0.0627668023109436,0.007166058898293285
5000,subset_accuracy_drop,subset_score_desc,4030,0.06252965927124024,0.007000620208698626
5000,subset_accuracy_drop,subset_score_desc,4040,0.06237152814865112,0.007166048542304744
5000,subset_accuracy_drop,subset_score_desc,4050,0.06237154006958008,0.0075275363757312695
5000,subset_accuracy_drop,subset_score_desc,4060,0.062450599670410153,0.007577194437306335
5000,subset_accuracy_drop,subset_score_desc,4070,0.062055349349975586,0.0074629373567635235
5000,subset_accuracy_drop,subset_score_desc,4080,0.06166007518768311,0.007109135184572355
5000,subset_accuracy_drop,subset_score_desc,4090,0.06134387254714966,0.006825495576523223
5000,subset_accuracy_drop,subset_score_desc,4100,0.06134388446807861,0.006125852463233641
5000,subset_accuracy_drop,subset_score_desc,4110,0.06102766990661621,0.006364738960600785
5000,subset_accuracy_drop,subset_score_desc,4120,0.06110670566558838,0.005663369123862311
5000,subset_accuracy_drop,subset_score_desc,4130,0.06134387254714966,0.006227015255791883
5000,subset_accuracy_drop,subset_score_desc,4140,0.06173912286758423,0.006016493635866551
5000,subset_accuracy_drop,subset_score_desc,4150,0.06189723014831543,0.006576011060140299
5000,subset_accuracy_drop,subset_score_desc,4160,0.06158102750778198,0.006363519438624368
5000,subset_accuracy_drop,subset_score_desc,4170,0.06189723014831543,0.005663359348066698
5000,subset_accuracy_drop,subset_score_desc,4180,0.06166007518768311,0.0058492871981956265
5000,subset_accuracy_drop,subset_score_desc,4190,0.06166007518768311,0.005974812817626493
5000,subset_accuracy_drop,subset_score_desc,4200,0.061739134788513186,0.006258327256484857
5000,subset_accuracy_drop,subset_score_desc,4210,0.06173912286758423,0.0061892882059362995
5000,subset_accuracy_drop,subset_score_desc,4220,0.06166008710861206,0.005935439474845518
5000,subset_accuracy_drop,subset_score_desc,4230,0.06142292022705078,0.00584661554546922
5000,subset_accuracy_drop,subset_score_desc,4240,0.06173912286758423,0.005613488402597924
5000,subset_accuracy_drop,subset_score_desc,4250,0.061897242069244386,0.0059459711296777715
5000,subset_accuracy_drop,subset_score_desc,4260,0.06126482486724853,0.005610707409826948
5000,subset_accuracy_drop,subset_score_desc,4270,0.061027681827545165,0.005731911113628437
5000,subset_accuracy_drop,subset_score_desc,4280,0.06086956262588501,0.00576858714632677
5000,subset_accuracy_drop,subset_score_desc,4290,0.060553359985351565,0.005327921382436587
5000,subset_accuracy_drop,subset_score_desc,4300,0.06039526462554932,0.00555051114640172
5000,subset_accuracy_drop,subset_score_desc,4310,0.06047431230545044,0.005455425443324216
5000,subset_accuracy_drop,subset_score_desc,4320,0.06039526462554932,0.005818476171686751
5000,subset_accuracy_drop,subset_score_desc,4330,0.06015809774398804,0.005349869755067614
5000,subset_accuracy_drop,subset_score_desc,4340,0.059683799743652344,0.005228760381267725
5000,subset_accuracy_drop,subset_score_desc,4350,0.059446632862091064,0.00552372268057176
5000,subset_accuracy_drop,subset_score_desc,4360,0.059683799743652344,0.005206305315293117
5000,subset_accuracy_drop,subset_score_desc,4370,0.059446632862091064,0.004845739474401794
5000,subset_accuracy_drop,subset_score_desc,4380,0.05976283550262451,0.004604381294624231
5000,subset_accuracy_drop,subset_score_desc,4390,0.05960472822189331,0.0044138147551569295
5000,subset_accuracy_drop,subset_score_desc,4400,0.059525704383850096,0.004563463660052972
5000,subset_accuracy_drop,subset_score_desc,4410,0.059367585182189944,0.004746392054199816
5000,subset_accuracy_drop,subset_score_desc,4420,0.059209465980529785,0.004705063149224876
5000,subset_accuracy_drop,subset_score_desc,4430,0.05913044214248657,0.005203315530503792
5000,subset_accuracy_drop,subset_score_desc,4440,0.05897233486175537,0.004836062034480952
5000,subset_accuracy_drop,subset_score_desc,4450,0.059288549423217776,0.004040532328441739
5000,subset_accuracy_drop,subset_score_desc,4460,0.0592094898223877,0.003461611214385213
5000,subset_accuracy_drop,subset_score_desc,4470,0.05913044214248657,0.0036718590912846894
5000,subset_accuracy_drop,subset_score_desc,4480,0.0592094898223877,0.00353970491031849
5000,subset_accuracy_drop,subset_score_desc,4490,0.05897233486175537,0.0034161823511963674
5000,subset_accuracy_drop,subset_score_desc,4500,0.05889327526092529,0.0036548034005858456
5000,subset_accuracy_drop,subset_score_desc,4510,0.05913043022155762,0.00304373899081048
5000,subset_accuracy_drop,subset_score_desc,4520,0.05865613222122192,0.003132288766248882
5000,subset_accuracy_drop,subset_score_desc,4530,0.0584189772605896,0.003228080729387187
5000,subset_accuracy_drop,subset_score_desc,4540,0.05849802494049072,0.0033187575120508283
5000,subset_accuracy_drop,subset_score_desc,4550,0.05833991765975952,0.0038076331917559197
5000,subset_accuracy_drop,subset_score_desc,4560,0.05865613222122192,0.0036290767134463274
5000,subset_accuracy_drop,subset_score_desc,4570,0.05889328718185425,0.004257059520296592
5000,subset_accuracy_drop,subset_score_desc,4580,0.05889328718185425,0.004751327037504112
5000,subset_accuracy_drop,subset_score_desc,4590,0.05881423950195312,0.004621317798391702
5000,subset_accuracy_drop,subset_score_desc,4600,0.05913043022155762,0.004614552800474095
5000,subset_accuracy_drop,subset_score_desc,4610,0.0585770845413208,0.004836062278010615
5000,subset_accuracy_drop,subset_score_desc,4620,0.058260869979858396,0.0049177499328029355
5000,subset_accuracy_drop,subset_score_desc,4630,0.058181822299957275,0.004876274021067489
5000,subset_accuracy_drop,subset_score_desc,4640,0.058102774620056155,0.004897053722589977
5000,subset_accuracy_drop,subset_score_desc,4650,0.05833991765975952,0.004909797647897587
5000,subset_accuracy_drop,subset_score_desc,4660,0.058260869979858396,0.004973027196219409
5000,subset_accuracy_drop,subset_score_desc,4670,0.058102762699127196,0.005405064258809218
5000,subset_accuracy_drop,subset_score_desc,4680,0.05802372694015503,0.005771298389904641
5000,subset_accuracy_drop,subset_score_desc,4690,0.05778658390045166,0.0055434862020535885
5000,subset_accuracy_drop,subset_score_desc,4700,0.0573122501373291,0.005775375616459999
5000,subset_accuracy_drop,subset_score_desc,4710,0.05747038125991821,0.0057861774438685
5000,subset_accuracy_drop,subset_score_desc,4720,0.05715416669845581,0.005516655082761776
5000,subset_accuracy_drop,subset_score_desc,4730,0.05699605941772461,0.005465429709143071
5000,subset_accuracy_drop,subset_score_desc,4740,0.05675889253616333,0.005466875002607687
5000,subset_accuracy_drop,subset_score_desc,4750,0.057075107097625734,0.005365910044215311
5000,subset_accuracy_drop,subset_score_desc,4760,0.056916999816894534,0.005251126154454943
5000,subset_accuracy_drop,subset_score_desc,4770,0.057075107097625734,0.005365911141794371
5000,subset_accuracy_drop,subset_score_desc,4780,0.05667984485626221,0.00558700401570066
5000,subset_accuracy_drop,subset_score_desc,4790,0.05660078525543213,0.005931499879942975
5000,subset_accuracy_drop,subset_score_desc,4800,0.05588933229446411,0.0059852460638912764
5000,subset_accuracy_drop,subset_score_desc,4810,0.055415022373199466,0.006622203569338671
5000,subset_accuracy_drop,subset_score_desc,4820,0.05517786741256714,0.006401457463184219
5000,subset_accuracy_drop,subset_score_desc,4830,0.05486165285110474,0.006258323115557508
5000,subset_accuracy_drop,subset_score_desc,4840,0.054308295249938965,0.006646922148697011
5000,subset_accuracy_drop,subset_score_desc,4850,0.05430830717086792,0.0067634065322821355
5000,subset_accuracy_drop,subset_score_desc,4860,0.05454545021057129,0.006524734951118938
5000,subset_accuracy_drop,subset_score_desc,4870,0.05470354557037353,0.005939388356418693
5000,subset_accuracy_drop,subset_score_desc,4880,0.05446639060974121,0.005885225998661649
5000,subset_accuracy_drop,subset_score_desc,4890,0.054308295249938965,0.005813114462563465
5000,subset_accuracy_drop,subset_score_desc,4900,0.05415019989013672,0.0063364695869337915
5000,subset_accuracy_drop,subset_score_desc,4910,0.054466402530670165,0.006515160987185447
5000,subset_accuracy_drop,subset_score_desc,4920,0.054150187969207765,0.006868833491536835
5000,subset_accuracy_drop,subset_score_desc,4930,0.0540711522102356,0.006622181512145403
5000,subset_accuracy_drop,subset_score_desc,4940,0.0542292594909668,0.006842641173074694
5000,subset_accuracy_drop,subset_score_desc,4950,0.05399209260940552,0.007232248098211007
5000,subset_accuracy_drop,subset_score_desc,4960,0.053201591968536376,0.00756480834082217
5000,subset_accuracy_drop,subset_score_desc,4970,0.0524901270866394,0.007696872603252222
5000,subset_accuracy_drop,subset_score_desc,4980,0.0524901270866394,0.007722189873126109
5000,subset_accuracy_drop,subset_score_desc,4990,0.05256917476654053,0.007462947616487497
5000,subset_accuracy_drop,subset_score_desc,5000,0.05130435228347778,0.007252726961144916
10000,endpoint,endpoint_label_asc,0,0.0,0.0
10000,endpoint,endpoint_label_asc,10,-0.00023715496063232423,0.0005302946131751635
10000,endpoint,endpoint_label_asc,20,-0.00031620264053344727,0.0010231137076029788
10000,endpoint,endpoint_label_asc,30,-0.0006323933601379394,0.0010679382238480885
10000,endpoint,endpoint_label_asc,40,-0.0007905006408691406,0.0009269670401154882
10000,endpoint,endpoint_label_asc,50,-0.0013438701629638673,0.0009099394907571035
10000,endpoint,endpoint_label_asc,60,-0.0014229178428649901,0.0016908611253381666
10000,endpoint,endpoint_label_asc,70,-0.001106727123260498,0.0017764585584877676
10000,endpoint,endpoint_label_asc,80,-0.0013438820838928222,0.002046189420407282
10000,endpoint,endpoint_label_asc,90,-0.00205533504486084,0.0020802626326882636
10000,endpoint,endpoint_label_asc,100,-0.0022134304046630858,0.0019282754615463523
10000,endpoint,endpoint_label_asc,110,-0.002213442325592041,0.002280865816084037
10000,endpoint,endpoint_label_asc,120,-0.00245058536529541,0.002061386157635582
10000,endpoint,endpoint_label_asc,130,-0.0026086926460266112,0.0018242077675580872
10000,endpoint,endpoint_label_asc,140,-0.002529633045196533,0.0018665316239442303
10000,endpoint,endpoint_label_asc,150,-0.002213442325592041,0.00277525175324661
10000,endpoint,endpoint_label_asc,160,-0.0022134304046630858,0.0028171464483568564
10000,endpoint,endpoint_label_asc,170,-0.0022134304046630858,0.003218369835492219
10000,endpoint,endpoint_label_asc,180,-0.0027667999267578123,0.003124758304237003
10000,endpoint,endpoint_label_asc,190,-0.002213442325592041,0.0033955148846103187
10000,endpoint,endpoint_label_asc,200,-0.002134382724761963,0.00380760875168183
10000,endpoint,endpoint_label_asc,210,-0.0022134304046630858,0.0037767234087914396
10000,endpoint,endpoint_label_asc,220,-0.0026086807250976563,0.003650500244295186
10000,endpoint,endpoint_label_asc,230,-0.0025296449661254884,0.0033955207820526626
10000,endpoint,endpoint_label_asc,240,-0.0027667999267578123,0.003728835873722465
10000,endpoint,endpoint_label_asc,250,-0.003162062168121338,0.004021140424002033
10000,endpoint,endpoint_label_asc,260,-0.0030830025672912596,0.0048440952441229325
10000,endpoint,endpoint_label_asc,270,-0.003320169448852539,0.004780798916922467
10000,endpoint,endpoint_label_asc,280,-0.0030830025672912596,0.004587360949271298
10000,endpoint,endpoint_label_asc,290,-0.0026086926460266112,0.004861826784562876
10000,endpoint,endpoint_label_asc,300,-0.0029248952865600585,0.004988701691312095
10000,endpoint,endpoint_label_asc,310,-0.0023715376853942873,0.005084838057613405
10000,endpoint,endpoint_label_asc,320,-0.001976275444030762,0.005288179988490072
10000,endpoint,endpoint_label_asc,330,-0.0017391324043273925,0.005066398650651763
10000,endpoint,endpoint_label_asc,340,-0.0015019774436950684,0.004900229649889099
10000,endpoint,endpoint_label_asc,350,-0.0018181681632995605,0.004188600084524266
10000,endpoint,endpoint_label_asc,360,-0.0022134304046630858,0.0042164837861846825
10000,endpoint,endpoint_label_asc,370,-0.002450597286224365,0.003976211255653897
10000,endpoint,endpoint_label_asc,380,-0.002529633045196533,0.004511814587932652
10000,endpoint,endpoint_label_asc,390,-0.0025296449661254884,0.003898846003757223
10000,endpoint,endpoint_label_asc,400,-0.0018972277641296387,0.003722561441255133
10000,endpoint,endpoint_label_asc,410,-0.002134382724761963,0.0038280748027194026
10000,endpoint,endpoint_label_asc,420,-0.002529633045196533,0.003337501283447013
10000,endpoint,endpoint_label_asc,430,-0.0026087045669555666,0.0035966003030608287
10000,endpoint,endpoint_label_asc,440,-0.0026877522468566895,0.00408282589634124
10000,endpoint,endpoint_label_asc,450,-0.0022925019264221193,0.004092372507806954
10000,endpoint,endpoint_label_asc,460,-0.00205533504486084,0.0042972324087151995
10000,endpoint,endpoint_label_asc,470,-0.0019762873649597167,0.003942654977081756
10000,endpoint,endpoint_label_asc,480,-0.002134382724761963,0.004371122230410051
10000,endpoint,endpoint_label_asc,490,-0.0019762873649597167,0.004549744054897061
10000,endpoint,endpoint_label_asc,500,-0.0015019655227661132,0.004025029205683818
10000,endpoint,endpoint_label_asc,510,-0.0018181681632995605,0.004017248464364999
10000,endpoint,endpoint_label_asc,520,-0.002134382724761963,0.00430811521026066
10000,endpoint,endpoint_label_asc,530,-0.002371549606323242,0.004011412254454651
10000,endpoint,endpoint_label_asc,540,-0.0025296449661254884,0.004007516138046133
10000,endpoint,endpoint_label_asc,550,-0.002134394645690918,0.004371121691422099
10000,endpoint,endpoint_label_asc,560,-0.0018972396850585938,0.004654967736051474
10000,endpoint,endpoint_label_asc,570,-0.0015810132026672363,0.00468508478654879
10000,endpoint,endpoint_label_asc,580,-0.0018181681632995605,0.004503141317230881
10000,endpoint,endpoint_label_asc,590,-0.0019762635231018065,0.004401386599482324
10000,endpoint,endpoint_label_asc,600,-0.002134382724761963,0.004371122230410051
10000,endpoint,endpoint_label_asc,610,-0.002292490005493164,0.003896828254923502
10000,endpoint,endpoint_label_asc,620,-0.002134382724761963,0.004055939600586859
10000,endpoint,endpoint_label_asc,630,-0.00245058536529541,0.004044373629901051
10000,endpoint,endpoint_label_asc,640,-0.0025296568870544433,0.004317165028936959
10000,endpoint,endpoint_label_asc,650,-0.0022134304046630858,0.004253373468447162
10000,endpoint,endpoint_label_asc,660,-0.0015019774436950684,0.004196052152827673
10000,endpoint,endpoint_label_asc,670,-0.0016600847244262694,0.004721617564901415
10000,endpoint,endpoint_label_asc,680,-0.0017391204833984374,0.004980869545420662
10000,endpoint,endpoint_label_asc,690,-0.001106703281402588,0.00495570876094009
10000,endpoint,endpoint_label_asc,700,-0.0012648344039916993,0.004746388827791271
10000,endpoint,endpoint_label_asc,710,-0.0009486079216003418,0.003997766306655137
10000,endpoint,endpoint_label_asc,720,-0.0013438701629638673,0.004075174875269537
10000,endpoint,endpoint_label_asc,730,-0.001027679443359375,0.004299034010857396
10000,endpoint,endpoint_label_asc,740,-0.0006323933601379394,0.004207209005809534
10000,endpoint,endpoint_label_asc,750,-0.00023714303970336914,0.005050940788167441
10000,endpoint,endpoint_label_asc,760,0.0003161907196044922,0.005201786818478818
10000,endpoint,endpoint_label_asc,770,0.0,0.0054410482217837446
10000,endpoint,endpoint_label_asc,780,0.00023715496063232423,0.004631403021064559
10000,endpoint,endpoint_label_asc,790,7.904767990112305e-05,0.004754570328767879
10000,endpoint,endpoint_label_asc,800,0.00015810728073120117,0.0045118017948636915
10000,endpoint,endpoint_label_asc,810,0.0008695602416992187,0.004466565799485198
10000,endpoint,endpoint_label_asc,820,0.00047430992126464846,0.004876229813815223
10000,endpoint,endpoint_label_asc,830,0.0001580953598022461,0.0048376469035209604
10000,endpoint,endpoint_label_asc,840,0.0005533576011657714,0.004656646113925546
10000,endpoint,endpoint_label_asc,850,0.00039526224136352537,0.004816604558851488
10000,endpoint,endpoint_label_asc,860,0.00039526224136352537,0.0045497207533858304
10000,endpoint,endpoint_label_asc,870,0.0009486198425292969,0.004415541046262395
10000,endpoint,endpoint_label_asc,880,0.001185774803161621,0.004701710296817598
10000,endpoint,endpoint_label_asc,890,0.0015019774436950684,0.0042238757839541
10000,endpoint,endpoint_label_asc,900,0.0015810251235961914,0.0047512935679825145
10000,endpoint,endpoint_label_asc,910,0.0013438820838928222,0.005292597575943664
10000,endpoint,endpoint_label_asc,920,0.0018972396850585938,0.005064833962588343
10000,endpoint,endpoint_label_asc,930,0.0016600966453552246,0.005164105601048389
10000,endpoint,endpoint_label_asc,940,0.0017391324043273925,0.005066377725186726
10000,endpoint,endpoint_label_asc,950,0.0014229297637939453,0.004869825475485662
10000,endpoint,endpoint_label_asc,960,0.0013438820838928222,0.005135288070825406
10000,endpoint,endpoint_label_asc,970,0.00102766752243042,0.004933572594195854
10000,endpoint,endpoint_label_asc,980,0.001185774803161621,0.005145903771417541
10000,endpoint,endpoint_label_asc,990,0.0014229297637939453,0.005466821349909883
10000,endpoint,endpoint_label_asc,1000,0.0019762873649597167,0.005176171597702906
10000,endpoint,endpoint_label_asc,1010,0.002134382724761963,0.005158044547762513
10000,endpoint,endpoint_label_asc,1020,0.0022134304046630858,0.004450783557617149
10000,endpoint,endpoint_label_asc,1030,0.0027667999267578123,0.0048084933314516244
10000,endpoint,endpoint_label_asc,1040,0.0028458476066589356,0.00451873965418826
10000,endpoint,endpoint_label_asc,1050,0.002924907207489014,0.0041322560015153
10000,endpoint,endpoint_label_asc,1060,0.003162050247192383,0.004154877273302966
10000,endpoint,endpoint_label_asc,1070,0.0031620383262634276,0.0040405046324813
10000,endpoint,endpoint_label_asc,1080,0.0027667880058288574,0.004480547468444503
10000,endpoint,endpoint_label_asc,1090,0.0027667880058288574,0.00494464043887571
10000,endpoint,endpoint_label_asc,1100,0.0019762873649597167,0.005213776230565913
10000,endpoint,endpoint_label_asc,1110,0.0017391204833984374,0.0052182647067143045
10000,endpoint,endpoint_label_asc,1120,0.0013438582420349122,0.005806361593978214
10000,endpoint,endpoint_label_asc,1130,0.0015810251235961914,0.005526509718024316
10000,endpoint,endpoint_label_asc,1140,0.0016600728034973145,0.005126139361771766
10000,endpoint,endpoint_label_asc,1150,0.0015810251235961914,0.00501522798997256
10000,endpoint,endpoint_label_asc,1160,0.0016600847244262694,0.005231724142171694
10000,endpoint,endpoint_label_asc,1170,0.0018181920051574707,0.005344002863046661
10000,endpoint,endpoint_label_asc,1180,0.0017391204833984374,0.005292594237426651
10000,endpoint,endpoint_label_asc,1190,0.00205533504486084,0.005201794064886098
10000,endpoint,endpoint_label_asc,1200,0.0018181800842285156,0.005621824593464844
10000,endpoint,endpoint_label_asc,1210,0.00205533504486084,0.006233279543000747
10000,endpoint,endpoint_label_asc,1220,0.002292490005493164,0.0061702850115706335
10000,endpoint,endpoint_label_asc,1230,0.002213442325592041,0.006296853998672453
10000,endpoint,endpoint_label_asc,1240,0.002134394645690918,0.0066761988912856255
10000,endpoint,endpoint_label_asc,1250,0.002213442325592041,0.007040657856027719
10000,endpoint,endpoint_label_asc,1260,0.002213442325592041,0.006780679421629717
10000,endpoint,endpoint_label_asc,1270,0.002450597286224365,0.00593804001934156
10000,endpoint,endpoint_label_asc,1280,0.0028458476066589356,0.006369642823412772
10000,endpoint,endpoint_label_asc,1290,0.0027667999267578123,0.006205639236392628
10000,endpoint,endpoint_label_asc,1300,0.00245058536529541,0.006138552716856419
10000,endpoint,endpoint_label_asc,1310,0.0026877522468566895,0.005990432472897467
10000,endpoint,endpoint_label_asc,1320,0.0026877403259277345,0.005911687205934398
10000,endpoint,endpoint_label_asc,1330,0.002371549606323242,0.005902430386465867
10000,endpoint,endpoint_label_asc,1340,0.002292478084564209,0.005964302663118821
10000,endpoint,endpoint_label_asc,1350,0.0023715376853942873,0.005849243900332131
10000,endpoint,endpoint_label_asc,1360,0.00205533504486084,0.006245778707457796
10000,endpoint,endpoint_label_asc,1370,0.0023715376853942873,0.006218193013615375
10000,endpoint,endpoint_label_asc,1380,0.00205533504486084,0.0061512684954500374
10000,endpoint,endpoint_label_asc,1390,0.001976275444030762,0.0062182233233961616
10000,endpoint,endpoint_label_asc,1400,0.0018181800842285156,0.005745506424060968
10000,endpoint,endpoint_label_asc,1410,0.0018972158432006836,0.005710039632632175
10000,endpoint,endpoint_label_asc,1420,0.002213442325592041,0.005932787755939155
10000,endpoint,endpoint_label_asc,1430,0.0018972396850585938,0.0058385551207665405
10000,endpoint,endpoint_label_asc,1440,0.0018972277641296387,0.005689476306128177
10000,endpoint,endpoint_label_asc,1450,0.0015810251235961914,0.005822456836283247
10000,endpoint,endpoint_label_asc,1460,0.0017391443252563477,0.005978684860995177
10000,endpoint,endpoint_label_asc,1470,0.0025296449661254884,0.006101558841483151
10000,endpoint,endpoint_label_asc,1480,0.0026877403259277345,0.005613468887091193
10000,endpoint,endpoint_label_asc,1490,0.0026877522468566895,0.0047545643826802
10000,endpoint,endpoint_label_asc,1500,0.0028458595275878905,0.00448401236513854
10000,endpoint,endpoint_label_asc,1510,0.0023715376853942873,0.004659972744828295
10000,endpoint,endpoint_label_asc,1520,0.002213442325592041,0.004207195286508364
10000,endpoint,endpoint_label_asc,1530,0.001976299285888672,0.004374667872652812
10000,endpoint,endpoint_label_asc,1540,0.002134394645690918,0.004477028583988243
10000,endpoint,endpoint_label_asc,1550,0.0018972396850585938,0.0044577928650259635
10000,endpoint,endpoint_label_asc,1560,0.002134394645690918,0.0037973112521149507
10000,endpoint,endpoint_label_asc,1570,0.002213442325592041,0.003596594080225974
10000,endpoint,endpoint_label_asc,1580,0.0025296449661254884,0.003530849845451531
10000,endpoint,endpoint_label_asc,1590,0.0025296449661254884,0.0036504944359130845
10000,endpoint,endpoint_label_asc,1600,0.002529633045196533,0.0036074488983302714
10000,endpoint,endpoint_label_asc,1610,0.002213442325592041,0.0038382520212421217
10000,endpoint,endpoint_label_asc,1620,0.0026087045669555666,0.0036718257272881035
10000,endpoint,endpoint_label_asc,1630,0.0030039548873901367,0.0038280548011778957
10000,endpoint,endpoint_label_asc,1640,0.003399217128753662,0.0037973115623086886
10000,endpoint,endpoint_label_asc,1650,0.0030829906463623047,0.004054008176823618
10000,endpoint,endpoint_label_asc,1660,0.003557300567626953,0.004145465797828442
10000,endpoint,endpoint_label_asc,1670,0.003715407848358154,0.003755946509407328
10000,endpoint,endpoint_label_asc,1680,0.003715407848358154,0.004253351589547047
10000,endpoint,endpoint_label_asc,1690,0.00411067008972168,0.004563434749703647
10000,endpoint,endpoint_label_asc,1700,0.004584991931915283,0.004308102632504319
10000,endpoint,endpoint_label_asc,1710,0.004664039611816407,0.004269857019364792
10000,endpoint,endpoint_label_asc,1720,0.004189729690551758,0.00438003541456892
10000,endpoint,endpoint_label_asc,1730,0.0043478250503540036,0.004767694382449903
10000,endpoint,endpoint_label_asc,1740,0.004426872730255127,0.004663337166059407
10000,endpoint,endpoint_label_asc,1750,0.004664027690887451,0.004604344710229522
10000,endpoint,endpoint_label_asc,1760,0.004980230331420898,0.004797101557670976
10000,endpoint,endpoint_label_asc,1770,0.004822134971618652,0.004729871052781102
10000,endpoint,endpoint_label_asc,1780,0.004584980010986328,0.004450802083913801
10000,endpoint,endpoint_label_asc,1790,0.004584980010986328,0.004546300494432667
10000,endpoint,endpoint_label_asc,1800,0.004980242252349854,0.004122794029628867
10000,endpoint,endpoint_label_asc,1810,0.005296444892883301,0.004188583491887116
10000,endpoint,endpoint_label_asc,1820,0.00490119457244873,0.004656652185007095
10000,endpoint,endpoint_label_asc,1830,0.004822134971618652,0.0051337480505252156
10000,endpoint,endpoint_label_asc,1840,0.005138325691223145,0.005023005390081035
10000,endpoint,endpoint_label_asc,1850,0.005138325691223145,0.004999613333603329
10000,endpoint,endpoint_label_asc,1860,0.004822146892547607,0.004827937627199484
10000,endpoint,endpoint_label_asc,1870,0.005059289932250977,0.005041642293395693
10000,endpoint,endpoint_label_asc,1880,0.00553358793258667,0.004676717753891034
10000,endpoint,endpoint_label_asc,1890,0.005375492572784424,0.004648238280788958
10000,endpoint,endpoint_label_asc,1900,0.005770742893218994,0.004885821666074276
10000,endpoint,endpoint_label_asc,1910,0.005454540252685547,0.004721614571034007
10000,endpoint,endpoint_label_asc,1920,0.0051383376121521,0.0043207811212142115
10000,endpoint,endpoint_label_asc,1930,0.0051383495330810545,0.004275337413645079
10000,endpoint,endpoint_label_asc,1940,0.005059278011322022,0.004378259879331537
10000,endpoint,endpoint_label_asc,1950,0.0047430872917175295,0.004928827257547163
10000,endpoint,endpoint_label_asc,1960,0.004584980010986328,0.004797107205414849
10000,endpoint,endpoint_label_asc,1970,0.004268765449523926,0.005224249130136401
10000,endpoint,endpoint_label_asc,1980,0.004426872730255127,0.005400707257337418
10000,endpoint,endpoint_label_asc,1990,0.004584968090057373,0.005635680044238471
10000,endpoint,endpoint_label_asc,2000,0.004268765449523926,0.005905064618334629
10000,endpoint,endpoint_label_asc,2010,0.004664027690887451,0.005737337622971933
10000,endpoint,endpoint_label_asc,2020,0.0048221230506896974,0.0056343050223384055
10000,endpoint,endpoint_label_asc,2030,0.004426872730255127,0.005851925625501685
10000,endpoint,endpoint_label_asc,2040,0.004189729690551758,0.005893144834756018
10000,endpoint,endpoint_label_asc,2050,0.0038735151290893556,0.006320374460368118
10000,endpoint,endpoint_label_asc,2060,0.004426872730255127,0.00597082620609441
10000,endpoint,endpoint_label_asc,2070,0.004031622409820556,0.005831858575067756
10000,endpoint,endpoint_label_asc,2080,0.004347836971282959,0.00529553428437052
10000,endpoint,endpoint_label_asc,2090,0.0038735032081604003,0.005479682555413173
10000,endpoint,endpoint_label_asc,2100,0.004268777370452881,0.005209292931949897
10000,endpoint,endpoint_label_asc,2110,0.0047430872917175295,0.005568758177055565
10000,endpoint,endpoint_label_asc,2120,0.005454540252685547,0.0051032320739142255
10000,endpoint,endpoint_label_asc,2130,0.0052173852920532225,0.005472533973901925
10000,endpoint,endpoint_label_asc,2140,0.006166017055511475,0.005551895251801009
10000,endpoint,endpoint_label_asc,2150,0.005928850173950196,0.005809056018334453
10000,endpoint,endpoint_label_asc,2160,0.005928850173950196,0.006123268583780137
10000,endpoint,endpoint_label_asc,2170,0.005612647533416748,0.006320386201914263
10000,endpoint,endpoint_label_asc,2180,0.005454540252685547,0.006093853234777283
10000,endpoint,endpoint_label_asc,2190,0.005691695213317871,0.006593772899276615
10000,endpoint,endpoint_label_asc,2200,0.005454540252685547,0.006406319060826433
10000,endpoint,endpoint_label_asc,2210,0.005296444892883301,0.006849438759131348
10000,endpoint,endpoint_label_asc,2220,0.005770742893218994,0.006699557814652941
10000,endpoint,endpoint_label_asc,2230,0.006166005134582519,0.006290647027638014
10000,endpoint,endpoint_label_asc,2240,0.0059288620948791506,0.0063977722467969175
10000,endpoint,endpoint_label_asc,2250,0.006165993213653564,0.0068036763542018855
10000,endpoint,endpoint_label_asc,2260,0.0064822077751159664,0.00669956414441271
10000,endpoint,endpoint_label_asc,2270,0.006877481937408447,0.0064923103113850135
10000,endpoint,endpoint_label_asc,2280,0.006482219696044922,0.006498313606146386
10000,endpoint,endpoint_label_asc,2290,0.0064822077751159664,0.006629227372788945
10000,endpoint,endpoint_label_asc,2300,0.006719374656677246,0.006998369410770954
10000,endpoint,endpoint_label_asc,2310,0.006877470016479492,0.007528569379676978
10000,endpoint,endpoint_label_asc,2320,0.006403160095214844,0.006848323611978031
10000,endpoint,endpoint_label_asc,2330,0.0064822077751159664,0.00669956414441271
10000,endpoint,endpoint_label_asc,2340,0.006719350814819336,0.0063302633126752226
10000,endpoint,endpoint_label_asc,2350,0.006877470016479492,0.0061905078000057305
10000,endpoint,endpoint_label_asc,2360,0.006877470016479492,0.006024236404081015
10000,endpoint,endpoint_label_asc,2370,0.006956517696380615,0.006699549023354199
10000,endpoint,endpoint_label_asc,2380,0.007114624977111817,0.006397769485015631
10000,endpoint,endpoint_label_asc,2390,0.007035577297210693,0.006270750383949151
10000,endpoint,endpoint_label_asc,2400,0.0072727203369140625,0.006346278418457263
10000,endpoint,endpoint_label_asc,2410,0.007509887218475342,0.006678539747728803
10000,endpoint,endpoint_label_asc,2420,0.007509887218475342,0.006403891942287783
10000,endpoint,endpoint_label_asc,2430,0.007588934898376465,0.006170284247916372
10000,endpoint,endpoint_label_asc,2440,0.007588934898376465,0.005805017869764243
10000,endpoint,endpoint_label_asc,2450,0.007826089859008789,0.005668842128274822
10000,endpoint,endpoint_label_asc,2460,0.00822134017944336,0.0059969572517634805
10000,endpoint,endpoint_label_asc,2470,0.00814228057861328,0.005792879823901512
10000,endpoint,endpoint_label_asc,2480,0.008537566661834717,0.005731890973695622
10000,endpoint,endpoint_label_asc,2490,0.00845850706100464,0.006101553435864896
10000,endpoint,endpoint_label_asc,2500,0.008300387859344482,0.006046249895284068
10000,endpoint,endpoint_label_asc,2510,0.008379459381103516,0.005878548953932047
10000,endpoint,endpoint_label_asc,2520,0.00822136402130127,0.0060294316689770856
10000,endpoint,endpoint_label_asc,2530,0.008300399780273438,0.005679869375808541
10000,endpoint,endpoint_label_asc,2540,0.007984209060668945,0.005964292590570212
10000,endpoint,endpoint_label_asc,2550,0.00798419713973999,0.005871899222625919
10000,endpoint,endpoint_label_asc,2560,0.007984185218811035,0.006628055982075458
10000,endpoint,endpoint_label_asc,2570,0.00845850706100464,0.0063216170263268485
10000,endpoint,endpoint_label_asc,2580,0.00861659049987793,0.005957758136897848
10000,endpoint,endpoint_label_asc,2590,0.008616602420806885,0.005342537338212941
10000,endpoint,endpoint_label_asc,2600,0.008695650100708007,0.005941992723445218
10000,endpoint,endpoint_label_asc,2610,0.008853745460510255,0.00570455432356322
10000,endpoint,endpoint_label_asc,2620,0.008774709701538087,0.0058585837520319485
10000,endpoint,endpoint_label_asc,2630,0.008932805061340332,0.005409374851902924
10000,endpoint,endpoint_label_asc,2640,0.00901186466217041,0.0052092723545061476
10000,endpoint,endpoint_label_asc,2650,0.009565222263336181,0.005057106682682611
10000,endpoint,endpoint_label_asc,2660,0.009486162662506103,0.005213769452586889
10000,endpoint,endpoint_label_asc,2670,0.009090924263000488,0.005533578140399204
10000,endpoint,endpoint_label_asc,2680,0.009565234184265137,0.005791551480408214
10000,endpoint,endpoint_label_asc,2690,0.009881424903869628,0.005700473763466887
10000,endpoint,endpoint_label_asc,2700,0.009881424903869628,0.006110501478285603
10000,endpoint,endpoint_label_asc,2710,0.010118579864501953,0.006024255762041224
10000,endpoint,endpoint_label_asc,2720,0.010118579864501953,0.005899793181471529
10000,endpoint,endpoint_label_asc,2730,0.010118591785430908,0.0061588909841590826
10000,endpoint,endpoint_label_asc,2740,0.0102766752243042,0.005895802196064875
10000,endpoint,endpoint_label_asc,2750,0.010513842105865479,0.005551903526535948
10000,endpoint,endpoint_label_asc,2760,0.010118579864501953,0.005452507231573306
10000,endpoint,endpoint_label_asc,2770,0.010355746746063233,0.005543456877771649
10000,endpoint,endpoint_label_asc,2780,0.010434794425964355,0.0057386953472685544
10000,endpoint,endpoint_label_asc,2790,0.010671937465667724,0.006013882357456622
10000,endpoint,endpoint_label_asc,2800,0.010909104347229004,0.005866586138368139
10000,endpoint,endpoint_label_asc,2810,0.011146259307861329,0.00588520137955164
10000,endpoint,endpoint_label_asc,2820,0.010750985145568848,0.005422349722344969
10000,endpoint,endpoint_label_asc,2830,0.010988152027130127,0.005087905566733232
10000,endpoint,endpoint_label_asc,2840,0.011304354667663575,0.005277797346432837
10000,endpoint,endpoint_label_asc,2850,0.011146247386932373,0.005479671162135099
10000,endpoint,endpoint_label_asc,2860,0.01106719970703125,0.005310261122674448
10000,endpoint,endpoint_label_asc,2870,0.011699604988098144,0.00538766539934928
10000,endpoint,endpoint_label_asc,2880,0.011541497707366944,0.005696345200044499
10000,endpoint,endpoint_label_asc,2890,0.011857712268829345,0.005672970773655053
10000,endpoint,endpoint_label_asc,2900,0.011620545387268066,0.005718242898391272
10000,endpoint,endpoint_label_asc,2910,0.011225295066833497,0.005551904162989518
10000,endpoint,endpoint_label_asc,2920,0.011304354667663575,0.005621806992768599
10000,endpoint,endpoint_label_asc,2930,0.01146245002746582,0.005610682216006278
10000,endpoint,endpoint_label_asc,2940,0.011857712268829345,0.0058559247892950375
10000,endpoint,endpoint_label_asc,2950,0.011383414268493652,0.0056619696193271575
10000,endpoint,endpoint_label_asc,2960,0.010988140106201172,0.00537169818759952
10000,endpoint,endpoint_label_asc,2970,0.011620545387268066,0.0051882429084543925
10000,endpoint,endpoint_label_asc,2980,0.011620545387268066,0.005690868218175816
10000,endpoint,endpoint_label_asc,2990,0.011304354667663575,0.005233215072164069
10000,endpoint,endpoint_label_asc,3000,0.011620557308197022,0.004925637245210536
10000,endpoint,endpoint_label_asc,3010,0.011541509628295898,0.004924049119365169
10000,endpoint,endpoint_label_asc,3020,0.011699604988098144,0.005387665399349279
10000,endpoint,endpoint_label_asc,3030,0.011383402347564697,0.005087905798173636
10000,endpoint,endpoint_label_asc,3040,0.011620557308197022,0.004537685871464963
10000,endpoint,endpoint_label_asc,3050,0.011462438106536865,0.004583942306783264
10000,endpoint,endpoint_label_asc,3060,0.011067187786102295,0.0046516023260906765
10000,endpoint,endpoint_label_asc,3070,0.011383402347564697,0.0042053305309526605
10000,endpoint,endpoint_label_asc,3080,0.011778652667999268,0.004205340614954477
10000,endpoint,endpoint_label_asc,3090,0.012094855308532715,0.0038988215310862416
10000,endpoint,endpoint_label_asc,3100,0.012332010269165038,0.004233115995280358
10000,endpoint,endpoint_label_asc,3110,0.01249011754989624,0.004234947098682683
10000,endpoint,endpoint_label_asc,3120,0.012569165229797364,0.003836227580819134
10000,endpoint,endpoint_label_asc,3130,0.01209486722946167,0.00404631023473285
10000,endpoint,endpoint_label_asc,3140,0.011857712268829345,0.0046767265695808
10000,endpoint,endpoint_label_asc,3150,0.012173914909362793,0.00471334037726811
10000,endpoint,endpoint_label_asc,3160,0.012411069869995118,0.0047889595113392545
10000,endpoint,endpoint_label_asc,3170,0.012964427471160889,0.004770989753879094
10000,endpoint,endpoint_label_asc,3180,0.012885379791259765,0.005050954081405438
10000,endpoint,endpoint_label_asc,3190,0.012727272510528565,0.004932009952128031
10000,endpoint,endpoint_label_asc,3200,0.012885367870330811,0.004973016063443383
10000,endpoint,endpoint_label_asc,3210,0.012806320190429687,0.00489385190499064
10000,endpoint,endpoint_label_asc,3220,0.012806332111358643,0.0052481421515804035
10000,endpoint,endpoint_label_asc,3230,0.012964427471160889,0.004892234198420323
10000,endpoint,endpoint_label_asc,3240,0.013280642032623292,0.004477050685290242
10000,endpoint,endpoint_label_asc,3250,0.01335970163345337,0.004431449068829717
10000,endpoint,endpoint_label_asc,3260,0.013596844673156739,0.004388951432158231
10000,endpoint,endpoint_label_asc,3270,0.013675892353057861,0.005004325678913772
10000,endpoint,endpoint_label_asc,3280,0.013517796993255615,0.004827963489792353
10000,endpoint,endpoint_label_asc,3290,0.013596844673156739,0.005150472895490304
10000,endpoint,endpoint_label_asc,3300,0.013280630111694336,0.005409368101356685
10000,endpoint,endpoint_label_asc,3310,0.013833987712860107,0.0052807652612990785
10000,endpoint,endpoint_label_asc,3320,0.013992094993591308,0.005351306636738461
10000,endpoint,endpoint_label_asc,3330,0.01438734531402588,0.005004315086413614
10000,endpoint,endpoint_label_asc,3340,0.014624500274658203,0.004800362263717955
10000,endpoint,endpoint_label_asc,3350,0.014545440673828125,0.004729861091005345
10000,endpoint,endpoint_label_asc,3360,0.014150190353393554,0.004396028781922398
10000,endpoint,endpoint_label_asc,3370,0.013992106914520264,0.003858560120918595
10000,endpoint,endpoint_label_asc,3380,0.014150214195251466,0.003946615722160593
10000,endpoint,endpoint_label_asc,3390,0.013596832752227783,0.0039386980248429454
10000,endpoint,endpoint_label_asc,3400,0.013833987712860107,0.003932725179312695
10000,endpoint,endpoint_label_asc,3410,0.013675892353057861,0.004207198086451237
10000,endpoint,endpoint_label_asc,3420,0.013754928112030029,0.004422632577529574
10000,endpoint,endpoint_label_asc,3430,0.01391303539276123,0.004561726208661859
10000,endpoint,endpoint_label_asc,3440,0.014466404914855957,0.004861808370775174
10000,endpoint,endpoint_label_asc,3450,0.01454545259475708,0.004561753580485973
10000,endpoint,endpoint_label_asc,3460,0.014624500274658203,0.0043657315881939045
10000,endpoint,endpoint_label_asc,3470,0.014624500274658203,0.004383594001533874
10000,endpoint,endpoint_label_asc,3480,0.01454545259475708,0.004654962421976206
10000,endpoint,endpoint_label_asc,3490,0.014308285713195801,0.0046297271959037725
10000,endpoint,endpoint_label_asc,3500,0.014387357234954833,0.005019918168412337
10000,endpoint,endpoint_label_asc,3510,0.014387357234954833,0.005292590453827428
10000,endpoint,endpoint_label_asc,3520,0.014782607555389404,0.004764425164367606
10000,endpoint,endpoint_label_asc,3530,0.015019762516021728,0.004365747777319557
10000,endpoint,endpoint_label_asc,3540,0.014940714836120606,0.004205355460689395
10000,endpoint,endpoint_label_asc,3550,0.01470355987548828,0.0040055613652132446
10000,endpoint,endpoint_label_asc,3560,0.014624500274658203,0.004040504632525264
10000,endpoint,endpoint_label_asc,3570,0.01454545259475708,0.00365905964584286
10000,endpoint,endpoint_label_asc,3580,0.014782607555389404,0.0034070110976810964
10000,endpoint,endpoint_label_asc,3590,0.014150190353393554,0.0032521668179131004
10000,endpoint,endpoint_label_asc,3600,0.014466392993927001,0.003475097291648905
10000,endpoint,endpoint_label_asc,3610,0.014308297634124756,0.0035064434974844804
10000,endpoint,endpoint_label_asc,3620,0.014466404914855957,0.0034298511794977615
10000,endpoint,endpoint_label_asc,3630,0.013833987712860107,0.0037497256092447005
10000,endpoint,endpoint_label_asc,3640,0.013754928112030029,0.003743470771308199
10000,endpoint,endpoint_label_asc,3650,0.013596832752227783,0.0042257142366180535
10000,endpoint,endpoint_label_asc,3660,0.013913047313690186,0.004082815509744659
10000,endpoint,endpoint_label_asc,3670,0.013754940032958985,0.004120907374876888
10000,endpoint,endpoint_label_asc,3680,0.013833975791931153,0.004229424951269733
10000,endpoint,endpoint_label_asc,3690,0.013438737392425537,0.004183000138452231
10000,endpoint,endpoint_label_asc,3700,0.013913047313690186,0.004092369629302004
10000,endpoint,endpoint_label_asc,3710,0.013833987712860107,0.0039228092830342395
10000,endpoint,endpoint_label_asc,3720,0.013754940032958985,0.004005566364521447
10000,endpoint,endpoint_label_asc,3730,0.013517773151397705,0.003995792613885784
10000,endpoint,endpoint_label_asc,3740,0.013754928112030029,0.0037538855272956743
10000,endpoint,endpoint_label_asc,3750,0.013675880432128907,0.0037767031352913052
10000,endpoint,endpoint_label_asc,3760,0.013359689712524414,0.003154617716248012
10000,endpoint,endpoint_label_asc,3770,0.013833999633789062,0.002931305060289475
10000,endpoint,endpoint_label_asc,3780,0.014545464515686035,0.002715484556128181
10000,endpoint,endpoint_label_asc,3790,0.014466404914855957,0.002540122689271925
10000,endpoint,endpoint_label_asc,3800,0.014466416835784913,0.002364941503498491
10000,endpoint,endpoint_label_asc,3810,0.014861655235290528,0.00274694342382076
10000,endpoint,endpoint_label_asc,3820,0.015098810195922852,0.0025370282640981632
10000,endpoint,endpoint_label_asc,3830,0.015256917476654053,0.002978879266411321
10000,endpoint,endpoint_label_asc,3840,0.01533597707748413,0.0026128864247256583
10000,endpoint,endpoint_label_asc,3850,0.015573132038116454,0.0027183845124591943
10000,endpoint,endpoint_label_asc,3860,0.015256917476654053,0.0030179590967386385
10000,endpoint,endpoint_label_asc,3870,0.016126489639282225,0.0029630990453705353
10000,endpoint,endpoint_label_asc,3880,0.016284584999084473,0.0030667307987666775
10000,endpoint,endpoint_label_asc,3890,0.016126489639282225,0.003104696666365116
10000,endpoint,endpoint_label_asc,3900,0.016442692279815672,0.0034975022009388493
10000,endpoint,endpoint_label_asc,3910,0.01675889492034912,0.003107222401034108
10000,endpoint,endpoint_label_asc,3920,0.016679835319519044,0.0032998401656347863
10000,endpoint,endpoint_label_asc,3930,0.01660078763961792,0.0031620394438938576
10000,endpoint,endpoint_label_asc,3940,0.01675889492034912,0.0028991266685424043
10000,endpoint,endpoint_label_asc,3950,0.016917002201080323,0.0031669970651197824
10000,endpoint,endpoint_label_asc,3960,0.01715414524078369,0.0034070083315880326
10000,endpoint,endpoint_label_asc,3970,0.016996049880981447,0.003353863568194594
10000,endpoint,endpoint_label_asc,3980,0.017154157161712646,0.0030819678417325818
10000,endpoint,endpoint_label_asc,3990,0.0168379545211792,0.0029788808479632865
10000,endpoint,endpoint_label_asc,4000,0.0168379545211792,0.003475086105649985
10000,endpoint,endpoint_label_asc,4010,0.016679835319519044,0.0034275631946160913
10000,endpoint,endpoint_label_asc,4020,0.016521739959716796,0.0036376324459934006
10000,endpoint,endpoint_label_asc,4030,0.016442692279815672,0.003938704305387988
10000,endpoint,endpoint_label_asc,4040,0.016442704200744628,0.004075165336478925
10000,endpoint,endpoint_label_asc,4050,0.016758906841278075,0.0041605176202715475
10000,endpoint,endpoint_label_asc,4060,0.016996049880981447,0.004173639379069352
10000,endpoint,endpoint_label_asc,4070,0.01675889492034912,0.004188587710356826
10000,endpoint,endpoint_label_asc,4080,0.016600775718688964,0.004840865212422108
10000,endpoint,endpoint_label_asc,4090,0.01604743003845215,0.004371095820694353
10000,endpoint,endpoint_label_asc,4100,0.016917002201080323,0.004629721343936586
10000,endpoint,endpoint_label_asc,4110,0.017312240600585938,0.004484021296963141
10000,endpoint,endpoint_label_asc,4120,0.017154133319854735,0.004036644766720394
10000,endpoint,endpoint_label_asc,4130,0.017312240600585938,0.004205357701497092
10000,endpoint,endpoint_label_asc,4140,0.01762845516204834,0.003817857496530141
10000,endpoint,endpoint_label_asc,4150,0.01794465780258179,0.004317173760188546
10000,endpoint,endpoint_label_asc,4160,0.017865610122680665,0.003926769946943686
10000,endpoint,endpoint_label_asc,4170,0.01786562204360962,0.0045014070128479135
10000,endpoint,endpoint_label_asc,4180,0.01794465780258179,0.004673404050719694
10000,endpoint,endpoint_label_asc,4190,0.01794466972351074,0.004503141578804326
10000,endpoint,endpoint_label_asc,4200,0.017865610122680665,0.003985998739537659
10000,endpoint,endpoint_label_asc,4210,0.017628467082977294,0.004103815258391611
10000,endpoint,endpoint_label_asc,4220,0.01754939556121826,0.004103817841755842
10000,endpoint,endpoint_label_asc,4230,0.01770750284194946,0.004149246292863987
10000,endpoint,endpoint_label_asc,4240,0.01778656244277954,0.004021138959232226
10000,endpoint,endpoint_label_asc,4250,0.017865610122680665,0.0038666477077174957
10000,endpoint,endpoint_label_asc,4260,0.017470359802246094,0.0042146281709941995
10000,endpoint,endpoint_label_asc,4270,0.017628467082977294,0.0042072070459181375
10000,endpoint,endpoint_label_asc,4280,0.017549407482147217,0.004197912050472235
10000,endpoint,endpoint_label_asc,4290,0.01786562204360962,0.004492713650165829
10000,endpoint,endpoint_label_asc,4300,0.018181812763214112,0.004506600604906742
10000,endpoint,endpoint_label_asc,4310,0.018339920043945312,0.004353199712620133
10000,endpoint,endpoint_label_asc,4320,0.018418967723846436,0.004353199171453923
10000,endpoint,endpoint_label_asc,4330,0.018339920043945312,0.005104762378390059
10000,endpoint,endpoint_label_asc,4340,0.01794466972351074,0.005656451439253753
10000,endpoint,endpoint_label_asc,4350,0.017707514762878417,0.0055715816735788055
10000,endpoint,endpoint_label_asc,4360,0.01747037172317505,0.0057441521552866115
10000,endpoint,endpoint_label_asc,4370,0.017549407482147217,0.006327785241856685
10000,endpoint,endpoint_label_asc,4380,0.01770749092102051,0.0059904377820987325
10000,endpoint,endpoint_label_asc,4390,0.017391300201416014,0.005974769443570852
10000,endpoint,endpoint_label_asc,4400,0.01715414524078369,0.00625329710731222
10000,endpoint,endpoint_label_asc,4410,0.017628467082977294,0.0057114226146534105
10000,endpoint,endpoint_label_asc,4420,0.017312252521514894,0.0057509465279192325
10000,endpoint,endpoint_label_asc,4430,0.017312264442443846,0.005977390123027367
10000,endpoint,endpoint_label_asc,4440,0.017154157161712646,0.006139840904931928
10000,endpoint,endpoint_label_asc,4450,0.016837942600250243,0.006196835224818229
10000,endpoint,endpoint_label_asc,4460,0.01723320484161377,0.00634013692700721
10000,endpoint,endpoint_label_asc,4470,0.017075109481811523,0.006264521121809142
10000,endpoint,endpoint_label_asc,4480,0.017312240600585938,0.006491107679547853
10000,endpoint,endpoint_label_asc,4490,0.01739131212234497,0.005994347485019576
10000,endpoint,endpoint_label_asc,4500,0.016837942600250243,0.006030722656583881
10000,endpoint,endpoint_label_asc,4510,0.01675889492034912,0.005932769886464513
10000,endpoint,endpoint_label_asc,4520,0.016916990280151367,0.006351192454734559
10000,endpoint,endpoint_label_asc,4530,0.01715414524078369,0.0068551540544587826
10000,endpoint,endpoint_label_asc,4540,0.017312240600585938,0.006686726996467584
10000,endpoint,endpoint_label_asc,4550,0.016521739959716796,0.007067246999409843
10000,endpoint,endpoint_label_asc,4560,0.016205525398254393,0.0067829866524438025
10000,endpoint,endpoint_label_asc,4570,0.016205525398254393,0.006701898070078475
10000,endpoint,endpoint_label_asc,4580,0.016837942600250243,0.006407534665243078
10000,endpoint,endpoint_label_asc,4590,0.01660078763961792,0.006379439794448504
10000,endpoint,endpoint_label_asc,4600,0.016758882999420167,0.006056576614714814
10000,endpoint,endpoint_label_asc,4610,0.01675889492034912,0.005879888895991329
10000,endpoint,endpoint_label_asc,4620,0.017154157161712646,0.006203137395752006
10000,endpoint,endpoint_label_asc,4630,0.017549407482147217,0.005799631735188308
10000,endpoint,endpoint_label_asc,4640,0.017549419403076173,0.006114333060531518
10000,endpoint,endpoint_label_asc,4650,0.017470359802246094,0.006093854201244707
10000,endpoint,endpoint_label_asc,4660,0.017470347881317138,0.005479681050738595
10000,endpoint,endpoint_label_asc,4670,0.017391300201416014,0.0052436770034440736
10000,endpoint,endpoint_label_asc,4680,0.01715414524078369,0.005488231864122799
10000,endpoint,endpoint_label_asc,4690,0.01715414524078369,0.005826499274399506
10000,endpoint,endpoint_label_asc,4700,0.01715414524078369,0.00612072191208588
10000,endpoint,endpoint_label_asc,4710,0.01715414524078369,0.005711429008221517
10000,endpoint,endpoint_label_asc,4720,0.016916990280151367,0.005386233843100004
10000,endpoint,endpoint_label_asc,4730,0.016837942600250243,0.005819790880758591
10000,endpoint,endpoint_label_asc,4740,0.016837942600250243,0.005866576902107073
10000,endpoint,endpoint_label_asc,4750,0.0168379545211792,0.006011270336760656
10000,endpoint,endpoint_label_asc,4760,0.016996049880981447,0.006596162829925167
10000,endpoint,endpoint_label_asc,4770,0.017075097560882567,0.006604463970156119
10000,endpoint,endpoint_label_asc,4780,0.017312264442443846,0.006473034474716758
10000,endpoint,endpoint_label_asc,4790,0.017312264442443846,0.006586691795152007
10000,endpoint,endpoint_label_asc,4800,0.01707512140274048,0.006814015280128831
10000,endpoint,endpoint_label_asc,4810,0.017470359802246094,0.006882449284269093
10000,endpoint,endpoint_label_asc,4820,0.017470359802246094,0.007327712797790045
10000,endpoint,endpoint_label_asc,4830,0.017707514762878417,0.007017318628616198
10000,endpoint,endpoint_label_asc,4840,0.018260860443115236,0.007333032049292975
10000,endpoint,endpoint_label_asc,4850,0.018339920043945312,0.007183444022328929
10000,endpoint,endpoint_label_asc,4860,0.01802372932434082,0.007183444514252654
10000,endpoint,endpoint_label_asc,4870,0.017628467082977294,0.0074555752061822396
10000,endpoint,endpoint_label_asc,4880,0.01794466972351074,0.008088745657824551
10000,endpoint,endpoint_label_asc,4890,0.017786574363708497,0.00763878434813306
10000,endpoint,endpoint_label_asc,4900,0.017549407482147217,0.00810805964769482
10000,endpoint,endpoint_label_asc,4910,0.01770750284194946,0.008126343162016436
10000,endpoint,endpoint_label_asc,4920,0.01770750284194946,0.00802478151316372
10000,endpoint,endpoint_label_asc,4930,0.017865610122680665,0.008212415284047616
10000,endpoint,endpoint_label_asc,4940,0.017470359802246094,0.008164689005286276
10000,endpoint,endpoint_label_asc,4950,0.01739131212234497,0.008114812146065862
10000,endpoint,endpoint_label_asc,4960,0.01739131212234497,0.007959288105737962
10000,endpoint,endpoint_label_asc,4970,0.01778656244277954,0.007810688461129563
10000,endpoint,endpoint_label_asc,4980,0.017391300201416014,0.00784063249817817
10000,endpoint,endpoint_label_asc,4990,0.01762845516204834,0.00814649068507058
10000,endpoint,endpoint_label_asc,5000,0.01778656244277954,0.008417196278215609
10000,endpoint,endpoint_label_asc,5010,0.01770750284194946,0.009075404451473628
10000,endpoint,endpoint_label_asc,5020,0.01802370548248291,0.008589912335779439
10000,endpoint,endpoint_label_asc,5030,0.01778656244277954,0.008267371850012608
10000,endpoint,endpoint_label_asc,5040,0.01786562204360962,0.008460706052571272
10000,endpoint,endpoint_label_asc,5050,0.01794466972351074,0.00865331220048635
10000,endpoint,endpoint_label_asc,5060,0.01794465780258179,0.008443151231390483
10000,endpoint,endpoint_label_asc,5070,0.01786559820175171,0.008674960028762292
10000,endpoint,endpoint_label_asc,5080,0.018181812763214112,0.00921464052428467
10000,endpoint,endpoint_label_asc,5090,0.018260860443115236,0.009479549390955236
10000,endpoint,endpoint_label_asc,5100,0.018498027324676515,0.009586098073406595
10000,endpoint,endpoint_label_asc,5110,0.018498027324676515,0.00971961496349077
10000,endpoint,endpoint_label_asc,5120,0.01865612268447876,0.009906679784000786
10000,endpoint,endpoint_label_asc,5130,0.018577075004577635,0.009967989326251866
10000,endpoint,endpoint_label_asc,5140,0.018577075004577635,0.009967989326251866
10000,endpoint,endpoint_label_asc,5150,0.018656110763549803,0.009577936240561776
10000,endpoint,endpoint_label_asc,5160,0.018814229965209962,0.010125821852295188
10000,endpoint,endpoint_label_asc,5170,0.018972325325012206,0.010393807371195322
10000,endpoint,endpoint_label_asc,5180,0.018814229965209962,0.010384784981305614
10000,endpoint,endpoint_label_asc,5190,0.01905137300491333,0.009651056131909735
10000,endpoint,endpoint_label_asc,5200,0.018893277645111083,0.009751716925496727
10000,endpoint,endpoint_label_asc,5210,0.018577075004577635,0.009502612547835564
10000,endpoint,endpoint_label_asc,5220,0.018181812763214112,0.009734059553081079
10000,endpoint,endpoint_label_asc,5230,0.018418967723846436,0.009804438532714224
10000,endpoint,endpoint_label_asc,5240,0.018339931964874268,0.00967611127911394
10000,endpoint,endpoint_label_asc,5250,0.018735170364379883,0.009974260564179783
10000,endpoint,endpoint_label_asc,5260,0.018814229965209962,0.010229436006454031
10000,endpoint,endpoint_label_asc,5270,0.018972325325012206,0.009909059397251826
10000,endpoint,endpoint_label_asc,5280,0.018498027324676515,0.009723632732356656
10000,endpoint,endpoint_label_asc,5290,0.018418967723846436,0.009772518919650645
10000,endpoint,endpoint_label_asc,5300,0.01849801540374756,0.009902733902797783
10000,endpoint,endpoint_label_asc,5310,0.018339931964874268,0.009529709287529357
10000,endpoint,endpoint_label_asc,5320,0.018181824684143068,0.009833867395432688
10000,endpoint,endpoint_label_asc,5330,0.018181812763214112,0.009506715832262789
10000,endpoint,endpoint_label_asc,5340,0.018498027324676515,0.009651053934952985
10000,endpoint,endpoint_label_asc,5350,0.018498027324676515,0.009417565946056587
10000,endpoint,endpoint_label_asc,5360,0.01857708692550659,0.009449023555560498
10000,endpoint,endpoint_label_asc,5370,0.018814229965209962,0.009570591593880016
10000,endpoint,endpoint_label_asc,5380,0.018577075004577635,0.009315807357091808
10000,endpoint,endpoint_label_asc,5390,0.018023717403411865,0.009080573707440406
10000,endpoint,endpoint_label_asc,5400,0.018339920043945312,0.009284734949261025
10000,endpoint,endpoint_label_asc,5410,0.01849801540374756,0.008919154032819038
10000,endpoint,endpoint_label_asc,5420,0.018577075004577635,0.009090913378714942
10000,endpoint,endpoint_label_asc,5430,0.018893277645111083,0.008949753939902586
10000,endpoint,endpoint_label_asc,5440,0.018814241886138915,0.008867316579945756
10000,endpoint,endpoint_label_asc,5450,0.01905139684677124,0.009283908011003003
10000,endpoint,endpoint_label_asc,5460,0.01913043260574341,0.00901584042769055
10000,endpoint,endpoint_label_asc,5470,0.019367587566375733,0.009052168016266737
10000,endpoint,endpoint_label_asc,5480,0.018893277645111083,0.009118380200940504
10000,endpoint,endpoint_label_asc,5490,0.018735170364379883,0.009288951345223182
10000,endpoint,endpoint_label_asc,5500,0.01889328956604004,0.009229053780760966
10000,endpoint,endpoint_label_asc,5510,0.019288551807403565,0.008941010973434095
10000,endpoint,endpoint_label_asc,5520,0.01920948028564453,0.008845293520965341
10000,endpoint,endpoint_label_asc,5530,0.01928853988647461,0.008710911853684304
10000,endpoint,endpoint_label_asc,5540,0.019525694847106933,0.008170449177036694
10000,endpoint,endpoint_label_asc,5550,0.019446635246276857,0.008395830554863412
10000,endpoint,endpoint_label_asc,5560,0.019762849807739256,0.00832388274348844
10000,endpoint,endpoint_label_asc,5570,0.019209492206573486,0.008265500216453999
10000,endpoint,endpoint_label_asc,5580,0.018893277645111083,0.00830227972090289
10000,endpoint,endpoint_label_asc,5590,0.01928853988647461,0.007912040591851459
10000,endpoint,endpoint_label_asc,5600,0.01920948028564453,0.008241833186929762
10000,endpoint,endpoint_label_asc,5610,0.018735170364379883,0.00813690681893628
10000,endpoint,endpoint_label_asc,5620,0.01873518228530884,0.008265500928995369
10000,endpoint,endpoint_label_asc,5630,0.018577098846435547,0.008257929559300901
10000,endpoint,endpoint_label_asc,5640,0.01873518228530884,0.008141722009088545
10000,endpoint,endpoint_label_asc,5650,0.01889328956604004,0.008419049858841107
10000,endpoint,endpoint_label_asc,5660,0.01857708692550659,0.00855529114674777
10000,endpoint,endpoint_label_asc,5670,0.01841897964477539,0.008621666378011933
10000,endpoint,endpoint_label_asc,5680,0.018418967723846436,0.008406051357295682
10000,endpoint,endpoint_label_asc,5690,0.018339920043945312,0.008525993237624914
10000,endpoint,endpoint_label_asc,5700,0.018656134605407715,0.008363205425313274
10000,endpoint,endpoint_label_asc,5710,0.018735194206237794,0.008132104566502084
10000,endpoint,endpoint_label_asc,5720,0.018418967723846436,0.008079113704094924
10000,endpoint,endpoint_label_asc,5730,0.01849801540374756,0.008269272831936614
10000,endpoint,endpoint_label_asc,5740,0.018577063083648683,0.008134036871783856
10000,endpoint,endpoint_label_asc,5750,0.019051384925842286,0.008353867788896236
10000,endpoint,endpoint_label_asc,5760,0.018893277645111083,0.007887313773384043
10000,endpoint,endpoint_label_asc,5770,0.019130444526672362,0.008170456674086257
10000,endpoint,endpoint_label_asc,5780,0.01889328956604004,0.008311666101539706
10000,endpoint,endpoint_label_asc,5790,0.01913043260574341,0.008189540276891404
10000,endpoint,endpoint_label_asc,5800,0.019051384925842286,0.008674968040256997
10000,endpoint,endpoint_label_asc,5810,0.019051384925842286,0.00832107714323923
10000,endpoint,endpoint_label_asc,5820,0.019209492206573486,0.007878422802778775
10000,endpoint,endpoint_label_asc,5830,0.019525694847106933,0.00776858731164592
10000,endpoint,endpoint_label_asc,5840,0.019762849807739256,0.0076694034286688365
10000,endpoint,endpoint_label_asc,5850,0.019525682926177977,0.008392132939754536
10000,endpoint,endpoint_label_asc,5860,0.019288527965545654,0.008325772661852327
10000,endpoint,endpoint_label_asc,5870,0.01936759948730469,0.008691158888557173
10000,endpoint,endpoint_label_asc,5880,0.01905137300491333,0.009040924585112783
10000,endpoint,endpoint_label_asc,5890,0.01928853988647461,0.008692941992787015
10000,endpoint,endpoint_label_asc,5900,0.019604742527008057,0.008796570509770037
10000,endpoint,endpoint_label_asc,5910,0.01968379020690918,0.008879645984262514
10000,endpoint,endpoint_label_asc,5920,0.01968381404876709,0.008923533135952844
10000,endpoint,endpoint_label_asc,5930,0.019525718688964844,0.009076284260208916
10000,endpoint,endpoint_label_asc,5940,0.01936761140823364,0.0092188860402307
10000,endpoint,endpoint_label_asc,5950,0.02007906436920166,0.009075412369049303
10000,endpoint,endpoint_label_asc,5960,0.020000016689300536,0.00859445755313258
10000,endpoint,endpoint_label_asc,5970,0.02039525508880615,0.008756522314529426
10000,endpoint,endpoint_label_asc,5980,0.020790505409240722,0.008222870086585822
10000,endpoint,endpoint_label_asc,5990,0.020790517330169678,0.007828663060128489
10000,endpoint,endpoint_label_asc,6000,0.020632410049438478,0.00784263571690229
10000,endpoint,endpoint_label_asc,6010,0.021027672290802,0.007558601759267998
10000,endpoint,endpoint_label_asc,6020,0.021581041812896728,0.007216003797599672
10000,endpoint,endpoint_label_asc,6030,0.021422934532165528,0.007067241999039052
10000,endpoint,endpoint_label_asc,6040,0.021660077571868896,0.006819755253081312
10000,endpoint,endpoint_label_asc,6050,0.021185779571533205,0.00682660168361478
10000,endpoint,endpoint_label_asc,6060,0.021343886852264404,0.006823185110487429
10000,endpoint,endpoint_label_asc,6070,0.021264827251434325,0.006785299522123668
10000,endpoint,endpoint_label_asc,6080,0.02166008949279785,0.0068654240373624015
10000,endpoint,endpoint_label_asc,6090,0.021501970291137696,0.0066174555389481105
10000,endpoint,endpoint_label_asc,6100,0.021422922611236572,0.006515153212628483
10000,endpoint,endpoint_label_asc,6110,0.021501982212066652,0.006792219358028111
10000,endpoint,endpoint_label_asc,6120,0.021422934532165528,0.007034033173370726
10000,endpoint,endpoint_label_asc,6130,0.021422946453094484,0.006944607374328743
10000,endpoint,endpoint_label_asc,6140,0.021739137172698975,0.0072397716193437905
10000,endpoint,endpoint_label_asc,6150,0.0218181848526001,0.007231134644817102
10000,endpoint,endpoint_label_asc,6160,0.02181819677352905,0.007241941696860585
10000,endpoint,endpoint_label_asc,6170,0.022450602054595946,0.006865408252109033
10000,endpoint,endpoint_label_asc,6180,0.022055339813232423,0.007412520575723695
10000,endpoint,endpoint_label_asc,6190,0.02173912525177002,0.007196506005171504
10000,endpoint,endpoint_label_asc,6200,0.02229248285293579,0.00790810500567529
10000,endpoint,endpoint_label_asc,6210,0.021976280212402343,0.0077333040979297414
10000,endpoint,endpoint_label_asc,6220,0.022292494773864746,0.007738362669961951
10000,endpoint,endpoint_label_asc,6230,0.022213435173034667,0.007827689974664799
10000,endpoint,endpoint_label_asc,6240,0.0221343994140625,0.0078056861172396555
10000,endpoint,endpoint_label_asc,6250,0.021581029891967772,0.007893267559284543
10000,endpoint,endpoint_label_asc,6260,0.022055327892303467,0.008278714848581994
10000,endpoint,endpoint_label_asc,6270,0.02173912525177002,0.009206171768530757
10000,endpoint,endpoint_label_asc,6280,0.022055327892303467,0.008579888730703766
10000,endpoint,endpoint_label_asc,6290,0.021976280212402343,0.008693849395946697
10000,endpoint,endpoint_label_asc,6300,0.02229248285293579,0.008626183256569948
10000,endpoint,endpoint_label_asc,6310,0.022213435173034667,0.008742245403896518
10000,endpoint,endpoint_label_asc,6320,0.02237154245376587,0.008630723020886012
10000,endpoint,endpoint_label_asc,6330,0.022292494773864746,0.008774331623659029
10000,endpoint,endpoint_label_asc,6340,0.02252964973449707,0.008886672562408868
10000,endpoint,endpoint_label_asc,6350,0.022608685493469238,0.009135471084547384
10000,endpoint,endpoint_label_asc,6360,0.022450590133666994,0.009186628869402256
10000,endpoint,endpoint_label_asc,6370,0.022529637813568114,0.009120923893927407
10000,endpoint,endpoint_label_asc,6380,0.022845852375030517,0.009779716856752023
10000,endpoint,endpoint_label_asc,6390,0.022687745094299317,0.009808412308453031
10000,endpoint,endpoint_label_asc,6400,0.02252964973449707,0.009817964500342266
10000,endpoint,endpoint_label_asc,6410,0.022371554374694826,0.009812393838593182
10000,endpoint,endpoint_label_asc,6420,0.022687745094299317,0.009505087619663665
10000,endpoint,endpoint_label_asc,6430,0.023003947734832764,0.009711580139971943
10000,endpoint,endpoint_label_asc,6440,0.02355731725692749,0.009529697173852379
10000,endpoint,endpoint_label_asc,6450,0.02347825765609741,0.009463883518974849
10000,endpoint,endpoint_label_asc,6460,0.023162055015563964,0.009297343178742031
10000,endpoint,endpoint_label_asc,6470,0.022924911975860596,0.009527243455898777
10000,endpoint,endpoint_label_asc,6480,0.022608697414398193,0.009084019367766668
10000,endpoint,endpoint_label_asc,6490,0.022924888134002685,0.008842629377288518
10000,endpoint,endpoint_label_asc,6500,0.023082995414733888,0.00825602839102996
10000,endpoint,endpoint_label_asc,6510,0.02300393581390381,0.008479144070423964
10000,endpoint,endpoint_label_asc,6520,0.02292490005493164,0.00830037608033787
10000,endpoint,endpoint_label_asc,6530,0.023003947734832764,0.00827400956631518
10000,endpoint,endpoint_label_asc,6540,0.023003947734832764,0.008643382017344737
10000,endpoint,endpoint_label_asc,6550,0.02292490005493164,0.00835196800843036
10000,endpoint,endpoint_label_asc,6560,0.02292490005493164,0.008637057497778692
10000,endpoint,endpoint_label_asc,6570,0.02308300733566284,0.008626180798552518
10000,endpoint,endpoint_label_asc,6580,0.023162055015563964,0.008392101919117927
10000,endpoint,endpoint_label_asc,6590,0.02292490005493164,0.007890308844280868
10000,endpoint,endpoint_label_asc,6600,0.022924888134002685,0.00804227205962499
10000,endpoint,endpoint_label_asc,6610,0.022766804695129393,0.008279653848390975
10000,endpoint,endpoint_label_asc,6620,0.023320162296295167,0.007988660419292496
10000,endpoint,endpoint_label_asc,6630,0.02332017421722412,0.00804227498903421
10000,endpoint,endpoint_label_asc,6640,0.023636364936828615,0.008058768940341503
10000,endpoint,endpoint_label_asc,6650,0.023478269577026367,0.008050045826832535
10000,endpoint,endpoint_label_asc,6660,0.023399221897125243,0.008049089846333736
10000,endpoint,endpoint_label_asc,6670,0.023478269577026367,0.008312612715732927
10000,endpoint,endpoint_label_asc,6680,0.023399209976196288,0.008193358363282454
10000,endpoint,endpoint_label_asc,6690,0.02308300733566284,0.008227605330933953
10000,endpoint,endpoint_label_asc,6700,0.023399209976196288,0.008306970833682462
10000,endpoint,endpoint_label_asc,6710,0.02347825765609741,0.008151292265618237
10000,endpoint,endpoint_label_asc,6720,0.023478269577026367,0.00827020620943766
10000,endpoint,endpoint_label_asc,6730,0.023478269577026367,0.008827585741897917
10000,endpoint,endpoint_label_asc,6740,0.023873519897460938,0.008689354812836227
10000,endpoint,endpoint_label_asc,6750,0.023241102695465088,0.009317496838716176
10000,endpoint,endpoint_label_asc,6760,0.023399209976196288,0.009330082384726901
10000,endpoint,endpoint_label_asc,6770,0.02371542453765869,0.009201920386625139
10000,endpoint,endpoint_label_asc,6780,0.023399198055267335,0.00940095584419437
10000,endpoint,endpoint_label_asc,6790,0.023241114616394044,0.009630801708959675
10000,endpoint,endpoint_label_asc,6800,0.023082995414733888,0.009529701994604366
10000,endpoint,endpoint_label_asc,6810,0.023241114616394044,0.009679342386136157
10000,endpoint,endpoint_label_asc,6820,0.023241102695465088,0.009565715591324617
10000,endpoint,endpoint_label_asc,6830,0.02300395965576172,0.009695485657347144
10000,endpoint,endpoint_label_asc,6840,0.02300395965576172,0.009886947973758508
10000,endpoint,endpoint_label_asc,6850,0.023162055015563964,0.009360153488796012
10000,endpoint,endpoint_label_asc,6860,0.02308300733566284,0.009208726004772103
10000,endpoint,endpoint_label_asc,6870,0.02292490005493164,0.009588549138300094
10000,endpoint,endpoint_label_asc,6880,0.02300395965576172,0.009396806377956252
10000,endpoint,endpoint_label_asc,6890,0.02355731725692749,0.009397637796595897
10000,endpoint,endpoint_label_asc,6900,0.02379446029663086,0.008791232385273792
10000,endpoint,endpoint_label_asc,6910,0.02434784173965454,0.00900717547226999
10000,endpoint,endpoint_label_asc,6920,0.024347829818725585,0.009242581303441251
10000,endpoint,endpoint_label_asc,6930,0.024189722537994385,0.009545261942535133
10000,endpoint,endpoint_label_asc,6940,0.02466404438018799,0.009619439898530674
10000,endpoint,endpoint_label_asc,6950,0.02482212781906128,0.009421717396711422
10000,endpoint,endpoint_label_asc,6960,0.02466404438018799,0.009123498897697948
10000,endpoint,endpoint_label_asc,6970,0.024901175498962404,0.008891074685460795
10000,endpoint,endpoint_label_asc,6980,0.024505925178527833,0.008417205374773227
10000,endpoint,endpoint_label_asc,6990,0.02411067485809326,0.008771668219631773
10000,endpoint,endpoint_label_asc,7000,0.024031627178192138,0.008602632892655424
10000,endpoint,endpoint_label_asc,7010,0.024031627178192138,0.008511336012361719
10000,endpoint,endpoint_label_asc,7020,0.02442687749862671,0.008557099809523556
10000,endpoint,endpoint_label_asc,7030,0.02450593709945679,0.00843572981510643
10000,endpoint,endpoint_label_asc,7040,0.024505925178527833,0.00802769007955196
10000,endpoint,endpoint_label_asc,7050,0.02442687749862671,0.007941603228662527
10000,endpoint,endpoint_label_asc,7060,0.02450593709945679,0.008181905381640426
10000,endpoint,endpoint_label_asc,7070,0.02426877021789551,0.008279655982468017
10000,endpoint,endpoint_label_asc,7080,0.02434781789779663,0.008199073539070805
10000,endpoint,endpoint_label_asc,7090,0.02426877021789551,0.008480060876775927
10000,endpoint,endpoint_label_asc,7100,0.02418971061706543,0.008049072138403642
10000,endpoint,endpoint_label_asc,7110,0.023794472217559814,0.008428308991875608
10000,endpoint,endpoint_label_asc,7120,0.02411067485809326,0.008276824716717342
10000,endpoint,endpoint_label_asc,7130,0.024110662937164306,0.00813403325136409
10000,endpoint,endpoint_label_asc,7140,0.02434781789779663,0.007798692096637052
10000,endpoint,endpoint_label_asc,7150,0.02442687749862671,0.007645924797989859
10000,endpoint,endpoint_label_asc,7160,0.02426877021789551,0.007460838348053097
10000,endpoint,endpoint_label_asc,7170,0.02442687749862671,0.007496341941728671
10000,endpoint,endpoint_label_asc,7180,0.02411067485809326,0.007602895520500639
10000,endpoint,endpoint_label_asc,7190,0.024031627178192138,0.007511941943865806
10000,endpoint,endpoint_label_asc,7200,0.02363635301589966,0.007625479005349466
10000,endpoint,endpoint_label_asc,7210,0.023557305335998535,0.007682628253820968
10000,endpoint,endpoint_label_asc,7220,0.024189722537994385,0.007475461517154457
10000,endpoint,endpoint_label_asc,7230,0.023952579498291014,0.007360686427544827
10000,endpoint,endpoint_label_asc,7240,0.02426877021789551,0.007559633946346658
10000,endpoint,endpoint_label_asc,7250,0.023952567577362062,0.007323459504682196
10000,endpoint,endpoint_label_asc,7260,0.02426877021789551,0.007460839137443043
10000,endpoint,endpoint_label_asc,7270,0.02434781789779663,0.007161656308871623
10000,endpoint,endpoint_label_asc,7280,0.02434781789779663,0.006599713351088175
10000,endpoint,endpoint_label_asc,7290,0.024347829818725585,0.0067344595899260255
10000,endpoint,endpoint_label_asc,7300,0.024743092060089112,0.0070295676705175785
10000,endpoint,endpoint_label_asc,7310,0.02466404438018799,0.007062823844479822
10000,endpoint,endpoint_label_asc,7320,0.02442687749862671,0.007089314898651997
10000,endpoint,endpoint_label_asc,7330,0.02442690134048462,0.006983861116882894
10000,endpoint,endpoint_label_asc,7340,0.023952579498291014,0.006534299214122961
10000,endpoint,endpoint_label_asc,7350,0.023636364936828615,0.006692570332465744
10000,endpoint,endpoint_label_asc,7360,0.02379446029663086,0.006739102462612432
10000,endpoint,endpoint_label_asc,7370,0.023715412616729735,0.006885863994114161
10000,endpoint,endpoint_label_asc,7380,0.02300395965576172,0.006669183049643541
10000,endpoint,endpoint_label_asc,7390,0.02300393581390381,0.0071058343995165875
10000,endpoint,endpoint_label_asc,7400,0.02292490005493164,0.007373420215137028
10000,endpoint,endpoint_label_asc,7410,0.02284584045410156,0.007295665955809272
10000,endpoint,endpoint_label_asc,7420,0.02292490005493164,0.007520271143587017
10000,endpoint,endpoint_label_asc,7430,0.022608697414398193,0.00722031647478599
10000,endpoint,endpoint_label_asc,7440,0.02229248285293579,0.007296743247894452
10000,endpoint,endpoint_label_asc,7450,0.02252964973449707,0.007431462889630934
10000,endpoint,endpoint_label_asc,7460,0.02292490005493164,0.007185642750094201
10000,endpoint,endpoint_label_asc,7470,0.023320162296295167,0.00718562061922702
10000,endpoint,endpoint_label_asc,7480,0.02300393581390381,0.007122299046189733
10000,endpoint,endpoint_label_asc,7490,0.022766804695129393,0.007188898042956832
10000,endpoint,endpoint_label_asc,7500,0.023003947734832764,0.006876771576748576
10000,endpoint,endpoint_label_asc,7510,0.02300395965576172,0.0069950320192915735
10000,endpoint,endpoint_label_asc,7520,0.023636376857757567,0.006865408252109033
10000,endpoint,endpoint_label_asc,7530,0.02379446029663086,0.0068710802629468725
10000,endpoint,endpoint_label_asc,7540,0.02379446029663086,0.006950201192920633
10000,endpoint,endpoint_label_asc,7550,0.02379446029663086,0.0071332597591004365
10000,endpoint,endpoint_label_asc,7560,0.023557305335998535,0.007183439594890249
10000,endpoint,endpoint_label_asc,7570,0.02332015037536621,0.006902861012045176
10000,endpoint,endpoint_label_asc,7580,0.023478245735168456,0.00683234159953379
10000,endpoint,endpoint_label_asc,7590,0.02332015037536621,0.006998361836494793
10000,endpoint,endpoint_label_asc,7600,0.023399198055267335,0.006876767979512009
10000,endpoint,endpoint_label_asc,7610,0.023715412616729735,0.006643355366757067
10000,endpoint,endpoint_label_asc,7620,0.02347825765609741,0.0062282603712049715
10000,endpoint,endpoint_label_asc,7630,0.02347825765609741,0.006333964932128016
10000,endpoint,endpoint_label_asc,7640,0.02347825765609741,0.006599712637123165
10000,endpoint,endpoint_label_asc,7650,0.02308300733566284,0.006450076379778394
10000,endpoint,endpoint_label_asc,7660,0.023162055015563964,0.006088750470633758
10000,endpoint,endpoint_label_asc,7670,0.02332015037536621,0.006524727729692843
10000,endpoint,endpoint_label_asc,7680,0.02355731725692749,0.0065700534804204016
10000,endpoint,endpoint_label_asc,7690,0.023557329177856447,0.006456119128830101
10000,endpoint,endpoint_label_asc,7700,0.02379446029663086,0.006301819099261063
10000,endpoint,endpoint_label_asc,7710,0.023952567577362062,0.006570050253154284
10000,endpoint,endpoint_label_asc,7720,0.023873519897460938,0.006623333133491744
10000,endpoint,endpoint_label_asc,7730,0.023794472217559814,0.006733277640460987
10000,endpoint,endpoint_label_asc,7740,0.023636364936828615,0.006733286737622802
10000,endpoint,endpoint_label_asc,7750,0.023636364936828615,0.006808297458735865
10000,endpoint,endpoint_label_asc,7760,0.023083019256591796,0.006456134272662826
10000,endpoint,endpoint_label_asc,7770,0.023162055015563964,0.006474237916516829
10000,endpoint,endpoint_label_asc,7780,0.02284584045410156,0.00655102132554841
10000,endpoint,endpoint_label_asc,7790,0.022766804695129393,0.006333993572147752
10000,endpoint,endpoint_label_asc,7800,0.02260870933532715,0.006295633488708818
10000,endpoint,endpoint_label_asc,7810,0.02292490005493164,0.0062307829400788635
10000,endpoint,endpoint_label_asc,7820,0.022450602054595946,0.006119457803455609
10000,endpoint,endpoint_label_asc,7830,0.02237154245376587,0.006234529453438212
10000,endpoint,endpoint_label_asc,7840,0.02276679277420044,0.006234545891328234
10000,endpoint,endpoint_label_asc,7850,0.022608697414398193,0.006276994482408005
10000,endpoint,endpoint_label_asc,7860,0.022608697414398193,0.006276994482408005
10000,endpoint,endpoint_label_asc,7870,0.022608697414398193,0.006258300717007189
10000,endpoint,endpoint_label_asc,7880,0.022450602054595946,0.006663329988160333
10000,endpoint,endpoint_label_asc,7890,0.022213435173034667,0.00686541665947732
10000,endpoint,endpoint_label_asc,7900,0.022766804695129393,0.007051757327166482
10000,endpoint,endpoint_label_asc,7910,0.022766804695129393,0.007040679104057299
10000,endpoint,endpoint_label_asc,7920,0.02284584045410156,0.006859720046091378
10000,endpoint,endpoint_label_asc,7930,0.02300395965576172,0.006645721262858394
10000,endpoint,endpoint_label_asc,7940,0.023478269577026367,0.006705405604217132
10000,endpoint,endpoint_label_asc,7950,0.023320162296295167,0.006572434113487461
10000,endpoint,endpoint_label_asc,7960,0.02332017421722412,0.006361056360239696
10000,endpoint,endpoint_label_asc,7970,0.023082995414733888,0.005952512190085328
10000,endpoint,endpoint_label_asc,7980,0.02371542453765869,0.005862602083471008
10000,endpoint,endpoint_label_asc,7990,0.02411067485809326,0.00578885745504727
10000,endpoint,endpoint_label_asc,8000,0.023952579498291014,0.006050128009598759
10000,endpoint,endpoint_label_asc,8010,0.023952567577362062,0.0062844348633021
10000,endpoint,endpoint_label_asc,8020,0.023952567577362062,0.006203118216275701
10000,endpoint,endpoint_label_asc,8030,0.023399209976196288,0.006264535412449655
10000,endpoint,endpoint_label_asc,8040,0.023794472217559814,0.006201864254411551
10000,endpoint,endpoint_label_asc,8050,0.023715412616729735,0.006000870755407879
10000,endpoint,endpoint_label_asc,8060,0.023636388778686523,0.005938059856754906
10000,endpoint,endpoint_label_asc,8070,0.023478281497955323,0.005786160750163396
10000,endpoint,endpoint_label_asc,8080,0.023478269577026367,0.0052926022498303825
10000,endpoint,endpoint_label_asc,8090,0.023241114616394044,0.005268936556402129
10000,endpoint,endpoint_label_asc,8100,0.022845864295959473,0.0053278924193790895
10000,endpoint,endpoint_label_asc,8110,0.023162055015563964,0.0052481273377269055
10000,endpoint,endpoint_label_asc,8120,0.02308300733566284,0.00517317396097341
10000,endpoint,endpoint_label_asc,8130,0.02260870933532715,0.005357134086493492
10000,endpoint,endpoint_label_asc,8140,0.022687757015228273,0.005704587981937051
10000,endpoint,endpoint_label_asc,8150,0.023003947734832764,0.005750954106582127
10000,endpoint,endpoint_label_asc,8160,0.02300395965576172,0.006042381768711627
10000,endpoint,endpoint_label_asc,8170,0.02316204309463501,0.006184206282554723
10000,endpoint,endpoint_label_asc,8180,0.023320162296295167,0.006494713455939869
10000,endpoint,endpoint_label_asc,8190,0.02363635301589966,0.006836894570076939
10000,endpoint,endpoint_label_asc,8200,0.023715400695800783,0.0071474847439696705
10000,endpoint,endpoint_label_asc,8210,0.023715412616729735,0.007003952582900771
10000,endpoint,endpoint_label_asc,8220,0.023794472217559814,0.007380833351205093
10000,endpoint,endpoint_label_asc,8230,0.023715412616729735,0.007815704182111742
10000,endpoint,endpoint_label_asc,8240,0.02411067485809326,0.007191081343227274
10000,endpoint,endpoint_label_asc,8250,0.024110662937164306,0.0078107027883434835
10000,endpoint,endpoint_label_asc,8260,0.024031615257263182,0.007625487038073712
10000,endpoint,endpoint_label_asc,8270,0.023952567577362062,0.007365986665092778
10000,endpoint,endpoint_label_asc,8280,0.02411067485809326,0.007314910554560792
10000,endpoint,endpoint_label_asc,8290,0.023715412616729735,0.0068745107297881105
10000,endpoint,endpoint_label_asc,8300,0.023715412616729735,0.006783004018746632
10000,endpoint,endpoint_label_asc,8310,0.023873519897460938,0.006629231282005389
10000,endpoint,endpoint_label_asc,8320,0.02426878213882446,0.006480274676849804
10000,endpoint,endpoint_label_asc,8330,0.023952567577362062,0.007199733153597397
10000,endpoint,endpoint_label_asc,8340,0.024189722537994385,0.007000613814605997
10000,endpoint,endpoint_label_asc,8350,0.02426878213882446,0.007172566239525753
10000,endpoint,endpoint_label_asc,8360,0.024031615257263182,0.007349016552593894
10000,endpoint,endpoint_label_asc,8370,0.02411067485809326,0.007325598198291742
10000,endpoint,endpoint_label_asc,8380,0.024031615257263182,0.006836907836720922
10000,endpoint,endpoint_label_asc,8390,0.024664032459259033,0.0065521994769513515
10000,endpoint,endpoint_label_asc,8400,0.024664032459259033,0.00625955428778905
10000,endpoint,endpoint_label_asc,8410,0.024901199340820312,0.006268261940076073
10000,endpoint,endpoint_label_asc,8420,0.024901199340820312,0.006701905979487865
10000,endpoint,endpoint_label_asc,8430,0.02521740198135376,0.006802549722447984
10000,endpoint,endpoint_label_asc,8440,0.025296449661254883,0.006851746045493054
10000,endpoint,endpoint_label_asc,8450,0.025138330459594727,0.006956943971285263
10000,endpoint,endpoint_label_asc,8460,0.025138330459594727,0.006486304366054466
10000,endpoint,endpoint_label_asc,8470,0.025138354301452635,0.0062532922095934204
10000,endpoint,endpoint_label_asc,8480,0.024901187419891356,0.006084879161802076
10000,endpoint,endpoint_label_asc,8490,0.02482212781906128,0.006332749528448722
10000,endpoint,endpoint_label_asc,8500,0.02505929470062256,0.006127096411671381
10000,endpoint,endpoint_label_asc,8510,0.024901199340820312,0.0060333159079712685
10000,endpoint,endpoint_label_asc,8520,0.024901199340820312,0.005802331314858826
10000,endpoint,endpoint_label_asc,8530,0.024664032459259033,0.00610796587619188
10000,endpoint,endpoint_label_asc,8540,0.024901199340820312,0.006033317860447925
10000,endpoint,endpoint_label_asc,8550,0.024822139739990236,0.005990435815794338
10000,endpoint,endpoint_label_asc,8560,0.024980247020721436,0.006093860000337527
10000,endpoint,endpoint_label_asc,8570,0.025059306621551515,0.005932799073310131
10000,endpoint,endpoint_label_asc,8580,0.025138342380523683,0.005772644249566026
10000,endpoint,endpoint_label_asc,8590,0.025375497341156007,0.00590508935410451
10000,endpoint,endpoint_label_asc,8600,0.025138342380523683,0.005786156882134351
10000,endpoint,endpoint_label_asc,8610,0.025454556941986083,0.005466834493674603
10000,endpoint,endpoint_label_asc,8620,0.024743092060089112,0.005343988535341075
10000,endpoint,endpoint_label_asc,8630,0.02505929470062256,0.005919609646640066
10000,endpoint,endpoint_label_asc,8640,0.024980247020721436,0.005996961966027682
10000,endpoint,endpoint_label_asc,8650,0.02505929470062256,0.006075894354641182
10000,endpoint,endpoint_label_asc,8660,0.02537548542022705,0.006125828041952828
10000,endpoint,endpoint_label_asc,8670,0.02592884302139282,0.006037204672065301
10000,endpoint,endpoint_label_asc,8680,0.02592884302139282,0.0060177670413319815
10000,endpoint,endpoint_label_asc,8690,0.026086962223052977,0.005575768816129406
10000,endpoint,endpoint_label_asc,8700,0.025691699981689454,0.00642822450765835
10000,endpoint,endpoint_label_asc,8710,0.025928854942321777,0.006462154586856619
10000,endpoint,endpoint_label_asc,8720,0.02624504566192627,0.006303062893557292
10000,endpoint,endpoint_label_asc,8730,0.0261660099029541,0.0064670017025868585
10000,endpoint,endpoint_label_asc,8740,0.026561272144317628,0.005983922233284926
10000,endpoint,endpoint_label_asc,8750,0.026561272144317628,0.006074609282597441
10000,endpoint,endpoint_label_asc,8760,0.027509891986846925,0.006114341344655442
10000,endpoint,endpoint_label_asc,8770,0.028063249588012696,0.005981325882165417
10000,endpoint,endpoint_label_asc,8780,0.028063249588012696,0.006458532274366634
10000,endpoint,endpoint_label_asc,8790,0.02845851182937622,0.006230769706244246
10000,endpoint,endpoint_label_asc,8800,0.02893279790878296,0.006009960666694436
10000,endpoint,endpoint_label_asc,8810,0.029328060150146485,0.00617029379329996
10000,endpoint,endpoint_label_asc,8820,0.029486167430877685,0.006114354637782694
10000,endpoint,endpoint_label_asc,8830,0.030118584632873535,0.005696350576594839
10000,endpoint,endpoint_label_asc,8840,0.030276679992675783,0.005765859714007185
10000,endpoint,endpoint_label_asc,8850,0.03011857271194458,0.005944625474644637
10000,endpoint,endpoint_label_asc,8860,0.02988142967224121,0.006272004847015428
10000,endpoint,endpoint_label_asc,8870,0.030118584632873535,0.006201868053096012
10000,endpoint,endpoint_label_asc,8880,0.030830037593841553,0.006367182668923454
10000,endpoint,endpoint_label_asc,8890,0.031067192554473877,0.006383124522177801
10000,endpoint,endpoint_label_asc,8900,0.030909085273742677,0.00618927031559548
10000,endpoint,endpoint_label_asc,8910,0.031383407115936277,0.005939385381461535
10000,endpoint,endpoint_label_asc,8920,0.03185770511627197,0.005607913065012258
10000,endpoint,endpoint_label_asc,8930,0.032252955436706546,0.005704591492370249
10000,endpoint,endpoint_label_asc,8940,0.03233202695846558,0.005878579411932188
10000,endpoint,endpoint_label_asc,8950,0.0322529673576355,0.006063042452477155
10000,endpoint,endpoint_label_asc,8960,0.03296443223953247,0.0063586149288665595
10000,endpoint,endpoint_label_asc,8970,0.03343874216079712,0.006498325570051182
10000,endpoint,endpoint_label_asc,8980,0.03335967063903809,0.006558173096081785
10000,endpoint,endpoint_label_asc,8990,0.03343873023986817,0.006327794549652378
10000,endpoint,endpoint_label_asc,9000,0.03328063488006592,0.006598524224742022
10000,endpoint,endpoint_label_asc,9010,0.03343874216079712,0.006327822845278443
10000,endpoint,endpoint_label_asc,9020,0.033675897121429446,0.006320404652919459
10000,endpoint,endpoint_label_asc,9030,0.03351777791976929,0.006905123835667724
10000,endpoint,endpoint_label_asc,9040,0.033992087841033934,0.0069983769851404455
10000,endpoint,endpoint_label_asc,9050,0.034150195121765134,0.007095911709507512
10000,endpoint,endpoint_label_asc,9060,0.03430830240249634,0.007412508339314969
10000,endpoint,endpoint_label_asc,9070,0.035256922245025635,0.0074019535063448725
10000,endpoint,endpoint_label_asc,9080,0.035415029525756835,0.007549299483263259
10000,endpoint,endpoint_label_asc,9090,0.03588932752609253,0.007527530272736586
10000,endpoint,endpoint_label_asc,9100,0.036521744728088376,0.007873452272661952
10000,endpoint,endpoint_label_asc,9110,0.03683795928955078,0.007912045504937671
10000,endpoint,endpoint_label_asc,9120,0.03699605464935303,0.00791796239555342
10000,endpoint,endpoint_label_asc,9130,0.03723320960998535,0.008140732371732105
10000,endpoint,endpoint_label_asc,9140,0.03691699504852295,0.008184763005429878
10000,endpoint,endpoint_label_asc,9150,0.0375494122505188,0.007850607469025536
10000,endpoint,endpoint_label_asc,9160,0.037628459930419925,0.007817705199815325
10000,endpoint,endpoint_label_asc,9170,0.037707507610321045,0.00835478142325903
10000,endpoint,endpoint_label_asc,9180,0.03794466257095337,0.008514082376700394
10000,endpoint,endpoint_label_asc,9190,0.03810276985168457,0.008729713713170951
10000,endpoint,endpoint_label_asc,9200,0.03841896057128906,0.008706419178660593
10000,endpoint,endpoint_label_asc,9210,0.038577067852020266,0.008617125396485412
10000,endpoint,endpoint_label_asc,9220,0.039051377773284913,0.008049065113765625
10000,endpoint,endpoint_label_asc,9230,0.03913043737411499,0.007900177852733262
10000,endpoint,endpoint_label_asc,9240,0.03952567577362061,0.007669403428645674
10000,endpoint,endpoint_label_asc,9250,0.03944662809371948,0.007897226052379516
10000,endpoint,endpoint_label_asc,9260,0.039288532733917234,0.007976943078746752
10000,endpoint,endpoint_label_asc,9270,0.03936758041381836,0.008222848741769428
10000,endpoint,endpoint_label_asc,9280,0.03976283073425293,0.008526008297091815
10000,endpoint,endpoint_label_asc,9290,0.03984189033508301,0.008236155262963524
10000,endpoint,endpoint_label_asc,9300,0.04007905721664429,0.008237080380642069
10000,endpoint,endpoint_label_asc,9310,0.040474307537078855,0.00848008546358383
10000,endpoint,endpoint_label_asc,9320,0.04086955785751343,0.008880538554811935
10000,endpoint,endpoint_label_asc,9330,0.04086955785751343,0.008814323892679575
10000,endpoint,endpoint_label_asc,9340,0.04094862937927246,0.008814296362575998
10000,endpoint,endpoint_label_asc,9350,0.04118577241897583,0.00916536667742401
10000,endpoint,endpoint_label_asc,9360,0.04110672473907471,0.009069407962991119
10000,endpoint,endpoint_label_asc,9370,0.0418972373008728,0.009746109969378722
10000,endpoint,endpoint_label_asc,9380,0.04213438034057617,0.009867956197757849
10000,endpoint,endpoint_label_asc,9390,0.04205533266067505,0.009832272153313608
10000,endpoint,endpoint_label_asc,9400,0.04260869026184082,0.00983941811810432
10000,endpoint,endpoint_label_asc,9410,0.043083012104034424,0.009967995825819498
10000,endpoint,endpoint_label_asc,9420,0.04339921474456787,0.010113468809820591
10000,endpoint,endpoint_label_asc,9430,0.043952572345733645,0.009743682702449056
10000,endpoint,endpoint_label_asc,9440,0.044189739227294925,0.009675303546776608
10000,endpoint,endpoint_label_asc,9450,0.04434782266616821,0.010228672775013733
10000,endpoint,endpoint_label_asc,9460,0.04458498954772949,0.009783692606698539
10000,endpoint,endpoint_label_asc,9470,0.04426877498626709,0.009449029165478642
10000,endpoint,endpoint_label_asc,9480,0.04466404914855957,0.009637292243954059
10000,endpoint,endpoint_label_asc,9490,0.045138347148895266,0.009723637457014735
10000,endpoint,endpoint_label_asc,9500,0.045138347148895266,0.010526008801870093
10000,endpoint,endpoint_label_asc,9510,0.045454537868499754,0.010701164049342125
10000,endpoint,endpoint_label_asc,9520,0.04592885971069336,0.010537116348000076
10000,endpoint,endpoint_label_asc,9530,0.04592885971069336,0.010640390155331745
10000,endpoint,endpoint_label_asc,9540,0.046403157711029056,0.010955797837686961
10000,endpoint,endpoint_label_asc,9550,0.046561264991760255,0.010588879045443688
10000,endpoint,endpoint_label_asc,9560,0.04735177755355835,0.010684354136459443
10000,endpoint,endpoint_label_asc,9570,0.04727271795272827,0.01067412010438766
10000,endpoint,endpoint_label_asc,9580,0.04695652723312378,0.010666067386444851
10000,endpoint,endpoint_label_asc,9590,0.04727272987365723,0.010622771225681844
10000,endpoint,endpoint_label_asc,9600,0.0471936821937561,0.010175820046851053
10000,endpoint,endpoint_label_asc,9610,0.04695651531219482,0.010361436694426412
10000,endpoint,endpoint_label_asc,9620,0.0467193603515625,0.00998128611042917
10000,endpoint,endpoint_label_asc,9630,0.0468774676322937,0.009692241944695965
10000,endpoint,endpoint_label_asc,9640,0.04664030075073242,0.010123500172581405
10000,endpoint,endpoint_label_asc,9650,0.0467193603515625,0.009475447768509927
10000,endpoint,endpoint_label_asc,9660,0.04727274179458618,0.009732456302898774
10000,endpoint,endpoint_label_asc,9670,0.047035586833953855,0.009774104149215986
10000,endpoint,endpoint_label_asc,9680,0.047035586833953855,0.00972201176905044
10000,endpoint,endpoint_label_asc,9690,0.04750989675521851,0.010159699736577694
10000,endpoint,endpoint_label_asc,9700,0.04743083715438843,0.010693850544557933
10000,endpoint,endpoint_label_asc,9710,0.04735177755355835,0.010969350633078008
10000,endpoint,endpoint_label_asc,9720,0.047747039794921876,0.011152947662249295
10000,endpoint,endpoint_label_asc,9730,0.047984206676483156,0.010644797026055818
10000,endpoint,endpoint_label_asc,9740,0.0481423020362854,0.010384043831363798
10000,endpoint,endpoint_label_asc,9750,0.04885375499725342,0.010282730136595107
10000,endpoint,endpoint_label_asc,9760,0.04877469539642334,0.010141229218103379
10000,endpoint,endpoint_label_asc,9770,0.049249017238616945,0.00954197938420227
10000,endpoint,endpoint_label_asc,9780,0.049407124519348145,0.009596673713449267
10000,endpoint,endpoint_label_asc,9790,0.04980237483978271,0.009612935961889422
10000,endpoint,endpoint_label_asc,9800,0.04964426755905151,0.009788482531073941
10000,endpoint,endpoint_label_asc,9810,0.04996048212051392,0.00948037790193389
10000,endpoint,endpoint_label_asc,9820,0.05003952980041504,0.009242580283820377
10000,endpoint,endpoint_label_asc,9830,0.04980236291885376,0.009000219282942843
10000,endpoint,endpoint_label_asc,9840,0.04972332715988159,0.009019286264635398
10000,endpoint,endpoint_label_asc,9850,0.04972331523895264,0.009651063333132228
10000,endpoint,endpoint_label_asc,9860,0.05019763708114624,0.009564053945910315
10000,endpoint,endpoint_label_asc,9870,0.050750982761383054,0.00932252212827049
10000,endpoint,endpoint_label_asc,9880,0.050434792041778566,0.009041799150489188
10000,endpoint,endpoint_label_asc,9890,0.05106719732284546,0.008629821128546464
10000,endpoint,endpoint_label_asc,9900,0.05090909004211426,0.008409765964351463
10000,endpoint,endpoint_label_asc,9910,0.05146245956420899,0.008107101354269359
10000,endpoint,endpoint_label_asc,9920,0.05146245956420899,0.008053927117718221
10000,endpoint,endpoint_label_asc,9930,0.051778650283813475,0.008167566209704078
10000,endpoint,endpoint_label_asc,9940,0.051936757564544675,0.008608063342114836
10000,endpoint,endpoint_label_asc,9950,0.052173912525177,0.0087225455702677
10000,endpoint,endpoint_label_asc,9960,0.0523320198059082,0.008752044169676341
10000,endpoint,endpoint_label_asc,9970,0.0526482105255127,0.008773437377941288
10000,endpoint,endpoint_label_asc,9980,0.052964425086975096,0.008762751872988897
10000,endpoint,endpoint_label_asc,9990,0.052964425086975096,0.008600805865345453
10000,endpoint,endpoint_label_asc,10000,0.052885377407073976,0.008777902864316463
10000,endpoint,endpoint_label_desc,0,0.0,0.0
10000,endpoint,endpoint_label_desc,10,0.003320157527923584,0.0003535086409359493
10000,endpoint,endpoint_label_desc,20,0.006719362735748291,0.0009269416245050346
10000,endpoint,endpoint_label_desc,30,0.008695650100708007,0.0010076816901490229
10000,endpoint,endpoint_label_desc,40,0.010988152027130127,0.0014085585894674166
10000,endpoint,endpoint_label_desc,50,0.012806320190429687,0.0019880967402403286
10000,endpoint,endpoint_label_desc,60,0.014624500274658203,0.0024998178584237337
10000,endpoint,endpoint_label_desc,70,0.016284584999084473,0.0023283310253752265
10000,endpoint,endpoint_label_desc,80,0.01857708692550659,0.002468372774414956
10000,endpoint,endpoint_label_desc,90,0.020553362369537354,0.002561547947794199
10000,endpoint,endpoint_label_desc,100,0.021818172931671143,0.002828220721662272
10000,endpoint,endpoint_label_desc,110,0.024031615257263182,0.0042881188225081255
10000,endpoint,endpoint_label_desc,120,0.02561265230178833,0.00411142157756904
10000,endpoint,endpoint_label_desc,130,0.02814229726791382,0.0038463850652753657
10000,endpoint,endpoint_label_desc,140,0.030513834953308106,0.0031422330829068766
10000,endpoint,endpoint_label_desc,150,0.03217390775680542,0.004207198086451237
10000,endpoint,endpoint_label_desc,160,0.03335967063903809,0.004714998975882379
10000,endpoint,endpoint_label_desc,170,0.03494071960449219,0.004714994978681345
10000,endpoint,endpoint_label_desc,180,0.03620553016662598,0.00456344791429831
10000,endpoint,endpoint_label_desc,190,0.03794465065002441,0.005069469184683859
10000,endpoint,endpoint_label_desc,200,0.040395259857177734,0.004738136765285754
10000,endpoint,endpoint_label_desc,210,0.04189722537994385,0.004480555355687609
10000,endpoint,endpoint_label_desc,220,0.04339921474456787,0.004754600306722135
10000,endpoint,endpoint_label_desc,230,0.04490120410919189,0.004957279378149743
10000,endpoint,endpoint_label_desc,240,0.046561264991760255,0.004836047419740235
10000,endpoint,endpoint_label_desc,250,0.04703556299209595,0.004541154900277545
10000,endpoint,endpoint_label_desc,260,0.04830038547515869,0.004654967229929341
10000,endpoint,endpoint_label_desc,270,0.04988142251968384,0.005472553131007347
10000,endpoint,endpoint_label_desc,280,0.050671947002410886,0.005254087836457026
10000,endpoint,endpoint_label_desc,290,0.05193674564361572,0.005939373878289806
10000,endpoint,endpoint_label_desc,300,0.053043484687805176,0.006003467679546673
10000,endpoint,endpoint_label_desc,310,0.05351778268814087,0.006646901059637504
10000,endpoint,endpoint_label_desc,320,0.054545462131500244,0.0063426224296865286
10000,endpoint,endpoint_label_desc,330,0.05581027269363403,0.005710057167707641
10000,endpoint,endpoint_label_desc,340,0.05762845277786255,0.006381890978625655
10000,endpoint,endpoint_label_desc,350,0.05881422758102417,0.0061194543385842395
10000,endpoint,endpoint_label_desc,360,0.06047431230545044,0.006104126244710714
10000,endpoint,endpoint_label_desc,370,0.06118576526641846,0.006233281054959258
10000,endpoint,endpoint_label_desc,380,0.06252964735031127,0.006503137937004826
10000,endpoint,endpoint_label_desc,390,0.06411066055297851,0.006233293149502744
10000,endpoint,endpoint_label_desc,400,0.06466403007507324,0.0065343177822106266
10000,endpoint,endpoint_label_desc,410,0.0661660075187683,0.006358598255948155
10000,endpoint,endpoint_label_desc,420,0.06711462736129761,0.006556958471352747
10000,endpoint,endpoint_label_desc,430,0.06806324720382691,0.006479073629107095
10000,endpoint,endpoint_label_desc,440,0.06861660480499268,0.006327809069775093
10000,endpoint,endpoint_label_desc,450,0.06956521272659302,0.00582919065495679
10000,endpoint,endpoint_label_desc,460,0.07067192792892456,0.005682624606201703
10000,endpoint,endpoint_label_desc,470,0.07154150009155273,0.005589772145320873
10000,endpoint,endpoint_label_desc,480,0.07249013185501099,0.0055729903490328555
10000,endpoint,endpoint_label_desc,490,0.07312252521514892,0.005875905841849077
10000,endpoint,endpoint_label_desc,500,0.07407114505767823,0.005614875445379471
10000,endpoint,endpoint_label_desc,510,0.07525691986083985,0.005704576211815618
10000,endpoint,endpoint_label_desc,520,0.07588931322097778,0.005679875597575501
10000,endpoint,endpoint_label_desc,530,0.07691700458526611,0.005704586123524663
10000,endpoint,endpoint_label_desc,540,0.07826087474822999,0.006249562787347338
10000,endpoint,endpoint_label_desc,550,0.0786561369895935,0.0062993515303594655
10000,endpoint,endpoint_label_desc,560,0.07826087474822999,0.006078488682557965
10000,endpoint,endpoint_label_desc,570,0.07833993434906006,0.006239550945124566
10000,endpoint,endpoint_label_desc,580,0.07984189987182617,0.005775351140940916
10000,endpoint,endpoint_label_desc,590,0.08039524555206298,0.0059064178904720864
10000,endpoint,endpoint_label_desc,600,0.0813438892364502,0.005983930304260485
10000,endpoint,endpoint_label_desc,610,0.08197628259658814,0.006629253315769094
10000,endpoint,endpoint_label_desc,620,0.08260869979858398,0.006373330812615215
10000,endpoint,endpoint_label_desc,630,0.08308300971984864,0.005429552661711659
10000,endpoint,endpoint_label_desc,640,0.083320152759552,0.0061449470586302304
10000,endpoint,endpoint_label_desc,650,0.08387352228164673,0.006657477265853836
10000,endpoint,endpoint_label_desc,660,0.08450592756271362,0.006418500715644874
10000,endpoint,endpoint_label_desc,670,0.08482213020324707,0.006043675642280068
10000,endpoint,endpoint_label_desc,680,0.08592885732650757,0.0050894717253763145
10000,endpoint,endpoint_label_desc,690,0.08656126260757446,0.005505279953950432
10000,endpoint,endpoint_label_desc,700,0.08695652484893798,0.0056798755975755
10000,endpoint,endpoint_label_desc,710,0.08719367980957031,0.005586980190865101
10000,endpoint,endpoint_label_desc,720,0.08743082284927368,0.00584526414710151
10000,endpoint,endpoint_label_desc,730,0.08806325197219848,0.006029453745535771
10000,endpoint,endpoint_label_desc,740,0.0886165976524353,0.005557535053424228
10000,endpoint,endpoint_label_desc,750,0.08924901485443115,0.005429571753427471
10000,endpoint,endpoint_label_desc,760,0.09011857509613037,0.00467675049776527
10000,endpoint,endpoint_label_desc,770,0.0903557300567627,0.003938701314803836
10000,endpoint,endpoint_label_desc,780,0.09098814725875855,0.0046381655374854724
10000,endpoint,endpoint_label_desc,790,0.09138340950012207,0.004963595322682014
10000,endpoint,endpoint_label_desc,800,0.09201580286026001,0.00506485210345388
10000,endpoint,endpoint_label_desc,810,0.09177864789962768,0.005201797008864231
10000,endpoint,endpoint_label_desc,820,0.09296443462371826,0.005710056755136549
10000,endpoint,endpoint_label_desc,830,0.09320158958435058,0.004884271722893202
10000,endpoint,endpoint_label_desc,840,0.09359683990478515,0.004671748335033671
10000,endpoint,endpoint_label_desc,850,0.09407113790512085,0.005100180249997307
10000,endpoint,endpoint_label_desc,860,0.09494069814682007,0.00545827476215491
10000,endpoint,endpoint_label_desc,870,0.09517786502838135,0.005571592033325519
10000,endpoint,endpoint_label_desc,880,0.09541501998901367,0.005466847853130451
10000,endpoint,endpoint_label_desc,890,0.0953359842300415,0.0060874679190947144
10000,endpoint,endpoint_label_desc,900,0.09557312726974487,0.005744159537852943
10000,endpoint,endpoint_label_desc,910,0.09699604511260987,0.006259562191602426
10000,endpoint,endpoint_label_desc,920,0.09762846231460572,0.006311748780708062
10000,endpoint,endpoint_label_desc,930,0.09833991527557373,0.006750676305464874
10000,endpoint,endpoint_label_desc,940,0.09897233247756958,0.006486311811966266
10000,endpoint,endpoint_label_desc,950,0.09865611791610718,0.006629234302777804
10000,endpoint,endpoint_label_desc,960,0.09913042783737183,0.006264530899628284
10000,endpoint,endpoint_label_desc,970,0.09944663047790528,0.006522329503295447
10000,endpoint,endpoint_label_desc,980,0.09968379735946656,0.005778065122855034
10000,endpoint,endpoint_label_desc,990,0.09976283311843873,0.006303076349417403
10000,endpoint,endpoint_label_desc,1000,0.09992094039916992,0.006727501529551887
10000,endpoint,endpoint_label_desc,1010,0.10023715496063232,0.006492341881669009
10000,endpoint,endpoint_label_desc,1020,0.10110672712326049,0.006418504569633285
10000,endpoint,endpoint_label_desc,1030,0.10181819200515747,0.00617789128264085
10000,endpoint,endpoint_label_desc,1040,0.1032410979270935,0.006239554532170659
10000,endpoint,endpoint_label_desc,1050,0.10324108600616455,0.006369639494633706
10000,endpoint,endpoint_label_desc,1060,0.10411065816879272,0.006114360802751569
10000,endpoint,endpoint_label_desc,1070,0.10379446744918823,0.006303059155860245
10000,endpoint,endpoint_label_desc,1080,0.10482212305068969,0.0066339508194916625
10000,endpoint,endpoint_label_desc,1090,0.10537549257278442,0.0070517544874665675
10000,endpoint,endpoint_label_desc,1100,0.10624506473541259,0.006727498202754296
10000,endpoint,endpoint_label_desc,1110,0.10592883825302124,0.007207334908536657
10000,endpoint,endpoint_label_desc,1120,0.10592885017395019,0.00729888363710659
10000,endpoint,endpoint_label_desc,1130,0.1060869574546814,0.0075077810961098595
10000,endpoint,endpoint_label_desc,1140,0.10656126737594604,0.007667359098457273
10000,endpoint,endpoint_label_desc,1150,0.10656126737594604,0.008553460617658637
10000,endpoint,endpoint_label_desc,1160,0.10687745809555053,0.009007177826276283
10000,endpoint,endpoint_label_desc,1170,0.1068774938583374,0.009255254340032517
10000,endpoint,endpoint_label_desc,1180,0.10664031505584717,0.009233286163016349
10000,endpoint,endpoint_label_desc,1190,0.10679842233657837,0.009886960007190275
10000,endpoint,endpoint_label_desc,1200,0.10703556537628174,0.00963486910619688
10000,endpoint,endpoint_label_desc,1210,0.10687748193740845,0.009931108187024534
10000,endpoint,endpoint_label_desc,1220,0.10743083953857421,0.00982353631993939
10000,endpoint,endpoint_label_desc,1230,0.10743082761764526,0.01037277282511138
10000,endpoint,endpoint_label_desc,1240,0.10695652961730957,0.010905800569082028
10000,endpoint,endpoint_label_desc,1250,0.10727273225784302,0.011673792974612502
10000,endpoint,endpoint_label_desc,1260,0.10743082761764526,0.01176643278550919
10000,endpoint,endpoint_label_desc,1270,0.10814229249954224,0.012168508033673175
10000,endpoint,endpoint_label_desc,1280,0.10774703025817871,0.012245298661105495
10000,endpoint,endpoint_label_desc,1290,0.1081423044204712,0.012068604485228463
10000,endpoint,endpoint_label_desc,1300,0.10861661434173583,0.012671032700012092
10000,endpoint,endpoint_label_desc,1310,0.10885374546051026,0.013521604646199158
10000,endpoint,endpoint_label_desc,1320,0.10885374546051026,0.013323733164590974
10000,endpoint,endpoint_label_desc,1330,0.10877469778060914,0.013381648780693752
10000,endpoint,endpoint_label_desc,1340,0.10877469778060914,0.013564281797544167
10000,endpoint,endpoint_label_desc,1350,0.10798419713973999,0.013471810689187895
10000,endpoint,endpoint_label_desc,1360,0.10806325674057007,0.013801770381755432
10000,endpoint,endpoint_label_desc,1370,0.10798419713973999,0.01428239444847663
10000,endpoint,endpoint_label_desc,1380,0.10774703025817871,0.014753724757446242
10000,endpoint,endpoint_label_desc,1390,0.10743081569671631,0.014718737469476802
10000,endpoint,endpoint_label_desc,1400,0.1071936845779419,0.014942600437509728
10000,endpoint,endpoint_label_desc,1410,0.10735179185867309,0.015406408967838755
10000,endpoint,endpoint_label_desc,1420,0.10664031505584717,0.015224839994258459
10000,endpoint,endpoint_label_desc,1430,0.1060869574546814,0.014927434737596106
10000,endpoint,endpoint_label_desc,1440,0.10600790977478028,0.014729344639682587
10000,endpoint,endpoint_label_desc,1450,0.10505927801132202,0.015350021652061136
10000,endpoint,endpoint_label_desc,1460,0.10498024225234985,0.014859246015229711
10000,endpoint,endpoint_label_desc,1470,0.10458498001098633,0.014513512731796649
10000,endpoint,endpoint_label_desc,1480,0.10411068201065063,0.014464994969145264
10000,endpoint,endpoint_label_desc,1490,0.10411067008972168,0.014790724294361297
10000,endpoint,endpoint_label_desc,1500,0.10387352705001832,0.014502199708051845
10000,endpoint,endpoint_label_desc,1510,0.10379446744918823,0.014867130561297733
10000,endpoint,endpoint_label_desc,1520,0.10332015752792359,0.015036912020582832
10000,endpoint,endpoint_label_desc,1530,0.10316206216812134,0.014886559460072888
10000,endpoint,endpoint_label_desc,1540,0.10324112176895142,0.01479022734697101
10000,endpoint,endpoint_label_desc,1550,0.10308301448822021,0.014150522372031004
10000,endpoint,endpoint_label_desc,1560,0.10308301448822021,0.014136722626353512
10000,endpoint,endpoint_label_desc,1570,0.10237153768539428,0.014503831698151915
10000,endpoint,endpoint_label_desc,1580,0.1018972396850586,0.0144779509818098
10000,endpoint,endpoint_label_desc,1590,0.10181819200515747,0.014123447923127433
10000,endpoint,endpoint_label_desc,1600,0.10205533504486083,0.014692179065219907
10000,endpoint,endpoint_label_desc,1610,0.10237153768539428,0.01500676345196519
10000,endpoint,endpoint_label_desc,1620,0.10205533504486083,0.014947821595422019
10000,endpoint,endpoint_label_desc,1630,0.10205533504486083,0.014606866012881633
10000,endpoint,endpoint_label_desc,1640,0.10237153768539428,0.014629864990985135
10000,endpoint,endpoint_label_desc,1650,0.1020553469657898,0.015329637035711614
10000,endpoint,endpoint_label_desc,1660,0.1018972396850586,0.015265824380703081
10000,endpoint,endpoint_label_desc,1670,0.10173913240432739,0.015600375675020406
10000,endpoint,endpoint_label_desc,1680,0.10166009664535522,0.015235098128154686
10000,endpoint,endpoint_label_desc,1690,0.10181819200515747,0.015161089775458944
10000,endpoint,endpoint_label_desc,1700,0.1009486198425293,0.015060268604734035
10000,endpoint,endpoint_label_desc,1710,0.10047430992126465,0.015301583622192326
10000,endpoint,endpoint_label_desc,1720,0.10055335760116577,0.01496401130446761
10000,endpoint,endpoint_label_desc,1730,0.10007904767990113,0.014734651996725329
10000,endpoint,endpoint_label_desc,1740,0.10047430992126465,0.014992159059021522
10000,endpoint,endpoint_label_desc,1750,0.10079051256179809,0.014933700812334921
10000,endpoint,endpoint_label_desc,1760,0.10039525032043457,0.01525199554605697
10000,endpoint,endpoint_label_desc,1770,0.10079052448272705,0.015543704746356215
10000,endpoint,endpoint_label_desc,1780,0.10039526224136353,0.01549840602585522
10000,endpoint,endpoint_label_desc,1790,0.09992095232009887,0.014731985803719812
10000,endpoint,endpoint_label_desc,1800,0.0998418927192688,0.01445958358458676
10000,endpoint,endpoint_label_desc,1810,0.09913043975830078,0.01439679793274043
10000,endpoint,endpoint_label_desc,1820,0.09873517751693725,0.014224839229686386
10000,endpoint,endpoint_label_desc,1830,0.09857708215713501,0.0141483145678961
10000,endpoint,endpoint_label_desc,1840,0.09865614175796508,0.013449198965921188
10000,endpoint,endpoint_label_desc,1850,0.09849802255630494,0.013460212132309577
10000,endpoint,endpoint_label_desc,1860,0.09826087951660156,0.014307535450981249
10000,endpoint,endpoint_label_desc,1870,0.09833992719650268,0.014271460371697936
10000,endpoint,endpoint_label_desc,1880,0.0984189748764038,0.014379439245980933
10000,endpoint,endpoint_label_desc,1890,0.09857708215713501,0.013849794209893804
10000,endpoint,endpoint_label_desc,1900,0.09849802255630494,0.013593043052335732
10000,endpoint,endpoint_label_desc,1910,0.09849802255630494,0.013730262406364045
10000,endpoint,endpoint_label_desc,1920,0.09849803447723389,0.01380402994258202
10000,endpoint,endpoint_label_desc,1930,0.09849802255630494,0.013593043052335732
10000,endpoint,endpoint_label_desc,1940,0.09849803447723389,0.014114590851183806
10000,endpoint,endpoint_label_desc,1950,0.09818181991577149,0.014167639916787088
10000,endpoint,endpoint_label_desc,1960,0.09833991527557373,0.014161556229652804
10000,endpoint,endpoint_label_desc,1970,0.09826086759567261,0.014280215611374441
10000,endpoint,endpoint_label_desc,1980,0.09810277223587036,0.014312451528318207
10000,endpoint,endpoint_label_desc,1990,0.09802371263504028,0.014074713427924667
10000,endpoint,endpoint_label_desc,2000,0.09770750999450684,0.014491436356944403
10000,endpoint,endpoint_label_desc,2010,0.0975494146347046,0.014477971973230733
10000,endpoint,endpoint_label_desc,2020,0.09747035503387451,0.014175894842292796
10000,endpoint,endpoint_label_desc,2030,0.09747035503387451,0.014462313272741474
10000,endpoint,endpoint_label_desc,2040,0.09754940271377563,0.01440223756992098
10000,endpoint,endpoint_label_desc,2050,0.09739130735397339,0.01447580857730021
10000,endpoint,endpoint_label_desc,2060,0.09747035503387451,0.014170382699435354
10000,endpoint,endpoint_label_desc,2070,0.09715415239334106,0.014574745367741256
10000,endpoint,endpoint_label_desc,2080,0.09675889015197754,0.015007812610522623
10000,endpoint,endpoint_label_desc,2090,0.09620552062988282,0.015436799044978649
10000,endpoint,endpoint_label_desc,2100,0.09604743719100953,0.01569125552447177
10000,endpoint,endpoint_label_desc,2110,0.09636365175247193,0.015877829673762802
10000,endpoint,endpoint_label_desc,2120,0.09620553255081177,0.01619010370571848
10000,endpoint,endpoint_label_desc,2130,0.09652174711227417,0.01633849319664398
10000,endpoint,endpoint_label_desc,2140,0.09652173519134521,0.016333732590419023
10000,endpoint,endpoint_label_desc,2150,0.09660079479217529,0.016192505951984994
10000,endpoint,endpoint_label_desc,2160,0.09675889015197754,0.01606367904004902
10000,endpoint,endpoint_label_desc,2170,0.09628458023071289,0.016389096479035983
10000,endpoint,endpoint_label_desc,2180,0.09628459215164184,0.01631028482910479
10000,endpoint,endpoint_label_desc,2190,0.09628459215164184,0.016307890614341455
10000,endpoint,endpoint_label_desc,2200,0.09596837759017944,0.016273835787089123
10000,endpoint,endpoint_label_desc,2210,0.09604743719100953,0.016423398864333756
10000,endpoint,endpoint_label_desc,2220,0.09565216302871704,0.016316030521801455
10000,endpoint,endpoint_label_desc,2230,0.09525691270828247,0.016780979848012936
10000,endpoint,endpoint_label_desc,2240,0.09509880542755127,0.016331827642049653
10000,endpoint,endpoint_label_desc,2250,0.09478260278701782,0.016440987908806985
10000,endpoint,endpoint_label_desc,2260,0.09486165046691894,0.016638392847377937
10000,endpoint,endpoint_label_desc,2270,0.0948616623878479,0.016183849835101752
10000,endpoint,endpoint_label_desc,2280,0.09470356702804565,0.01657866266278378
10000,endpoint,endpoint_label_desc,2290,0.09454545974731446,0.016357640731767185
10000,endpoint,endpoint_label_desc,2300,0.0940711498260498,0.015750876412340922
10000,endpoint,endpoint_label_desc,2310,0.09351779222488403,0.01577467085756307
10000,endpoint,endpoint_label_desc,2320,0.09351778030395508,0.015391188978101461
10000,endpoint,endpoint_label_desc,2330,0.09320158958435058,0.01569226019518319
10000,endpoint,endpoint_label_desc,2340,0.0929644227027893,0.015587364861632801
10000,endpoint,endpoint_label_desc,2350,0.0932806372642517,0.0157037091490437
10000,endpoint,endpoint_label_desc,2360,0.09328062534332275,0.015480769341860786
10000,endpoint,endpoint_label_desc,2370,0.09304347038269042,0.01492479927416661
10000,endpoint,endpoint_label_desc,2380,0.09264822006225586,0.01486449764013106
10000,endpoint,endpoint_label_desc,2390,0.09225295782089234,0.015150785731330758
10000,endpoint,endpoint_label_desc,2400,0.09225296974182129,0.015010933279235104
10000,endpoint,endpoint_label_desc,2410,0.09201580286026001,0.015194029620484434
10000,endpoint,endpoint_label_desc,2420,0.09193676710128784,0.015302118618760668
10000,endpoint,endpoint_label_desc,2430,0.09146245718002319,0.01490911031541931
10000,endpoint,endpoint_label_desc,2440,0.09106719493865967,0.014751083333202679
10000,endpoint,endpoint_label_desc,2450,0.09154149293899536,0.014540409144131553
10000,endpoint,endpoint_label_desc,2460,0.091304349899292,0.014420103284235803
10000,endpoint,endpoint_label_desc,2470,0.09138339757919312,0.014577450016669007
10000,endpoint,endpoint_label_desc,2480,0.091304349899292,0.014099663349318376
10000,endpoint,endpoint_label_desc,2490,0.09130433797836304,0.013800083790822457
10000,endpoint,endpoint_label_desc,2500,0.09114624261856079,0.013710922637365135
10000,endpoint,endpoint_label_desc,2510,0.09130433797836304,0.01360338656497754
10000,endpoint,endpoint_label_desc,2520,0.09138340950012207,0.013997908704529986
10000,endpoint,endpoint_label_desc,2530,0.09098814725875855,0.014369662065322673
10000,endpoint,endpoint_label_desc,2540,0.09114624261856079,0.014084684315041592
10000,endpoint,endpoint_label_desc,2550,0.09106718301773072,0.01428842495420122
10000,endpoint,endpoint_label_desc,2560,0.09138339757919312,0.01421937323231733
10000,endpoint,endpoint_label_desc,2570,0.09122529029846191,0.013837968120863983
10000,endpoint,endpoint_label_desc,2580,0.09130433797836304,0.014135615398059388
10000,endpoint,endpoint_label_desc,2590,0.09098814725875855,0.014440144103012064
10000,endpoint,endpoint_label_desc,2600,0.09027668237686157,0.013990082899114735
10000,endpoint,endpoint_label_desc,2610,0.08972331285476684,0.013904402666889193
10000,endpoint,endpoint_label_desc,2620,0.08964426517486572,0.01376721714406764
10000,endpoint,endpoint_label_desc,2630,0.0897233247756958,0.013985636417766144
10000,endpoint,endpoint_label_desc,2640,0.0892490029335022,0.014139501481245476
10000,endpoint,endpoint_label_desc,2650,0.08861658573150635,0.014000693572451524
10000,endpoint,endpoint_label_desc,2660,0.08893280029296875,0.014060822944935929
10000,endpoint,endpoint_label_desc,2670,0.08901185989379883,0.013564303247651194
10000,endpoint,endpoint_label_desc,2680,0.08901187181472778,0.01421112748177073
10000,endpoint,endpoint_label_desc,2690,0.08885376453399658,0.014078592057394073
10000,endpoint,endpoint_label_desc,2700,0.08845850229263305,0.013761543533161218
10000,endpoint,endpoint_label_desc,2710,0.08845850229263305,0.013721734500128107
10000,endpoint,endpoint_label_desc,2720,0.08806324005126953,0.013413724728141438
10000,endpoint,endpoint_label_desc,2730,0.08798420429229736,0.013547587412790529
10000,endpoint,endpoint_label_desc,2740,0.08790513277053832,0.012785211495063111
10000,endpoint,endpoint_label_desc,2750,0.08822134733200074,0.01279985979714973
10000,endpoint,endpoint_label_desc,2760,0.08822133541107177,0.013113368757059107
10000,endpoint,endpoint_label_desc,2770,0.0881422996520996,0.01330438562805285
10000,endpoint,endpoint_label_desc,2780,0.0878260850906372,0.013311425121829578
10000,endpoint,endpoint_label_desc,2790,0.08798419237136841,0.013185265641222327
10000,endpoint,endpoint_label_desc,2800,0.08798419237136841,0.013373506313406234
10000,endpoint,endpoint_label_desc,2810,0.08790514469146729,0.013376406471316379
10000,endpoint,endpoint_label_desc,2820,0.08774703741073608,0.013746205142999233
10000,endpoint,endpoint_label_desc,2830,0.08822134733200074,0.01322606600925232
10000,endpoint,endpoint_label_desc,2840,0.08814228773117065,0.01338342894297266
10000,endpoint,endpoint_label_desc,2850,0.08822134733200074,0.013104423583746055
10000,endpoint,endpoint_label_desc,2860,0.08806324005126953,0.012830345574649736
10000,endpoint,endpoint_label_desc,2870,0.08798418045043946,0.013341320073721819
10000,endpoint,endpoint_label_desc,2880,0.08814228773117065,0.01294429516173061
10000,endpoint,endpoint_label_desc,2890,0.08822133541107177,0.01315500549201885
10000,endpoint,endpoint_label_desc,2900,0.08798420429229736,0.013152630312542957
10000,endpoint,endpoint_label_desc,2910,0.08822135925292969,0.013152034032380956
10000,endpoint,endpoint_label_desc,2920,0.0878260850906372,0.012775424366082871
10000,endpoint,endpoint_label_desc,2930,0.08790513277053832,0.01204918226043088
10000,endpoint,endpoint_label_desc,2940,0.08822134733200074,0.01207768426422664
10000,endpoint,endpoint_label_desc,2950,0.08853754997253419,0.01178504107718084
10000,endpoint,endpoint_label_desc,2960,0.08869565725326538,0.011512093120755669
10000,endpoint,endpoint_label_desc,2970,0.08830039501190186,0.011444048496067562
10000,endpoint,endpoint_label_desc,2980,0.08750988245010376,0.012010228972056428
10000,endpoint,endpoint_label_desc,2990,0.08750988245010376,0.012042690562815307
10000,endpoint,endpoint_label_desc,3000,0.08679840564727784,0.01235329777314904
10000,endpoint,endpoint_label_desc,3010,0.08703557252883912,0.011849151349556502
10000,endpoint,endpoint_label_desc,3020,0.08703557252883912,0.011773097124359208
10000,endpoint,endpoint_label_desc,3030,0.08695651292800903,0.011671801112410682
10000,endpoint,endpoint_label_desc,3040,0.08695652484893798,0.011311545694844704
10000,endpoint,endpoint_label_desc,3050,0.08656126260757446,0.011035398700572626
10000,endpoint,endpoint_label_desc,3060,0.08600790500640869,0.010463499957551664
10000,endpoint,endpoint_label_desc,3070,0.08632413148880005,0.010267559659297524
10000,endpoint,endpoint_label_desc,3080,0.08632410764694214,0.010256151685099886
10000,endpoint,endpoint_label_desc,3090,0.08584980964660645,0.010213400321227957
10000,endpoint,endpoint_label_desc,3100,0.08577075004577636,0.010723073537060712
10000,endpoint,endpoint_label_desc,3110,0.08553359508514405,0.010343362648142881
10000,endpoint,endpoint_label_desc,3120,0.0852173924446106,0.01024091238944344
10000,endpoint,endpoint_label_desc,3130,0.08561265468597412,0.010739799265231331
10000,endpoint,endpoint_label_desc,3140,0.08545454740524291,0.010559353950354658
10000,endpoint,endpoint_label_desc,3150,0.08545455932617188,0.010782624542900767
10000,endpoint,endpoint_label_desc,3160,0.08545453548431396,0.010432840161974643
10000,endpoint,endpoint_label_desc,3170,0.08561264276504517,0.010347150629103644
10000,endpoint,endpoint_label_desc,3180,0.08498024940490723,0.010543079452108224
10000,endpoint,endpoint_label_desc,3190,0.0847430944442749,0.010674133567927468
10000,endpoint,endpoint_label_desc,3200,0.0847430944442749,0.010489596165179627
10000,endpoint,endpoint_label_desc,3210,0.0844268798828125,0.010736144774301784
10000,endpoint,endpoint_label_desc,3220,0.08434784412384033,0.010403608057564146
10000,endpoint,endpoint_label_desc,3230,0.08403161764144898,0.01073252756340372
10000,endpoint,endpoint_label_desc,3240,0.08426878452301026,0.010607332626817437
10000,endpoint,endpoint_label_desc,3250,0.08450593948364257,0.010209590406622972
10000,endpoint,endpoint_label_desc,3260,0.08450592756271362,0.010086440032219847
10000,endpoint,endpoint_label_desc,3270,0.08450592756271362,0.01022104723753727
10000,endpoint,endpoint_label_desc,3280,0.08450592756271362,0.010266808555476216
10000,endpoint,endpoint_label_desc,3290,0.0845849871635437,0.01062427139044397
10000,endpoint,endpoint_label_desc,3300,0.08466403484344483,0.010644103307843057
10000,endpoint,endpoint_label_desc,3310,0.08482213020324707,0.010805064809179593
10000,endpoint,endpoint_label_desc,3320,0.08482213020324707,0.010801429128138064
10000,endpoint,endpoint_label_desc,3330,0.08442689180374145,0.010615421355783873
10000,endpoint,endpoint_label_desc,3340,0.08434782028198243,0.010470965015892505
10000,endpoint,endpoint_label_desc,3350,0.08418972492218017,0.010227158004789839
10000,endpoint,endpoint_label_desc,3360,0.08434784412384033,0.01014510451535826
10000,endpoint,endpoint_label_desc,3370,0.08442689180374145,0.010098802458181755
10000,endpoint,endpoint_label_desc,3380,0.08434783220291138,0.010001637614005385
10000,endpoint,endpoint_label_desc,3390,0.08403162956237793,0.009978185597565697
10000,endpoint,endpoint_label_desc,3400,0.08379446268081665,0.009794079181152519
10000,endpoint,endpoint_label_desc,3410,0.0836363673210144,0.009772527236798204
10000,endpoint,endpoint_label_desc,3420,0.08418972492218017,0.010169716076397713
10000,endpoint,endpoint_label_desc,3430,0.08403164148330688,0.010056162732823325
10000,endpoint,endpoint_label_desc,3440,0.08395258188247681,0.010563796076461398
10000,endpoint,endpoint_label_desc,3450,0.0836363673210144,0.010545304288506276
10000,endpoint,endpoint_label_desc,3460,0.08347827196121216,0.010933692581595279
10000,endpoint,endpoint_label_desc,3470,0.08339921236038209,0.010978611253641104
10000,endpoint,endpoint_label_desc,3480,0.0837944746017456,0.011273506085884333
10000,endpoint,endpoint_label_desc,3490,0.08355731964111328,0.01127558042679032
10000,endpoint,endpoint_label_desc,3500,0.0836363673210144,0.011247834994839532
10000,endpoint,endpoint_label_desc,3510,0.08363637924194336,0.010977214027270669
10000,endpoint,endpoint_label_desc,3520,0.08332016468048095,0.0111774584502999
10000,endpoint,endpoint_label_desc,3530,0.08308299779891967,0.011198416762595122
10000,endpoint,endpoint_label_desc,3540,0.08276680707931519,0.010757968129684178
10000,endpoint,endpoint_label_desc,3550,0.08237154483795166,0.01037728414957059
10000,endpoint,endpoint_label_desc,3560,0.08189723491668702,0.01013661806674606
10000,endpoint,endpoint_label_desc,3570,0.08118577003479004,0.010396089533934838
10000,endpoint,endpoint_label_desc,3580,0.08126482963562012,0.010459762896627232
10000,endpoint,endpoint_label_desc,3590,0.08094861507415771,0.010289592690538902
10000,endpoint,endpoint_label_desc,3600,0.08071144819259643,0.010633089133068551
10000,endpoint,endpoint_label_desc,3610,0.0807114601135254,0.010764508128394506
10000,endpoint,endpoint_label_desc,3620,0.08134386539459229,0.01078263776166847
10000,endpoint,endpoint_label_desc,3630,0.08102766275405884,0.01066097049967576
10000,endpoint,endpoint_label_desc,3640,0.0810276746749878,0.010935853676647978
10000,endpoint,endpoint_label_desc,3650,0.08118578195571899,0.010970099056377199
10000,endpoint,endpoint_label_desc,3660,0.08094861507415771,0.01003207348582905
10000,endpoint,endpoint_label_desc,3670,0.08071147203445435,0.009707570973300926
10000,endpoint,endpoint_label_desc,3680,0.0807114601135254,0.009458961102340976
10000,endpoint,endpoint_label_desc,3690,0.08063240051269531,0.009821974419770294
10000,endpoint,endpoint_label_desc,3700,0.08063241243362426,0.009833897940771408
10000,endpoint,endpoint_label_desc,3710,0.08039525747299195,0.009106381275978884
10000,endpoint,endpoint_label_desc,3720,0.08023715019226074,0.0094531669234234
10000,endpoint,endpoint_label_desc,3730,0.07999999523162842,0.009136334407730734
10000,endpoint,endpoint_label_desc,3740,0.08015810251235962,0.009528880491845781
10000,endpoint,endpoint_label_desc,3750,0.08023715019226074,0.00887790688068521
10000,endpoint,endpoint_label_desc,3760,0.08015810251235962,0.008984605066562986
10000,endpoint,endpoint_label_desc,3770,0.08000000715255737,0.008884943054127865
10000,endpoint,endpoint_label_desc,3780,0.0800790548324585,0.008562571105235386
10000,endpoint,endpoint_label_desc,3790,0.0802371621131897,0.00865965504674335
10000,endpoint,endpoint_label_desc,3800,0.07999999523162842,0.008989820505934316
10000,endpoint,endpoint_label_desc,3810,0.08015810251235962,0.009262873696528718
10000,endpoint,endpoint_label_desc,3820,0.08047430515289307,0.009015853101175659
10000,endpoint,endpoint_label_desc,3830,0.08055336475372314,0.008557110959871023
10000,endpoint,endpoint_label_desc,3840,0.07999999523162842,0.008279656978363296
10000,endpoint,endpoint_label_desc,3850,0.08000000715255737,0.008108053545859655
10000,endpoint,endpoint_label_desc,3860,0.07984191179275513,0.0074419799855114325
10000,endpoint,endpoint_label_desc,3870,0.07992095947265625,0.007380830797606965
10000,endpoint,endpoint_label_desc,3880,0.08007904291152954,0.007269936751821092
10000,endpoint,endpoint_label_desc,3890,0.08031619787216186,0.007301024366936401
10000,endpoint,endpoint_label_desc,3900,0.08000000715255737,0.00779870342508061
10000,endpoint,endpoint_label_desc,3910,0.07968379259109497,0.007497383014619024
10000,endpoint,endpoint_label_desc,3920,0.07944663763046264,0.007352208482004275
10000,endpoint,endpoint_label_desc,3930,0.0796047329902649,0.006923212049865932
10000,endpoint,endpoint_label_desc,3940,0.0792885422706604,0.007018456604317144
10000,endpoint,endpoint_label_desc,3950,0.0796047568321228,0.0068266291196608705
10000,endpoint,endpoint_label_desc,3960,0.07920948266983033,0.007112429303639605
10000,endpoint,endpoint_label_desc,3970,0.07920949459075928,0.007040680944427444
10000,endpoint,endpoint_label_desc,3980,0.07944664955139161,0.007905149459915268
10000,endpoint,endpoint_label_desc,3990,0.07936760187149047,0.007882391291313134
10000,endpoint,endpoint_label_desc,4000,0.07920948266983033,0.008354802430993073
10000,endpoint,endpoint_label_desc,4010,0.07913044691085816,0.00866145238856012
10000,endpoint,endpoint_label_desc,4020,0.07897233963012695,0.008733296724841404
10000,endpoint,endpoint_label_desc,4030,0.07873517274856567,0.00845609757978082
10000,endpoint,endpoint_label_desc,4040,0.0784980297088623,0.008876134922345024
10000,endpoint,endpoint_label_desc,4050,0.07826087474822999,0.008641580644482116
10000,endpoint,endpoint_label_desc,4060,0.07826086282730102,0.008431108109355953
10000,endpoint,endpoint_label_desc,4070,0.07778656482696533,0.008306979058301446
10000,endpoint,endpoint_label_desc,4080,0.07818182706832885,0.00865693146038681
10000,endpoint,endpoint_label_desc,4090,0.07841895818710327,0.009225678887774614
10000,endpoint,endpoint_label_desc,4100,0.0784980297088623,0.009372669690749043
10000,endpoint,endpoint_label_desc,4110,0.07849801778793335,0.009280527172676401
10000,endpoint,endpoint_label_desc,4120,0.07873518466949463,0.00959424706969968
10000,endpoint,endpoint_label_desc,4130,0.07826086282730102,0.0093367610263178
10000,endpoint,endpoint_label_desc,4140,0.07826086282730102,0.009303236939674563
10000,endpoint,endpoint_label_desc,4150,0.07826087474822999,0.009282239319547822
10000,endpoint,endpoint_label_desc,4160,0.07849801778793335,0.009529708916719858
10000,endpoint,endpoint_label_desc,4170,0.07841898202896118,0.009297348246721087
10000,endpoint,endpoint_label_desc,4180,0.07794467210769654,0.009019316564756734
10000,endpoint,endpoint_label_desc,4190,0.07770752906799316,0.008858520974113581
10000,endpoint,endpoint_label_desc,4200,0.0778656244277954,0.009120923893927407
10000,endpoint,endpoint_label_desc,4210,0.07802373170852661,0.00876098163252025
10000,endpoint,endpoint_label_desc,4220,0.07770751714706421,0.008928802850268282
10000,endpoint,endpoint_label_desc,4230,0.07739130258560181,0.008728805989796468
10000,endpoint,endpoint_label_desc,4240,0.07739131450653076,0.008321074311896078
10000,endpoint,endpoint_label_desc,4250,0.07723320722579956,0.00831261668354114
10000,endpoint,endpoint_label_desc,4260,0.07636364698410034,0.007444059626131691
10000,endpoint,endpoint_label_desc,4270,0.07620553970336914,0.007491127960295226
10000,endpoint,endpoint_label_desc,4280,0.07620552778244019,0.007817700227531203
10000,endpoint,endpoint_label_desc,4290,0.07565218210220337,0.007672459460411008
10000,endpoint,endpoint_label_desc,4300,0.07573121786117554,0.008312630429143993
10000,endpoint,endpoint_label_desc,4310,0.07596837282180786,0.008179068650656521
10000,endpoint,endpoint_label_desc,4320,0.07588932514190674,0.008295708785649853
10000,endpoint,endpoint_label_desc,4330,0.07620553970336914,0.008469948158429115
10000,endpoint,endpoint_label_desc,4340,0.07581028938293458,0.007975972281188034
10000,endpoint,endpoint_label_desc,4350,0.07604744434356689,0.008079122598017987
10000,endpoint,endpoint_label_desc,4360,0.07636363506317138,0.00808781813766742
10000,endpoint,endpoint_label_desc,4370,0.07612648010253906,0.007713099096380308
10000,endpoint,endpoint_label_desc,4380,0.07604742050170898,0.007450356410945235
10000,endpoint,endpoint_label_desc,4390,0.07573122978210449,0.007413570877188799
10000,endpoint,endpoint_label_desc,4400,0.07557313442230225,0.007961277448056556
10000,endpoint,endpoint_label_desc,4410,0.07565218210220337,0.008020902714003976
10000,endpoint,endpoint_label_desc,4420,0.07565218210220337,0.007922906042472254
10000,endpoint,endpoint_label_desc,4430,0.07533597946166992,0.00798183765117731
10000,endpoint,endpoint_label_desc,4440,0.07533596754074097,0.008083958218608713
10000,endpoint,endpoint_label_desc,4450,0.07486165761947632,0.008461628893756313
10000,endpoint,endpoint_label_desc,4460,0.07454545497894287,0.008599010779044777
10000,endpoint,endpoint_label_desc,4470,0.0744663953781128,0.008098444556097198
10000,endpoint,endpoint_label_desc,4480,0.07407113313674926,0.00839678479577815
10000,endpoint,endpoint_label_desc,4490,0.0739920973777771,0.008217167017892718
10000,endpoint,endpoint_label_desc,4500,0.0736758828163147,0.008270236547747858
10000,endpoint,endpoint_label_desc,4510,0.07367587089538574,0.007932777560166126
10000,endpoint,endpoint_label_desc,4520,0.07343873977661133,0.007946548622409632
10000,endpoint,endpoint_label_desc,4530,0.07264821529388428,0.008198129476499024
10000,endpoint,endpoint_label_desc,4540,0.07288538217544556,0.008260793111096558
10000,endpoint,endpoint_label_desc,4550,0.07296444177627563,0.0079965175345977
10000,endpoint,endpoint_label_desc,4560,0.07272727489471435,0.008272134165798953
10000,endpoint,endpoint_label_desc,4570,0.07264822721481323,0.008188601732543934
10000,endpoint,endpoint_label_desc,4580,0.07312253713607789,0.007890317055339158
10000,endpoint,endpoint_label_desc,4590,0.07233202457427979,0.007760559388240334
10000,endpoint,endpoint_label_desc,4600,0.0724110722541809,0.00773737472646505
10000,endpoint,endpoint_label_desc,4610,0.07241106033325195,0.007696886224155371
10000,endpoint,endpoint_label_desc,4620,0.07225296497344971,0.007787691460108136
10000,endpoint,endpoint_label_desc,4630,0.07241106033325195,0.007752505981926627
10000,endpoint,endpoint_label_desc,4640,0.07225295305252075,0.00763061893831948
10000,endpoint,endpoint_label_desc,4650,0.07162055969238282,0.007034034513107054
10000,endpoint,endpoint_label_desc,4660,0.07185771465301513,0.007290335113953037
10000,endpoint,endpoint_label_desc,4670,0.07154150009155273,0.006959226955833494
10000,endpoint,endpoint_label_desc,4680,0.07162055969238282,0.006950236954227168
10000,endpoint,endpoint_label_desc,4690,0.07185771465301513,0.006899475543691599
10000,endpoint,endpoint_label_desc,4700,0.0719367504119873,0.007207353704018004
10000,endpoint,endpoint_label_desc,4710,0.07217390537261963,0.007564807717942629
10000,endpoint,endpoint_label_desc,4720,0.07169960737228394,0.006872252738754818
10000,endpoint,endpoint_label_desc,4730,0.07177865505218506,0.006240805073357009
10000,endpoint,endpoint_label_desc,4740,0.07122528553009033,0.006825496784540244
10000,endpoint,endpoint_label_desc,4750,0.07162054777145385,0.006950239665953764
10000,endpoint,endpoint_label_desc,4760,0.07185770273208618,0.006796823122232175
10000,endpoint,endpoint_label_desc,4770,0.07185769081115723,0.006663345368130401
10000,endpoint,endpoint_label_desc,4780,0.07177865505218506,0.00676918385086331
10000,endpoint,endpoint_label_desc,4790,0.0720948576927185,0.006815180980411679
10000,endpoint,endpoint_label_desc,4800,0.07185771465301513,0.0066984215844572885
10000,endpoint,endpoint_label_desc,4810,0.07185771465301513,0.006715879855643583
10000,endpoint,endpoint_label_desc,4820,0.07193676233291627,0.006536703861328211
10000,endpoint,endpoint_label_desc,4830,0.07122528553009033,0.006289442356654689
10000,endpoint,endpoint_label_desc,4840,0.0713043451309204,0.006540285760525002
10000,endpoint,endpoint_label_desc,4850,0.0713043451309204,0.006377017407858906
10000,endpoint,endpoint_label_desc,4860,0.07090908288955688,0.006395365829343081
10000,endpoint,endpoint_label_desc,4870,0.07106720209121704,0.006363520919498596
10000,endpoint,endpoint_label_desc,4880,0.07075098752975464,0.00614241551172196
10000,endpoint,endpoint_label_desc,4890,0.07067193984985351,0.0064851058880443626
10000,endpoint,endpoint_label_desc,4900,0.07075097560882568,0.006560551037686089
10000,endpoint,endpoint_label_desc,4910,0.07106720209121704,0.006388009107898263
10000,endpoint,endpoint_label_desc,4920,0.07154150009155273,0.006230801845524421
10000,endpoint,endpoint_label_desc,4930,0.07146244049072266,0.006106715716081718
10000,endpoint,endpoint_label_desc,4940,0.07146244049072266,0.006220768141005119
10000,endpoint,endpoint_label_desc,4950,0.07122529745101928,0.006332759387008357
10000,endpoint,endpoint_label_desc,4960,0.07090909481048584,0.00613985011392479
10000,endpoint,endpoint_label_desc,4970,0.07059289216995239,0.005866621879069657
10000,endpoint,endpoint_label_desc,4980,0.07090909481048584,0.0060630333210404804
10000,endpoint,endpoint_label_desc,4990,0.07122529745101928,0.005668871011709236
10000,endpoint,endpoint_label_desc,5000,0.0713043451309204,0.005409403160903048
10000,endpoint,endpoint_label_desc,5010,0.07154150009155273,0.005265976067511279
10000,endpoint,endpoint_label_desc,5020,0.0713043451309204,0.004941500444554816
10000,endpoint,endpoint_label_desc,5030,0.07138339281082154,0.005365901263078184
10000,endpoint,endpoint_label_desc,5040,0.07122530937194824,0.0052466639949861425
10000,endpoint,endpoint_label_desc,5050,0.07122529745101928,0.005371716169364909
10000,endpoint,endpoint_label_desc,5060,0.07083004713058472,0.00585859802764313
10000,endpoint,endpoint_label_desc,5070,0.07067193984985351,0.005592573026840899
10000,endpoint,endpoint_label_desc,5080,0.07067193984985351,0.005599552797839527
10000,endpoint,endpoint_label_desc,5090,0.07083003520965576,0.005784804595676193
10000,endpoint,endpoint_label_desc,5100,0.07083004713058472,0.005465418070536694
10000,endpoint,endpoint_label_desc,5110,0.07051382064819336,0.005826519896019415
10000,endpoint,endpoint_label_desc,5120,0.07051384449005127,0.0058332199452887
10000,endpoint,endpoint_label_desc,5130,0.07027667760848999,0.00584527200641347
10000,endpoint,endpoint_label_desc,5140,0.06996047496795654,0.005554730500715918
10000,endpoint,endpoint_label_desc,5150,0.07003951072692871,0.005335232819860377
10000,endpoint,endpoint_label_desc,5160,0.07035573720932006,0.005815787124348816
10000,endpoint,endpoint_label_desc,5170,0.07027668952941894,0.005522308050173372
10000,endpoint,endpoint_label_desc,5180,0.07003952264785766,0.005436748657954793
10000,endpoint,endpoint_label_desc,5190,0.07011858224868775,0.005593969467152772
10000,endpoint,endpoint_label_desc,5200,0.07003952264785766,0.0052093105698548855
10000,endpoint,endpoint_label_desc,5210,0.07003952264785766,0.00529113651389842
10000,endpoint,endpoint_label_desc,5220,0.07011858224868775,0.005481123660870478
10000,endpoint,endpoint_label_desc,5230,0.06964426040649414,0.006100306982205289
10000,endpoint,endpoint_label_desc,5240,0.07003953456878662,0.00600347709775791
10000,endpoint,endpoint_label_desc,5250,0.06940711736679077,0.006290681295252429
10000,endpoint,endpoint_label_desc,5260,0.06964426040649414,0.006424600666505103
10000,endpoint,endpoint_label_desc,5270,0.06956521272659302,0.006091337389344239
10000,endpoint,endpoint_label_desc,5280,0.06980236768722534,0.0062657858559295185
10000,endpoint,endpoint_label_desc,5290,0.07011858224868775,0.006444032534288455
10000,endpoint,endpoint_label_desc,5300,0.0698023796081543,0.006158902077303102
10000,endpoint,endpoint_label_desc,5310,0.06972333192825317,0.006069476560102653
10000,endpoint,endpoint_label_desc,5320,0.0693280577659607,0.0061462264319936295
10000,endpoint,endpoint_label_desc,5330,0.06940711736679077,0.00603074590031385
10000,endpoint,endpoint_label_desc,5340,0.06924902200698853,0.005757746385678842
10000,endpoint,endpoint_label_desc,5350,0.06948615312576294,0.005791561853414792
10000,endpoint,endpoint_label_desc,5360,0.06948616504669189,0.0054725679831012985
10000,endpoint,endpoint_label_desc,5370,0.06909091472625732,0.00536443930535601
10000,endpoint,endpoint_label_desc,5380,0.06924901008605958,0.005254094113981226
10000,endpoint,endpoint_label_desc,5390,0.0696442723274231,0.004762808263191613
10000,endpoint,endpoint_label_desc,5400,0.06916996240615844,0.004718322163320241
10000,endpoint,endpoint_label_desc,5410,0.06893281936645508,0.004665045358814509
10000,endpoint,endpoint_label_desc,5420,0.0690118670463562,0.004853778752211968
10000,endpoint,endpoint_label_desc,5430,0.06924901008605958,0.004440285990808517
10000,endpoint,endpoint_label_desc,5440,0.06948616504669189,0.0044490685584231355
10000,endpoint,endpoint_label_desc,5450,0.06948616504669189,0.004396088536419484
10000,endpoint,endpoint_label_desc,5460,0.06916996240615844,0.0045325416726802415
10000,endpoint,endpoint_label_desc,5470,0.06972332000732422,0.005203290854306357
10000,endpoint,endpoint_label_desc,5480,0.06956522464752198,0.004904998090422875
10000,endpoint,endpoint_label_desc,5490,0.06932806968688965,0.005173183296808974
10000,endpoint,endpoint_label_desc,5500,0.06916996240615844,0.005130733893033398
10000,endpoint,endpoint_label_desc,5510,0.06845849752426147,0.005216786439058635
10000,endpoint,endpoint_label_desc,5520,0.06830040216445923,0.005276338213759505
10000,endpoint,endpoint_label_desc,5530,0.0679051399230957,0.005764516970422529
10000,endpoint,endpoint_label_desc,5540,0.06806324720382691,0.005818483055005849
10000,endpoint,endpoint_label_desc,5550,0.06845850944519043,0.006035906483949048
10000,endpoint,endpoint_label_desc,5560,0.06853755712509155,0.005906402932637927
10000,endpoint,endpoint_label_desc,5570,0.0686956524848938,0.006106698355411185
10000,endpoint,endpoint_label_desc,5580,0.06877471208572387,0.006020367829984084
10000,endpoint,endpoint_label_desc,5590,0.06909091472625732,0.006369643378213763
10000,endpoint,endpoint_label_desc,5600,0.06909090280532837,0.005990453119962534
10000,endpoint,endpoint_label_desc,5610,0.06924901008605958,0.006264541053542685
10000,endpoint,endpoint_label_desc,5620,0.06916996240615844,0.0064524917852500936
10000,endpoint,endpoint_label_desc,5630,0.06877472400665283,0.006342607571938775
10000,endpoint,endpoint_label_desc,5640,0.06853756904602051,0.006327811489740842
10000,endpoint,endpoint_label_desc,5650,0.06830039024353027,0.0065091565812911215
10000,endpoint,endpoint_label_desc,5660,0.06798418760299682,0.006868820629629198
10000,endpoint,endpoint_label_desc,5670,0.0679051399230957,0.00677377909886767
10000,endpoint,endpoint_label_desc,5680,0.06766798496246337,0.007187794098733599
10000,endpoint,endpoint_label_desc,5690,0.06750988960266113,0.007000616506894966
10000,endpoint,endpoint_label_desc,5700,0.06750987768173218,0.00699502713563874
10000,endpoint,endpoint_label_desc,5710,0.06735177040100097,0.0071834540252412185
10000,endpoint,endpoint_label_desc,5720,0.06743083000183106,0.0072376266065658475
10000,endpoint,endpoint_label_desc,5730,0.06687747240066529,0.0070617208756198115
10000,endpoint,endpoint_label_desc,5740,0.0667984127998352,0.006660997757258594
10000,endpoint,endpoint_label_desc,5750,0.06687747240066529,0.006645722680956174
10000,endpoint,endpoint_label_desc,5760,0.06695653200149536,0.00632781968061833
10000,endpoint,endpoint_label_desc,5770,0.06719367504119873,0.006148767329771568
10000,endpoint,endpoint_label_desc,5780,0.06687747240066529,0.00614494705863023
10000,endpoint,endpoint_label_desc,5790,0.06671937704086303,0.006208169858495279
10000,endpoint,endpoint_label_desc,5800,0.06687747240066529,0.0058652805127280775
10000,endpoint,endpoint_label_desc,5810,0.0667984127998352,0.005961684331730837
10000,endpoint,endpoint_label_desc,5820,0.06671936511993408,0.005716891649476034
10000,endpoint,endpoint_label_desc,5830,0.06671936511993408,0.005465407509633447
10000,endpoint,endpoint_label_desc,5840,0.06664032936096191,0.005697733986984989
10000,endpoint,endpoint_label_desc,5850,0.06671936511993408,0.005938051326702213
10000,endpoint,endpoint_label_desc,5860,0.06679843664169312,0.006174103532294864
10000,endpoint,endpoint_label_desc,5870,0.06664032936096191,0.006474248651218959
10000,endpoint,endpoint_label_desc,5880,0.06687748432159424,0.0064428071784509095
10000,endpoint,endpoint_label_desc,5890,0.06656126976013184,0.006152554212586454
10000,endpoint,endpoint_label_desc,5900,0.06664031744003296,0.005690849382020858
10000,endpoint,endpoint_label_desc,5910,0.06671937704086303,0.005885205983159878
10000,endpoint,endpoint_label_desc,5920,0.06648221015930175,0.005924899438015533
10000,endpoint,endpoint_label_desc,5930,0.06640316247940063,0.005909066093212461
10000,endpoint,endpoint_label_desc,5940,0.06727272272109985,0.005578575250323578
10000,endpoint,endpoint_label_desc,5950,0.06711463928222657,0.004754591387644064
10000,endpoint,endpoint_label_desc,5960,0.06664031744003296,0.00424417430787141
10000,endpoint,endpoint_label_desc,5970,0.06679842472076417,0.0042109156067246245
10000,endpoint,endpoint_label_desc,5980,0.0669565200805664,0.004122798029623985
10000,endpoint,endpoint_label_desc,5990,0.06656125783920289,0.003968329157890413
10000,endpoint,endpoint_label_desc,6000,0.06687747240066529,0.0035835498133397026
10000,endpoint,endpoint_label_desc,6010,0.06632410287857056,0.003311662832116551
10000,endpoint,endpoint_label_desc,6020,0.06671937704086303,0.003404719181326933
10000,endpoint,endpoint_label_desc,6030,0.0667984127998352,0.00344575890100251
10000,endpoint,endpoint_label_desc,6040,0.06640315055847168,0.003568256103372807
10000,endpoint,endpoint_label_desc,6050,0.06624505519866944,0.00351977018509462
10000,endpoint,endpoint_label_desc,6060,0.06608695983886718,0.003264133289739194
10000,endpoint,endpoint_label_desc,6070,0.06577075719833374,0.0032304728063845232
10000,endpoint,endpoint_label_desc,6080,0.06569170951843262,0.0033701142573382657
10000,endpoint,endpoint_label_desc,6090,0.06545455455780029,0.0036930440161818774
10000,endpoint,endpoint_label_desc,6100,0.06561264991760254,0.0032713202482690493
10000,endpoint,endpoint_label_desc,6110,0.06569168567657471,0.0030794454921516464
10000,endpoint,endpoint_label_desc,6120,0.06561264991760254,0.003457079177156129
10000,endpoint,endpoint_label_desc,6130,0.06521738767623901,0.0033304794257784606
10000,endpoint,endpoint_label_desc,6140,0.0652964472770691,0.0031792733777145374
10000,endpoint,endpoint_label_desc,6150,0.06474307775497437,0.0033468675924135274
10000,endpoint,endpoint_label_desc,6160,0.06474308967590332,0.004082814067232224
10000,endpoint,endpoint_label_desc,6170,0.06466403007507324,0.003898815186340178
10000,endpoint,endpoint_label_desc,6180,0.06513833999633789,0.003946630347245172
10000,endpoint,endpoint_label_desc,6190,0.06498024463653565,0.004103811813946723
10000,endpoint,endpoint_label_desc,6200,0.06505929231643677,0.004262529009683036
10000,endpoint,endpoint_label_desc,6210,0.06498024463653565,0.004546280284526202
10000,endpoint,endpoint_label_desc,6220,0.06498024463653565,0.004805239368613611
10000,endpoint,endpoint_label_desc,6230,0.06490118503570556,0.004527362488126688
10000,endpoint,endpoint_label_desc,6240,0.06490118503570556,0.005087896537407043
10000,endpoint,endpoint_label_desc,6250,0.06553359031677246,0.005342529180288834
10000,endpoint,endpoint_label_desc,6260,0.0652964472770691,0.005268932308668426
10000,endpoint,endpoint_label_desc,6270,0.06498023271560668,0.004972992376443357
10000,endpoint,endpoint_label_desc,6280,0.0647430658340454,0.004987120420805679
10000,endpoint,endpoint_label_desc,6290,0.06474307775497437,0.005422344508602931
10000,endpoint,endpoint_label_desc,6300,0.06498024463653565,0.005344005508167565
10000,endpoint,endpoint_label_desc,6310,0.06490119695663452,0.005550493319473476
10000,endpoint,endpoint_label_desc,6320,0.06474308967590332,0.00598390254791131
10000,endpoint,endpoint_label_desc,6330,0.06505928039550782,0.005826511202519013
10000,endpoint,endpoint_label_desc,6340,0.06474308967590332,0.005983915343426369
10000,endpoint,endpoint_label_desc,6350,0.06482212543487549,0.005994344537338303
10000,endpoint,endpoint_label_desc,6360,0.06458499431610107,0.006540247037251634
10000,endpoint,endpoint_label_desc,6370,0.06434782743453979,0.00626450156606836
10000,endpoint,endpoint_label_desc,6380,0.06450592279434204,0.006081023597203328
10000,endpoint,endpoint_label_desc,6390,0.06434782743453979,0.005878557369922493
10000,endpoint,endpoint_label_desc,6400,0.06490118503570556,0.0062894178214186885
10000,endpoint,endpoint_label_desc,6410,0.06434782743453979,0.0063450445806695985
10000,endpoint,endpoint_label_desc,6420,0.06482213735580444,0.006373290150853088
10000,endpoint,endpoint_label_desc,6430,0.06537549495697022,0.006234528508778058
10000,endpoint,endpoint_label_desc,6440,0.06498023271560668,0.006107962790408209
10000,endpoint,endpoint_label_desc,6450,0.064505934715271,0.006100263341866054
10000,endpoint,endpoint_label_desc,6460,0.06458498239517212,0.005991741299846036
10000,endpoint,endpoint_label_desc,6470,0.06482212543487549,0.005672978041125953
10000,endpoint,endpoint_label_desc,6480,0.064505934715271,0.00547253849414428
10000,endpoint,endpoint_label_desc,6490,0.06513835191726684,0.005443922159620406
10000,endpoint,endpoint_label_desc,6500,0.06498024463653565,0.004925653985494868
10000,endpoint,endpoint_label_desc,6510,0.06498022079467773,0.005438175797526977
10000,endpoint,endpoint_label_desc,6520,0.06458498239517212,0.005952504670279859
10000,endpoint,endpoint_label_desc,6530,0.06482213735580444,0.0053760611702953045
10000,endpoint,endpoint_label_desc,6540,0.0647430658340454,0.0049949380486801805
10000,endpoint,endpoint_label_desc,6550,0.06482213735580444,0.00556875288883654
10000,endpoint,endpoint_label_desc,6560,0.06426877975463867,0.005731873711007979
10000,endpoint,endpoint_label_desc,6570,0.06411066055297851,0.005951183849079035
10000,endpoint,endpoint_label_desc,6580,0.064505934715271,0.005737342345256102
10000,endpoint,endpoint_label_desc,6590,0.06434783935546876,0.005871908450636208
10000,endpoint,endpoint_label_desc,6600,0.06458497047424316,0.00615888180363685
10000,endpoint,endpoint_label_desc,6610,0.06450592279434204,0.0065450343399059896
10000,endpoint,endpoint_label_desc,6620,0.06426876783370972,0.006321623920814792
10000,endpoint,endpoint_label_desc,6630,0.06458498239517212,0.006114338262176498
10000,endpoint,endpoint_label_desc,6640,0.064505934715271,0.006295628998122684
10000,endpoint,endpoint_label_desc,6650,0.06418973207473755,0.006127093912372937
10000,endpoint,endpoint_label_desc,6660,0.06418973207473755,0.006127093912372937
10000,endpoint,endpoint_label_desc,6670,0.06411067247390748,0.005918267352491294
10000,endpoint,endpoint_label_desc,6680,0.0638735294342041,0.00566333189252912
10000,endpoint,endpoint_label_desc,6690,0.06426879167556762,0.0062407803469350515
10000,endpoint,endpoint_label_desc,6700,0.06426877975463867,0.006177890138540996
10000,endpoint,endpoint_label_desc,6710,0.0641897201538086,0.00594593210191016
10000,endpoint,endpoint_label_desc,6720,0.06403161287307739,0.005610671718624123
10000,endpoint,endpoint_label_desc,6730,0.0641897201538086,0.005683996643087347
10000,endpoint,endpoint_label_desc,6740,0.06387351751327515,0.005853245902580182
10000,endpoint,endpoint_label_desc,6750,0.06379448175430298,0.0057861452779088985
10000,endpoint,endpoint_label_desc,6760,0.06347826719284058,0.005120050389588849
10000,endpoint,endpoint_label_desc,6770,0.06347825527191162,0.005035437578586135
10000,endpoint,endpoint_label_desc,6780,0.0637154221534729,0.005458257712987672
10000,endpoint,endpoint_label_desc,6790,0.06324111223220825,0.005426656787268364
10000,endpoint,endpoint_label_desc,6800,0.06332015991210938,0.005750944070061691
10000,endpoint,endpoint_label_desc,6810,0.06292490959167481,0.005771261242546822
10000,endpoint,endpoint_label_desc,6820,0.0627668023109436,0.005696333206139968
10000,endpoint,endpoint_label_desc,6830,0.063083016872406,0.005998254835973942
10000,endpoint,endpoint_label_desc,6840,0.06308300495147705,0.005430990584797521
10000,endpoint,endpoint_label_desc,6850,0.06332015991210938,0.0053131967144664565
10000,endpoint,endpoint_label_desc,6860,0.06300395727157593,0.005509509787870557
10000,endpoint,endpoint_label_desc,6870,0.06300396919250488,0.005351282863183143
10000,endpoint,endpoint_label_desc,6880,0.06316206455230713,0.005465378844124252
10000,endpoint,endpoint_label_desc,6890,0.06292488574981689,0.0057780286305161
10000,endpoint,endpoint_label_desc,6900,0.06300395727157593,0.0054237934644772706
10000,endpoint,endpoint_label_desc,6910,0.0627668023109436,0.005276316558229356
10000,endpoint,endpoint_label_desc,6920,0.06252965927124024,0.005750932189964511
10000,endpoint,endpoint_label_desc,6930,0.06300395727157593,0.005530759522911338
10000,endpoint,endpoint_label_desc,6940,0.06332015991210938,0.005141365641141426
10000,endpoint,endpoint_label_desc,6950,0.06324111223220825,0.005206283820987857
10000,endpoint,endpoint_label_desc,6960,0.06308300495147705,0.005438176663954675
10000,endpoint,endpoint_label_desc,6970,0.06300395727157593,0.005488216410578913
10000,endpoint,endpoint_label_desc,6980,0.0633992075920105,0.005233220024202095
10000,endpoint,endpoint_label_desc,6990,0.06308300495147705,0.00523321867374548
10000,endpoint,endpoint_label_desc,7000,0.06292490959167481,0.004819839850945323
10000,endpoint,endpoint_label_desc,7010,0.062450599670410153,0.004311735887084714
10000,endpoint,endpoint_label_desc,7020,0.06284584999084472,0.004302649735998894
10000,endpoint,endpoint_label_desc,7030,0.06332015991210938,0.004629742716242609
10000,endpoint,endpoint_label_desc,7040,0.0632411003112793,0.004751304724416211
10000,endpoint,endpoint_label_desc,7050,0.06332015991210938,0.004587369679832626
10000,endpoint,endpoint_label_desc,7060,0.06371541023254394,0.004987113807228636
10000,endpoint,endpoint_label_desc,7070,0.06347825527191162,0.005066368890022865
10000,endpoint,endpoint_label_desc,7080,0.06339921951293945,0.004589066620164925
10000,endpoint,endpoint_label_desc,7090,0.06292489767074586,0.004561730598533807
10000,endpoint,endpoint_label_desc,7100,0.06284586191177369,0.004532524779875883
10000,endpoint,endpoint_label_desc,7110,0.06284586191177369,0.00496828421654637
10000,endpoint,endpoint_label_desc,7120,0.06300395727157593,0.005233208094381555
10000,endpoint,endpoint_label_desc,7130,0.06292490959167481,0.005194271899076137
10000,endpoint,endpoint_label_desc,7140,0.063083016872406,0.005516608319984291
10000,endpoint,endpoint_label_desc,7150,0.06268775463104248,0.005438180562893942
10000,endpoint,endpoint_label_desc,7160,0.062450599670410153,0.005448221035065677
10000,endpoint,endpoint_label_desc,7170,0.062134397029876706,0.0054367443246770486
10000,endpoint,endpoint_label_desc,7180,0.061739134788513186,0.005557539292520046
10000,endpoint,endpoint_label_desc,7190,0.06134387254714966,0.006042371046558243
10000,endpoint,endpoint_label_desc,7200,0.06110672950744629,0.006069457540411068
10000,endpoint,endpoint_label_desc,7210,0.06142293214797974,0.005846562758381415
10000,endpoint,endpoint_label_desc,7220,0.06150196790695191,0.006075896293289163
10000,endpoint,endpoint_label_desc,7230,0.06158103942871094,0.006622152161820516
10000,endpoint,endpoint_label_desc,7240,0.06134387254714966,0.0063879877173920845
10000,endpoint,endpoint_label_desc,7250,0.06134388446807861,0.006473026103677754
10000,endpoint,endpoint_label_desc,7260,0.060948622226715085,0.00628942718599477
10000,endpoint,endpoint_label_desc,7270,0.060711467266082765,0.006234525107829369
10000,endpoint,endpoint_label_desc,7280,0.06086956262588501,0.006142395375290206
10000,endpoint,endpoint_label_desc,7290,0.06063239574432373,0.005985226579613985
10000,endpoint,endpoint_label_desc,7300,0.060948622226715085,0.006055292695514554
10000,endpoint,endpoint_label_desc,7310,0.06094861030578613,0.006276987914236606
10000,endpoint,endpoint_label_desc,7320,0.060948622226715085,0.006628064157289749
10000,endpoint,endpoint_label_desc,7330,0.06110671758651733,0.006956968353411075
10000,endpoint,endpoint_label_desc,7340,0.06094861030578613,0.006698400129912771
10000,endpoint,endpoint_label_desc,7350,0.06102765798568725,0.0063769808333155745
10000,endpoint,endpoint_label_desc,7360,0.06134388446807861,0.00666918110673138
10000,endpoint,endpoint_label_desc,7370,0.0613438606262207,0.007149660096053983
10000,endpoint,endpoint_label_desc,7380,0.06150196790695191,0.006593797195129238
10000,endpoint,endpoint_label_desc,7390,0.06166007518768311,0.0065366957519968965
10000,endpoint,endpoint_label_desc,7400,0.06158102750778198,0.0071660358850064035
10000,endpoint,endpoint_label_desc,7410,0.06166008710861206,0.007309567318620815
10000,endpoint,endpoint_label_desc,7420,0.06166007518768311,0.007304225012146776
10000,endpoint,endpoint_label_desc,7430,0.06110672950744629,0.007996478645002386
10000,endpoint,endpoint_label_desc,7440,0.060948622226715085,0.007862511888580379
10000,endpoint,endpoint_label_desc,7450,0.06086956262588501,0.0081051674234043
10000,endpoint,endpoint_label_desc,7460,0.061185789108276364,0.007990625496121206
10000,endpoint,endpoint_label_desc,7470,0.06118577718734741,0.008344498105130623
10000,endpoint,endpoint_label_desc,7480,0.060790526866912845,0.0078026768308905635
10000,endpoint,endpoint_label_desc,7490,0.060869574546813965,0.007679582404198551
10000,endpoint,endpoint_label_desc,7500,0.06039526462554932,0.007423031343380411
10000,endpoint,endpoint_label_desc,7510,0.060474300384521486,0.0075874746051606936
10000,endpoint,endpoint_label_desc,7520,0.06063241958618164,0.007833664716107034
10000,endpoint,endpoint_label_desc,7530,0.06023715734481812,0.007957341640192139
10000,endpoint,endpoint_label_desc,7540,0.06031620502471924,0.008184771496743841
10000,endpoint,endpoint_label_desc,7550,0.06047431230545044,0.008463468985314481
10000,endpoint,endpoint_label_desc,7560,0.060553348064422606,0.00869743770164843
10000,endpoint,endpoint_label_desc,7570,0.06039525270462036,0.008905996661868063
10000,endpoint,endpoint_label_desc,7580,0.06079050302505493,0.009610489278126473
10000,endpoint,endpoint_label_desc,7590,0.06047431230545044,0.009869549849496862
10000,endpoint,endpoint_label_desc,7600,0.06015809774398804,0.009679348105933296
10000,endpoint,endpoint_label_desc,7610,0.06000000238418579,0.00994993786975341
10000,endpoint,endpoint_label_desc,7620,0.05999999046325684,0.009683364456700757
10000,endpoint,endpoint_label_desc,7630,0.06000000238418579,0.009500153942298504
10000,endpoint,endpoint_label_desc,7640,0.05976283550262451,0.009376004740566183
10000,endpoint,endpoint_label_desc,7650,0.05976283550262451,0.008949731169766707
10000,endpoint,endpoint_label_desc,7660,0.059604752063751223,0.00921209790189749
10000,endpoint,endpoint_label_desc,7670,0.059604740142822264,0.009229041527753811
10000,endpoint,endpoint_label_desc,7680,0.059367597103118896,0.009367661117388765
10000,endpoint,endpoint_label_desc,7690,0.05913043022155762,0.00927211961149308
10000,endpoint,endpoint_label_desc,7700,0.05913043022155762,0.009225662672077029
10000,endpoint,endpoint_label_desc,7710,0.05913044214248657,0.008963706918619087
10000,endpoint,endpoint_label_desc,7720,0.05913045406341553,0.00877878189505966
10000,endpoint,endpoint_label_desc,7730,0.059288549423217776,0.008882273562459181
10000,endpoint,endpoint_label_desc,7740,0.059367585182189944,0.008250357523541165
10000,endpoint,endpoint_label_desc,7750,0.059367585182189944,0.008344495423021282
10000,endpoint,endpoint_label_desc,7760,0.059288549423217776,0.007669391141289184
10000,endpoint,endpoint_label_desc,7770,0.05905137062072754,0.007302067959726963
10000,endpoint,endpoint_label_desc,7780,0.05881423950195312,0.007370220370812958
10000,endpoint,endpoint_label_desc,7790,0.05913043022155762,0.007183441234636877
10000,endpoint,endpoint_label_desc,7800,0.05913044214248657,0.007194323696196774
10000,endpoint,endpoint_label_desc,7810,0.0592094898223877,0.007752448546327306
10000,endpoint,endpoint_label_desc,7820,0.05913043022155762,0.008345421798942227
10000,endpoint,endpoint_label_desc,7830,0.05873516798019409,0.00845239218516665
10000,endpoint,endpoint_label_desc,7840,0.058181822299957275,0.008273994759974734
10000,endpoint,endpoint_label_desc,7850,0.05786561965942383,0.008480066988758968
10000,endpoint,endpoint_label_desc,7860,0.058102762699127196,0.007983787292287655
10000,endpoint,endpoint_label_desc,7870,0.058339905738830564,0.007616252379824259
10000,endpoint,endpoint_label_desc,7880,0.0584189772605896,0.0072634619917924395
10000,endpoint,endpoint_label_desc,7890,0.05849802494049072,0.007431430395154397
10000,endpoint,endpoint_label_desc,7900,0.05865614414215088,0.007481732030999312
10000,endpoint,endpoint_label_desc,7910,0.05865613222122192,0.007291371674217302
10000,endpoint,endpoint_label_desc,7920,0.05913043022155762,0.0069961443232576526
10000,endpoint,endpoint_label_desc,7930,0.05897233486175537,0.007056193595872575
10000,endpoint,endpoint_label_desc,7940,0.058498036861419675,0.007357499136797674
10000,endpoint,endpoint_label_desc,7950,0.058023715019226076,0.007610099363882464
10000,endpoint,endpoint_label_desc,7960,0.05833991765975952,0.00839209644492584
10000,endpoint,endpoint_label_desc,7970,0.05802372694015503,0.008193352756282949
10000,endpoint,endpoint_label_desc,7980,0.058102774620056155,0.007750435088176532
10000,endpoint,endpoint_label_desc,7990,0.058102762699127196,0.007850581210915463
10000,endpoint,endpoint_label_desc,8000,0.05794467926025391,0.008035473409362415
10000,endpoint,endpoint_label_desc,8010,0.05833991765975952,0.00819431088188857
10000,endpoint,endpoint_label_desc,8020,0.05849802494049072,0.008833784655308183
10000,endpoint,endpoint_label_desc,8030,0.058023715019226076,0.008278693078538684
10000,endpoint,endpoint_label_desc,8040,0.05833991765975952,0.008576233798924145
10000,endpoint,endpoint_label_desc,8050,0.05857706069946289,0.008611680280338737
10000,endpoint,endpoint_label_desc,8060,0.05857707262039184,0.008419042863063556
10000,endpoint,endpoint_label_desc,8070,0.05865612030029297,0.008199067792230064
10000,endpoint,endpoint_label_desc,8080,0.05857707262039184,0.008082954513782069
10000,endpoint,endpoint_label_desc,8090,0.05905137062072754,0.007903149715505453
10000,endpoint,endpoint_label_desc,8100,0.05889327526092529,0.00785556546261846
10000,endpoint,endpoint_label_desc,8110,0.05897232294082642,0.00837719116946779
10000,endpoint,endpoint_label_desc,8120,0.05881422758102417,0.008746685604390245
10000,endpoint,endpoint_label_desc,8130,0.05889328718185425,0.008463455763061572
10000,endpoint,endpoint_label_desc,8140,0.05889327526092529,0.008389307619432988
10000,endpoint,endpoint_label_desc,8150,0.05881423950195312,0.008169478880564995
10000,endpoint,endpoint_label_desc,8160,0.0585770845413208,0.008202880869569868
10000,endpoint,endpoint_label_desc,8170,0.05865613222122192,0.008127307013282837
10000,endpoint,endpoint_label_desc,8180,0.05833991765975952,0.008179994896370136
10000,endpoint,endpoint_label_desc,8190,0.05849801301956177,0.008286254005508042
10000,endpoint,endpoint_label_desc,8200,0.05818181037902832,0.007990643186141502
10000,endpoint,endpoint_label_desc,8210,0.05833991765975952,0.008256037379820206
10000,endpoint,endpoint_label_desc,8220,0.058023715019226076,0.008053930920487529
10000,endpoint,endpoint_label_desc,8230,0.057786548137664796,0.007882368277309988
10000,endpoint,endpoint_label_desc,8240,0.05770752429962158,0.008351985638331736
10000,endpoint,endpoint_label_desc,8250,0.0574703574180603,0.008406055421124633
10000,endpoint,endpoint_label_desc,8260,0.0571541428565979,0.008778772502326905
10000,endpoint,endpoint_label_desc,8270,0.05683795213699341,0.00846530672882772
10000,endpoint,endpoint_label_desc,8280,0.05675889253616333,0.008083936215503717
10000,endpoint,endpoint_label_desc,8290,0.0571541428565979,0.008011146256725915
10000,endpoint,endpoint_label_desc,8300,0.05731223821640015,0.008066517025344866
10000,endpoint,endpoint_label_desc,8310,0.05754939317703247,0.008293794973093216
10000,endpoint,endpoint_label_desc,8320,0.05770750045776367,0.007790656033744311
10000,endpoint,endpoint_label_desc,8330,0.05778656005859375,0.007921900668021937
10000,endpoint,endpoint_label_desc,8340,0.05754941701889038,0.008189532941185379
10000,endpoint,endpoint_label_desc,8350,0.05739129781723022,0.007822680733981123
10000,endpoint,endpoint_label_desc,8360,0.057075107097625734,0.007913023847504242
10000,endpoint,endpoint_label_desc,8370,0.056837940216064455,0.008269264427350088
10000,endpoint,endpoint_label_desc,8380,0.056758880615234375,0.008035488215400002
10000,endpoint,endpoint_label_desc,8390,0.05675889253616333,0.008136907832259305
10000,endpoint,endpoint_label_desc,8400,0.056837940216064455,0.008102276347511837
10000,endpoint,endpoint_label_desc,8410,0.05707508325576782,0.008241837331708734
10000,endpoint,endpoint_label_desc,8420,0.057075107097625734,0.008461624438938796
10000,endpoint,endpoint_label_desc,8430,0.05723317861557007,0.00840047713812061
10000,endpoint,endpoint_label_desc,8440,0.057312262058258054,0.008541562270008731
10000,endpoint,endpoint_label_desc,8450,0.0573122501373291,0.008908627046086479
10000,endpoint,endpoint_label_desc,8460,0.05731223821640015,0.00899154595510356
10000,endpoint,endpoint_label_desc,8470,0.0569960355758667,0.00864788782608906
10000,endpoint,endpoint_label_desc,8480,0.05723320245742798,0.008835555507873414
10000,endpoint,endpoint_label_desc,8490,0.056996047496795654,0.008817837791527264
10000,endpoint,endpoint_label_desc,8500,0.05683795213699341,0.008611688897862036
10000,endpoint,endpoint_label_desc,8510,0.05675889253616333,0.008626186670516204
10000,endpoint,endpoint_label_desc,8520,0.056996047496795654,0.00890160972576316
10000,endpoint,endpoint_label_desc,8530,0.05723320245742798,0.008733298613150335
10000,endpoint,endpoint_label_desc,8540,0.05739129781723022,0.009114060855148851
10000,endpoint,endpoint_label_desc,8550,0.05778656005859375,0.008746702708093926
10000,endpoint,endpoint_label_desc,8560,0.0576284646987915,0.008593535954073155
10000,endpoint,endpoint_label_desc,8570,0.05739129781723022,0.008733286473898138
10000,endpoint,endpoint_label_desc,8580,0.05739130973815918,0.008839981620366272
10000,endpoint,endpoint_label_desc,8590,0.05747034549713135,0.008598989408970248
10000,endpoint,endpoint_label_desc,8600,0.0576284646987915,0.008593536639415126
10000,endpoint,endpoint_label_desc,8610,0.05754940509796143,0.008410684450894188
10000,endpoint,endpoint_label_desc,8620,0.056916999816894534,0.007900183071393046
10000,endpoint,endpoint_label_desc,8630,0.057312262058258054,0.00816279123031285
10000,endpoint,endpoint_label_desc,8640,0.0573122501373291,0.008309808413596007
10000,endpoint,endpoint_label_desc,8650,0.05739130973815918,0.0075895330032923515
10000,endpoint,endpoint_label_desc,8660,0.05739130973815918,0.008097451375203785
10000,endpoint,endpoint_label_desc,8670,0.05747034549713135,0.008103244224486713
10000,endpoint,endpoint_label_desc,8680,0.05770750045776367,0.008229505479052483
10000,endpoint,endpoint_label_desc,8690,0.05778657197952271,0.008335120008671926
10000,endpoint,endpoint_label_desc,8700,0.05770751237869263,0.008536986820753979
10000,endpoint,endpoint_label_desc,8710,0.05754940509796143,0.00890689479148419
10000,endpoint,endpoint_label_desc,8720,0.05754939317703247,0.008307912027834496
10000,endpoint,endpoint_label_desc,8730,0.05747036933898926,0.008270225010664354
10000,endpoint,endpoint_label_desc,8740,0.0576284646987915,0.008395820453136681
10000,endpoint,endpoint_label_desc,8750,0.05739129781723022,0.007990619304588178
10000,endpoint,endpoint_label_desc,8760,0.05778656005859375,0.007897230377976962
10000,endpoint,endpoint_label_desc,8770,0.05770751237869263,0.007725217246474625
10000,endpoint,endpoint_label_desc,8780,0.05770751237869263,0.007207329188152323
10000,endpoint,endpoint_label_desc,8790,0.05723320245742798,0.006663332816620645
10000,endpoint,endpoint_label_desc,8800,0.05683795213699341,0.006704213437219268
10000,endpoint,endpoint_label_desc,8810,0.056916999816894534,0.006964807679649377
10000,endpoint,endpoint_label_desc,8820,0.0574703574180603,0.006769171495627265
10000,endpoint,endpoint_label_desc,8830,0.05754940509796143,0.006826615315378824
10000,endpoint,endpoint_label_desc,8840,0.058102774620056155,0.006794497185002374
10000,endpoint,endpoint_label_desc,8850,0.0576284646987915,0.00644884870182269
10000,endpoint,endpoint_label_desc,8860,0.05770751237869263,0.006649238412101954
10000,endpoint,endpoint_label_desc,8870,0.05754940509796143,0.006209420080755014
10000,endpoint,endpoint_label_desc,8880,0.05747034549713135,0.005893153030055884
10000,endpoint,endpoint_label_desc,8890,0.05739130973815918,0.006201848679652048
10000,endpoint,endpoint_label_desc,8900,0.05723320245742798,0.006189252425317748
10000,endpoint,endpoint_label_desc,8910,0.0571541428565979,0.005965617025491922
10000,endpoint,endpoint_label_desc,8920,0.05683795213699341,0.0061194462537799855
10000,endpoint,endpoint_label_desc,8930,0.05683795213699341,0.006704216072788404
10000,endpoint,endpoint_label_desc,8940,0.05628458261489868,0.006928832321824609
10000,endpoint,endpoint_label_desc,8950,0.05612647533416748,0.0068002503416451825
10000,endpoint,endpoint_label_desc,8960,0.05596839189529419,0.006623340247408393
10000,endpoint,endpoint_label_desc,8970,0.05612648725509643,0.006602078114950629
10000,endpoint,endpoint_label_desc,8980,0.05565216541290283,0.006220738411504943
10000,endpoint,endpoint_label_desc,8990,0.055494070053100586,0.005906403730440163
10000,endpoint,endpoint_label_desc,9000,0.055415022373199466,0.005750952467971524
10000,endpoint,endpoint_label_desc,9010,0.055494070053100586,0.005952516939519212
10000,endpoint,endpoint_label_desc,9020,0.05581027269363403,0.00595774587845209
10000,endpoint,endpoint_label_desc,9030,0.05588933229446411,0.006203129989737864
10000,endpoint,endpoint_label_desc,9040,0.05636364221572876,0.005991741693050928
10000,endpoint,endpoint_label_desc,9050,0.05636364221572876,0.005985228154175045
10000,endpoint,endpoint_label_desc,9060,0.05628458261489868,0.0067344658868286784
10000,endpoint,endpoint_label_desc,9070,0.05596837997436523,0.007296742279372157
10000,endpoint,endpoint_label_desc,9080,0.05596837997436523,0.007296742279372157
10000,endpoint,endpoint_label_desc,9090,0.05604743957519531,0.007322391773530571
10000,endpoint,endpoint_label_desc,9100,0.05596836805343628,0.007194311743625901
10000,endpoint,endpoint_label_desc,9110,0.05588933229446411,0.007365972592261089
10000,endpoint,endpoint_label_desc,9120,0.05573122501373291,0.007704975597462517
10000,endpoint,endpoint_label_desc,9130,0.05612648725509643,0.007669391141289185
10000,endpoint,endpoint_label_desc,9140,0.05588933229446411,0.007646954594843316
10000,endpoint,endpoint_label_desc,9150,0.05588933229446411,0.007323461434829783
10000,endpoint,endpoint_label_desc,9160,0.055494070053100586,0.006917553154585826
10000,endpoint,endpoint_label_desc,9170,0.05517786741256714,0.0068892650426837475
10000,endpoint,endpoint_label_desc,9180,0.05486165285110474,0.0070561805746108515
10000,endpoint,endpoint_label_desc,9190,0.05494070053100586,0.006942350972434048
10000,endpoint,endpoint_label_desc,9200,0.05478260517120361,0.006860863043652007
10000,endpoint,endpoint_label_desc,9210,0.05494070053100586,0.007142003056404266
10000,endpoint,endpoint_label_desc,9220,0.054466402530670165,0.007155132460176616
10000,endpoint,endpoint_label_desc,9230,0.05494071245193481,0.007298884444133972
10000,endpoint,endpoint_label_desc,9240,0.05525691509246826,0.007284951862233343
10000,endpoint,endpoint_label_desc,9250,0.05517786741256714,0.007429346902236064
10000,endpoint,endpoint_label_desc,9260,0.05501976013183594,0.0075015447618638825
10000,endpoint,endpoint_label_desc,9270,0.05525691509246826,0.007391385194889644
10000,endpoint,endpoint_label_desc,9280,0.05478261709213257,0.007418823488297435
10000,endpoint,endpoint_label_desc,9290,0.05525691509246826,0.0073436785628874885
10000,endpoint,endpoint_label_desc,9300,0.05509880781173706,0.007424085076527468
10000,endpoint,endpoint_label_desc,9310,0.05525691509246826,0.007676534732202086
10000,endpoint,endpoint_label_desc,9320,0.055335962772369386,0.008162778242545233
10000,endpoint,endpoint_label_desc,9330,0.055652189254760745,0.008400482326456892
10000,endpoint,endpoint_label_desc,9340,0.055335962772369386,0.008398612726188717
10000,endpoint,endpoint_label_desc,9350,0.05517786741256714,0.008989810940540768
10000,endpoint,endpoint_label_desc,9360,0.055177855491638186,0.008756509131273089
10000,endpoint,endpoint_label_desc,9370,0.05525691509246826,0.00848374321768741
10000,endpoint,endpoint_label_desc,9380,0.055415022373199466,0.008135947290157469
10000,endpoint,endpoint_label_desc,9390,0.055335962772369386,0.008421822121740438
10000,endpoint,endpoint_label_desc,9400,0.055415010452270506,0.008302256877632261
10000,endpoint,endpoint_label_desc,9410,0.055177855491638186,0.008493863087851676
10000,endpoint,endpoint_label_desc,9420,0.05533597469329834,0.008384664539974954
10000,endpoint,endpoint_label_desc,9430,0.05509881973266602,0.00840605444016196
10000,endpoint,endpoint_label_desc,9440,0.05501976013183594,0.008460692129897765
10000,endpoint,endpoint_label_desc,9450,0.055415010452270506,0.008325750448989729
10000,endpoint,endpoint_label_desc,9460,0.055415022373199466,0.008737759402795165
10000,endpoint,endpoint_label_desc,9470,0.055810284614562986,0.00857531710962984
10000,endpoint,endpoint_label_desc,9480,0.05620553493499756,0.00833512594432282
10000,endpoint,endpoint_label_desc,9490,0.0560474157333374,0.008159913497066369
10000,endpoint,endpoint_label_desc,9500,0.055652177333831786,0.008202876561467289
10000,endpoint,endpoint_label_desc,9510,0.05628458261489868,0.00870730921395031
10000,endpoint,endpoint_label_desc,9520,0.055810284614562986,0.008377208886894784
10000,endpoint,endpoint_label_desc,9530,0.05565216541290283,0.00857078551869582
10000,endpoint,endpoint_label_desc,9540,0.05573122501373291,0.008532407537398961
10000,endpoint,endpoint_label_desc,9550,0.055415010452270506,0.008629824404479222
10000,endpoint,endpoint_label_desc,9560,0.05549408197402954,0.008778790482726928
10000,endpoint,endpoint_label_desc,9570,0.05533597469329834,0.009133743935414197
10000,endpoint,endpoint_label_desc,9580,0.05494072437286377,0.009021902028539062
10000,endpoint,endpoint_label_desc,9590,0.05494071245193481,0.009163641177987224
10000,endpoint,endpoint_label_desc,9600,0.054861676692962644,0.008897214271522827
10000,endpoint,endpoint_label_desc,9610,0.05525691509246826,0.008941002409834977
10000,endpoint,endpoint_label_desc,9620,0.05509880781173706,0.008858502889588072
10000,endpoint,endpoint_label_desc,9630,0.05501976013183594,0.00939265507857636
10000,endpoint,endpoint_label_desc,9640,0.05509881973266602,0.009335092318589613
10000,endpoint,endpoint_label_desc,9650,0.05501976013183594,0.00926283732592286
10000,endpoint,endpoint_label_desc,9660,0.05525691509246826,0.00939265733601082
10000,endpoint,endpoint_label_desc,9670,0.055494070053100586,0.009309957867168315
10000,endpoint,endpoint_label_desc,9680,0.055889320373535153,0.008854085769758538
10000,endpoint,endpoint_label_desc,9690,0.05620554685592651,0.009156816974027017
10000,endpoint,endpoint_label_desc,9700,0.05612648725509643,0.008134035423646716
10000,endpoint,endpoint_label_desc,9710,0.05588933229446411,0.008227603469642188
10000,endpoint,endpoint_label_desc,9720,0.05604743957519531,0.008034497368524667
10000,endpoint,endpoint_label_desc,9730,0.05604742765426636,0.00830225574265616
10000,endpoint,endpoint_label_desc,9740,0.055573117733001706,0.008525996691584693
10000,endpoint,endpoint_label_desc,9750,0.055415022373199466,0.008465315495272456
10000,endpoint,endpoint_label_desc,9760,0.05525691509246826,0.008010142398782805
10000,endpoint,endpoint_label_desc,9770,0.05517786741256714,0.00786848563885833
10000,endpoint,endpoint_label_desc,9780,0.05509881973266602,0.007631607427574305
10000,endpoint,endpoint_label_desc,9790,0.05494071245193481,0.007648994060342386
10000,endpoint,endpoint_label_desc,9800,0.05470355749130249,0.007843621215290392
10000,endpoint,endpoint_label_desc,9810,0.054703569412231444,0.00779867517956274
10000,endpoint,endpoint_label_desc,9820,0.05478260517120361,0.007996487188949386
10000,endpoint,endpoint_label_desc,9830,0.05486166477203369,0.008226656380923038
10000,endpoint,endpoint_label_desc,9840,0.05486166477203369,0.007921897396721134
10000,endpoint,endpoint_label_desc,9850,0.05478261709213257,0.008336068340116293
10000,endpoint,endpoint_label_desc,9860,0.054703569412231444,0.008354786921985574
10000,endpoint,endpoint_label_desc,9870,0.05470355749130249,0.008612594603826079
10000,endpoint,endpoint_label_desc,9880,0.0542292594909668,0.00832104826432646
10000,endpoint,endpoint_label_desc,9890,0.05399210453033447,0.008470849550910568
10000,endpoint,endpoint_label_desc,9900,0.0542292594909668,0.008405117508803413
10000,endpoint,endpoint_label_desc,9910,0.05399210453033447,0.008725237739726787
10000,endpoint,endpoint_label_desc,9920,0.05415019989013672,0.009013222120489484
10000,endpoint,endpoint_label_desc,9930,0.05391305685043335,0.008950608854978238
10000,endpoint,endpoint_label_desc,9940,0.054229247570037845,0.00873776142498628
10000,endpoint,endpoint_label_desc,9950,0.05399209260940552,0.009187470845928695
10000,endpoint,endpoint_label_desc,9960,0.0535968542098999,0.009586899437101419
10000,endpoint,endpoint_label_desc,9970,0.05335968732833862,0.009588535624727714
10000,endpoint,endpoint_label_desc,9980,0.05335968732833862,0.009210403922440012
10000,endpoint,endpoint_label_desc,9990,0.053122544288635255,0.009102062836374356
10000,endpoint,endpoint_label_desc,10000,0.052885377407073976,0.008777902864316463
10000,endpoint,random,0,0.0,0.0
10000,endpoint,random,10,0.00031620264053344727,0.00017676265160869028
10000,endpoint,random,20,0.0009486198425292969,0.0003535352956871971
10000,endpoint,random,30,0.0005533576011657714,0.0004506698626395458
10000,endpoint,random,40,0.0007114529609680176,0.0003306872954700969
10000,endpoint,random,50,0.001264810562133789,0.0010967860831930312
10000,endpoint,random,60,0.001264810562133789,0.000943663683934159
10000,endpoint,random,70,0.0018972396850585938,0.0017092234704604214
10000,endpoint,random,80,0.0026086807250976563,0.0018241774173625976
10000,endpoint,random,90,0.002924907207489014,0.0015957659983880765
10000,endpoint,random,100,0.0030830025672912596,0.001292919619568158
10000,endpoint,random,110,0.003083014488220215,0.0014085702976267217
10000,endpoint,random,120,0.0037154197692871095,0.0013862098895548222
10000,endpoint,random,130,0.004110682010650635,0.0012989321719247865
10000,endpoint,random,140,0.004268777370452881,0.0016628730159024285
10000,endpoint,random,150,0.005691707134246826,0.0014946382135435862
10000,endpoint,random,160,0.006403160095214844,0.0010967796391020057
10000,endpoint,random,170,0.0064822077751159664,0.001571079053583807
10000,endpoint,random,180,0.006166005134582519,0.0015205612866090925
10000,endpoint,random,190,0.0067984223365783695,0.0020037546888362016
10000,endpoint,random,200,0.007114624977111817,0.002780854524925782
10000,endpoint,random,210,0.007747030258178711,0.002297935463838374
10000,endpoint,random,220,0.008063244819641113,0.002615846985728223
10000,endpoint,random,230,0.00814228057861328,0.0026894702426666422
10000,endpoint,random,240,0.008458495140075684,0.0030692816356499178
10000,endpoint,random,250,0.008221352100372314,0.0035944348477553113
10000,endpoint,random,260,0.009169948101043702,0.0037225275823182845
10000,endpoint,random,270,0.009328055381774902,0.003314015905901283
10000,endpoint,random,280,0.009723329544067382,0.003094605467530682
10000,endpoint,random,290,0.0104347825050354,0.0024935530064545157
10000,endpoint,random,300,0.01090909242630005,0.002803228428030202
10000,endpoint,random,310,0.010513830184936523,0.0031817343591462885
10000,endpoint,random,320,0.010909104347229004,0.003119758104059493
10000,endpoint,random,330,0.011067187786102295,0.0035682627056330806
10000,endpoint,random,340,0.012015819549560547,0.0037035967615555295
10000,endpoint,random,350,0.012173902988433839,0.0046967231799781035
10000,endpoint,random,360,0.012964427471160889,0.004932011385168036
10000,endpoint,random,370,0.013122522830963134,0.005156547188896632
10000,endpoint,random,380,0.013043487071990966,0.005339600669834504
10000,endpoint,random,390,0.012885367870330811,0.005203282478134065
10000,endpoint,random,400,0.014150190353393554,0.005951186026369349
10000,endpoint,random,410,0.01438734531402588,0.006004778765763637
10000,endpoint,random,420,0.014624512195587159,0.006020352177026317
10000,endpoint,random,430,0.01454545259475708,0.006616277791168452
10000,endpoint,random,440,0.014782595634460449,0.006593812201397934
10000,endpoint,random,450,0.015415012836456299,0.0068403447644117205
10000,endpoint,random,460,0.016126477718353273,0.006074610833931695
10000,endpoint,random,470,0.01620553731918335,0.006452522820157977
10000,endpoint,random,480,0.016284573078155517,0.00681975041676152
10000,endpoint,random,490,0.016363632678985596,0.006803709422979129
10000,endpoint,random,500,0.01652172803878784,0.0072634837233196735
10000,endpoint,random,510,0.016996049880981447,0.007669421091687588
10000,endpoint,random,520,0.017470359802246094,0.007295673544429752
10000,endpoint,random,530,0.017233192920684814,0.008203843769488166
10000,endpoint,random,540,0.017470347881317138,0.008174283818313071
10000,endpoint,random,550,0.01802370548248291,0.008387467830087404
10000,endpoint,random,560,0.017944645881652833,0.008213365162307222
10000,endpoint,random,570,0.01778656244277954,0.008632538121686862
10000,endpoint,random,580,0.018260860443115236,0.008469955668476439
10000,endpoint,random,590,0.018577063083648683,0.009180678853968095
10000,endpoint,random,600,0.01857708692550659,0.009403461305813439
10000,endpoint,random,610,0.018260872364044188,0.009491941415736232
10000,endpoint,random,620,0.018577075004577635,0.010204203412873914
10000,endpoint,random,630,0.018339920043945312,0.00955834799817704
10000,endpoint,random,640,0.018260872364044188,0.009918498626716532
10000,endpoint,random,650,0.01802372932434082,0.009339282826619924
10000,endpoint,random,660,0.018260860443115236,0.009105509420627489
10000,endpoint,random,670,0.018339908123016356,0.008170464603539627
10000,endpoint,random,680,0.01857708692550659,0.00782069861196066
10000,endpoint,random,690,0.01873518228530884,0.007773607618964884
10000,endpoint,random,700,0.01865612268447876,0.00767144337524824
10000,endpoint,random,710,0.01905137300491333,0.007902166274607792
10000,endpoint,random,720,0.01920948028564453,0.008298530059902796
10000,endpoint,random,730,0.019525694847106933,0.008199077274477213
10000,endpoint,random,740,0.019683802127838136,0.008311682116221119
10000,endpoint,random,750,0.020158100128173827,0.008205760760658667
10000,endpoint,random,760,0.020316195487976075,0.007641866960337845
10000,endpoint,random,770,0.02055337429046631,0.008027718693182664
10000,endpoint,random,780,0.020948624610900878,0.007740378203181592
10000,endpoint,random,790,0.021264815330505372,0.007630609675934686
10000,endpoint,random,800,0.02134387493133545,0.007185632094431323
10000,endpoint,random,810,0.02118576765060425,0.007079398006618443
10000,endpoint,random,820,0.021501982212066652,0.00702956331365102
10000,endpoint,random,830,0.021897244453430175,0.007035129432082889
10000,endpoint,random,840,0.02189723253250122,0.007264566922943229
10000,endpoint,random,850,0.0221343994140625,0.007003975287744289
10000,endpoint,random,860,0.022213423252105714,0.007127783162094182
10000,endpoint,random,870,0.022213447093963622,0.007537903332655346
10000,endpoint,random,880,0.0221343994140625,0.007551362203605836
10000,endpoint,random,890,0.02237154245376587,0.007476517471656715
10000,endpoint,random,900,0.022608697414398193,0.007747420457770517
10000,endpoint,random,910,0.022687768936157225,0.007631629345589957
10000,endpoint,random,920,0.022608697414398193,0.007722179805343674
10000,endpoint,random,930,0.022450590133666994,0.007558594122947905
10000,endpoint,random,940,0.02252964973449707,0.0074629334107322275
10000,endpoint,random,950,0.02308300733566284,0.007616275888704527
10000,endpoint,random,960,0.022845852375030517,0.007625477923994573
10000,endpoint,random,970,0.022924888134002685,0.007330909664483986
10000,endpoint,random,980,0.02355731725692749,0.007595721133955621
10000,endpoint,random,990,0.02418973445892334,0.0073966696455602405
10000,endpoint,random,1000,0.02426878213882446,0.00738715963253458
10000,endpoint,random,1010,0.02442687749862671,0.00748590987510326
10000,endpoint,random,1020,0.02482212781906128,0.007220335399562187
10000,endpoint,random,1030,0.025059282779693604,0.007178002596492948
10000,endpoint,random,1040,0.024901175498962404,0.00731491297004669
10000,endpoint,random,1050,0.025454556941986083,0.007023988424136668
10000,endpoint,random,1060,0.02545454502105713,0.006617432932009667
10000,endpoint,random,1070,0.025454556941986083,0.006376992101269257
10000,endpoint,random,1080,0.025691699981689454,0.006759921600185295
10000,endpoint,random,1090,0.02592884302139282,0.006407540180441918
10000,endpoint,random,1100,0.025770747661590578,0.006029456089949549
10000,endpoint,random,1110,0.02545454502105713,0.006177888994613449
10000,endpoint,random,1120,0.025296437740325927,0.00570731951490137
10000,endpoint,random,1130,0.025691699981689454,0.006230770651588316
10000,endpoint,random,1140,0.02624506950378418,0.006894935366592598
10000,endpoint,random,1150,0.026798415184020995,0.006182957439620601
10000,endpoint,random,1160,0.026482200622558592,0.006336439842661088
10000,endpoint,random,1170,0.02632410526275635,0.006017782505336107
10000,endpoint,random,1180,0.0269565224647522,0.005529374813617079
10000,endpoint,random,1190,0.0271146297454834,0.006043690845064589
10000,endpoint,random,1200,0.027588927745819093,0.005798295187058845
10000,endpoint,random,1210,0.027984201908111572,0.005564562795673042
10000,endpoint,random,1220,0.02814229726791382,0.005148971504479204
10000,endpoint,random,1230,0.027905142307281493,0.005409393361612649
10000,endpoint,random,1240,0.028379452228546143,0.004852154240046296
10000,endpoint,random,1250,0.02814229726791382,0.004570287785699454
10000,endpoint,random,1260,0.028537547588348387,0.005276330176725254
10000,endpoint,random,1270,0.02869565486907959,0.0049730091941071145
10000,endpoint,random,1280,0.02830040454864502,0.005074082064640066
10000,endpoint,random,1290,0.02869565486907959,0.004690074985889864
10000,endpoint,random,1300,0.028616607189178467,0.0043442349942765645
10000,endpoint,random,1310,0.028695642948150635,0.004941506165703346
10000,endpoint,random,1320,0.028379452228546143,0.004987128451576186
10000,endpoint,random,1330,0.02806323766708374,0.00500744674378063
10000,endpoint,random,1340,0.028379452228546143,0.004621271916842021
10000,endpoint,random,1350,0.02822134494781494,0.00458906225655859
10000,endpoint,random,1360,0.028853750228881835,0.004751296047138264
10000,endpoint,random,1370,0.028932809829711914,0.004387163126794927
10000,endpoint,random,1380,0.028379440307617188,0.004082835994323404
10000,endpoint,random,1390,0.028063249588012696,0.004515260708772912
10000,endpoint,random,1400,0.028932809829711914,0.004025032424859096
10000,endpoint,random,1410,0.029011857509613038,0.0044595602435591
10000,endpoint,random,1420,0.028932809829711914,0.004279007848695844
10000,endpoint,random,1430,0.02837942838668823,0.004696732710531399
10000,endpoint,random,1440,0.028616607189178467,0.004681744045148348
10000,endpoint,random,1450,0.02845848798751831,0.004816609450003065
10000,endpoint,random,1460,0.028537547588348387,0.0047954988672550625
10000,endpoint,random,1470,0.028853750228881835,0.004626350554191664
10000,endpoint,random,1480,0.029169964790344238,0.0047873437608006554
10000,endpoint,random,1490,0.029011857509613038,0.004485758909222067
10000,endpoint,random,1500,0.028853750228881835,0.004145474322517429
10000,endpoint,random,1510,0.028853750228881835,0.004685057129565635
10000,endpoint,random,1520,0.02956521511077881,0.00465495963828153
10000,endpoint,random,1530,0.02940710783004761,0.004271687540183109
10000,endpoint,random,1540,0.02940710783004761,0.004207202846117626
10000,endpoint,random,1550,0.02988142967224121,0.004188592772514868
10000,endpoint,random,1560,0.02988142967224121,0.00438003057370855
10000,endpoint,random,1570,0.029644274711608888,0.003972265786026704
10000,endpoint,random,1580,0.02956521511077881,0.004770994691831511
10000,endpoint,random,1590,0.029565203189849853,0.005080234712234851
10000,endpoint,random,1600,0.029644274711608888,0.00539056910905221
10000,endpoint,random,1610,0.02956521511077881,0.005201788177198026
10000,endpoint,random,1620,0.02972332239151001,0.004819855981142916
10000,endpoint,random,1630,0.030276679992675783,0.005019903384968262
10000,endpoint,random,1640,0.030276691913604735,0.004681740522706704
10000,endpoint,random,1650,0.03003953695297241,0.0044979264462554226
10000,endpoint,random,1660,0.029802381992340088,0.004207185767026431
10000,endpoint,random,1670,0.02988142967224121,0.0038888031325019262
10000,endpoint,random,1680,0.029960477352142335,0.004120918522926156
10000,endpoint,random,1690,0.029723334312438964,0.0044049268678230695
10000,endpoint,random,1700,0.029486167430877685,0.004335206904772445
10000,endpoint,random,1710,0.029644262790679932,0.004078993371739956
10000,endpoint,random,1720,0.02956521511077881,0.003815812048827922
10000,endpoint,random,1730,0.02956521511077881,0.004139814048665038
10000,endpoint,random,1740,0.030276679992675783,0.003948594604805452
10000,endpoint,random,1750,0.030434787273406982,0.004088559303964001
10000,endpoint,random,1760,0.03059288263320923,0.004299021680772975
10000,endpoint,random,1770,0.031225299835205077,0.0046933942366078505
10000,endpoint,random,1780,0.031541502475738524,0.00508791714275558
10000,endpoint,random,1790,0.031225299835205077,0.004734828480196963
10000,endpoint,random,1800,0.030909085273742677,0.0045100640301228455
10000,endpoint,random,1810,0.03067193031311035,0.004371098246052374
10000,endpoint,random,1820,0.031067192554473877,0.004017228525114153
10000,endpoint,random,1830,0.031225299835205077,0.0037183398688669655
10000,endpoint,random,1840,0.031304347515106204,0.004063656405432891
10000,endpoint,random,1850,0.031462454795837404,0.004397830088821051
10000,endpoint,random,1860,0.031620562076568604,0.00409810146986073
10000,endpoint,random,1870,0.03217391967773438,0.0038484127330027243
10000,endpoint,random,1880,0.032727277278900145,0.003323427137024172
10000,endpoint,random,1890,0.03288537263870239,0.0040540328748065145
10000,endpoint,random,1900,0.032490110397338866,0.004005576363252176
10000,endpoint,random,1910,0.032569169998168945,0.0036718199527855113
10000,endpoint,random,1920,0.032411062717437746,0.004173637967947892
10000,endpoint,random,1930,0.03233201503753662,0.003659062864980607
10000,endpoint,random,1940,0.03296443223953247,0.0037351098582391862
10000,endpoint,random,1950,0.032648217678070066,0.0035086575519034905
10000,endpoint,random,1960,0.032806336879730225,0.0036760914235466216
10000,endpoint,random,1970,0.032490122318267825,0.003936731821628229
10000,endpoint,random,1980,0.03328064680099487,0.0043603658893121835
10000,endpoint,random,1990,0.033754944801330566,0.003888802526710236
10000,endpoint,random,2000,0.033754944801330566,0.004151133972339407
10000,endpoint,random,2010,0.03399209976196289,0.004427938784843271
10000,endpoint,random,2020,0.03399209976196289,0.004480548782985985
10000,endpoint,random,2030,0.03383399248123169,0.004468324435434509
10000,endpoint,random,2040,0.03383399248123169,0.0042717016037640805
10000,endpoint,random,2050,0.03399209976196289,0.004266209636159874
10000,endpoint,random,2060,0.03399209976196289,0.004497939540664705
10000,endpoint,random,2070,0.03430830240249634,0.004844083814996101
10000,endpoint,random,2080,0.034071147441864014,0.005342525652463917
10000,endpoint,random,2090,0.034150195121765134,0.0052481149928734604
10000,endpoint,random,2100,0.034071147441864014,0.005087901399372705
10000,endpoint,random,2110,0.03407113552093506,0.004705025845593235
10000,endpoint,random,2120,0.03407113552093506,0.004034701770804611
10000,endpoint,random,2130,0.034150195121765134,0.004344220894243508
10000,endpoint,random,2140,0.03478261232376099,0.003972265786026705
10000,endpoint,random,2150,0.03462450504302979,0.0041322719651370994
10000,endpoint,random,2160,0.03486166000366211,0.004092373371206122
10000,endpoint,random,2170,0.03494071960449219,0.004511783780155991
10000,endpoint,random,2180,0.035335969924926755,0.004344186999887587
10000,endpoint,random,2190,0.0356521725654602,0.004561720785889066
10000,endpoint,random,2200,0.03581029176712036,0.004656638019112403
10000,endpoint,random,2210,0.03581027984619141,0.0046314119229705795
10000,endpoint,random,2220,0.03557311296463013,0.00426619168876286
10000,endpoint,random,2230,0.035098803043365476,0.004196035589701022
10000,endpoint,random,2240,0.035177862644195555,0.004676739163367366
10000,endpoint,random,2250,0.03549407720565796,0.005041642293395692
10000,endpoint,random,2260,0.03541500568389892,0.004698401935464613
10000,endpoint,random,2270,0.03525691032409668,0.004595854779972084
10000,endpoint,random,2280,0.03541501760482788,0.004075152617867819
10000,endpoint,random,2290,0.03581027984619141,0.003918818164611923
10000,endpoint,random,2300,0.03604744672775269,0.0037746300811915697
10000,endpoint,random,2310,0.03604742288589478,0.00413981347960455
10000,endpoint,random,2320,0.03581027984619141,0.0035857287409362297
10000,endpoint,random,2330,0.0356521725654602,0.003926765447206792
10000,endpoint,random,2340,0.03541500568389892,0.0042257203692424505
10000,endpoint,random,2350,0.035494065284729,0.003846383534094225
10000,endpoint,random,2360,0.035494065284729,0.0038968222092501197
10000,endpoint,random,2370,0.03596838712692261,0.004173636556825954
10000,endpoint,random,2380,0.03596837520599365,0.003821927540036747
10000,endpoint,random,2390,0.03604743480682373,0.00420534257567348
10000,endpoint,random,2400,0.03596838712692261,0.004506622822553525
10000,endpoint,random,2410,0.03596837520599365,0.004098088535092468
10000,endpoint,random,2420,0.03588931560516358,0.00412090051451394
10000,endpoint,random,2430,0.03588932752609253,0.004297219799105421
10000,endpoint,random,2440,0.03588932752609253,0.004306281846843054
10000,endpoint,random,2450,0.0359683632850647,0.004676725310143304
10000,endpoint,random,2460,0.036126482486724856,0.004503141055696868
10000,endpoint,random,2470,0.036363649368286136,0.004865008517210055
10000,endpoint,random,2480,0.036363637447357176,0.004356775622511445
10000,endpoint,random,2490,0.0361264705657959,0.004589046855197575
10000,endpoint,random,2500,0.036442697048187256,0.004553162244466562
10000,endpoint,random,2510,0.036521744728088376,0.0045290813916065535
10000,endpoint,random,2520,0.0367588996887207,0.003902821931298229
10000,endpoint,random,2530,0.03691698312759399,0.004169899643864657
10000,endpoint,random,2540,0.03683795928955078,0.0042146150348045
10000,endpoint,random,2550,0.03691699504852295,0.004216469538219975
10000,endpoint,random,2560,0.03715416193008423,0.004592454002871953
10000,endpoint,random,2570,0.03739131689071655,0.004821467188510828
10000,endpoint,random,2580,0.0375494122505188,0.004743068168633844
10000,endpoint,random,2590,0.03810276985168457,0.004780788568426476
10000,endpoint,random,2600,0.03841897249221802,0.004931976275712118
10000,endpoint,random,2610,0.03833991289138794,0.0050694564046670845
10000,endpoint,random,2620,0.03865612745285034,0.004963572065271837
10000,endpoint,random,2630,0.038102781772613524,0.004160526680304978
10000,endpoint,random,2640,0.03786560297012329,0.004413788067152618
10000,endpoint,random,2650,0.03841897249221802,0.004233120725846948
10000,endpoint,random,2660,0.03849802017211914,0.004244168479404521
10000,endpoint,random,2670,0.0384980320930481,0.004442017640096371
10000,endpoint,random,2680,0.03873518705368042,0.0045668790609687615
10000,endpoint,random,2690,0.03857707977294922,0.0046733823738817955
10000,endpoint,random,2700,0.03865612745285034,0.004404936227413252
10000,endpoint,random,2710,0.03849802017211914,0.005035442257210636
10000,endpoint,random,2720,0.03833991289138794,0.005054024442694569
10000,endpoint,random,2730,0.03794466257095337,0.004775906966247993
10000,endpoint,random,2740,0.037944674491882324,0.004506612367173836
10000,endpoint,random,2750,0.03833993673324585,0.004266193069312122
10000,endpoint,random,2760,0.03873518705368042,0.004266201352764859
10000,endpoint,random,2770,0.039288532733917234,0.004084740233344793
10000,endpoint,random,2780,0.03968378305435181,0.003838248031641645
10000,endpoint,random,2790,0.03936759233474731,0.0038787366880638978
10000,endpoint,random,2800,0.03952568769454956,0.0045152646219597005
10000,endpoint,random,2810,0.039288532733917234,0.00416052639719124
10000,endpoint,random,2820,0.03936758041381836,0.004563451528086701
10000,endpoint,random,2830,0.03968379497528076,0.004656635236610118
10000,endpoint,random,2840,0.04023716449737549,0.004721611577202323
10000,endpoint,random,2850,0.04015811681747437,0.004813354855818431
10000,endpoint,random,2860,0.04007905721664429,0.00474798948817731
10000,endpoint,random,2870,0.040395259857177734,0.004754576770292204
10000,endpoint,random,2880,0.040553367137908934,0.0042533759609327685
10000,endpoint,random,2890,0.04071146249771118,0.003821936786272991
10000,endpoint,random,2900,0.040474319458007814,0.004503144717802817
10000,endpoint,random,2910,0.04039527177810669,0.005118537313262243
10000,endpoint,random,2920,0.04039527177810669,0.005133759293666539
10000,endpoint,random,2930,0.04071146249771118,0.004718307183960968
10000,endpoint,random,2940,0.04063241481781006,0.004729890727348638
10000,endpoint,random,2950,0.040632426738739014,0.0050027700673396834
10000,endpoint,random,2960,0.04023716449737549,0.005268934767920356
10000,endpoint,random,2970,0.04086956977844238,0.004706709648414046
10000,endpoint,random,2980,0.04071146249771118,0.005084853115463334
10000,endpoint,random,2990,0.04079052209854126,0.005141394967621999
10000,endpoint,random,3000,0.040474307537078855,0.0047397938940748775
10000,endpoint,random,3010,0.04063241481781006,0.00504164696626225
10000,endpoint,random,3020,0.040553367137908934,0.005495348235770702
10000,endpoint,random,3030,0.03976284265518189,0.005270409807458003
10000,endpoint,random,3040,0.040079045295715335,0.005402167031986942
10000,endpoint,random,3050,0.04015810489654541,0.004885848668699869
10000,endpoint,random,3060,0.040474307537078855,0.004731526097341997
10000,endpoint,random,3070,0.04007905721664429,0.004554883307979899
10000,endpoint,random,3080,0.040395259857177734,0.005268927390228555
10000,endpoint,random,3090,0.040237152576446535,0.00537171682713443
10000,endpoint,random,3100,0.040553367137908934,0.00518071470926267
10000,endpoint,random,3110,0.040237152576446535,0.005216776729569835
10000,endpoint,random,3120,0.040316212177276614,0.005046297183948859
10000,endpoint,random,3130,0.040316200256347655,0.005782079720145134
10000,endpoint,random,3140,0.04055335521697998,0.005621805526007194
10000,endpoint,random,3150,0.040158092975616455,0.005656438111250004
10000,endpoint,random,3160,0.040237152576446535,0.005327889545176247
10000,endpoint,random,3170,0.040395259857177734,0.004955696400683068
10000,endpoint,random,3180,0.040316200256347655,0.005288157713189414
10000,endpoint,random,3190,0.04055335521697998,0.005387665617978705
10000,endpoint,random,3200,0.040395259857177734,0.004501407536196346
10000,endpoint,random,3210,0.04063241481781006,0.004595855548939296
10000,endpoint,random,3220,0.04094861745834351,0.004829577602127727
10000,endpoint,random,3230,0.04102765321731568,0.0046633439861925
10000,endpoint,random,3240,0.04071146249771118,0.0047758847681099
10000,endpoint,random,3250,0.04094862937927246,0.005488220703216375
10000,endpoint,random,3260,0.04071146249771118,0.005659211826305916
10000,endpoint,random,3270,0.04094861745834351,0.005466825659347083
10000,endpoint,random,3280,0.04086956977844238,0.005285196847064867
10000,endpoint,random,3290,0.0407905101776123,0.005171675743673262
10000,endpoint,random,3300,0.04102766513824463,0.00493199108384919
10000,endpoint,random,3310,0.041264808177948,0.004698379872589041
10000,endpoint,random,3320,0.041264820098876956,0.004797118255450031
10000,endpoint,random,3330,0.04181818962097168,0.00505711087549007
10000,endpoint,random,3340,0.041897249221801755,0.0052362048821271165
10000,endpoint,random,3350,0.04181818962097168,0.005110873021612493
10000,endpoint,random,3360,0.04213438034057617,0.005579962316259879
10000,endpoint,random,3370,0.04197628498077392,0.006003466502265532
10000,endpoint,random,3380,0.042055344581604,0.00553076037477099
10000,endpoint,random,3390,0.04245059490203858,0.005509534802884495
10000,endpoint,random,3400,0.04260870218276978,0.0053058573535080715
10000,endpoint,random,3410,0.04324110746383667,0.00553076932004418
10000,endpoint,random,3420,0.04339921474456787,0.0055010061821393645
10000,endpoint,random,3430,0.042924892902374265,0.005218277799397232
10000,endpoint,random,3440,0.043003964424133304,0.004931996816028641
10000,endpoint,random,3450,0.0426877498626709,0.004374662487382402
10000,endpoint,random,3460,0.04245059490203858,0.004262543932619763
10000,endpoint,random,3470,0.0425296425819397,0.004141719678941518
10000,endpoint,random,3480,0.04260869026184082,0.00434242257721341
10000,endpoint,random,3490,0.042924904823303224,0.004308110835375127
10000,endpoint,random,3500,0.043083012104034424,0.004718292204667085
10000,endpoint,random,3510,0.04339921474456787,0.004251517330209809
10000,endpoint,random,3520,0.0436363697052002,0.00436216437035546
10000,endpoint,random,3530,0.04387352466583252,0.00454112896068454
10000,endpoint,random,3540,0.04434782266616821,0.00456173008206705
10000,endpoint,random,3550,0.04418971538543701,0.004868231240844545
10000,endpoint,random,3560,0.04403163194656372,0.004459561564207306
10000,endpoint,random,3570,0.04403163194656372,0.0043889406965819736
10000,endpoint,random,3580,0.04426877498626709,0.0048810610379375835
10000,endpoint,random,3590,0.04426877498626709,0.004668359696224972
10000,endpoint,random,3600,0.044189727306365965,0.004629734574390489
10000,endpoint,random,3610,0.04442688226699829,0.004656659773895585
10000,endpoint,random,3620,0.044347834587097165,0.0041303807987029765
10000,endpoint,random,3630,0.044031620025634766,0.0040942889984794065
10000,endpoint,random,3640,0.04379446506500244,0.003946630645747872
10000,endpoint,random,3650,0.0437944769859314,0.004205356581114513
10000,endpoint,random,3660,0.0437944769859314,0.0044665660632005975
10000,endpoint,random,3670,0.04332015514373779,0.004317169667365131
10000,endpoint,random,3680,0.043003952503204344,0.005041653742078425
10000,endpoint,random,3690,0.04300394058227539,0.00501836128740235
10000,endpoint,random,3700,0.04308300018310547,0.00525112951933617
10000,endpoint,random,3710,0.043162059783935544,0.004484032593043142
10000,endpoint,random,3720,0.043003952503204344,0.00433343801023143
10000,endpoint,random,3730,0.04324110746383667,0.004326213070539078
10000,endpoint,random,3740,0.043083012104034424,0.004183007178560574
10000,endpoint,random,3750,0.04300394058227539,0.004196059732427705
10000,endpoint,random,3760,0.04339921474456787,0.0036590609334497515
10000,endpoint,random,3770,0.04324110746383667,0.004151131418421316
10000,endpoint,random,3780,0.04308300018310547,0.0047348259922312085
10000,endpoint,random,3790,0.04332015514373779,0.0046482681843258745
10000,endpoint,random,3800,0.04371541738510132,0.0039977589402017885
10000,endpoint,random,3810,0.04363638162612915,0.0038988517440861803
10000,endpoint,random,3820,0.043162059783935544,0.00423312935219027
10000,endpoint,random,3830,0.04339921474456787,0.00463816909305829
10000,endpoint,random,3840,0.04332016706466675,0.004442025860805229
10000,endpoint,random,3850,0.04339920282363892,0.004553167160072461
10000,endpoint,random,3860,0.043003952503204344,0.004306296344588286
10000,endpoint,random,3870,0.043003964424133304,0.004168022724088489
10000,endpoint,random,3880,0.04339920282363892,0.0040923739469501536
10000,endpoint,random,3890,0.043162059783935544,0.004527374196532198
10000,endpoint,random,3900,0.04332015514373779,0.004715012716729567
10000,endpoint,random,3910,0.04371542930603027,0.004459578469306264
10000,endpoint,random,3920,0.043083012104034424,0.004848941723174649
10000,endpoint,random,3930,0.04332016706466675,0.005165628133557171
10000,endpoint,random,3940,0.04347827434539795,0.004480561928221009
10000,endpoint,random,3950,0.04387352466583252,0.004480548783025631
10000,endpoint,random,3960,0.04403163194656372,0.003997776030166151
10000,endpoint,random,3970,0.04426877498626709,0.0039028656950999088
10000,endpoint,random,3980,0.044031620025634766,0.00351979997051307
10000,endpoint,random,3990,0.04426877498626709,0.003501984280282348
10000,endpoint,random,4000,0.044189727306365965,0.00375390937579797
10000,endpoint,random,4010,0.044110667705535886,0.004094295327958591
10000,endpoint,random,4020,0.04387352466583252,0.004059820001924502
10000,endpoint,random,4030,0.044189727306365965,0.003701523816288381
10000,endpoint,random,4040,0.043794453144073486,0.0032998672954666006
10000,endpoint,random,4050,0.0436363697052002,0.0036182744078342224
10000,endpoint,random,4060,0.043873512744903566,0.0036225953584326205
10000,endpoint,random,4070,0.04379446506500244,0.0031915829299067524
10000,endpoint,random,4080,0.04387352466583252,0.003330497110258464
10000,endpoint,random,4090,0.04434782266616821,0.0038055652243204324
10000,endpoint,random,4100,0.044347834587097165,0.004063636983801995
10000,endpoint,random,4110,0.04458497762680054,0.003966383285971241
10000,endpoint,random,4120,0.045138347148895266,0.003572640187215625
10000,endpoint,random,4130,0.04474307298660278,0.0025370347642791422
10000,endpoint,random,4140,0.045296454429626466,0.002718370212484586
10000,endpoint,random,4150,0.045454537868499754,0.0031122465262156005
10000,endpoint,random,4160,0.045533597469329834,0.003028299879787824
10000,endpoint,random,4170,0.045296430587768555,0.003360835517862559
10000,endpoint,random,4180,0.045533597469329834,0.003404706380148405
10000,endpoint,random,4190,0.0459288477897644,0.0036590622212503776
10000,endpoint,random,4200,0.04569169282913208,0.003429866290961116
10000,endpoint,random,4210,0.045612645149230954,0.003169473525217137
10000,endpoint,random,4220,0.04577075242996216,0.00363766806664199
10000,endpoint,random,4230,0.04632411003112793,0.003966366357806513
10000,endpoint,random,4240,0.04624506235122681,0.004183009994609087
10000,endpoint,random,4250,0.04695651531219482,0.004223891959086647
10000,endpoint,random,4260,0.046403157711029056,0.004207210125741033
10000,endpoint,random,4270,0.0468774676322937,0.00439783410657823
10000,endpoint,random,4280,0.04711462259292602,0.0044490465827897495
10000,endpoint,random,4290,0.04727274179458618,0.004554898824857229
10000,endpoint,random,4300,0.04703556299209595,0.004192330162901929
10000,endpoint,random,4310,0.04719367027282715,0.004308130522160108
10000,endpoint,random,4320,0.04743082523345947,0.00475130348482207
10000,endpoint,random,4330,0.047905135154724124,0.004492738034118253
10000,endpoint,random,4340,0.04814227819442749,0.005216786890674205
10000,endpoint,random,4350,0.048142290115356444,0.005757754978336442
10000,endpoint,random,4360,0.04830038547515869,0.005811766016452004
10000,endpoint,random,4370,0.047984182834625244,0.005365882383758506
10000,endpoint,random,4380,0.04845850467681885,0.005502456045968639
10000,endpoint,random,4390,0.04837944507598877,0.005745513804887162
10000,endpoint,random,4400,0.047905147075653076,0.006314211318182886
10000,endpoint,random,4410,0.04830038547515869,0.0068311962438540675
10000,endpoint,random,4420,0.04845849275588989,0.006664503132736425
10000,endpoint,random,4430,0.04830038547515869,0.006733303007526318
10000,endpoint,random,4440,0.04822134971618652,0.006218219534760202
10000,endpoint,random,4450,0.04845849275588989,0.006303070182123571
10000,endpoint,random,4460,0.04814227819442749,0.005878561377676648
10000,endpoint,random,4470,0.04845849275588989,0.005745516880228612
10000,endpoint,random,4480,0.04861660003662109,0.005645399523590288
10000,endpoint,random,4490,0.0487747073173523,0.005509535871851429
10000,endpoint,random,4500,0.04901186227798462,0.005589775306378902
10000,endpoint,random,4510,0.04869564771652222,0.005276344911362862
10000,endpoint,random,4520,0.0487747073173523,0.005684003896492011
10000,endpoint,random,4530,0.049169957637786865,0.005772648534777826
10000,endpoint,random,4540,0.049486172199249265,0.006394114198317632
10000,endpoint,random,4550,0.049249005317687986,0.006587881448037484
10000,endpoint,random,4560,0.049169957637786865,0.006376995980371586
10000,endpoint,random,4570,0.04932805299758911,0.006048859858825574
10000,endpoint,random,4580,0.04972331523895264,0.006295645650649821
10000,endpoint,random,4590,0.04972332715988159,0.006074623050539863
10000,endpoint,random,4600,0.04972331523895264,0.006479086901171424
10000,endpoint,random,4610,0.04940710067749023,0.006666851982886507
10000,endpoint,random,4620,0.049169957637786865,0.006265773824048555
10000,endpoint,random,4630,0.04901186227798462,0.005961678404067015
10000,endpoint,random,4640,0.049249005317687986,0.005879885490305534
10000,endpoint,random,4650,0.049090909957885745,0.005771280632736817
10000,endpoint,random,4660,0.04940710067749023,0.005547681597391258
10000,endpoint,random,4670,0.04980237483978271,0.006205672454905486
10000,endpoint,random,4680,0.04972332715988159,0.005996967858815697
10000,endpoint,random,4690,0.04988142251968384,0.006157653650019183
10000,endpoint,random,4700,0.050276684761047366,0.006424602500067888
10000,endpoint,random,4710,0.04972332715988159,0.006842635147861451
10000,endpoint,random,4720,0.04964426755905151,0.006803701285586153
10000,endpoint,random,4730,0.04980236291885376,0.006129658499400946
10000,endpoint,random,4740,0.04964426755905151,0.005772648738888204
10000,endpoint,random,4750,0.04956521987915039,0.005826521311246276
10000,endpoint,random,4760,0.04988143444061279,0.005990457445996772
10000,endpoint,random,4770,0.04988143444061279,0.005811744126424321
10000,endpoint,random,4780,0.05003952980041504,0.005387694259708664
10000,endpoint,random,4790,0.05011857748031616,0.0055434672900144775
10000,endpoint,random,4800,0.05019762516021729,0.0058559247892950375
10000,endpoint,random,4810,0.05019762516021729,0.006000864866452468
10000,endpoint,random,4820,0.050513839721679686,0.006394126910003104
10000,endpoint,random,4830,0.05090910196304321,0.006491121108525107
10000,endpoint,random,4840,0.05090910196304321,0.006633967155488542
10000,endpoint,random,4850,0.05083004236221313,0.006534304622327756
10000,endpoint,random,4860,0.05098812580108643,0.006566494815138628
10000,endpoint,random,4870,0.050434792041778566,0.00636474414266597
10000,endpoint,random,4880,0.050592899322509766,0.006536687642709871
10000,endpoint,random,4890,0.050671947002410886,0.006814028072698925
10000,endpoint,random,4900,0.050592899322509766,0.007087110054050469
10000,endpoint,random,4910,0.05098814964294433,0.007250573271230882
10000,endpoint,random,4920,0.05122530460357666,0.007646957521586313
10000,endpoint,random,4930,0.05138339996337891,0.007245185026320657
10000,endpoint,random,4940,0.05106719732284546,0.007428318494908254
10000,endpoint,random,4950,0.050671947002410886,0.0077524617656606985
10000,endpoint,random,4960,0.050592899322509766,0.008017958188893627
10000,endpoint,random,4970,0.05003952980041504,0.0076978929830347756
10000,endpoint,random,4980,0.05003952980041504,0.007828681868538679
10000,endpoint,random,4990,0.05019761323928833,0.007750457886002042
10000,endpoint,random,5000,0.05003952980041504,0.007502590608018875
10000,endpoint,random,5010,0.05043478012084961,0.007291388314336933
10000,endpoint,random,5020,0.050355732440948486,0.007216008205206032
10000,endpoint,random,5030,0.05019762516021729,0.007136534489552769
10000,endpoint,random,5040,0.05019762516021729,0.007499463784280791
10000,endpoint,random,5050,0.05067192316055298,0.007696855768414249
10000,endpoint,random,5060,0.05106719732284546,0.008044230190306095
10000,endpoint,random,5070,0.05106719732284546,0.008363192467180166
10000,endpoint,random,5080,0.05114625692367554,0.00818476171016011
10000,endpoint,random,5090,0.05098814964294433,0.007415679134998474
10000,endpoint,random,5100,0.050671935081481934,0.007444065481020496
10000,endpoint,random,5110,0.05130435228347778,0.007433559417513694
10000,endpoint,random,5120,0.05090910196304321,0.007284943615660058
10000,endpoint,random,5130,0.050434792041778566,0.007381888639856977
10000,endpoint,random,5140,0.050751006603240965,0.006928839972209655
10000,endpoint,random,5150,0.050355732440948486,0.00662335127411161
10000,endpoint,random,5160,0.05059288740158081,0.007504675741385241
10000,endpoint,random,5170,0.05059288740158081,0.007320238626015387
10000,endpoint,random,5180,0.05019763708114624,0.007098139874774039
10000,endpoint,random,5190,0.05019763708114624,0.007415680723536292
10000,endpoint,random,5200,0.05059288740158081,0.007525449906483107
10000,endpoint,random,5210,0.05059288740158081,0.007410395841313056
10000,endpoint,random,5220,0.05106719732284546,0.007712072022165171
10000,endpoint,random,5230,0.05083004236221313,0.00776859549971199
10000,endpoint,random,5240,0.05083004236221313,0.008011136257993353
10000,endpoint,random,5250,0.050513851642608645,0.00778264724199625
10000,endpoint,random,5260,0.050513839721679686,0.007635721472279455
10000,endpoint,random,5270,0.05059288740158081,0.007760541173679322
10000,endpoint,random,5280,0.05011856555938721,0.007391413721840586
10000,endpoint,random,5290,0.05011856555938721,0.007284967870210515
10000,endpoint,random,5300,0.05083003044128418,0.007813698883121601
10000,endpoint,random,5310,0.05106720924377441,0.008068467666076126
10000,endpoint,random,5320,0.05059288740158081,0.00811000392769466
10000,endpoint,random,5330,0.05083005428314209,0.007917979504099719
10000,endpoint,random,5340,0.0507509708404541,0.008675864832126096
10000,endpoint,random,5350,0.0509090781211853,0.008479150044192278
10000,endpoint,random,5360,0.05114624500274658,0.009288958193151344
10000,endpoint,random,5370,0.05083005428314209,0.008729718705831965
10000,endpoint,random,5380,0.050750982761383054,0.008443149417699957
10000,endpoint,random,5390,0.05138341188430786,0.008239001791283255
10000,endpoint,random,5400,0.05106719732284546,0.007872450757410686
10000,endpoint,random,5410,0.05083004236221313,0.00804519831521294
10000,endpoint,random,5420,0.05098814964294433,0.008047124408035686
10000,endpoint,random,5430,0.05098814964294433,0.007674499976223246
10000,endpoint,random,5440,0.05106719732284546,0.007832664129136229
10000,endpoint,random,5450,0.05114624500274658,0.007952414808396258
10000,endpoint,random,5460,0.05083004236221313,0.007788681641967418
10000,endpoint,random,5470,0.05059288740158081,0.007420946762195424
10000,endpoint,random,5480,0.04988142251968384,0.00743880915754256
10000,endpoint,random,5490,0.05011858940124512,0.0074650094231928305
10000,endpoint,random,5500,0.050513839721679686,0.0077524760485435055
10000,endpoint,random,5510,0.050276684761047366,0.007475473650516759
10000,endpoint,random,5520,0.050513839721679686,0.007640848194391303
10000,endpoint,random,5530,0.050592875480651854,0.007745430330142016
10000,endpoint,random,5540,0.05090910196304321,0.007517167344373151
10000,endpoint,random,5550,0.05130434036254883,0.00786750520140699
10000,endpoint,random,5560,0.05130435228347778,0.007527546077854831
10000,endpoint,random,5570,0.05106717348098755,0.007956350388509923
10000,endpoint,random,5580,0.0510671854019165,0.007975976859486223
10000,endpoint,random,5590,0.05130434036254883,0.007782646636642614
10000,endpoint,random,5600,0.05138338804244995,0.007910071777711143
10000,endpoint,random,5610,0.05162056684494019,0.008160879157199772
10000,endpoint,random,5620,0.051778662204742434,0.008191450405385542
10000,endpoint,random,5630,0.0520158052444458,0.007798685752724248
10000,endpoint,random,5640,0.05225297212600708,0.007802694796106654
10000,endpoint,random,5650,0.051936757564544675,0.00816086313521372
10000,endpoint,random,5660,0.051699602603912355,0.00822665237165519
10000,endpoint,random,5670,0.051778650283813475,0.00841718998066122
10000,endpoint,random,5680,0.051778650283813475,0.008546135958834205
10000,endpoint,random,5690,0.05209486484527588,0.00853880612045452
10000,endpoint,random,5700,0.0520158052444458,0.008698350594546296
10000,endpoint,random,5710,0.05233200788497925,0.009110650346873595
10000,endpoint,random,5720,0.05249011516571045,0.009346807597294886
10000,endpoint,random,5730,0.051857709884643555,0.009304928703786065
10000,endpoint,random,5740,0.051699602603912355,0.009400981405791951
10000,endpoint,random,5750,0.05138339996337891,0.008864680316068274
10000,endpoint,random,5760,0.05122530460357666,0.008769891048238866
10000,endpoint,random,5770,0.05130435228347778,0.008339813976858311
10000,endpoint,random,5780,0.05130435228347778,0.00894538043020843
10000,endpoint,random,5790,0.05138341188430786,0.008677668047204889
10000,endpoint,random,5800,0.0518576979637146,0.008914778988939566
10000,endpoint,random,5810,0.051778662204742434,0.009017561159411165
10000,endpoint,random,5820,0.05169961452484131,0.0090581811192683
10000,endpoint,random,5830,0.0523320198059082,0.008884926879465746
10000,endpoint,random,5840,0.052015817165374754,0.008539722866744504
10000,endpoint,random,5850,0.052806317806243896,0.008539741350421234
10000,endpoint,random,5860,0.052727270126342776,0.008796558725642849
10000,endpoint,random,5870,0.05335968732833862,0.00889108064736255
10000,endpoint,random,5880,0.05351779460906982,0.008684858717556693
10000,endpoint,random,5890,0.053122532367706296,0.008598991052789063
10000,endpoint,random,5900,0.052806317806243896,0.008303206267015945
10000,endpoint,random,5910,0.0526482105255127,0.007681607686540703
10000,endpoint,random,5920,0.05264822244644165,0.007912045355973316
10000,endpoint,random,5930,0.05249011516571045,0.007506753234304558
10000,endpoint,random,5940,0.05225297212600708,0.0072849538026079075
10000,endpoint,random,5950,0.05241107940673828,0.007150762185054673
10000,endpoint,random,5960,0.051936769485473634,0.006979390686436347
10000,endpoint,random,5970,0.0520158052444458,0.006599702284971748
10000,endpoint,random,5980,0.05169961452484131,0.0064306723003622205
10000,endpoint,random,5990,0.051778662204742434,0.006180417065796524
10000,endpoint,random,6000,0.052173912525177,0.006262041677254028
10000,endpoint,random,6010,0.05225297212600708,0.006406333403026743
10000,endpoint,random,6020,0.05264823436737061,0.006258303728606927
10000,endpoint,random,6030,0.05209485292434692,0.0058050318712824095
10000,endpoint,random,6040,0.0524901270866394,0.006258290553024773
10000,endpoint,random,6050,0.0524901270866394,0.006610352937836531
10000,endpoint,random,6060,0.05280632972717285,0.006050129177829503
10000,endpoint,random,6070,0.052964413166046144,0.006397785135158604
10000,endpoint,random,6080,0.052173924446105954,0.006373310481752644
10000,endpoint,random,6090,0.05225294828414917,0.006791056481183734
10000,endpoint,random,6100,0.05225296020507812,0.007252728260459263
10000,endpoint,random,6110,0.0520158052444458,0.007145297684197915
10000,endpoint,random,6120,0.0518576979637146,0.0071332523279548105
10000,endpoint,random,6130,0.0520158052444458,0.006234545891328234
10000,endpoint,random,6140,0.052173924446105954,0.006249565614623493
10000,endpoint,random,6150,0.05256916284561157,0.006476662680729969
10000,endpoint,random,6160,0.0523320198059082,0.0070904202203372685
10000,endpoint,random,6170,0.05225297212600708,0.006633956146457407
10000,endpoint,random,6180,0.0523320198059082,0.006940089933113045
10000,endpoint,random,6190,0.0523320198059082,0.006849450797582756
10000,endpoint,random,6200,0.052727270126342776,0.006296860172026355
10000,endpoint,random,6210,0.05241106748580933,0.006240811302097073
10000,endpoint,random,6220,0.05272728204727173,0.006774926337193758
10000,endpoint,random,6230,0.05241105556488037,0.006284441798496774
10000,endpoint,random,6240,0.0523320198059082,0.0064862965570191364
10000,endpoint,random,6250,0.0523320198059082,0.00608233326555076
10000,endpoint,random,6260,0.05225296020507812,0.00593805192185735
10000,endpoint,random,6270,0.052173912525177,0.00614238578663871
10000,endpoint,random,6280,0.05241107940673828,0.0063278079528372826
10000,endpoint,random,6290,0.052173912525177,0.006613908842962315
10000,endpoint,random,6300,0.051857709884643555,0.006467006984903259
10000,endpoint,random,6310,0.05185772180557251,0.006491113668184752
10000,endpoint,random,6320,0.05146244764328003,0.007100320058841951
10000,endpoint,random,6330,0.05162055492401123,0.007057290084478116
10000,endpoint,random,6340,0.051778662204742434,0.00726669863404788
10000,endpoint,random,6350,0.05209486484527588,0.006995021241684273
10000,endpoint,random,6360,0.05154150724411011,0.007128883841325998
10000,endpoint,random,6370,0.05138341188430786,0.007136549345000986
10000,endpoint,random,6380,0.0510671854019165,0.007083821288782845
10000,endpoint,random,6390,0.05130434036254883,0.006503141016321515
10000,endpoint,random,6400,0.05146245956420899,0.007050658307578631
10000,endpoint,random,6410,0.05130434036254883,0.006796801285088767
10000,endpoint,random,6420,0.051541495323181155,0.006792211727258888
10000,endpoint,random,6430,0.05146244764328003,0.007160575143814132
10000,endpoint,random,6440,0.051778650283813475,0.007720174779180009
10000,endpoint,random,6450,0.052094876766204834,0.007696853319686495
10000,endpoint,random,6460,0.052015817165374754,0.00760084678525296
10000,endpoint,random,6470,0.05225296020507812,0.007762536380346638
10000,endpoint,random,6480,0.05249011516571045,0.007640843877717683
10000,endpoint,random,6490,0.051857709884643555,0.008107103388453815
10000,endpoint,random,6500,0.05209485292434692,0.008221908268825018
10000,endpoint,random,6510,0.05256916284561157,0.00813882727381604
10000,endpoint,random,6520,0.05233200788497925,0.008571690187092548
10000,endpoint,random,6530,0.05233200788497925,0.008516851367966259
10000,endpoint,random,6540,0.052015817165374754,0.008608064436873283
10000,endpoint,random,6550,0.05241105556488037,0.008326706496473022
10000,endpoint,random,6560,0.05225296020507812,0.00836321091847988
10000,endpoint,random,6570,0.05241107940673828,0.008103232449579938
10000,endpoint,random,6580,0.05249013900756836,0.008245622773680279
10000,endpoint,random,6590,0.051936757564544675,0.008598985573322938
10000,endpoint,random,6600,0.05162055492401123,0.008512237173767702
10000,endpoint,random,6610,0.0518576979637146,0.008492945552346552
10000,endpoint,random,6620,0.0518576979637146,0.008121540755058975
10000,endpoint,random,6630,0.051778650283813475,0.008134033975443804
10000,endpoint,random,6640,0.0520158052444458,0.0077534575101797145
10000,endpoint,random,6650,0.05225297212600708,0.007926836509051297
10000,endpoint,random,6660,0.05288536548614502,0.007921911671474281
10000,endpoint,random,6670,0.05280632972717285,0.00789326099283552
10000,endpoint,random,6680,0.05249011516571045,0.008212393194844122
10000,endpoint,random,6690,0.05256917476654053,0.0077100295331347995
10000,endpoint,random,6700,0.05272725820541382,0.007888315044145486
10000,endpoint,random,6710,0.052806317806243896,0.008074263073220478
10000,endpoint,random,6720,0.05256916284561157,0.007890282718225654
10000,endpoint,random,6730,0.052964413166046144,0.00749425763324043
10000,endpoint,random,6740,0.05288536548614502,0.007537904895412076
10000,endpoint,random,6750,0.052885377407073976,0.00787244312630176
10000,endpoint,random,6760,0.052885377407073976,0.008164714541876143
10000,endpoint,random,6770,0.05280632972717285,0.008203845492439694
10000,endpoint,random,6780,0.052727270126342776,0.008189527475418774
10000,endpoint,random,6790,0.052964425086975096,0.007750457886024962
10000,endpoint,random,6800,0.053122532367706296,0.007908099941169663
10000,endpoint,random,6810,0.053122532367706296,0.008424603539645123
10000,endpoint,random,6820,0.05320158004760742,0.008270206066988991
10000,endpoint,random,6830,0.053280627727508544,0.007817682146058238
10000,endpoint,random,6840,0.05288536548614502,0.007951441312347218
10000,endpoint,random,6850,0.052806317806243896,0.008684866312998345
10000,endpoint,random,6860,0.052964437007904056,0.00828624689761577
10000,endpoint,random,6870,0.052964425086975096,0.008361313965314018
10000,endpoint,random,6880,0.053201591968536376,0.008489265121696265
10000,endpoint,random,6890,0.05343873500823974,0.008034514815300434
10000,endpoint,random,6900,0.05343872308731079,0.007941606195182952
10000,endpoint,random,6910,0.05320158004760742,0.008016014507607094
10000,endpoint,random,6920,0.053280627727508544,0.0075998143056831375
10000,endpoint,random,6930,0.05335967540740967,0.007720161809733821
10000,endpoint,random,6940,0.05343872308731079,0.007782639068691106
10000,endpoint,random,6950,0.05343873500823974,0.0073436862622180184
10000,endpoint,random,6960,0.05351778268814087,0.007156220867129953
10000,endpoint,random,6970,0.05320158004760742,0.007476502031307123
10000,endpoint,random,6980,0.053201568126678464,0.007312776467091743
10000,endpoint,random,6990,0.052964425086975096,0.007109121928852225
10000,endpoint,random,7000,0.052964437007904056,0.007457673326871286
10000,endpoint,random,7010,0.052727270126342776,0.007544114607709326
10000,endpoint,random,7020,0.05264819860458374,0.007782637403795565
10000,endpoint,random,7030,0.05280632972717285,0.008045204318331868
10000,endpoint,random,7040,0.053122520446777344,0.008127312231053032
10000,endpoint,random,7050,0.052964413166046144,0.008081045706971768
10000,endpoint,random,7060,0.052806317806243896,0.008317305931569602
10000,endpoint,random,7070,0.05288538932800293,0.00876454097517095
10000,endpoint,random,7080,0.0534387469291687,0.009019301675894825
10000,endpoint,random,7090,0.053122544288635255,0.00885408749927197
10000,endpoint,random,7100,0.052727270126342776,0.008671355085921465
10000,endpoint,random,7110,0.0526482105255127,0.008212387887722123
10000,endpoint,random,7120,0.052885377407073976,0.008647885238054367
10000,endpoint,random,7130,0.05256917476654053,0.00821049783803243
10000,endpoint,random,7140,0.05264819860458374,0.008000403591908685
10000,endpoint,random,7150,0.052885377407073976,0.00794651363883448
10000,endpoint,random,7160,0.05351777076721191,0.007947507451363724
10000,endpoint,random,7170,0.053201568126678464,0.008419987478326993
10000,endpoint,random,7180,0.052885377407073976,0.008502150534639747
10000,endpoint,random,7190,0.05335968732833862,0.007993567416336295
10000,endpoint,random,7200,0.053280627727508544,0.007990636110204775
10000,endpoint,random,7210,0.05343872308731079,0.007916981687365432
10000,endpoint,random,7220,0.05320158004760742,0.00823708166772793
10000,endpoint,random,7230,0.053359699249267575,0.008071373770700104
10000,endpoint,random,7240,0.05351778268814087,0.008160865011640239
10000,endpoint,random,7250,0.05399210453033447,0.008270227147174446
10000,endpoint,random,7260,0.054387354850769044,0.008025748021270368
10000,endpoint,random,7270,0.05415019989013672,0.008596269485925016
10000,endpoint,random,7280,0.05407114028930664,0.009010647761972437
10000,endpoint,random,7290,0.05375493764877319,0.008333271507149614
10000,endpoint,random,7300,0.0539130449295044,0.008562575369886784
10000,endpoint,random,7310,0.05415019989013672,0.00899154726523279
10000,endpoint,random,7320,0.054150187969207765,0.008591727969174118
10000,endpoint,random,7330,0.05399210453033447,0.008274940843687763
10000,endpoint,random,7340,0.05430830717086792,0.008823177041867589
10000,endpoint,random,7350,0.05446639060974121,0.00885322831957458
10000,endpoint,random,7360,0.054387354850769044,0.00890249665397695
10000,endpoint,random,7370,0.05430830717086792,0.008933155202263591
10000,endpoint,random,7380,0.054229247570037845,0.008910378000935863
10000,endpoint,random,7390,0.054624521732330324,0.008795683882085407
10000,endpoint,random,7400,0.05446639060974121,0.009182394096176648
10000,endpoint,random,7410,0.05486166477203369,0.009425865144443917
10000,endpoint,random,7420,0.05509880781173706,0.009389332466636405
10000,endpoint,random,7430,0.055335962772369386,0.009782095684894404
10000,endpoint,random,7440,0.055494070053100586,0.009919277292676706
10000,endpoint,random,7450,0.05517786741256714,0.009938967675334682
10000,endpoint,random,7460,0.055335962772369386,0.010288080936047373
10000,endpoint,random,7470,0.05525690317153931,0.010159709475842129
10000,endpoint,random,7480,0.055177855491638186,0.010530444970861742
10000,endpoint,random,7490,0.05517786741256714,0.010783345726189476
10000,endpoint,random,7500,0.05494071245193481,0.010950095528671837
10000,endpoint,random,7510,0.05494071245193481,0.010310812238487453
10000,endpoint,random,7520,0.05517786741256714,0.009848148236344714
10000,endpoint,random,7530,0.05509881973266602,0.009942895267533197
10000,endpoint,random,7540,0.05525691509246826,0.010043707595553912
10000,endpoint,random,7550,0.05517786741256714,0.010083292647499922
10000,endpoint,random,7560,0.05501976013183594,0.01049256711404523
10000,endpoint,random,7570,0.05517786741256714,0.010396068798646546
10000,endpoint,random,7580,0.054624509811401364,0.01057043247466857
10000,endpoint,random,7590,0.054624509811401364,0.010380268065299333
10000,endpoint,random,7600,0.05470355749130249,0.010263716595993554
10000,endpoint,random,7610,0.05478261709213257,0.010244677080940484
10000,endpoint,random,7620,0.05478261709213257,0.010710648632662861
10000,endpoint,random,7630,0.05462449789047241,0.010640397572632502
10000,endpoint,random,7640,0.054387354850769044,0.010663130416998219
10000,endpoint,random,7650,0.054624521732330324,0.01012890927074904
10000,endpoint,random,7660,0.054466402530670165,0.010323696233262684
10000,endpoint,random,7670,0.054466402530670165,0.010462715521338636
10000,endpoint,random,7680,0.05407114028930664,0.010735406046014844
10000,endpoint,random,7690,0.0539130449295044,0.010815885015696256
10000,endpoint,random,7700,0.05399209260940552,0.010772471513313698
10000,endpoint,random,7710,0.05430830717086792,0.010998506369287377
10000,endpoint,random,7720,0.05415019989013672,0.010978593549862335
10000,endpoint,random,7730,0.05391303300857544,0.011529026788520007
10000,endpoint,random,7740,0.05359684228897095,0.011244344991755376
10000,endpoint,random,7750,0.05383398532867432,0.010807933346046395
10000,endpoint,random,7760,0.054229247570037845,0.010680680784797465
10000,endpoint,random,7770,0.0540711522102356,0.010771746321284506
10000,endpoint,random,7780,0.05367588996887207,0.010629392634818905
10000,endpoint,random,7790,0.0540711522102356,0.010451525636209059
10000,endpoint,random,7800,0.05391303300857544,0.010526737494721378
10000,endpoint,random,7810,0.05407114028930664,0.010144309973313325
10000,endpoint,random,7820,0.05399210453033447,0.010221790525689176
10000,endpoint,random,7830,0.0540711522102356,0.010499989854874407
10000,endpoint,random,7840,0.05383398532867432,0.010669745217154247
10000,endpoint,random,7850,0.05351779460906982,0.010962927677443241
10000,endpoint,random,7860,0.054150176048278806,0.010759402805124645
10000,endpoint,random,7870,0.054624509811401364,0.010008645826062746
10000,endpoint,random,7880,0.05407114028930664,0.009946034140060666
10000,endpoint,random,7890,0.05391303300857544,0.01012581778068866
10000,endpoint,random,7900,0.0539130449295044,0.009907465680400039
10000,endpoint,random,7910,0.05367588996887207,0.01012117377041169
10000,endpoint,random,7920,0.05351779460906982,0.009776506392397947
10000,endpoint,random,7930,0.05343872308731079,0.009630810760022009
10000,endpoint,random,7940,0.05367588996887207,0.00931328172981602
10000,endpoint,random,7950,0.05399209260940552,0.009639717094487507
10000,endpoint,random,7960,0.054308295249938965,0.009397618744008806
10000,endpoint,random,7970,0.05399209260940552,0.009127761640387496
10000,endpoint,random,7980,0.05351779460906982,0.008644280587048291
10000,endpoint,random,7990,0.05351779460906982,0.008738643954436675
10000,endpoint,random,8000,0.05383398532867432,0.008419052517262483
10000,endpoint,random,8010,0.053992080688476565,0.00843388436977703
10000,endpoint,random,8020,0.05407114028930664,0.008053926386458642
10000,endpoint,random,8030,0.0539130449295044,0.008340741861289636
10000,endpoint,random,8040,0.053992080688476565,0.00858534577776949
10000,endpoint,random,8050,0.0542292594909668,0.00851590947444606
10000,endpoint,random,8060,0.0542292594909668,0.008661432396532262
10000,endpoint,random,8070,0.0542292594909668,0.008483755575143526
10000,endpoint,random,8080,0.05454545021057129,0.008609875558328244
10000,endpoint,random,8090,0.054387354850769044,0.008752058974829212
10000,endpoint,random,8100,0.054624509811401364,0.008652417972226708
10000,endpoint,random,8110,0.05462449789047241,0.008306979767284917
10000,endpoint,random,8120,0.05478259325027466,0.008535158576506777
10000,endpoint,random,8130,0.05501977205276489,0.008525084272659208
10000,endpoint,random,8140,0.05494071245193481,0.008718078617570764
10000,endpoint,random,8150,0.05470355749130249,0.00889809846075478
10000,endpoint,random,8160,0.054387354850769044,0.008884912295714009
10000,endpoint,random,8170,0.0539130449295044,0.009002821876215313
10000,endpoint,random,8180,0.05375493764877319,0.008891082634722184
10000,endpoint,random,8190,0.05399210453033447,0.008787688411200171
10000,endpoint,random,8200,0.05383399724960327,0.00833512085657969
10000,endpoint,random,8210,0.054229247570037845,0.008335131314634467
10000,endpoint,random,8220,0.054466402530670165,0.008278696066636039
10000,endpoint,random,8230,0.054387354850769044,0.00805004055898081
10000,endpoint,random,8240,0.05415019989013672,0.008022814230871625
10000,endpoint,random,8250,0.054308295249938965,0.008006253859057214
10000,endpoint,random,8260,0.054150187969207765,0.008727014960761607
10000,endpoint,random,8270,0.05383398532867432,0.008853206498691323
10000,endpoint,random,8280,0.05391303300857544,0.009263676572088632
10000,endpoint,random,8290,0.05430830717086792,0.008880516270538681
10000,endpoint,random,8300,0.05454545021057129,0.00878057282888674
10000,endpoint,random,8310,0.054545462131500244,0.008718060376805366
10000,endpoint,random,8320,0.05470355749130249,0.008954958632817447
10000,endpoint,random,8330,0.054624509811401364,0.00877788434527852
10000,endpoint,random,8340,0.05486166477203369,0.009053878721248177
10000,endpoint,random,8350,0.05494071245193481,0.009133760701165127
10000,endpoint,random,8360,0.0542292594909668,0.009400955468306344
10000,endpoint,random,8370,0.05399210453033447,0.00943496769040001
10000,endpoint,random,8380,0.05407114028930664,0.009359328431429764
10000,endpoint,random,8390,0.05359683036804199,0.009875888487514922
10000,endpoint,random,8400,0.05351779460906982,0.010206489423147285
10000,endpoint,random,8410,0.05367588996887207,0.010684367917722955
10000,endpoint,random,8420,0.05335968732833862,0.010344871334218781
10000,endpoint,random,8430,0.0532806396484375,0.010159704722149707
10000,endpoint,random,8440,0.05351779460906982,0.009631617698471054
10000,endpoint,random,8450,0.05383399724960327,0.009727637943392035
10000,endpoint,random,8460,0.0534387469291687,0.009471305690563146
10000,endpoint,random,8470,0.05351778268814087,0.009768526804536763
10000,endpoint,random,8480,0.053280627727508544,0.009618629121744167
10000,endpoint,random,8490,0.05335967540740967,0.009661573714127016
10000,endpoint,random,8500,0.052964425086975096,0.00982990127367937
10000,endpoint,random,8510,0.053043472766876223,0.009799659652894149
10000,endpoint,random,8520,0.05351778268814087,0.009927164540077936
10000,endpoint,random,8530,0.05391303300857544,0.010110378773459633
10000,endpoint,random,8540,0.05399209260940552,0.009966420161478994
10000,endpoint,random,8550,0.0539130449295044,0.01041483879442415
10000,endpoint,random,8560,0.0539130449295044,0.010195000865435686
10000,endpoint,random,8570,0.05407116413116455,0.009918496963995299
10000,endpoint,random,8580,0.05478260517120361,0.010001619240870032
10000,endpoint,random,8590,0.05478260517120361,0.009962493921707366
10000,endpoint,random,8600,0.05470355749130249,0.01036221845290272
10000,endpoint,random,8610,0.054387366771698,0.009792473848585287
10000,endpoint,random,8620,0.05430830717086792,0.009772511446275917
10000,endpoint,random,8630,0.05383399724960327,0.009520668123236535
10000,endpoint,random,8640,0.05399210453033447,0.009574683338519206
10000,endpoint,random,8650,0.05407114028930664,0.009711569466091174
10000,endpoint,random,8660,0.05399209260940552,0.00954607204037058
10000,endpoint,random,8670,0.054308295249938965,0.009447368193351853
10000,endpoint,random,8680,0.05407114028930664,0.00949191212787368
10000,endpoint,random,8690,0.0539130449295044,0.009619430346949641
10000,endpoint,random,8700,0.0539130449295044,0.009586894768013991
10000,endpoint,random,8710,0.053992080688476565,0.009054731090478739
10000,endpoint,random,8720,0.05399209260940552,0.009297333296275233
10000,endpoint,random,8730,0.05367590188980102,0.009475439687917692
10000,endpoint,random,8740,0.05399210453033447,0.009903518922856392
10000,endpoint,random,8750,0.05383398532867432,0.009695455283485595
10000,endpoint,random,8760,0.05359684228897095,0.009439096137730885
10000,endpoint,random,8770,0.05367588996887207,0.00957794952310908
10000,endpoint,random,8780,0.05367590188980102,0.0094506781293096
10000,endpoint,random,8790,0.05367588996887207,0.00957794952310908
10000,endpoint,random,8800,0.05383398532867432,0.00973567802649402
10000,endpoint,random,8810,0.05359684228897095,0.009796442136678704
10000,endpoint,random,8820,0.05399210453033447,0.009989903099794141
10000,endpoint,random,8830,0.05375494956970215,0.009555886228168692
10000,endpoint,random,8840,0.05422927141189575,0.00963890753446922
10000,endpoint,random,8850,0.05407114028930664,0.010090268545004739
10000,endpoint,random,8860,0.054387366771698,0.010240891109816491
10000,endpoint,random,8870,0.05399210453033447,0.010305498617074891
10000,endpoint,random,8880,0.05391305685043335,0.009985997535196595
10000,endpoint,random,8890,0.05375493764877319,0.01039381530444574
10000,endpoint,random,8900,0.0534387469291687,0.009965642342121576
10000,endpoint,random,8910,0.053122520446777344,0.009828308264309997
10000,endpoint,random,8920,0.053122532367706296,0.010263744370020507
10000,endpoint,random,8930,0.0532806396484375,0.010098022470696426
10000,endpoint,random,8940,0.05351778268814087,0.010256113553519627
10000,endpoint,random,8950,0.05359684228897095,0.009950738343248201
10000,endpoint,random,8960,0.0534387469291687,0.00970352312485017
10000,endpoint,random,8970,0.053359699249267575,0.009240041652703404
10000,endpoint,random,8980,0.05320158004760742,0.008382784104848051
10000,endpoint,random,8990,0.053043472766876223,0.008202888480509473
10000,endpoint,random,9000,0.05320158004760742,0.008025743618085448
10000,endpoint,random,9010,0.05351779460906982,0.007823658507778516
10000,endpoint,random,9020,0.05359684228897095,0.008213335761319841
10000,endpoint,random,9030,0.053043472766876223,0.007921908697578839
10000,endpoint,random,9040,0.053201591968536376,0.008001372455842726
10000,endpoint,random,9050,0.05335968732833862,0.00823897462633059
10000,endpoint,random,9060,0.0532806396484375,0.008311647677488269
10000,endpoint,random,9070,0.05335968732833862,0.0082104777522649
10000,endpoint,random,9080,0.05320158004760742,0.008626204695845859
10000,endpoint,random,9090,0.05351779460906982,0.008920013993648123
10000,endpoint,random,9100,0.05351780652999878,0.008920013069207137
10000,endpoint,random,9110,0.05335968732833862,0.008820515299366382
10000,endpoint,random,9120,0.05359684228897095,0.009736461876705557
10000,endpoint,random,9130,0.05359683036804199,0.009788472302094973
10000,endpoint,random,9140,0.053043472766876223,0.009973463632126684
10000,endpoint,random,9150,0.05335968732833862,0.009669638151318436
10000,endpoint,random,9160,0.05359683036804199,0.01039608760767372
10000,endpoint,random,9170,0.05375493764877319,0.010442550746285445
10000,endpoint,random,9180,0.05343873500823974,0.01007089012867831
10000,endpoint,random,9190,0.0539130449295044,0.010354668511248678
10000,endpoint,random,9200,0.05367590188980102,0.009695460507761747
10000,endpoint,random,9210,0.05359684228897095,0.009468025484819044
10000,endpoint,random,9220,0.052964425086975096,0.009596663279986352
10000,endpoint,random,9230,0.05272728204727173,0.00952150715982057
10000,endpoint,random,9240,0.05272729396820068,0.009443235129520666
10000,endpoint,random,9250,0.0526482105255127,0.009703529194579317
10000,endpoint,random,9260,0.052885377407073976,0.009573854868085133
10000,endpoint,random,9270,0.052806317806243896,0.00931414539231163
10000,endpoint,random,9280,0.052173924446105954,0.009340919511219022
10000,endpoint,random,9290,0.05225297212600708,0.009237492504952526
10000,endpoint,random,9300,0.05233200788497925,0.008915644920911195
10000,endpoint,random,9310,0.05209486484527588,0.009442403359481167
10000,endpoint,random,9320,0.05225296020507812,0.009317492287427065
10000,endpoint,random,9330,0.05241106748580933,0.009488609499483233
10000,endpoint,random,9340,0.052173912525177,0.009353481474996185
10000,endpoint,random,9350,0.051857709884643555,0.009384314585506657
10000,endpoint,random,9360,0.05209486484527588,0.009508370649341251
10000,endpoint,random,9370,0.0523320198059082,0.009443243362405295
10000,endpoint,random,9380,0.05225296020507812,0.00896718566263989
10000,endpoint,random,9390,0.05241106748580933,0.008752059513172103
10000,endpoint,random,9400,0.05241106748580933,0.008303217332690124
10000,endpoint,random,9410,0.052173912525177,0.008042277918464453
10000,endpoint,random,9420,0.0523320198059082,0.008227586718645067
10000,endpoint,random,9430,0.05233200788497925,0.008702823206409539
10000,endpoint,random,9440,0.05233200788497925,0.00888491123508749
10000,endpoint,random,9450,0.05256916284561157,0.00885144529918418
10000,endpoint,random,9460,0.05256917476654053,0.008582608217803281
10000,endpoint,random,9470,0.053043484687805176,0.008782344485563294
10000,endpoint,random,9480,0.052806317806243896,0.008689357795210727
10000,endpoint,random,9490,0.05256916284561157,0.008771657476370789
10000,endpoint,random,9500,0.05233200788497925,0.008871707063081083
10000,endpoint,random,9510,0.05264822244644165,0.00875562530814218
10000,endpoint,random,9520,0.05264822244644165,0.008755624635487616
10000,endpoint,random,9530,0.05264822244644165,0.008629824404479222
10000,endpoint,random,9540,0.052964425086975096,0.009116649555455561
10000,endpoint,random,9550,0.053043472766876223,0.009096921977676399
10000,endpoint,random,9560,0.052964425086975096,0.008851432656509622
10000,endpoint,random,9570,0.05320158004760742,0.008438511674220321
10000,endpoint,random,9580,0.05359683036804199,0.00881430852393521
10000,endpoint,random,9590,0.05375494956970215,0.009030538374660332
10000,endpoint,random,9600,0.05375494956970215,0.008947990680196652
10000,endpoint,random,9610,0.05383399724960327,0.009233257968390906
10000,endpoint,random,9620,0.05391303300857544,0.009284735202970667
10000,endpoint,random,9630,0.05383399724960327,0.009855280538054245
10000,endpoint,random,9640,0.05407116413116455,0.009392644418524906
10000,endpoint,random,9650,0.05399209260940552,0.009627559205259397
10000,endpoint,random,9660,0.05415021181106568,0.009713981717117001
10000,endpoint,random,9670,0.05422927141189575,0.009317492287427065
10000,endpoint,random,9680,0.05383400917053223,0.009199373864346331
10000,endpoint,random,9690,0.05343873500823974,0.009487805917523488
10000,endpoint,random,9700,0.05383400917053223,0.009602368909232498
10000,endpoint,random,9710,0.05415021181106568,0.00921887965139225
10000,endpoint,random,9720,0.054624509811401364,0.009646997024889768
10000,endpoint,random,9730,0.05494071245193481,0.009494372123244927
10000,endpoint,random,9740,0.05509881973266602,0.009204451871009758
10000,endpoint,random,9750,0.054703569412231444,0.009380984373473936
10000,endpoint,random,9760,0.0542292594909668,0.009516563180359983
10000,endpoint,random,9770,0.05415019989013672,0.009473788195405413
10000,endpoint,random,9780,0.05399209260940552,0.009322516063193776
10000,endpoint,random,9790,0.0542292594909668,0.009258621124169569
10000,endpoint,random,9800,0.05415019989013672,0.008709092528189136
10000,endpoint,random,9810,0.05415019989013672,0.008673137236329858
10000,endpoint,random,9820,0.05415019989013672,0.00874488786525307
10000,endpoint,random,9830,0.0539130449295044,0.008562575369886784
10000,endpoint,random,9840,0.0535968542098999,0.008823156615217232
10000,endpoint,random,9850,0.05367588996887207,0.008534225880857503
10000,endpoint,random,9860,0.05375494956970215,0.008753831827050581
10000,endpoint,random,9870,0.05343873500823974,0.008835550841685203
10000,endpoint,random,9880,0.05343873500823974,0.009135456642925963
10000,endpoint,random,9890,0.05343873500823974,0.008919140561588615
10000,endpoint,random,9900,0.05320158004760742,0.009157665421820687
10000,endpoint,random,9910,0.05335968732833862,0.009307437613466304
10000,endpoint,random,9920,0.05351778268814087,0.009537889047471736
10000,endpoint,random,9930,0.05343873500823974,0.009169601863603109
10000,endpoint,random,9940,0.053280627727508544,0.009317478254347901
10000,endpoint,random,9950,0.0534387469291687,0.009300694347115761
10000,endpoint,random,9960,0.053122532367706296,0.009582819177786719
10000,endpoint,random,9970,0.052964413166046144,0.008939258771299953
10000,endpoint,random,9980,0.05288536548614502,0.008910377339864077
10000,endpoint,random,9990,0.052964425086975096,0.008838205790299886
10000,endpoint,random,10000,0.052885377407073976,0.008777902864316463
10000,subset_accuracy_drop,random,0,0.0,0.0
10000,subset_accuracy_drop,random,10,0.0005533456802368164,0.0010307105080933085
10000,subset_accuracy_drop,random,20,0.001106727123260498,0.0016862389471050758
10000,subset_accuracy_drop,random,30,0.0014229178428649901,0.0019484286373316793
10000,subset_accuracy_drop,random,40,0.0013438701629638673,0.0017364538161116687
10000,subset_accuracy_drop,random,50,0.0018181800842285156,0.001494701261999126
10000,subset_accuracy_drop,random,60,0.001976275444030762,0.0020154247495796102
10000,subset_accuracy_drop,random,70,0.0018181800842285156,0.001988099110416228
10000,subset_accuracy_drop,random,80,0.0026086807250976563,0.0017587855813517453
10000,subset_accuracy_drop,random,90,0.0026877522468566895,0.002080270560201811
10000,subset_accuracy_drop,random,100,0.0028458476066589356,0.0016392351270301919
10000,subset_accuracy_drop,random,110,0.0029248952865600585,0.002540115269343374
10000,subset_accuracy_drop,random,120,0.003241109848022461,0.0032760855359662924
10000,subset_accuracy_drop,random,130,0.0035573244094848633,0.003259369320606536
10000,subset_accuracy_drop,random,140,0.0037944555282592774,0.0028720793588202106
10000,subset_accuracy_drop,random,150,0.004268777370452881,0.003092089617372791
10000,subset_accuracy_drop,random,160,0.004189717769622803,0.0037246432348961296
10000,subset_accuracy_drop,random,170,0.004347836971282959,0.003099676644997015
10000,subset_accuracy_drop,random,180,0.00490119457244873,0.0025246737574338763
10000,subset_accuracy_drop,random,190,0.005296432971954345,0.0021026575626776466
10000,subset_accuracy_drop,random,200,0.005375492572784424,0.00226366537286116
10000,subset_accuracy_drop,random,210,0.005296444892883301,0.0021394916740945106
10000,subset_accuracy_drop,random,220,0.005059289932250977,0.0015908594049992796
10000,subset_accuracy_drop,random,230,0.005217409133911133,0.0015409864053690541
10000,subset_accuracy_drop,random,240,0.005770742893218994,0.0014414660012193603
10000,subset_accuracy_drop,random,250,0.006166017055511475,0.0015205822029395056
10000,subset_accuracy_drop,random,260,0.0064031720161437985,0.0025370343001360905
10000,subset_accuracy_drop,random,270,0.006798410415649414,0.0022774263959296336
10000,subset_accuracy_drop,random,280,0.006719374656677246,0.0023047029826018714
10000,subset_accuracy_drop,random,290,0.007114636898040772,0.002253299649139859
10000,subset_accuracy_drop,random,300,0.007588934898376465,0.0020613798719140053
10000,subset_accuracy_drop,random,310,0.007984185218811035,0.0014629756697468906
10000,subset_accuracy_drop,random,320,0.008537542819976807,0.0016908548554590203
10000,subset_accuracy_drop,random,330,0.009169960021972656,0.0014360167116660998
10000,subset_accuracy_drop,random,340,0.009565222263336181,0.001408573642581031
10000,subset_accuracy_drop,random,350,0.009407114982604981,0.0014085903678639716
10000,subset_accuracy_drop,random,360,0.010118567943572998,0.0018454619872101286
10000,subset_accuracy_drop,random,370,0.010118567943572998,0.0024461166176886814
10000,subset_accuracy_drop,random,380,0.010197627544403075,0.0018198692718813263
10000,subset_accuracy_drop,random,390,0.009960484504699708,0.0030023689812459673
10000,subset_accuracy_drop,random,400,0.010118567943572998,0.003119771319272137
10000,subset_accuracy_drop,random,410,0.01083003282546997,0.0023148456606282264
10000,subset_accuracy_drop,random,420,0.012173926830291748,0.002080263765057863
10000,subset_accuracy_drop,random,430,0.011857712268829345,0.002015418905134521
10000,subset_accuracy_drop,random,440,0.012252962589263916,0.001452263497773226
10000,subset_accuracy_drop,random,450,0.01225297451019287,0.0019160845184148215
10000,subset_accuracy_drop,random,460,0.012094855308532715,0.002280863750060896
10000,subset_accuracy_drop,random,470,0.01272728443145752,0.0021900246997359563
10000,subset_accuracy_drop,random,480,0.013043475151062012,0.0019160998878901595
10000,subset_accuracy_drop,random,490,0.01335967779159546,0.0020037746764386332
10000,subset_accuracy_drop,random,500,0.013596844673156739,0.0018241993730663656
10000,subset_accuracy_drop,random,510,0.013596820831298827,0.0019683766829320867
10000,subset_accuracy_drop,random,520,0.01415020227432251,0.0024269130384972568
10000,subset_accuracy_drop,random,530,0.014071142673492432,0.0019484195687611077
10000,subset_accuracy_drop,random,540,0.013754940032958985,0.0018831999763149088
10000,subset_accuracy_drop,random,550,0.013754940032958985,0.0021174885696318745
10000,subset_accuracy_drop,random,560,0.013992106914520264,0.0025706966819722724
10000,subset_accuracy_drop,random,570,0.01351778507232666,0.003179310058100996
10000,subset_accuracy_drop,random,580,0.013754940032958985,0.003886813204711371
10000,subset_accuracy_drop,random,590,0.013913047313690186,0.004034718704201202
10000,subset_accuracy_drop,random,600,0.014387357234954833,0.0029126079027817038
10000,subset_accuracy_drop,random,610,0.014308309555053711,0.0020614101577769695
10000,subset_accuracy_drop,random,620,0.014940714836120606,0.0025828287752633077
10000,subset_accuracy_drop,random,630,0.015256917476654053,0.00340702700179932
10000,subset_accuracy_drop,random,640,0.015652179718017578,0.0033140450524650183
10000,subset_accuracy_drop,random,650,0.015335965156555175,0.0028420080619779506
10000,subset_accuracy_drop,random,660,0.015335965156555175,0.00281440769424236
10000,subset_accuracy_drop,random,670,0.015177857875823975,0.002978907737676836
10000,subset_accuracy_drop,random,680,0.015731227397918702,0.0028420316872961957
10000,subset_accuracy_drop,random,690,0.016126477718353273,0.0029499192523219256
10000,subset_accuracy_drop,random,700,0.01715414524078369,0.003407044634784084
10000,subset_accuracy_drop,random,710,0.016837942600250243,0.0036074701230167303
10000,subset_accuracy_drop,random,720,0.016679835319519044,0.0033468767433094335
10000,subset_accuracy_drop,random,730,0.017075097560882567,0.002612898596839754
10000,subset_accuracy_drop,random,740,0.01723320484161377,0.0030946465771657626
10000,subset_accuracy_drop,random,750,0.017470359802246094,0.0037225896041354813
10000,subset_accuracy_drop,random,760,0.017470359802246094,0.0034161971783242084
10000,subset_accuracy_drop,random,770,0.017154157161712646,0.003266571809206267
10000,subset_accuracy_drop,random,780,0.01762845516204834,0.004380079520281659
10000,subset_accuracy_drop,random,790,0.017786550521850585,0.004575454681575092
10000,subset_accuracy_drop,random,800,0.018418967723846436,0.005218306693637433
10000,subset_accuracy_drop,random,810,0.018339920043945312,0.004563481987135545
10000,subset_accuracy_drop,random,820,0.018260884284973144,0.004484055447963051
10000,subset_accuracy_drop,random,830,0.018498039245605467,0.0042698928832708314
10000,subset_accuracy_drop,random,840,0.018260872364044188,0.004553180871634268
10000,subset_accuracy_drop,random,850,0.018339931964874268,0.004262564106276819
10000,subset_accuracy_drop,random,860,0.018656134605407715,0.004196070400224929
10000,subset_accuracy_drop,random,870,0.018814229965209962,0.00387876948703853
10000,subset_accuracy_drop,random,880,0.018735170364379883,0.004459591148058552
10000,subset_accuracy_drop,random,890,0.01928853988647461,0.004378280595940363
10000,subset_accuracy_drop,random,900,0.01920948028564453,0.004450826962167537
10000,subset_accuracy_drop,random,910,0.01913043260574341,0.004901856733217578
10000,subset_accuracy_drop,random,920,0.019367587566375733,0.004928858326583144
10000,subset_accuracy_drop,random,930,0.019525694847106933,0.004853793798734011
10000,subset_accuracy_drop,random,940,0.019525694847106933,0.004450841783146313
10000,subset_accuracy_drop,random,950,0.020158100128173827,0.004515297232189811
10000,subset_accuracy_drop,random,960,0.020948612689971925,0.0041830381552022755
10000,subset_accuracy_drop,random,970,0.021185779571533205,0.004442060600040407
10000,subset_accuracy_drop,random,980,0.021264827251434325,0.00418674533464233
10000,subset_accuracy_drop,random,990,0.021264815330505372,0.003594461065026962
10000,subset_accuracy_drop,random,1000,0.021106719970703125,0.003418457967269516
10000,subset_accuracy_drop,random,1010,0.021897244453430175,0.003908863674887925
10000,subset_accuracy_drop,random,1020,0.02181819677352905,0.0042790262929267965
10000,subset_accuracy_drop,random,1030,0.02189723253250122,0.004262567975153329
10000,subset_accuracy_drop,random,1040,0.02237154245376587,0.00376638275097211
10000,subset_accuracy_drop,random,1050,0.022608685493469238,0.00353971955285405
10000,subset_accuracy_drop,random,1060,0.02252964973449707,0.003445793086443951
10000,subset_accuracy_drop,random,1070,0.02252964973449707,0.003365496460939056
10000,subset_accuracy_drop,random,1080,0.022450590133666994,0.00292330767215284
10000,subset_accuracy_drop,random,1090,0.022450602054595946,0.0030024038995004445
10000,subset_accuracy_drop,random,1100,0.02268773317337036,0.002817179063019919
10000,subset_accuracy_drop,random,1110,0.02292490005493164,0.0025615893350019845
10000,subset_accuracy_drop,random,1120,0.023399209976196288,0.0026128963428243665
10000,subset_accuracy_drop,random,1130,0.02332015037536621,0.00203472708115132
10000,subset_accuracy_drop,random,1140,0.02347825765609741,0.0012053796237860358
10000,subset_accuracy_drop,random,1150,0.02363635301589966,0.0013519817066469616
10000,subset_accuracy_drop,random,1160,0.024189722537994385,0.0018412356336196727
10000,subset_accuracy_drop,random,1170,0.02450593709945679,0.001995959364520459
10000,subset_accuracy_drop,random,1180,0.024664032459259033,0.0024620556587685574
10000,subset_accuracy_drop,random,1190,0.024189722537994385,0.002172127801245798
10000,subset_accuracy_drop,random,1200,0.024664032459259033,0.0027611601047258343
10000,subset_accuracy_drop,random,1210,0.02466404438018799,0.002803282214992973
10000,subset_accuracy_drop,random,1220,0.024505925178527833,0.0030488712071746627
10000,subset_accuracy_drop,random,1230,0.02434781789779663,0.002732732096905682
10000,subset_accuracy_drop,random,1240,0.024743080139160156,0.0028032633055721
10000,subset_accuracy_drop,random,1250,0.02498023509979248,0.003129786271075109
10000,subset_accuracy_drop,random,1260,0.025138342380523683,0.003337526342668701
10000,subset_accuracy_drop,random,1270,0.025059282779693604,0.0033140610474607676
10000,subset_accuracy_drop,random,1280,0.025138342380523683,0.0034751213584055234
10000,subset_accuracy_drop,random,1290,0.02553359270095825,0.003056554722985144
10000,subset_accuracy_drop,random,1300,0.02537548542022705,0.0025828296873655916
10000,subset_accuracy_drop,random,1310,0.02569171190261841,0.0028365040747593104
10000,subset_accuracy_drop,random,1320,0.026086962223052977,0.0028639161783186144
10000,subset_accuracy_drop,random,1330,0.025928854942321777,0.0038178578051010635
10000,subset_accuracy_drop,random,1340,0.025849807262420654,0.0034751223753149824
10000,subset_accuracy_drop,random,1350,0.026086950302124025,0.0038014500843698285
10000,subset_accuracy_drop,random,1360,0.0260079026222229,0.0037225519480906595
10000,subset_accuracy_drop,random,1370,0.026324117183685304,0.003817862124626079
10000,subset_accuracy_drop,random,1380,0.026561260223388672,0.004654963434106983
10000,subset_accuracy_drop,random,1390,0.02664031982421875,0.0046145313576616545
10000,subset_accuracy_drop,random,1400,0.026482212543487548,0.004668367266081756
10000,subset_accuracy_drop,random,1410,0.026403164863586424,0.0051792088936683245
10000,subset_accuracy_drop,random,1420,0.026640307903289796,0.005019903150321864
10000,subset_accuracy_drop,random,1430,0.026403152942657472,0.005224275511077133
10000,subset_accuracy_drop,random,1440,0.026245057582855225,0.005488228215364314
10000,subset_accuracy_drop,random,1450,0.025770747661590578,0.0054653960865648134
10000,subset_accuracy_drop,random,1460,0.0260079026222229,0.005313206912901638
10000,subset_accuracy_drop,random,1470,0.02592884302139282,0.005336692404411084
10000,subset_accuracy_drop,random,1480,0.026245057582855225,0.005759075572072372
10000,subset_accuracy_drop,random,1490,0.026561260223388672,0.005778044328394119
10000,subset_accuracy_drop,random,1500,0.02624506950378418,0.005998255621470506
10000,subset_accuracy_drop,random,1510,0.026324117183685304,0.006413631454720623
10000,subset_accuracy_drop,random,1520,0.02624506950378418,0.005786151588940835
10000,subset_accuracy_drop,random,1530,0.026324129104614256,0.006017772522213511
10000,subset_accuracy_drop,random,1540,0.026245057582855225,0.006425806579748395
10000,subset_accuracy_drop,random,1550,0.026245057582855225,0.006228275123431079
10000,subset_accuracy_drop,random,1560,0.025533604621887206,0.0064621715392560964
10000,subset_accuracy_drop,random,1570,0.026007914543151857,0.006406332299724116
10000,subset_accuracy_drop,random,1580,0.0261660099029541,0.006264547446737504
10000,subset_accuracy_drop,random,1590,0.0269565224647522,0.005811746355984364
10000,subset_accuracy_drop,random,1600,0.02703557014465332,0.005704580341800278
10000,subset_accuracy_drop,random,1610,0.0271146297454834,0.0053658977505862075
10000,subset_accuracy_drop,random,1620,0.026877474784851075,0.005659218070846643
10000,subset_accuracy_drop,random,1630,0.027272737026214598,0.005130741928593736
10000,subset_accuracy_drop,random,1640,0.02727271318435669,0.004991831344904952
10000,subset_accuracy_drop,random,1650,0.027193665504455566,0.005041655377516839
10000,subset_accuracy_drop,random,1660,0.027272725105285646,0.005376055692527656
10000,subset_accuracy_drop,random,1670,0.027430832386016846,0.00483764787757744
10000,subset_accuracy_drop,random,1680,0.027430832386016846,0.0049886818568436134
10000,subset_accuracy_drop,random,1690,0.027667999267578125,0.004881059831259967
10000,subset_accuracy_drop,random,1700,0.028221356868743896,0.005430993838240132
10000,subset_accuracy_drop,random,1710,0.028142309188842772,0.005148960980815526
10000,subset_accuracy_drop,random,1720,0.02774704694747925,0.004868243823208255
10000,subset_accuracy_drop,random,1730,0.027826082706451417,0.004690076492928185
10000,subset_accuracy_drop,random,1740,0.027667999267578125,0.004881059831259967
10000,subset_accuracy_drop,random,1750,0.027905142307281493,0.005218270801606811
10000,subset_accuracy_drop,random,1760,0.02814229726791382,0.0050338876033757095
10000,subset_accuracy_drop,random,1770,0.02822134494781494,0.004731537549482379
10000,subset_accuracy_drop,random,1780,0.02822134494781494,0.004132267974226686
10000,subset_accuracy_drop,random,1790,0.028379452228546143,0.00444904314090849
10000,subset_accuracy_drop,random,1800,0.02830040454864502,0.004656665844997472
10000,subset_accuracy_drop,random,1810,0.028932809829711914,0.004196063381906912
10000,subset_accuracy_drop,random,1820,0.02924901247024536,0.004374705569969139
10000,subset_accuracy_drop,random,1830,0.029881417751312256,0.005225775103135823
10000,subset_accuracy_drop,random,1840,0.030276679992675783,0.005579980893449672
10000,subset_accuracy_drop,random,1850,0.030434787273406982,0.006104124314941161
10000,subset_accuracy_drop,random,1860,0.029881417751312256,0.006693736592593651
10000,subset_accuracy_drop,random,1870,0.030039525032043456,0.006613900828372923
10000,subset_accuracy_drop,random,1880,0.030118584632873535,0.00688245613035539
10000,subset_accuracy_drop,random,1890,0.030513834953308106,0.007017342129619504
10000,subset_accuracy_drop,random,1900,0.030276679992675783,0.006769166275068646
10000,subset_accuracy_drop,random,1910,0.03075098991394043,0.006905128100518502
10000,subset_accuracy_drop,random,1920,0.031304347515106204,0.006710045407546283
10000,subset_accuracy_drop,random,1930,0.031146252155303956,0.006442804801623262
10000,subset_accuracy_drop,random,1940,0.031146252155303956,0.006442804801623262
10000,subset_accuracy_drop,random,1950,0.031383407115936277,0.0060565974253168064
10000,subset_accuracy_drop,random,1960,0.03162053823471069,0.005815781047981049
10000,subset_accuracy_drop,random,1970,0.03225297927856445,0.0063586030725548935
10000,subset_accuracy_drop,random,1980,0.0325691819190979,0.006290663693268618
10000,subset_accuracy_drop,random,1990,0.03280632495880127,0.005842599727320875
10000,subset_accuracy_drop,random,2000,0.03296443223953247,0.005142904983732128
10000,subset_accuracy_drop,random,2010,0.032569146156311034,0.00495728698200621
10000,subset_accuracy_drop,random,2020,0.0325691819190979,0.005336705648119523
10000,subset_accuracy_drop,random,2030,0.03288536071777344,0.005064845358777993
10000,subset_accuracy_drop,random,2040,0.03296442031860351,0.005380439224532646
10000,subset_accuracy_drop,random,2050,0.0325691819190979,0.005765864617251285
10000,subset_accuracy_drop,random,2060,0.0324110746383667,0.00623078766644563
10000,subset_accuracy_drop,random,2070,0.03233201503753662,0.005634307113085738
10000,subset_accuracy_drop,random,2080,0.032727277278900145,0.0052763627715408075
10000,subset_accuracy_drop,random,2090,0.03233201503753662,0.005320570894912205
10000,subset_accuracy_drop,random,2100,0.032252955436706546,0.0055095382237069215
10000,subset_accuracy_drop,random,2110,0.032490110397338866,0.004738144720901064
10000,subset_accuracy_drop,random,2120,0.03296443223953247,0.004485776766017044
10000,subset_accuracy_drop,random,2130,0.03304347991943359,0.004706710149047694
10000,subset_accuracy_drop,random,2140,0.033359694480896,0.00484573874516182
10000,subset_accuracy_drop,random,2150,0.033359694480896,0.00484573874516182
10000,subset_accuracy_drop,random,2160,0.03328063488006592,0.004924082610675151
10000,subset_accuracy_drop,random,2170,0.0335178017616272,0.004979309444724043
10000,subset_accuracy_drop,random,2180,0.033834004402160646,0.004731561200517404
10000,subset_accuracy_drop,random,2190,0.03351778984069824,0.0046381744264124055
10000,subset_accuracy_drop,random,2200,0.0335178017616272,0.005087934275178423
10000,subset_accuracy_drop,random,2210,0.033359694480896,0.0050971316830672134
10000,subset_accuracy_drop,random,2220,0.032885384559631345,0.005472569489828982
10000,subset_accuracy_drop,random,2230,0.03296443223953247,0.005240707190370294
10000,subset_accuracy_drop,random,2240,0.032569169998168945,0.005142896738072198
10000,subset_accuracy_drop,random,2250,0.032569169998168945,0.004563487924161235
10000,subset_accuracy_drop,random,2260,0.03280632495880127,0.004356812122683859
10000,subset_accuracy_drop,random,2270,0.03335968255996704,0.004580555830341731
10000,subset_accuracy_drop,random,2280,0.033834004402160646,0.004580555830341731
10000,subset_accuracy_drop,random,2290,0.03351777791976929,0.004578852391382448
10000,subset_accuracy_drop,random,2300,0.033913040161132814,0.005049406536451524
10000,subset_accuracy_drop,random,2310,0.03383399248123169,0.00508179303580852
10000,subset_accuracy_drop,random,2320,0.033913052082061766,0.004671738501225463
10000,subset_accuracy_drop,random,2330,0.034150195121765134,0.004459595902516642
10000,subset_accuracy_drop,random,2340,0.03470356464385986,0.004754600554498973
10000,subset_accuracy_drop,random,2350,0.03501976728439331,0.004893859366671701
10000,subset_accuracy_drop,random,2360,0.035177874565124514,0.004848957513718647
10000,subset_accuracy_drop,random,2370,0.03478262424468994,0.004848945367257989
10000,subset_accuracy_drop,random,2380,0.03446639776229858,0.00482796934548229
10000,subset_accuracy_drop,random,2390,0.03470356464385986,0.0050416450971161484
10000,subset_accuracy_drop,random,2400,0.03486166000366211,0.005018373023844447
10000,subset_accuracy_drop,random,2410,0.03525691032409668,0.004924094093440019
10000,subset_accuracy_drop,random,2420,0.035256922245025635,0.004900220034258213
10000,subset_accuracy_drop,random,2430,0.03541501760482788,0.0053804153607106345
10000,subset_accuracy_drop,random,2440,0.035335969924926755,0.005466845051853684
10000,subset_accuracy_drop,random,2450,0.03486166000366211,0.00563430105005821
10000,subset_accuracy_drop,random,2460,0.03470355272293091,0.005957775536126393
10000,subset_accuracy_drop,random,2470,0.03422925472259521,0.005725089006498177
10000,subset_accuracy_drop,random,2480,0.03422924280166626,0.005466847422107398
10000,subset_accuracy_drop,random,2490,0.03470355272293091,0.005171690776584328
10000,subset_accuracy_drop,random,2500,0.034940707683563235,0.00521080881711447
10000,subset_accuracy_drop,random,2510,0.03501977920532227,0.005913028802507126
10000,subset_accuracy_drop,random,2520,0.03486166000366211,0.006055326349698213
10000,subset_accuracy_drop,random,2530,0.03422925472259521,0.005745517905290534
10000,subset_accuracy_drop,random,2540,0.03446640968322754,0.005415160260221195
10000,subset_accuracy_drop,random,2550,0.03454544544219971,0.0047315567192283406
10000,subset_accuracy_drop,random,2560,0.03501976728439331,0.004748018515275216
10000,subset_accuracy_drop,random,2570,0.035098814964294435,0.005371723405817273
10000,subset_accuracy_drop,random,2580,0.03525691032409668,0.005501036374986783
10000,subset_accuracy_drop,random,2590,0.03486166000366211,0.005118538003740618
10000,subset_accuracy_drop,random,2600,0.03478260040283203,0.005138341050962894
10000,subset_accuracy_drop,random,2610,0.03549407720565796,0.005291143192769881
10000,subset_accuracy_drop,random,2620,0.035177862644195555,0.005206291739976095
10000,subset_accuracy_drop,random,2630,0.035335969924926755,0.005299988859850481
10000,subset_accuracy_drop,random,2640,0.035335969924926755,0.005066367495056479
10000,subset_accuracy_drop,random,2650,0.03565218448638916,0.005194267817019109
10000,subset_accuracy_drop,random,2660,0.035494065284729,0.005564582482761819
10000,subset_accuracy_drop,random,2670,0.035098814964294435,0.005757765003077148
10000,subset_accuracy_drop,random,2680,0.03486167192459107,0.005970849682963611
10000,subset_accuracy_drop,random,2690,0.03501976728439331,0.006056606955421171
10000,subset_accuracy_drop,random,2700,0.035177862644195555,0.006305552735265735
10000,subset_accuracy_drop,random,2710,0.035177862644195555,0.005842587630380343
10000,subset_accuracy_drop,random,2720,0.03470356464385986,0.006277003114932248
10000,subset_accuracy_drop,random,2730,0.03486167192459107,0.006308030016361274
10000,subset_accuracy_drop,random,2740,0.03462450504302979,0.006152560147771854
10000,subset_accuracy_drop,random,2750,0.034940707683563235,0.005926216973987966
10000,subset_accuracy_drop,random,2760,0.03470355272293091,0.0054511017799725005
10000,subset_accuracy_drop,random,2770,0.03486167192459107,0.005627390334906974
10000,subset_accuracy_drop,random,2780,0.03494071960449219,0.0057114337519583525
10000,subset_accuracy_drop,random,2790,0.03509882688522339,0.005871923496339828
10000,subset_accuracy_drop,random,2800,0.035335969924926755,0.006146214166148835
10000,subset_accuracy_drop,random,2810,0.035019755363464355,0.006101565405537395
10000,subset_accuracy_drop,random,2820,0.03470356464385986,0.006055303783923636
10000,subset_accuracy_drop,random,2830,0.035256922245025635,0.006332763293233264
10000,subset_accuracy_drop,random,2840,0.03581029176712036,0.00591301206858056
10000,subset_accuracy_drop,random,2850,0.03636366128921509,0.0064160734318644596
10000,subset_accuracy_drop,random,2860,0.03691699504852295,0.0070184458626556
10000,subset_accuracy_drop,random,2870,0.03707510232925415,0.0065031437333805085
10000,subset_accuracy_drop,random,2880,0.03731225728988648,0.006321636405411237
10000,subset_accuracy_drop,random,2890,0.0375494122505188,0.006299368360033359
10000,subset_accuracy_drop,random,2900,0.03786560297012329,0.00651514091809004
10000,subset_accuracy_drop,random,2910,0.037628448009490965,0.006182954200784392
10000,subset_accuracy_drop,random,2920,0.03747037649154663,0.005798294374442949
10000,subset_accuracy_drop,random,2930,0.037786567211151124,0.005579959783023639
10000,subset_accuracy_drop,random,2940,0.037707507610321045,0.005409373545325058
10000,subset_accuracy_drop,random,2950,0.037786555290222165,0.005745506834086505
10000,subset_accuracy_drop,random,2960,0.03810276985168457,0.005416597219780125
10000,subset_accuracy_drop,random,2970,0.03802371025085449,0.005313225535906156
10000,subset_accuracy_drop,random,2980,0.03826085329055786,0.005171669821628287
10000,subset_accuracy_drop,random,2990,0.0384980320930481,0.004837642277016219
10000,subset_accuracy_drop,random,3000,0.0386561393737793,0.0047463650025100935
10000,subset_accuracy_drop,random,3010,0.03818182945251465,0.00471500072469915
10000,subset_accuracy_drop,random,3020,0.0375494122505188,0.004897024857331262
10000,subset_accuracy_drop,random,3030,0.037865626811981204,0.004963587016527727
10000,subset_accuracy_drop,random,3040,0.038023722171783444,0.0046717110173660845
10000,subset_accuracy_drop,random,3050,0.03770751953125,0.004885848909747972
10000,subset_accuracy_drop,random,3060,0.03723320960998535,0.005072538788891635
10000,subset_accuracy_drop,random,3070,0.03747035264968872,0.004844103755169015
10000,subset_accuracy_drop,random,3080,0.03818181753158569,0.004837662730858776
10000,subset_accuracy_drop,random,3090,0.03833991289138794,0.004566889378335738
10000,subset_accuracy_drop,random,3100,0.03833992481231689,0.004266199972218278
10000,subset_accuracy_drop,random,3110,0.03833991289138794,0.004126595580473483
10000,subset_accuracy_drop,random,3120,0.03826086521148682,0.0042331265696090884
10000,subset_accuracy_drop,random,3130,0.03833993673324585,0.004427928143631951
10000,subset_accuracy_drop,random,3140,0.03857707977294922,0.004433233858199975
10000,subset_accuracy_drop,random,3150,0.038893282413482666,0.004813363665971926
10000,subset_accuracy_drop,random,3160,0.03936759233474731,0.005043195958087067
10000,subset_accuracy_drop,random,3170,0.03968378305435181,0.005262995336384667
10000,subset_accuracy_drop,random,3180,0.03992094993591309,0.005568776157032863
10000,subset_accuracy_drop,random,3190,0.04015810489654541,0.005530764208475036
10000,subset_accuracy_drop,random,3200,0.0403161883354187,0.00536153814173919
10000,subset_accuracy_drop,random,3210,0.04055335521697998,0.005225780513096415
10000,subset_accuracy_drop,random,3220,0.04055335521697998,0.005635696556602834
10000,subset_accuracy_drop,random,3230,0.040237152576446535,0.005627384264427208
10000,subset_accuracy_drop,random,3240,0.0406324028968811,0.005501038944599656
10000,subset_accuracy_drop,random,3250,0.040316212177276614,0.005412288026016948
10000,subset_accuracy_drop,random,3260,0.040237152576446535,0.005710059643320227
10000,subset_accuracy_drop,random,3270,0.04015810489654541,0.0054525301317236066
10000,subset_accuracy_drop,random,3280,0.040316212177276614,0.005221293985777069
10000,subset_accuracy_drop,random,3290,0.040316212177276614,0.005610713708288184
10000,subset_accuracy_drop,random,3300,0.040316212177276614,0.006129666186320355
10000,subset_accuracy_drop,random,3310,0.04086956977844238,0.005711418077205916
10000,subset_accuracy_drop,random,3320,0.04086955785751343,0.005565957586434489
10000,subset_accuracy_drop,random,3330,0.04079049825668335,0.0053717087134585876
10000,subset_accuracy_drop,random,3340,0.040079045295715335,0.005402163761183442
10000,subset_accuracy_drop,random,3350,0.04039524793624878,0.005118537773615873
10000,subset_accuracy_drop,random,3360,0.040395259857177734,0.0055293560664683526
10000,subset_accuracy_drop,random,3370,0.040316200256347655,0.0054625707525289245
10000,subset_accuracy_drop,random,3380,0.0407905101776123,0.005924915542073493
10000,subset_accuracy_drop,random,3390,0.040395259857177734,0.005585576730887511
10000,subset_accuracy_drop,random,3400,0.04055335521697998,0.005745505193953264
10000,subset_accuracy_drop,random,3410,0.040711474418640134,0.005974789159005936
10000,subset_accuracy_drop,random,3420,0.04102767705917358,0.005977393670277765
10000,subset_accuracy_drop,random,3430,0.04071146249771118,0.0056660970355836065
10000,subset_accuracy_drop,random,3440,0.04134387969970703,0.006024274533538218
10000,subset_accuracy_drop,random,3450,0.0415810227394104,0.006195581322310845
10000,subset_accuracy_drop,random,3460,0.041501986980438235,0.006174116887532352
10000,subset_accuracy_drop,random,3470,0.0418972373008728,0.006039811718131383
10000,subset_accuracy_drop,random,3480,0.04189722537994385,0.005902449345811121
10000,subset_accuracy_drop,random,3490,0.04166007041931152,0.006158910492759444
10000,subset_accuracy_drop,random,3500,0.04189722537994385,0.006026869777638232
10000,subset_accuracy_drop,random,3510,0.04197628498077392,0.006113080541318956
10000,subset_accuracy_drop,random,3520,0.042055344581604,0.005544884807429339
10000,subset_accuracy_drop,random,3530,0.04229248762130737,0.005596764880569674
10000,subset_accuracy_drop,random,3540,0.0418972373008728,0.0055124055159348345
10000,subset_accuracy_drop,random,3550,0.042055344581604,0.005551913922905656
10000,subset_accuracy_drop,random,3560,0.04181818962097168,0.006093900400336702
10000,subset_accuracy_drop,random,3570,0.04181817770004272,0.006100278403625768
10000,subset_accuracy_drop,random,3580,0.041581010818481444,0.00579156205679727
10000,subset_accuracy_drop,random,3590,0.0418972373008728,0.005782133707155395
10000,subset_accuracy_drop,random,3600,0.04142293930053711,0.005327914086391641
10000,subset_accuracy_drop,random,3610,0.04094861745834351,0.005551906284767521
10000,subset_accuracy_drop,random,3620,0.04086956977844238,0.005806386141704096
10000,subset_accuracy_drop,random,3630,0.04110671281814575,0.006142392498800441
10000,subset_accuracy_drop,random,3640,0.041264820098876956,0.006413642107205832
10000,subset_accuracy_drop,random,3650,0.04166007041931152,0.006849467307517187
10000,subset_accuracy_drop,random,3660,0.041264820098876956,0.0064983413405459945
10000,subset_accuracy_drop,random,3670,0.041501986980438235,0.007031801111515284
10000,subset_accuracy_drop,random,3680,0.041660082340240476,0.007183458944717384
10000,subset_accuracy_drop,random,3690,0.04102767705917358,0.00667506327313056
10000,subset_accuracy_drop,random,3700,0.04071146249771118,0.006317935020724874
10000,subset_accuracy_drop,random,3710,0.04094861745834351,0.00627202005973125
10000,subset_accuracy_drop,random,3720,0.041264820098876956,0.006652792655706827
10000,subset_accuracy_drop,random,3730,0.041264820098876956,0.0065343264353115585
10000,subset_accuracy_drop,random,3740,0.0415810227394104,0.006944623997267939
10000,subset_accuracy_drop,random,3750,0.04094861745834351,0.00664689786976334
10000,subset_accuracy_drop,random,3760,0.04055335521697998,0.0065700735610616096
10000,subset_accuracy_drop,random,3770,0.04079052209854126,0.006598540291290849
10000,subset_accuracy_drop,random,3780,0.04102766513824463,0.006819745062175951
10000,subset_accuracy_drop,random,3790,0.04118578433990479,0.006651600976102261
10000,subset_accuracy_drop,random,3800,0.04102766513824463,0.006479082537734984
10000,subset_accuracy_drop,random,3810,0.041264820098876956,0.006984990040217548
10000,subset_accuracy_drop,random,3820,0.041185760498046876,0.006663336175507349
10000,subset_accuracy_drop,random,3830,0.0415810227394104,0.0064790799924139796
10000,subset_accuracy_drop,random,3840,0.04166007041931152,0.006259545443052595
10000,subset_accuracy_drop,random,3850,0.04197629690170288,0.005730550548674884
10000,subset_accuracy_drop,random,3860,0.04229248762130737,0.00682890029889159
10000,subset_accuracy_drop,random,3870,0.04237154722213745,0.006633968398408836
10000,subset_accuracy_drop,random,3880,0.04197628498077392,0.006509133417229734
10000,subset_accuracy_drop,random,3890,0.041739118099212644,0.006717033650914938
10000,subset_accuracy_drop,random,3900,0.0418972373008728,0.006476670865172836
10000,subset_accuracy_drop,random,3910,0.04237154722213745,0.006710067527000255
10000,subset_accuracy_drop,random,3920,0.04260870218276978,0.007327721960828605
10000,subset_accuracy_drop,random,3930,0.04260870218276978,0.007133269832410513
10000,subset_accuracy_drop,random,3940,0.0428458571434021,0.0068722451967492704
10000,subset_accuracy_drop,random,3950,0.04260871410369873,0.0074177812354687496
10000,subset_accuracy_drop,random,3960,0.042766797542572024,0.007359652747418954
10000,subset_accuracy_drop,random,3970,0.04316204786300659,0.007517152457628493
10000,subset_accuracy_drop,random,3980,0.04339920282363892,0.007231142138216959
10000,subset_accuracy_drop,random,3990,0.043952572345733645,0.007980870548513834
10000,subset_accuracy_drop,random,4000,0.044347834587097165,0.007777624591047372
10000,subset_accuracy_drop,random,4010,0.043952572345733645,0.008155133747934714
10000,subset_accuracy_drop,random,4020,0.044031620025634766,0.0074293429383156685
10000,subset_accuracy_drop,random,4030,0.044110667705535886,0.007748446799071937
10000,subset_accuracy_drop,random,4040,0.0437944769859314,0.008330447575589673
10000,subset_accuracy_drop,random,4050,0.04387352466583252,0.008162792673348504
10000,subset_accuracy_drop,random,4060,0.04442688226699829,0.007917962841798442
10000,subset_accuracy_drop,random,4070,0.04442687034606933,0.008165652225304498
10000,subset_accuracy_drop,random,4080,0.044110667705535886,0.008512242709075152
10000,subset_accuracy_drop,random,4090,0.04442688226699829,0.008521417584619504
10000,subset_accuracy_drop,random,4100,0.04450592994689941,0.008433884090514062
10000,subset_accuracy_drop,random,4110,0.04434782266616821,0.008665951656233704
10000,subset_accuracy_drop,random,4120,0.04434782266616821,0.008665951656233704
10000,subset_accuracy_drop,random,4130,0.044347834587097165,0.009109781356908948
10000,subset_accuracy_drop,random,4140,0.04458496570587158,0.008949755256030539
10000,subset_accuracy_drop,random,4150,0.04458498954772949,0.009178130160065225
10000,subset_accuracy_drop,random,4160,0.04458498954772949,0.009367659231173726
10000,subset_accuracy_drop,random,4170,0.04482213258743286,0.00938099504677523
10000,subset_accuracy_drop,random,4180,0.04569169282913208,0.009204472603221906
10000,subset_accuracy_drop,random,4190,0.0459288477897644,0.008826719044788971
10000,subset_accuracy_drop,random,4200,0.04577076435089111,0.009475442671552065
10000,subset_accuracy_drop,random,4210,0.04529644250869751,0.010017250686757729
10000,subset_accuracy_drop,random,4220,0.045533597469329834,0.009871137993269588
10000,subset_accuracy_drop,random,4230,0.04521739482879639,0.01044482417600359
10000,subset_accuracy_drop,random,4240,0.04584980010986328,0.010777521243565824
10000,subset_accuracy_drop,random,4250,0.04577075242996216,0.010585196042063118
10000,subset_accuracy_drop,random,4260,0.045691704750061034,0.010699691509721623
10000,subset_accuracy_drop,random,4270,0.045691704750061034,0.010699691509721623
10000,subset_accuracy_drop,random,4280,0.04616600275039673,0.010236303103761982
10000,subset_accuracy_drop,random,4290,0.04608694314956665,0.010578563003960751
10000,subset_accuracy_drop,random,4300,0.04600789546966553,0.010567475836997601
10000,subset_accuracy_drop,random,4310,0.04608694314956665,0.010114234562010613
10000,subset_accuracy_drop,random,4320,0.04600789546966553,0.009852123870975121
10000,subset_accuracy_drop,random,4330,0.04600789546966553,0.01040359005466164
10000,subset_accuracy_drop,random,4340,0.045454549789428714,0.010257650345515566
10000,subset_accuracy_drop,random,4350,0.045375502109527587,0.010980013022738103
10000,subset_accuracy_drop,random,4360,0.045296454429626466,0.010757950610261531
10000,subset_accuracy_drop,random,4370,0.04592885971069336,0.010417830610278784
10000,subset_accuracy_drop,random,4380,0.04608696699142456,0.010175855469413086
10000,subset_accuracy_drop,random,4390,0.04569169282913208,0.00977251638836717
10000,subset_accuracy_drop,random,4400,0.04584980010986328,0.009214644998564146
10000,subset_accuracy_drop,random,4410,0.04577076435089111,0.009169605845913887
10000,subset_accuracy_drop,random,4420,0.04569169282913208,0.009178987802666657
10000,subset_accuracy_drop,random,4430,0.045691704750061034,0.009246800996988965
10000,subset_accuracy_drop,random,4440,0.045296454429626466,0.009752513497645166
10000,subset_accuracy_drop,random,4450,0.045612657070159913,0.010133543807565093
10000,subset_accuracy_drop,random,4460,0.04529644250869751,0.01039982432992137
10000,subset_accuracy_drop,random,4470,0.04569169282913208,0.010873525807345873
10000,subset_accuracy_drop,random,4480,0.04616601467132568,0.010962226905017086
10000,subset_accuracy_drop,random,4490,0.04624505043029785,0.010580041268672319
10000,subset_accuracy_drop,random,4500,0.046482205390930176,0.010414848747595483
10000,subset_accuracy_drop,random,4510,0.046719372272491455,0.010247746277960875
10000,subset_accuracy_drop,random,4520,0.046640312671661376,0.010003187476673097
10000,subset_accuracy_drop,random,4530,0.04632412195205689,0.00968740054328826
10000,subset_accuracy_drop,random,4540,0.04640316963195801,0.00988378986002082
10000,subset_accuracy_drop,random,4550,0.04632412195205689,0.009524789476871704
10000,subset_accuracy_drop,random,4560,0.04656127691268921,0.009557531792313896
10000,subset_accuracy_drop,random,4570,0.046403157711029056,0.00902883394557186
10000,subset_accuracy_drop,random,4580,0.046719372272491455,0.008773443688358355
10000,subset_accuracy_drop,random,4590,0.046719372272491455,0.008049069943191127
10000,subset_accuracy_drop,random,4600,0.046561253070831296,0.008575334555069822
10000,subset_accuracy_drop,random,4610,0.046324098110198976,0.008353853547099424
10000,subset_accuracy_drop,random,4620,0.04616600275039673,0.008575343346456099
10000,subset_accuracy_drop,random,4630,0.04648221731185913,0.008011145962682245
10000,subset_accuracy_drop,random,4640,0.046403157711029056,0.00778866515687172
10000,subset_accuracy_drop,random,4650,0.04632411003112793,0.0079021650821448
10000,subset_accuracy_drop,random,4660,0.046640312671661376,0.007924867952069769
10000,subset_accuracy_drop,random,4670,0.0467193603515625,0.007931765120267
10000,subset_accuracy_drop,random,4680,0.04616601467132568,0.0074702468382461295
10000,subset_accuracy_drop,random,4690,0.04608695507049561,0.0074503608379617794
10000,subset_accuracy_drop,random,4700,0.04600790739059448,0.00745035388119988
10000,subset_accuracy_drop,random,4710,0.04648221731185913,0.0075647944821511945
10000,subset_accuracy_drop,random,4720,0.04624505043029785,0.007473369966545096
10000,subset_accuracy_drop,random,4730,0.04632411003112793,0.007517139451342848
10000,subset_accuracy_drop,random,4740,0.04648221731185913,0.007585437389490668
10000,subset_accuracy_drop,random,4750,0.04600791931152344,0.008050051240981073
10000,subset_accuracy_drop,random,4760,0.04592885971069336,0.007485921362182108
10000,subset_accuracy_drop,random,4770,0.04624506235122681,0.007158409197259463
10000,subset_accuracy_drop,random,4780,0.046719372272491455,0.007214923592857172
10000,subset_accuracy_drop,random,4790,0.046640312671661376,0.006959206643893474
10000,subset_accuracy_drop,random,4800,0.0468774676322937,0.007667373693565189
10000,subset_accuracy_drop,random,4810,0.0467193603515625,0.008155119303578673
10000,subset_accuracy_drop,random,4820,0.04648222923278809,0.0077333088198242115
10000,subset_accuracy_drop,random,4830,0.04624506235122681,0.007659210156431965
10000,subset_accuracy_drop,random,4840,0.04624506235122681,0.007669413412124251
10000,subset_accuracy_drop,random,4850,0.04632412195205689,0.007802677887687873
10000,subset_accuracy_drop,random,4860,0.04632412195205689,0.007897206363160332
10000,subset_accuracy_drop,random,4870,0.04616600275039673,0.007671427866595514
10000,subset_accuracy_drop,random,4880,0.04608696699142456,0.007848605984772807
10000,subset_accuracy_drop,random,4890,0.04624506235122681,0.007745410559182498
10000,subset_accuracy_drop,random,4900,0.04600790739059448,0.007773600951483454
10000,subset_accuracy_drop,random,4910,0.04608695507049561,0.0075854321095521
10000,subset_accuracy_drop,random,4920,0.04616600275039673,0.007615229877897355
10000,subset_accuracy_drop,random,4930,0.04600790739059448,0.007677526975784731
10000,subset_accuracy_drop,random,4940,0.04608694314956665,0.00753375009992048
10000,subset_accuracy_drop,random,4950,0.0459288477897644,0.007166040487744058
10000,subset_accuracy_drop,random,4960,0.04553358554840088,0.0070451129854047275
10000,subset_accuracy_drop,random,4970,0.04577075242996216,0.00699505323752251
10000,subset_accuracy_drop,random,4980,0.04608695507049561,0.007381873320734044
10000,subset_accuracy_drop,random,4990,0.04632411003112793,0.007322387269266955
10000,subset_accuracy_drop,random,5000,0.046561253070831296,0.007391412287496365
10000,subset_accuracy_drop,random,5010,0.04671938419342041,0.007444053454722599
10000,subset_accuracy_drop,random,5020,0.046640312671661376,0.007704971011103065
10000,subset_accuracy_drop,random,5030,0.046798419952392575,0.007893255172660872
10000,subset_accuracy_drop,random,5040,0.046640324592590335,0.0077454120800485
10000,subset_accuracy_drop,random,5050,0.04632411003112793,0.00756892523318815
10000,subset_accuracy_drop,random,5060,0.04632411003112793,0.007594708586250239
10000,subset_accuracy_drop,random,5070,0.04632411003112793,0.007681633602235301
10000,subset_accuracy_drop,random,5080,0.04632411003112793,0.007380829680433076
10000,subset_accuracy_drop,random,5090,0.04624505043029785,0.007272092806208233
10000,subset_accuracy_drop,random,5100,0.046403157711029056,0.007194326970975111
10000,subset_accuracy_drop,random,5110,0.04632411003112793,0.006933334841445943
10000,subset_accuracy_drop,random,5120,0.04592885971069336,0.007017333568508158
10000,subset_accuracy_drop,random,5130,0.04616600275039673,0.007417759320849434
10000,subset_accuracy_drop,random,5140,0.04632411003112793,0.007701915949850466
10000,subset_accuracy_drop,random,5150,0.046482205390930176,0.007976947804217838
10000,subset_accuracy_drop,random,5160,0.04624506235122681,0.008129238575229744
10000,subset_accuracy_drop,random,5170,0.04624506235122681,0.007830660615947834
10000,subset_accuracy_drop,random,5180,0.046640312671661376,0.007597774972231108
10000,subset_accuracy_drop,random,5190,0.04640316963195801,0.007708016761709788
10000,subset_accuracy_drop,random,5200,0.04656127691268921,0.007475471602096912
10000,subset_accuracy_drop,random,5210,0.04608694314956665,0.007424085393798767
10000,subset_accuracy_drop,random,5220,0.045612645149230954,0.00697939102389725
10000,subset_accuracy_drop,random,5230,0.04521740674972534,0.0064136331076248615
10000,subset_accuracy_drop,random,5240,0.0459288477897644,0.006533096558519313
10000,subset_accuracy_drop,random,5250,0.04616601467132568,0.00663984539082032
10000,subset_accuracy_drop,random,5260,0.04648221731185913,0.006832317117410277
10000,subset_accuracy_drop,random,5270,0.04656127691268921,0.006698408571023242
10000,subset_accuracy_drop,random,5280,0.04695651531219482,0.006944592956489382
10000,subset_accuracy_drop,random,5290,0.04664030075073242,0.007142012952406988
10000,subset_accuracy_drop,random,5300,0.046561264991760255,0.007034004369293637
10000,subset_accuracy_drop,random,5310,0.04616601467132568,0.007522350749685742
10000,subset_accuracy_drop,random,5320,0.04616600275039673,0.00761009054096118
10000,subset_accuracy_drop,random,5330,0.04648222923278809,0.007652075022518054
10000,subset_accuracy_drop,random,5340,0.04632412195205689,0.007712056442410847
10000,subset_accuracy_drop,random,5350,0.04648221731185913,0.007937656329902664
10000,subset_accuracy_drop,random,5360,0.04656127691268921,0.00761010029266448
10000,subset_accuracy_drop,random,5370,0.0459288477897644,0.007412520257957397
10000,subset_accuracy_drop,random,5380,0.04608694314956665,0.0076520891849351045
10000,subset_accuracy_drop,random,5390,0.04584980010986328,0.007341571610536664
10000,subset_accuracy_drop,random,5400,0.04608694314956665,0.007418832697504787
10000,subset_accuracy_drop,random,5410,0.04632412195205689,0.007449307659055271
10000,subset_accuracy_drop,random,5420,0.04632412195205689,0.007449307659055271
10000,subset_accuracy_drop,random,5430,0.046403157711029056,0.007194316328248701
10000,subset_accuracy_drop,random,5440,0.0467193603515625,0.00713326719023832
10000,subset_accuracy_drop,random,5450,0.046719372272491455,0.007000619872159567
10000,subset_accuracy_drop,random,5460,0.04727272987365723,0.006838036904056356
10000,subset_accuracy_drop,random,5470,0.047905135154724124,0.00723115142355247
10000,subset_accuracy_drop,random,5480,0.04766799211502075,0.006979378196859196
10000,subset_accuracy_drop,random,5490,0.04758893251419068,0.007024008213272507
10000,subset_accuracy_drop,random,5500,0.048300397396087644,0.007327727104869478
10000,subset_accuracy_drop,random,5510,0.04837944507598877,0.007068350439111733
10000,subset_accuracy_drop,random,5520,0.04853755235671997,0.00698384644273379
10000,subset_accuracy_drop,random,5530,0.0490909218788147,0.006503137393619948
10000,subset_accuracy_drop,random,5540,0.049090898036956786,0.0066574565641163656
10000,subset_accuracy_drop,random,5550,0.0490909218788147,0.006825463130996095
10000,subset_accuracy_drop,random,5560,0.049328064918518065,0.007209509194248835
10000,subset_accuracy_drop,random,5570,0.04885375499725342,0.007150735004299323
10000,subset_accuracy_drop,random,5580,0.04869564771652222,0.007187790821102432
10000,subset_accuracy_drop,random,5590,0.04885376691818237,0.007523381803963473
10000,subset_accuracy_drop,random,5600,0.04885375499725342,0.007502596103232611
10000,subset_accuracy_drop,random,5610,0.04956521987915039,0.007554459905963135
10000,subset_accuracy_drop,random,5620,0.04956521987915039,0.007667352492277977
10000,subset_accuracy_drop,random,5630,0.04964427947998047,0.0078734455401277
10000,subset_accuracy_drop,random,5640,0.04980237483978271,0.007944553812672802
10000,subset_accuracy_drop,random,5650,0.04956521987915039,0.007502568784052509
10000,subset_accuracy_drop,random,5660,0.04964426755905151,0.007424090153823707
10000,subset_accuracy_drop,random,5670,0.04956521987915039,0.007280653526288265
10000,subset_accuracy_drop,random,5680,0.04956521987915039,0.007646951513901065
10000,subset_accuracy_drop,random,5690,0.0490909218788147,0.007857548683595223
10000,subset_accuracy_drop,random,5700,0.049328064918518065,0.0072526980510588465
10000,subset_accuracy_drop,random,5710,0.049249017238616945,0.007616258875717066
10000,subset_accuracy_drop,random,5720,0.0490909218788147,0.0077322908284910355
10000,subset_accuracy_drop,random,5730,0.049169957637786865,0.007753486528053398
10000,subset_accuracy_drop,random,5740,0.0490909218788147,0.007640833086139203
10000,subset_accuracy_drop,random,5750,0.049090898036956786,0.008097455593952117
10000,subset_accuracy_drop,random,5760,0.04853756427764892,0.008520506749050973
10000,subset_accuracy_drop,random,5770,0.048300397396087644,0.008547970536908341
10000,subset_accuracy_drop,random,5780,0.0489328145980835,0.00876007244270961
10000,subset_accuracy_drop,random,5790,0.04877469539642334,0.008836431869522259
10000,subset_accuracy_drop,random,5800,0.049249005317687986,0.008598988176095605
10000,subset_accuracy_drop,random,5810,0.04932805299758911,0.009096907215850407
10000,subset_accuracy_drop,random,5820,0.049249017238616945,0.008689352237152052
10000,subset_accuracy_drop,random,5830,0.049486172199249265,0.00861169245429247
10000,subset_accuracy_drop,random,5840,0.049565231800079344,0.008950623858067117
10000,subset_accuracy_drop,random,5850,0.049565231800079344,0.00881430224281478
10000,subset_accuracy_drop,random,5860,0.04972332715988159,0.008875240050719569
10000,subset_accuracy_drop,random,5870,0.05011856555938721,0.00836788715831489
10000,subset_accuracy_drop,random,5880,0.04956520795822143,0.008410707559891114
10000,subset_accuracy_drop,random,5890,0.04988142251968384,0.00831635687704099
10000,subset_accuracy_drop,random,5900,0.05019762516021729,0.00805682033767148
10000,subset_accuracy_drop,random,5910,0.04996045827865601,0.00838744325259099
10000,subset_accuracy_drop,random,5920,0.05019762516021729,0.008514099670978808
10000,subset_accuracy_drop,random,5930,0.050355732440948486,0.00847085831170295
10000,subset_accuracy_drop,random,5940,0.050355732440948486,0.008617133188322629
10000,subset_accuracy_drop,random,5950,0.05083004236221313,0.008410703778448195
10000,subset_accuracy_drop,random,5960,0.05098814964294433,0.008412555989086645
10000,subset_accuracy_drop,random,5970,0.050671935081481934,0.008400496489180374
10000,subset_accuracy_drop,random,5980,0.05114623308181763,0.008644267913954
10000,subset_accuracy_drop,random,5990,0.05162055492401123,0.008516834909175786
10000,subset_accuracy_drop,random,6000,0.051936757564544675,0.008141700306853817
10000,subset_accuracy_drop,random,6010,0.051699602603912355,0.008292842233619546
10000,subset_accuracy_drop,random,6020,0.05154150724411011,0.008447751567803061
10000,subset_accuracy_drop,random,6030,0.05146245956420899,0.00853880570657207
10000,subset_accuracy_drop,random,6040,0.05146244764328003,0.008862041008337438
10000,subset_accuracy_drop,random,6050,0.05122528076171875,0.008760965632344901
10000,subset_accuracy_drop,random,6060,0.0510671854019165,0.00892350686677261
10000,subset_accuracy_drop,random,6070,0.05122528076171875,0.008787671521369127
10000,subset_accuracy_drop,random,6080,0.05098813772201538,0.008978482862421701
10000,subset_accuracy_drop,random,6090,0.05106719732284546,0.009040926930351391
10000,subset_accuracy_drop,random,6100,0.05090910196304321,0.008656912818670433
10000,subset_accuracy_drop,random,6110,0.05106719732284546,0.008901618724232611
10000,subset_accuracy_drop,random,6120,0.05138341188430786,0.008695644411245042
10000,subset_accuracy_drop,random,6130,0.05146245956420899,0.008529659753980394
10000,subset_accuracy_drop,random,6140,0.05154151916503906,0.008516827440486933
10000,subset_accuracy_drop,random,6150,0.05146245956420899,0.008616228506329263
10000,subset_accuracy_drop,random,6160,0.05138338804244995,0.008186674967967168
10000,subset_accuracy_drop,random,6170,0.05114625692367554,0.008122500100380478
10000,subset_accuracy_drop,random,6180,0.05130436420440674,0.008116725783156552
10000,subset_accuracy_drop,random,6190,0.05098813772201538,0.008403262116610053
10000,subset_accuracy_drop,random,6200,0.05114625692367554,0.008589911101601998
10000,subset_accuracy_drop,random,6210,0.050671935081481934,0.008598064048556932
10000,subset_accuracy_drop,random,6220,0.05098814964294433,0.008138831615821634
10000,subset_accuracy_drop,random,6230,0.05098814964294433,0.008290965694056391
10000,subset_accuracy_drop,random,6240,0.05090909004211426,0.008207632669478928
10000,subset_accuracy_drop,random,6250,0.05106719732284546,0.007966146156986745
10000,subset_accuracy_drop,random,6260,0.05130434036254883,0.0077524672357420586
10000,subset_accuracy_drop,random,6270,0.05114624500274658,0.008064582856522864
10000,subset_accuracy_drop,random,6280,0.05114624500274658,0.008447762583571843
10000,subset_accuracy_drop,random,6290,0.05098813772201538,0.008614413661072538
10000,subset_accuracy_drop,random,6300,0.050671935081481934,0.007931772397294035
10000,subset_accuracy_drop,random,6310,0.05043478012084961,0.007605994846068519
10000,subset_accuracy_drop,random,6320,0.050276684761047366,0.007867482143791234
10000,subset_accuracy_drop,random,6330,0.050276684761047366,0.007971046768001465
10000,subset_accuracy_drop,random,6340,0.05019763708114624,0.007978882400376319
10000,subset_accuracy_drop,random,6350,0.050276684761047366,0.007971046768001465
10000,subset_accuracy_drop,random,6360,0.05098814964294433,0.008095519213320428
10000,subset_accuracy_drop,random,6370,0.05083004236221313,0.008322000180969702
10000,subset_accuracy_drop,random,6380,0.05027667284011841,0.008502144992761803
10000,subset_accuracy_drop,random,6390,0.05011857748031616,0.008611696831397522
10000,subset_accuracy_drop,random,6400,0.050434792041778566,0.008548877068518881
10000,subset_accuracy_drop,random,6410,0.050671935081481934,0.008579886671303678
10000,subset_accuracy_drop,random,6420,0.05098813772201538,0.008210510750271701
10000,subset_accuracy_drop,random,6430,0.05098813772201538,0.007934734059818474
10000,subset_accuracy_drop,random,6440,0.05154150724411011,0.00825603966269489
10000,subset_accuracy_drop,random,6450,0.051699602603912355,0.00803452038658621
10000,subset_accuracy_drop,random,6460,0.051699602603912355,0.007852571991016901
10000,subset_accuracy_drop,random,6470,0.052015829086303714,0.008006269013442223
10000,subset_accuracy_drop,random,6480,0.052015817165374754,0.007692792946196648
10000,subset_accuracy_drop,random,6490,0.0523320198059082,0.007418828410470491
10000,subset_accuracy_drop,random,6500,0.05241106748580933,0.007318124764220249
10000,subset_accuracy_drop,random,6510,0.05225297212600708,0.007349010942541242
10000,subset_accuracy_drop,random,6520,0.052173924446105954,0.007679567832339694
10000,subset_accuracy_drop,random,6530,0.052094876766204834,0.007897212180378001
10000,subset_accuracy_drop,random,6540,0.051541495323181155,0.00822760504451829
10000,subset_accuracy_drop,random,6550,0.05162055492401123,0.008265498648776804
10000,subset_accuracy_drop,random,6560,0.05185772180557251,0.007971061989276754
10000,subset_accuracy_drop,random,6570,0.05162055492401123,0.007733308515216326
10000,subset_accuracy_drop,random,6580,0.0518576979637146,0.007423047053609839
10000,subset_accuracy_drop,random,6590,0.0520158052444458,0.007371291401391783
10000,subset_accuracy_drop,random,6600,0.0520158052444458,0.0072322169888463005
10000,subset_accuracy_drop,random,6610,0.051936769485473634,0.007397744808428731
10000,subset_accuracy_drop,random,6620,0.051936757564544675,0.007788651696541279
10000,subset_accuracy_drop,random,6630,0.0520158052444458,0.0077786246862120234
10000,subset_accuracy_drop,random,6640,0.05225297212600708,0.007971059624852632
10000,subset_accuracy_drop,random,6650,0.052252984046936034,0.008511329507677018
10000,subset_accuracy_drop,random,6660,0.051699590682983396,0.008634332786186636
10000,subset_accuracy_drop,random,6670,0.05162056684494019,0.008594433293497733
10000,subset_accuracy_drop,random,6680,0.05162055492401123,0.008933132653653
10000,subset_accuracy_drop,random,6690,0.051778662204742434,0.008655133179847957
10000,subset_accuracy_drop,random,6700,0.052173912525177,0.008833773320846483
10000,subset_accuracy_drop,random,6710,0.0523320198059082,0.008340761209716389
10000,subset_accuracy_drop,random,6720,0.05256917476654053,0.009065093740738234
10000,subset_accuracy_drop,random,6730,0.05264822244644165,0.0088266980925851
10000,subset_accuracy_drop,random,6740,0.05264823436737061,0.00862077556252615
10000,subset_accuracy_drop,random,6750,0.052885377407073976,0.008538817570521776
10000,subset_accuracy_drop,random,6760,0.05264822244644165,0.008193353331357216
10000,subset_accuracy_drop,random,6770,0.052885377407073976,0.008419057274403275
10000,subset_accuracy_drop,random,6780,0.05272725820541382,0.008680366942948178
10000,subset_accuracy_drop,random,6790,0.052727270126342776,0.008950631491281412
10000,subset_accuracy_drop,random,6800,0.05256917476654053,0.008695653893769773
10000,subset_accuracy_drop,random,6810,0.05272728204727173,0.00823234572133058
10000,subset_accuracy_drop,random,6820,0.0526482105255127,0.007847609254197578
10000,subset_accuracy_drop,random,6830,0.05272728204727173,0.008179982079915786
10000,subset_accuracy_drop,random,6840,0.052727270126342776,0.008156081198512393
10000,subset_accuracy_drop,random,6850,0.053122532367706296,0.007843621515682214
10000,subset_accuracy_drop,random,6860,0.052885377407073976,0.0076714312447031365
10000,subset_accuracy_drop,random,6870,0.05288538932800293,0.0074650064250435695
10000,subset_accuracy_drop,random,6880,0.05335967540740967,0.007384002433809468
10000,subset_accuracy_drop,random,6890,0.05264822244644165,0.00761524410879035
10000,subset_accuracy_drop,random,6900,0.05256917476654053,0.007725219533713716
10000,subset_accuracy_drop,random,6910,0.0523320198059082,0.0077130853513704195
10000,subset_accuracy_drop,random,6920,0.05241105556488037,0.007672454240427716
10000,subset_accuracy_drop,random,6930,0.05264822244644165,0.007241925431100889
10000,subset_accuracy_drop,random,6940,0.052806317806243896,0.007631631043405722
10000,subset_accuracy_drop,random,6950,0.05288536548614502,0.007220321532308075
10000,subset_accuracy_drop,random,6960,0.05256916284561157,0.00730423307576112
10000,subset_accuracy_drop,random,6970,0.052727270126342776,0.0072806658225166776
10000,subset_accuracy_drop,random,6980,0.053043472766876223,0.007209507233569026
10000,subset_accuracy_drop,random,6990,0.052964425086975096,0.0072073406288178645
10000,subset_accuracy_drop,random,7000,0.053201591968536376,0.007253789681761448
10000,subset_accuracy_drop,random,7010,0.05343873500823974,0.007017326182532263
10000,subset_accuracy_drop,random,7020,0.05359684228897095,0.007259151580315997
10000,subset_accuracy_drop,random,7030,0.05351780652999878,0.007123388170416233
10000,subset_accuracy_drop,random,7040,0.05383399724960327,0.006955840978768277
10000,subset_accuracy_drop,random,7050,0.053122532367706296,0.0071616788427386535
10000,subset_accuracy_drop,random,7060,0.052885377407073976,0.007252706009479131
10000,subset_accuracy_drop,random,7070,0.05272728204727173,0.007492164883632646
10000,subset_accuracy_drop,random,7080,0.0524901270866394,0.007204085003440554
10000,subset_accuracy_drop,random,7090,0.05249011516571045,0.007444049656915161
10000,subset_accuracy_drop,random,7100,0.052173912525177,0.007003955946613178
10000,subset_accuracy_drop,random,7110,0.05249011516571045,0.007284954934435936
10000,subset_accuracy_drop,random,7120,0.052173912525177,0.006828908061177862
10000,subset_accuracy_drop,random,7130,0.05264823436737061,0.007454538091732267
10000,subset_accuracy_drop,random,7140,0.05256917476654053,0.006655112717064642
10000,subset_accuracy_drop,random,7150,0.053122532367706296,0.006803692109526475
10000,subset_accuracy_drop,random,7160,0.052964437007904056,0.006701902464228349
10000,subset_accuracy_drop,random,7170,0.052885377407073976,0.006739100889536303
10000,subset_accuracy_drop,random,7180,0.053043472766876223,0.006865413056368794
10000,subset_accuracy_drop,random,7190,0.05272728204727173,0.006450063778577589
10000,subset_accuracy_drop,random,7200,0.052964425086975096,0.0059354206209395535
10000,subset_accuracy_drop,random,7210,0.05320158004760742,0.0055869922087579725
10000,subset_accuracy_drop,random,7220,0.053359699249267575,0.00542668609140202
10000,subset_accuracy_drop,random,7230,0.05359683036804199,0.005089452283660859
10000,subset_accuracy_drop,random,7240,0.0532806396484375,0.004900217390033442
10000,subset_accuracy_drop,random,7250,0.05296444892883301,0.004506620208720732
10000,subset_accuracy_drop,random,7260,0.053201591968536376,0.0048778511375568755
10000,subset_accuracy_drop,random,7270,0.05359683036804199,0.005240690332483315
10000,subset_accuracy_drop,random,7280,0.052885377407073976,0.005415149166262977
10000,subset_accuracy_drop,random,7290,0.053122532367706296,0.00503543968406471
10000,subset_accuracy_drop,random,7300,0.053201591968536376,0.005203299457046024
10000,subset_accuracy_drop,random,7310,0.053043472766876223,0.005349853901719277
10000,subset_accuracy_drop,random,7320,0.053122520446777344,0.005481107757351528
10000,subset_accuracy_drop,random,7330,0.053122532367706296,0.006075882722155583
10000,subset_accuracy_drop,random,7340,0.053043472766876223,0.005791555751630423
10000,subset_accuracy_drop,random,7350,0.052885377407073976,0.0057645100226633
10000,subset_accuracy_drop,random,7360,0.0532806396484375,0.006035923072342569
10000,subset_accuracy_drop,random,7370,0.0532806396484375,0.006170307156783385
10000,subset_accuracy_drop,random,7380,0.05335968732833862,0.0063549037560030166
10000,subset_accuracy_drop,random,7390,0.052964425086975096,0.006518735026988931
10000,subset_accuracy_drop,random,7400,0.0526482105255127,0.00638800892356118
10000,subset_accuracy_drop,random,7410,0.052964425086975096,0.0062620379151572605
10000,subset_accuracy_drop,random,7420,0.053280627727508544,0.0059182794937705785
10000,subset_accuracy_drop,random,7430,0.05343872308731079,0.006182953819739656
10000,subset_accuracy_drop,random,7440,0.05335968732833862,0.0065247268269936
10000,subset_accuracy_drop,random,7450,0.0532806396484375,0.005964307995758552
10000,subset_accuracy_drop,random,7460,0.05335968732833862,0.005748234087131323
10000,subset_accuracy_drop,random,7470,0.05351779460906982,0.006196836365448985
10000,subset_accuracy_drop,random,7480,0.05367590188980102,0.006551015571562208
10000,subset_accuracy_drop,random,7490,0.05383398532867432,0.006245802659670948
10000,subset_accuracy_drop,random,7500,0.054229235649108885,0.006363502038144929
10000,subset_accuracy_drop,random,7510,0.054545462131500244,0.006748365184680113
10000,subset_accuracy_drop,random,7520,0.054308295249938965,0.006407535952086268
10000,subset_accuracy_drop,random,7530,0.054624509811401364,0.006854025572641123
10000,subset_accuracy_drop,random,7540,0.054545462131500244,0.006953589238589994
10000,subset_accuracy_drop,random,7550,0.054466414451599124,0.007349017514347853
10000,subset_accuracy_drop,random,7560,0.054229247570037845,0.007127785310559142
10000,subset_accuracy_drop,random,7570,0.054466414451599124,0.007000610449338483
10000,subset_accuracy_drop,random,7580,0.0539130449295044,0.007178005386297181
10000,subset_accuracy_drop,random,7590,0.053992080688476565,0.007183454025241217
10000,subset_accuracy_drop,random,7600,0.05430830717086792,0.007112424169422195
10000,subset_accuracy_drop,random,7610,0.054624521732330324,0.007000627948864134
10000,subset_accuracy_drop,random,7620,0.05494070053100586,0.007136551820831342
10000,subset_accuracy_drop,random,7630,0.05509880781173706,0.00751299935608444
10000,subset_accuracy_drop,random,7640,0.055415022373199466,0.007438798547930397
10000,subset_accuracy_drop,random,7650,0.055494070053100586,0.007481726205586789
10000,subset_accuracy_drop,random,7660,0.055335962772369386,0.0076643011867281235
10000,subset_accuracy_drop,random,7670,0.055494058132171634,0.007533758855942722
10000,subset_accuracy_drop,random,7680,0.05620554685592651,0.007594684545299513
10000,subset_accuracy_drop,random,7690,0.056442666053771975,0.0075792402407775725
10000,subset_accuracy_drop,random,7700,0.05581026077270508,0.008145535322134178
10000,subset_accuracy_drop,random,7710,0.05581027269363403,0.00782267787298245
10000,subset_accuracy_drop,random,7720,0.0560474157333374,0.00783266488105291
10000,subset_accuracy_drop,random,7730,0.05636364221572876,0.007418818248600632
10000,subset_accuracy_drop,random,7740,0.05628459453582764,0.006990576315248782
10000,subset_accuracy_drop,random,7750,0.05628459453582764,0.007183455501034964
10000,subset_accuracy_drop,random,7760,0.05620553493499756,0.00741250976964893
10000,subset_accuracy_drop,random,7770,0.05628459453582764,0.007723198824399666
10000,subset_accuracy_drop,random,7780,0.05620553493499756,0.007912056670970126
10000,subset_accuracy_drop,random,7790,0.055889320373535153,0.008001386000093726
10000,subset_accuracy_drop,random,7800,0.05596839189529419,0.008752056821355833
10000,subset_accuracy_drop,random,7810,0.05628458261489868,0.009067678623173777
10000,subset_accuracy_drop,random,7820,0.05628458261489868,0.009554259120918023
10000,subset_accuracy_drop,random,7830,0.05636363029479981,0.009272128250368772
10000,subset_accuracy_drop,random,7840,0.05628457069396973,0.009480395794176383
10000,subset_accuracy_drop,random,7850,0.05581026077270508,0.00925019467127777
10000,subset_accuracy_drop,random,7860,0.05509880781173706,0.008558019689059424
10000,subset_accuracy_drop,random,7870,0.05509881973266602,0.008675878002197311
10000,subset_accuracy_drop,random,7880,0.05509880781173706,0.009178986519407186
10000,subset_accuracy_drop,random,7890,0.05501974821090698,0.00910120661653749
10000,subset_accuracy_drop,random,7900,0.05478260517120361,0.009127772738872482
10000,subset_accuracy_drop,random,7910,0.05478261709213257,0.008981103690143655
10000,subset_accuracy_drop,random,7920,0.05462449789047241,0.009105483805846918
10000,subset_accuracy_drop,random,7930,0.054229247570037845,0.008853205567374704
10000,subset_accuracy_drop,random,7940,0.05407114028930664,0.008679441165499884
10000,subset_accuracy_drop,random,7950,0.05430830717086792,0.008689354812836229
10000,subset_accuracy_drop,random,7960,0.054229247570037845,0.00887963802474276
10000,subset_accuracy_drop,random,7970,0.05454543828964233,0.008956728543192101
10000,subset_accuracy_drop,random,7980,0.05454545021057129,0.009008899297303917
10000,subset_accuracy_drop,random,7990,0.054624509811401364,0.008791222067879616
10000,subset_accuracy_drop,random,8000,0.05470355749130249,0.009089170893782465
10000,subset_accuracy_drop,random,8010,0.054624509811401364,0.0093300725369567
10000,subset_accuracy_drop,random,8020,0.05470355749130249,0.00947627303322093
10000,subset_accuracy_drop,random,8030,0.05478261709213257,0.00947213939953207
10000,subset_accuracy_drop,random,8040,0.05470355749130249,0.008933138455628016
10000,subset_accuracy_drop,random,8050,0.05486165285110474,0.009066794081827038
10000,subset_accuracy_drop,random,8060,0.05501976013183594,0.009092611352958612
10000,subset_accuracy_drop,random,8070,0.054624509811401364,0.009254409620475742
10000,subset_accuracy_drop,random,8080,0.05509880781173706,0.009106346996744856
10000,subset_accuracy_drop,random,8090,0.05509881973266602,0.009558349230505202
10000,subset_accuracy_drop,random,8100,0.05509880781173706,0.00933089614138529
10000,subset_accuracy_drop,random,8110,0.05509880781173706,0.00905043408070867
10000,subset_accuracy_drop,random,8120,0.05486166477203369,0.009036594809111372
10000,subset_accuracy_drop,random,8130,0.05478261709213257,0.009204467356231316
10000,subset_accuracy_drop,random,8140,0.05486165285110474,0.009430002323712296
10000,subset_accuracy_drop,random,8150,0.05470354557037353,0.009385148867953282
10000,subset_accuracy_drop,random,8160,0.054387354850769044,0.00942666963305123
10000,subset_accuracy_drop,random,8170,0.054466414451599124,0.009036610321259145
10000,subset_accuracy_drop,random,8180,0.05415019989013672,0.008655118889383298
10000,subset_accuracy_drop,random,8190,0.0540711522102356,0.0085021519201609
10000,subset_accuracy_drop,random,8200,0.05415019989013672,0.008421844500862662
10000,subset_accuracy_drop,random,8210,0.05470354557037353,0.008466229764174462
10000,subset_accuracy_drop,random,8220,0.054624509811401364,0.008795656561476486
10000,subset_accuracy_drop,random,8230,0.054624509811401364,0.008607144021091698
10000,subset_accuracy_drop,random,8240,0.05494072437286377,0.009073682485985285
10000,subset_accuracy_drop,random,8250,0.05525692701339722,0.009118354234700135
10000,subset_accuracy_drop,random,8260,0.055731236934661865,0.008886677201814215
10000,subset_accuracy_drop,random,8270,0.05620553493499756,0.009254391036736505
10000,subset_accuracy_drop,random,8280,0.055889320373535153,0.008752070280530395
10000,subset_accuracy_drop,random,8290,0.05596837997436523,0.00920447157941816
10000,subset_accuracy_drop,random,8300,0.055810284614562986,0.008892824195118863
10000,subset_accuracy_drop,random,8310,0.055573117733001706,0.008548885060344997
10000,subset_accuracy_drop,random,8320,0.055494070053100586,0.008823160620454415
10000,subset_accuracy_drop,random,8330,0.055494070053100586,0.009242587930781997
10000,subset_accuracy_drop,random,8340,0.05541503429412842,0.009216337687222914
10000,subset_accuracy_drop,random,8350,0.05573122501373291,0.009282207593414882
10000,subset_accuracy_drop,random,8360,0.05612647533416748,0.009411755669760545
10000,subset_accuracy_drop,random,8370,0.05596836805343628,0.008989789189130662
10000,subset_accuracy_drop,random,8380,0.05612648725509643,0.009278024697813183
10000,subset_accuracy_drop,random,8390,0.05612647533416748,0.009000228444571419
10000,subset_accuracy_drop,random,8400,0.05628458261489868,0.008867324284792907
10000,subset_accuracy_drop,random,8410,0.055652177333831786,0.008844379013645013
10000,subset_accuracy_drop,random,8420,0.055810284614562986,0.008892839428171219
10000,subset_accuracy_drop,random,8430,0.05604742765426636,0.008768993125718662
10000,subset_accuracy_drop,random,8440,0.05588933229446411,0.008840849948551702
10000,subset_accuracy_drop,random,8450,0.055652177333831786,0.009105489368599808
10000,subset_accuracy_drop,random,8460,0.055494070053100586,0.008774341692365378
10000,subset_accuracy_drop,random,8470,0.05525691509246826,0.008353858200367072
10000,subset_accuracy_drop,random,8480,0.05517786741256714,0.008284361328087343
10000,subset_accuracy_drop,random,8490,0.05533597469329834,0.00890863167405845
10000,subset_accuracy_drop,random,8500,0.05525691509246826,0.009283883649709975
10000,subset_accuracy_drop,random,8510,0.05509883165359497,0.00884083982231627
10000,subset_accuracy_drop,random,8520,0.05462449789047241,0.008520487947098638
10000,subset_accuracy_drop,random,8530,0.054466414451599124,0.009036600544677876
10000,subset_accuracy_drop,random,8540,0.054229247570037845,0.009178127079780215
10000,subset_accuracy_drop,random,8550,0.05399209260940552,0.009414251124972128
10000,subset_accuracy_drop,random,8560,0.05478261709213257,0.009246794245340502
10000,subset_accuracy_drop,random,8570,0.05478262901306152,0.009443241616040989
10000,subset_accuracy_drop,random,8580,0.05525691509246826,0.009071120091588874
10000,subset_accuracy_drop,random,8590,0.05494072437286377,0.00855526773980109
10000,subset_accuracy_drop,random,8600,0.05470355749130249,0.008544293404208453
10000,subset_accuracy_drop,random,8610,0.054624509811401364,0.00867495649828984
10000,subset_accuracy_drop,random,8620,0.054308295249938965,0.008711787908473143
10000,subset_accuracy_drop,random,8630,0.0540711522102356,0.008746685200405321
10000,subset_accuracy_drop,random,8640,0.054229247570037845,0.009254403510798388
10000,subset_accuracy_drop,random,8650,0.054229247570037845,0.009190873098243905
10000,subset_accuracy_drop,random,8660,0.0540711522102356,0.009500147370686449
10000,subset_accuracy_drop,random,8670,0.054387354850769044,0.010195005140556454
10000,subset_accuracy_drop,random,8680,0.05407114028930664,0.010251558328794971
10000,subset_accuracy_drop,random,8690,0.054150187969207765,0.010397571989628523
10000,subset_accuracy_drop,random,8700,0.054387354850769044,0.010365983520744063
10000,subset_accuracy_drop,random,8710,0.05415021181106568,0.01049106709200532
10000,subset_accuracy_drop,random,8720,0.05415021181106568,0.01033353115538786
10000,subset_accuracy_drop,random,8730,0.0540711522102356,0.010331263108177278
10000,subset_accuracy_drop,random,8740,0.0542292594909668,0.010749958826510187
10000,subset_accuracy_drop,random,8750,0.05415021181106568,0.010849760289027923
10000,subset_accuracy_drop,random,8760,0.05415019989013672,0.010363704276033366
10000,subset_accuracy_drop,random,8770,0.0542292594909668,0.0101443191467807
10000,subset_accuracy_drop,random,8780,0.05399210453033447,0.010118103899491278
10000,subset_accuracy_drop,random,8790,0.0542292594909668,0.009755693339940518
10000,subset_accuracy_drop,random,8800,0.0539130449295044,0.009397641556991505
10000,subset_accuracy_drop,random,8810,0.0542292594909668,0.009667232991030481
10000,subset_accuracy_drop,random,8820,0.054308295249938965,0.009554262942974243
10000,subset_accuracy_drop,random,8830,0.05399209260940552,0.0096397219824672
10000,subset_accuracy_drop,random,8840,0.0542292594909668,0.010136615510181558
10000,subset_accuracy_drop,random,8850,0.054466414451599124,0.010098014305063827
10000,subset_accuracy_drop,random,8860,0.05486166477203369,0.010032052115533036
10000,subset_accuracy_drop,random,8870,0.05462449789047241,0.009687414405293453
10000,subset_accuracy_drop,random,8880,0.05486166477203369,0.009882992664950437
10000,subset_accuracy_drop,random,8890,0.05470355749130249,0.009808395855209106
10000,subset_accuracy_drop,random,8900,0.05454545021057129,0.009734066813942715
10000,subset_accuracy_drop,random,8910,0.0540711522102356,0.010281994461631338
10000,subset_accuracy_drop,random,8920,0.05367588996887207,0.010117337159442194
10000,subset_accuracy_drop,random,8930,0.05367590188980102,0.01024393476342947
10000,subset_accuracy_drop,random,8940,0.05343873500823974,0.010198076927452667
10000,subset_accuracy_drop,random,8950,0.05335967540740967,0.010014884077589966
10000,subset_accuracy_drop,random,8960,0.05383398532867432,0.009898785496612411
10000,subset_accuracy_drop,random,8970,0.05359684228897095,0.009772512651688641
10000,subset_accuracy_drop,random,8980,0.0535968542098999,0.010248507054475348
10000,subset_accuracy_drop,random,8990,0.05335968732833862,0.010169695806182745
10000,subset_accuracy_drop,random,9000,0.05343873500823974,0.010473909759115035
10000,subset_accuracy_drop,random,9010,0.05343873500823974,0.010574108031992747
10000,subset_accuracy_drop,random,9020,0.05383400917053223,0.01069897712884142
10000,subset_accuracy_drop,random,9030,0.0535968542098999,0.010851942983295598
10000,subset_accuracy_drop,random,9040,0.05367588996887207,0.010894325598108127
10000,subset_accuracy_drop,random,9050,0.05343872308731079,0.010496277457245119
10000,subset_accuracy_drop,random,9060,0.05351779460906982,0.010652147859156243
10000,subset_accuracy_drop,random,9070,0.05328061580657959,0.010775362501238237
10000,subset_accuracy_drop,random,9080,0.05335968732833862,0.011056604349561336
10000,subset_accuracy_drop,random,9090,0.0534387469291687,0.011061534806372463
10000,subset_accuracy_drop,random,9100,0.05367590188980102,0.011011993765805571
10000,subset_accuracy_drop,random,9110,0.05359684228897095,0.011005607256600686
10000,subset_accuracy_drop,random,9120,0.05367590188980102,0.010662408283569088
10000,subset_accuracy_drop,random,9130,0.05359684228897095,0.0106153970541008
10000,subset_accuracy_drop,random,9140,0.05383398532867432,0.010444039690467437
10000,subset_accuracy_drop,random,9150,0.05383400917053223,0.010078649496018896
10000,subset_accuracy_drop,random,9160,0.05375494956970215,0.010412584611113449
10000,subset_accuracy_drop,random,9170,0.0540711522102356,0.01064039336576149
10000,subset_accuracy_drop,random,9180,0.05407116413116455,0.010869194008764991
10000,subset_accuracy_drop,random,9190,0.05415021181106568,0.010053821334928364
10000,subset_accuracy_drop,random,9200,0.05407116413116455,0.010032027222607447
10000,subset_accuracy_drop,random,9210,0.054387354850769044,0.010252324911983903
10000,subset_accuracy_drop,random,9220,0.054624509811401364,0.010082530386888057
10000,subset_accuracy_drop,random,9230,0.0540711522102356,0.009910620647352717
10000,subset_accuracy_drop,random,9240,0.054150187969207765,0.009936590956898715
10000,subset_accuracy_drop,random,9250,0.054229235649108885,0.009835457348627816
10000,subset_accuracy_drop,random,9260,0.0539130449295044,0.009993809849223259
10000,subset_accuracy_drop,random,9270,0.05399210453033447,0.010141245828323615
10000,subset_accuracy_drop,random,9280,0.054229247570037845,0.009867179808956935
10000,subset_accuracy_drop,random,9290,0.0540711522102356,0.010070915042557676
10000,subset_accuracy_drop,random,9300,0.054624521732330324,0.00983942494206256
10000,subset_accuracy_drop,random,9310,0.05470355749130249,0.009537883489911626
10000,subset_accuracy_drop,random,9320,0.0542292594909668,0.008967183166698886
10000,subset_accuracy_drop,random,9330,0.054308295249938965,0.008778772636523326
10000,subset_accuracy_drop,random,9340,0.0540711522102356,0.008927898480325942
10000,subset_accuracy_drop,random,9350,0.05454545021057129,0.008820498605934986
10000,subset_accuracy_drop,random,9360,0.054466402530670165,0.008927882119655586
10000,subset_accuracy_drop,random,9370,0.054387354850769044,0.009472139523886472
10000,subset_accuracy_drop,random,9380,0.054387354850769044,0.00960317382172541
10000,subset_accuracy_drop,random,9390,0.054545462131500244,0.009189174949769941
10000,subset_accuracy_drop,random,9400,0.054545462131500244,0.008628010234595803
10000,subset_accuracy_drop,random,9410,0.054545474052429196,0.008771667548146705
10000,subset_accuracy_drop,random,9420,0.054624509811401364,0.008813416997972024
10000,subset_accuracy_drop,random,9430,0.054624521732330324,0.008760082662348814
10000,subset_accuracy_drop,random,9440,0.054545462131500244,0.008833777987973619
10000,subset_accuracy_drop,random,9450,0.05470355749130249,0.008880526616829646
10000,subset_accuracy_drop,random,9460,0.05454545021057129,0.008614408875139116
10000,subset_accuracy_drop,random,9470,0.05501977205276489,0.008751162453200921
10000,subset_accuracy_drop,random,9480,0.05525691509246826,0.008710882238727118
10000,subset_accuracy_drop,random,9490,0.055335962772369386,0.008314489753268985
10000,subset_accuracy_drop,random,9500,0.05501977205276489,0.008269272974379877
10000,subset_accuracy_drop,random,9510,0.05486166477203369,0.008145547469644692
10000,subset_accuracy_drop,random,9520,0.05494071245193481,0.008037428506486567
10000,subset_accuracy_drop,random,9530,0.05462449789047241,0.0077423856045026815
10000,subset_accuracy_drop,random,9540,0.054387354850769044,0.008227593877214393
10000,subset_accuracy_drop,random,9550,0.0542292594909668,0.008465325792463929
10000,subset_accuracy_drop,random,9560,0.05383400917053223,0.008515924136771314
10000,subset_accuracy_drop,random,9570,0.05383399724960327,0.008400478540411125
10000,subset_accuracy_drop,random,9580,0.05399209260940552,0.00835478142325903
10000,subset_accuracy_drop,random,9590,0.0540711522102356,0.008034508657611392
10000,subset_accuracy_drop,random,9600,0.0539130449295044,0.007738324157509291
10000,subset_accuracy_drop,random,9610,0.05383400917053223,0.007921899032326858
10000,subset_accuracy_drop,random,9620,0.05359683036804199,0.007743370626921087
10000,subset_accuracy_drop,random,9630,0.0532806396484375,0.0079906266754497
10000,subset_accuracy_drop,random,9640,0.05351778268814087,0.008020872754322212
10000,subset_accuracy_drop,random,9650,0.05375493764877319,0.007885334602613495
10000,subset_accuracy_drop,random,9660,0.05359683036804199,0.007873444492851597
10000,subset_accuracy_drop,random,9670,0.05367588996887207,0.008217135050045406
10000,subset_accuracy_drop,random,9680,0.05351779460906982,0.008199054574621896
10000,subset_accuracy_drop,random,9690,0.05343873500823974,0.008107098157655193
10000,subset_accuracy_drop,random,9700,0.0534387469291687,0.008183807792214864
10000,subset_accuracy_drop,random,9710,0.053043484687805176,0.008543389695367356
10000,subset_accuracy_drop,random,9720,0.0532806396484375,0.008193347868074144
10000,subset_accuracy_drop,random,9730,0.053043484687805176,0.008456091311134603
10000,subset_accuracy_drop,random,9740,0.052885377407073976,0.008145539805171043
10000,subset_accuracy_drop,random,9750,0.053043460845947264,0.00823138744356424
10000,subset_accuracy_drop,random,9760,0.052806317806243896,0.008151291976608297
10000,subset_accuracy_drop,random,9770,0.05288538932800293,0.008446845060761298
10000,subset_accuracy_drop,random,9780,0.05256917476654053,0.008309780062538122
10000,subset_accuracy_drop,random,9790,0.05280632972717285,0.007798676387895495
10000,subset_accuracy_drop,random,9800,0.053043484687805176,0.007568917918507193
10000,subset_accuracy_drop,random,9810,0.05264822244644165,0.007980847080446156
10000,subset_accuracy_drop,random,9820,0.052806317806243896,0.008199054718306736
10000,subset_accuracy_drop,random,9830,0.053043484687805176,0.00822190425722023
10000,subset_accuracy_drop,random,9840,0.05272728204727173,0.007996484095441663
10000,subset_accuracy_drop,random,9850,0.05256917476654053,0.008555273935778453
10000,subset_accuracy_drop,random,9860,0.052885377407073976,0.008339823299015376
10000,subset_accuracy_drop,random,9870,0.05241106748580933,0.008199075981382113
10000,subset_accuracy_drop,random,9880,0.05264822244644165,0.008068453066568197
10000,subset_accuracy_drop,random,9890,0.05264822244644165,0.00860262577228177
10000,subset_accuracy_drop,random,9900,0.053122532367706296,0.008644270911904558
10000,subset_accuracy_drop,random,9910,0.052727270126342776,0.008968039047349333
10000,subset_accuracy_drop,random,9920,0.05280632972717285,0.00900282383886878
10000,subset_accuracy_drop,random,9930,0.052806317806243896,0.009071983306076104
10000,subset_accuracy_drop,random,9940,0.05288538932800293,0.00901063037493949
10000,subset_accuracy_drop,random,9950,0.05288538932800293,0.008975883054576516
10000,subset_accuracy_drop,random,9960,0.053043472766876223,0.008697418605047047
10000,subset_accuracy_drop,random,9970,0.053043484687805176,0.008777875756765223
10000,subset_accuracy_drop,random,9980,0.052964425086975096,0.008956711446041118
10000,subset_accuracy_drop,random,9990,0.053122532367706296,0.008671348429513956
10000,subset_accuracy_drop,random,10000,0.052885377407073976,0.008777902864316463
10000,subset_accuracy_drop,subset_score_asc,0,0.0,0.0
10000,subset_accuracy_drop,subset_score_asc,10,-0.00205533504486084,0.001060560349229867
10000,subset_accuracy_drop,subset_score_asc,20,-0.00245058536529541,0.0010967807133897408
10000,subset_accuracy_drop,subset_score_asc,30,-0.0035573244094848633,0.0016534542801818109
10000,subset_accuracy_drop,subset_score_asc,40,-0.004110682010650635,0.001988091407758636
10000,subset_accuracy_drop,subset_score_asc,50,-0.005375492572784424,0.0023148487136313467
10000,subset_accuracy_drop,subset_score_asc,60,-0.005770754814147949,0.002157658747264043
10000,subset_accuracy_drop,subset_score_asc,70,-0.006086957454681396,0.0024778317993977856
10000,subset_accuracy_drop,subset_score_asc,80,-0.0067193865776062015,0.0024524882382883422
10000,subset_accuracy_drop,subset_score_asc,90,-0.007430827617645264,0.0021900139423274
10000,subset_accuracy_drop,subset_score_asc,100,-0.008142292499542236,0.002645561132945448
10000,subset_accuracy_drop,subset_score_asc,110,-0.00822134017944336,0.0027864650544867104
10000,subset_accuracy_drop,subset_score_asc,120,-0.008932805061340332,0.0030819796903410472
10000,subset_accuracy_drop,subset_score_asc,130,-0.009090912342071534,0.00314965706567621
10000,subset_accuracy_drop,subset_score_asc,140,-0.010039520263671876,0.002775249206660861
10000,subset_accuracy_drop,subset_score_asc,150,-0.010118567943572998,0.002585827850073744
10000,subset_accuracy_drop,subset_score_asc,160,-0.010118591785430908,0.002446123359598047
10000,subset_accuracy_drop,subset_score_asc,170,-0.010118579864501953,0.0031072364279003603
10000,subset_accuracy_drop,subset_score_asc,180,-0.010750985145568848,0.002923283494753084
10000,subset_accuracy_drop,subset_score_asc,190,-0.011778652667999268,0.0025828000425009647
10000,subset_accuracy_drop,subset_score_asc,200,-0.012332022190093994,0.0025370189780464345
10000,subset_accuracy_drop,subset_score_asc,210,-0.012411069869995118,0.002746930988068634
10000,subset_accuracy_drop,subset_score_asc,220,-0.012411069869995118,0.0024935454480219427
10000,subset_accuracy_drop,subset_score_asc,230,-0.012806320190429687,0.0021026687670079344
10000,subset_accuracy_drop,subset_score_asc,240,-0.013043475151062012,0.0022877131809177784
10000,subset_accuracy_drop,subset_score_asc,250,-0.013359689712524414,0.0026277800474997794
10000,subset_accuracy_drop,subset_score_asc,260,-0.013438737392425537,0.0029971771815919296
10000,subset_accuracy_drop,subset_score_asc,270,-0.013438737392425537,0.002724107274458118
10000,subset_accuracy_drop,subset_score_asc,280,-0.013359689712524414,0.0027583008503608646
10000,subset_accuracy_drop,subset_score_asc,290,-0.014071142673492432,0.002775248357670411
10000,subset_accuracy_drop,subset_score_asc,300,-0.014703571796417236,0.0028282232206770824
10000,subset_accuracy_drop,subset_score_asc,310,-0.01517786979675293,0.0027752504798260135
10000,subset_accuracy_drop,subset_score_asc,320,-0.015494072437286377,0.002989354449175518
10000,subset_accuracy_drop,subset_score_asc,330,-0.015810275077819826,0.0031122522035953375
10000,subset_accuracy_drop,subset_score_asc,340,-0.015731227397918702,0.003311663543375226
10000,subset_accuracy_drop,subset_score_asc,350,-0.015652179718017578,0.003132266578048044
10000,subset_accuracy_drop,subset_score_asc,360,-0.015731227397918702,0.0029098828914205666
10000,subset_accuracy_drop,subset_score_asc,370,-0.01604743003845215,0.0030692708894557988
10000,subset_accuracy_drop,subset_score_asc,380,-0.016205525398254393,0.0028364916161413636
10000,subset_accuracy_drop,subset_score_asc,390,-0.016205525398254393,0.003174356823573012
10000,subset_accuracy_drop,subset_score_asc,400,-0.01628459692001343,0.0034840771532940883
10000,subset_accuracy_drop,subset_score_asc,410,-0.016442692279815672,0.003406999342200207
10000,subset_accuracy_drop,subset_score_asc,420,-0.01644268035888672,0.003242528785859933
10000,subset_accuracy_drop,subset_score_asc,430,-0.016758882999420167,0.004225713121506585
10000,subset_accuracy_drop,subset_score_asc,440,-0.016679835319519044,0.003743479267318786
10000,subset_accuracy_drop,subset_score_asc,450,-0.016679847240448,0.0042423280281151
10000,subset_accuracy_drop,subset_score_asc,460,-0.01644268035888672,0.004075151172642892
10000,subset_accuracy_drop,subset_score_asc,470,-0.016837942600250243,0.003968330345193178
10000,subset_accuracy_drop,subset_score_asc,480,-0.016916990280151367,0.004378249655609278
10000,subset_accuracy_drop,subset_score_asc,490,-0.016837942600250243,0.0042899407271670045
10000,subset_accuracy_drop,subset_score_asc,500,-0.017075097560882567,0.00413981888593348
10000,subset_accuracy_drop,subset_score_asc,510,-0.01699603796005249,0.004558309272658826
10000,subset_accuracy_drop,subset_score_asc,520,-0.01644268035888672,0.0045376962551302484
10000,subset_accuracy_drop,subset_score_asc,530,-0.01628459692001343,0.003846393027776933
10000,subset_accuracy_drop,subset_score_asc,540,-0.016521751880645752,0.0036268825803242146
10000,subset_accuracy_drop,subset_score_asc,550,-0.016679823398590088,0.003886792596053325
10000,subset_accuracy_drop,subset_score_asc,560,-0.016996049880981447,0.0038321336870096707
10000,subset_accuracy_drop,subset_score_asc,570,-0.017075109481811523,0.0043514040234726385
10000,subset_accuracy_drop,subset_score_asc,580,-0.017233192920684814,0.0041322597073869035
10000,subset_accuracy_drop,subset_score_asc,590,-0.017233192920684814,0.004262522653718831
10000,subset_accuracy_drop,subset_score_asc,600,-0.016837930679321288,0.00444200676747872
10000,subset_accuracy_drop,subset_score_asc,610,-0.016758906841278075,0.00413224459904407
10000,subset_accuracy_drop,subset_score_asc,620,-0.01715414524078369,0.003928779813628482
10000,subset_accuracy_drop,subset_score_asc,630,-0.017312252521514894,0.0041773884558518395
10000,subset_accuracy_drop,subset_score_asc,640,-0.017233192920684814,0.0040751572428456805
10000,subset_accuracy_drop,subset_score_asc,650,-0.016837930679321288,0.0034975139888612622
10000,subset_accuracy_drop,subset_score_asc,660,-0.016679835319519044,0.003815819457748111
10000,subset_accuracy_drop,subset_score_asc,670,-0.016363644599914552,0.00387873820647322
10000,subset_accuracy_drop,subset_score_asc,680,-0.016126489639282225,0.004063651187639536
10000,subset_accuracy_drop,subset_score_asc,690,-0.016126489639282225,0.004324389286499825
10000,subset_accuracy_drop,subset_score_asc,700,-0.01604743003845215,0.004690074985889865
10000,subset_accuracy_drop,subset_score_asc,710,-0.015810275077819826,0.00457540962736515
10000,subset_accuracy_drop,subset_score_asc,720,-0.015652167797088622,0.0038887898045604666
10000,subset_accuracy_drop,subset_score_asc,730,-0.015335965156555175,0.0037642752238088574
10000,subset_accuracy_drop,subset_score_asc,740,-0.015335965156555175,0.003701498675696553
10000,subset_accuracy_drop,subset_score_asc,750,-0.014861667156219482,0.004160525264736095
10000,subset_accuracy_drop,subset_score_asc,760,-0.014703547954559327,0.0038463801653088386
10000,subset_accuracy_drop,subset_score_asc,770,-0.014624500274658203,0.004001644245162264
10000,subset_accuracy_drop,subset_score_asc,780,-0.014624500274658203,0.004549729815109669
10000,subset_accuracy_drop,subset_score_asc,790,-0.014229249954223634,0.004506609753334978
10000,subset_accuracy_drop,subset_score_asc,800,-0.01438734531402588,0.004853751813632595
10000,subset_accuracy_drop,subset_score_asc,810,-0.014466404914855957,0.004631407344893455
10000,subset_accuracy_drop,subset_score_asc,820,-0.014861655235290528,0.004631412940324701
10000,subset_accuracy_drop,subset_score_asc,830,-0.015256917476654053,0.004546301530871772
10000,subset_accuracy_drop,subset_score_asc,840,-0.015573132038116454,0.004442009684505586
10000,subset_accuracy_drop,subset_score_asc,850,-0.015573108196258545,0.00463983095233774
10000,subset_accuracy_drop,subset_score_asc,860,-0.015415012836456299,0.0048084798578481025
10000,subset_accuracy_drop,subset_score_asc,870,-0.015731227397918702,0.0051413544145991535
10000,subset_accuracy_drop,subset_score_asc,880,-0.015098810195922852,0.005231741704351908
10000,subset_accuracy_drop,subset_score_asc,890,-0.015019762516021728,0.004668379882419032
10000,subset_accuracy_drop,subset_score_asc,900,-0.015494072437286377,0.005458248001406725
10000,subset_accuracy_drop,subset_score_asc,910,-0.015889322757720946,0.005689482724420937
10000,subset_accuracy_drop,subset_score_asc,920,-0.01604743003845215,0.005607905923169624
10000,subset_accuracy_drop,subset_score_asc,930,-0.015889310836791994,0.006093864446227219
10000,subset_accuracy_drop,subset_score_asc,940,-0.015889310836791994,0.005983921052128713
10000,subset_accuracy_drop,subset_score_asc,950,-0.0155731201171875,0.005939358805251044
10000,subset_accuracy_drop,subset_score_asc,960,-0.014861655235290528,0.006510332538251245
10000,subset_accuracy_drop,subset_score_asc,970,-0.014624488353729249,0.006305549933036686
10000,subset_accuracy_drop,subset_score_asc,980,-0.01478261947631836,0.0060758895077261624
10000,subset_accuracy_drop,subset_score_asc,990,-0.014387357234954833,0.005558934785983306
10000,subset_accuracy_drop,subset_score_asc,1000,-0.014308297634124756,0.005357155855013217
10000,subset_accuracy_drop,subset_score_asc,1010,-0.01415020227432251,0.0053278924193790895
10000,subset_accuracy_drop,subset_score_asc,1020,-0.013517773151397705,0.005737347888660781
10000,subset_accuracy_drop,subset_score_asc,1030,-0.01335967779159546,0.0056481423708562096
10000,subset_accuracy_drop,subset_score_asc,1040,-0.013833999633789062,0.005761792722472045
10000,subset_accuracy_drop,subset_score_asc,1050,-0.014071154594421386,0.006017760190223049
10000,subset_accuracy_drop,subset_score_asc,1060,-0.014229238033294678,0.006536673226123431
10000,subset_accuracy_drop,subset_score_asc,1070,-0.014387333393096923,0.0062470532699738495
10000,subset_accuracy_drop,subset_score_asc,1080,-0.014387357234954833,0.0066056265266667075
10000,subset_accuracy_drop,subset_score_asc,1090,-0.014387333393096923,0.007145288946720708
10000,subset_accuracy_drop,subset_score_asc,1100,-0.014466404914855957,0.007161664368387898
10000,subset_accuracy_drop,subset_score_asc,1110,-0.014308297634124756,0.007517140391610546
10000,subset_accuracy_drop,subset_score_asc,1120,-0.014466404914855957,0.007040664715602845
10000,subset_accuracy_drop,subset_score_asc,1130,-0.014940714836120606,0.0068025261722005105
10000,subset_accuracy_drop,subset_score_asc,1140,-0.014624500274658203,0.006631599375035422
10000,subset_accuracy_drop,subset_score_asc,1150,-0.014624500274658203,0.006655093246973522
10000,subset_accuracy_drop,subset_score_asc,1160,-0.014150190353393554,0.007241911117162887
10000,subset_accuracy_drop,subset_score_asc,1170,-0.013992083072662354,0.007296728072967967
10000,subset_accuracy_drop,subset_score_asc,1180,-0.014071142673492432,0.007172581348743332
10000,subset_accuracy_drop,subset_score_asc,1190,-0.013675880432128907,0.007334086988355974
10000,subset_accuracy_drop,subset_score_asc,1200,-0.013596832752227783,0.007188870023236971
10000,subset_accuracy_drop,subset_score_asc,1210,-0.013438725471496582,0.00741039425169028
10000,subset_accuracy_drop,subset_score_asc,1220,-0.01351778507232666,0.007279566409615523
10000,subset_accuracy_drop,subset_score_asc,1230,-0.01391303539276123,0.007241928358905989
10000,subset_accuracy_drop,subset_score_asc,1240,-0.013992094993591308,0.007590562225711748
10000,subset_accuracy_drop,subset_score_asc,1250,-0.013992094993591308,0.00780367628151886
10000,subset_accuracy_drop,subset_score_asc,1260,-0.014150190353393554,0.0075171515174095645
10000,subset_accuracy_drop,subset_score_asc,1270,-0.013833999633789062,0.007740353092947568
10000,subset_accuracy_drop,subset_score_asc,1280,-0.013754928112030029,0.007792658343884249
10000,subset_accuracy_drop,subset_score_asc,1290,-0.013754940032958985,0.008024769036038045
10000,subset_accuracy_drop,subset_score_asc,1300,-0.014229238033294678,0.0072397699923064445
10000,subset_accuracy_drop,subset_score_asc,1310,-0.014071142673492432,0.007334099676793271
10000,subset_accuracy_drop,subset_score_asc,1320,-0.013280630111694336,0.007312777755688074
10000,subset_accuracy_drop,subset_score_asc,1330,-0.013280630111694336,0.006956941092833151
10000,subset_accuracy_drop,subset_score_asc,1340,-0.013438713550567628,0.006754134963761052
10000,subset_accuracy_drop,subset_score_asc,1350,-0.013438737392425537,0.006914159206142385
10000,subset_accuracy_drop,subset_score_asc,1360,-0.013438737392425537,0.006857440006997938
10000,subset_accuracy_drop,subset_score_asc,1370,-0.013754940032958985,0.006831170895447278
10000,subset_accuracy_drop,subset_score_asc,1380,-0.013833999633789062,0.007053955520743857
10000,subset_accuracy_drop,subset_score_asc,1390,-0.013596844673156739,0.007371284849395071
10000,subset_accuracy_drop,subset_score_asc,1400,-0.013596856594085693,0.0071233921391581
10000,subset_accuracy_drop,subset_score_asc,1410,-0.013596832752227783,0.006641004236841663
10000,subset_accuracy_drop,subset_score_asc,1420,-0.013596832752227783,0.006877897696748127
10000,subset_accuracy_drop,subset_score_asc,1430,-0.013043475151062012,0.007546187174687972
10000,subset_accuracy_drop,subset_score_asc,1440,-0.012569189071655273,0.007193228117643932
10000,subset_accuracy_drop,subset_score_asc,1450,-0.012411057949066162,0.00730743134835881
10000,subset_accuracy_drop,subset_score_asc,1460,-0.012173902988433839,0.007370220370812957
10000,subset_accuracy_drop,subset_score_asc,1470,-0.012173902988433839,0.00755340907758291
10000,subset_accuracy_drop,subset_score_asc,1480,-0.01225295066833496,0.0073309016303336715
10000,subset_accuracy_drop,subset_score_asc,1490,-0.012332010269165038,0.007517138511169552
10000,subset_accuracy_drop,subset_score_asc,1500,-0.012648212909698486,0.007250560274092661
10000,subset_accuracy_drop,subset_score_asc,1510,-0.011936759948730469,0.007061716872268508
10000,subset_accuracy_drop,subset_score_asc,1520,-0.011936748027801513,0.007133243575748205
10000,subset_accuracy_drop,subset_score_asc,1530,-0.011699604988098144,0.007156210496978939
10000,subset_accuracy_drop,subset_score_asc,1540,-0.011620533466339112,0.00715620226667193
10000,subset_accuracy_drop,subset_score_asc,1550,-0.011225295066833497,0.006711200556880339
10000,subset_accuracy_drop,subset_score_asc,1560,-0.010355746746063233,0.006283188131240084
10000,subset_accuracy_drop,subset_score_asc,1570,-0.010513830184936523,0.005939370506653392
10000,subset_accuracy_drop,subset_score_asc,1580,-0.010118579864501953,0.0064318530833363105
10000,subset_accuracy_drop,subset_score_asc,1590,-0.010592877864837646,0.006568861854015627
10000,subset_accuracy_drop,subset_score_asc,1600,-0.010276687145233155,0.0064160697599189185
10000,subset_accuracy_drop,subset_score_asc,1610,-0.010197627544403075,0.005911690194830189
10000,subset_accuracy_drop,subset_score_asc,1620,-0.010118567943572998,0.005394901764690773
10000,subset_accuracy_drop,subset_score_asc,1630,-0.009565222263336181,0.005750931985145155
10000,subset_accuracy_drop,subset_score_asc,1640,-0.009407126903533935,0.005798285029275352
10000,subset_accuracy_drop,subset_score_asc,1650,-0.009565210342407227,0.005357142442019008
10000,subset_accuracy_drop,subset_score_asc,1660,-0.009486174583435059,0.005339617215281966
10000,subset_accuracy_drop,subset_score_asc,1670,-0.009328079223632813,0.005530753559344098
10000,subset_accuracy_drop,subset_score_asc,1680,-0.00901186466217041,0.005924885918630787
10000,subset_accuracy_drop,subset_score_asc,1690,-0.009090912342071534,0.005714131296409611
10000,subset_accuracy_drop,subset_score_asc,1700,-0.008695650100708007,0.005397816639349903
10000,subset_accuracy_drop,subset_score_asc,1710,-0.008379435539245606,0.005957753194022487
10000,subset_accuracy_drop,subset_score_asc,1720,-0.00837944746017456,0.006314223630916364
10000,subset_accuracy_drop,subset_score_asc,1730,-0.008616602420806885,0.006048841553147225
10000,subset_accuracy_drop,subset_score_asc,1740,-0.008458495140075684,0.006063023995372294
10000,subset_accuracy_drop,subset_score_asc,1750,-0.007984185218811035,0.005613466578810831
10000,subset_accuracy_drop,subset_score_asc,1760,-0.007747042179107666,0.005649518820454038
10000,subset_accuracy_drop,subset_score_asc,1770,-0.007826077938079833,0.005543450927928135
10000,subset_accuracy_drop,subset_score_asc,1780,-0.007509875297546387,0.005412278231949789
10000,subset_accuracy_drop,subset_score_asc,1790,-0.0076679825782775875,0.00503542985871391
10000,subset_accuracy_drop,subset_score_asc,1800,-0.00735177993774414,0.005322017900232995
10000,subset_accuracy_drop,subset_score_asc,1810,-0.00735177993774414,0.005314689169516181
10000,subset_accuracy_drop,subset_score_asc,1820,-0.007035565376281738,0.005194287773597867
10000,subset_accuracy_drop,subset_score_asc,1830,-0.0067984223365783695,0.004803634488909857
10000,subset_accuracy_drop,subset_score_asc,1840,-0.006956517696380615,0.004529084512744454
10000,subset_accuracy_drop,subset_score_asc,1850,-0.006956517696380615,0.004805249419287639
10000,subset_accuracy_drop,subset_score_asc,1860,-0.007193660736083985,0.004939904780294469
10000,subset_accuracy_drop,subset_score_asc,1870,-0.006956517696380615,0.005127682356402814
10000,subset_accuracy_drop,subset_score_asc,1880,-0.007114624977111817,0.004944638056623561
10000,subset_accuracy_drop,subset_score_asc,1890,-0.00735177993774414,0.005394909406780781
10000,subset_accuracy_drop,subset_score_asc,1900,-0.006877470016479492,0.00543099058479752
10000,subset_accuracy_drop,subset_score_asc,1910,-0.006956517696380615,0.0053073327848993474
10000,subset_accuracy_drop,subset_score_asc,1920,-0.007114636898040772,0.005100181404762461
10000,subset_accuracy_drop,subset_score_asc,1930,-0.007035565376281738,0.0052242448461022085
10000,subset_accuracy_drop,subset_score_asc,1940,-0.0071936845779418945,0.005357137604565712
10000,subset_accuracy_drop,subset_score_asc,1950,-0.007035577297210693,0.005486797134227219
10000,subset_accuracy_drop,subset_score_asc,1960,-0.006877470016479492,0.005452520409941163
10000,subset_accuracy_drop,subset_score_asc,1970,-0.007114624977111817,0.005448209143628215
10000,subset_accuracy_drop,subset_score_asc,1980,-0.007035565376281738,0.005415154386899929
10000,subset_accuracy_drop,subset_score_asc,1990,-0.0064821958541870115,0.005173164624983647
10000,subset_accuracy_drop,subset_score_asc,2000,-0.006245052814483643,0.004544567367736657
10000,subset_accuracy_drop,subset_score_asc,2010,-0.006403160095214844,0.004638133283170469
10000,subset_accuracy_drop,subset_score_asc,2020,-0.0060078978538513185,0.005049359645771984
10000,subset_accuracy_drop,subset_score_asc,2030,-0.006086945533752441,0.005387666929788049
10000,subset_accuracy_drop,subset_score_asc,2040,-0.005849814414978028,0.005716885880041377
10000,subset_accuracy_drop,subset_score_asc,2050,-0.006245052814483643,0.006042365198049472
10000,subset_accuracy_drop,subset_score_asc,2060,-0.006086969375610351,0.0064440009101741896
10000,subset_accuracy_drop,subset_score_asc,2070,-0.006245064735412598,0.006093853041425481
10000,subset_accuracy_drop,subset_score_asc,2080,-0.006086969375610351,0.006296865597014712
10000,subset_accuracy_drop,subset_score_asc,2090,-0.005849814414978028,0.0063512124853932345
10000,subset_accuracy_drop,subset_score_asc,2100,-0.005849802494049072,0.0066457095643554075
10000,subset_accuracy_drop,subset_score_asc,2110,-0.005691695213317871,0.0070406541751991845
10000,subset_accuracy_drop,subset_score_asc,2120,-0.005454540252685547,0.0070727559812527475
10000,subset_accuracy_drop,subset_score_asc,2130,-0.005059289932250977,0.007359610012311676
10000,subset_accuracy_drop,subset_score_asc,2140,-0.004901182651519775,0.007590553224854541
10000,subset_accuracy_drop,subset_score_asc,2150,-0.004980242252349854,0.008054882670392102
10000,subset_accuracy_drop,subset_score_asc,2160,-0.00490119457244873,0.007942581341574308
10000,subset_accuracy_drop,subset_score_asc,2170,-0.005217397212982177,0.007722174923994072
10000,subset_accuracy_drop,subset_score_asc,2180,-0.004664039611816407,0.007777619138636605
10000,subset_accuracy_drop,subset_score_asc,2190,-0.0047430872917175295,0.00778564914027378
10000,subset_accuracy_drop,subset_score_asc,2200,-0.0043478250503540036,0.007613169608181141
10000,subset_accuracy_drop,subset_score_asc,2210,-0.004505932331085205,0.0071671170481218925
10000,subset_accuracy_drop,subset_score_asc,2220,-0.004584980010986328,0.006962549364932081
10000,subset_accuracy_drop,subset_score_asc,2230,-0.004505932331085205,0.00679218623336207
10000,subset_accuracy_drop,subset_score_asc,2240,-0.004189729690551758,0.0069005837901179356
10000,subset_accuracy_drop,subset_score_asc,2250,-0.004031622409820556,0.007171461752311357
10000,subset_accuracy_drop,subset_score_asc,2260,-0.003952574729919433,0.00702065868078003
10000,subset_accuracy_drop,subset_score_asc,2270,-0.0037154197692871095,0.007106910135160719
10000,subset_accuracy_drop,subset_score_asc,2280,-0.0037154197692871095,0.007559633946346658
10000,subset_accuracy_drop,subset_score_asc,2290,-0.003320157527923584,0.007466040034201826
10000,subset_accuracy_drop,subset_score_asc,2300,-0.003478264808654785,0.0073702111009118585
10000,subset_accuracy_drop,subset_score_asc,2310,-0.003399205207824707,0.007848597279910908
10000,subset_accuracy_drop,subset_score_asc,2320,-0.003320157527923584,0.00759571462059238
10000,subset_accuracy_drop,subset_score_asc,2330,-0.0035573124885559084,0.007785643844842745
10000,subset_accuracy_drop,subset_score_asc,2340,-0.0030039548873901367,0.007492153877899327
10000,subset_accuracy_drop,subset_score_asc,2350,-0.003320145606994629,0.007507779527082812
10000,subset_accuracy_drop,subset_score_asc,2360,-0.0035573124885559084,0.007288149544973888
10000,subset_accuracy_drop,subset_score_asc,2370,-0.0036363482475280763,0.0073649188616781245
10000,subset_accuracy_drop,subset_score_asc,2380,-0.0030829906463623047,0.007635710210558255
10000,subset_accuracy_drop,subset_score_asc,2390,-0.002924907207489014,0.007957308332461902
10000,subset_accuracy_drop,subset_score_asc,2400,-0.002924907207489014,0.007544120853352202
10000,subset_accuracy_drop,subset_score_asc,2410,-0.0027667999267578123,0.007282797188528065
10000,subset_accuracy_drop,subset_score_asc,2420,-0.002450597286224365,0.0073383679916919214
10000,subset_accuracy_drop,subset_score_asc,2430,-0.0025296449661254884,0.007145292243847994
10000,subset_accuracy_drop,subset_score_asc,2440,-0.0026086926460266112,0.006687886701874184
10000,subset_accuracy_drop,subset_score_asc,2450,-0.00245058536529541,0.0064730466672869415
10000,subset_accuracy_drop,subset_score_asc,2460,-0.0017391324043273925,0.0067112030142191925
10000,subset_accuracy_drop,subset_score_asc,2470,-0.0016600847244262694,0.006320401111842921
10000,subset_accuracy_drop,subset_score_asc,2480,-0.001185762882232666,0.006725172635922587
10000,subset_accuracy_drop,subset_score_asc,2490,-0.001185774803161621,0.006678548566683078
10000,subset_accuracy_drop,subset_score_asc,2500,-0.0015019655227661132,0.006074605404333176
10000,subset_accuracy_drop,subset_score_asc,2510,-0.001185774803161621,0.006000857995957716
10000,subset_accuracy_drop,subset_score_asc,2520,-0.001264810562133789,0.006220728564795107
10000,subset_accuracy_drop,subset_score_asc,2530,-0.001185774803161621,0.006361025805116671
10000,subset_accuracy_drop,subset_score_asc,2540,-0.001185762882232666,0.006446425535794801
10000,subset_accuracy_drop,subset_score_asc,2550,-0.0011067152023315429,0.0067274878721493014
10000,subset_accuracy_drop,subset_score_asc,2560,-0.0010276556015014649,0.006395329359816712
10000,subset_accuracy_drop,subset_score_asc,2570,-0.0015019774436950684,0.006669165740192654
10000,subset_accuracy_drop,subset_score_asc,2580,-0.0013438820838928222,0.006474234459579252
10000,subset_accuracy_drop,subset_score_asc,2590,-0.0016600728034973145,0.006628057759355077
10000,subset_accuracy_drop,subset_score_asc,2600,-0.0015810251235961914,0.007026235038789541
10000,subset_accuracy_drop,subset_score_asc,2610,-0.0014229178428649901,0.007051747304579955
10000,subset_accuracy_drop,subset_score_asc,2620,-0.0015810132026672363,0.007042881591558803
10000,subset_accuracy_drop,subset_score_asc,2630,-0.0014229416847229004,0.00665276131564186
10000,subset_accuracy_drop,subset_score_asc,2640,-0.0011067152023315429,0.0068767705489484405
10000,subset_accuracy_drop,subset_score_asc,2650,-0.0009486079216003418,0.0064014409018516415
10000,subset_accuracy_drop,subset_score_asc,2660,-0.00102766752243042,0.006215704564509604
10000,subset_accuracy_drop,subset_score_asc,2670,-0.0008695721626281738,0.006882444149635378
10000,subset_accuracy_drop,subset_score_asc,2680,-0.001185774803161621,0.007059512251754007
10000,subset_accuracy_drop,subset_score_asc,2690,-0.0007905125617980957,0.006572442178723416
10000,subset_accuracy_drop,subset_score_asc,2700,-0.0004743218421936035,0.00726346231620211
10000,subset_accuracy_drop,subset_score_asc,2710,-0.00039526224136352537,0.007515048841663939
10000,subset_accuracy_drop,subset_score_asc,2720,-0.0002371668815612793,0.007312766479976648
10000,subset_accuracy_drop,subset_score_asc,2730,-0.00039526224136352537,0.007998436793769296
10000,subset_accuracy_drop,subset_score_asc,2740,-0.0001580953598022461,0.008289072102968038
10000,subset_accuracy_drop,subset_score_asc,2750,-0.0005533576011657714,0.00812250010038048
10000,subset_accuracy_drop,subset_score_asc,2760,-0.00031620264053344727,0.008140729188367446
10000,subset_accuracy_drop,subset_score_asc,2770,-0.0005533576011657714,0.008064569418475552
10000,subset_accuracy_drop,subset_score_asc,2780,-0.00039526224136352537,0.00790017636166128
10000,subset_accuracy_drop,subset_score_asc,2790,-0.0003952503204345703,0.00804226986255633
10000,subset_accuracy_drop,subset_score_asc,2800,-0.0001580953598022461,0.008208584966689716
10000,subset_accuracy_drop,subset_score_asc,2810,0.0002371668815612793,0.008725228694352353
10000,subset_accuracy_drop,subset_score_asc,2820,0.00047430992126464846,0.008715381398353358
10000,subset_accuracy_drop,subset_score_asc,2830,0.0007905006408691406,0.00863705817972897
10000,subset_accuracy_drop,subset_score_asc,2840,0.0007114648818969726,0.008391178310185597
10000,subset_accuracy_drop,subset_score_asc,2850,0.0006324052810668945,0.008122483857672422
10000,subset_accuracy_drop,subset_score_asc,2860,0.00047430992126464846,0.008515907676230486
10000,subset_accuracy_drop,subset_score_asc,2870,0.0009486198425292969,0.008711791694475977
10000,subset_accuracy_drop,subset_score_asc,2880,0.0012648224830627442,0.008325767709955608
10000,subset_accuracy_drop,subset_score_asc,2890,0.0015810251235961914,0.008356669428256705
10000,subset_accuracy_drop,subset_score_asc,2900,0.0014229297637939453,0.008516838505235859
10000,subset_accuracy_drop,subset_score_asc,2910,0.0014229178428649901,0.008621664191907975
10000,subset_accuracy_drop,subset_score_asc,2920,0.0016600847244262694,0.008588973242696977
10000,subset_accuracy_drop,subset_score_asc,2930,0.0015019774436950684,0.00820763568340347
10000,subset_accuracy_drop,subset_score_asc,2940,0.0016600728034973145,0.007625483948574347
10000,subset_accuracy_drop,subset_score_asc,2950,0.0018181800842285156,0.007848587974613278
10000,subset_accuracy_drop,subset_score_asc,2960,0.0017391204833984374,0.008208583244668066
10000,subset_accuracy_drop,subset_score_asc,2970,0.0019762873649597167,0.008504900834653311
10000,subset_accuracy_drop,subset_score_asc,2980,0.002292490005493164,0.008706404837206383
10000,subset_accuracy_drop,subset_score_asc,2990,0.0022925019264221193,0.008629809662648513
10000,subset_accuracy_drop,subset_score_asc,3000,0.00245058536529541,0.008786796195192806
10000,subset_accuracy_drop,subset_score_asc,3010,0.0029248952865600585,0.0088275982852914
10000,subset_accuracy_drop,subset_score_asc,3020,0.0029248952865600585,0.0088275982852914
10000,subset_accuracy_drop,subset_score_asc,3030,0.003162050247192383,0.008431101123583836
10000,subset_accuracy_drop,subset_score_asc,3040,0.0026086926460266112,0.008787673532074627
10000,subset_accuracy_drop,subset_score_asc,3050,0.0026086926460266112,0.008544300297435194
10000,subset_accuracy_drop,subset_score_asc,3060,0.0026877403259277345,0.008808990107818864
10000,subset_accuracy_drop,subset_score_asc,3070,0.0028458595275878905,0.007946515862378014
10000,subset_accuracy_drop,subset_score_asc,3080,0.0029248952865600585,0.0077383374009023865
10000,subset_accuracy_drop,subset_score_asc,3090,0.003162050247192383,0.007357485528091411
10000,subset_accuracy_drop,subset_score_asc,3100,0.003162050247192383,0.007577183554983258
10000,subset_accuracy_drop,subset_score_asc,3110,0.003478264808654785,0.007902165976486441
10000,subset_accuracy_drop,subset_score_asc,3120,0.0032410979270935058,0.007359621696474191
10000,subset_accuracy_drop,subset_score_asc,3130,0.003320157527923584,0.007434605637616151
10000,subset_accuracy_drop,subset_score_asc,3140,0.0028458356857299803,0.007485908144213975
10000,subset_accuracy_drop,subset_score_asc,3150,0.0030829906463623047,0.00777761414063382
10000,subset_accuracy_drop,subset_score_asc,3160,0.0032410979270935058,0.007348998760642631
10000,subset_accuracy_drop,subset_score_asc,3170,0.0037154316902160644,0.007323442615656878
10000,subset_accuracy_drop,subset_score_asc,3180,0.0038735270500183105,0.007220324632010466
10000,subset_accuracy_drop,subset_score_asc,3190,0.00411067008972168,0.006792182591380207
10000,subset_accuracy_drop,subset_score_asc,3200,0.0043478250503540036,0.006777227531358783
10000,subset_accuracy_drop,subset_score_asc,3210,0.00450594425201416,0.006492318113269013
10000,subset_accuracy_drop,subset_score_asc,3220,0.004426872730255127,0.006533103410181423
10000,subset_accuracy_drop,subset_score_asc,3230,0.004584980010986328,0.0059852187072476646
10000,subset_accuracy_drop,subset_score_asc,3240,0.004505932331085205,0.005792897514921922
10000,subset_accuracy_drop,subset_score_asc,3250,0.004822146892547607,0.005599530078246651
10000,subset_accuracy_drop,subset_score_asc,3260,0.0047430872917175295,0.005862597060216135
10000,subset_accuracy_drop,subset_score_asc,3270,0.0047430872917175295,0.0059419996619138275
10000,subset_accuracy_drop,subset_score_asc,3280,0.004664039611816407,0.00612582188855347
10000,subset_accuracy_drop,subset_score_asc,3290,0.004822134971618652,0.005911687405244244
10000,subset_accuracy_drop,subset_score_asc,3300,0.00450592041015625,0.00601125407223553
10000,subset_accuracy_drop,subset_score_asc,3310,0.0047430872917175295,0.00599435141520963
10000,subset_accuracy_drop,subset_score_asc,3320,0.005296432971954345,0.0059787047606241666
10000,subset_accuracy_drop,subset_score_asc,3330,0.005296456813812256,0.006474242283163519
10000,subset_accuracy_drop,subset_score_asc,3340,0.005217397212982177,0.006357356618343223
10000,subset_accuracy_drop,subset_score_asc,3350,0.0048221230506896974,0.007094829159280954
10000,subset_accuracy_drop,subset_score_asc,3360,0.005059289932250977,0.006657463110834609
10000,subset_accuracy_drop,subset_score_asc,3370,0.004980242252349854,0.006474257566568363
10000,subset_accuracy_drop,subset_score_asc,3380,0.0048221230506896974,0.006854035368866028
10000,subset_accuracy_drop,subset_score_asc,3390,0.005059289932250977,0.007231144581733925
10000,subset_accuracy_drop,subset_score_asc,3400,0.0051383376121521,0.007065050440332178
10000,subset_accuracy_drop,subset_score_asc,3410,0.0052173852920532225,0.0066103525815092296
10000,subset_accuracy_drop,subset_score_asc,3420,0.005296444892883301,0.007035108837070181
10000,subset_accuracy_drop,subset_score_asc,3430,0.005770742893218994,0.006951355748144951
10000,subset_accuracy_drop,subset_score_asc,3440,0.0060078978538513185,0.006933331273633089
10000,subset_accuracy_drop,subset_score_asc,3450,0.006166017055511475,0.006757611200879418
10000,subset_accuracy_drop,subset_score_asc,3460,0.006403148174285889,0.006680883839334671
10000,subset_accuracy_drop,subset_score_asc,3470,0.006482219696044922,0.006234528886613646
10000,subset_accuracy_drop,subset_score_asc,3480,0.006403160095214844,0.006916424124053622
10000,subset_accuracy_drop,subset_score_asc,3490,0.006798410415649414,0.006819755944009906
10000,subset_accuracy_drop,subset_score_asc,3500,0.007035577297210693,0.006424577014175652
10000,subset_accuracy_drop,subset_score_asc,3510,0.0072727203369140625,0.006056568640547637
10000,subset_accuracy_drop,subset_score_asc,3520,0.00695652961730957,0.006101539728777425
10000,subset_accuracy_drop,subset_score_asc,3530,0.006877470016479492,0.00561486558515365
10000,subset_accuracy_drop,subset_score_asc,3540,0.006877470016479492,0.005373170227952459
10000,subset_accuracy_drop,subset_score_asc,3550,0.007114624977111817,0.004936757478942056
10000,subset_accuracy_drop,subset_score_asc,3560,0.007193660736083985,0.004795481672619376
10000,subset_accuracy_drop,subset_score_asc,3570,0.007747030258178711,0.00478080088808856
10000,subset_accuracy_drop,subset_score_asc,3580,0.007826077938079833,0.00491612739086234
10000,subset_accuracy_drop,subset_score_asc,3590,0.007747042179107666,0.0049414854266162525
10000,subset_accuracy_drop,subset_score_asc,3600,0.007826089859008789,0.0052167898260893205
10000,subset_accuracy_drop,subset_score_asc,3610,0.007826089859008789,0.005313222210350541
10000,subset_accuracy_drop,subset_score_asc,3620,0.007905137538909913,0.005462545953681671
10000,subset_accuracy_drop,subset_score_asc,3630,0.007430827617645264,0.0057237181761772725
10000,subset_accuracy_drop,subset_score_asc,3640,0.007430839538574219,0.0053132208801277125
10000,subset_accuracy_drop,subset_score_asc,3650,0.007667970657348633,0.005248119481899051
10000,subset_accuracy_drop,subset_score_asc,3660,0.007905137538909913,0.005168650885973748
10000,subset_accuracy_drop,subset_score_asc,3670,0.00798419713973999,0.005283735521936518
10000,subset_accuracy_drop,subset_score_asc,3680,0.00837944746017456,0.005327903695093218
10000,subset_accuracy_drop,subset_score_asc,3690,0.008853757381439209,0.005799651639914458
10000,subset_accuracy_drop,subset_score_asc,3700,0.008774709701538087,0.005764525757262563
10000,subset_accuracy_drop,subset_score_asc,3710,0.009169960021972656,0.006055298336925075
10000,subset_accuracy_drop,subset_score_asc,3720,0.008774709701538087,0.006055298531537305
10000,subset_accuracy_drop,subset_score_asc,3730,0.00837944746017456,0.006332750458457188
10000,subset_accuracy_drop,subset_score_asc,3740,0.007905149459838867,0.0071801778898945455
10000,subset_accuracy_drop,subset_score_asc,3750,0.008063232898712159,0.0072806483489638125
10000,subset_accuracy_drop,subset_score_asc,3760,0.008458483219146728,0.007682620127498418
10000,subset_accuracy_drop,subset_score_asc,3770,0.008537530899047852,0.007554462088933435
10000,subset_accuracy_drop,subset_score_asc,3780,0.008458483219146728,0.007429355939780163
10000,subset_accuracy_drop,subset_score_asc,3790,0.008616602420806885,0.007666335115591246
10000,subset_accuracy_drop,subset_score_asc,3800,0.008932816982269286,0.007677536795254834
10000,subset_accuracy_drop,subset_score_asc,3810,0.009169960021972656,0.007444051714077006
10000,subset_accuracy_drop,subset_score_asc,3820,0.008932805061340332,0.007286028475055025
10000,subset_accuracy_drop,subset_score_asc,3830,0.00877469778060913,0.007160569057102689
10000,subset_accuracy_drop,subset_score_asc,3840,0.008853769302368164,0.007450345185327779
10000,subset_accuracy_drop,subset_score_asc,3850,0.009011852741241454,0.0073330506831057
10000,subset_accuracy_drop,subset_score_asc,3860,0.009169948101043702,0.007000616338587289
10000,subset_accuracy_drop,subset_score_asc,3870,0.008932805061340332,0.006803700419952695
10000,subset_accuracy_drop,subset_score_asc,3880,0.009249019622802734,0.006315458454050807
10000,subset_accuracy_drop,subset_score_asc,3890,0.009169971942901612,0.006189280592979728
10000,subset_accuracy_drop,subset_score_asc,3900,0.00924900770187378,0.006171584899504531
10000,subset_accuracy_drop,subset_score_asc,3910,0.009723329544067382,0.006641005833261251
10000,subset_accuracy_drop,subset_score_asc,3920,0.009723329544067382,0.00692883827208209
10000,subset_accuracy_drop,subset_score_asc,3930,0.009802377223968506,0.006533078347665884
10000,subset_accuracy_drop,subset_score_asc,3940,0.010197627544403075,0.006831178827583769
10000,subset_accuracy_drop,subset_score_asc,3950,0.0104347825050354,0.006413619516512319
10000,subset_accuracy_drop,subset_score_asc,3960,0.010513830184936523,0.006746039826762178
10000,subset_accuracy_drop,subset_score_asc,3970,0.010750985145568848,0.006610358462009033
10000,subset_accuracy_drop,subset_score_asc,3980,0.01083003282546997,0.0069737652159568885
10000,subset_accuracy_drop,subset_score_asc,3990,0.010671937465667724,0.007020672942434114
10000,subset_accuracy_drop,subset_score_asc,4000,0.01083003282546997,0.007024008213272508
10000,subset_accuracy_drop,subset_score_asc,4010,0.01083003282546997,0.007445085384463979
10000,subset_accuracy_drop,subset_score_asc,4020,0.010592877864837646,0.007268848194340457
10000,subset_accuracy_drop,subset_score_asc,4030,0.010909080505371094,0.00726991098892834
10000,subset_accuracy_drop,subset_score_asc,4040,0.011225283145904541,0.006832320220767887
10000,subset_accuracy_drop,subset_score_asc,4050,0.011304342746734619,0.006940107754914286
10000,subset_accuracy_drop,subset_score_asc,4060,0.011383402347564697,0.0067795321143298976
10000,subset_accuracy_drop,subset_score_asc,4070,0.011620545387268066,0.006786441167850543
10000,subset_accuracy_drop,subset_score_asc,4080,0.011541497707366944,0.006739086381523303
10000,subset_accuracy_drop,subset_score_asc,4090,0.011541497707366944,0.006454918696205813
10000,subset_accuracy_drop,subset_score_asc,4100,0.011541497707366944,0.0067967915797011195
10000,subset_accuracy_drop,subset_score_asc,4110,0.011699604988098144,0.006923181593640226
10000,subset_accuracy_drop,subset_score_asc,4120,0.011541497707366944,0.007078293626360548
10000,subset_accuracy_drop,subset_score_asc,4130,0.012332010269165038,0.007166027665984022
10000,subset_accuracy_drop,subset_score_asc,4140,0.011857700347900391,0.00728815439378098
10000,subset_accuracy_drop,subset_score_asc,4150,0.011541509628295898,0.006955841148082753
10000,subset_accuracy_drop,subset_score_asc,4160,0.012332010269165038,0.006989451496315604
10000,subset_accuracy_drop,subset_score_asc,4170,0.012648224830627441,0.006476668137008078
10000,subset_accuracy_drop,subset_score_asc,4180,0.012964427471160889,0.006715868103907422
10000,subset_accuracy_drop,subset_score_asc,4190,0.01351778507232666,0.007006193853156939
10000,subset_accuracy_drop,subset_score_asc,4200,0.01351778507232666,0.0069220482056934415
10000,subset_accuracy_drop,subset_score_asc,4210,0.013201570510864258,0.0064500718141806595
10000,subset_accuracy_drop,subset_score_asc,4220,0.01312253475189209,0.006448861670730803
10000,subset_accuracy_drop,subset_score_asc,4230,0.012885367870330811,0.006296857178951648
10000,subset_accuracy_drop,subset_score_asc,4240,0.012569165229797364,0.00644280132779242
10000,subset_accuracy_drop,subset_score_asc,4250,0.012648212909698486,0.006293135791806382
10000,subset_accuracy_drop,subset_score_asc,4260,0.013596844673156739,0.005978713035659082
10000,subset_accuracy_drop,subset_score_asc,4270,0.013833999633789062,0.006666841381573169
10000,subset_accuracy_drop,subset_score_asc,4280,0.013754940032958985,0.006616274586449486
10000,subset_accuracy_drop,subset_score_asc,4290,0.013913047313690186,0.006750672641062128
10000,subset_accuracy_drop,subset_score_asc,4300,0.01335967779159546,0.006592618794402817
10000,subset_accuracy_drop,subset_score_asc,4310,0.013992094993591308,0.006676230297840208
10000,subset_accuracy_drop,subset_score_asc,4320,0.013913047313690186,0.006214475698926705
10000,subset_accuracy_drop,subset_score_asc,4330,0.013754928112030029,0.006055299115051263
10000,subset_accuracy_drop,subset_score_asc,4340,0.01351778507232666,0.006182947342205398
10000,subset_accuracy_drop,subset_score_asc,4350,0.013359689712524414,0.006332731113411477
10000,subset_accuracy_drop,subset_score_asc,4360,0.013280630111694336,0.005959056349809392
10000,subset_accuracy_drop,subset_score_asc,4370,0.013438737392425537,0.005561754585834461
10000,subset_accuracy_drop,subset_score_asc,4380,0.013201582431793212,0.0058398993983263805
10000,subset_accuracy_drop,subset_score_asc,4390,0.013438725471496582,0.0055687740418420015
10000,subset_accuracy_drop,subset_score_asc,4400,0.013359689712524414,0.005400723615745567
10000,subset_accuracy_drop,subset_score_asc,4410,0.013438737392425537,0.005987848584124025
10000,subset_accuracy_drop,subset_score_asc,4420,0.013596844673156739,0.005663351236242839
10000,subset_accuracy_drop,subset_score_asc,4430,0.013675892353057861,0.005656447274285396
10000,subset_accuracy_drop,subset_score_asc,4440,0.013833987712860107,0.005714153972683159
10000,subset_accuracy_drop,subset_score_asc,4450,0.013992083072662354,0.005978689392650574
10000,subset_accuracy_drop,subset_score_asc,4460,0.01415020227432251,0.006182947151668456
10000,subset_accuracy_drop,subset_score_asc,4470,0.014387357234954833,0.006576019120989265
10000,subset_accuracy_drop,subset_score_asc,4480,0.014466404914855957,0.006996147690673449
10000,subset_accuracy_drop,subset_score_asc,4490,0.014624512195587159,0.006596161044051732
10000,subset_accuracy_drop,subset_score_asc,4500,0.015019762516021728,0.006834615016853748
10000,subset_accuracy_drop,subset_score_asc,4510,0.014624488353729249,0.006660977420161667
10000,subset_accuracy_drop,subset_score_asc,4520,0.01438734531402588,0.006699576100591613
10000,subset_accuracy_drop,subset_score_asc,4530,0.014703571796417236,0.0067968038847554865
10000,subset_accuracy_drop,subset_score_asc,4540,0.014624500274658203,0.00705397639474985
10000,subset_accuracy_drop,subset_score_asc,4550,0.014861655235290528,0.007062830015402448
10000,subset_accuracy_drop,subset_score_asc,4560,0.014545464515686035,0.00734368273332291
10000,subset_accuracy_drop,subset_score_asc,4570,0.01415020227432251,0.007527543574050233
10000,subset_accuracy_drop,subset_score_asc,4580,0.013992094993591308,0.007507801335878729
10000,subset_accuracy_drop,subset_score_asc,4590,0.013992106914520264,0.00762651032728914
10000,subset_accuracy_drop,subset_score_asc,4600,0.013280630111694336,0.007783644573100116
10000,subset_accuracy_drop,subset_score_asc,4610,0.013517796993255615,0.007354313027538848
10000,subset_accuracy_drop,subset_score_asc,4620,0.013596832752227783,0.006996158634858811
10000,subset_accuracy_drop,subset_score_asc,4630,0.013754940032958985,0.007204084512901586
10000,subset_accuracy_drop,subset_score_asc,4640,0.013992094993591308,0.007172570673750567
10000,subset_accuracy_drop,subset_score_asc,4650,0.014387357234954833,0.006809422620494254
10000,subset_accuracy_drop,subset_score_asc,4660,0.013913047313690186,0.0072688464117635024
10000,subset_accuracy_drop,subset_score_asc,4670,0.014071154594421386,0.008136894224200556
10000,subset_accuracy_drop,subset_score_asc,4680,0.014308309555053711,0.008078145269108796
10000,subset_accuracy_drop,subset_score_asc,4690,0.01478261947631836,0.008059737218909522
10000,subset_accuracy_drop,subset_score_asc,4700,0.014940714836120606,0.007620354618914582
10000,subset_accuracy_drop,subset_score_asc,4710,0.015098810195922852,0.007522346678281356
10000,subset_accuracy_drop,subset_score_asc,4720,0.015335965156555175,0.00730101145973203
10000,subset_accuracy_drop,subset_score_asc,4730,0.015652167797088622,0.007355366355763875
10000,subset_accuracy_drop,subset_score_asc,4740,0.015415012836456299,0.007659200928669339
10000,subset_accuracy_drop,subset_score_asc,4750,0.01517786979675293,0.007631615762607989
10000,subset_accuracy_drop,subset_score_asc,4760,0.015573132038116454,0.007429346426594421
10000,subset_accuracy_drop,subset_score_asc,4770,0.015573132038116454,0.007646949357356899
10000,subset_accuracy_drop,subset_score_asc,4780,0.015415024757385255,0.007745419684259358
10000,subset_accuracy_drop,subset_score_asc,4790,0.015098810195922852,0.007279594565591107
10000,subset_accuracy_drop,subset_score_asc,4800,0.014861667156219482,0.007502582600666402
10000,subset_accuracy_drop,subset_score_asc,4810,0.015019762516021728,0.007840615972102307
10000,subset_accuracy_drop,subset_score_asc,4820,0.01470355987548828,0.007792674820486928
10000,subset_accuracy_drop,subset_score_asc,4830,0.014624500274658203,0.007704972539859114
10000,subset_accuracy_drop,subset_score_asc,4840,0.014624488353729249,0.007725216484076774
10000,subset_accuracy_drop,subset_score_asc,4850,0.014782607555389404,0.007878420859059621
10000,subset_accuracy_drop,subset_score_asc,4860,0.015098810195922852,0.0076917792407457915
10000,subset_accuracy_drop,subset_score_asc,4870,0.015098822116851807,0.008000416107033722
10000,subset_accuracy_drop,subset_score_asc,4880,0.015256917476654053,0.008507667968192675
10000,subset_accuracy_drop,subset_score_asc,4890,0.015098822116851807,0.008616222080810927
10000,subset_accuracy_drop,subset_score_asc,4900,0.015098834037780761,0.008525088556084122
10000,subset_accuracy_drop,subset_score_asc,4910,0.015494084358215332,0.008502160925781734
10000,subset_accuracy_drop,subset_score_asc,4920,0.015494084358215332,0.00891475731873541
10000,subset_accuracy_drop,subset_score_asc,4930,0.015652179718017578,0.008756514108635998
10000,subset_accuracy_drop,subset_score_asc,4940,0.015494072437286377,0.008919160240119841
10000,subset_accuracy_drop,subset_score_asc,4950,0.015968382358551025,0.008498481436646829
10000,subset_accuracy_drop,subset_score_asc,4960,0.015731227397918702,0.008733277976320028
10000,subset_accuracy_drop,subset_score_asc,4970,0.016126477718353273,0.009071095548468671
10000,subset_accuracy_drop,subset_score_asc,4980,0.016126489639282225,0.009062495382805803
10000,subset_accuracy_drop,subset_score_asc,4990,0.015731215476989746,0.009118347517064626
10000,subset_accuracy_drop,subset_score_asc,5000,0.015731227397918702,0.009549348381016459
10000,subset_accuracy_drop,subset_score_asc,5010,0.015652179718017578,0.009607242248456055
10000,subset_accuracy_drop,subset_score_asc,5020,0.01644268035888672,0.009221416316177804
10000,subset_accuracy_drop,subset_score_asc,5030,0.016442692279815672,0.009259475382422264
10000,subset_accuracy_drop,subset_score_asc,5040,0.01652172803878784,0.00925016754695513
10000,subset_accuracy_drop,subset_score_asc,5050,0.017075097560882567,0.008862042337592118
10000,subset_accuracy_drop,subset_score_asc,5060,0.01675889492034912,0.008406049815893817
10000,subset_accuracy_drop,subset_score_asc,5070,0.01715414524078369,0.008535147259516181
10000,subset_accuracy_drop,subset_score_asc,5080,0.017154157161712646,0.008516835324188496
10000,subset_accuracy_drop,subset_score_asc,5090,0.017075097560882567,0.008755635398461647
10000,subset_accuracy_drop,subset_score_asc,5100,0.017470347881317138,0.008231403757574265
10000,subset_accuracy_drop,subset_score_asc,5110,0.017470359802246094,0.007961241789497383
10000,subset_accuracy_drop,subset_score_asc,5120,0.017549407482147217,0.00844777081057268
10000,subset_accuracy_drop,subset_score_asc,5130,0.01770750284194946,0.008954113868015205
10000,subset_accuracy_drop,subset_score_asc,5140,0.01770750284194946,0.008954113868015205
10000,subset_accuracy_drop,subset_score_asc,5150,0.01786562204360962,0.009173875798489486
10000,subset_accuracy_drop,subset_score_asc,5160,0.01802370548248291,0.00914059219552101
10000,subset_accuracy_drop,subset_score_asc,5170,0.017865610122680665,0.00956978861837614
10000,subset_accuracy_drop,subset_score_asc,5180,0.018023717403411865,0.00964783557533545
10000,subset_accuracy_drop,subset_score_asc,5190,0.018102777004241944,0.00962676538654354
10000,subset_accuracy_drop,subset_score_asc,5200,0.018498027324676515,0.009442412466368785
10000,subset_accuracy_drop,subset_score_asc,5210,0.018656110763549803,0.009363493373993625
10000,subset_accuracy_drop,subset_score_asc,5220,0.018893277645111083,0.009400963988809144
10000,subset_accuracy_drop,subset_score_asc,5230,0.018735170364379883,0.00944736445274926
10000,subset_accuracy_drop,subset_score_asc,5240,0.018577075004577635,0.009374327688369037
10000,subset_accuracy_drop,subset_score_asc,5250,0.01913043260574341,0.009505083034274657
10000,subset_accuracy_drop,subset_score_asc,5260,0.019288527965545654,0.00952887863754367
10000,subset_accuracy_drop,subset_score_asc,5270,0.019367587566375733,0.00941588603778588
10000,subset_accuracy_drop,subset_score_asc,5280,0.019446635246276857,0.009233271491633074
10000,subset_accuracy_drop,subset_score_asc,5290,0.019841909408569336,0.009775701171486042
10000,subset_accuracy_drop,subset_score_asc,5300,0.019604742527008057,0.009615363279483195
10000,subset_accuracy_drop,subset_score_asc,5310,0.01920948028564453,0.009513269605179396
10000,subset_accuracy_drop,subset_score_asc,5320,0.019446635246276857,0.009224815370528215
10000,subset_accuracy_drop,subset_score_asc,5330,0.01984189748764038,0.009334227944135569
10000,subset_accuracy_drop,subset_score_asc,5340,0.01984189748764038,0.009582021283742817
10000,subset_accuracy_drop,subset_score_asc,5350,0.02015808820724487,0.008816084624740227
10000,subset_accuracy_drop,subset_score_asc,5360,0.02023714780807495,0.008706399695823349
10000,subset_accuracy_drop,subset_score_asc,5370,0.020079052448272704,0.009148294818811452
10000,subset_accuracy_drop,subset_score_asc,5380,0.02007906436920166,0.009300710938544059
10000,subset_accuracy_drop,subset_score_asc,5390,0.020000004768371583,0.0096962832044485
10000,subset_accuracy_drop,subset_score_asc,5400,0.01984189748764038,0.008941018878318106
10000,subset_accuracy_drop,subset_score_asc,5410,0.020000004768371583,0.008756529444279092
10000,subset_accuracy_drop,subset_score_asc,5420,0.019683802127838136,0.009109783684479447
10000,subset_accuracy_drop,subset_score_asc,5430,0.019525694847106933,0.009280521460901654
10000,subset_accuracy_drop,subset_score_asc,5440,0.01944664716720581,0.009429981462728528
10000,subset_accuracy_drop,subset_score_asc,5450,0.019446635246276857,0.009122625321084151
10000,subset_accuracy_drop,subset_score_asc,5460,0.019604754447937012,0.009459766636485336
10000,subset_accuracy_drop,subset_score_asc,5470,0.020079052448272704,0.009483685632633243
10000,subset_accuracy_drop,subset_score_asc,5480,0.01992095708847046,0.009468022996556236
10000,subset_accuracy_drop,subset_score_asc,5490,0.019999992847442628,0.009533798067886576
10000,subset_accuracy_drop,subset_score_asc,5500,0.02063242197036743,0.009139753504500093
10000,subset_accuracy_drop,subset_score_asc,5510,0.0208695650100708,0.009500137947142736
10000,subset_accuracy_drop,subset_score_asc,5520,0.021501970291137696,0.009455644971727748
10000,subset_accuracy_drop,subset_score_asc,5530,0.021739137172698975,0.009332558404817864
10000,subset_accuracy_drop,subset_score_asc,5540,0.021660077571868896,0.009250192506376178
10000,subset_accuracy_drop,subset_score_asc,5550,0.02173912525177002,0.009265352802251525
10000,subset_accuracy_drop,subset_score_asc,5560,0.021422922611236572,0.009549343323503014
10000,subset_accuracy_drop,subset_score_asc,5570,0.021501982212066652,0.00969224522616333
10000,subset_accuracy_drop,subset_score_asc,5580,0.021106719970703125,0.009136332731627374
10000,subset_accuracy_drop,subset_score_asc,5590,0.021422934532165528,0.00958607865807573
10000,subset_accuracy_drop,subset_score_asc,5600,0.021264827251434325,0.009500131375482222
10000,subset_accuracy_drop,subset_score_asc,5610,0.021106719970703125,0.009554241983484217
10000,subset_accuracy_drop,subset_score_asc,5620,0.021501982212066652,0.00950507435925883
10000,subset_accuracy_drop,subset_score_asc,5630,0.0219762921333313,0.00995465182469574
10000,subset_accuracy_drop,subset_score_asc,5640,0.02189723253250122,0.00967611541820086
10000,subset_accuracy_drop,subset_score_asc,5650,0.022213447093963622,0.009634871795841946
10000,subset_accuracy_drop,subset_score_asc,5660,0.022213447093963622,0.009961707163675452
10000,subset_accuracy_drop,subset_score_asc,5670,0.022292494773864746,0.009966410115125493
10000,subset_accuracy_drop,subset_score_asc,5680,0.022529637813568114,0.010181223099814243
10000,subset_accuracy_drop,subset_score_asc,5690,0.022450590133666994,0.009957780840109549
10000,subset_accuracy_drop,subset_score_asc,5700,0.022213447093963622,0.009965633831644454
10000,subset_accuracy_drop,subset_score_asc,5710,0.022687745094299317,0.00929734254528028
10000,subset_accuracy_drop,subset_score_asc,5720,0.022450590133666994,0.00882671210518219
10000,subset_accuracy_drop,subset_score_asc,5730,0.022292506694793702,0.008580788183673412
10000,subset_accuracy_drop,subset_score_asc,5740,0.022450602054595946,0.008543395624213428
10000,subset_accuracy_drop,subset_score_asc,5750,0.022845852375030517,0.008451448543639687
10000,subset_accuracy_drop,subset_score_asc,5760,0.02316206693649292,0.008539719280362592
10000,subset_accuracy_drop,subset_score_asc,5770,0.023241102695465088,0.008835546975418848
10000,subset_accuracy_drop,subset_score_asc,5780,0.022766804695129393,0.009002811932143884
10000,subset_accuracy_drop,subset_score_asc,5790,0.022845852375030517,0.008835542842442238
10000,subset_accuracy_drop,subset_score_asc,5800,0.022687745094299317,0.008756498369372999
10000,subset_accuracy_drop,subset_score_asc,5810,0.022450602054595946,0.008269278102529068
10000,subset_accuracy_drop,subset_score_asc,5820,0.02260870933532715,0.008469939813900977
10000,subset_accuracy_drop,subset_score_asc,5830,0.02300395965576172,0.008381847523568122
10000,subset_accuracy_drop,subset_score_asc,5840,0.022766804695129393,0.00800625474183814
10000,subset_accuracy_drop,subset_score_asc,5850,0.022845864295959473,0.008145536623685182
10000,subset_accuracy_drop,subset_score_asc,5860,0.022845852375030517,0.007941600113775746
10000,subset_accuracy_drop,subset_score_asc,5870,0.02252964973449707,0.007704960309202813
10000,subset_accuracy_drop,subset_score_asc,5880,0.022450602054595946,0.007822670795598615
10000,subset_accuracy_drop,subset_score_asc,5890,0.022450578212738038,0.007980851360810287
10000,subset_accuracy_drop,subset_score_asc,5900,0.022687757015228273,0.008030603313179613
10000,subset_accuracy_drop,subset_score_asc,5910,0.023003947734832764,0.007862519379538526
10000,subset_accuracy_drop,subset_score_asc,5920,0.022687745094299317,0.008213353688729405
10000,subset_accuracy_drop,subset_score_asc,5930,0.022529637813568114,0.00830037962824582
10000,subset_accuracy_drop,subset_score_asc,5940,0.02237154245376587,0.007858540406196669
10000,subset_accuracy_drop,subset_score_asc,5950,0.0219762921333313,0.007922874076797889
10000,subset_accuracy_drop,subset_score_asc,5960,0.021897244453430175,0.007932741476434918
10000,subset_accuracy_drop,subset_score_asc,5970,0.021343863010406493,0.008008214471675679
10000,subset_accuracy_drop,subset_score_asc,5980,0.021422922611236572,0.00804422828662874
10000,subset_accuracy_drop,subset_score_asc,5990,0.021185755729675293,0.008088767647780997
10000,subset_accuracy_drop,subset_score_asc,6000,0.021264815330505372,0.00839117339688682
10000,subset_accuracy_drop,subset_score_asc,6010,0.02118576765060425,0.007868470967692928
10000,subset_accuracy_drop,subset_score_asc,6020,0.021422922611236572,0.008288154067703618
10000,subset_accuracy_drop,subset_score_asc,6030,0.02173912525177002,0.00831918898998182
10000,subset_accuracy_drop,subset_score_asc,6040,0.02205535173416138,0.008800128040550323
10000,subset_accuracy_drop,subset_score_asc,6050,0.022213435173034667,0.009156823406148028
10000,subset_accuracy_drop,subset_score_asc,6060,0.022134387493133546,0.009294814688789786
10000,subset_accuracy_drop,subset_score_asc,6070,0.02237154245376587,0.008653318054039223
10000,subset_accuracy_drop,subset_score_asc,6080,0.02237154245376587,0.008558000831823311
10000,subset_accuracy_drop,subset_score_asc,6090,0.0221343994140625,0.009163657246374081
10000,subset_accuracy_drop,subset_score_asc,6100,0.022292494773864746,0.008756512090775546
10000,subset_accuracy_drop,subset_score_asc,6110,0.022213435173034667,0.008607156064506821
10000,subset_accuracy_drop,subset_score_asc,6120,0.022450590133666994,0.00810227925531398
10000,subset_accuracy_drop,subset_score_asc,6130,0.022687745094299317,0.008698338271002208
10000,subset_accuracy_drop,subset_score_asc,6140,0.022766804695129393,0.008653335614448282
10000,subset_accuracy_drop,subset_score_asc,6150,0.02276679277420044,0.008707323418678574
10000,subset_accuracy_drop,subset_score_asc,6160,0.023162055015563964,0.008933163114099111
10000,subset_accuracy_drop,subset_score_asc,6170,0.023557305335998535,0.008662338612891873
10000,subset_accuracy_drop,subset_score_asc,6180,0.023557305335998535,0.00842462898746909
10000,subset_accuracy_drop,subset_score_asc,6190,0.023715412616729735,0.008532420652717582
10000,subset_accuracy_drop,subset_score_asc,6200,0.023715412616729735,0.00840327893803882
10000,subset_accuracy_drop,subset_score_asc,6210,0.023557305335998535,0.00847084927280334
10000,subset_accuracy_drop,subset_score_asc,6220,0.02347825765609741,0.00844314090719716
10000,subset_accuracy_drop,subset_score_asc,6230,0.023162055015563964,0.00839674509454054
10000,subset_accuracy_drop,subset_score_asc,6240,0.023162055015563964,0.008336059861572334
10000,subset_accuracy_drop,subset_score_asc,6250,0.023320162296295167,0.00878502141367932
10000,subset_accuracy_drop,subset_score_asc,6260,0.023399198055267335,0.008432945920842394
10000,subset_accuracy_drop,subset_score_asc,6270,0.023557305335998535,0.008760990372084155
10000,subset_accuracy_drop,subset_score_asc,6280,0.023873507976531982,0.008608067721127157
10000,subset_accuracy_drop,subset_score_asc,6290,0.024268758296966553,0.008787690555921613
10000,subset_accuracy_drop,subset_score_asc,6300,0.024110662937164306,0.00856895747477606
10000,subset_accuracy_drop,subset_score_asc,6310,0.024743092060089112,0.008396774414575313
10000,subset_accuracy_drop,subset_score_asc,6320,0.02418973445892334,0.00792684096717693
10000,subset_accuracy_drop,subset_score_asc,6330,0.024031627178192138,0.007444064531570351
10000,subset_accuracy_drop,subset_score_asc,6340,0.024347829818725585,0.007616244028000585
10000,subset_accuracy_drop,subset_score_asc,6350,0.02434784173965454,0.007763543122810167
10000,subset_accuracy_drop,subset_score_asc,6360,0.02426878213882446,0.007636739533857597
10000,subset_accuracy_drop,subset_score_asc,6370,0.02434781789779663,0.008074270513652478
10000,subset_accuracy_drop,subset_score_asc,6380,0.024426865577697753,0.007980852541583101
10000,subset_accuracy_drop,subset_score_asc,6390,0.024822139739990236,0.008451471959249963
10000,subset_accuracy_drop,subset_score_asc,6400,0.024822139739990236,0.008483758629794235
10000,subset_accuracy_drop,subset_score_asc,6410,0.024743080139160156,0.008823175306274973
10000,subset_accuracy_drop,subset_score_asc,6420,0.02482212781906128,0.008879631391837525
10000,subset_accuracy_drop,subset_score_asc,6430,0.024664020538330077,0.009097767724641208
10000,subset_accuracy_drop,subset_score_asc,6440,0.025138342380523683,0.008711801294632547
10000,subset_accuracy_drop,subset_score_asc,6450,0.025296437740325927,0.00940759781965548
10000,subset_accuracy_drop,subset_score_asc,6460,0.025217390060424803,0.009977401847776367
10000,subset_accuracy_drop,subset_score_asc,6470,0.025612640380859374,0.010182754998906186
10000,subset_accuracy_drop,subset_score_asc,6480,0.026007914543151857,0.010051507166256466
10000,subset_accuracy_drop,subset_score_asc,6490,0.026086950302124025,0.010250035333433358
10000,subset_accuracy_drop,subset_score_asc,6500,0.026482212543487548,0.010018794606882063
10000,subset_accuracy_drop,subset_score_asc,6510,0.02664031982421875,0.010040590341199269
10000,subset_accuracy_drop,subset_score_asc,6520,0.02679842710494995,0.009996944400740285
10000,subset_accuracy_drop,subset_score_asc,6530,0.026482224464416504,0.009490283361455593
10000,subset_accuracy_drop,subset_score_asc,6540,0.0269565224647522,0.009500145634745126
10000,subset_accuracy_drop,subset_score_asc,6550,0.02695653438568115,0.009350980761960264
10000,subset_accuracy_drop,subset_score_asc,6560,0.026956510543823243,0.00938016830636872
10000,subset_accuracy_drop,subset_score_asc,6570,0.027351784706115722,0.0099499456833948
10000,subset_accuracy_drop,subset_score_asc,6580,0.027035582065582275,0.010052281036773537
10000,subset_accuracy_drop,subset_score_asc,6590,0.02671936750411987,0.010071683211350916
10000,subset_accuracy_drop,subset_score_asc,6600,0.02687746286392212,0.009905093652213892
10000,subset_accuracy_drop,subset_score_asc,6610,0.02679842710494995,0.009949945564994166
10000,subset_accuracy_drop,subset_score_asc,6620,0.02679842710494995,0.009906682637756892
10000,subset_accuracy_drop,subset_score_asc,6630,0.027272737026214598,0.009629182979094795
10000,subset_accuracy_drop,subset_score_asc,6640,0.027114605903625487,0.009144865647995298
10000,subset_accuracy_drop,subset_score_asc,6650,0.027272725105285646,0.009486151238346176
10000,subset_accuracy_drop,subset_score_asc,6660,0.027430832386016846,0.009704344409691569
10000,subset_accuracy_drop,subset_score_asc,6670,0.027114617824554443,0.00922990477721467
10000,subset_accuracy_drop,subset_score_asc,6680,0.027272725105285646,0.008847041432139862
10000,subset_accuracy_drop,subset_score_asc,6690,0.027035582065582275,0.008653331666789582
10000,subset_accuracy_drop,subset_score_asc,6700,0.027035582065582275,0.008902507636339122
10000,subset_accuracy_drop,subset_score_asc,6710,0.02743082046508789,0.008653314650796967
10000,subset_accuracy_drop,subset_score_asc,6720,0.02766798734664917,0.008587184736476523
10000,subset_accuracy_drop,subset_score_asc,6730,0.027272725105285646,0.008421829115209339
10000,subset_accuracy_drop,subset_score_asc,6740,0.027588951587677,0.008183812974005156
10000,subset_accuracy_drop,subset_score_asc,6750,0.027984201908111572,0.008409774508586708
10000,subset_accuracy_drop,subset_score_asc,6760,0.028142285346984864,0.008207649174218094
10000,subset_accuracy_drop,subset_score_asc,6770,0.027826106548309325,0.008562567390838447
10000,subset_accuracy_drop,subset_score_asc,6780,0.027905142307281493,0.008720751094373728
10000,subset_accuracy_drop,subset_score_asc,6790,0.02822134494781494,0.009157680857453901
10000,subset_accuracy_drop,subset_score_asc,6800,0.027905142307281493,0.009635675460200338
10000,subset_accuracy_drop,subset_score_asc,6810,0.02806323766708374,0.010196545597346968
10000,subset_accuracy_drop,subset_score_asc,6820,0.028300392627716064,0.010172012616463375
10000,subset_accuracy_drop,subset_score_asc,6830,0.028221333026885988,0.009792473848585287
10000,subset_accuracy_drop,subset_score_asc,6840,0.028063249588012696,0.009382654084115427
10000,subset_accuracy_drop,subset_score_asc,6850,0.028142285346984864,0.0094424089733325
10000,subset_accuracy_drop,subset_score_asc,6860,0.027430832386016846,0.008827599085915808
10000,subset_accuracy_drop,subset_score_asc,6870,0.02743082046508789,0.00889372047622458
10000,subset_accuracy_drop,subset_score_asc,6880,0.027588927745819093,0.008092618868298774
10000,subset_accuracy_drop,subset_score_asc,6890,0.027826082706451417,0.008199060896124183
10000,subset_accuracy_drop,subset_score_asc,6900,0.027984189987182616,0.00831635985158425
10000,subset_accuracy_drop,subset_score_asc,6910,0.028379452228546143,0.008259813461646054
10000,subset_accuracy_drop,subset_score_asc,6920,0.028300392627716064,0.007697866663029013
10000,subset_accuracy_drop,subset_score_asc,6930,0.02814229726791382,0.007931786208852749
10000,subset_accuracy_drop,subset_score_asc,6940,0.027984189987182616,0.008087805029482616
10000,subset_accuracy_drop,subset_score_asc,6950,0.02822134494781494,0.0078684742611605
10000,subset_accuracy_drop,subset_score_asc,6960,0.02885376214981079,0.0077956702887053714
10000,subset_accuracy_drop,subset_score_asc,6970,0.029011845588684082,0.00742935324436084
10000,subset_accuracy_drop,subset_score_asc,6980,0.02909090518951416,0.007559645321329358
10000,subset_accuracy_drop,subset_score_asc,6990,0.029011857509613038,0.007371312814976605
10000,subset_accuracy_drop,subset_score_asc,7000,0.029328060150146485,0.007630598406715732
10000,subset_accuracy_drop,subset_score_asc,7010,0.02940710783004761,0.007564801333600492
10000,subset_accuracy_drop,subset_score_asc,7020,0.029249000549316406,0.007357501538349923
10000,subset_accuracy_drop,subset_score_asc,7030,0.02972332239151001,0.007198670307211654
10000,subset_accuracy_drop,subset_score_asc,7040,0.02924901247024536,0.007201921674394835
10000,subset_accuracy_drop,subset_score_asc,7050,0.029169952869415282,0.00725809775948072
10000,subset_accuracy_drop,subset_score_asc,7060,0.02932807207107544,0.007116821628443101
10000,subset_accuracy_drop,subset_score_asc,7070,0.029723334312438964,0.00702845328170294
10000,subset_accuracy_drop,subset_score_asc,7080,0.02924901247024536,0.0071365369655127355
10000,subset_accuracy_drop,subset_score_asc,7090,0.02893279790878296,0.007338369917918258
10000,subset_accuracy_drop,subset_score_asc,7100,0.029249024391174317,0.007053964705321155
10000,subset_accuracy_drop,subset_score_asc,7110,0.02948615550994873,0.006911910588578193
10000,subset_accuracy_drop,subset_score_asc,7120,0.03011857271194458,0.007317048527203775
10000,subset_accuracy_drop,subset_score_asc,7130,0.03051382303237915,0.007236536118762061
10000,subset_accuracy_drop,subset_score_asc,7140,0.03035573959350586,0.007364931337063811
10000,subset_accuracy_drop,subset_score_asc,7150,0.030750977993011474,0.007364931337063811
10000,subset_accuracy_drop,subset_score_asc,7160,0.030988144874572753,0.00757512646633113
10000,subset_accuracy_drop,subset_score_asc,7170,0.03090909719467163,0.0076408341652744885
10000,subset_accuracy_drop,subset_score_asc,7180,0.031067192554473877,0.007600859803365068
10000,subset_accuracy_drop,subset_score_asc,7190,0.03138338327407837,0.007723194248723936
10000,subset_accuracy_drop,subset_score_asc,7200,0.031225299835205077,0.007394564729566718
10000,subset_accuracy_drop,subset_score_asc,7210,0.031304347515106204,0.007537892393702654
10000,subset_accuracy_drop,subset_score_asc,7220,0.03177864551544189,0.007697859776927906
10000,subset_accuracy_drop,subset_score_asc,7230,0.03201581239700317,0.007597773421882344
10000,subset_accuracy_drop,subset_score_asc,7240,0.0320948600769043,0.007496329842214325
10000,subset_accuracy_drop,subset_score_asc,7250,0.03233201503753662,0.007220341925399207
10000,subset_accuracy_drop,subset_score_asc,7260,0.0325691819190979,0.007569947609680341
10000,subset_accuracy_drop,subset_score_asc,7270,0.03225297927856445,0.007728249226037186
10000,subset_accuracy_drop,subset_score_asc,7280,0.03193676471710205,0.00844684185333365
10000,subset_accuracy_drop,subset_score_asc,7290,0.03185771703720093,0.008368803766391748
10000,subset_accuracy_drop,subset_score_asc,7300,0.03185771703720093,0.007697866663029013
10000,subset_accuracy_drop,subset_score_asc,7310,0.03162055015563965,0.007389279092329101
10000,subset_accuracy_drop,subset_score_asc,7320,0.03225297927856445,0.007062823344154901
10000,subset_accuracy_drop,subset_score_asc,7330,0.03201582431793213,0.007076068867079564
10000,subset_accuracy_drop,subset_score_asc,7340,0.031699609756469724,0.007338368794377064
10000,subset_accuracy_drop,subset_score_asc,7350,0.03154149055480957,0.007354323759081172
10000,subset_accuracy_drop,subset_score_asc,7360,0.031067192554473877,0.007280657409327986
10000,subset_accuracy_drop,subset_score_asc,7370,0.031462454795837404,0.007012887330868676
10000,subset_accuracy_drop,subset_score_asc,7380,0.031620562076568604,0.006823182521002258
10000,subset_accuracy_drop,subset_score_asc,7390,0.031699609756469724,0.007317045790461724
10000,subset_accuracy_drop,subset_score_asc,7400,0.031541502475738524,0.0071660238852528715
10000,subset_accuracy_drop,subset_score_asc,7410,0.03177865743637085,0.007397732069857438
10000,subset_accuracy_drop,subset_score_asc,7420,0.031383395195007324,0.007418826981426582
10000,subset_accuracy_drop,subset_score_asc,7430,0.031383395195007324,0.007713070995498788
10000,subset_accuracy_drop,subset_score_asc,7440,0.031541502475738524,0.007787664989746555
10000,subset_accuracy_drop,subset_score_asc,7450,0.03154151439666748,0.007444057410809724
10000,subset_accuracy_drop,subset_score_asc,7460,0.03185769319534302,0.007216000696016608
10000,subset_accuracy_drop,subset_score_asc,7470,0.031699609756469724,0.006848320171875046
10000,subset_accuracy_drop,subset_score_asc,7480,0.0317786693572998,0.007079394179622959
10000,subset_accuracy_drop,subset_score_asc,7490,0.0320948600769043,0.007295678872592422
10000,subset_accuracy_drop,subset_score_asc,7500,0.032332003116607666,0.007301030175243915
10000,subset_accuracy_drop,subset_score_asc,7510,0.032411062717437746,0.007415685488836302
10000,subset_accuracy_drop,subset_score_asc,7520,0.032411062717437746,0.00792978694281336
10000,subset_accuracy_drop,subset_score_asc,7530,0.032648229598999025,0.008562587338549078
10000,subset_accuracy_drop,subset_score_asc,7540,0.03233201503753662,0.008483753631270512
10000,subset_accuracy_drop,subset_score_asc,7550,0.03233201503753662,0.008701917145150066
10000,subset_accuracy_drop,subset_score_asc,7560,0.032411062717437746,0.008709121608153556
10000,subset_accuracy_drop,subset_score_asc,7570,0.03217391967773438,0.008303213644112309
10000,subset_accuracy_drop,subset_score_asc,7580,0.032411062717437746,0.008375336201066577
10000,subset_accuracy_drop,subset_score_asc,7590,0.03233201503753662,0.008363203453420594
10000,subset_accuracy_drop,subset_score_asc,7600,0.03280632495880127,0.008172362182177768
10000,subset_accuracy_drop,subset_score_asc,7610,0.03233201503753662,0.007877418629628609
10000,subset_accuracy_drop,subset_score_asc,7620,0.03217391967773438,0.007738362974393843
10000,subset_accuracy_drop,subset_score_asc,7630,0.03233201503753662,0.007433552286570509
10000,subset_accuracy_drop,subset_score_asc,7640,0.032411062717437746,0.007462916048198297
10000,subset_accuracy_drop,subset_score_asc,7650,0.03256915807723999,0.008112882666840624
10000,subset_accuracy_drop,subset_score_asc,7660,0.032332003116607666,0.008135939906151586
10000,subset_accuracy_drop,subset_score_asc,7670,0.032411062717437746,0.008518665288409461
10000,subset_accuracy_drop,subset_score_asc,7680,0.03304347991943359,0.00860806854219043
10000,subset_accuracy_drop,subset_score_asc,7690,0.03367588520050049,0.008719864592519371
10000,subset_accuracy_drop,subset_score_asc,7700,0.03359682559967041,0.008731492856259432
10000,subset_accuracy_drop,subset_score_asc,7710,0.03367588520050049,0.00921210148226292
10000,subset_accuracy_drop,subset_score_asc,7720,0.03422924280166626,0.008933155334120946
10000,subset_accuracy_drop,subset_score_asc,7730,0.034150195121765134,0.009046111330382552
10000,subset_accuracy_drop,subset_score_asc,7740,0.03422925472259521,0.009183235947849262
10000,subset_accuracy_drop,subset_score_asc,7750,0.03422925472259521,0.008920016238584974
10000,subset_accuracy_drop,subset_score_asc,7760,0.03430830240249634,0.009101191732238181
10000,subset_accuracy_drop,subset_score_asc,7770,0.03446639776229858,0.008967177124037438
10000,subset_accuracy_drop,subset_score_asc,7780,0.03494071960449219,0.008406049955934821
10000,subset_accuracy_drop,subset_score_asc,7790,0.03478262424468994,0.008668655694482615
10000,subset_accuracy_drop,subset_score_asc,7800,0.035177862644195555,0.007993571837200734
10000,subset_accuracy_drop,subset_score_asc,7810,0.035494065284729,0.008259829434278044
10000,subset_accuracy_drop,subset_score_asc,7820,0.03541501760482788,0.00847547557558754
10000,subset_accuracy_drop,subset_score_asc,7830,0.035494065284729,0.009096917057083416
10000,subset_accuracy_drop,subset_score_asc,7840,0.03557312488555908,0.009056468235417801
10000,subset_accuracy_drop,subset_score_asc,7850,0.03581027984619141,0.008684845696731521
10000,subset_accuracy_drop,subset_score_asc,7860,0.0362845778465271,0.008145537491349391
10000,subset_accuracy_drop,subset_score_asc,7870,0.036126482486724856,0.008006260774157078
10000,subset_accuracy_drop,subset_score_asc,7880,0.03628460168838501,0.008656926153638701
10000,subset_accuracy_drop,subset_score_asc,7890,0.0366007924079895,0.008122498215134792
10000,subset_accuracy_drop,subset_score_asc,7900,0.036363637447357176,0.007973991479886191
10000,subset_accuracy_drop,subset_score_asc,7910,0.03620553016662598,0.007788648217973113
10000,subset_accuracy_drop,subset_score_asc,7920,0.036679840087890624,0.007558591161919437
10000,subset_accuracy_drop,subset_score_asc,7930,0.03691698312759399,0.00733411124096675
10000,subset_accuracy_drop,subset_score_asc,7940,0.03683794736862182,0.007236527003132069
10000,subset_accuracy_drop,subset_score_asc,7950,0.03699604272842407,0.00692884541240996
10000,subset_accuracy_drop,subset_score_asc,7960,0.03715413808822632,0.007535836615718245
10000,subset_accuracy_drop,subset_score_asc,7970,0.03715415000915527,0.00787047608087121
10000,subset_accuracy_drop,subset_score_asc,7980,0.03715415000915527,0.008191448248328743
10000,subset_accuracy_drop,subset_score_asc,7990,0.03754942417144776,0.007939641745251495
10000,subset_accuracy_drop,subset_score_asc,8000,0.03770751953125,0.00807910029017294
10000,subset_accuracy_drop,subset_score_asc,8010,0.037865614891052245,0.007732302711223529
10000,subset_accuracy_drop,subset_score_asc,8020,0.037549400329589845,0.007212761228177062
10000,subset_accuracy_drop,subset_score_asc,8030,0.03794466257095337,0.007704975597462517
10000,subset_accuracy_drop,subset_score_asc,8040,0.037628459930419925,0.007907099537022363
10000,subset_accuracy_drop,subset_score_asc,8050,0.037786567211151124,0.008059750518779179
10000,subset_accuracy_drop,subset_score_asc,8060,0.037628459930419925,0.007676514783801098
10000,subset_accuracy_drop,subset_score_asc,8070,0.03747035264968872,0.007671441071975795
10000,subset_accuracy_drop,subset_score_asc,8080,0.037707507610321045,0.007302096351608313
10000,subset_accuracy_drop,subset_score_asc,8090,0.037391293048858645,0.007873450776506124
10000,subset_accuracy_drop,subset_score_asc,8100,0.03715415000915527,0.00772519589900743
10000,subset_accuracy_drop,subset_score_asc,8110,0.03731224536895752,0.008227601035777493
10000,subset_accuracy_drop,subset_score_asc,8120,0.03715415000915527,0.007577176559299706
10000,subset_accuracy_drop,subset_score_asc,8130,0.037391293048858645,0.007853574691295748
10000,subset_accuracy_drop,subset_score_asc,8140,0.037628448009490965,0.008155128836860887
10000,subset_accuracy_drop,subset_score_asc,8150,0.037628448009490965,0.008058779172258612
10000,subset_accuracy_drop,subset_score_asc,8160,0.03794465065002441,0.007988672952814491
10000,subset_accuracy_drop,subset_score_asc,8170,0.0375494122505188,0.007998434584659644
10000,subset_accuracy_drop,subset_score_asc,8180,0.03747035264968872,0.008053921267419158
10000,subset_accuracy_drop,subset_score_asc,8190,0.037786567211151124,0.008289076792516547
10000,subset_accuracy_drop,subset_score_asc,8200,0.03818181753158569,0.00810806516844582
10000,subset_accuracy_drop,subset_score_asc,8210,0.03826086521148682,0.008316365517372904
10000,subset_accuracy_drop,subset_score_asc,8220,0.03826086521148682,0.008534234024466103
10000,subset_accuracy_drop,subset_score_asc,8230,0.03841897249221802,0.008932294924149913
10000,subset_accuracy_drop,subset_score_asc,8240,0.03857707977294922,0.008684876485527487
10000,subset_accuracy_drop,subset_score_asc,8250,0.03873518705368042,0.008523269921682031
10000,subset_accuracy_drop,subset_score_asc,8260,0.038577067852020266,0.008684847053106739
10000,subset_accuracy_drop,subset_score_asc,8270,0.03841897249221802,0.00829757161764985
10000,subset_accuracy_drop,subset_score_asc,8280,0.03857707977294922,0.008725236794730645
10000,subset_accuracy_drop,subset_score_asc,8290,0.0386561393737793,0.008202894368269417
10000,subset_accuracy_drop,subset_score_asc,8300,0.0386561393737793,0.008602613448635542
10000,subset_accuracy_drop,subset_score_asc,8310,0.038577067852020266,0.008392109639251171
10000,subset_accuracy_drop,subset_score_asc,8320,0.03833992481231689,0.008481912524097456
10000,subset_accuracy_drop,subset_score_asc,8330,0.03833992481231689,0.00852783960804137
10000,subset_accuracy_drop,subset_score_asc,8340,0.03826087713241577,0.008579889417135845
10000,subset_accuracy_drop,subset_score_asc,8350,0.03849802017211914,0.00892001267303234
10000,subset_accuracy_drop,subset_score_asc,8360,0.038972330093383786,0.00942253499094873
10000,subset_accuracy_drop,subset_score_asc,8370,0.038893282413482666,0.009455635877659732
10000,subset_accuracy_drop,subset_score_asc,8380,0.038893282413482666,0.008889328674338002
10000,subset_accuracy_drop,subset_score_asc,8390,0.039051389694213866,0.008515913347553344
10000,subset_accuracy_drop,subset_score_asc,8400,0.038893282413482666,0.008684855462321549
10000,subset_accuracy_drop,subset_score_asc,8410,0.03913043737411499,0.00825320257897066
10000,subset_accuracy_drop,subset_score_asc,8420,0.03952569961547851,0.00893490016383628
10000,subset_accuracy_drop,subset_score_asc,8430,0.03984190225601196,0.008862038881589667
10000,subset_accuracy_drop,subset_score_asc,8440,0.040237152576446535,0.00923750576691183
10000,subset_accuracy_drop,subset_score_asc,8450,0.040316212177276614,0.008886689131574057
10000,subset_accuracy_drop,subset_score_asc,8460,0.040316212177276614,0.009112352528853746
10000,subset_accuracy_drop,subset_score_asc,8470,0.040158092975616455,0.009397635039015601
10000,subset_accuracy_drop,subset_score_asc,8480,0.040158092975616455,0.009084876299780267
10000,subset_accuracy_drop,subset_score_asc,8490,0.03960474729537964,0.00896719472670114
10000,subset_accuracy_drop,subset_score_asc,8500,0.03968380689620972,0.008760982573660803
10000,subset_accuracy_drop,subset_score_asc,8510,0.03960474729537964,0.008525085792601228
10000,subset_accuracy_drop,subset_score_asc,8520,0.03984189033508301,0.008250368802867518
10000,subset_accuracy_drop,subset_score_asc,8530,0.04015810489654541,0.008011144492241997
10000,subset_accuracy_drop,subset_score_asc,8540,0.040237140655517575,0.008344492599730552
10000,subset_accuracy_drop,subset_score_asc,8550,0.04015811681747437,0.008194313038191816
10000,subset_accuracy_drop,subset_score_asc,8560,0.0404742956161499,0.008189534379595778
10000,subset_accuracy_drop,subset_score_asc,8570,0.0406324028968811,0.00815992432402536
10000,subset_accuracy_drop,subset_score_asc,8580,0.04071146249771118,0.008514096903866578
10000,subset_accuracy_drop,subset_score_asc,8590,0.041343867778778076,0.008720759063801582
10000,subset_accuracy_drop,subset_score_asc,8600,0.041264820098876956,0.008530593225028428
10000,subset_accuracy_drop,subset_score_asc,8610,0.041581010818481444,0.008456100644422601
10000,subset_accuracy_drop,subset_score_asc,8620,0.041422903537750244,0.008862035425666043
10000,subset_accuracy_drop,subset_score_asc,8630,0.041422903537750244,0.008647912208203715
10000,subset_accuracy_drop,subset_score_asc,8640,0.0417391300201416,0.008774335516919163
10000,subset_accuracy_drop,subset_score_asc,8650,0.04189722537994385,0.008704630174469073
10000,subset_accuracy_drop,subset_score_asc,8660,0.04205533266067505,0.009144898494703945
10000,subset_accuracy_drop,subset_score_asc,8670,0.04237154722213745,0.008853230315391118
10000,subset_accuracy_drop,subset_score_asc,8680,0.04245059490203858,0.009102065554149927
10000,subset_accuracy_drop,subset_score_asc,8690,0.04221343994140625,0.008813425819128159
10000,subset_accuracy_drop,subset_score_asc,8700,0.04181817770004272,0.008344492882027738
10000,subset_accuracy_drop,subset_score_asc,8710,0.04197629690170288,0.008400475876132959
10000,subset_accuracy_drop,subset_score_asc,8720,0.04181817770004272,0.008474554103251748
10000,subset_accuracy_drop,subset_score_asc,8730,0.0417391300201416,0.008336071307562023
10000,subset_accuracy_drop,subset_score_asc,8740,0.04181817770004272,0.008710908202500192
10000,subset_accuracy_drop,subset_score_asc,8750,0.0423715353012085,0.009023637791467164
10000,subset_accuracy_drop,subset_score_asc,8760,0.0423715353012085,0.009178150438403376
10000,subset_accuracy_drop,subset_score_asc,8770,0.04276680946350098,0.008862044065572795
10000,subset_accuracy_drop,subset_score_asc,8780,0.042766797542572024,0.008932278835213161
10000,subset_accuracy_drop,subset_score_asc,8790,0.043003952503204344,0.008962842475913587
10000,subset_accuracy_drop,subset_score_asc,8800,0.043162059783935544,0.009471333176540335
10000,subset_accuracy_drop,subset_score_asc,8810,0.04324110746383667,0.009414224348267181
10000,subset_accuracy_drop,subset_score_asc,8820,0.04308300018310547,0.009531329957152251
10000,subset_accuracy_drop,subset_score_asc,8830,0.04371541738510132,0.00948039815500192
10000,subset_accuracy_drop,subset_score_asc,8840,0.04316204786300659,0.00961051722400569
10000,subset_accuracy_drop,subset_score_asc,8850,0.04324110746383667,0.009871939844729479
10000,subset_accuracy_drop,subset_score_asc,8860,0.04332016706466675,0.009768522222298638
10000,subset_accuracy_drop,subset_score_asc,8870,0.043715405464172366,0.010125826389206198
10000,subset_accuracy_drop,subset_score_asc,8880,0.0439525842666626,0.009711580261296945
10000,subset_accuracy_drop,subset_score_asc,8890,0.04371541738510132,0.009447363205944075
10000,subset_accuracy_drop,subset_score_asc,8900,0.0436363697052002,0.009372665040634066
10000,subset_accuracy_drop,subset_score_asc,8910,0.044189727306365965,0.009582020914939173
10000,subset_accuracy_drop,subset_score_asc,8920,0.04379446506500244,0.00951655897187817
10000,subset_accuracy_drop,subset_score_asc,8930,0.043952560424804686,0.009186630792786763
10000,subset_accuracy_drop,subset_score_asc,8940,0.04387352466583252,0.009357640082340132
10000,subset_accuracy_drop,subset_score_asc,8950,0.043952572345733645,0.009040929275609039
10000,subset_accuracy_drop,subset_score_asc,8960,0.04418971538543701,0.009199373992387896
10000,subset_accuracy_drop,subset_score_asc,8970,0.043952560424804686,0.008835557907683835
10000,subset_accuracy_drop,subset_score_asc,8980,0.04339921474456787,0.008719864997746872
10000,subset_accuracy_drop,subset_score_asc,8990,0.04379446506500244,0.008502142775988722
10000,subset_accuracy_drop,subset_score_asc,9000,0.043873512744903566,0.008491110600017737
10000,subset_accuracy_drop,subset_score_asc,9010,0.04434782266616821,0.008520506610786911
10000,subset_accuracy_drop,subset_score_asc,9020,0.04450591802597046,0.008336073427195912
10000,subset_accuracy_drop,subset_score_asc,9030,0.04458498954772949,0.008647898586922529
10000,subset_accuracy_drop,subset_score_asc,9040,0.04490118026733399,0.008151288797367534
10000,subset_accuracy_drop,subset_score_asc,9050,0.04490120410919189,0.008265492235578126
10000,subset_accuracy_drop,subset_score_asc,9060,0.04498023986816406,0.00825981631398852
10000,subset_accuracy_drop,subset_score_asc,9070,0.04490118026733399,0.008151288797367534
10000,subset_accuracy_drop,subset_score_asc,9080,0.04529644250869751,0.007952420437154767
10000,subset_accuracy_drop,subset_score_asc,9090,0.04482213258743286,0.008151304115648898
10000,subset_accuracy_drop,subset_score_asc,9100,0.04482212066650391,0.008331386117581746
10000,subset_accuracy_drop,subset_score_asc,9110,0.04498022794723511,0.008150339778035927
10000,subset_accuracy_drop,subset_score_asc,9120,0.04513833522796631,0.00808779527116079
10000,subset_accuracy_drop,subset_score_asc,9130,0.04513833522796631,0.007912043867227641
10000,subset_accuracy_drop,subset_score_asc,9140,0.045612645149230954,0.008179986112058208
10000,subset_accuracy_drop,subset_score_asc,9150,0.04584980010986328,0.007845619316788902
10000,subset_accuracy_drop,subset_score_asc,9160,0.04584980010986328,0.008305102450767297
10000,subset_accuracy_drop,subset_score_asc,9170,0.04616600275039673,0.008719869725942903
10000,subset_accuracy_drop,subset_score_asc,9180,0.0459288477897644,0.008652412526595191
10000,subset_accuracy_drop,subset_score_asc,9190,0.04608694314956665,0.00911065099331602
10000,subset_accuracy_drop,subset_score_asc,9200,0.04624505043029785,0.009240058862989139
10000,subset_accuracy_drop,subset_score_asc,9210,0.046403157711029056,0.009157683172811185
10000,subset_accuracy_drop,subset_score_asc,9220,0.04648221731185913,0.009355990836592795
10000,subset_accuracy_drop,subset_score_asc,9230,0.04632411003112793,0.009392654953188535
10000,subset_accuracy_drop,subset_score_asc,9240,0.04632411003112793,0.009683394016960653
10000,subset_accuracy_drop,subset_score_asc,9250,0.04648221731185913,0.01035843484492518
10000,subset_accuracy_drop,subset_score_asc,9260,0.04648221731185913,0.010343356726054473
10000,subset_accuracy_drop,subset_score_asc,9270,0.04656127691268921,0.010297186571128818
10000,subset_accuracy_drop,subset_score_asc,9280,0.0468774676322937,0.009824352368139815
10000,subset_accuracy_drop,subset_score_asc,9290,0.04711463451385498,0.0097156011103404
10000,subset_accuracy_drop,subset_score_asc,9300,0.04727272987365723,0.009978181465716053
10000,subset_accuracy_drop,subset_score_asc,9310,0.04743083715438843,0.010219517966266725
10000,subset_accuracy_drop,subset_score_asc,9320,0.0475098729133606,0.009851342886419177
10000,subset_accuracy_drop,subset_score_asc,9330,0.04750988483428955,0.009695479461110932
10000,subset_accuracy_drop,subset_score_asc,9340,0.0476679801940918,0.00979248275019806
10000,subset_accuracy_drop,subset_score_asc,9350,0.04758894443511963,0.009364335801020028
10000,subset_accuracy_drop,subset_score_asc,9360,0.047984194755554196,0.009318328886607495
10000,subset_accuracy_drop,subset_score_asc,9370,0.048063254356384276,0.008720764601863919
10000,subset_accuracy_drop,subset_score_asc,9380,0.048063254356384276,0.008689359964263616
10000,subset_accuracy_drop,subset_score_asc,9390,0.04837945699691772,0.009119216594910546
10000,subset_accuracy_drop,subset_score_asc,9400,0.04861661195755005,0.008961085077979608
10000,subset_accuracy_drop,subset_score_asc,9410,0.0483004093170166,0.00895409873920525
10000,subset_accuracy_drop,subset_score_asc,9420,0.047984182834625244,0.009067655369773556
10000,subset_accuracy_drop,subset_score_asc,9430,0.048300397396087644,0.008715365449614806
10000,subset_accuracy_drop,subset_score_asc,9440,0.04774702787399292,0.008414407372135018
10000,subset_accuracy_drop,subset_score_asc,9450,0.048063242435455324,0.00812251851839689
10000,subset_accuracy_drop,subset_score_asc,9460,0.04837944507598877,0.007868492525267296
10000,subset_accuracy_drop,subset_score_asc,9470,0.047984182834625244,0.008307919684377777
10000,subset_accuracy_drop,subset_score_asc,9480,0.047905135154724124,0.008474526720384167
10000,subset_accuracy_drop,subset_score_asc,9490,0.04822134971618652,0.008546134580485426
10000,subset_accuracy_drop,subset_score_asc,9500,0.047984206676483156,0.008179980063876404
10000,subset_accuracy_drop,subset_score_asc,9510,0.048300397396087644,0.008283408641263779
10000,subset_accuracy_drop,subset_score_asc,9520,0.04845849275588989,0.008218086819524047
10000,subset_accuracy_drop,subset_score_asc,9530,0.048142290115356444,0.008419039924904878
10000,subset_accuracy_drop,subset_score_asc,9540,0.04822133779525757,0.008477288900434575
10000,subset_accuracy_drop,subset_score_asc,9550,0.04853755235671997,0.009014965696022137
10000,subset_accuracy_drop,subset_score_asc,9560,0.048063230514526364,0.008911249780166487
10000,subset_accuracy_drop,subset_score_asc,9570,0.048300397396087644,0.00800529088323456
10000,subset_accuracy_drop,subset_score_asc,9580,0.04853755235671997,0.007941606195182952
10000,subset_accuracy_drop,subset_score_asc,9590,0.04861661195755005,0.008200978574345213
10000,subset_accuracy_drop,subset_score_asc,9600,0.04853755235671997,0.008306963459901328
10000,subset_accuracy_drop,subset_score_asc,9610,0.04845850467681885,0.008270200227257302
10000,subset_accuracy_drop,subset_score_asc,9620,0.04845850467681885,0.007848583171972533
10000,subset_accuracy_drop,subset_score_asc,9630,0.0481423020362854,0.007615221215574257
10000,subset_accuracy_drop,subset_score_asc,9640,0.047905135154724124,0.007752468907093934
10000,subset_accuracy_drop,subset_score_asc,9650,0.047984206676483156,0.007917962097981946
10000,subset_accuracy_drop,subset_score_asc,9660,0.04822133779525757,0.007669404196568611
10000,subset_accuracy_drop,subset_score_asc,9670,0.047905147075653076,0.0076101106634801925
10000,subset_accuracy_drop,subset_score_asc,9680,0.04822134971618652,0.007561696963207421
10000,subset_accuracy_drop,subset_score_asc,9690,0.048300397396087644,0.007543080609270948
10000,subset_accuracy_drop,subset_score_asc,9700,0.048300397396087644,0.008164695353352538
10000,subset_accuracy_drop,subset_score_asc,9710,0.0487747073173523,0.008707299473481873
10000,subset_accuracy_drop,subset_score_asc,9720,0.049011850357055665,0.008668640067481213
10000,subset_accuracy_drop,subset_score_asc,9730,0.049249005317687986,0.008666843400821495
10000,subset_accuracy_drop,subset_score_asc,9740,0.049090898036956786,0.008674960300346488
10000,subset_accuracy_drop,subset_score_asc,9750,0.049407124519348145,0.008481896552999545
10000,subset_accuracy_drop,subset_score_asc,9760,0.04964427947998047,0.008608065394773913
10000,subset_accuracy_drop,subset_score_asc,9770,0.04972332715988159,0.00850215372128583
10000,subset_accuracy_drop,subset_score_asc,9780,0.05011857748031616,0.008465317582544847
10000,subset_accuracy_drop,subset_score_asc,9790,0.04956521987915039,0.008946240108470139
10000,subset_accuracy_drop,subset_score_asc,9800,0.05011857748031616,0.008728802346117673
10000,subset_accuracy_drop,subset_score_asc,9810,0.05019763708114624,0.008421831213259422
10000,subset_accuracy_drop,subset_score_asc,9820,0.05019761323928833,0.008426477578129078
10000,subset_accuracy_drop,subset_score_asc,9830,0.050355732440948486,0.008787664684966985
10000,subset_accuracy_drop,subset_score_asc,9840,0.050434768199920654,0.009015822658706972
10000,subset_accuracy_drop,subset_score_asc,9850,0.0505928635597229,0.008974142649139516
10000,subset_accuracy_drop,subset_score_asc,9860,0.05011856555938721,0.009045250335092552
10000,subset_accuracy_drop,subset_score_asc,9870,0.050671935081481934,0.008791238280939489
10000,subset_accuracy_drop,subset_score_asc,9880,0.05090909004211426,0.008879627146807581
10000,subset_accuracy_drop,subset_score_asc,9890,0.05146244764328003,0.00849753584350183
10000,subset_accuracy_drop,subset_score_asc,9900,0.05146244764328003,0.008547943389267844
10000,subset_accuracy_drop,subset_score_asc,9910,0.05209486484527588,0.00863885231424416
10000,subset_accuracy_drop,subset_score_asc,9920,0.05209486484527588,0.008363202467452837
10000,subset_accuracy_drop,subset_score_asc,9930,0.051778662204742434,0.008637052724392594
10000,subset_accuracy_drop,subset_score_asc,9940,0.05209485292434692,0.008179020691585957
10000,subset_accuracy_drop,subset_score_asc,9950,0.051778650283813475,0.008013076418535908
10000,subset_accuracy_drop,subset_score_asc,9960,0.05241107940673828,0.007962209205099581
10000,subset_accuracy_drop,subset_score_asc,9970,0.05209486484527588,0.007762528034192971
10000,subset_accuracy_drop,subset_score_asc,9980,0.052094876766204834,0.007717110930616569
10000,subset_accuracy_drop,subset_score_asc,9990,0.05209485292434692,0.008087791047483264
10000,subset_accuracy_drop,subset_score_asc,10000,0.052885377407073976,0.008777902864316463
10000,subset_accuracy_drop,subset_score_desc,0,0.0,0.0
10000,subset_accuracy_drop,subset_score_desc,10,0.003162062168121338,0.002636667262032095
10000,subset_accuracy_drop,subset_score_desc,20,0.005691707134246826,0.002885637152844678
10000,subset_accuracy_drop,subset_score_desc,30,0.008142292499542236,0.0027469554309724736
10000,subset_accuracy_drop,subset_score_desc,40,0.009960484504699708,0.002521592139882427
10000,subset_accuracy_drop,subset_score_desc,50,0.012490129470825196,0.00219357807290433
10000,subset_accuracy_drop,subset_score_desc,60,0.01351778507232666,0.0031422338327993914
10000,subset_accuracy_drop,subset_score_desc,70,0.014387357234954833,0.0031817487978238012
10000,subset_accuracy_drop,subset_score_desc,80,0.0155731201171875,0.004253374022272653
10000,subset_accuracy_drop,subset_score_desc,90,0.01778656244277954,0.004392531490387826
10000,subset_accuracy_drop,subset_score_desc,100,0.019525694847106933,0.003693059964447891
10000,subset_accuracy_drop,subset_score_desc,110,0.02039525508880615,0.004388962973166852
10000,subset_accuracy_drop,subset_score_desc,120,0.02189723253250122,0.005409400547793515
10000,subset_accuracy_drop,subset_score_desc,130,0.02316206693649292,0.006177923124933669
10000,subset_accuracy_drop,subset_score_desc,140,0.02411067485809326,0.006440388323727302
10000,subset_accuracy_drop,subset_score_desc,150,0.02498023509979248,0.006119462230777106
10000,subset_accuracy_drop,subset_score_desc,160,0.026086962223052977,0.005748250481058123
10000,subset_accuracy_drop,subset_score_desc,170,0.02664031982421875,0.00535131984427888
10000,subset_accuracy_drop,subset_score_desc,180,0.027747035026550293,0.005627397451926854
10000,subset_accuracy_drop,subset_score_desc,190,0.02924901247024536,0.0059485932091093
10000,subset_accuracy_drop,subset_score_desc,200,0.03059288263320923,0.005431005550584686
10000,subset_accuracy_drop,subset_score_desc,210,0.03162055015563965,0.005176205733465802
10000,subset_accuracy_drop,subset_score_desc,220,0.032411062717437746,0.005734655719140432
10000,subset_accuracy_drop,subset_score_desc,230,0.03288536071777344,0.005951223040391773
10000,subset_accuracy_drop,subset_score_desc,240,0.03304347991943359,0.0061905485207601136
10000,subset_accuracy_drop,subset_score_desc,250,0.03359683752059937,0.006806000365920238
10000,subset_accuracy_drop,subset_score_desc,260,0.034071147441864014,0.006119480325144266
10000,subset_accuracy_drop,subset_score_desc,270,0.03470356464385986,0.005831893518717117
10000,subset_accuracy_drop,subset_score_desc,280,0.035335981845855714,0.006069505671969107
10000,subset_accuracy_drop,subset_score_desc,290,0.03581027984619141,0.005972179369908335
10000,subset_accuracy_drop,subset_score_desc,300,0.03620554208755493,0.006107972626120109
10000,subset_accuracy_drop,subset_score_desc,310,0.03731226921081543,0.005959084024163121
10000,subset_accuracy_drop,subset_score_desc,320,0.03826087713241577,0.005606538166664435
10000,subset_accuracy_drop,subset_score_desc,330,0.03865611553192139,0.00583188826700506
10000,subset_accuracy_drop,subset_score_desc,340,0.03873518705368042,0.006110541961112038
10000,subset_accuracy_drop,subset_score_desc,350,0.03913043737411499,0.006299360880224577
10000,subset_accuracy_drop,subset_score_desc,360,0.03976284265518189,0.005628794879326351
10000,subset_accuracy_drop,subset_score_desc,370,0.040474307537078855,0.005438203956601506
10000,subset_accuracy_drop,subset_score_desc,380,0.04079049825668335,0.005655071052852015
10000,subset_accuracy_drop,subset_score_desc,390,0.04166007041931152,0.006037227500626128
10000,subset_accuracy_drop,subset_score_desc,400,0.04213439226150513,0.005438194209208363
10000,subset_accuracy_drop,subset_score_desc,410,0.0428458571434021,0.005725102792006424
10000,subset_accuracy_drop,subset_score_desc,420,0.043083012104034424,0.00594202245983596
10000,subset_accuracy_drop,subset_score_desc,430,0.0431620717048645,0.006406345354812701
10000,subset_accuracy_drop,subset_score_desc,440,0.0436363697052002,0.0060823541818028565
10000,subset_accuracy_drop,subset_score_desc,450,0.04387352466583252,0.006317939681894328
10000,subset_accuracy_drop,subset_score_desc,460,0.04442688226699829,0.006190540909496914
10000,subset_accuracy_drop,subset_score_desc,470,0.04505929946899414,0.006476669046433028
10000,subset_accuracy_drop,subset_score_desc,480,0.045612633228302,0.006664509142198452
10000,subset_accuracy_drop,subset_score_desc,490,0.04584980010986328,0.0070981365556691154
10000,subset_accuracy_drop,subset_score_desc,500,0.046482205390930176,0.006951345580669687
10000,subset_accuracy_drop,subset_score_desc,510,0.04758893251419068,0.0070572917535353125
10000,subset_accuracy_drop,subset_score_desc,520,0.04845850467681885,0.006664515858784439
10000,subset_accuracy_drop,subset_score_desc,530,0.0487747073173523,0.006617469601573011
10000,subset_accuracy_drop,subset_score_desc,540,0.04956521987915039,0.006722862559801254
10000,subset_accuracy_drop,subset_score_desc,550,0.04996047019958496,0.006196840167215559
10000,subset_accuracy_drop,subset_score_desc,560,0.050513839721679686,0.006245813032594395
10000,subset_accuracy_drop,subset_score_desc,570,0.05027669668197632,0.006357369959174746
10000,subset_accuracy_drop,subset_score_desc,580,0.05027669668197632,0.0064670297534922035
10000,subset_accuracy_drop,subset_score_desc,590,0.05114624500274658,0.006139857020645907
10000,subset_accuracy_drop,subset_score_desc,600,0.05146244764328003,0.005805039785125137
10000,subset_accuracy_drop,subset_score_desc,610,0.051541495323181155,0.005745528361468201
10000,subset_accuracy_drop,subset_score_desc,620,0.05146245956420899,0.005957781665411361
10000,subset_accuracy_drop,subset_score_desc,630,0.051936757564544675,0.006240810358387792
10000,subset_accuracy_drop,subset_score_desc,640,0.05264822244644165,0.006533107016266402
10000,subset_accuracy_drop,subset_score_desc,650,0.053122532367706296,0.006437960875633623
10000,subset_accuracy_drop,subset_score_desc,660,0.05351778268814087,0.006309263064494707
10000,subset_accuracy_drop,subset_score_desc,670,0.0539130449295044,0.006101587028026606
10000,subset_accuracy_drop,subset_score_desc,680,0.054229247570037845,0.005911711515496209
10000,subset_accuracy_drop,subset_score_desc,690,0.05486166477203369,0.006527142400075322
10000,subset_accuracy_drop,subset_score_desc,700,0.05501977205276489,0.006326597510647414
10000,subset_accuracy_drop,subset_score_desc,710,0.05596836805343628,0.006564121359622548
10000,subset_accuracy_drop,subset_score_desc,720,0.05612648725509643,0.006379464722021278
10000,subset_accuracy_drop,subset_score_desc,730,0.05652173757553101,0.005596757514134879
10000,subset_accuracy_drop,subset_score_desc,740,0.056916999816894534,0.00538334902012469
10000,subset_accuracy_drop,subset_score_desc,750,0.05747034549713135,0.004845725132002319
10000,subset_accuracy_drop,subset_score_desc,760,0.05770750045776367,0.005084861223598521
10000,subset_accuracy_drop,subset_score_desc,770,0.058102762699127196,0.005426693688764783
10000,subset_accuracy_drop,subset_score_desc,780,0.05778656005859375,0.0049871487648114835
10000,subset_accuracy_drop,subset_score_desc,790,0.05818181037902832,0.004852174875399533
10000,subset_accuracy_drop,subset_score_desc,800,0.05833991765975952,0.005127697058758353
10000,subset_accuracy_drop,subset_score_desc,810,0.05857707262039184,0.005026144854194857
10000,subset_accuracy_drop,subset_score_desc,820,0.05873516798019409,0.00516563109800931
10000,subset_accuracy_drop,subset_score_desc,830,0.05889328718185425,0.005882577476423839
10000,subset_accuracy_drop,subset_score_desc,840,0.059367597103118896,0.00591830278102932
10000,subset_accuracy_drop,subset_score_desc,850,0.05992094278335571,0.006303094477283629
10000,subset_accuracy_drop,subset_score_desc,860,0.06023715734481812,0.0064258243614361745
10000,subset_accuracy_drop,subset_score_desc,870,0.060316193103790286,0.006190546047107773
10000,subset_accuracy_drop,subset_score_desc,880,0.06110670566558838,0.006095155508105039
10000,subset_accuracy_drop,subset_score_desc,890,0.061739134788513186,0.005778049628891616
10000,subset_accuracy_drop,subset_score_desc,900,0.061976277828216554,0.005613484205752809
10000,subset_accuracy_drop,subset_score_desc,910,0.062134385108947754,0.005865269265963391
10000,subset_accuracy_drop,subset_score_desc,920,0.063083016872406,0.005752316808143241
10000,subset_accuracy_drop,subset_score_desc,930,0.06260869503021241,0.005248160107736043
10000,subset_accuracy_drop,subset_score_desc,940,0.06260868310928344,0.004996522031771296
10000,subset_accuracy_drop,subset_score_desc,950,0.06252964735031127,0.004527394751241455
10000,subset_accuracy_drop,subset_score_desc,960,0.06221344470977783,0.004036652645726802
10000,subset_accuracy_drop,subset_score_desc,970,0.062292492389678954,0.004739799610179084
10000,subset_accuracy_drop,subset_score_desc,980,0.0624505877494812,0.004676760572783672
10000,subset_accuracy_drop,subset_score_desc,990,0.06276679039001465,0.00467174278768472
10000,subset_accuracy_drop,subset_score_desc,1000,0.06316206455230713,0.004811779856536777
10000,subset_accuracy_drop,subset_score_desc,1010,0.06339921951293945,0.004764458788906099
10000,subset_accuracy_drop,subset_score_desc,1020,0.06371541023254394,0.004754616162695081
10000,subset_accuracy_drop,subset_score_desc,1030,0.06418973207473755,0.004665032228467112
10000,subset_accuracy_drop,subset_score_desc,1040,0.06458498239517212,0.004813376636365354
10000,subset_accuracy_drop,subset_score_desc,1050,0.0648221492767334,0.004401403995601477
10000,subset_accuracy_drop,subset_score_desc,1060,0.06490118503570556,0.00502615188519362
10000,subset_accuracy_drop,subset_score_desc,1070,0.06474308967590332,0.004900248640464508
10000,subset_accuracy_drop,subset_score_desc,1080,0.06482213735580444,0.005354245904977641
10000,subset_accuracy_drop,subset_score_desc,1090,0.06569170951843262,0.005964329918266676
10000,subset_accuracy_drop,subset_score_desc,1100,0.06561263799667358,0.005512393762860646
10000,subset_accuracy_drop,subset_score_desc,1110,0.06569169759750366,0.005400720125966948
10000,subset_accuracy_drop,subset_score_desc,1120,0.06616601943969727,0.00514291139693345
10000,subset_accuracy_drop,subset_score_desc,1130,0.06632411479949951,0.004449066704915381
10000,subset_accuracy_drop,subset_score_desc,1140,0.06719368696212769,0.004626387473894847
10000,subset_accuracy_drop,subset_score_desc,1150,0.06743083000183106,0.004980879478255228
10000,subset_accuracy_drop,subset_score_desc,1160,0.06743083000183106,0.004622991830506492
10000,subset_accuracy_drop,subset_score_desc,1170,0.06719368696212769,0.004436761723865678
10000,subset_accuracy_drop,subset_score_desc,1180,0.06806324720382691,0.00499497554556802
10000,subset_accuracy_drop,subset_score_desc,1190,0.0685375452041626,0.005019930135824257
10000,subset_accuracy_drop,subset_score_desc,1200,0.06893279552459716,0.0052182922466054125
10000,subset_accuracy_drop,subset_score_desc,1210,0.0686956524848938,0.004987148056142062
10000,subset_accuracy_drop,subset_score_desc,1220,0.0685375452041626,0.005127692234595349
10000,subset_accuracy_drop,subset_score_desc,1230,0.06845850944519043,0.004671734971277763
10000,subset_accuracy_drop,subset_score_desc,1240,0.06853755712509155,0.004805270501266124
10000,subset_accuracy_drop,subset_score_desc,1250,0.06845848560333252,0.004729907413441346
10000,subset_accuracy_drop,subset_score_desc,1260,0.0686956524848938,0.00517170535396815
10000,subset_accuracy_drop,subset_score_desc,1270,0.06806324720382691,0.005606525770479687
10000,subset_accuracy_drop,subset_score_desc,1280,0.06830039024353027,0.0053132315218007205
10000,subset_accuracy_drop,subset_score_desc,1290,0.06806322336196899,0.005133786598523647
10000,subset_accuracy_drop,subset_score_desc,1300,0.06877470016479492,0.005228777277617572
10000,subset_accuracy_drop,subset_score_desc,1310,0.06837944984436035,0.0053102810869358995
10000,subset_accuracy_drop,subset_score_desc,1320,0.06837944984436035,0.005734645448601308
10000,subset_accuracy_drop,subset_score_desc,1330,0.0679051399230957,0.005710060468461967
10000,subset_accuracy_drop,subset_score_desc,1340,0.06814229488372803,0.00555193747393073
10000,subset_accuracy_drop,subset_score_desc,1350,0.0685375452041626,0.005866598988978436
10000,subset_accuracy_drop,subset_score_desc,1360,0.0686956524848938,0.006055325766186879
10000,subset_accuracy_drop,subset_score_desc,1370,0.06885377168655396,0.006113085936744137
10000,subset_accuracy_drop,subset_score_desc,1380,0.06877470016479492,0.00601387648130161
10000,subset_accuracy_drop,subset_score_desc,1390,0.06893280744552613,0.00631547281605346
10000,subset_accuracy_drop,subset_score_desc,1400,0.0686956524848938,0.006586689291468821
10000,subset_accuracy_drop,subset_score_desc,1410,0.06853755712509155,0.0062470730690293436
10000,subset_accuracy_drop,subset_score_desc,1420,0.06822134256362915,0.006646896806391437
10000,subset_accuracy_drop,subset_score_desc,1430,0.0682213306427002,0.006635148509640074
10000,subset_accuracy_drop,subset_score_desc,1440,0.06845849752426147,0.006831219523015828
10000,subset_accuracy_drop,subset_score_desc,1450,0.06916996240615844,0.007201939666112908
10000,subset_accuracy_drop,subset_score_desc,1460,0.0690118670463562,0.00801603669708294
10000,subset_accuracy_drop,subset_score_desc,1470,0.06940711736679077,0.0077232186522198445
10000,subset_accuracy_drop,subset_score_desc,1480,0.06980236768722534,0.007538966947416832
10000,subset_accuracy_drop,subset_score_desc,1490,0.06996047496795654,0.007378704441215897
10000,subset_accuracy_drop,subset_score_desc,1500,0.06972333192825317,0.007748457288800817
10000,subset_accuracy_drop,subset_score_desc,1510,0.06996047496795654,0.007900200963998221
10000,subset_accuracy_drop,subset_score_desc,1520,0.07027667760848999,0.007295674351690484
10000,subset_accuracy_drop,subset_score_desc,1530,0.07075098752975464,0.007378739562550949
10000,subset_accuracy_drop,subset_score_desc,1540,0.07083003520965576,0.007485932849148413
10000,subset_accuracy_drop,subset_score_desc,1550,0.07075098752975464,0.0073998760407305705
10000,subset_accuracy_drop,subset_score_desc,1560,0.07090909481048584,0.006734463962724426
10000,subset_accuracy_drop,subset_score_desc,1570,0.07138340473175049,0.00746084103214524
10000,subset_accuracy_drop,subset_score_desc,1580,0.07146246433258056,0.007485917113544411
10000,subset_accuracy_drop,subset_score_desc,1590,0.07162055969238282,0.0073383981694460435
10000,subset_accuracy_drop,subset_score_desc,1600,0.07209486961364746,0.007652079486788291
10000,subset_accuracy_drop,subset_score_desc,1610,0.07201581001281739,0.007428317384828401
10000,subset_accuracy_drop,subset_score_desc,1620,0.07209486961364746,0.00792784304060664
10000,subset_accuracy_drop,subset_score_desc,1630,0.07256916761398316,0.007898217416326484
10000,subset_accuracy_drop,subset_score_desc,1640,0.07249013185501099,0.007967149348643473
10000,subset_accuracy_drop,subset_score_desc,1650,0.07256916761398316,0.008571719046114604
10000,subset_accuracy_drop,subset_score_desc,1660,0.07288538217544556,0.008274957214178036
10000,subset_accuracy_drop,subset_score_desc,1670,0.07249011993408203,0.008752056552143717
10000,subset_accuracy_drop,subset_score_desc,1680,0.07264822721481323,0.008764566780007976
10000,subset_accuracy_drop,subset_score_desc,1690,0.07256917953491211,0.009041803579966262
10000,subset_accuracy_drop,subset_score_desc,1700,0.07304346561431885,0.008932297166039996
10000,subset_accuracy_drop,subset_score_desc,1710,0.07320156097412109,0.009173892490916777
10000,subset_accuracy_drop,subset_score_desc,1720,0.07312251329421997,0.009244292705346368
10000,subset_accuracy_drop,subset_score_desc,1730,0.07359683513641357,0.009763732519314021
10000,subset_accuracy_drop,subset_score_desc,1740,0.0733596920967102,0.009238365930323584
10000,subset_accuracy_drop,subset_score_desc,1750,0.07320157289505005,0.008715389507782154
10000,subset_accuracy_drop,subset_score_desc,1760,0.07312252521514892,0.008939274584060528
10000,subset_accuracy_drop,subset_score_desc,1770,0.07288537025451661,0.008889321916136067
10000,subset_accuracy_drop,subset_score_desc,1780,0.07320157289505005,0.009283925647587093
10000,subset_accuracy_drop,subset_score_desc,1790,0.07249011993408203,0.008671378722820429
10000,subset_accuracy_drop,subset_score_desc,1800,0.07256917953491211,0.008526024461866328
10000,subset_accuracy_drop,subset_score_desc,1810,0.073201584815979,0.009114093425118416
10000,subset_accuracy_drop,subset_score_desc,1820,0.07304348945617675,0.009330076072050008
10000,subset_accuracy_drop,subset_score_desc,1830,0.07320156097412109,0.009557542268457415
10000,subset_accuracy_drop,subset_score_desc,1840,0.07304346561431885,0.009719640171764316
10000,subset_accuracy_drop,subset_score_desc,1850,0.0735177993774414,0.010069364022939523
10000,subset_accuracy_drop,subset_score_desc,1860,0.07351778745651245,0.00965349765904288
10000,subset_accuracy_drop,subset_score_desc,1870,0.07351778745651245,0.009916954058555309
10000,subset_accuracy_drop,subset_score_desc,1880,0.07383400201797485,0.009755736808239455
10000,subset_accuracy_drop,subset_score_desc,1890,0.0738339900970459,0.009886967751448063
10000,subset_accuracy_drop,subset_score_desc,1900,0.0739920973777771,0.009996959483196465
10000,subset_accuracy_drop,subset_score_desc,1910,0.07422926425933837,0.010171255846673279
10000,subset_accuracy_drop,subset_score_desc,1920,0.07407114505767823,0.010252337550531213
10000,subset_accuracy_drop,subset_score_desc,1930,0.07391304969787597,0.010813744933999656
10000,subset_accuracy_drop,subset_score_desc,1940,0.07415019273757935,0.010441094420246414
10000,subset_accuracy_drop,subset_score_desc,1950,0.07422926425933837,0.010421613565008137
10000,subset_accuracy_drop,subset_score_desc,1960,0.07415019273757935,0.010221814841237504
10000,subset_accuracy_drop,subset_score_desc,1970,0.07454545497894287,0.009672112986059916
10000,subset_accuracy_drop,subset_score_desc,1980,0.07446640729904175,0.009389328828383118
10000,subset_accuracy_drop,subset_score_desc,1990,0.07454545497894287,0.009071999147270469
10000,subset_accuracy_drop,subset_score_desc,2000,0.07438735961914063,0.00928392615508887
10000,subset_accuracy_drop,subset_score_desc,2010,0.07430830001831054,0.008961099537763865
10000,subset_accuracy_drop,subset_score_desc,2020,0.07407114505767823,0.009200243482494687
10000,subset_accuracy_drop,subset_score_desc,2030,0.07430830001831054,0.009214666091310574
10000,subset_accuracy_drop,subset_score_desc,2040,0.07454545497894287,0.008972424881253533
10000,subset_accuracy_drop,subset_score_desc,2050,0.07438733577728271,0.009334272996542962
10000,subset_accuracy_drop,subset_score_desc,2060,0.07462451457977295,0.009229075989415267
10000,subset_accuracy_drop,subset_score_desc,2070,0.07525691986083985,0.008915671081139973
10000,subset_accuracy_drop,subset_score_desc,2080,0.07565217018127442,0.008378140643960625
10000,subset_accuracy_drop,subset_score_desc,2090,0.07509881258010864,0.008047145633410906
10000,subset_accuracy_drop,subset_score_desc,2100,0.0754150390625,0.007752493370376828
10000,subset_accuracy_drop,subset_score_desc,2110,0.07573122978210449,0.007758536496054926
10000,subset_accuracy_drop,subset_score_desc,2120,0.07588932514190674,0.007710063909117673
10000,subset_accuracy_drop,subset_score_desc,2130,0.07675890922546387,0.007971077801633338
10000,subset_accuracy_drop,subset_score_desc,2140,0.07675890922546387,0.00777764155390862
10000,subset_accuracy_drop,subset_score_desc,2150,0.07691699266433716,0.007813714109394946
10000,subset_accuracy_drop,subset_score_desc,2160,0.07699605226516723,0.008135977115689795
10000,subset_accuracy_drop,subset_score_desc,2170,0.07691699266433716,0.007773641259245177
10000,subset_accuracy_drop,subset_score_desc,2180,0.07715415954589844,0.007907123968783833
10000,subset_accuracy_drop,subset_score_desc,2190,0.07754942178726196,0.008451491611665151
10000,subset_accuracy_drop,subset_score_desc,2200,0.07849801778793335,0.008088806530618234
10000,subset_accuracy_drop,subset_score_desc,2210,0.07857707738876343,0.007872472453777606
10000,subset_accuracy_drop,subset_score_desc,2220,0.07889329195022583,0.008069450108446223
10000,subset_accuracy_drop,subset_score_desc,2230,0.07905138731002807,0.007765568047859097
10000,subset_accuracy_drop,subset_score_desc,2240,0.07920948266983033,0.0073554113575481925
10000,subset_accuracy_drop,subset_score_desc,2250,0.078972327709198,0.007681629308527192
10000,subset_accuracy_drop,subset_score_desc,2260,0.07897233963012695,0.007620373477631461
10000,subset_accuracy_drop,subset_score_desc,2270,0.07857707738876343,0.0077675929000992515
10000,subset_accuracy_drop,subset_score_desc,2280,0.07810276746749878,0.007434617520833783
10000,subset_accuracy_drop,subset_score_desc,2290,0.07841897010803223,0.007445142026786908
10000,subset_accuracy_drop,subset_score_desc,2300,0.07857707738876343,0.007045140072052932
10000,subset_accuracy_drop,subset_score_desc,2310,0.0784980297088623,0.007167139071702883
10000,subset_accuracy_drop,subset_score_desc,2320,0.07873517274856567,0.007306382878877361
10000,subset_accuracy_drop,subset_score_desc,2330,0.07881423234939575,0.007194357098001699
10000,subset_accuracy_drop,subset_score_desc,2340,0.07920949459075928,0.007492185637311398
10000,subset_accuracy_drop,subset_score_desc,2350,0.07944664955139161,0.007988705392544882
10000,subset_accuracy_drop,subset_score_desc,2360,0.07952569723129273,0.007852607093011287
10000,subset_accuracy_drop,subset_score_desc,2370,0.07960474491119385,0.007798707050179072
10000,subset_accuracy_drop,subset_score_desc,2380,0.07976284027099609,0.00781271729977311
10000,subset_accuracy_drop,subset_score_desc,2390,0.0791304349899292,0.008102298300811231
10000,subset_accuracy_drop,subset_score_desc,2400,0.07905138731002807,0.008314503920737659
10000,subset_accuracy_drop,subset_score_desc,2410,0.0788142204284668,0.008132153381770079
10000,subset_accuracy_drop,subset_score_desc,2420,0.07889328002929688,0.007947546432424114
10000,subset_accuracy_drop,subset_score_desc,2430,0.07905138731002807,0.007457698599219566
10000,subset_accuracy_drop,subset_score_desc,2440,0.07913044691085816,0.007767593506694677
10000,subset_accuracy_drop,subset_score_desc,2450,0.0796047329902649,0.007748458200975401
10000,subset_accuracy_drop,subset_score_desc,2460,0.07968379259109497,0.008064624192913919
10000,subset_accuracy_drop,subset_score_desc,2470,0.07928853034973145,0.007460869451429991
10000,subset_accuracy_drop,subset_score_desc,2480,0.0791304349899292,0.007231165595921179
10000,subset_accuracy_drop,subset_score_desc,2490,0.07968380451202392,0.007616275888704528
10000,subset_accuracy_drop,subset_score_desc,2500,0.07952569723129273,0.0073010408237713575
10000,subset_accuracy_drop,subset_score_desc,2510,0.07936757802963257,0.006663350671596895
10000,subset_accuracy_drop,subset_score_desc,2520,0.078972327709198,0.0067158959922738615
10000,subset_accuracy_drop,subset_score_desc,2530,0.07889328002929688,0.006450083137011335
10000,subset_accuracy_drop,subset_score_desc,2540,0.07960474491119385,0.006327815398992065
10000,subset_accuracy_drop,subset_score_desc,2550,0.0792885422706604,0.005919620989145469
10000,subset_accuracy_drop,subset_score_desc,2560,0.0796047568321228,0.006540289722903005
10000,subset_accuracy_drop,subset_score_desc,2570,0.07968379259109497,0.006290676613828995
10000,subset_accuracy_drop,subset_score_desc,2580,0.0800790548324585,0.006593815595698405
10000,subset_accuracy_drop,subset_score_desc,2590,0.08023713827133179,0.007394588624531461
10000,subset_accuracy_drop,subset_score_desc,2600,0.08023715019226074,0.007669429539209959
10000,subset_accuracy_drop,subset_score_desc,2610,0.08055335283279419,0.008140778385950013
10000,subset_accuracy_drop,subset_score_desc,2620,0.08063241243362426,0.00802773263312589
10000,subset_accuracy_drop,subset_score_desc,2630,0.08086955547332764,0.0075234041938627
10000,subset_accuracy_drop,subset_score_desc,2640,0.08142292499542236,0.007915021543630418
10000,subset_accuracy_drop,subset_score_desc,2650,0.08102766275405884,0.007765558188043624
10000,subset_accuracy_drop,subset_score_desc,2660,0.08110671043395996,0.007491140068282671
10000,subset_accuracy_drop,subset_score_desc,2670,0.08134387731552124,0.0069502364457208095
10000,subset_accuracy_drop,subset_score_desc,2680,0.08126481771469116,0.007068357605251846
10000,subset_accuracy_drop,subset_score_desc,2690,0.08142292499542236,0.006186767948439477
10000,subset_accuracy_drop,subset_score_desc,2700,0.08166006803512574,0.005649565317014491
10000,subset_accuracy_drop,subset_score_desc,2710,0.08181818723678588,0.005961720885328861
10000,subset_accuracy_drop,subset_score_desc,2720,0.08166007995605469,0.0058799357746566
10000,subset_accuracy_drop,subset_score_desc,2730,0.08126482963562012,0.005565979808253743
10000,subset_accuracy_drop,subset_score_desc,2740,0.08150198459625244,0.0062894344903629065
10000,subset_accuracy_drop,subset_score_desc,2750,0.08118578195571899,0.006979403344581317
10000,subset_accuracy_drop,subset_score_desc,2760,0.08173912763595581,0.006645732252399949
10000,subset_accuracy_drop,subset_score_desc,2770,0.08189723491668702,0.006756487174251493
10000,subset_accuracy_drop,subset_score_desc,2780,0.08197628259658814,0.006792231671391835
10000,subset_accuracy_drop,subset_score_desc,2790,0.08173912763595581,0.007022916256761669
10000,subset_accuracy_drop,subset_score_desc,2800,0.08150197267532348,0.0072527363812298845
10000,subset_accuracy_drop,subset_score_desc,2810,0.08142292499542236,0.007535846776122367
10000,subset_accuracy_drop,subset_score_desc,2820,0.08134386539459229,0.007391424558853366
10000,subset_accuracy_drop,subset_score_desc,2830,0.08158104419708252,0.00761627712597518
10000,subset_accuracy_drop,subset_score_desc,2840,0.08142292499542236,0.0073309345704054675
10000,subset_accuracy_drop,subset_score_desc,2850,0.08142292499542236,0.007452471175057418
10000,subset_accuracy_drop,subset_score_desc,2860,0.08173912763595581,0.007433581444105908
10000,subset_accuracy_drop,subset_score_desc,2870,0.08181817531585693,0.007288189143308258
10000,subset_accuracy_drop,subset_score_desc,2880,0.08166007995605469,0.007523392137729624
10000,subset_accuracy_drop,subset_score_desc,2890,0.08213437795639038,0.007317069455611518
10000,subset_accuracy_drop,subset_score_desc,2900,0.08173912763595581,0.007391428861829982
10000,subset_accuracy_drop,subset_score_desc,2910,0.08166009187698364,0.007323471728990166
10000,subset_accuracy_drop,subset_score_desc,2920,0.08197628259658814,0.0070295978334824726
10000,subset_accuracy_drop,subset_score_desc,2930,0.08229248523712158,0.006938998181813268
10000,subset_accuracy_drop,subset_score_desc,2940,0.08229248523712158,0.0072095284741564205
10000,subset_accuracy_drop,subset_score_desc,2950,0.0822134256362915,0.007357522351713573
10000,subset_accuracy_drop,subset_score_desc,2960,0.08245059251785278,0.007051773697549436
10000,subset_accuracy_drop,subset_score_desc,2970,0.08237154483795166,0.007302109741043536
10000,subset_accuracy_drop,subset_score_desc,2980,0.08252964019775391,0.007359657068947485
10000,subset_accuracy_drop,subset_score_desc,2990,0.08245059251785278,0.007677559195859541
10000,subset_accuracy_drop,subset_score_desc,3000,0.08213438987731933,0.007176963449488481
10000,subset_accuracy_drop,subset_score_desc,3010,0.0823715329170227,0.006815176659273138
10000,subset_accuracy_drop,subset_score_desc,3020,0.08252964019775391,0.006586706102260809
10000,subset_accuracy_drop,subset_score_desc,3030,0.0823715329170227,0.006611571294073764
10000,subset_accuracy_drop,subset_score_desc,3040,0.08221343755722046,0.0064404038703894965
10000,subset_accuracy_drop,subset_score_desc,3050,0.08205533027648926,0.006290674366738862
10000,subset_accuracy_drop,subset_score_desc,3060,0.08205534219741821,0.006383144268237809
10000,subset_accuracy_drop,subset_score_desc,3070,0.08205533027648926,0.006177908824462804
10000,subset_accuracy_drop,subset_score_desc,3080,0.08213438987731933,0.0064185412746498765
10000,subset_accuracy_drop,subset_score_desc,3090,0.08205533027648926,0.006011299730363797
10000,subset_accuracy_drop,subset_score_desc,3100,0.08229248523712158,0.005905109701244786
10000,subset_accuracy_drop,subset_score_desc,3110,0.08260869979858398,0.006596185152615599
10000,subset_accuracy_drop,subset_score_desc,3120,0.08245059251785278,0.006652786812635152
10000,subset_accuracy_drop,subset_score_desc,3130,0.08252964019775391,0.006657470011405239
10000,subset_accuracy_drop,subset_score_desc,3140,0.08252964019775391,0.006598544754296394
10000,subset_accuracy_drop,subset_score_desc,3150,0.08205533027648926,0.00731280594501203
10000,subset_accuracy_drop,subset_score_desc,3160,0.08189722299575805,0.007338400737737154
10000,subset_accuracy_drop,subset_score_desc,3170,0.08260869979858398,0.007228989676307421
10000,subset_accuracy_drop,subset_score_desc,3180,0.08237154483795166,0.007528607087738499
10000,subset_accuracy_drop,subset_score_desc,3190,0.08221344947814942,0.007207355338299285
10000,subset_accuracy_drop,subset_score_desc,3200,0.08237154483795166,0.007595751529982252
10000,subset_accuracy_drop,subset_score_desc,3210,0.08173912763595581,0.007630616313970503
10000,subset_accuracy_drop,subset_score_desc,3220,0.08189722299575805,0.007338400737737154
10000,subset_accuracy_drop,subset_score_desc,3230,0.08166007995605469,0.007210622393020713
10000,subset_accuracy_drop,subset_score_desc,3240,0.08150197267532348,0.007149673276615068
10000,subset_accuracy_drop,subset_score_desc,3250,0.08134387731552124,0.006989464641994201
10000,subset_accuracy_drop,subset_score_desc,3260,0.08126482963562012,0.006849487256956309
10000,subset_accuracy_drop,subset_score_desc,3270,0.08118577003479004,0.006872240054491509
10000,subset_accuracy_drop,subset_score_desc,3280,0.08142293691635132,0.006857443442499965
10000,subset_accuracy_drop,subset_score_desc,3290,0.0813438892364502,0.007111342310832348
10000,subset_accuracy_drop,subset_score_desc,3300,0.08126481771469116,0.00728069284187217
10000,subset_accuracy_drop,subset_score_desc,3310,0.08118578195571899,0.007429359745074958
10000,subset_accuracy_drop,subset_score_desc,3320,0.08126481771469116,0.0072051741900648406
10000,subset_accuracy_drop,subset_score_desc,3330,0.08158103227615357,0.007366005055677722
10000,subset_accuracy_drop,subset_score_desc,3340,0.08150197267532348,0.007045131043164959
10000,subset_accuracy_drop,subset_score_desc,3350,0.08166007995605469,0.007226836899331618
10000,subset_accuracy_drop,subset_score_desc,3360,0.08126481771469116,0.007898217863777045
10000,subset_accuracy_drop,subset_score_desc,3370,0.08150197267532348,0.007686704723957919
10000,subset_accuracy_drop,subset_score_desc,3380,0.08166007995605469,0.0072322445149654215
10000,subset_accuracy_drop,subset_score_desc,3390,0.08142292499542236,0.006828925310700226
10000,subset_accuracy_drop,subset_score_desc,3400,0.0813438892364502,0.006326597138254174
10000,subset_accuracy_drop,subset_score_desc,3410,0.08126481771469116,0.005926236254665915
10000,subset_accuracy_drop,subset_score_desc,3420,0.08118577003479004,0.005697754867752315
10000,subset_accuracy_drop,subset_score_desc,3430,0.08126482963562012,0.005402187528999034
10000,subset_accuracy_drop,subset_score_desc,3440,0.08126484155654908,0.005488255688353536
10000,subset_accuracy_drop,subset_score_desc,3450,0.08126481771469116,0.006030755080579448
10000,subset_accuracy_drop,subset_score_desc,3460,0.08086956739425659,0.005314717539635301
10000,subset_accuracy_drop,subset_score_desc,3470,0.08071147203445435,0.005276367906290799
10000,subset_accuracy_drop,subset_score_desc,3480,0.08086955547332764,0.005516640562782108
10000,subset_accuracy_drop,subset_score_desc,3490,0.08110671043395996,0.005313237951206238
10000,subset_accuracy_drop,subset_score_desc,3500,0.08150197267532348,0.005133782238896556
10000,subset_accuracy_drop,subset_score_desc,3510,0.08142292499542236,0.004800408887563419
10000,subset_accuracy_drop,subset_score_desc,3520,0.08150198459625244,0.004939936018068798
10000,subset_accuracy_drop,subset_score_desc,3530,0.08150198459625244,0.005080251870600558
10000,subset_accuracy_drop,subset_score_desc,3540,0.08150197267532348,0.004457838315183071
10000,subset_accuracy_drop,subset_score_desc,3550,0.08173912763595581,0.004612843785126317
10000,subset_accuracy_drop,subset_score_desc,3560,0.08166007995605469,0.004494476207757901
10000,subset_accuracy_drop,subset_score_desc,3570,0.08229248523712158,0.004005584891588995
10000,subset_accuracy_drop,subset_score_desc,3580,0.08197628259658814,0.004225741276184023
10000,subset_accuracy_drop,subset_score_desc,3590,0.08189723491668702,0.00407326587542804
10000,subset_accuracy_drop,subset_score_desc,3600,0.08197628259658814,0.004380044020574762
10000,subset_accuracy_drop,subset_score_desc,3610,0.08205534219741821,0.0036930791023723985
10000,subset_accuracy_drop,subset_score_desc,3620,0.08213438987731933,0.004288144644549584
10000,subset_accuracy_drop,subset_score_desc,3630,0.08189723491668702,0.004342452687804454
10000,subset_accuracy_drop,subset_score_desc,3640,0.0823715329170227,0.004739815515851772
10000,subset_accuracy_drop,subset_score_desc,3650,0.08229248523712158,0.004288142996213662
10000,subset_accuracy_drop,subset_score_desc,3660,0.08213438987731933,0.004360396956542187
10000,subset_accuracy_drop,subset_score_desc,3670,0.08245059251785278,0.004853795497616367
10000,subset_accuracy_drop,subset_score_desc,3680,0.08229248523712158,0.004518743043139627
10000,subset_accuracy_drop,subset_score_desc,3690,0.08189723491668702,0.0036269189561315453
10000,subset_accuracy_drop,subset_score_desc,3700,0.08142292499542236,0.0036972903297478716
10000,subset_accuracy_drop,subset_score_desc,3710,0.08110673427581787,0.004005587244196795
10000,subset_accuracy_drop,subset_score_desc,3720,0.08118578195571899,0.0043800424069043295
10000,subset_accuracy_drop,subset_score_desc,3730,0.08118577003479004,0.004132290494175367
10000,subset_accuracy_drop,subset_score_desc,3740,0.08142292499542236,0.004726601841655561
10000,subset_accuracy_drop,subset_score_desc,3750,0.08166009187698364,0.005097147397940831
10000,subset_accuracy_drop,subset_score_desc,3760,0.08189723491668702,0.00545110869505181
10000,subset_accuracy_drop,subset_score_desc,3770,0.08189723491668702,0.004770998889152205
10000,subset_accuracy_drop,subset_score_desc,3780,0.08173912763595581,0.004932012579307694
10000,subset_accuracy_drop,subset_score_desc,3790,0.08213438987731933,0.004413809417609222
10000,subset_accuracy_drop,subset_score_desc,3800,0.08252964019775391,0.00454459199180486
10000,subset_accuracy_drop,subset_score_desc,3810,0.08284585475921631,0.0053440262281917
10000,subset_accuracy_drop,subset_score_desc,3820,0.083320152759552,0.0050261617285400195
10000,subset_accuracy_drop,subset_score_desc,3830,0.08339921236038209,0.004848972089585138
10000,subset_accuracy_drop,subset_score_desc,3840,0.08324110507965088,0.005402174227714786
10000,subset_accuracy_drop,subset_score_desc,3850,0.08316205739974976,0.005066409113351872
10000,subset_accuracy_drop,subset_score_desc,3860,0.08347827196121216,0.004868258583322394
10000,subset_accuracy_drop,subset_score_desc,3870,0.08324110507965088,0.00445958982741911
10000,subset_accuracy_drop,subset_score_desc,3880,0.08324111700057983,0.004262564658949864
10000,subset_accuracy_drop,subset_score_desc,3890,0.08308300971984864,0.004852166621268769
10000,subset_accuracy_drop,subset_score_desc,3900,0.08284585475921631,0.004681763670408288
10000,subset_accuracy_drop,subset_score_desc,3910,0.08276679515838622,0.004748040595612446
10000,subset_accuracy_drop,subset_score_desc,3920,0.08276678323745727,0.005043219782548379
10000,subset_accuracy_drop,subset_score_desc,3930,0.08276680707931519,0.005459713103705587
10000,subset_accuracy_drop,subset_score_desc,3940,0.08292490243911743,0.00516414301020917
10000,subset_accuracy_drop,subset_score_desc,3950,0.08276679515838622,0.00498870688610185
10000,subset_accuracy_drop,subset_score_desc,3960,0.08276680707931519,0.005459708788654329
10000,subset_accuracy_drop,subset_score_desc,3970,0.08245059251785278,0.0054094125247404114
10000,subset_accuracy_drop,subset_score_desc,3980,0.08205535411834716,0.005322043353858137
10000,subset_accuracy_drop,subset_score_desc,3990,0.08197629451751709,0.005035468223788648
10000,subset_accuracy_drop,subset_score_desc,4000,0.08173912763595581,0.0050105738575271725
10000,subset_accuracy_drop,subset_score_desc,4010,0.08197628259658814,0.004580559173558069
10000,subset_accuracy_drop,subset_score_desc,4020,0.08197629451751709,0.004780811729357503
10000,subset_accuracy_drop,subset_score_desc,4030,0.08205533027648926,0.004151132553567538
10000,subset_accuracy_drop,subset_score_desc,4040,0.08229248523712158,0.00408282618488644
10000,subset_accuracy_drop,subset_score_desc,4050,0.08189723491668702,0.004233116273539254
10000,subset_accuracy_drop,subset_score_desc,4060,0.08181817531585693,0.0047840956032141335
10000,subset_accuracy_drop,subset_score_desc,4070,0.08142293691635132,0.0050540407577977595
10000,subset_accuracy_drop,subset_score_desc,4080,0.08142292499542236,0.004816631460492495
10000,subset_accuracy_drop,subset_score_desc,4090,0.08134387731552124,0.004971454682862138
10000,subset_accuracy_drop,subset_score_desc,4100,0.08118577003479004,0.00491774154921496
10000,subset_accuracy_drop,subset_score_desc,4110,0.08126482963562012,0.004648264383033005
10000,subset_accuracy_drop,subset_score_desc,4120,0.08110672235488892,0.005057139060030115
10000,subset_accuracy_drop,subset_score_desc,4130,0.08055336475372314,0.005224257247360508
10000,subset_accuracy_drop,subset_score_desc,4140,0.08063241243362426,0.0058157820606585435
10000,subset_accuracy_drop,subset_score_desc,4150,0.08055336475372314,0.006394126541459427
10000,subset_accuracy_drop,subset_score_desc,4160,0.08071147203445435,0.00595777968818007
10000,subset_accuracy_drop,subset_score_desc,4170,0.08063240051269531,0.0058492569904191
10000,subset_accuracy_drop,subset_score_desc,4180,0.08126484155654908,0.006413639535858704
10000,subset_accuracy_drop,subset_score_desc,4190,0.08118578195571899,0.007012902784112617
10000,subset_accuracy_drop,subset_score_desc,4200,0.0813438892364502,0.006967069827319177
10000,subset_accuracy_drop,subset_score_desc,4210,0.08126482963562012,0.007084931291634826
10000,subset_accuracy_drop,subset_score_desc,4220,0.08063241243362426,0.006976036785606458
10000,subset_accuracy_drop,subset_score_desc,4230,0.08039525747299195,0.00704623761193815
10000,subset_accuracy_drop,subset_score_desc,4240,0.0802371621131897,0.007207360241461302
10000,subset_accuracy_drop,subset_score_desc,4250,0.08055335283279419,0.006710055765084603
10000,subset_accuracy_drop,subset_score_desc,4260,0.0807114601135254,0.006485096806031238
10000,subset_accuracy_drop,subset_score_desc,4270,0.08102766275405884,0.0066902467102112635
10000,subset_accuracy_drop,subset_score_desc,4280,0.08134386539459229,0.007470251884191445
10000,subset_accuracy_drop,subset_score_desc,4290,0.08142291307449341,0.0072667034971683865
10000,subset_accuracy_drop,subset_score_desc,4300,0.08134386539459229,0.007444059626131692
10000,subset_accuracy_drop,subset_score_desc,4310,0.0815810203552246,0.007460835979763709
10000,subset_accuracy_drop,subset_score_desc,4320,0.08189723491668702,0.007182370893135285
10000,subset_accuracy_drop,subset_score_desc,4330,0.08205533027648926,0.006917577846033084
10000,subset_accuracy_drop,subset_score_desc,4340,0.08181818723678588,0.007410399020509643
10000,subset_accuracy_drop,subset_score_desc,4350,0.08181817531585693,0.007266714033877577
10000,subset_accuracy_drop,subset_score_desc,4360,0.08166007995605469,0.0074608315589865856
10000,subset_accuracy_drop,subset_score_desc,4370,0.08197627067565919,0.007194337941113665
10000,subset_accuracy_drop,subset_score_desc,4380,0.08166006803512574,0.006820919454303609
10000,subset_accuracy_drop,subset_score_desc,4390,0.08173912763595581,0.006704253321904563
10000,subset_accuracy_drop,subset_score_desc,4400,0.08166007995605469,0.0069401109799237725
10000,subset_accuracy_drop,subset_score_desc,4410,0.08166007995605469,0.0069401109799237725
10000,subset_accuracy_drop,subset_score_desc,4420,0.08173912763595581,0.007198660980029082
10000,subset_accuracy_drop,subset_score_desc,4430,0.08173911571502686,0.007311715392304671
10000,subset_accuracy_drop,subset_score_desc,4440,0.08173912763595581,0.006375769565130174
10000,subset_accuracy_drop,subset_score_desc,4450,0.08189722299575805,0.006264545942495322
10000,subset_accuracy_drop,subset_score_desc,4460,0.08189723491668702,0.006616280639797277
10000,subset_accuracy_drop,subset_score_desc,4470,0.08181817531585693,0.006713565178249049
10000,subset_accuracy_drop,subset_score_desc,4480,0.08229248523712158,0.00679681099043642
10000,subset_accuracy_drop,subset_score_desc,4490,0.08181818723678588,0.007142034393724054
10000,subset_accuracy_drop,subset_score_desc,4500,0.08189723491668702,0.007083832596307585
10000,subset_accuracy_drop,subset_score_desc,4510,0.08205534219741821,0.0072913883143369326
10000,subset_accuracy_drop,subset_score_desc,4520,0.08221343755722046,0.007330920912313557
10000,subset_accuracy_drop,subset_score_desc,4530,0.08221344947814942,0.006857459761396035
10000,subset_accuracy_drop,subset_score_desc,4540,0.08229249715805054,0.006750696372309306
10000,subset_accuracy_drop,subset_score_desc,4550,0.08197628259658814,0.006652790885168591
10000,subset_accuracy_drop,subset_score_desc,4560,0.08197629451751709,0.0064075708814993245
10000,subset_accuracy_drop,subset_score_desc,4570,0.08229249715805054,0.006412435192272577
10000,subset_accuracy_drop,subset_score_desc,4580,0.08229249715805054,0.006164001614045393
10000,subset_accuracy_drop,subset_score_desc,4590,0.08213438987731933,0.005957760114136291
10000,subset_accuracy_drop,subset_score_desc,4600,0.08229249715805054,0.005990453119962534
10000,subset_accuracy_drop,subset_score_desc,4610,0.0826877474784851,0.0061956085107194876
10000,subset_accuracy_drop,subset_score_desc,4620,0.08252964019775391,0.006138590711899663
10000,subset_accuracy_drop,subset_score_desc,4630,0.08197628259658814,0.006056598203276093
10000,subset_accuracy_drop,subset_score_desc,4640,0.08205534219741821,0.006139857596210471
10000,subset_accuracy_drop,subset_score_desc,4650,0.08229247331619263,0.006258309563531173
10000,subset_accuracy_drop,subset_score_desc,4660,0.08237154483795166,0.0062782501369889054
10000,subset_accuracy_drop,subset_score_desc,4670,0.08229250907897949,0.00597741101229117
10000,subset_accuracy_drop,subset_score_desc,4680,0.08221343755722046,0.005869271781004116
10000,subset_accuracy_drop,subset_score_desc,4690,0.08221343755722046,0.005869271781004116
10000,subset_accuracy_drop,subset_score_desc,4700,0.08189723491668702,0.005805029639143507
10000,subset_accuracy_drop,subset_score_desc,4710,0.08173911571502686,0.005858618938358232
10000,subset_accuracy_drop,subset_score_desc,4720,0.08173912763595581,0.005865273282645909
10000,subset_accuracy_drop,subset_score_desc,4730,0.08189722299575805,0.005905086162455343
10000,subset_accuracy_drop,subset_score_desc,4740,0.08197628259658814,0.006101566756881531
10000,subset_accuracy_drop,subset_score_desc,4750,0.08197628259658814,0.005635703454189154
10000,subset_accuracy_drop,subset_score_desc,4760,0.08189723491668702,0.005750947552167801
10000,subset_accuracy_drop,subset_score_desc,4770,0.08197628259658814,0.005819828123207169
10000,subset_accuracy_drop,subset_score_desc,4780,0.08189722299575805,0.005938067593337123
10000,subset_accuracy_drop,subset_score_desc,4790,0.08221343755722046,0.005922259508787566
10000,subset_accuracy_drop,subset_score_desc,4800,0.08205533027648926,0.00603721872038669
10000,subset_accuracy_drop,subset_score_desc,4810,0.08229249715805054,0.005951216904351938
10000,subset_accuracy_drop,subset_score_desc,4820,0.08205534219741821,0.006321639200481444
10000,subset_accuracy_drop,subset_score_desc,4830,0.0823715329170227,0.006558156750976187
10000,subset_accuracy_drop,subset_score_desc,4840,0.08229248523712158,0.006289432242857232
10000,subset_accuracy_drop,subset_score_desc,4850,0.08245060443878174,0.006534304622327755
10000,subset_accuracy_drop,subset_score_desc,4860,0.08260871171951294,0.006367190994148683
10000,subset_accuracy_drop,subset_score_desc,4870,0.08260869979858398,0.006736772333826326
10000,subset_accuracy_drop,subset_score_desc,4880,0.08252964019775391,0.006467024835446424
10000,subset_accuracy_drop,subset_score_desc,4890,0.08252964019775391,0.006675048625986994
10000,subset_accuracy_drop,subset_score_desc,4900,0.08260868787765503,0.006596180688067399
10000,subset_accuracy_drop,subset_score_desc,4910,0.0822134256362915,0.006981640347734114
10000,subset_accuracy_drop,subset_score_desc,4920,0.08245060443878174,0.006599733876943572
10000,subset_accuracy_drop,subset_score_desc,4930,0.08229249715805054,0.006533114769430737
10000,subset_accuracy_drop,subset_score_desc,4940,0.08252964019775391,0.0065031578620416645
10000,subset_accuracy_drop,subset_score_desc,4950,0.08229249715805054,0.006533114769430737
10000,subset_accuracy_drop,subset_score_desc,4960,0.08237154483795166,0.0068722340552290085
10000,subset_accuracy_drop,subset_score_desc,4970,0.08229248523712158,0.007279584209359023
10000,subset_accuracy_drop,subset_score_desc,4980,0.08221343755722046,0.007228977455146078
10000,subset_accuracy_drop,subset_score_desc,4990,0.08181818723678588,0.007053979734557881
10000,subset_accuracy_drop,subset_score_desc,5000,0.08205534219741821,0.0071069277044475965
10000,subset_accuracy_drop,subset_score_desc,5010,0.08173913955688476,0.007089324203545933
10000,subset_accuracy_drop,subset_score_desc,5020,0.08150197267532348,0.007454555157709653
10000,subset_accuracy_drop,subset_score_desc,5030,0.08134386539459229,0.007423044197193909
10000,subset_accuracy_drop,subset_score_desc,5040,0.08158103227615357,0.007318125729961211
10000,subset_accuracy_drop,subset_score_desc,5050,0.08126482963562012,0.007366011772232977
10000,subset_accuracy_drop,subset_score_desc,5060,0.08102766275405884,0.007142026147080827
10000,subset_accuracy_drop,subset_score_desc,5070,0.08079051971435547,0.007803698772931632
10000,subset_accuracy_drop,subset_score_desc,5080,0.0810276746749878,0.007341571610585055
10000,subset_accuracy_drop,subset_score_desc,5090,0.08126481771469116,0.007600870496704138
10000,subset_accuracy_drop,subset_score_desc,5100,0.08094862699508668,0.0077625468510359045
10000,subset_accuracy_drop,subset_score_desc,5110,0.08079050779342652,0.007692802286782018
10000,subset_accuracy_drop,subset_score_desc,5120,0.08079050779342652,0.007296736790508682
10000,subset_accuracy_drop,subset_score_desc,5130,0.08094861507415771,0.007444044434974495
10000,subset_accuracy_drop,subset_score_desc,5140,0.08126482963562012,0.007296764073161985
10000,subset_accuracy_drop,subset_score_desc,5150,0.08142293691635132,0.006823204100978575
10000,subset_accuracy_drop,subset_score_desc,5160,0.08150197267532348,0.0068483451128094975
10000,subset_accuracy_drop,subset_score_desc,5170,0.08110672235488892,0.007045122014240201
10000,subset_accuracy_drop,subset_score_desc,5180,0.08110672235488892,0.0077474387031101115
10000,subset_accuracy_drop,subset_score_desc,5190,0.08079050779342652,0.007893278901176776
10000,subset_accuracy_drop,subset_score_desc,5200,0.08071147203445435,0.008039369941014831
10000,subset_accuracy_drop,subset_score_desc,5210,0.08063240051269531,0.0080762130099082
10000,subset_accuracy_drop,subset_score_desc,5220,0.08047430515289307,0.008103262686226225
10000,subset_accuracy_drop,subset_score_desc,5230,0.08047430515289307,0.00815608712004005
10000,subset_accuracy_drop,subset_score_desc,5240,0.08039525747299195,0.00811286988961953
10000,subset_accuracy_drop,subset_score_desc,5250,0.08031619787216186,0.008107097431191637
10000,subset_accuracy_drop,subset_score_desc,5260,0.08031619787216186,0.008306995223922142
10000,subset_accuracy_drop,subset_score_desc,5270,0.08039525747299195,0.008312630995923801
10000,subset_accuracy_drop,subset_score_desc,5280,0.0802371621131897,0.008276841083524486
10000,subset_accuracy_drop,subset_score_desc,5290,0.0800790548324585,0.007888326542480676
10000,subset_accuracy_drop,subset_score_desc,5300,0.0799209475517273,0.007902180436145781
10000,subset_accuracy_drop,subset_score_desc,5310,0.07952568531036378,0.007444062632717426
10000,subset_accuracy_drop,subset_score_desc,5320,0.07992095947265625,0.006967059513658144
10000,subset_accuracy_drop,subset_score_desc,5330,0.07984188795089722,0.006771482647510124
10000,subset_accuracy_drop,subset_score_desc,5340,0.07968380451202392,0.007057303771339573
10000,subset_accuracy_drop,subset_score_desc,5350,0.07984187602996826,0.00745769622995693
10000,subset_accuracy_drop,subset_score_desc,5360,0.079762864112854,0.007827691028062451
10000,subset_accuracy_drop,subset_score_desc,5370,0.0796047568321228,0.008237095825357216
10000,subset_accuracy_drop,subset_score_desc,5380,0.07952569723129273,0.008264551626715648
10000,subset_accuracy_drop,subset_score_desc,5390,0.07952569723129273,0.007742395646010613
10000,subset_accuracy_drop,subset_score_desc,5400,0.07992095947265625,0.007852585791807944
10000,subset_accuracy_drop,subset_score_desc,5410,0.08000000715255737,0.007778628774951866
10000,subset_accuracy_drop,subset_score_desc,5420,0.07976285219192505,0.00782270091199426
10000,subset_accuracy_drop,subset_score_desc,5430,0.07984188795089722,0.008081050080023805
10000,subset_accuracy_drop,subset_score_desc,5440,0.07976285219192505,0.0078575716203631
10000,subset_accuracy_drop,subset_score_desc,5450,0.07952569723129273,0.008240890020532774
10000,subset_accuracy_drop,subset_score_desc,5460,0.07936758995056152,0.008039368475736889
10000,subset_accuracy_drop,subset_score_desc,5470,0.0791304349899292,0.007306382556446338
10000,subset_accuracy_drop,subset_score_desc,5480,0.07881423234939575,0.007418850957089738
10000,subset_accuracy_drop,subset_score_desc,5490,0.07873517274856567,0.007517152457628494
10000,subset_accuracy_drop,subset_score_desc,5500,0.07849801778793335,0.007996519007727626
10000,subset_accuracy_drop,subset_score_desc,5510,0.07826085090637207,0.0082484686052932
10000,subset_accuracy_drop,subset_score_desc,5520,0.07818180322647095,0.008321064544107054
10000,subset_accuracy_drop,subset_score_desc,5530,0.0780237078666687,0.007947524644518662
10000,subset_accuracy_drop,subset_score_desc,5540,0.07810276746749878,0.008083941024228724
10000,subset_accuracy_drop,subset_score_desc,5550,0.07786561250686645,0.008114815775148674
10000,subset_accuracy_drop,subset_score_desc,5560,0.07794464826583862,0.007892281692900776
10000,subset_accuracy_drop,subset_score_desc,5570,0.07794466018676757,0.007941598482182807
10000,subset_accuracy_drop,subset_score_desc,5580,0.07739130258560181,0.008107097285942739
10000,subset_accuracy_drop,subset_score_desc,5590,0.0772331953048706,0.007808689567503598
10000,subset_accuracy_drop,subset_score_desc,5600,0.07723320722579956,0.007481737699065287
10000,subset_accuracy_drop,subset_score_desc,5610,0.07739130258560181,0.007198653289140649
10000,subset_accuracy_drop,subset_score_desc,5620,0.07747036218643188,0.00697603425265571
10000,subset_accuracy_drop,subset_score_desc,5630,0.07723320722579956,0.007084924973632329
10000,subset_accuracy_drop,subset_score_desc,5640,0.07747035026550293,0.007020663714329145
10000,subset_accuracy_drop,subset_score_desc,5650,0.07762845754623413,0.0070573016013926425
10000,subset_accuracy_drop,subset_score_desc,5660,0.07762844562530517,0.007397741942195075
10000,subset_accuracy_drop,subset_score_desc,5670,0.077549409866333,0.007279593594689638
10000,subset_accuracy_drop,subset_score_desc,5680,0.07770751714706421,0.007156216258175802
10000,subset_accuracy_drop,subset_score_desc,5690,0.07747035026550293,0.007378719607210546
10000,subset_accuracy_drop,subset_score_desc,5700,0.077549409866333,0.0075015402080793915
10000,subset_accuracy_drop,subset_score_desc,5710,0.07762846946716309,0.007339425534217773
10000,subset_accuracy_drop,subset_score_desc,5720,0.077549409866333,0.006888121969685588
10000,subset_accuracy_drop,subset_score_desc,5730,0.07754939794540405,0.007290329943430994
10000,subset_accuracy_drop,subset_score_desc,5740,0.07794467210769654,0.006888131888423571
10000,subset_accuracy_drop,subset_score_desc,5750,0.07770750522613526,0.006877909000275145
10000,subset_accuracy_drop,subset_score_desc,5760,0.07826087474822999,0.006464590807533731
10000,subset_accuracy_drop,subset_score_desc,5770,0.07802371978759766,0.006581925664297802
10000,subset_accuracy_drop,subset_score_desc,5780,0.07794467210769654,0.006314212624045472
10000,subset_accuracy_drop,subset_score_desc,5790,0.07770751714706421,0.006516339475937068
10000,subset_accuracy_drop,subset_score_desc,5800,0.07794467210769654,0.006345064073814307
10000,subset_accuracy_drop,subset_score_desc,5810,0.07794466018676757,0.0064670093528633186
10000,subset_accuracy_drop,subset_score_desc,5820,0.07826087474822999,0.006660988915067559
10000,subset_accuracy_drop,subset_score_desc,5830,0.07841897010803223,0.006746060256636519
10000,subset_accuracy_drop,subset_score_desc,5840,0.07826086282730102,0.006942361153031244
10000,subset_accuracy_drop,subset_score_desc,5850,0.0781818151473999,0.007034015924410024
10000,subset_accuracy_drop,subset_score_desc,5860,0.07826086282730102,0.006874503018942022
10000,subset_accuracy_drop,subset_score_desc,5870,0.07841897010803223,0.006682042795906375
10000,subset_accuracy_drop,subset_score_desc,5880,0.07810276746749878,0.006599714957468791
10000,subset_accuracy_drop,subset_score_desc,5890,0.07762845754623413,0.006171573829186134
10000,subset_accuracy_drop,subset_score_desc,5900,0.07778655290603638,0.00627698866493767
10000,subset_accuracy_drop,subset_score_desc,5910,0.07810277938842773,0.006682057251413683
10000,subset_accuracy_drop,subset_score_desc,5920,0.07770751714706421,0.006705400861113001
10000,subset_accuracy_drop,subset_score_desc,5930,0.07731225490570068,0.0064136433927682234
10000,subset_accuracy_drop,subset_score_desc,5940,0.07739130258560181,0.006125826695960677
10000,subset_accuracy_drop,subset_score_desc,5950,0.07747037410736084,0.006123283973652583
10000,subset_accuracy_drop,subset_score_desc,5960,0.07754939794540405,0.005818466656430496
10000,subset_accuracy_drop,subset_score_desc,5970,0.07786561250686645,0.006180450419872804
10000,subset_accuracy_drop,subset_score_desc,5980,0.0778656244277954,0.006936738596817768
10000,subset_accuracy_drop,subset_score_desc,5990,0.07778656482696533,0.006479062538659389
10000,subset_accuracy_drop,subset_score_desc,6000,0.07794464826583862,0.006326581125773359
10000,subset_accuracy_drop,subset_score_desc,6010,0.07802371978759766,0.006327801809703864
10000,subset_accuracy_drop,subset_score_desc,6020,0.07770751714706421,0.006011287581102087
10000,subset_accuracy_drop,subset_score_desc,6030,0.07770751714706421,0.006203143662315177
10000,subset_accuracy_drop,subset_score_desc,6040,0.07770750522613526,0.00661154741974589
10000,subset_accuracy_drop,subset_score_desc,6050,0.07731225490570068,0.0058997778075979114
10000,subset_accuracy_drop,subset_score_desc,6060,0.07770750522613526,0.005978708701097188
10000,subset_accuracy_drop,subset_score_desc,6070,0.07770750522613526,0.006056590229108009
10000,subset_accuracy_drop,subset_score_desc,6080,0.07826086282730102,0.006078478993007561
10000,subset_accuracy_drop,subset_score_desc,6090,0.07794466018676757,0.006314226802334488
10000,subset_accuracy_drop,subset_score_desc,6100,0.07778656482696533,0.006568867233764702
10000,subset_accuracy_drop,subset_score_desc,6110,0.077549409866333,0.006669192057668911
10000,subset_accuracy_drop,subset_score_desc,6120,0.07699605226516723,0.006888139584012987
10000,subset_accuracy_drop,subset_score_desc,6130,0.07707509994506836,0.006765716345456258
10000,subset_accuracy_drop,subset_score_desc,6140,0.07731225490570068,0.007117904805647252
10000,subset_accuracy_drop,subset_score_desc,6150,0.07731225490570068,0.00707387388171692
10000,subset_accuracy_drop,subset_score_desc,6160,0.07778655290603638,0.006739089003454086
10000,subset_accuracy_drop,subset_score_desc,6170,0.07739129066467285,0.006927721962966939
10000,subset_accuracy_drop,subset_score_desc,6180,0.07770751714706421,0.006746049430506327
10000,subset_accuracy_drop,subset_score_desc,6190,0.07762845754623413,0.00691756694772608
10000,subset_accuracy_drop,subset_score_desc,6200,0.07731224298477173,0.006687908013941517
10000,subset_accuracy_drop,subset_score_desc,6210,0.07754939794540405,0.006628072332601157
10000,subset_accuracy_drop,subset_score_desc,6220,0.07731225490570068,0.006376986559650614
10000,subset_accuracy_drop,subset_score_desc,6230,0.07667986154556275,0.0063671983942746495
10000,subset_accuracy_drop,subset_score_desc,6240,0.07691699266433716,0.0063030924215819635
10000,subset_accuracy_drop,subset_score_desc,6250,0.07691699266433716,0.00649834007171201
10000,subset_accuracy_drop,subset_score_desc,6260,0.077549409866333,0.006657456918029249
10000,subset_accuracy_drop,subset_score_desc,6270,0.0772331953048706,0.006990571765531388
10000,subset_accuracy_drop,subset_score_desc,6280,0.07731225490570068,0.00705176868620661
10000,subset_accuracy_drop,subset_score_desc,6290,0.07739130258560181,0.006467016638740923
10000,subset_accuracy_drop,subset_score_desc,6300,0.07739129066467285,0.006460965667648284
10000,subset_accuracy_drop,subset_score_desc,6310,0.07731224298477173,0.006309273519862701
10000,subset_accuracy_drop,subset_score_desc,6320,0.07739130258560181,0.0062769997369967745
10000,subset_accuracy_drop,subset_score_desc,6330,0.07683794498443604,0.0062533074679459845
10000,subset_accuracy_drop,subset_score_desc,6340,0.07691700458526611,0.006820893722402839
10000,subset_accuracy_drop,subset_score_desc,6350,0.07683795690536499,0.00698497030919848
10000,subset_accuracy_drop,subset_score_desc,6360,0.07652174234390259,0.006934463666754326
10000,subset_accuracy_drop,subset_score_desc,6370,0.0762055516242981,0.006819747653096574
10000,subset_accuracy_drop,subset_score_desc,6380,0.07612648010253906,0.0063524540260004175
10000,subset_accuracy_drop,subset_score_desc,6390,0.07581026554107666,0.0066044548739267505
10000,subset_accuracy_drop,subset_score_desc,6400,0.07541502714157104,0.007317050137130106
10000,subset_accuracy_drop,subset_score_desc,6410,0.07525691986083985,0.007226828912448002
10000,subset_accuracy_drop,subset_score_desc,6420,0.07494070529937744,0.0071234042107520155
10000,subset_accuracy_drop,subset_score_desc,6430,0.07517787218093872,0.0072473308902366446
10000,subset_accuracy_drop,subset_score_desc,6440,0.07462451457977295,0.007116802593941351
10000,subset_accuracy_drop,subset_score_desc,6450,0.0747826099395752,0.007078284639737348
10000,subset_accuracy_drop,subset_score_desc,6460,0.07478259801864624,0.007599843445229384
10000,subset_accuracy_drop,subset_score_desc,6470,0.07486165761947632,0.007302100061959643
10000,subset_accuracy_drop,subset_score_desc,6480,0.07454545497894287,0.007275293388394057
10000,subset_accuracy_drop,subset_score_desc,6490,0.07407113313674926,0.006984969634586878
10000,subset_accuracy_drop,subset_score_desc,6500,0.0736758828163147,0.007528564059973668
10000,subset_accuracy_drop,subset_score_desc,6510,0.07359683513641357,0.007428284718046124
10000,subset_accuracy_drop,subset_score_desc,6520,0.07343873977661133,0.006888105552478952
10000,subset_accuracy_drop,subset_score_desc,6530,0.0738339900970459,0.007022897638711942
10000,subset_accuracy_drop,subset_score_desc,6540,0.07328062057495117,0.0069400878963182195
10000,subset_accuracy_drop,subset_score_desc,6550,0.07359683513641357,0.006430673582547711
10000,subset_accuracy_drop,subset_score_desc,6560,0.07359684705734253,0.006550998129741161
10000,subset_accuracy_drop,subset_score_desc,6570,0.07312253713607789,0.006566485845720422
10000,subset_accuracy_drop,subset_score_desc,6580,0.07296442985534668,0.006849458708627686
10000,subset_accuracy_drop,subset_score_desc,6590,0.07288537025451661,0.006774933118175307
10000,subset_accuracy_drop,subset_score_desc,6600,0.07272727489471435,0.006684398875902228
10000,subset_accuracy_drop,subset_score_desc,6610,0.07233201265335083,0.006097730823222265
10000,subset_accuracy_drop,subset_score_desc,6620,0.0720948576927185,0.006203118406049879
10000,subset_accuracy_drop,subset_score_desc,6630,0.07201581001281739,0.005924889099704065
10000,subset_accuracy_drop,subset_score_desc,6640,0.07193676233291627,0.005842578557787721
10000,subset_accuracy_drop,subset_score_desc,6650,0.07185771465301513,0.006061749020441846
10000,subset_accuracy_drop,subset_score_desc,6660,0.07217391729354858,0.006024266125443152
10000,subset_accuracy_drop,subset_score_desc,6670,0.07201579809188843,0.006604444350751043
10000,subset_accuracy_drop,subset_score_desc,6680,0.0717786431312561,0.006855164536404921
10000,subset_accuracy_drop,subset_score_desc,6690,0.07217391729354858,0.0067749139924301385
10000,subset_accuracy_drop,subset_score_desc,6700,0.0720948576927185,0.006866552704484018
10000,subset_accuracy_drop,subset_score_desc,6710,0.07233201265335083,0.006840327543608335
10000,subset_accuracy_drop,subset_score_desc,6720,0.07241106033325195,0.0065629282971975825
10000,subset_accuracy_drop,subset_score_desc,6730,0.0724110722541809,0.006727510809638134
10000,subset_accuracy_drop,subset_score_desc,6740,0.07296442985534668,0.0057387093052853905
10000,subset_accuracy_drop,subset_score_desc,6750,0.0730434775352478,0.0056412268952845965
10000,subset_accuracy_drop,subset_score_desc,6760,0.0724110722541809,0.005606520097662257
10000,subset_accuracy_drop,subset_score_desc,6770,0.07233202457427979,0.005332298314069104
10000,subset_accuracy_drop,subset_score_desc,6780,0.07256916761398316,0.0054739707207185585
10000,subset_accuracy_drop,subset_score_desc,6790,0.07288538217544556,0.005683994570773606
10000,subset_accuracy_drop,subset_score_desc,6800,0.07280632257461547,0.005386226844764435
10000,subset_accuracy_drop,subset_score_desc,6810,0.07280632257461547,0.005057117630411184
10000,subset_accuracy_drop,subset_score_desc,6820,0.07256916761398316,0.005307337445843028
10000,subset_accuracy_drop,subset_score_desc,6830,0.0724110722541809,0.005571559474261656
10000,subset_accuracy_drop,subset_score_desc,6840,0.07209484577178955,0.00559395219991616
10000,subset_accuracy_drop,subset_score_desc,6850,0.07217391729354858,0.005738700889459138
10000,subset_accuracy_drop,subset_score_desc,6860,0.0720948576927185,0.00621571896741348
10000,subset_accuracy_drop,subset_score_desc,6870,0.07233201265335083,0.006452509128272863
10000,subset_accuracy_drop,subset_score_desc,6880,0.07201579809188843,0.0060099736027217875
10000,subset_accuracy_drop,subset_score_desc,6890,0.07193676233291627,0.006039805867085522
10000,subset_accuracy_drop,subset_score_desc,6900,0.07217392921447754,0.005985233271221093
10000,subset_accuracy_drop,subset_score_desc,6910,0.07185771465301513,0.006314218220757116
10000,subset_accuracy_drop,subset_score_desc,6920,0.07169959545135499,0.006376986559650612
10000,subset_accuracy_drop,subset_score_desc,6930,0.07201581001281739,0.006491113123738565
10000,subset_accuracy_drop,subset_score_desc,6940,0.0720948576927185,0.006407545144033647
10000,subset_accuracy_drop,subset_score_desc,6950,0.07217390537261963,0.006133483107578291
10000,subset_accuracy_drop,subset_score_desc,6960,0.07241106033325195,0.00545825382838991
10000,subset_accuracy_drop,subset_score_desc,6970,0.0720948576927185,0.005466836863965389
10000,subset_accuracy_drop,subset_score_desc,6980,0.07217391729354858,0.005509530954408365
10000,subset_accuracy_drop,subset_score_desc,6990,0.07177865505218506,0.005759075572072372
10000,subset_accuracy_drop,subset_score_desc,7000,0.07138340473175049,0.005893157427546072
10000,subset_accuracy_drop,subset_score_desc,7010,0.07114623785018921,0.006039797090711979
10000,subset_accuracy_drop,subset_score_desc,7020,0.07067193984985351,0.006151274431904868
10000,subset_accuracy_drop,subset_score_desc,7030,0.07090909481048584,0.006190535581434941
10000,subset_accuracy_drop,subset_score_desc,7040,0.07059288024902344,0.006050120026932204
10000,subset_accuracy_drop,subset_score_desc,7050,0.07075098752975464,0.005842578557787721
10000,subset_accuracy_drop,subset_score_desc,7060,0.07067195177078248,0.005798294374442947
10000,subset_accuracy_drop,subset_score_desc,7070,0.0704347848892212,0.005891851092384866
10000,subset_accuracy_drop,subset_score_desc,7080,0.07035572528839111,0.005795591694924868
10000,subset_accuracy_drop,subset_score_desc,7090,0.07051383256912232,0.005614858242434504
10000,subset_accuracy_drop,subset_score_desc,7100,0.07090909481048584,0.005839892540219715
10000,subset_accuracy_drop,subset_score_desc,7110,0.07067193984985351,0.005898464750654105
10000,subset_accuracy_drop,subset_score_desc,7120,0.07114624977111816,0.00582919469656069
10000,subset_accuracy_drop,subset_score_desc,7130,0.07090908288955688,0.006215711386829107
10000,subset_accuracy_drop,subset_score_desc,7140,0.07059289216995239,0.006722852222046525
10000,subset_accuracy_drop,subset_score_desc,7150,0.07067193984985351,0.0070006210499827665
10000,subset_accuracy_drop,subset_score_desc,7160,0.07083005905151367,0.0065510089184390285
10000,subset_accuracy_drop,subset_score_desc,7170,0.07114624977111816,0.006354905609535491
10000,subset_accuracy_drop,subset_score_desc,7180,0.07090909481048584,0.006127109869370107
10000,subset_accuracy_drop,subset_score_desc,7190,0.07106719017028809,0.006467019370977243
10000,subset_accuracy_drop,subset_score_desc,7200,0.07114624977111816,0.0063240919263067765
10000,subset_accuracy_drop,subset_score_desc,7210,0.07122528553009033,0.006227007121478571
10000,subset_accuracy_drop,subset_score_desc,7220,0.0713043451309204,0.006722859055499552
10000,subset_accuracy_drop,subset_score_desc,7230,0.07122529745101928,0.006622162301031051
10000,subset_accuracy_drop,subset_score_desc,7240,0.0713043451309204,0.006717050135493512
10000,subset_accuracy_drop,subset_score_desc,7250,0.07122530937194824,0.006721684704788036
10000,subset_accuracy_drop,subset_score_desc,7260,0.07106719017028809,0.0068654005310395325
10000,subset_accuracy_drop,subset_score_desc,7270,0.07122530937194824,0.007306364821867328
10000,subset_accuracy_drop,subset_score_desc,7280,0.07067195177078248,0.007089328689861931
10000,subset_accuracy_drop,subset_score_desc,7290,0.07035573720932006,0.00681745130824507
10000,subset_accuracy_drop,subset_score_desc,7300,0.07035572528839111,0.0072181761248534156
10000,subset_accuracy_drop,subset_score_desc,7310,0.07019762992858887,0.007012898080968237
10000,subset_accuracy_drop,subset_score_desc,7320,0.07003953456878662,0.0071932441660183186
10000,subset_accuracy_drop,subset_score_desc,7330,0.0701185941696167,0.007569952900419134
10000,subset_accuracy_drop,subset_score_desc,7340,0.07003951072692871,0.007548262605820398
10000,subset_accuracy_drop,subset_score_desc,7350,0.0696442723274231,0.007268852245783392
10000,subset_accuracy_drop,subset_score_desc,7360,0.06972332000732422,0.007205162582479028
10000,subset_accuracy_drop,subset_score_desc,7370,0.06940711736679077,0.0073394372504649655
10000,subset_accuracy_drop,subset_score_desc,7380,0.0693280577659607,0.007662261337123463
10000,subset_accuracy_drop,subset_score_desc,7390,0.06893279552459716,0.007585423257915891
10000,subset_accuracy_drop,subset_score_desc,7400,0.06980236768722534,0.006872223085091152
10000,subset_accuracy_drop,subset_score_desc,7410,0.0696442723274231,0.006927713971394733
10000,subset_accuracy_drop,subset_score_desc,7420,0.06948617696762086,0.007034012072723505
10000,subset_accuracy_drop,subset_score_desc,7430,0.06956522464752198,0.006771485256870786
10000,subset_accuracy_drop,subset_score_desc,7440,0.06980235576629638,0.006437960692561248
10000,subset_accuracy_drop,subset_score_desc,7450,0.06980236768722534,0.007046217550796183
10000,subset_accuracy_drop,subset_score_desc,7460,0.06988141536712647,0.007034016259300756
10000,subset_accuracy_drop,subset_score_desc,7470,0.06948617696762086,0.007056197101663459
10000,subset_accuracy_drop,subset_score_desc,7480,0.06909092664718627,0.007067248332849835
10000,subset_accuracy_drop,subset_score_desc,7490,0.06901185512542725,0.006996137251666507
10000,subset_accuracy_drop,subset_score_desc,7500,0.06924899816513061,0.007045097435542816
10000,subset_accuracy_drop,subset_score_desc,7510,0.06893280744552613,0.007564811922272865
10000,subset_accuracy_drop,subset_score_desc,7520,0.06924901008605958,0.007475452535302762
10000,subset_accuracy_drop,subset_score_desc,7530,0.06940711736679077,0.007697852737826731
10000,subset_accuracy_drop,subset_score_desc,7540,0.06972332000732422,0.007843619262969741
10000,subset_accuracy_drop,subset_score_desc,7550,0.06916995048522949,0.007765561221906479
10000,subset_accuracy_drop,subset_score_desc,7560,0.06924902200698853,0.00773229555114212
10000,subset_accuracy_drop,subset_score_desc,7570,0.06924901008605958,0.007568924455070884
10000,subset_accuracy_drop,subset_score_desc,7580,0.06916996240615844,0.007272064459088892
10000,subset_accuracy_drop,subset_score_desc,7590,0.0690118670463562,0.007243025190724018
10000,subset_accuracy_drop,subset_score_desc,7600,0.06924902200698853,0.006989443069644199
10000,subset_accuracy_drop,subset_score_desc,7610,0.06924902200698853,0.007284957521617072
10000,subset_accuracy_drop,subset_score_desc,7620,0.06964428424835205,0.0074230459427656005
10000,subset_accuracy_drop,subset_score_desc,7630,0.06940711736679077,0.007051747471566503
10000,subset_accuracy_drop,subset_score_desc,7640,0.06932806968688965,0.006917571885961378
10000,subset_accuracy_drop,subset_score_desc,7650,0.0693280577659607,0.007518188298583947
10000,subset_accuracy_drop,subset_score_desc,7660,0.06924902200698853,0.0072095121352675475
10000,subset_accuracy_drop,subset_score_desc,7670,0.06916995048522949,0.006800246011071383
10000,subset_accuracy_drop,subset_score_desc,7680,0.068853759765625,0.007133264217784097
10000,subset_accuracy_drop,subset_score_desc,7690,0.0686956524848938,0.007274241420291348
10000,subset_accuracy_drop,subset_score_desc,7700,0.0686956524848938,0.0071168126904953815
10000,subset_accuracy_drop,subset_score_desc,7710,0.06830039024353027,0.0072956762892619695
10000,subset_accuracy_drop,subset_score_desc,7720,0.06806323528289795,0.007116811531876791
10000,subset_accuracy_drop,subset_score_desc,7730,0.06798418760299682,0.00694235860787055
10000,subset_accuracy_drop,subset_score_desc,7740,0.06822134256362915,0.006740251583617306
10000,subset_accuracy_drop,subset_score_desc,7750,0.06774703264236451,0.006693730257349741
10000,subset_accuracy_drop,subset_score_desc,7760,0.06750987768173218,0.00668088630774474
10000,subset_accuracy_drop,subset_score_desc,7770,0.06766797304153442,0.006610370401344233
10000,subset_accuracy_drop,subset_score_desc,7780,0.06727272272109985,0.006791064286778361
10000,subset_accuracy_drop,subset_score_desc,7790,0.06766799688339234,0.006692572972619992
10000,subset_accuracy_drop,subset_score_desc,7800,0.06750988960266113,0.006479070720125559
10000,subset_accuracy_drop,subset_score_desc,7810,0.06735179424285889,0.0065581565713403655
10000,subset_accuracy_drop,subset_score_desc,7820,0.06735179424285889,0.006133498855909151
10000,subset_accuracy_drop,subset_score_desc,7830,0.06711462736129761,0.006208173843169983
10000,subset_accuracy_drop,subset_score_desc,7840,0.06711462736129761,0.006119460690871109
10000,subset_accuracy_drop,subset_score_desc,7850,0.0667984127998352,0.005981321943446283
10000,subset_accuracy_drop,subset_score_desc,7860,0.06664032936096191,0.00619054205108656
10000,subset_accuracy_drop,subset_score_desc,7870,0.06648222208023072,0.006503150435418086
10000,subset_accuracy_drop,subset_score_desc,7880,0.06664031744003296,0.006534301737907113
10000,subset_accuracy_drop,subset_score_desc,7890,0.06664031744003296,0.006570064775812291
10000,subset_accuracy_drop,subset_score_desc,7900,0.06648221015930175,0.006773786402671464
10000,subset_accuracy_drop,subset_score_desc,7910,0.06656125783920289,0.006928836572082293
10000,subset_accuracy_drop,subset_score_desc,7920,0.06640315055847168,0.007250561898733151
10000,subset_accuracy_drop,subset_score_desc,7930,0.0664821982383728,0.007198665725435806
10000,subset_accuracy_drop,subset_score_desc,7940,0.06679842472076417,0.007109126899765785
10000,subset_accuracy_drop,subset_score_desc,7950,0.06679842472076417,0.006942359456342841
10000,subset_accuracy_drop,subset_score_desc,7960,0.06679842472076417,0.00708711753352811
10000,subset_accuracy_drop,subset_score_desc,7970,0.0672727346420288,0.007100332003767784
10000,subset_accuracy_drop,subset_score_desc,7980,0.06664031744003296,0.006962592168458878
10000,subset_accuracy_drop,subset_score_desc,7990,0.06656126976013184,0.007018461135831641
10000,subset_accuracy_drop,subset_score_desc,8000,0.06656125783920289,0.0070406670579014115
10000,subset_accuracy_drop,subset_score_desc,8010,0.06640316247940063,0.006625691778456921
10000,subset_accuracy_drop,subset_score_desc,8020,0.06640316247940063,0.00702623336222852
10000,subset_accuracy_drop,subset_score_desc,8030,0.06664031744003296,0.006450057386644749
10000,subset_accuracy_drop,subset_score_desc,8040,0.06569169759750366,0.005931479822005374
10000,subset_accuracy_drop,subset_score_desc,8050,0.06569169759750366,0.005818469895685302
10000,subset_accuracy_drop,subset_score_desc,8060,0.06608694791793823,0.0065807648277668674
10000,subset_accuracy_drop,subset_score_desc,8070,0.0661660075187683,0.006510347736932201
10000,subset_accuracy_drop,subset_score_desc,8080,0.06624505519866944,0.006564117232184686
10000,subset_accuracy_drop,subset_score_desc,8090,0.06608695983886718,0.006320407075860747
10000,subset_accuracy_drop,subset_score_desc,8100,0.06624505519866944,0.006011278371017588
10000,subset_accuracy_drop,subset_score_desc,8110,0.06640317440032958,0.00592886209495705
10000,subset_accuracy_drop,subset_score_desc,8120,0.06671936511993408,0.0057373682148346055
10000,subset_accuracy_drop,subset_score_desc,8130,0.06648222208023072,0.0059248982452127725
10000,subset_accuracy_drop,subset_score_desc,8140,0.06600791215896606,0.006174095900701176
10000,subset_accuracy_drop,subset_score_desc,8150,0.06577076911926269,0.0063892399953644295
10000,subset_accuracy_drop,subset_score_desc,8160,0.06498022079467773,0.006629251716465741
10000,subset_accuracy_drop,subset_score_desc,8170,0.06513833999633789,0.00617028825699943
10000,subset_accuracy_drop,subset_score_desc,8180,0.06521739959716796,0.0060398019664733675
10000,subset_accuracy_drop,subset_score_desc,8190,0.06482213735580444,0.006806007288957843
10000,subset_accuracy_drop,subset_score_desc,8200,0.06490117311477661,0.006189270696222637
10000,subset_accuracy_drop,subset_score_desc,8210,0.06434782743453979,0.006170296275071364
10000,subset_accuracy_drop,subset_score_desc,8220,0.06442687511444092,0.00602684534621542
10000,subset_accuracy_drop,subset_score_desc,8230,0.06411068439483643,0.006100273189933841
10000,subset_accuracy_drop,subset_score_desc,8240,0.06403161287307739,0.006293148894435186
10000,subset_accuracy_drop,subset_score_desc,8250,0.06418973207473755,0.005998265833390329
10000,subset_accuracy_drop,subset_score_desc,8260,0.06411067247390748,0.006029424635792912
10000,subset_accuracy_drop,subset_score_desc,8270,0.06387351751327515,0.0063524482776906475
10000,subset_accuracy_drop,subset_score_desc,8280,0.0641897201538086,0.006401460591412618
10000,subset_accuracy_drop,subset_score_desc,8290,0.06387351751327515,0.006652779553152004
10000,subset_accuracy_drop,subset_score_desc,8300,0.0637154221534729,0.006201883817733388
10000,subset_accuracy_drop,subset_score_desc,8310,0.06403162479400634,0.006161435071354731
10000,subset_accuracy_drop,subset_score_desc,8320,0.06395257711410522,0.006320395334240957
10000,subset_accuracy_drop,subset_score_desc,8330,0.06395257711410522,0.006639844503825044
10000,subset_accuracy_drop,subset_score_desc,8340,0.0641897201538086,0.007150767456469458
10000,subset_accuracy_drop,subset_score_desc,8350,0.06379446983337403,0.0075233891628700925
10000,subset_accuracy_drop,subset_score_desc,8360,0.06379446983337403,0.008127311361443111
10000,subset_accuracy_drop,subset_score_desc,8370,0.06379445791244506,0.00783864514762708
10000,subset_accuracy_drop,subset_score_desc,8380,0.06411067247390748,0.007817703090306069
10000,subset_accuracy_drop,subset_score_desc,8390,0.06387351751327515,0.0077130699264701535
10000,subset_accuracy_drop,subset_score_desc,8400,0.06324111223220825,0.007405139797453532
10000,subset_accuracy_drop,subset_score_desc,8410,0.06316206455230713,0.007747426235441198
10000,subset_accuracy_drop,subset_score_desc,8420,0.0633992075920105,0.007692790189894093
10000,subset_accuracy_drop,subset_score_desc,8430,0.06324111223220825,0.007483832105228387
10000,subset_accuracy_drop,subset_score_desc,8440,0.06316205263137817,0.007263473830620498
10000,subset_accuracy_drop,subset_score_desc,8450,0.0632411003112793,0.007261322354930037
10000,subset_accuracy_drop,subset_score_desc,8460,0.06371541023254394,0.007067253666607286
10000,subset_accuracy_drop,subset_score_desc,8470,0.06387351751327515,0.007040671073347867
10000,subset_accuracy_drop,subset_score_desc,8480,0.0637154221534729,0.007317048044237946
10000,subset_accuracy_drop,subset_score_desc,8490,0.06395256519317627,0.006989446271864399
10000,subset_accuracy_drop,subset_score_desc,8500,0.06371541023254394,0.006899475885189968
10000,subset_accuracy_drop,subset_score_desc,8510,0.06371541023254394,0.00724193470258594
10000,subset_accuracy_drop,subset_score_desc,8520,0.06355730295181275,0.007078286803201446
10000,subset_accuracy_drop,subset_score_desc,8530,0.06332017183303833,0.006762236436053804
10000,subset_accuracy_drop,subset_score_desc,8540,0.06347825527191162,0.006820881115321777
10000,subset_accuracy_drop,subset_score_desc,8550,0.06300394535064698,0.006928840482235023
10000,subset_accuracy_drop,subset_score_desc,8560,0.06284584999084472,0.00691981542958172
10000,subset_accuracy_drop,subset_score_desc,8570,0.06284586191177369,0.00678875563683726
10000,subset_accuracy_drop,subset_score_desc,8580,0.063083016872406,0.006474249924884171
10000,subset_accuracy_drop,subset_score_desc,8590,0.06284584999084472,0.006800243412746676
10000,subset_accuracy_drop,subset_score_desc,8600,0.06308300495147705,0.007012871037750858
10000,subset_accuracy_drop,subset_score_desc,8610,0.06284584999084472,0.007031797761072296
10000,subset_accuracy_drop,subset_score_desc,8620,0.0627668023109436,0.007423031184698307
10000,subset_accuracy_drop,subset_score_desc,8630,0.06268775463104248,0.007957333202196397
10000,subset_accuracy_drop,subset_score_desc,8640,0.06268774271011353,0.008141709711173542
10000,subset_accuracy_drop,subset_score_desc,8650,0.06237154006958008,0.008719856757356773
10000,subset_accuracy_drop,subset_score_desc,8660,0.06276679039001465,0.008706430814250073
10000,subset_accuracy_drop,subset_score_desc,8670,0.06268774271011353,0.008827600820638663
10000,subset_accuracy_drop,subset_score_desc,8680,0.06237154006958008,0.008791226087666013
10000,subset_accuracy_drop,subset_score_desc,8690,0.06189723014831543,0.008911266964540192
10000,subset_accuracy_drop,subset_score_desc,8700,0.062134385108947754,0.008813416463316516
10000,subset_accuracy_drop,subset_score_desc,8710,0.062134397029876706,0.008742222093321136
10000,subset_accuracy_drop,subset_score_desc,8720,0.06237154006958008,0.008306957645967054
10000,subset_accuracy_drop,subset_score_desc,8730,0.0627668023109436,0.00813594656626987
10000,subset_accuracy_drop,subset_score_desc,8740,0.06268774271011353,0.008603522574374647
10000,subset_accuracy_drop,subset_score_desc,8750,0.06292489767074586,0.008316359568268015
10000,subset_accuracy_drop,subset_score_desc,8760,0.06229250431060791,0.008612596245048175
10000,subset_accuracy_drop,subset_score_desc,8770,0.06221344470977783,0.00875203434444961
10000,subset_accuracy_drop,subset_score_desc,8780,0.06252964735031127,0.008316377415313598
10000,subset_accuracy_drop,subset_score_desc,8790,0.06284586191177369,0.0083238792055556
10000,subset_accuracy_drop,subset_score_desc,8800,0.06252964735031127,0.008097446283679907
10000,subset_accuracy_drop,subset_score_desc,8810,0.06229248046875,0.008447766069622201
10000,subset_accuracy_drop,subset_score_desc,8820,0.061976277828216554,0.008273992909182999
10000,subset_accuracy_drop,subset_score_desc,8830,0.062055349349975586,0.008735979243641993
10000,subset_accuracy_drop,subset_score_desc,8840,0.06173912286758423,0.008773441942927318
10000,subset_accuracy_drop,subset_score_desc,8850,0.061976277828216554,0.008755629344271362
10000,subset_accuracy_drop,subset_score_desc,8860,0.06166007518768311,0.008238983919574233
10000,subset_accuracy_drop,subset_score_desc,8870,0.06134387254714966,0.008278722389783125
10000,subset_accuracy_drop,subset_score_desc,8880,0.06166006326675415,0.008257928132846966
10000,subset_accuracy_drop,subset_score_desc,8890,0.06173912286758423,0.008598071857668128
10000,subset_accuracy_drop,subset_score_desc,8900,0.062134385108947754,0.008906003804154737
10000,subset_accuracy_drop,subset_score_desc,8910,0.061897242069244386,0.00907627854968057
10000,subset_accuracy_drop,subset_score_desc,8920,0.06158101558685303,0.008906005788144402
10000,subset_accuracy_drop,subset_score_desc,8930,0.06158102750778198,0.008474536450327032
10000,subset_accuracy_drop,subset_score_desc,8940,0.06102765798568725,0.008734183077071522
10000,subset_accuracy_drop,subset_score_desc,8950,0.060553359985351565,0.008923517031218747
10000,subset_accuracy_drop,subset_score_desc,8960,0.060474300384521486,0.008785013368426502
10000,subset_accuracy_drop,subset_score_desc,8970,0.06007903814315796,0.00889545410455905
10000,subset_accuracy_drop,subset_score_desc,8980,0.05992095470428467,0.009144868481835539
10000,subset_accuracy_drop,subset_score_desc,8990,0.06015810966491699,0.008092614501498228
10000,subset_accuracy_drop,subset_score_desc,9000,0.06007903814315796,0.008838194461447733
10000,subset_accuracy_drop,subset_score_desc,9010,0.06000001430511474,0.008697437566217481
10000,subset_accuracy_drop,subset_score_desc,9020,0.05976283550262451,0.008839966562723936
10000,subset_accuracy_drop,subset_score_desc,9030,0.059604740142822264,0.008813418200851058
10000,subset_accuracy_drop,subset_score_desc,9040,0.059841907024383544,0.009037446332001629
10000,subset_accuracy_drop,subset_score_desc,9050,0.05984188318252563,0.009234118399927736
10000,subset_accuracy_drop,subset_score_desc,9060,0.05928853750228882,0.009370169572964876
10000,subset_accuracy_drop,subset_score_desc,9070,0.0592094898223877,0.008949729458716332
10000,subset_accuracy_drop,subset_score_desc,9080,0.05944664478302002,0.00914913800564244
10000,subset_accuracy_drop,subset_score_desc,9090,0.059683799743652344,0.009345128456606353
10000,subset_accuracy_drop,subset_score_desc,9100,0.059525692462921144,0.009084865797285551
10000,subset_accuracy_drop,subset_score_desc,9110,0.059525704383850096,0.00899847494457663
10000,subset_accuracy_drop,subset_score_desc,9120,0.05984189510345459,0.008630723566838418
10000,subset_accuracy_drop,subset_score_desc,9130,0.06007906198501587,0.008186674967988866
10000,subset_accuracy_drop,subset_score_desc,9140,0.06039526462554932,0.008217141070857869
10000,subset_accuracy_drop,subset_score_desc,9150,0.06023714542388916,0.008035452886162543
10000,subset_accuracy_drop,subset_score_desc,9160,0.06000000238418579,0.0078076774818387415
10000,subset_accuracy_drop,subset_score_desc,9170,0.05968378782272339,0.008234234618703326
10000,subset_accuracy_drop,subset_score_desc,9180,0.05944664478302002,0.00806458490134394
10000,subset_accuracy_drop,subset_score_desc,9190,0.059525692462921144,0.008521416616957865
10000,subset_accuracy_drop,subset_score_desc,9200,0.05944664478302002,0.008410686551724316
10000,subset_accuracy_drop,subset_score_desc,9210,0.05897233486175537,0.007990617535615968
10000,subset_accuracy_drop,subset_score_desc,9220,0.05881422758102417,0.0077423787579968895
10000,subset_accuracy_drop,subset_score_desc,9230,0.05849802494049072,0.007939640261635615
10000,subset_accuracy_drop,subset_score_desc,9240,0.05865613222122192,0.008612593646408566
10000,subset_accuracy_drop,subset_score_desc,9250,0.05873517990112305,0.008698325405772176
10000,subset_accuracy_drop,subset_score_desc,9260,0.05889328718185425,0.008709095909533159
10000,subset_accuracy_drop,subset_score_desc,9270,0.05897233486175537,0.009092610575610512
10000,subset_accuracy_drop,subset_score_desc,9280,0.059525704383850096,0.008666839867022205
10000,subset_accuracy_drop,subset_score_desc,9290,0.059604752063751223,0.008269269698012342
10000,subset_accuracy_drop,subset_score_desc,9300,0.059604740142822264,0.008198096285019956
10000,subset_accuracy_drop,subset_score_desc,9310,0.059525704383850096,0.0085397311429807
10000,subset_accuracy_drop,subset_score_desc,9320,0.059367573261260985,0.008302256877632261
10000,subset_accuracy_drop,subset_score_desc,9330,0.059367585182189944,0.008465324540080787
10000,subset_accuracy_drop,subset_score_desc,9340,0.059841907024383544,0.00825129646700278
10000,subset_accuracy_drop,subset_score_desc,9350,0.05968377590179443,0.007949459140322647
10000,subset_accuracy_drop,subset_score_desc,9360,0.059367585182189944,0.007912032552190066
10000,subset_accuracy_drop,subset_score_desc,9370,0.0590513825416565,0.007605994846068517
10000,subset_accuracy_drop,subset_score_desc,9380,0.05897232294082642,0.0074911293754992255
10000,subset_accuracy_drop,subset_score_desc,9390,0.05865612030029297,0.007139817947121767
10000,subset_accuracy_drop,subset_score_desc,9400,0.05833991765975952,0.0074030145358261
10000,subset_accuracy_drop,subset_score_desc,9410,0.05857706069946289,0.0076254664927221825
10000,subset_accuracy_drop,subset_score_desc,9420,0.058260869979858396,0.007502580088554526
10000,subset_accuracy_drop,subset_score_desc,9430,0.05865613222122192,0.007713047170850797
10000,subset_accuracy_drop,subset_score_desc,9440,0.058260881900787355,0.0072752924168941685
10000,subset_accuracy_drop,subset_score_desc,9450,0.058102774620056155,0.00727207660788879
10000,subset_accuracy_drop,subset_score_desc,9460,0.05802372694015503,0.007396680793367288
10000,subset_accuracy_drop,subset_score_desc,9470,0.05723320245742798,0.0072365294448307575
10000,subset_accuracy_drop,subset_score_desc,9480,0.05683795213699341,0.00784260642802183
10000,subset_accuracy_drop,subset_score_desc,9490,0.056996047496795654,0.00751194445277599
10000,subset_accuracy_drop,subset_score_desc,9500,0.05675889253616333,0.007569966127191277
10000,subset_accuracy_drop,subset_score_desc,9510,0.05667984485626221,0.0078286788591144
10000,subset_accuracy_drop,subset_score_desc,9520,0.057154154777526854,0.007908095174648484
10000,subset_accuracy_drop,subset_score_desc,9530,0.056917011737823486,0.007998446366467097
10000,subset_accuracy_drop,subset_score_desc,9540,0.056916987895965575,0.008267384673338466
10000,subset_accuracy_drop,subset_score_desc,9550,0.05652173757553101,0.008276828986286866
10000,subset_accuracy_drop,subset_score_desc,9560,0.05667984485626221,0.008146513242104067
10000,subset_accuracy_drop,subset_score_desc,9570,0.05644270181655884,0.00899761449674198
10000,subset_accuracy_drop,subset_score_desc,9580,0.05628459453582764,0.009119196314708134
10000,subset_accuracy_drop,subset_score_desc,9590,0.05620553493499756,0.009296494427592006
10000,subset_accuracy_drop,subset_score_desc,9600,0.05604743957519531,0.009139733269925447
10000,subset_accuracy_drop,subset_score_desc,9610,0.05573122501373291,0.009535443120072613
10000,subset_accuracy_drop,subset_score_desc,9620,0.055335962772369386,0.009551793584126065
10000,subset_accuracy_drop,subset_score_desc,9630,0.05486166477203369,0.009400952962291311
10000,subset_accuracy_drop,subset_score_desc,9640,0.05501974821090698,0.00952066527751438
10000,subset_accuracy_drop,subset_score_desc,9650,0.05462449789047241,0.009245939834673304
10000,subset_accuracy_drop,subset_score_desc,9660,0.054624509811401364,0.009101211146524067
10000,subset_accuracy_drop,subset_score_desc,9670,0.05462449789047241,0.008971530685774788
10000,subset_accuracy_drop,subset_score_desc,9680,0.05454545021057129,0.008842599404203372
10000,subset_accuracy_drop,subset_score_desc,9690,0.05454545021057129,0.00882491438373687
10000,subset_accuracy_drop,subset_score_desc,9700,0.05478261709213257,0.00895497270782639
10000,subset_accuracy_drop,subset_score_desc,9710,0.054624509811401364,0.009565685913705364
10000,subset_accuracy_drop,subset_score_desc,9720,0.054624521732330324,0.009165336603102535
10000,subset_accuracy_drop,subset_score_desc,9730,0.054545462131500244,0.009261166745765935
10000,subset_accuracy_drop,subset_score_desc,9740,0.054703569412231444,0.009267891363653635
10000,subset_accuracy_drop,subset_score_desc,9750,0.05470355749130249,0.00931832547348379
10000,subset_accuracy_drop,subset_score_desc,9760,0.054703569412231444,0.009389328075657191
10000,subset_accuracy_drop,subset_score_desc,9770,0.054545462131500244,0.008908625723882393
10000,subset_accuracy_drop,subset_score_desc,9780,0.054387342929840085,0.00921718704613116
10000,subset_accuracy_drop,subset_score_desc,9790,0.054229247570037845,0.009271264866613473
10000,subset_accuracy_drop,subset_score_desc,9800,0.05430830717086792,0.008972398098834006
10000,subset_accuracy_drop,subset_score_desc,9810,0.05383398532867432,0.008547949728332864
10000,subset_accuracy_drop,subset_score_desc,9820,0.05375494956970215,0.00871359180073
10000,subset_accuracy_drop,subset_score_desc,9830,0.05367587804794312,0.008515904494751984
10000,subset_accuracy_drop,subset_score_desc,9840,0.05351779460906982,0.00808393796409936
10000,subset_accuracy_drop,subset_score_desc,9850,0.05351779460906982,0.008208588267257252
10000,subset_accuracy_drop,subset_score_desc,9860,0.05320158004760742,0.007952405920815928
10000,subset_accuracy_drop,subset_score_desc,9870,0.053280627727508544,0.008297562389981427
10000,subset_accuracy_drop,subset_score_desc,9880,0.053043484687805176,0.008121516678209062
10000,subset_accuracy_drop,subset_score_desc,9890,0.053043472766876223,0.008164689149575891
10000,subset_accuracy_drop,subset_score_desc,9900,0.052806317806243896,0.008354767324069057
10000,subset_accuracy_drop,subset_score_desc,9910,0.052964437007904056,0.008417189980640115
10000,subset_accuracy_drop,subset_score_desc,9920,0.053043484687805176,0.008236119507261068
10000,subset_accuracy_drop,subset_score_desc,9930,0.053043484687805176,0.008344492458550025
10000,subset_accuracy_drop,subset_score_desc,9940,0.052727270126342776,0.008396763893015675
10000,subset_accuracy_drop,subset_score_desc,9950,0.05256916284561157,0.008431091343493149
10000,subset_accuracy_drop,subset_score_desc,9960,0.05256916284561157,0.008309779353772194
10000,subset_accuracy_drop,subset_score_desc,9970,0.05256917476654053,0.008677634110731176
10000,subset_accuracy_drop,subset_score_desc,9980,0.05256916284561157,0.008509486614740346
10000,subset_accuracy_drop,subset_score_desc,9990,0.05280632972717285,0.008734181593517085
10000,subset_accuracy_drop,subset_score_desc,10000,0.052885377407073976,0.008777902864316463
