candidate_set_size,scoring_mode,block_size,epsilon,use_cert,epoch,accuracy_mean,accuracy_std,loss_mean,loss_std,weights_above_eps_mean,weights_above_eps_std,probability_mass_update_mean,probability_mass_update_std,probability_mass_projected_mean,probability_mass_projected_std,n_seeds
2500,endpoint,10000,0.05,accuracy_drop_selector_with_resampling,-1,0.7678624391555786,0.038630936334284466,-0.5034046530723572,0.06379191930079747,0.0,0.0,0.0,0.0,0.0,0.0,5
2500,endpoint,10000,0.05,accuracy_drop_selector_with_resampling,0,0.7677909851074218,0.03859307146247682,-0.5033992648124694,0.06379433318019286,5056.2,617.4606870076831,3.9678443908691405,1.181291069887008,3.9678443908691405,1.181291069887008,5
2500,endpoint,10000,0.05,accuracy_drop_selector_with_resampling,1,0.7672908902168274,0.03878978109230439,-0.5032191514968872,0.06381902282320369,7266.4,262.0406457021506,10.025142669677734,2.9504645909154728,10.025142669677734,2.9504645909154728,5
2500,endpoint,10000,0.05,accuracy_drop_selector_with_resampling,2,0.766719388961792,0.03899052513926096,-0.5027544379234314,0.06398686032048519,7116.2,192.62580304829362,17.395977210998534,5.202059025926945,17.395977210998534,5.202059025926945,5
2500,endpoint,10000,0.05,accuracy_drop_selector_with_resampling,3,0.7659539699554443,0.039369341854723565,-0.5019152283668518,0.06426447949348421,6996.4,207.13594569750563,25.80182456970215,7.9446434284225775,25.80182456970215,7.9446434284225775,5
2500,endpoint,10000,0.05,accuracy_drop_selector_with_resampling,4,0.7647599101066589,0.039701738512275764,-0.5007350862026214,0.06465697825403964,6943.6,163.92162761515027,35.36828460693359,10.887254078338783,35.36828460693359,10.887254078338783,5
2500,endpoint,10000,0.05,accuracy_drop_selector_with_resampling,5,0.7635454416275025,0.03990718051993832,-0.4992656886577606,0.06504601439826682,6900.4,200.86139499664938,45.96808547973633,13.830217531527607,45.96808547973633,13.830217531527607,5
2500,endpoint,10000,0.05,accuracy_drop_selector_with_resampling,6,0.7623819947242737,0.04002525666443172,-0.4976246297359467,0.065416996726754,6841.8,208.9944975352222,57.203145599365236,16.686066269251576,57.203145599365236,16.686066269251576,5
2500,endpoint,10000,0.05,accuracy_drop_selector_with_resampling,7,0.7611879348754883,0.04015420519220913,-0.49592536091804507,0.06573019474794643,6786.2,263.2796991794088,68.86095886230468,19.30261977580948,68.86095886230468,19.30261977580948,5
2500,endpoint,10000,0.05,accuracy_drop_selector_with_resampling,8,0.7602592229843139,0.040418609194087074,-0.49424797892570493,0.06600501278338111,6753.2,286.49205922677857,80.91984176635742,21.61634609841145,80.91984176635742,21.61634609841145,5
2500,endpoint,10000,0.05,accuracy_drop_selector_with_resampling,9,0.7592386484146119,0.04042378308113932,-0.4925746023654938,0.06620018782908689,6734.0,259.82301668635904,93.22470474243164,23.566911532444095,93.22470474243164,23.566911532444095,5
2500,endpoint,10000,0.05,accuracy_drop_selector_with_resampling,10,0.7581772804260254,0.04046478375006783,-0.4908708453178406,0.06632890582180842,6695.8,283.029503762417,105.70912475585938,25.22043714902998,105.70912475585938,25.22043714902998,5
2500,endpoint,10000,0.05,accuracy_drop_selector_with_resampling,11,0.7570648431777954,0.04052492573359523,-0.4891721665859222,0.06643769869101085,6640.6,273.2110905508779,118.27794952392578,26.658794366873288,118.27794952392578,26.658794366873288,5
2500,endpoint,10000,0.05,accuracy_drop_selector_with_resampling,12,0.7559728503227234,0.040808387271719974,-0.4875052869319916,0.06646450301202521,6611.4,328.6164938039477,130.97470397949218,27.93161826562707,130.97470397949218,27.93161826562707,5
2500,endpoint,10000,0.05,accuracy_drop_selector_with_resampling,13,0.7549829006195068,0.04081642607394974,-0.4858687400817871,0.06650226267718498,6609.6,332.278949077428,143.70494689941407,28.97907950644683,143.70494689941407,28.97907950644683,5
2500,endpoint,10000,0.05,accuracy_drop_selector_with_resampling,14,0.7542582988739014,0.040832370347257056,-0.4842577278614044,0.06648054030796922,6539.4,338.9989675500502,156.38260192871093,29.925901855877985,156.38260192871093,29.925901855877985,5
2500,endpoint,10000,0.05,accuracy_drop_selector_with_resampling,15,0.7532683610916138,0.04087075887222096,-0.48267248272895813,0.06640027566843777,6551.2,352.892618228265,168.98661193847656,30.62462645782997,168.98661193847656,30.62462645782997,5
2500,endpoint,10000,0.05,accuracy_drop_selector_with_resampling,16,0.7522682070732116,0.0406465845774716,-0.4811092257499695,0.06635896001938692,6518.0,365.8913773239266,181.52760009765626,31.215802434980738,181.52760009765626,31.215802434980738,5
2500,endpoint,10000,0.05,accuracy_drop_selector_with_resampling,17,0.7513190865516662,0.040363036755178244,-0.479612398147583,0.06625431442950468,6511.2,395.55871877636577,194.00812683105468,31.64187025393703,194.00812683105468,31.64187025393703,5
2500,endpoint,10000,0.05,accuracy_drop_selector_with_resampling,18,0.7504618048667908,0.04020377009410693,-0.47814139127731325,0.06611741004424992,6473.6,344.73366531280345,206.37798461914062,31.946569788270576,206.37798461914062,31.946569788270576,5
2500,endpoint,10000,0.05,accuracy_drop_selector_with_resampling,19,0.7497474193572998,0.04023556883181813,-0.47673324346542356,0.06598449813502436,6442.4,348.71593023548553,218.61335144042968,32.12527110883176,218.61335144042968,32.12527110883176,5
2500,endpoint,10000,0.05,accuracy_drop_selector_with_resampling,20,0.7489309668540954,0.04005161311193146,-0.4753477036952972,0.06586480317383166,6408.6,373.19874061952567,230.7049560546875,32.23017172860368,230.7049560546875,32.23017172860368,5
2500,endpoint,10000,0.05,accuracy_drop_selector_with_resampling,21,0.7481349229812622,0.03994014310665515,-0.4740169525146484,0.06571263980195491,6401.6,368.99972899719046,242.70047607421876,32.275040902526946,242.70047607421876,32.275040902526946,5
2500,endpoint,10000,0.05,accuracy_drop_selector_with_resampling,22,0.7475430011749268,0.03977384722709046,-0.47272794246673583,0.06554419851962609,6363.2,352.5977878546603,254.53809814453126,32.338815848353185,254.53809814453126,32.338815848353185,5
2500,endpoint,10000,0.05,accuracy_drop_selector_with_resampling,23,0.7467775702476501,0.039751312512196504,-0.4714394211769104,0.06542104604217047,6375.6,365.90955166543546,266.3189208984375,32.302038186701786,266.3189208984375,32.302038186701786,5
2500,endpoint,10000,0.05,accuracy_drop_selector_with_resampling,24,0.7461448192596436,0.0397123156262768,-0.47019387483596803,0.06529154727261188,6363.6,394.6932986509905,277.9563781738281,32.252427952387805,277.9563781738281,32.252427952387805,5
2500,endpoint,10000,0.05,accuracy_drop_selector_with_resampling,25,0.745399808883667,0.039763136697722044,-0.46898462772369387,0.06514190594475644,6349.2,390.87555564399264,289.4707885742188,32.11532062601613,289.4707885742188,32.11532062601613,5
2500,endpoint,10000,0.05,accuracy_drop_selector_with_resampling,26,0.7447466492652893,0.03983367677340681,-0.46780329942703247,0.06500889467380155,6320.6,372.8073228894518,300.9250122070313,32.00539964083951,300.9250122070313,32.00539964083951,5
2500,endpoint,10000,0.05,accuracy_drop_selector_with_resampling,27,0.744175112247467,0.03974009875758037,-0.46664106845855713,0.06485658640120691,6322.6,399.9266182689019,312.2520751953125,31.849154268453326,312.2520751953125,31.849154268453326,5
2500,endpoint,10000,0.05,accuracy_drop_selector_with_resampling,28,0.7433995008468628,0.03949051374743119,-0.46552409529685973,0.064692128122637,6303.2,352.2665184203574,323.4831298828125,31.71741639587166,323.4831298828125,31.71741639587166,5
2500,endpoint,10000,0.05,accuracy_drop_selector_with_resampling,29,0.7427973628044129,0.03944222729591079,-0.4644131541252136,0.06456473019890421,6280.4,359.6780504840405,334.610693359375,31.602085490058933,334.610693359375,31.602085490058933,5
2500,endpoint,10000,0.05,accuracy_drop_selector_with_resampling,30,0.741991126537323,0.03940606501334712,-0.46330851316452026,0.06443054952988865,6263.4,389.78109240957286,345.64573364257814,31.43420957696192,345.64573364257814,31.43420957696192,5
2500,endpoint,10000,0.05,accuracy_drop_selector_with_resampling,31,0.7414196014404297,0.03934089878394458,-0.4622525036334991,0.06429575691561953,6248.2,381.8202456654178,356.61729125976564,31.309110503270702,356.61729125976564,31.309110503270702,5
2500,endpoint,10000,0.05,accuracy_drop_selector_with_resampling,32,0.7409297347068786,0.039206036776377566,-0.46121121644973756,0.06416143789253033,6238.6,373.50676031365214,367.470556640625,31.1725996741947,367.470556640625,31.1725996741947,5
2500,endpoint,10000,0.05,accuracy_drop_selector_with_resampling,33,0.7403480172157287,0.03918838070491649,-0.46018059849739074,0.06401976839707571,6222.0,374.57909712102196,378.25091552734375,31.054960124690503,378.25091552734375,31.054960124690503,5
2500,endpoint,10000,0.05,accuracy_drop_selector_with_resampling,34,0.7398173213005066,0.03900683647584961,-0.45918784737586976,0.06389022365856276,6209.0,388.8913730079391,388.93207397460935,30.97528655069921,388.93207397460935,30.97528655069921,5
2500,endpoint,10000,0.05,accuracy_drop_selector_with_resampling,35,0.7392866373062134,0.038925026457892004,-0.4582172393798828,0.06376926194055021,6185.6,394.85351714275004,399.5382568359375,30.884921086523534,399.5382568359375,30.884921086523534,5
2500,endpoint,10000,0.05,accuracy_drop_selector_with_resampling,36,0.7388171672821044,0.03882067929014326,-0.4572608768939972,0.06363057207903844,6203.6,368.4708943729477,410.0675476074219,30.811024884119014,410.0675476074219,30.811024884119014,5
2500,endpoint,10000,0.05,accuracy_drop_selector_with_resampling,37,0.7382864594459534,0.03891654750886335,-0.45630433559417727,0.06351689060836994,6180.8,378.4715312939667,420.4868103027344,30.65549639303168,420.4868103027344,30.65549639303168,5
2500,endpoint,10000,0.05,accuracy_drop_selector_with_resampling,38,0.7378170013427734,0.03899791160324724,-0.4553584098815918,0.0633735606326773,6140.6,384.4987646274042,430.8592834472656,30.573583937075025,430.8592834472656,30.573583937075025,5
2500,endpoint,10000,0.05,accuracy_drop_selector_with_resampling,39,0.737245500087738,0.03895786203519479,-0.45443792939186095,0.06327546228396246,6170.6,394.20971576053273,441.1804565429687,30.477523093297464,441.1804565429687,30.477523093297464,5
2500,endpoint,10000,0.05,accuracy_drop_selector_with_resampling,40,0.736755621433258,0.038813507881328084,-0.4535249352455139,0.06313050718454231,6150.4,396.22632421382605,451.3926574707031,30.36734515177233,451.3926574707031,30.36734515177233,5
2500,endpoint,10000,0.05,accuracy_drop_selector_with_resampling,41,0.736265754699707,0.03883020224018121,-0.45262762904167175,0.06300793602369299,6167.2,391.2361179645867,461.5442687988281,30.26760149137021,461.5442687988281,30.26760149137021,5
2500,endpoint,10000,0.05,accuracy_drop_selector_with_resampling,42,0.7357656955718994,0.038874110310989723,-0.4517442464828491,0.06289841587906239,6135.6,401.4583415499048,471.59453125,30.203818068124676,471.59453125,30.203818068124676,5
2500,endpoint,10000,0.05,accuracy_drop_selector_with_resampling,43,0.7352349758148193,0.038990911795169024,-0.4508954107761383,0.0627603137943474,6143.0,399.43898157290556,481.6349792480469,30.14753049715812,481.6349792480469,30.14753049715812,5
2500,endpoint,10000,0.05,accuracy_drop_selector_with_resampling,44,0.7348879933357239,0.03885685750484409,-0.45002849102020265,0.0626481430764239,6121.0,374.95799764773653,491.54091186523436,30.13361782615075,491.54091186523436,30.13361782615075,5
2500,endpoint,10000,0.05,accuracy_drop_selector_with_resampling,45,0.7342960715293885,0.03881354156361994,-0.44920375347137453,0.06251386767905877,6089.8,387.7875707136576,501.40264282226565,30.166646090822745,501.40264282226565,30.166646090822745,5
2500,endpoint,10000,0.05,accuracy_drop_selector_with_resampling,46,0.7339082479476928,0.03873431855716067,-0.4483809769153595,0.06240148062341387,6092.8,395.02999886084604,511.2302734375,30.18656215529646,511.2302734375,30.18656215529646,5
2500,endpoint,10000,0.05,accuracy_drop_selector_with_resampling,47,0.733326530456543,0.038642891078441,-0.4475451111793518,0.06226635120850343,6092.2,375.9690146807314,521.0242614746094,30.247016612548915,521.0242614746094,30.247016612548915,5
2500,endpoint,10000,0.05,accuracy_drop_selector_with_resampling,48,0.7327958345413208,0.03841212402883848,-0.446729040145874,0.06215673245537258,6081.2,394.4923319913836,530.7674011230469,30.31595283550042,530.7674011230469,30.31595283550042,5
2500,endpoint,10000,0.05,accuracy_drop_selector_with_resampling,49,0.7324182271957398,0.03847608671988347,-0.44592468738555907,0.06202147503138143,6077.2,374.7882068582201,540.4448120117188,30.446666425555378,540.4448120117188,30.446666425555378,5
2500,endpoint,10000,0.05,accuracy_drop_selector_with_resampling,50,0.7319691777229309,0.03831807588992984,-0.4451291263103485,0.06189484712060705,6070.2,376.86562591990264,550.3281127929688,30.499358888188254,550.3281127929688,30.499358888188254,5
2500,endpoint,10000,0.05,accuracy_drop_selector_with_resampling,51,0.7315813541412354,0.038248058644234265,-0.44434028267860415,0.061783149892999545,6060.4,374.96773194503015,557.2526733398438,30.541667189676414,557.2526733398438,30.541667189676414,5
2500,endpoint,10000,0.05,accuracy_drop_selector_with_resampling,52,0.7312854051589965,0.038177040824766695,-0.44379145503044126,0.061693828740273515,6054.6,378.9172732932612,562.8836791992187,30.57189415323589,562.8836791992187,30.57189415323589,5
2500,endpoint,10000,0.05,accuracy_drop_selector_with_resampling,53,0.7310608744621276,0.03819325083460404,-0.44335196614265443,0.06161402563027431,6051.0,379.6063750781854,567.743896484375,30.5904914945754,567.743896484375,30.5904914945754,5
2500,endpoint,10000,0.05,accuracy_drop_selector_with_resampling,54,0.7308159470558167,0.0380616111653112,-0.4429683268070221,0.06155617245817239,6046.4,379.36565474486486,572.0803833007812,30.609844027333978,572.0803833007812,30.609844027333978,5
2500,endpoint,10000,0.05,accuracy_drop_selector_with_resampling,55,0.7306016206741333,0.03794328778233665,-0.44262840151786803,0.0614976555017393,6041.4,380.7312700580292,576.0277709960938,30.63298699824953,576.0277709960938,30.63298699824953,5
2500,endpoint,10000,0.05,accuracy_drop_selector_with_resampling,56,0.7304179191589355,0.03797130742907976,-0.44232667088508604,0.061440326751254895,6031.6,380.86257364041427,579.668798828125,30.638918502459656,579.668798828125,30.638918502459656,5
2500,endpoint,10000,0.05,accuracy_drop_selector_with_resampling,57,0.7302648425102234,0.037960487887639185,-0.4420339405536652,0.06141168164106994,6030.6,380.64524166210197,583.065283203125,30.658136365920736,583.065283203125,30.658136365920736,5
2500,endpoint,10000,0.05,accuracy_drop_selector_with_resampling,58,0.7302036046981811,0.03788864528211335,-0.441766494512558,0.06136525517163145,6028.0,377.5195359183416,586.2684204101563,30.674940406777427,586.2684204101563,30.674940406777427,5
2500,endpoint,10000,0.05,accuracy_drop_selector_with_resampling,59,0.7299790859222413,0.03784141232806332,-0.4415270686149597,0.061328080012431556,6024.4,375.6431817563045,589.2904541015625,30.699826205084495,589.2904541015625,30.699826205084495,5
2500,endpoint,10000,0.05,accuracy_drop_selector_with_resampling,60,0.7297953724861145,0.03784316242519595,-0.44129162430763247,0.06129801320277628,6020.2,375.56650542879885,592.171923828125,30.722128123614333,592.171923828125,30.722128123614333,5
2500,endpoint,10000,0.05,accuracy_drop_selector_with_resampling,61,0.7296831130981445,0.03782974608268587,-0.44107511043548586,0.06126181048132211,6017.8,376.3013420119572,594.9207885742187,30.73453894980162,594.9207885742187,30.73453894980162,5
2500,endpoint,10000,0.05,accuracy_drop_selector_with_resampling,62,0.7295402407646179,0.03789180668855796,-0.4408544659614563,0.06123304598380091,6015.2,375.7781260265158,597.5619873046875,30.750354055294068,597.5619873046875,30.750354055294068,5
2500,endpoint,10000,0.05,accuracy_drop_selector_with_resampling,63,0.7294585824012756,0.037871962617146405,-0.44065027832984927,0.061204977834372544,6011.4,376.3247267985456,600.1009155273438,30.76898509530982,600.1009155273438,30.76898509530982,5
2500,endpoint,10000,0.05,accuracy_drop_selector_with_resampling,64,0.7293973684310913,0.03783552950172884,-0.4404624938964844,0.061174844724731635,6008.2,378.09549058405867,602.5437133789062,30.792532213145595,602.5437133789062,30.792532213145595,5
2500,endpoint,10000,0.05,accuracy_drop_selector_with_resampling,65,0.7292748928070069,0.037807661852074397,-0.4402664840221405,0.061148697748602016,6004.0,377.1133781769085,604.9091796875,30.81286896852619,604.9091796875,30.81286896852619,5
2500,endpoint,10000,0.05,accuracy_drop_selector_with_resampling,66,0.7291932463645935,0.03781567144734533,-0.4400912344455719,0.06112957989382856,5997.6,377.44045888060276,607.1990356445312,30.831976738155035,607.1990356445312,30.831976738155035,5
2500,endpoint,10000,0.05,accuracy_drop_selector_with_resampling,67,0.7291728258132935,0.03777045851569043,-0.4399207293987274,0.061088886463275635,5993.8,377.138833852999,609.417333984375,30.856118302752876,609.417333984375,30.856118302752876,5
2500,endpoint,10000,0.05,accuracy_drop_selector_with_resampling,68,0.7290911912918091,0.03779683939130657,-0.43974433541297914,0.06106663564881395,5992.2,378.8821716576276,611.5768798828125,30.87830536158167,611.5768798828125,30.87830536158167,5
2500,endpoint,10000,0.05,accuracy_drop_selector_with_resampling,69,0.7289278864860534,0.03781772826883997,-0.43958632946014403,0.06103760374717885,5988.4,380.5841562650763,613.6771728515625,30.905643056196773,613.6771728515625,30.905643056196773,5
2500,endpoint,10000,0.05,accuracy_drop_selector_with_resampling,70,0.7288462519645691,0.037774744905520276,-0.4394200086593628,0.06100858780100446,5985.2,381.30722521347536,615.724853515625,30.927028359677013,615.724853515625,30.927028359677013,5
2500,endpoint,10000,0.05,accuracy_drop_selector_with_resampling,71,0.7286829590797425,0.0377387267601895,-0.43926953077316283,0.06098108592438225,5982.8,381.0140417359969,617.7180419921875,30.950776326574406,617.7180419921875,30.950776326574406,5
2500,endpoint,10000,0.05,accuracy_drop_selector_with_resampling,72,0.7285706996917725,0.037715488086449686,-0.4391158401966095,0.06096662627031135,5977.8,381.166236699947,619.6703369140625,30.9780041248059,619.6703369140625,30.9780041248059,5
2500,endpoint,10000,0.05,accuracy_drop_selector_with_resampling,73,0.728448235988617,0.037740918823486735,-0.4389635682106018,0.06093938030803755,5974.8,381.6060796161403,621.575390625,31.003443356389507,621.575390625,31.003443356389507,5
2500,endpoint,10000,0.05,accuracy_drop_selector_with_resampling,74,0.7283461689949036,0.0376541581439037,-0.43881880640983584,0.060925135962422584,5972.8,379.95552371297356,623.4348754882812,31.02721683280414,623.4348754882812,31.02721683280414,5
2500,endpoint,10000,0.05,accuracy_drop_selector_with_resampling,75,0.7282645106315613,0.03766972725452165,-0.4386815071105957,0.06089973345284503,5973.2,381.3419725128615,625.2612060546875,31.052740405377413,625.2612060546875,31.052740405377413,5
2500,endpoint,10000,0.05,accuracy_drop_selector_with_resampling,76,0.7282135009765625,0.03764102592021919,-0.43854923248291017,0.0608793802712901,5969.0,382.1112403476244,627.0483276367188,31.081058685530685,627.0483276367188,31.081058685530685,5
2500,endpoint,10000,0.05,accuracy_drop_selector_with_resampling,77,0.7280502080917358,0.03760840832739466,-0.438415116071701,0.06086816634778633,5966.8,382.9447740862904,628.801806640625,31.102331584431358,628.801806640625,31.102331584431358,5
2500,endpoint,10000,0.05,accuracy_drop_selector_with_resampling,78,0.7280808329582215,0.03765536587668209,-0.43827595114707946,0.06084285782798858,5964.4,383.61608412578323,630.5209594726563,31.1236882907221,630.5209594726563,31.1236882907221,5
2500,endpoint,10000,0.05,accuracy_drop_selector_with_resampling,79,0.7280400156974792,0.0375855756671263,-0.438151878118515,0.06081767303305454,5963.2,382.531959449142,632.211962890625,31.15546644961904,632.211962890625,31.15546644961904,5
2500,endpoint,10000,0.05,accuracy_drop_selector_with_resampling,80,0.7280093908309937,0.03762168986301656,-0.43801849484443667,0.06080135645619997,5961.2,383.2045145871849,633.8759765625,31.182868403644697,633.8759765625,31.182868403644697,5
2500,endpoint,10000,0.05,accuracy_drop_selector_with_resampling,81,0.7278154730796814,0.037559035275113055,-0.43789814710617064,0.060777192819689525,5957.6,383.902070846199,635.5075073242188,31.210341097298105,635.5075073242188,31.210341097298105,5
2500,endpoint,10000,0.05,accuracy_drop_selector_with_resampling,82,0.7277644515037537,0.037592968729071204,-0.4377776265144348,0.06075486338013379,5955.6,381.37488118647775,637.1122436523438,31.240834831168407,637.1122436523438,31.240834831168407,5
2500,endpoint,10000,0.05,accuracy_drop_selector_with_resampling,83,0.7276521921157837,0.03765348174076772,-0.4376533031463623,0.06074783724589957,5953.8,381.15049521153713,638.69169921875,31.269562848692875,638.69169921875,31.269562848692875,5
2500,endpoint,10000,0.05,accuracy_drop_selector_with_resampling,84,0.727601170539856,0.03765348174076772,-0.43753439784049986,0.060724980551660514,5951.6,380.76869619232093,640.2419555664062,31.297516391701667,640.2419555664062,31.297516391701667,5
2500,endpoint,10000,0.05,accuracy_drop_selector_with_resampling,85,0.7276113748550415,0.03769968701466714,-0.43742054104804995,0.060706284375944955,5951.6,379.34193018963776,641.7749755859375,31.32940360345475,641.7749755859375,31.32940360345475,5
2500,endpoint,10000,0.05,accuracy_drop_selector_with_resampling,86,0.7275501370429993,0.03773910448077199,-0.43730502128601073,0.06069937207450724,5948.6,378.16834875488985,643.2848266601562,31.356302307912685,643.2848266601562,31.356302307912685,5
2500,endpoint,10000,0.05,accuracy_drop_selector_with_resampling,87,0.727488899230957,0.03757072318038298,-0.4371968567371368,0.06067367492748349,5948.2,379.9173594349171,644.7718139648438,31.388293524156584,644.7718139648438,31.388293524156584,5
2500,endpoint,10000,0.05,accuracy_drop_selector_with_resampling,88,0.7274276614189148,0.03760769494181425,-0.43708603978157046,0.06065329220300162,5945.4,378.8281932486018,646.2382446289063,31.413259802238212,646.2382446289063,31.413259802238212,5
2500,endpoint,10000,0.05,accuracy_drop_selector_with_resampling,89,0.7273970484733582,0.037638537626784936,-0.4369806110858917,0.06064473971746228,5944.0,380.1282678254802,647.6830688476563,31.443631673180352,647.6830688476563,31.443631673180352,5
2500,endpoint,10000,0.05,accuracy_drop_selector_with_resampling,90,0.7273460268974304,0.037574013847261285,-0.4368699908256531,0.060621258765415624,5941.2,379.21853857637285,649.109521484375,31.471624509596307,649.109521484375,31.471624509596307,5
2500,endpoint,10000,0.05,accuracy_drop_selector_with_resampling,91,0.7272745847702027,0.037540654401233664,-0.436773681640625,0.06061548982211137,5940.4,380.76672648749127,650.5193359375,31.50235081211208,650.5193359375,31.50235081211208,5
2500,endpoint,10000,0.05,accuracy_drop_selector_with_resampling,92,0.7272337555885315,0.037493676062266924,-0.43666520714759827,0.06059153665744132,5940.0,380.1072217151366,651.9088012695313,31.530144008869776,651.9088012695313,31.530144008869776,5
2500,endpoint,10000,0.05,accuracy_drop_selector_with_resampling,93,0.7272031426429748,0.03751145527779251,-0.43655292987823485,0.060575055018991915,5939.2,381.52680115556757,653.28076171875,31.560441268184952,653.28076171875,31.560441268184952,5
2500,endpoint,10000,0.05,accuracy_drop_selector_with_resampling,94,0.7270398378372193,0.03753661276079239,-0.43645615577697755,0.060559684156658695,5937.6,381.1722707648079,654.6375732421875,31.59008820722662,654.6375732421875,31.59008820722662,5
2500,endpoint,10000,0.05,accuracy_drop_selector_with_resampling,95,0.7269888162612915,0.037488827951196055,-0.43635040521621704,0.06055122652660285,5933.8,380.8624423594429,655.9737426757813,31.619651329330296,655.9737426757813,31.619651329330296,5
2500,endpoint,10000,0.05,accuracy_drop_selector_with_resampling,96,0.7269173860549927,0.03740345951457344,-0.43625560998916624,0.06053222706200627,5932.8,379.85944769085313,657.29755859375,31.648480290173513,657.29755859375,31.648480290173513,5
2500,endpoint,10000,0.05,accuracy_drop_selector_with_resampling,97,0.7268765568733215,0.037443208966612976,-0.43616085052490233,0.06053238319120973,5929.6,380.37060874888846,658.6072631835938,31.67653568612255,658.6072631835938,31.67653568612255,5
2500,endpoint,10000,0.05,accuracy_drop_selector_with_resampling,98,0.7268153309822083,0.03741218436196858,-0.4360615432262421,0.06050718114040448,5928.6,378.97269030894563,659.8978759765625,31.710535601216346,659.8978759765625,31.710535601216346,5
2500,endpoint,10000,0.05,accuracy_drop_selector_with_resampling,99,0.7267438888549804,0.0373744743004752,-0.43596577644348145,0.06050288376289021,5927.8,379.00751971431913,661.179345703125,31.736960687090306,661.179345703125,31.736960687090306,5
2500,endpoint,10000,0.05,accuracy_drop_selector_with_resampling,100,0.7267336964607238,0.037452313215865396,-0.43586872816085814,0.06047934122290008,5925.6,379.77006201121225,662.44228515625,31.767482458674767,662.44228515625,31.767482458674767,5
2500,endpoint,10000,0.05,accuracy_drop_selector_with_resampling,101,0.726641833782196,0.037407998948433614,-0.4357749879360199,0.06046956594008838,5924.8,378.172844080587,663.6901611328125,31.795126482872707,663.6901611328125,31.795126482872707,5
2500,endpoint,10000,0.05,accuracy_drop_selector_with_resampling,102,0.7266010165214538,0.037429471212975095,-0.4356879234313965,0.06046032969948208,5923.6,380.59072505777124,664.924853515625,31.829775894343182,664.924853515625,31.829775894343182,5
2500,endpoint,10000,0.05,accuracy_drop_selector_with_resampling,103,0.7266112208366394,0.03739333423966913,-0.4355916202068329,0.06044345317159251,5919.8,381.22788460447117,666.1511352539062,31.85370557304921,666.1511352539062,31.85370557304921,5
2500,endpoint,10000,0.05,accuracy_drop_selector_with_resampling,104,0.7265601873397827,0.03741153956954833,-0.43551087379455566,0.06043526980380396,5918.2,381.67355161184537,667.3633666992188,31.885361492337488,667.3633666992188,31.885361492337488,5
2500,endpoint,10000,0.05,accuracy_drop_selector_with_resampling,105,0.726396906375885,0.03733284277448425,-0.43542166948318484,0.06041014322301303,5917.8,380.54526668978554,668.5644287109375,31.91426360904474,668.5644287109375,31.91426360904474,5
2500,endpoint,10000,0.05,accuracy_drop_selector_with_resampling,106,0.726396906375885,0.03736894988900826,-0.4353348076343536,0.06039476834803499,5915.0,380.615948168229,669.7551513671875,31.941806975952513,669.7551513671875,31.941806975952513,5
2500,endpoint,10000,0.05,accuracy_drop_selector_with_resampling,107,0.7263050436973572,0.037391503781323124,-0.4352501153945923,0.06037281906532147,5913.8,378.65181895773327,670.93046875,31.96873925876344,670.93046875,31.96873925876344,5
2500,endpoint,10000,0.05,accuracy_drop_selector_with_resampling,108,0.7262744188308716,0.037341667538274156,-0.43516622185707093,0.0603685228910986,5913.2,378.8293811203138,672.0944213867188,31.99807300862273,672.0944213867188,31.99807300862273,5
2500,endpoint,10000,0.05,accuracy_drop_selector_with_resampling,109,0.7262233972549439,0.037348395116212144,-0.4350735008716583,0.06034560692944721,5911.4,379.4954545182327,673.2496826171875,32.029909781481585,673.2496826171875,32.029909781481585,5
2500,endpoint,10000,0.05,accuracy_drop_selector_with_resampling,110,0.7261723637580871,0.03737497775026686,-0.4349916040897369,0.06034540113779404,5909.4,378.85656916569366,674.3945190429688,32.05792059343284,674.3945190429688,32.05792059343284,5
2500,endpoint,10000,0.05,accuracy_drop_selector_with_resampling,111,0.726039707660675,0.037367296959598485,-0.4349104940891266,0.06033090562905064,5907.4,378.94036470136035,675.5275024414062,32.08742679772936,675.5275024414062,32.08742679772936,5
2500,endpoint,10000,0.05,accuracy_drop_selector_with_resampling,112,0.7261213541030884,0.03732662198436232,-0.4348326981067657,0.06031567945588778,5906.8,380.07459794098315,676.6517700195312,32.11626644089707,676.6517700195312,32.11626644089707,5
2500,endpoint,10000,0.05,accuracy_drop_selector_with_resampling,113,0.726039707660675,0.03739050869828436,-0.4347523033618927,0.06029372917259985,5904.4,380.85207101970707,677.7652465820313,32.144672773363496,677.7652465820313,32.144672773363496,5
2500,endpoint,10000,0.05,accuracy_drop_selector_with_resampling,114,0.7260295033454895,0.03732251484409177,-0.43466424345970156,0.060285827510498935,5904.6,380.42909983333294,678.8722290039062,32.17641756204387,678.8722290039062,32.17641756204387,5
2500,endpoint,10000,0.05,accuracy_drop_selector_with_resampling,115,0.7260192990303039,0.037302879812047815,-0.43459110856056216,0.06027102131716008,5901.6,380.5959800102991,679.9643676757812,32.201909409024154,679.9643676757812,32.201909409024154,5
2500,endpoint,10000,0.05,accuracy_drop_selector_with_resampling,116,0.7259274363517761,0.037374618667500636,-0.434503310918808,0.06025272980072334,5901.2,381.26132770056813,681.0529663085938,32.229064603063094,681.0529663085938,32.229064603063094,5
2500,endpoint,10000,0.05,accuracy_drop_selector_with_resampling,117,0.7259274363517761,0.0373139472430481,-0.4344332814216614,0.060252556778799427,5898.8,379.9206496098889,682.127978515625,32.25610459631488,682.127978515625,32.25610459631488,5
2500,endpoint,10000,0.05,accuracy_drop_selector_with_resampling,118,0.7258458018302918,0.03731362628677134,-0.4343557834625244,0.06023924434792413,5897.8,379.42680453547297,683.1966064453125,32.287290674070604,683.1966064453125,32.287290674070604,5
2500,endpoint,10000,0.05,accuracy_drop_selector_with_resampling,119,0.7258559942245484,0.037333238791785135,-0.4342767059803009,0.06022797150395398,5896.4,379.00039577815744,684.255029296875,32.31622602478105,684.255029296875,32.31622602478105,5
2500,endpoint,10000,0.05,accuracy_drop_selector_with_resampling,120,0.7257437348365784,0.037353883021141655,-0.4341991901397705,0.06021457035717983,5893.8,380.6293472658145,685.302197265625,32.34691787893804,685.302197265625,32.34691787893804,5
2500,endpoint,10000,0.05,accuracy_drop_selector_with_resampling,121,0.7257641434669495,0.037372693628884054,-0.43412038683891296,0.060203570306664636,5891.4,379.2232851500551,686.34619140625,32.372224756103904,686.34619140625,32.372224756103904,5
2500,endpoint,10000,0.05,accuracy_drop_selector_with_resampling,122,0.7257233262062073,0.03736206135468056,-0.4340432286262512,0.060198866830530474,5890.0,377.8491762595229,687.3799194335937,32.4006272485495,687.3799194335937,32.4006272485495,5
2500,endpoint,10000,0.05,accuracy_drop_selector_with_resampling,123,0.725662088394165,0.037292513834742906,-0.43397393822669983,0.06019421633681596,5888.0,378.5287307457652,688.4045776367187,32.43119188538137,688.4045776367187,32.43119188538137,5
2500,endpoint,10000,0.05,accuracy_drop_selector_with_resampling,124,0.7255702495574952,0.03733877328920707,-0.43388950228691103,0.06017760391584865,5886.6,377.852219789695,689.4261596679687,32.45715119493744,689.4261596679687,32.45715119493744,5
2500,endpoint,10000,0.05,accuracy_drop_selector_with_resampling,125,0.7255089998245239,0.03727640987460522,-0.43382567167282104,0.060164910968628964,5885.2,377.6714180342484,690.4396606445313,32.4878408968612,690.4396606445313,32.4878408968612,5
2500,endpoint,10000,0.05,accuracy_drop_selector_with_resampling,126,0.7254375696182251,0.03728849446381658,-0.4337669014930725,0.060159520144201055,5884.2,378.62870995211125,691.441015625,32.51501911141087,691.441015625,32.51501911141087,5
2500,endpoint,10000,0.05,accuracy_drop_selector_with_resampling,127,0.7253865361213684,0.03728892896199596,-0.4336837470531464,0.060160183626210395,5880.6,378.79321535634716,692.4353881835938,32.53979792876061,692.4353881835938,32.53979792876061,5
2500,endpoint,10000,0.05,accuracy_drop_selector_with_resampling,128,0.7253559231758118,0.0372083700509234,-0.43361678123474123,0.060144937597836984,5879.6,378.38974616128274,693.4271118164063,32.56677337077282,693.4271118164063,32.56677337077282,5
2500,endpoint,10000,0.05,accuracy_drop_selector_with_resampling,129,0.7252946853637695,0.03720790400893309,-0.43353803753852843,0.06013121560492105,5879.2,378.74358080368836,694.40810546875,32.597854362654886,694.40810546875,32.597854362654886,5
2500,endpoint,10000,0.05,accuracy_drop_selector_with_resampling,130,0.7252232551574707,0.037200062712287874,-0.4334729492664337,0.0601249257142191,5877.4,378.00965596132596,695.3858032226562,32.62696518168474,695.3858032226562,32.62696518168474,5
2500,endpoint,10000,0.05,accuracy_drop_selector_with_resampling,131,0.725172221660614,0.037215227486193825,-0.43340585827827455,0.06011236051840631,5877.6,377.9117621879478,696.3562377929687,32.651318079542264,696.3562377929687,32.651318079542264,5
2500,endpoint,10000,0.05,accuracy_drop_selector_with_resampling,132,0.7251415967941284,0.03716112901618991,-0.4333372533321381,0.060101883426299185,5875.8,378.90790437783164,697.3169921875,32.678914339972465,697.3169921875,32.678914339972465,5
2500,endpoint,10000,0.05,accuracy_drop_selector_with_resampling,133,0.7251007795333863,0.03717854905600573,-0.4332618236541748,0.060100422348662516,5874.2,377.30981964428116,698.272021484375,32.70585549440743,698.272021484375,32.70585549440743,5
2500,endpoint,10000,0.05,accuracy_drop_selector_with_resampling,134,0.725019121170044,0.0371779198277289,-0.43319679498672486,0.06009374738954223,5872.6,378.91463418559067,699.2211181640625,32.731141936171554,699.2211181640625,32.731141936171554,5
2500,endpoint,10000,0.05,accuracy_drop_selector_with_resampling,135,0.7250395298004151,0.037196161470844175,-0.4331228077411652,0.060075151443722746,5871.8,379.41230870914035,700.16533203125,32.75713655339377,700.16533203125,32.75713655339377,5
2500,endpoint,10000,0.05,accuracy_drop_selector_with_resampling,136,0.7249885082244873,0.0371841904280377,-0.43305914402008056,0.06005881056354262,5871.2,379.6915853689676,701.1009643554687,32.78304350584851,701.1009643554687,32.78304350584851,5
2500,endpoint,10000,0.05,accuracy_drop_selector_with_resampling,137,0.7249783039093017,0.037164089985436605,-0.43299866914749147,0.0600558398399902,5869.6,380.0543382202077,702.0337036132812,32.808369871164366,702.0337036132812,32.808369871164366,5
2500,endpoint,10000,0.05,accuracy_drop_selector_with_resampling,138,0.7248966693878174,0.03719309557625344,-0.4329344928264618,0.060048054585935054,5867.6,380.0398663298365,702.9572143554688,32.832827669874135,702.9572143554688,32.832827669874135,5
2500,endpoint,10000,0.05,accuracy_drop_selector_with_resampling,139,0.7248864650726319,0.03715291448857837,-0.4328583598136902,0.060030147893711104,5866.2,379.5032279177609,703.8768432617187,32.85650225182162,703.8768432617187,32.85650225182162,5
2500,endpoint,10000,0.05,accuracy_drop_selector_with_resampling,140,0.7248558521270752,0.03708742087698598,-0.432799881696701,0.06001507659351859,5865.4,381.2857196381737,704.7905151367188,32.88529305645981,704.7905151367188,32.88529305645981,5
2500,endpoint,10000,0.05,accuracy_drop_selector_with_resampling,141,0.7248456478118896,0.03708536989923091,-0.43272845149040223,0.060019024915130795,5863.2,379.5045454273242,705.6953857421875,32.91005931583584,705.6953857421875,32.91005931583584,5
2500,endpoint,10000,0.05,accuracy_drop_selector_with_resampling,142,0.7248456478118896,0.03715093126337092,-0.43266973495483396,0.06000349717035902,5862.6,380.10103919878986,706.5993896484375,32.936724451158405,706.5993896484375,32.936724451158405,5
2500,endpoint,10000,0.05,accuracy_drop_selector_with_resampling,143,0.7248354434967041,0.03707635109181381,-0.43260395526885986,0.060010148733719855,5860.6,379.65286776211764,707.4944091796875,32.960835069099154,707.4944091796875,32.960835069099154,5
2500,endpoint,10000,0.05,accuracy_drop_selector_with_resampling,144,0.7247639894485474,0.0371908298783094,-0.4325417041778564,0.05998725103809866,5860.0,378.42766812166366,708.3852783203125,32.98707663609332,708.3852783203125,32.98707663609332,5
2500,endpoint,10000,0.05,accuracy_drop_selector_with_resampling,145,0.7247231602668762,0.03711965584705719,-0.4324741899967194,0.059984989033517025,5857.6,379.94775956702256,709.2713256835938,33.012651133203754,709.2713256835938,33.012651133203754,5
2500,endpoint,10000,0.05,accuracy_drop_selector_with_resampling,146,0.7247027635574341,0.037097651971743494,-0.43242311477661133,0.05998019438052718,5855.8,380.359303816799,710.150048828125,33.03838799220065,710.150048828125,33.03838799220065,5
2500,endpoint,10000,0.05,accuracy_drop_selector_with_resampling,147,0.724661934375763,0.03706075886209624,-0.43236603736877444,0.059975249982629056,5855.0,379.8644495079791,711.0253295898438,33.06307770556399,711.0253295898438,33.06307770556399,5
2500,endpoint,10000,0.05,accuracy_drop_selector_with_resampling,148,0.7246721506118774,0.03708525598715814,-0.43229301571846007,0.059960060972853495,5855.0,380.8772768228632,711.8932250976562,33.088377385032125,711.8932250976562,33.088377385032125,5
2500,endpoint,10000,0.05,accuracy_drop_selector_with_resampling,149,0.7246211171150208,0.037092659972232045,-0.4322428584098816,0.059951785748246625,5853.8,380.907731609638,712.7565551757813,33.1134290140243,712.7565551757813,33.1134290140243,5
2500,endpoint,10000,0.05,none,-1,0.7678624391555786,0.038630936334284466,-0.5034046530723572,0.06379191930079747,0.0,0.0,0.0,0.0,0.0,0.0,5
2500,endpoint,10000,0.05,none,0,0.7678522348403931,0.038603230324802125,-0.5034133970737458,0.0637778972814121,5042.0,271.53544888283005,2.8355691909790037,0.34381297709446096,2.8355691909790037,0.34381297709446096,5
2500,endpoint,10000,0.05,none,1,0.7676889300346375,0.03859200492069542,-0.5032609283924103,0.06378444072490581,7433.4,207.94662776780007,7.316043376922607,0.8086067492591692,7.316043376922607,0.8086067492591692,5
2500,endpoint,10000,0.05,none,2,0.7673215270042419,0.03869791219319795,-0.503052705526352,0.06380144131401193,7472.6,93.82590260690274,13.0838191986084,1.1549544232829456,13.0838191986084,1.1549544232829456,5
2500,endpoint,10000,0.05,none,3,0.7669133067131042,0.03881601718684043,-0.5026195287704468,0.06385305992642738,7405.4,105.91883685161955,19.82248725891113,1.6714665127693702,19.82248725891113,1.6714665127693702,5
2500,endpoint,10000,0.05,none,4,0.766249930858612,0.03880809694397987,-0.50193549990654,0.06392674268255209,7434.2,117.2100678269576,27.752638626098634,2.2847218874566195,27.752638626098634,2.2847218874566195,5
2500,endpoint,10000,0.05,none,5,0.7654640913009644,0.03892872142594793,-0.5010277032852173,0.06399773119773645,7464.8,100.70600776517755,36.65459060668945,3.0747976657384655,36.65459060668945,3.0747976657384655,5
2500,endpoint,10000,0.05,none,6,0.7647292852401734,0.03899334534404796,-0.49996758699417115,0.06403496797346804,7448.2,134.7913201953301,46.34750671386719,3.795089737058915,46.34750671386719,3.795089737058915,5
2500,endpoint,10000,0.05,none,7,0.7640046954154969,0.039259530051677274,-0.49877320528030394,0.0641211493786463,7457.6,131.67497864059064,56.67127914428711,4.630793419447425,56.67127914428711,4.630793419447425,5
2500,endpoint,10000,0.05,none,8,0.7631576299667359,0.03927622258177215,-0.4975057542324066,0.0642212139923594,7441.0,114.33066080452785,67.38787307739258,5.288924109270058,67.38787307739258,5.288924109270058,5
2500,endpoint,10000,0.05,none,9,0.7624126195907592,0.039386617521190034,-0.49618581533432005,0.06427851504831805,7411.0,107.3009785603095,78.41297760009766,5.951240838170609,78.41297760009766,5.951240838170609,5
2500,endpoint,10000,0.05,none,10,0.7616573929786682,0.03957179707141323,-0.49485469460487364,0.0643494808224626,7396.8,136.73587678440504,89.63662872314453,6.604644080310112,89.63662872314453,6.604644080310112,5
2500,endpoint,10000,0.05,none,11,0.7607797145843506,0.03972636851888551,-0.4934916317462921,0.06438711466461133,7386.6,119.79691147938665,101.04323120117188,7.2709706753378285,101.04323120117188,7.2709706753378285,5
2500,endpoint,10000,0.05,none,12,0.7598101735115051,0.039707774629154834,-0.49212695360183717,0.06442162873890586,7380.8,136.59136136666916,112.51686553955078,7.91929640580831,112.51686553955078,7.91929640580831,5
2500,endpoint,10000,0.05,none,13,0.7590753674507141,0.03967761696212313,-0.4907489061355591,0.06443637138852532,7346.8,122.96218931037296,124.05140228271485,8.439459425410341,124.05140228271485,8.439459425410341,5
2500,endpoint,10000,0.05,none,14,0.7583813905715943,0.03958799848937813,-0.48941495418548586,0.06446970401099483,7318.0,106.08722826052154,135.58341522216796,8.93421514530727,135.58341522216796,8.93421514530727,5
2500,endpoint,10000,0.05,none,15,0.7575649142265319,0.03965698893177981,-0.4880794703960419,0.06446612603558467,7285.2,114.88124302948675,147.1013397216797,9.397818412413995,147.1013397216797,9.397818412413995,5
2500,endpoint,10000,0.05,none,16,0.7568607449531555,0.03961764688952687,-0.48678669333457947,0.0644491691396034,7301.0,129.23234889144436,158.59178161621094,9.86014180941662,158.59178161621094,9.86014180941662,5
2500,endpoint,10000,0.05,none,17,0.7561055302619935,0.03968357660250771,-0.4855198562145233,0.06445011071102343,7265.2,133.63083476503468,170.03237915039062,10.337951534861112,170.03237915039062,10.337951534861112,5
2500,endpoint,10000,0.05,none,18,0.7554829835891723,0.03954345321945687,-0.48428264260292053,0.06442481720004677,7249.2,136.0466831642727,181.4156280517578,10.834641842532443,181.4156280517578,10.834641842532443,5
2500,endpoint,10000,0.05,none,19,0.7548298239707947,0.03953473734845868,-0.48305463790893555,0.0643884109424622,7210.0,119.07350670909125,192.70517272949218,11.290524037556196,192.70517272949218,11.290524037556196,5
2500,endpoint,10000,0.05,none,20,0.754043984413147,0.03952564617044063,-0.48185922503471373,0.06435071155202407,7208.2,124.53593858802365,203.90211486816406,11.737529438375985,203.90211486816406,11.737529438375985,5
2500,endpoint,10000,0.05,none,21,0.7532275319099426,0.03947654654486883,-0.4806974768638611,0.06431374362083242,7226.4,144.27508447406987,215.06161804199218,12.242470029252877,215.06161804199218,12.242470029252877,5
2500,endpoint,10000,0.05,none,22,0.752574372291565,0.039435354595876576,-0.4795422196388245,0.06428095774823188,7206.6,123.60744314158431,226.06448059082032,12.702721767964722,226.06448059082032,12.702721767964722,5
2500,endpoint,10000,0.05,none,23,0.7520640969276429,0.03942152087201475,-0.47842819094657896,0.06424271314351265,7206.0,91.60785992479029,237.02322998046876,13.125419838418303,237.02322998046876,13.125419838418303,5
2500,endpoint,10000,0.05,none,24,0.7514619588851928,0.03946623113275158,-0.47733873724937437,0.06421070230021018,7187.6,124.34146532834491,247.87227783203124,13.543825311726192,247.87227783203124,13.543825311726192,5
2500,endpoint,10000,0.05,none,25,0.7506965279579163,0.03942759117315409,-0.4762789666652679,0.06417500547538887,7167.0,134.54553132675943,258.6354461669922,13.96948795673003,258.6354461669922,13.96948795673003,5
2500,endpoint,10000,0.05,none,26,0.750033164024353,0.039506377915589266,-0.47522854804992676,0.06415490571215007,7152.8,140.22731545601235,269.2635864257812,14.392328245380506,269.2635864257812,14.392328245380506,5
2500,endpoint,10000,0.05,none,27,0.7496249556541443,0.039497425743765524,-0.47420247197151183,0.06413106489669101,7148.8,119.47049845045429,279.8927734375,14.816849403900324,279.8927734375,14.816849403900324,5
2500,endpoint,10000,0.05,none,28,0.7492473363876343,0.03939379064530789,-0.4732025921344757,0.06412272182602584,7136.4,89.60078124659405,290.41368408203124,15.167064557591495,290.41368408203124,15.167064557591495,5
2500,endpoint,10000,0.05,none,29,0.7486350059509277,0.0394271813921863,-0.47220746874809266,0.06411012674193907,7117.4,112.2020498921477,300.87598876953126,15.597243051435091,300.87598876953126,15.597243051435091,5
2500,endpoint,10000,0.05,none,30,0.7481349110603333,0.03934386276480127,-0.4712344527244568,0.06408846746618367,7118.6,130.0742095882193,311.27833251953126,15.985422616054148,311.27833251953126,15.985422616054148,5
2500,endpoint,10000,0.05,none,31,0.7475123763084411,0.03954056712054716,-0.47028313875198363,0.06405749692051681,7062.4,139.4930105775913,321.584716796875,16.388490200428027,321.584716796875,16.388490200428027,5
2500,endpoint,10000,0.05,none,32,0.7470531225204468,0.039477886971794676,-0.4693338215351105,0.06403719109364887,7104.8,104.20268710546767,331.91094360351565,16.738566281302145,331.91094360351565,16.738566281302145,5
2500,endpoint,10000,0.05,none,33,0.746512234210968,0.03938742618496042,-0.46840150356292726,0.06401441560562245,7063.2,102.75553513071692,342.10654907226564,17.111387613388167,342.10654907226564,17.111387613388167,5
2500,endpoint,10000,0.05,none,34,0.7460427641868591,0.03927487598722625,-0.4674916505813599,0.06398844902986973,7060.8,96.0192688995287,352.27777099609375,17.450930846361086,352.27777099609375,17.450930846361086,5
2500,endpoint,10000,0.05,none,35,0.7454814553260803,0.039136850540095885,-0.4666013360023499,0.06396211167392321,7057.8,107.24131666480042,362.4007141113281,17.80492145431228,362.4007141113281,17.80492145431228,5
2500,endpoint,10000,0.05,none,36,0.7448282718658448,0.039194840365632144,-0.46571977734565734,0.06394128232031,7029.4,95.28536089032774,372.4262329101563,18.138270447984386,372.4262329101563,18.138270447984386,5
2500,endpoint,10000,0.05,none,37,0.7442771792411804,0.039220173529676716,-0.4648574888706207,0.0639200658141522,7005.6,117.21049441069687,382.3961975097656,18.46531428266062,382.3961975097656,18.46531428266062,5
2500,endpoint,10000,0.05,none,38,0.7436852574348449,0.03909136511870814,-0.4640155673027039,0.06387494236924146,7041.4,97.15606002715425,392.38922729492185,18.80661750235024,392.38922729492185,18.80661750235024,5
2500,endpoint,10000,0.05,none,39,0.7433076500892639,0.03913031572223699,-0.46316711902618407,0.06383879836937979,7011.4,95.95988745303946,402.2713623046875,19.172178504643156,402.2713623046875,19.172178504643156,5
2500,endpoint,10000,0.05,none,40,0.7428790092468261,0.03911046760717746,-0.46232083439826965,0.06379974627030183,7006.6,103.06454288454395,412.1274719238281,19.55032490535675,412.1274719238281,19.55032490535675,5
2500,endpoint,10000,0.05,none,41,0.7425013899803161,0.03908015038728369,-0.4615019679069519,0.06373947464355988,6994.6,99.47763567757328,421.92034301757815,19.935677918098,421.92034301757815,19.935677918098,5
2500,endpoint,10000,0.05,none,42,0.741858446598053,0.038928161636515295,-0.46068578362464907,0.06372046074851641,6973.4,111.83156978241877,431.6579345703125,20.299271157325098,431.6579345703125,20.299271157325098,5
2500,endpoint,10000,0.05,none,43,0.7413992047309875,0.03900350040254471,-0.459871381521225,0.06368439894109408,6984.0,117.55849607748476,441.3011779785156,20.625487482126402,441.3011779785156,20.625487482126402,5
2500,endpoint,10000,0.05,none,44,0.741011381149292,0.03904581248863491,-0.4590881705284119,0.06365578584423215,6934.0,116.87814166900499,450.91307373046874,20.941838693316416,450.91307373046874,20.941838693316416,5
2500,endpoint,10000,0.05,none,45,0.7404500603675842,0.03904840634097949,-0.4583168089389801,0.06363387955628655,6951.2,105.47369340266795,460.4298400878906,21.24776908163618,460.4298400878906,21.24776908163618,5
2500,endpoint,10000,0.05,none,46,0.7400622487068176,0.0391164988914564,-0.4575641334056854,0.06359741118241485,6932.4,120.68057010140447,469.9083679199219,21.589625800397766,469.9083679199219,21.589625800397766,5
2500,endpoint,10000,0.05,none,47,0.7397050738334656,0.03898264596293476,-0.4568126142024994,0.06355627188454024,6931.8,99.1650139918308,479.364501953125,21.916635050545384,479.364501953125,21.916635050545384,5
2500,endpoint,10000,0.05,none,48,0.7392253875732422,0.03888810333849129,-0.4560903310775757,0.06353214972764348,6952.2,126.16140455781238,488.752880859375,22.265310913499512,488.752880859375,22.265310913499512,5
2500,endpoint,10000,0.05,none,49,0.7388171792030335,0.03889917168431929,-0.45535417795181277,0.06350117946424455,6945.6,101.21659942914502,498.116455078125,22.59812270579866,498.116455078125,22.59812270579866,5
2500,endpoint,10000,0.05,none,50,0.7385109901428223,0.03886214169106528,-0.45461267828941343,0.06344672087182372,6940.2,102.82606673407284,508.153466796875,23.040831907275468,508.153466796875,23.040831907275468,5
2500,endpoint,10000,0.05,none,51,0.7381333827972412,0.03888790306346471,-0.45389132499694823,0.06341730707388656,6933.0,95.58504067059866,515.1757141113281,23.310613835449956,515.1757141113281,23.310613835449956,5
2500,endpoint,10000,0.05,none,52,0.73809255361557,0.03890316524428306,-0.453367555141449,0.06337936771404074,6930.2,103.19738368776603,520.9520568847656,23.589391054666418,520.9520568847656,23.589391054666418,5
2500,endpoint,10000,0.05,none,53,0.7378374218940735,0.03898495362799938,-0.4529488027095795,0.06336759215202124,6926.6,100.78343117794711,525.9573791503906,23.820249719742673,525.9573791503906,23.820249719742673,5
2500,endpoint,10000,0.05,none,54,0.7376537203788758,0.03896435163230837,-0.4525793373584747,0.06336189484102973,6922.2,99.83586529899964,530.4438232421875,24.040079241477812,530.4438232421875,24.040079241477812,5
2500,endpoint,10000,0.05,none,55,0.7374598264694214,0.03899070519840971,-0.45225649476051333,0.06334540954716043,6919.8,100.23073380954567,534.5003784179687,24.227054087497567,534.5003784179687,24.227054087497567,5
2500,endpoint,10000,0.05,none,56,0.7373169422149658,0.039039323975711346,-0.4519624948501587,0.0633391285418083,6918.6,102.47585081374051,538.2655395507812,24.392792555868137,538.2655395507812,24.392792555868137,5
2500,endpoint,10000,0.05,none,57,0.7371638536453247,0.03896841152218693,-0.4517011702060699,0.06332666859766664,6915.4,101.60118109549711,541.7968383789063,24.56676900191396,541.7968383789063,24.56676900191396,5
2500,endpoint,10000,0.05,none,58,0.737000560760498,0.03885428869820107,-0.45143314599990847,0.06331280944718189,6913.2,100.90936527399228,545.1111450195312,24.723159627714125,545.1111450195312,24.723159627714125,5
2500,endpoint,10000,0.05,none,59,0.7369189143180848,0.03885729353678341,-0.4511926770210266,0.06329945497454224,6909.8,103.1925384899509,548.2485595703125,24.88225729638063,548.2485595703125,24.88225729638063,5
2500,endpoint,10000,0.05,none,60,0.7368474721908569,0.038886912435588165,-0.45095521211624146,0.06329618603889015,6907.4,106.25347053155487,551.2460815429688,25.020110797587204,551.2460815429688,25.020110797587204,5
2500,endpoint,10000,0.05,none,61,0.7367045998573303,0.0388874520488308,-0.45072839856147767,0.06327815846634678,6905.6,106.06978834710664,554.1071166992188,25.16095086647666,554.1071166992188,25.16095086647666,5
2500,endpoint,10000,0.05,none,62,0.7365923404693604,0.03885973099551233,-0.4505187511444092,0.06326576317731782,6904.8,106.6967665864341,556.859375,25.29594102189596,556.859375,25.29594102189596,5
2500,endpoint,10000,0.05,none,63,0.7365617275238037,0.03889869785180677,-0.450323224067688,0.06327338504688136,6900.6,106.26288157207107,559.5052612304687,25.418624729660205,559.5052612304687,25.418624729660205,5
2500,endpoint,10000,0.05,none,64,0.7364596724510193,0.03886531997319838,-0.45012412667274476,0.06325224764044204,6900.2,106.7342494235098,562.050927734375,25.555404008873612,562.050927734375,25.555404008873612,5
2500,endpoint,10000,0.05,none,65,0.7363167881965638,0.0388659834800374,-0.4499443292617798,0.06325201831665644,6896.8,106.40347738678469,564.5157470703125,25.675852003272816,564.5157470703125,25.675852003272816,5
2500,endpoint,10000,0.05,none,66,0.7361637115478515,0.038879805531214826,-0.4497687995433807,0.06323591774823796,6895.8,106.11173356420109,566.91279296875,25.79774720599401,566.91279296875,25.79774720599401,5
2500,endpoint,10000,0.05,none,67,0.736133074760437,0.03893895704234023,-0.44958279728889466,0.06323539057165439,6894.0,105.130870822989,569.2281982421875,25.91395906736653,569.2281982421875,25.91395906736653,5
2500,endpoint,10000,0.05,none,68,0.7359493851661683,0.03891063694587947,-0.44941229820251466,0.06322790028682385,6891.2,105.70099337281556,571.4850219726562,26.02304225241124,571.4850219726562,26.02304225241124,5
2500,endpoint,10000,0.05,none,69,0.7358575105667114,0.03891479257292739,-0.44924328923225404,0.06322579346183194,6889.0,105.1094667477673,573.685693359375,26.134378788236607,573.685693359375,26.134378788236607,5
2500,endpoint,10000,0.05,none,70,0.7357962846755981,0.03890395267858189,-0.44910248517990115,0.06322527892692914,6888.6,105.73220890532838,575.8322509765625,26.240517396135267,575.8322509765625,26.240517396135267,5
2500,endpoint,10000,0.05,none,71,0.7357146501541137,0.038981051011288535,-0.44891279339790346,0.06320771887572374,6885.8,106.87703214442287,577.922705078125,26.34011668664653,577.922705078125,26.34011668664653,5
2500,endpoint,10000,0.05,none,72,0.7355615735054016,0.03904772545083172,-0.4487777590751648,0.06320826504953239,6884.4,107.37224967374019,579.9730834960938,26.439969736714684,579.9730834960938,26.439969736714684,5
2500,endpoint,10000,0.05,none,73,0.7355309367179871,0.038987585464743825,-0.4486278772354126,0.06320775393114507,6882.2,106.06460295499154,581.973388671875,26.542306228885728,581.973388671875,26.542306228885728,5
2500,endpoint,10000,0.05,none,74,0.7354493021965027,0.03897785456605823,-0.448471862077713,0.06320016256535121,6880.0,106.92053123698928,583.9287841796875,26.636452188107658,583.9287841796875,26.636452188107658,5
2500,endpoint,10000,0.05,none,75,0.7353472352027893,0.03888666615321093,-0.44834538698196413,0.06318682912504371,6877.8,108.7276413797338,585.8484252929687,26.73147500792908,585.8484252929687,26.73147500792908,5
2500,endpoint,10000,0.05,none,76,0.7352554082870484,0.03889217300647982,-0.4482012391090393,0.0631854607601528,6874.8,108.88388310489299,587.7300415039062,26.823503245364066,587.7300415039062,26.823503245364066,5
2500,endpoint,10000,0.05,none,77,0.7351635456085205,0.038850202068474934,-0.4480692148208618,0.06318286176993354,6872.2,108.50437779186608,589.5796752929688,26.9114336494217,589.5796752929688,26.9114336494217,5
2500,endpoint,10000,0.05,none,78,0.7350717067718506,0.03884173046391767,-0.44792779684066775,0.06318098864619262,6870.4,108.56472723679639,591.3894287109375,27.001289491055253,591.3894287109375,27.001289491055253,5
2500,endpoint,10000,0.05,none,79,0.735041081905365,0.0387998153216614,-0.4478005826473236,0.06318524673844228,6868.2,108.8930668132733,593.17265625,27.083821905443404,593.17265625,27.083821905443404,5
2500,endpoint,10000,0.05,none,80,0.734928822517395,0.038795550377544744,-0.4476783037185669,0.06318366277203209,6867.0,109.10545357588684,594.9274047851562,27.170329804107563,594.9274047851562,27.170329804107563,5
2500,endpoint,10000,0.05,none,81,0.7348879933357239,0.03882766187600448,-0.4475536346435547,0.06317278498702014,6863.8,107.78543500863185,596.6483154296875,27.250639422411986,596.6483154296875,27.250639422411986,5
2500,endpoint,10000,0.05,none,82,0.734775722026825,0.03880407853899657,-0.4474159300327301,0.06316468985298143,6862.0,107.41042779916668,598.3406494140625,27.3338870338582,598.3406494140625,27.3338870338582,5
2500,endpoint,10000,0.05,none,83,0.7347553253173829,0.03872897591016182,-0.44731616973876953,0.06316760451039885,6860.4,107.55138306874534,600.0071899414063,27.412609364978355,600.0071899414063,27.412609364978355,5
2500,endpoint,10000,0.05,none,84,0.734683883190155,0.038761198219898936,-0.44718865156173704,0.06315740460756503,6858.6,107.32800193798448,601.6469360351563,27.492076341418397,601.6469360351563,27.492076341418397,5
2500,endpoint,10000,0.05,none,85,0.7346328616142273,0.03873438862582781,-0.44706496596336365,0.06316151169826162,6857.6,107.74414137204863,603.2663818359375,27.568268204145383,603.2663818359375,27.568268204145383,5
2500,endpoint,10000,0.05,none,86,0.734551215171814,0.038763316980350224,-0.44695116877555846,0.06314946397286246,6857.0,108.1457350060556,604.862646484375,27.64623401032611,604.862646484375,27.64623401032611,5
2500,endpoint,10000,0.05,none,87,0.7345001816749572,0.03872694434650482,-0.44686033129692077,0.06315370561362062,6854.6,108.34574287898901,606.4314697265625,27.71881436344655,606.4314697265625,27.71881436344655,5
2500,endpoint,10000,0.05,none,88,0.7344491481781006,0.038809442453505066,-0.4467298090457916,0.0631435584732625,6853.6,109.74652614092166,607.9829956054688,27.790903513370793,607.9829956054688,27.790903513370793,5
2500,endpoint,10000,0.05,none,89,0.7343675136566162,0.03875277446917061,-0.44662716388702395,0.0631367245094103,6852.0,110.46945279125809,609.5130737304687,27.864248341078223,609.5130737304687,27.864248341078223,5
2500,endpoint,10000,0.05,none,90,0.7343573093414306,0.03876445923578251,-0.4465135335922241,0.06313564000512609,6851.0,109.42805855903686,611.0212036132813,27.93134621285031,611.0212036132813,27.93134621285031,5
2500,endpoint,10000,0.05,none,91,0.7342756509780883,0.038757083884082034,-0.4464050233364105,0.06313877654943284,6850.0,111.16654172906523,612.5120971679687,27.999213279993786,612.5120971679687,27.999213279993786,5
2500,endpoint,10000,0.05,none,92,0.7341531872749328,0.03874152375181821,-0.446310818195343,0.06314048581527015,6849.0,109.52396997917853,613.9854370117188,28.07281729341838,613.9854370117188,28.07281729341838,5
2500,endpoint,10000,0.05,none,93,0.7341633915901185,0.038731478990682765,-0.4462024629116058,0.06312393722029236,6847.2,110.7573925297991,615.4363403320312,28.1382353443567,615.4363403320312,28.1382353443567,5
2500,endpoint,10000,0.05,none,94,0.7340919494628906,0.03878290494227695,-0.4460948884487152,0.06312290461936856,6846.6,111.71750086714256,616.87177734375,28.194629663642726,616.87177734375,28.194629663642726,5
2500,endpoint,10000,0.05,none,95,0.7340103030204773,0.0387303455405057,-0.4460066258907318,0.06312351890056221,6843.8,111.74837806429228,618.2888793945312,28.266720165729375,618.2888793945312,28.266720165729375,5
2500,endpoint,10000,0.05,none,96,0.733949077129364,0.03870251899530756,-0.44590453505516053,0.06311846923601488,6842.2,110.57440933597611,619.6897827148438,28.324286725077503,619.6897827148438,28.324286725077503,5
2500,endpoint,10000,0.05,none,97,0.7338674426078796,0.03872849689019281,-0.4458195626735687,0.0631132744662037,6839.8,109.86218639732235,621.0803466796875,28.387968389149147,621.0803466796875,28.387968389149147,5
2500,endpoint,10000,0.05,none,98,0.7338368177413941,0.038729143949433546,-0.4457066833972931,0.0631066192717981,6840.0,109.79070998950685,622.4485595703125,28.450491826883567,622.4485595703125,28.450491826883567,5
2500,endpoint,10000,0.05,none,99,0.7338062047958374,0.03870867884353269,-0.4456048011779785,0.0631041323554655,6838.2,109.51803504446197,623.8017456054688,28.513660546674267,623.8017456054688,28.513660546674267,5
2500,endpoint,10000,0.05,none,100,0.7337347626686096,0.03868955978387922,-0.4455270767211914,0.06311656577113915,6837.2,108.93667885519551,625.1473266601563,28.573622944311637,625.1473266601563,28.573622944311637,5
2500,endpoint,10000,0.05,none,101,0.7337347626686096,0.03865411372757283,-0.4454156219959259,0.06310040044731392,6835.4,109.2121788080432,626.4799926757812,28.631689918019777,626.4799926757812,28.631689918019777,5
2500,endpoint,10000,0.05,none,102,0.7336428999900818,0.03872716956611211,-0.44533527493476865,0.06310769817368926,6833.6,109.58695177802876,627.7958862304688,28.689265740317815,627.7958862304688,28.689265740317815,5
2500,endpoint,10000,0.05,none,103,0.7335306525230407,0.03867995699883972,-0.44522663950920105,0.06309693244247469,6832.4,109.22591267643406,629.0997314453125,28.751074788260166,629.0997314453125,28.751074788260166,5
2500,endpoint,10000,0.05,none,104,0.733571457862854,0.03869415971345002,-0.4451500833034515,0.06308700017994684,6831.2,111.43473426180906,630.3894897460938,28.81068238877597,630.3894897460938,28.81068238877597,5
2500,endpoint,10000,0.05,none,105,0.7334490060806275,0.03865557264870009,-0.44505742788314817,0.06308786831458202,6829.6,110.45044137530641,631.667919921875,28.86929334637916,631.667919921875,28.86929334637916,5
2500,endpoint,10000,0.05,none,106,0.7334490060806275,0.038594424481528014,-0.44496071338653564,0.06309326559001112,6829.0,110.38342266844238,632.9352294921875,28.925067789376506,632.9352294921875,28.925067789376506,5
2500,endpoint,10000,0.05,none,107,0.7333979725837707,0.038663101647650584,-0.4448974907398224,0.06308117750783379,6829.6,110.57033960334932,634.1861694335937,28.983694933177393,634.1861694335937,28.983694933177393,5
2500,endpoint,10000,0.05,none,108,0.7333163142204284,0.03865234868180762,-0.44478958249092104,0.06308489199560757,6828.4,109.66904759320198,635.4261474609375,29.040735618129872,635.4261474609375,29.040735618129872,5
2500,endpoint,10000,0.05,none,109,0.7332550883293152,0.03863918133275865,-0.44471144676208496,0.06308176778728504,6827.6,110.38931107675235,636.6570190429687,29.092914812742585,636.6570190429687,29.092914812742585,5
2500,endpoint,10000,0.05,none,110,0.7332448720932007,0.0386744977840355,-0.4446180760860443,0.06307144261594425,6826.4,110.33947616333874,637.8780029296875,29.150857776093556,637.8780029296875,29.150857776093556,5
2500,endpoint,10000,0.05,none,111,0.7331734418869018,0.038692777392439544,-0.4445513188838959,0.06307401908819979,6825.4,109.75563766841319,639.0863647460938,29.201927619840127,639.0863647460938,29.201927619840127,5
2500,endpoint,10000,0.05,none,112,0.7330713868141174,0.038645542583859924,-0.44446399211883547,0.0630724060529021,6824.0,109.87265355856297,640.2813110351562,29.258972150971356,640.2813110351562,29.258972150971356,5
2500,endpoint,10000,0.05,none,113,0.7330713868141174,0.03861429279331036,-0.444369250535965,0.06305627411061339,6822.0,109.65172137271718,641.47021484375,29.315555882430893,641.47021484375,29.315555882430893,5
2500,endpoint,10000,0.05,none,114,0.7330305695533752,0.038596394252558126,-0.44429793357849123,0.0630651503304241,6820.8,110.20299451466825,642.64794921875,29.368080188637922,642.64794921875,29.368080188637922,5
2500,endpoint,10000,0.05,none,115,0.7329897403717041,0.038561790468679934,-0.44422001838684083,0.06306155283110376,6820.4,108.45183262628622,643.8158569335938,29.421972197510367,643.8158569335938,29.421972197510367,5
2500,endpoint,10000,0.05,none,116,0.7329183101654053,0.03853714596914859,-0.44412376284599303,0.06306140408293144,6818.2,107.59739773804941,644.9749877929687,29.47531812124239,644.9749877929687,29.47531812124239,5
2500,endpoint,10000,0.05,none,117,0.7328876972198486,0.038593262707453654,-0.44405363202095033,0.06304850812842461,6817.2,107.91524452087388,646.1289672851562,29.525034652922745,646.1289672851562,29.525034652922745,5
2500,endpoint,10000,0.05,none,118,0.7328672766685486,0.03858653577122014,-0.4439805746078491,0.06304611031798131,6817.6,107.86241235944985,647.2668701171875,29.57867357800877,647.2668701171875,29.57867357800877,5
2500,endpoint,10000,0.05,none,119,0.7328468561172485,0.03863064538745257,-0.44390066862106325,0.06305929234076027,6815.8,107.46487798346025,648.3971069335937,29.632439946577804,648.3971069335937,29.632439946577804,5
2500,endpoint,10000,0.05,none,120,0.7328366756439209,0.03859764744360329,-0.4438034653663635,0.06304858505006151,6813.8,108.0680341266556,649.5237670898438,29.680912408620323,649.5237670898438,29.680912408620323,5
2500,endpoint,10000,0.05,none,121,0.732836651802063,0.03867691380203309,-0.4437484979629517,0.06304802670462191,6813.6,106.800280898507,650.635400390625,29.730768774557664,650.635400390625,29.730768774557664,5
2500,endpoint,10000,0.05,none,122,0.7327448129653931,0.03855258969721328,-0.44366509318351743,0.06305417773568024,6812.4,107.13682840181522,651.7379272460937,29.779630346351954,651.7379272460937,29.779630346351954,5
2500,endpoint,10000,0.05,none,123,0.7327345848083496,0.03858379825471348,-0.44357776641845703,0.06304453693437527,6810.8,106.39407878260894,652.8368408203125,29.828788811927875,652.8368408203125,29.828788811927875,5
2500,endpoint,10000,0.05,none,124,0.7326733589172363,0.03869532590922144,-0.4435028970241547,0.0630390147199423,6810.6,106.58939909765887,653.923974609375,29.881255087210494,653.923974609375,29.881255087210494,5
2500,endpoint,10000,0.05,none,125,0.7325406908988953,0.03859567007540973,-0.443426251411438,0.06304430242535343,6808.6,106.49319227067991,655.0042846679687,29.92431454846094,655.0042846679687,29.92431454846094,5
2500,endpoint,10000,0.05,none,126,0.7324998855590821,0.03857615228113837,-0.44337599277496337,0.06304361895415192,6808.2,106.28593509961702,656.0828735351563,29.975670749316276,656.0828735351563,29.975670749316276,5
2500,endpoint,10000,0.05,none,127,0.7324998855590821,0.03857912177506506,-0.44327335953712466,0.0630386294642588,6806.8,106.24123493258162,657.14775390625,30.021714694262826,657.14775390625,30.021714694262826,5
2500,endpoint,10000,0.05,none,128,0.7324386477470398,0.038576444414248776,-0.4432243824005127,0.06304658520329388,6806.0,107.92126759818937,658.2064331054687,30.067877187186063,658.2064331054687,30.067877187186063,5
2500,endpoint,10000,0.05,none,129,0.732367193698883,0.03855234872223226,-0.44312813878059387,0.063036610737525,6805.0,107.66382865196648,659.2628051757813,30.11532048285396,659.2628051757813,30.11532048285396,5
2500,endpoint,10000,0.05,none,130,0.7323569893836975,0.03859403767031333,-0.44307528138160707,0.06303163651677063,6804.0,106.36963852528596,660.3079345703125,30.16174295626853,660.3079345703125,30.16174295626853,5
2500,endpoint,10000,0.05,none,131,0.7322855591773987,0.0385576711672644,-0.4429849565029144,0.06303317459687147,6802.6,106.37339893037168,661.3451904296875,30.207557192632276,661.3451904296875,30.207557192632276,5
2500,endpoint,10000,0.05,none,132,0.732254934310913,0.03855765729712202,-0.44292948246002195,0.06302747855254537,6802.4,107.32800193798448,662.3774291992188,30.25518233882782,662.3774291992188,30.25518233882782,5
2500,endpoint,10000,0.05,none,133,0.7322141170501709,0.03855116437880106,-0.4428545594215393,0.06303838502031492,6799.8,107.20401111898752,663.3987915039063,30.299627431436537,663.3987915039063,30.299627431436537,5
2500,endpoint,10000,0.05,none,134,0.7321937084197998,0.038498992322240765,-0.44279887080192565,0.06303117304703762,6799.0,106.59033727313185,664.4193603515625,30.34314711124168,664.4193603515625,30.34314711124168,5
2500,endpoint,10000,0.05,none,135,0.7321324706077575,0.03854842379502454,-0.44271581768989565,0.06302198806675909,6798.4,107.48627819400949,665.4300415039063,30.390143605644884,665.4300415039063,30.390143605644884,5
2500,endpoint,10000,0.05,none,136,0.7320916414260864,0.03855088313465478,-0.4426474332809448,0.06301902363135649,6797.4,108.19103474872583,666.4358032226562,30.43337022658648,666.4358032226562,30.43337022658648,5
2500,endpoint,10000,0.05,none,137,0.7320508241653443,0.038495136428416024,-0.44257837533950806,0.0630116350642048,6797.8,108.31297244559397,667.4341918945313,30.47952121386613,667.4341918945313,30.47952121386613,5
2500,endpoint,10000,0.05,none,138,0.7320916414260864,0.038454749448423975,-0.4424969553947449,0.06301065141707997,6797.0,109.01146728670338,668.4276245117187,30.52499709952972,668.4276245117187,30.52499709952972,5
2500,endpoint,10000,0.05,none,139,0.7320099949836731,0.03848763709319354,-0.44245837926864623,0.06300326112765034,6795.6,108.72120308385112,669.4118530273438,30.566387334043846,669.4118530273438,30.566387334043846,5
2500,endpoint,10000,0.05,none,140,0.7320304036140441,0.038463212482446336,-0.44236973524093626,0.06300596482855159,6794.4,107.86704779495915,670.3932739257813,30.610740683354027,670.3932739257813,30.610740683354027,5
2500,endpoint,10000,0.05,none,141,0.7319691777229309,0.03841181902168727,-0.44232586622238157,0.06300615908792065,6794.0,107.35455276791944,671.3679443359375,30.65379995973244,671.3679443359375,30.65379995973244,5
2500,endpoint,10000,0.05,none,142,0.7319385647773743,0.03842943430425472,-0.4422352254390717,0.06299351709826771,6793.2,108.47903023165352,672.3389892578125,30.697705251755924,672.3389892578125,30.697705251755924,5
2500,endpoint,10000,0.05,none,143,0.7318671226501465,0.03840859560270781,-0.4421856701374054,0.06300129665473163,6791.2,107.54859366816471,673.3005737304687,30.741832223533386,673.3005737304687,30.741832223533386,5
2500,endpoint,10000,0.05,none,144,0.7319385647773743,0.038376084246061766,-0.4421041011810303,0.06299146939640464,6790.8,107.53464557992461,674.2570922851562,30.78465943202424,674.2570922851562,30.78465943202424,5
2500,endpoint,10000,0.05,none,145,0.7318364977836609,0.03842082161463968,-0.44205750823020934,0.06300801968585555,6789.6,106.37339893037168,675.2109619140625,30.827512936411942,675.2109619140625,30.827512936411942,5
2500,endpoint,10000,0.05,none,146,0.7318875432014466,0.03836871745775547,-0.44197404384613037,0.0629896298483476,6788.4,106.90088867731643,676.1588012695313,30.87015518406855,676.1588012695313,30.87015518406855,5
2500,endpoint,10000,0.05,none,147,0.7318262934684754,0.038432766504619055,-0.44191997647285464,0.06298973154274846,6787.0,106.96494752955287,677.1016723632813,30.91280459197482,677.1016723632813,30.91280459197482,5
2500,endpoint,10000,0.05,none,148,0.7318365097045898,0.038437288600621254,-0.44183809161186216,0.06297953012624666,6785.4,106.62457502846142,678.0372192382813,30.956417466387595,678.0372192382813,30.956417466387595,5
2500,endpoint,10000,0.05,none,149,0.7318263173103332,0.038441071770651834,-0.4418042480945587,0.06298427261275409,6785.8,106.88638828213816,678.9704956054687,30.993616668530397,678.9704956054687,30.993616668530397,5
2500,endpoint,10000,0.1,accuracy_drop_selector_with_resampling,-1,0.7678624391555786,0.038630936334284466,-0.5034046530723572,0.06379191930079747,0.0,0.0,0.0,0.0,0.0,0.0,5
2500,endpoint,10000,0.1,accuracy_drop_selector_with_resampling,0,0.7675868749618531,0.03868621239994546,-0.5033992648124694,0.06379433318019286,5056.2,617.4606870076831,7.934688663482666,2.3625818886673433,7.934688663482666,2.3625818886673433,5
2500,endpoint,10000,0.1,accuracy_drop_selector_with_resampling,1,0.7666683554649353,0.03898297496272657,-0.5030803442001343,0.06384187010862599,7141.0,285.1306717980372,21.069699478149413,6.432116351488755,21.069699478149413,6.432116351488755,5
2500,endpoint,10000,0.1,accuracy_drop_selector_with_resampling,2,0.7650354623794555,0.03959172982956754,-0.5018184840679168,0.06435059716399431,6973.0,223.09639172339834,37.64968643188477,12.078647650558725,37.64968643188477,12.078647650558725,5
2500,endpoint,10000,0.1,accuracy_drop_selector_with_resampling,3,0.7630249500274658,0.03995363723791191,-0.49959181547164916,0.06499438864818739,6844.6,242.38564313919255,57.166744232177734,17.693574492472624,57.166744232177734,17.693574492472624,5
2500,endpoint,10000,0.1,accuracy_drop_selector_with_resampling,4,0.7609531879425049,0.04035271234482026,-0.49667073488235475,0.06564024468287209,6758.4,261.28872918669873,79.08661575317383,23.251810482661288,79.08661575317383,23.251810482661288,5
2500,endpoint,10000,0.1,accuracy_drop_selector_with_resampling,5,0.7589733242988587,0.04074140747432845,-0.49347779154777527,0.06615029478314342,6660.4,293.8763345354641,102.30401306152343,28.184539449202582,102.30401306152343,28.184539449202582,5
2500,endpoint,10000,0.1,accuracy_drop_selector_with_resampling,6,0.7568709492683411,0.04089609401555085,-0.49031352400779726,0.06658242356167546,6614.0,273.0677571592809,126.30579986572266,32.08444585003216,126.30579986572266,32.08444585003216,5
2500,endpoint,10000,0.1,accuracy_drop_selector_with_resampling,7,0.755023717880249,0.04107578959197244,-0.48718082904815674,0.06686128156325563,6580.6,334.12467732868816,150.73408203125,35.06011374735448,150.73408203125,35.06011374735448,5
2500,endpoint,10000,0.1,accuracy_drop_selector_with_resampling,8,0.7534112453460693,0.04122281779417107,-0.4841229200363159,0.06695871850284346,6532.4,323.30836673368043,175.26417236328126,37.149017107197885,175.26417236328126,37.149017107197885,5
2500,endpoint,10000,0.1,accuracy_drop_selector_with_resampling,9,0.751839566230774,0.041253253474183835,-0.4812043309211731,0.06694163096904669,6484.4,329.73519678675495,199.7556182861328,38.63582718467461,199.7556182861328,38.63582718467461,5
2500,endpoint,10000,0.1,accuracy_drop_selector_with_resampling,10,0.7501352310180665,0.041142833920743506,-0.47834442257881166,0.06680901280270529,6424.8,347.1529922094868,224.14132995605468,39.40783887786483,224.14132995605468,39.40783887786483,5
2500,endpoint,10000,0.1,accuracy_drop_selector_with_resampling,11,0.7485023140907288,0.040804151855061754,-0.47557761073112487,0.06658826238240423,6397.8,330.6292485549335,248.31683959960938,39.8292009599345,248.31683959960938,39.8292009599345,5
2500,endpoint,10000,0.1,accuracy_drop_selector_with_resampling,12,0.7471449732780456,0.04039480919628571,-0.47296611666679383,0.06631686270911763,6319.4,365.69974022413527,272.1442626953125,40.06201264004207,272.1442626953125,40.06201264004207,5
2500,endpoint,10000,0.1,accuracy_drop_selector_with_resampling,13,0.7458794713020325,0.04039767255596215,-0.47043747305870054,0.06600894730380467,6318.4,394.15770955291487,295.77623291015624,40.08641699438497,295.77623291015624,40.08641699438497,5
2500,endpoint,10000,0.1,accuracy_drop_selector_with_resampling,14,0.7443179965019227,0.039973993118277484,-0.4680155813694,0.06569617926378801,6260.4,361.28008525242575,319.0858947753906,40.083140641730196,319.0858947753906,40.083140641730196,5
2500,endpoint,10000,0.1,accuracy_drop_selector_with_resampling,15,0.7430014848709107,0.04006392408350668,-0.4657005250453949,0.06538604207831408,6250.4,368.0235046841438,342.0807189941406,40.066973903472835,342.0807189941406,40.066973903472835,5
2500,endpoint,10000,0.1,accuracy_drop_selector_with_resampling,16,0.7417972207069397,0.03962422206051609,-0.46344812512397765,0.06509279327592073,6235.8,393.1611628836195,364.7219970703125,39.9592129537312,364.7219970703125,39.9592129537312,5
2500,endpoint,10000,0.1,accuracy_drop_selector_with_resampling,17,0.7404602766036987,0.03933238269341985,-0.46129841804504396,0.06482329982532846,6214.4,406.5959911263268,386.98292236328126,39.926174448076644,386.98292236328126,39.926174448076644,5
2500,endpoint,10000,0.1,accuracy_drop_selector_with_resampling,18,0.7394805312156677,0.0392832380863112,-0.4592293381690979,0.06458644091686723,6177.8,378.6240879817342,408.85516357421875,39.83913068617012,408.85516357421875,39.83913068617012,5
2500,endpoint,10000,0.1,accuracy_drop_selector_with_resampling,19,0.7384395599365234,0.03890315360953362,-0.45725294947624207,0.06434071706358375,6150.6,399.0411006400218,430.39711303710936,39.60875927188953,430.39711303710936,39.60875927188953,5
2500,endpoint,10000,0.1,accuracy_drop_selector_with_resampling,20,0.7373679757118226,0.03896607544788491,-0.455346816778183,0.06410372517194177,6144.4,389.1154070452621,451.6305847167969,39.42369678680724,451.6305847167969,39.42369678680724,5
2500,endpoint,10000,0.1,accuracy_drop_selector_with_resampling,21,0.736265754699707,0.0389494628087082,-0.45350751280784607,0.06388092065750926,6115.6,419.21152178822564,472.66961669921875,39.268089697480114,472.66961669921875,39.268089697480114,5
2500,endpoint,10000,0.1,accuracy_drop_selector_with_resampling,22,0.7352451920509339,0.039043913711759075,-0.4516648888587952,0.06366911560487484,6083.8,381.39769270408544,493.46860961914064,39.1364967888279,493.46860961914064,39.1364967888279,5
2500,endpoint,10000,0.1,accuracy_drop_selector_with_resampling,23,0.7342756628990174,0.03881771179151487,-0.44988163113594054,0.06347915390744913,6089.2,409.8599760893957,513.9642456054687,38.987733058923304,513.9642456054687,38.987733058923304,5
2500,endpoint,10000,0.1,accuracy_drop_selector_with_resampling,24,0.7333877563476563,0.038645413287397956,-0.4481481075286865,0.06329523868767122,6057.2,398.67367608107764,534.2171325683594,38.76459015948663,534.2171325683594,38.76459015948663,5
2500,endpoint,10000,0.1,accuracy_drop_selector_with_resampling,25,0.732479453086853,0.038745995342419515,-0.4464905560016632,0.0630871625685647,6050.2,400.63911441595417,554.1797607421875,38.65539659014979,554.1797607421875,38.65539659014979,5
2500,endpoint,10000,0.1,accuracy_drop_selector_with_resampling,26,0.7314793109893799,0.03857334651576065,-0.4448764562606812,0.06289079734770392,6014.2,407.69621043124744,573.9228515625,38.506887244592605,573.9228515625,38.506887244592605,5
2500,endpoint,10000,0.1,accuracy_drop_selector_with_resampling,27,0.7307343006134033,0.03831321182168114,-0.4432854771614075,0.06268880331364067,6029.0,408.18071977985437,593.51708984375,38.39474074804493,593.51708984375,38.39474074804493,5
2500,endpoint,10000,0.1,accuracy_drop_selector_with_resampling,28,0.7298157930374145,0.038183079560816485,-0.44170084595680237,0.06248865912007599,6026.2,365.81716744844,612.9090209960938,38.37641404875202,612.9090209960938,38.37641404875202,5
2500,endpoint,10000,0.1,accuracy_drop_selector_with_resampling,29,0.7290605664253235,0.03812825284116474,-0.440201073884964,0.06229184226905665,5986.6,365.76809592964776,631.8945068359375,38.286697153992606,631.8945068359375,38.286697153992606,5
2500,endpoint,10000,0.1,accuracy_drop_selector_with_resampling,30,0.7281216502189636,0.038002392800644366,-0.43873903155326843,0.062116883291685736,5973.2,393.1160134107996,650.7517211914062,38.22434614678653,650.7517211914062,38.22434614678653,5
2500,endpoint,10000,0.1,accuracy_drop_selector_with_resampling,31,0.7273256182670593,0.03770901354163851,-0.43729721307754515,0.061948595355868614,5979.4,380.7581909821508,669.4499267578125,38.18540841623771,669.4499267578125,38.18540841623771,5
2500,endpoint,10000,0.1,accuracy_drop_selector_with_resampling,32,0.7264479279518128,0.03784427393637694,-0.43590034246444703,0.06179039490424532,5950.2,377.68730452584714,687.8166870117187,38.22004952673307,687.8166870117187,38.22004952673307,5
2500,endpoint,10000,0.1,accuracy_drop_selector_with_resampling,33,0.7255702376365661,0.0378262725478458,-0.43452359437942506,0.06164050817508703,5957.2,389.9573053553427,706.0857666015625,38.32518487064328,706.0857666015625,38.32518487064328,5
2500,endpoint,10000,0.1,accuracy_drop_selector_with_resampling,34,0.7248558402061462,0.037607384756182964,-0.4332018494606018,0.06147046771873662,5941.2,397.36217736468075,724.1941772460938,38.55525156139449,724.1941772460938,38.55525156139449,5
2500,endpoint,10000,0.1,accuracy_drop_selector_with_resampling,35,0.7241720676422119,0.03752494385430759,-0.431906121969223,0.061318488566420117,5912.8,409.79714493880994,742.0174194335938,38.71419691620859,742.0174194335938,38.71419691620859,5
2500,endpoint,10000,0.1,accuracy_drop_selector_with_resampling,36,0.7235903382301331,0.037514745481709244,-0.4306320667266846,0.06117220191679045,5889.0,386.033029674923,759.701171875,38.87769669162107,759.701171875,38.87769669162107,5
2500,endpoint,10000,0.1,accuracy_drop_selector_with_resampling,37,0.7227126598358155,0.037196332284100075,-0.42938959002494814,0.06102068535499785,5906.8,362.99683194209837,777.2259887695312,39.15074952177282,777.2259887695312,39.15074952177282,5
2500,endpoint,10000,0.1,accuracy_drop_selector_with_resampling,38,0.7219778656959533,0.0372150844028514,-0.428178596496582,0.06086311479508466,5873.4,391.37999437886447,794.5745727539063,39.39192245947636,794.5745727539063,39.39192245947636,5
2500,endpoint,10000,0.1,accuracy_drop_selector_with_resampling,39,0.7213349103927612,0.03707862236909992,-0.42700367569923403,0.06070550402543074,5906.6,393.60043191033213,811.7135620117188,39.73395691591499,811.7135620117188,39.73395691591499,5
2500,endpoint,10000,0.1,accuracy_drop_selector_with_resampling,40,0.7205592870712281,0.03685882573270245,-0.42583559155464173,0.060569224251001336,5853.0,397.7807184869573,828.7728881835938,40.17741167643471,828.7728881835938,40.17741167643471,5
2500,endpoint,10000,0.1,accuracy_drop_selector_with_resampling,41,0.7201510429382324,0.03677895465354578,-0.42469639182090757,0.060418347980874205,5879.4,388.0880054832924,845.7498657226563,40.66472451991708,845.7498657226563,40.66472451991708,5
2500,endpoint,10000,0.1,accuracy_drop_selector_with_resampling,42,0.719446861743927,0.03666587106339176,-0.42357025742530824,0.06026722134057757,5874.8,413.5476997880656,862.4942504882813,41.1586170488527,862.4918823242188,41.16025120845585,5
2500,endpoint,10000,0.1,accuracy_drop_selector_with_resampling,43,0.7188345074653626,0.036668985321543224,-0.42248888611793517,0.06010667569586993,5860.8,384.03020714521926,879.0914306640625,41.73106658616312,879.0889770507813,41.73274838022634,5
2500,endpoint,10000,0.1,accuracy_drop_selector_with_resampling,44,0.7181405425071716,0.03660167283902804,-0.42141678333282473,0.059978343794745564,5844.0,395.27458810300465,895.5144775390625,42.33871178965074,895.5099731445313,42.33944263042123,5
2500,endpoint,10000,0.1,accuracy_drop_selector_with_resampling,45,0.7175281882286072,0.03649532320885702,-0.4203540563583374,0.05982189700188387,5840.0,400.1031117099691,911.8760375976562,43.0346674348179,911.8695434570312,43.03342646629721,5
2500,endpoint,10000,0.1,accuracy_drop_selector_with_resampling,46,0.7169668912887573,0.03663299279173699,-0.4193147838115692,0.05965432098798243,5817.8,393.1993133259518,928.1107666015625,43.78692825742235,928.1043212890625,43.78565332488927,5
2500,endpoint,10000,0.1,accuracy_drop_selector_with_resampling,47,0.7164055705070496,0.03657848567421908,-0.4182956337928772,0.0594897125020486,5830.8,383.2266953123177,944.242529296875,44.58061258003191,944.235205078125,44.57866557689273,5
2500,endpoint,10000,0.1,accuracy_drop_selector_with_resampling,48,0.7157728195190429,0.03655786501911433,-0.41728517413139343,0.05932800930077298,5833.8,407.91751617208104,960.2187255859375,45.43221179564907,960.2084838867188,45.43052862517849,5
2500,endpoint,10000,0.1,accuracy_drop_selector_with_resampling,49,0.7152217268943787,0.036419967505905725,-0.416307669878006,0.05919316978321775,5824.0,386.30234273170026,976.02548828125,46.38659937818326,976.0144653320312,46.38531730877857,5
2500,endpoint,10000,0.1,accuracy_drop_selector_with_resampling,50,0.7146093845367432,0.03625583581095406,-0.41535080075263975,0.05903101842473781,5808.4,386.51300107499617,992.0459350585937,47.18794700352022,992.0331909179688,47.18757016350412,5
2500,endpoint,10000,0.1,accuracy_drop_selector_with_resampling,51,0.7142419695854187,0.03630599495563165,-0.4144103765487671,0.05887342612195264,5804.2,385.9911916093423,1003.2927978515625,47.77545190048296,1003.2835571289063,47.77519652524213,5
2500,endpoint,10000,0.1,accuracy_drop_selector_with_resampling,52,0.7139664053916931,0.036199782983801575,-0.413740998506546,0.058750408614394095,5801.4,388.04226573918464,1012.4768432617187,48.2341179966297,1012.4681030273438,48.23189714427084,5
2500,endpoint,10000,0.1,accuracy_drop_selector_with_resampling,53,0.7136500597000122,0.03625869941746793,-0.4132021427154541,0.05867050963449278,5798.2,389.30604927229166,1020.3992309570312,48.65495556274124,1020.39150390625,48.65275479909531,5
2500,endpoint,10000,0.1,accuracy_drop_selector_with_resampling,54,0.7133949041366577,0.036203450775445664,-0.4127261757850647,0.05860909088743508,5796.4,391.24902555789197,1027.46875,49.019694113652726,1027.4617797851563,49.01756138320785,5
2500,endpoint,10000,0.1,accuracy_drop_selector_with_resampling,55,0.7131805777549743,0.03623937722276677,-0.4123065948486328,0.0585570145854404,5789.8,387.0758323636339,1033.8994995117187,49.36242657641729,1033.8925048828125,49.359520960774184,5
2500,endpoint,10000,0.1,accuracy_drop_selector_with_resampling,56,0.7130581259727478,0.036148417229428166,-0.41193129420280455,0.05848802436562238,5785.0,387.0710529088942,1039.8154663085938,49.69028949793868,1039.8090454101562,49.68759750792245,5
2500,endpoint,10000,0.1,accuracy_drop_selector_with_resampling,57,0.7127723574638367,0.03617147714967793,-0.41157200932502747,0.05845419471329023,5784.6,389.22204459665437,1045.3424438476563,50.0007012765775,1045.3364135742188,49.99814812386838,5
2500,endpoint,10000,0.1,accuracy_drop_selector_with_resampling,58,0.7126396894454956,0.03616717814341261,-0.4112574815750122,0.058395890219278296,5780.2,390.8992197485178,1050.5370971679688,50.29551919774492,1050.5314331054688,50.29309937432372,5
2500,endpoint,10000,0.1,accuracy_drop_selector_with_resampling,59,0.7125478386878967,0.03615180102142019,-0.41095932126045226,0.058362738138085894,5776.4,391.3065294625174,1055.4410278320313,50.5824358896616,1055.4357055664063,50.58013793820104,5
2500,endpoint,10000,0.1,accuracy_drop_selector_with_resampling,60,0.7123131155967712,0.03610055678134419,-0.4106794595718384,0.058301610584793856,5776.0,390.2832304878087,1060.1083251953125,50.861864323102495,1060.103076171875,50.85988194609983,5
2500,endpoint,10000,0.1,accuracy_drop_selector_with_resampling,61,0.7122620701789856,0.03615141983580099,-0.41040078997612,0.05826649008937765,5773.4,391.9863518032229,1064.5674926757813,51.152587268106956,1064.5621215820313,51.15134808277385,5
2500,endpoint,10000,0.1,accuracy_drop_selector_with_resampling,62,0.7120681762695312,0.03596950664288847,-0.41014784574508667,0.05821676781754456,5770.6,394.62235111559505,1068.839404296875,51.41718586158535,1068.8342163085938,51.416010863482335,5
2500,endpoint,10000,0.1,accuracy_drop_selector_with_resampling,63,0.7119661092758178,0.03600503850373866,-0.4099042177200317,0.05817265045418826,5766.2,394.82236512132897,1072.9501342773438,51.673319146903566,1072.9452026367187,51.67225094054456,5
2500,endpoint,10000,0.1,accuracy_drop_selector_with_resampling,64,0.7119048833847046,0.0358943848670651,-0.40967405438423155,0.05815116012362085,5763.2,396.7274883342469,1076.8976440429688,51.93869711425724,1076.8927856445312,51.93755662111095,5
2500,endpoint,10000,0.1,accuracy_drop_selector_with_resampling,65,0.7117211937904357,0.03593439308719554,-0.40944050550460814,0.058118185504939725,5761.2,397.73571627401026,1080.7203369140625,52.17798147162664,1080.7156494140625,52.176929156347946,5
2500,endpoint,10000,0.1,accuracy_drop_selector_with_resampling,66,0.7115987181663513,0.035882780512832314,-0.40922200083732607,0.058069714164779206,5757.2,394.3040704836814,1084.4268310546875,52.428875492013994,1084.4222778320313,52.42785046089985,5
2500,endpoint,10000,0.1,accuracy_drop_selector_with_resampling,67,0.7115068674087525,0.035905113205592136,-0.40902718901634216,0.05804673102770752,5754.4,397.3226648455887,1088.0036010742188,52.66221344600847,1087.9991821289063,52.66119588720995,5
2500,endpoint,10000,0.1,accuracy_drop_selector_with_resampling,68,0.711384391784668,0.03585844853077677,-0.40881677269935607,0.0580075769115944,5750.6,397.30945118383477,1091.4921752929688,52.90354817699633,1091.4875610351562,52.902670304957255,5
2500,endpoint,10000,0.1,accuracy_drop_selector_with_resampling,69,0.7112619280815125,0.03578434169251462,-0.408621621131897,0.05796722758110498,5746.2,397.5213201829557,1094.8804931640625,53.13341919522181,1094.8758666992187,53.13255432585298,5
2500,endpoint,10000,0.1,accuracy_drop_selector_with_resampling,70,0.711047625541687,0.03579021978912234,-0.4084252595901489,0.0579454902482849,5746.4,398.154241469308,1098.184228515625,53.36777489330114,1098.1797973632813,53.36700126157952,5
2500,endpoint,10000,0.1,accuracy_drop_selector_with_resampling,71,0.7109353423118592,0.03574907671155151,-0.4082518398761749,0.057919338389316406,5744.2,396.32019882917905,1101.399169921875,53.59187495883075,1101.394873046875,53.59110803079745,5
2500,endpoint,10000,0.1,accuracy_drop_selector_with_resampling,72,0.7108843207359314,0.03565976110312836,-0.4080622375011444,0.057881723488724196,5740.8,397.36406480707336,1104.5395874023438,53.81356415241916,1104.5353393554688,53.812735013401536,5
2500,endpoint,10000,0.1,accuracy_drop_selector_with_resampling,73,0.710782265663147,0.03556676849042657,-0.40787585973739626,0.05786378791919118,5737.6,397.3138557865809,1107.618212890625,54.02127936725768,1107.6140625,54.02045305912254,5
2500,endpoint,10000,0.1,accuracy_drop_selector_with_resampling,74,0.7106802105903626,0.03554293710553063,-0.4077084243297577,0.05782745450516907,5736.0,397.3531175163975,1110.6095458984375,54.230649661200864,1110.6054931640624,54.22988382667142,5
2500,endpoint,10000,0.1,accuracy_drop_selector_with_resampling,75,0.7105169057846069,0.03548218801322296,-0.4075439453125,0.057794830567161455,5732.6,398.77349460564704,1113.5452392578125,54.447922203800665,1113.541259765625,54.44714872254149,5
2500,endpoint,10000,0.1,accuracy_drop_selector_with_resampling,76,0.710425055027008,0.035549561996520276,-0.4073781132698059,0.057763894936173996,5731.4,396.3808774398684,1116.4126220703124,54.64866281565203,1116.40869140625,54.647923965781615,5
2500,endpoint,10000,0.1,accuracy_drop_selector_with_resampling,77,0.7103025913238525,0.035547980206264276,-0.40720885396003725,0.05775135366799061,5730.2,397.91984117407367,1119.231201171875,54.85692988760546,1119.227392578125,54.856172514374286,5
2500,endpoint,10000,0.1,accuracy_drop_selector_with_resampling,78,0.7102107405662537,0.035497368184096614,-0.40706334114074705,0.057730977789643416,5727.2,398.0913211814596,1121.999169921875,55.05020879269058,1121.9952392578125,55.049438282480004,5
2500,endpoint,10000,0.1,accuracy_drop_selector_with_resampling,79,0.7101291060447693,0.03546066957999692,-0.4069009840488434,0.05770177732097977,5725.0,399.4752808372503,1124.710791015625,55.25034626214669,1124.7068115234374,55.24955667697072,5
2500,endpoint,10000,0.1,accuracy_drop_selector_with_resampling,80,0.7101188898086548,0.03557088339072605,-0.40675278902053835,0.05769153128256468,5723.8,397.7501728472283,1127.373681640625,55.443774752774765,1127.3697509765625,55.44301889868464,5
2500,endpoint,10000,0.1,accuracy_drop_selector_with_resampling,81,0.7100066304206848,0.03554669946941488,-0.406607049703598,0.057658831841771424,5720.4,397.135745054509,1129.98818359375,55.637971424066265,1129.9843505859376,55.637182395313936,5
2500,endpoint,10000,0.1,accuracy_drop_selector_with_resampling,82,0.7099658012390136,0.03547001093271145,-0.4064683258533478,0.05764467839181281,5718.8,397.5936367700067,1132.5573974609374,55.83462669732216,1132.5535888671875,55.8338443049641,5
2500,endpoint,10000,0.1,accuracy_drop_selector_with_resampling,83,0.709822928905487,0.035509651119813614,-0.4063222289085388,0.05761927386095543,5718.0,398.4363186256996,1135.0843505859375,56.023560312729906,1135.08056640625,56.02275799674469,5
2500,endpoint,10000,0.1,accuracy_drop_selector_with_resampling,84,0.7097923159599304,0.035527587793939816,-0.4061882674694061,0.05758473439082761,5714.0,398.9279383547861,1137.564599609375,56.19920191949852,1137.5607177734375,56.19800985252714,5
2500,endpoint,10000,0.1,accuracy_drop_selector_with_resampling,85,0.7097004532814026,0.03557410187192578,-0.4060421705245972,0.057576393298172886,5714.2,399.6582289907215,1140.0171875,56.385173792786965,1140.0133056640625,56.38403949258755,5
2500,endpoint,10000,0.1,accuracy_drop_selector_with_resampling,86,0.7096188306808472,0.03547648816832343,-0.4059180676937103,0.05756218386492335,5711.0,399.3169167465861,1142.4270751953125,56.56539213979702,1142.4230712890626,56.56427900130061,5
2500,endpoint,10000,0.1,accuracy_drop_selector_with_resampling,87,0.709557569026947,0.03550755410744691,-0.4057831585407257,0.05753029740766131,5708.4,400.0791171755907,1144.80078125,56.735936821580914,1144.7968017578125,56.734915056852024,5
2500,endpoint,10000,0.1,accuracy_drop_selector_with_resampling,88,0.709465742111206,0.03554108862626894,-0.4056427240371704,0.05751263956646814,5708.6,399.68712763860685,1147.1444091796875,56.91678487560847,1147.140234375,56.91540440103917,5
2500,endpoint,10000,0.1,accuracy_drop_selector_with_resampling,89,0.7094249129295349,0.03535945180142281,-0.4055249750614166,0.05748075734811031,5706.6,400.6535910234675,1149.4505126953125,57.09364198738158,1149.4463623046875,57.09228346108562,5
2500,endpoint,10000,0.1,accuracy_drop_selector_with_resampling,90,0.7093636751174927,0.03546950449935744,-0.4053901433944702,0.05746867565707994,5702.6,399.5532505186261,1151.7203125,57.27042140854328,1151.7161865234375,57.26906040225243,5
2500,endpoint,10000,0.1,accuracy_drop_selector_with_resampling,91,0.7093228459358215,0.03543850802977121,-0.40526829957962035,0.05744896043739093,5700.6,399.71402277128084,1153.9626220703126,57.4383208199717,1153.95849609375,57.43692886402731,5
2500,endpoint,10000,0.1,accuracy_drop_selector_with_resampling,92,0.7093330502510071,0.035394967125205685,-0.4051501929759979,0.05742504437771061,5699.2,401.5565962601038,1156.178662109375,57.610330541446935,1156.1744384765625,57.608760119664964,5
2500,endpoint,10000,0.1,accuracy_drop_selector_with_resampling,93,0.7092309951782226,0.03554670867087199,-0.40503484606742857,0.05741647798065416,5697.6,400.41078906542964,1158.3591064453126,57.78181019335326,1158.3549560546876,57.78025138149607,5
2500,endpoint,10000,0.1,accuracy_drop_selector_with_resampling,94,0.7092616200447083,0.03544781866397949,-0.4049071311950684,0.057408298192365016,5696.8,400.75640980525816,1160.515478515625,57.94202938292545,1160.51142578125,57.940480799611535,5
2500,endpoint,10000,0.1,accuracy_drop_selector_with_resampling,95,0.7091493606567383,0.03547539018166667,-0.4048037171363831,0.05736892163199184,5694.4,401.4919675410705,1162.638623046875,58.11410658452151,1162.634619140625,58.11259492431814,5
2500,endpoint,10000,0.1,accuracy_drop_selector_with_resampling,96,0.7090779066085815,0.03537156908550321,-0.40467662215232847,0.0573725749921419,5692.0,402.5804267472526,1164.742236328125,58.27584302666336,1164.73828125,58.274344086451194,5
2500,endpoint,10000,0.1,accuracy_drop_selector_with_resampling,97,0.7089350342750549,0.03533664832440627,-0.40457686185836794,0.05734312600273063,5690.8,400.09148953708075,1166.8208251953124,58.438717621431536,1166.816845703125,58.43722175157061,5
2500,endpoint,10000,0.1,accuracy_drop_selector_with_resampling,98,0.7087207198143005,0.035362070085202535,-0.40446029901504515,0.057320351857305364,5689.0,400.9033549373215,1168.8670654296875,58.599152351048936,1168.8630859375,58.59761553440545,5
2500,endpoint,10000,0.1,accuracy_drop_selector_with_resampling,99,0.7087309241294861,0.035351495927490824,-0.40434037446975707,0.05731507426603018,5688.4,400.285273273949,1170.8970703125,58.763291160805,1170.893017578125,58.761722776860026,5
2500,endpoint,10000,0.1,accuracy_drop_selector_with_resampling,100,0.7087207198143005,0.0353676835627443,-0.4042372465133667,0.05728625948240232,5686.6,398.76910612533663,1172.9000244140625,58.921677603184854,1172.8960693359375,58.92011227405146,5
2500,endpoint,10000,0.1,accuracy_drop_selector_with_resampling,101,0.7086390852928162,0.03532967856950625,-0.4041368901729584,0.057256234193520716,5684.8,400.34822342555736,1174.8868408203125,59.0846327146209,1174.88291015625,59.08307962293913,5
2500,endpoint,10000,0.1,accuracy_drop_selector_with_resampling,102,0.7085778474807739,0.035248962936271555,-0.40402517914772035,0.057253529767706014,5683.4,400.3152507711891,1176.8468505859375,59.24110231323707,1176.8429443359375,59.23956109311698,5
2500,endpoint,10000,0.1,accuracy_drop_selector_with_resampling,103,0.7085370302200318,0.03529901288849585,-0.4039255023002625,0.05722459980772536,5681.6,401.21478038576794,1178.784033203125,59.400018421765886,1178.7801025390625,59.39850540906092,5
2500,endpoint,10000,0.1,accuracy_drop_selector_with_resampling,104,0.7084656000137329,0.03530730954783534,-0.403816157579422,0.057205622154956656,5678.4,399.0273173606038,1180.70634765625,59.5542019591067,1180.702490234375,59.55272882131297,5
2500,endpoint,10000,0.1,accuracy_drop_selector_with_resampling,105,0.7083431124687195,0.03524296714973184,-0.40370496511459353,0.0571888990354351,5676.2,399.36349357446284,1182.606787109375,59.70336072128203,1182.6029541015625,59.70188136526411,5
2500,endpoint,10000,0.1,accuracy_drop_selector_with_resampling,106,0.7083431124687195,0.035208050383779166,-0.4036127507686615,0.05717565910241923,5675.6,398.2980040120713,1184.4872314453125,59.859475265763486,1184.483447265625,59.85797791558361,5
2500,endpoint,10000,0.1,accuracy_drop_selector_with_resampling,107,0.7082410454750061,0.035249638777773123,-0.4035185635089874,0.057151223725999005,5674.6,398.2201652352628,1186.3448486328125,60.01355030208769,1186.3411376953125,60.012130099776805,5
2500,endpoint,10000,0.1,accuracy_drop_selector_with_resampling,108,0.7082512497901916,0.03518219540584015,-0.40340965390205386,0.057150794806773916,5672.0,398.87090643465086,1188.1873291015625,60.15853317960115,1188.18359375,60.157160173627425,5
2500,endpoint,10000,0.1,accuracy_drop_selector_with_resampling,109,0.7081594228744507,0.03523513837244437,-0.4033148169517517,0.057130010468982646,5671.2,398.21501729593274,1190.0128662109375,60.307206975137696,1190.0090576171874,60.30572348252247,5
2500,endpoint,10000,0.1,accuracy_drop_selector_with_resampling,110,0.708108389377594,0.03528123300682415,-0.40322104692459104,0.057114927758073836,5670.0,398.94673829973846,1191.8144775390624,60.44923910022941,1191.8105712890624,60.44769063915599,5
2500,endpoint,10000,0.1,accuracy_drop_selector_with_resampling,111,0.7080675601959229,0.035272269832743855,-0.40312575697898867,0.05710906868961057,5667.8,398.10136900040925,1193.60224609375,60.600671587711304,1193.59814453125,60.59899293273285,5
2500,endpoint,10000,0.1,accuracy_drop_selector_with_resampling,112,0.7079655170440674,0.03527723338547825,-0.4030371308326721,0.05708693664371486,5667.4,397.6289727874467,1195.373095703125,60.746051262301066,1195.3689453125,60.74433112109847,5
2500,endpoint,10000,0.1,accuracy_drop_selector_with_resampling,113,0.7079757213592529,0.03521620885045878,-0.40292927622795105,0.05708482138963624,5667.4,397.3220356335651,1197.128759765625,60.88608963682285,1197.1245361328124,60.88434339354942,5
2500,endpoint,10000,0.1,accuracy_drop_selector_with_resampling,114,0.7079042673110962,0.03537675656236901,-0.4028431236743927,0.05707126308631697,5664.2,397.44018417870126,1198.866552734375,61.03346607171508,1198.8623046875,61.03166955519468,5
2500,endpoint,10000,0.1,accuracy_drop_selector_with_resampling,115,0.7078532457351685,0.03533922173776324,-0.40275856852531433,0.05704442156112012,5664.8,398.3179634412689,1200.5892822265625,61.171768513254314,1200.585107421875,61.170029350514476,5
2500,endpoint,10000,0.1,accuracy_drop_selector_with_resampling,116,0.7077920079231262,0.0352814542575137,-0.402666038274765,0.057042020310106904,5663.6,398.77349460564704,1202.2989990234375,61.308837325021514,1202.2948486328125,61.307128982788825,5
2500,endpoint,10000,0.1,accuracy_drop_selector_with_resampling,117,0.7077205538749695,0.035262809487107874,-0.40257052183151243,0.05702362497875044,5661.4,398.702019056839,1203.991943359375,61.451840656912594,1203.9878173828124,61.45012239862723,5
2500,endpoint,10000,0.1,accuracy_drop_selector_with_resampling,118,0.7076695322990417,0.03529212724425812,-0.402490371465683,0.056997450728792885,5660.6,398.0003768842437,1205.6706298828126,61.59218170292567,1205.6665283203124,61.590464266914196,5
2500,endpoint,10000,0.1,accuracy_drop_selector_with_resampling,119,0.7076491117477417,0.03537808305051516,-0.4023992717266083,0.057004211864678245,5658.0,398.5893877162311,1207.3364501953124,61.732711991863596,1207.3322021484375,61.730813766569725,5
2500,endpoint,10000,0.1,accuracy_drop_selector_with_resampling,120,0.7075572729110717,0.03532162241994351,-0.4023148834705353,0.05699155114510814,5656.6,399.1826649542788,1208.987548828125,61.86561324517651,1208.983349609375,61.8637242427857,5
2500,endpoint,10000,0.1,accuracy_drop_selector_with_resampling,121,0.7075776934623719,0.03528536177186966,-0.40223389863967896,0.05697674445462511,5654.8,399.01591446958605,1210.62607421875,62.00231105489034,1210.6218017578126,62.00033755126422,5
2500,endpoint,10000,0.1,accuracy_drop_selector_with_resampling,122,0.7075470685958862,0.035303695390022184,-0.40215232968330383,0.05696357648769747,5653.6,399.0210520762031,1212.249365234375,62.13980709607875,1212.2450439453125,62.13766979220662,5
2500,endpoint,10000,0.1,accuracy_drop_selector_with_resampling,123,0.7076083183288574,0.03528105960035488,-0.40206137895584104,0.05695442358115458,5653.0,400.5358910260103,1213.8580810546875,62.2787798103964,1213.8535400390624,62.27672226519216,5
2500,endpoint,10000,0.1,accuracy_drop_selector_with_resampling,124,0.7074450135231019,0.0352359262614571,-0.40198848247528074,0.05692875287105016,5652.6,399.3980470658313,1215.4540283203125,62.41350844097088,1215.4494873046874,62.41142674640583,5
2500,endpoint,10000,0.1,accuracy_drop_selector_with_resampling,125,0.7074654340744019,0.03522213944231923,-0.40190632939338683,0.05692292495706831,5649.8,398.5833664366841,1217.0354736328125,62.54419362438429,1217.031005859375,62.54217140147417,5
2500,endpoint,10000,0.1,accuracy_drop_selector_with_resampling,126,0.7074246048927307,0.03535252087409413,-0.4018231272697449,0.05689751657888508,5649.2,399.9996249998242,1218.6095947265626,62.679470025469456,1218.6051513671875,62.67737841133438,5
2500,endpoint,10000,0.1,accuracy_drop_selector_with_resampling,127,0.7072715044021607,0.035286782118852444,-0.4017395436763763,0.056894994988644455,5648.4,398.7239646672871,1220.1703369140625,62.80756728938939,1220.165771484375,62.805505487672065,5
2500,endpoint,10000,0.1,accuracy_drop_selector_with_resampling,128,0.7072511076927185,0.0353244365918234,-0.4016640424728394,0.05687967431624389,5647.8,398.8134902432464,1221.721923828125,62.937060959060275,1221.717333984375,62.9351930686534,5
2500,endpoint,10000,0.1,accuracy_drop_selector_with_resampling,129,0.7072510957717896,0.03534077526759695,-0.40158821940422057,0.056861983922173114,5645.4,398.83367460634514,1223.2599609375,63.06631491189287,1223.255419921875,63.064405143110164,5
2500,endpoint,10000,0.1,accuracy_drop_selector_with_resampling,130,0.7072102785110473,0.035279251828784164,-0.40150223970413207,0.05685333679562799,5642.8,396.36624477873994,1224.790283203125,63.19456525732915,1224.7857177734375,63.1927322289136,5
2500,endpoint,10000,0.1,accuracy_drop_selector_with_resampling,131,0.7071184396743775,0.03525448758293049,-0.40143324732780455,0.05684075002741482,5642.6,397.2918322845311,1226.3026611328125,63.32261917580568,1226.29794921875,63.32068590871854,5
2500,endpoint,10000,0.1,accuracy_drop_selector_with_resampling,132,0.7070572137832641,0.03522557826321531,-0.40136046409606935,0.05682294797933819,5641.6,396.4729498969633,1227.8108642578125,63.448871690251494,1227.8058349609375,63.44687289853448,5
2500,endpoint,10000,0.1,accuracy_drop_selector_with_resampling,133,0.7070265769958496,0.035298584723120835,-0.40128055214881897,0.05682039629982519,5641.4,395.8627287330799,1229.3055908203125,63.57439034484816,1229.3005126953126,63.572438078604826,5
2500,endpoint,10000,0.1,accuracy_drop_selector_with_resampling,134,0.7069551348686218,0.03524318057055732,-0.40119957327842715,0.05679762424885064,5639.6,395.3514891839918,1230.791259765625,63.70579919770411,1230.7860107421875,63.7036511809059,5
2500,endpoint,10000,0.1,accuracy_drop_selector_with_resampling,135,0.7069347262382507,0.03515028885370521,-0.4011304497718811,0.05679172670799137,5638.6,394.62045055977524,1232.263134765625,63.833252260949145,1232.2579345703125,63.831157118076916,5
2500,endpoint,10000,0.1,accuracy_drop_selector_with_resampling,136,0.7068939089775086,0.03524535816227455,-0.401055109500885,0.05677525159482951,5638.4,393.64235036388044,1233.72666015625,63.95840840690294,1233.721533203125,63.956339462127865,5
2500,endpoint,10000,0.1,accuracy_drop_selector_with_resampling,137,0.7067918419837952,0.03517638601688748,-0.4009752690792084,0.056776290893569545,5636.2,393.8701562698042,1235.1842529296875,64.08521273095138,1235.1790283203125,64.08325268539107,5
2500,endpoint,10000,0.1,accuracy_drop_selector_with_resampling,138,0.7067612290382386,0.035144056726956904,-0.4009060859680176,0.05673941407829916,5634.0,395.22082435013465,1236.6272705078125,64.2115109120553,1236.6219970703125,64.20985424247954,5
2500,endpoint,10000,0.1,accuracy_drop_selector_with_resampling,139,0.7067204117774963,0.03509227753049915,-0.4008306086063385,0.05674417476686346,5632.6,395.8684124807131,1238.060986328125,64.33172604932432,1238.0557373046875,64.33001809885685,5
2500,endpoint,10000,0.1,accuracy_drop_selector_with_resampling,140,0.7067408204078675,0.03505505831293032,-0.4007649540901184,0.056732676071989466,5631.6,395.46845639064566,1239.485986328125,64.45801105419214,1239.48076171875,64.45639246354818,5
2500,endpoint,10000,0.1,accuracy_drop_selector_with_resampling,141,0.706638777256012,0.035049710465148175,-0.4007017254829407,0.0567160725984156,5630.8,396.941683374271,1240.9053955078125,64.58247453254451,1240.900146484375,64.5807832555666,5
2500,endpoint,10000,0.1,accuracy_drop_selector_with_resampling,142,0.706638777256012,0.03507269301147661,-0.4006324052810669,0.056714940700261895,5629.2,396.2709931347486,1242.3088623046874,64.70560474673701,1242.3035888671875,64.70396997779328,5
2500,endpoint,10000,0.1,accuracy_drop_selector_with_resampling,143,0.7065979599952698,0.03495694772706006,-0.40055733919143677,0.05670465873936215,5628.0,394.54023875898895,1243.707177734375,64.8264957620788,1243.7017333984375,64.82468449651986,5
2500,endpoint,10000,0.1,accuracy_drop_selector_with_resampling,144,0.706526517868042,0.03504911135710431,-0.4004944145679474,0.05667990008026886,5628.4,394.1304352622365,1245.0959228515626,64.947840474574,1245.0901123046874,64.94588946761085,5
2500,endpoint,10000,0.1,accuracy_drop_selector_with_resampling,145,0.706526517868042,0.03498149713522559,-0.4004157602787018,0.05668731528416655,5627.0,394.54023875898895,1246.474365234375,65.06533904293102,1246.4682373046876,65.06356800715048,5
2500,endpoint,10000,0.1,accuracy_drop_selector_with_resampling,146,0.7064958930015564,0.034986792410084545,-0.4003500878810883,0.056668131137166025,5626.2,392.6693265331531,1247.84501953125,65.19020749965482,1247.8387451171875,65.18860101027194,5
2500,endpoint,10000,0.1,accuracy_drop_selector_with_resampling,147,0.7064040422439575,0.0350288140664054,-0.40028042793273927,0.05664493562185142,5625.4,393.2744588706467,1249.2114013671876,65.31435900439243,1249.2050048828125,65.31274721345248,5
2500,endpoint,10000,0.1,accuracy_drop_selector_with_resampling,148,0.7063530087471008,0.03506654929241215,-0.4002004563808441,0.05663730145178228,5625.4,392.018877096499,1250.564208984375,65.43036243688432,1250.5578369140626,65.42882093341946,5
2500,endpoint,10000,0.1,accuracy_drop_selector_with_resampling,149,0.7063019871711731,0.035100407534035954,-0.40012831687927247,0.056626085311910296,5624.6,392.19484953272905,1251.907373046875,65.5536391492646,1251.9009033203124,65.55203898673393,5
2500,endpoint,10000,0.1,none,-1,0.7678624391555786,0.038630936334284466,-0.5034046530723572,0.06379191930079747,0.0,0.0,0.0,0.0,0.0,0.0,5
2500,endpoint,10000,0.1,none,0,0.7678216099739075,0.03859340245974396,-0.5034133970737458,0.0637778972814121,5042.2,271.61774610654584,5.6701384544372555,0.6876257296482478,5.6701384544372555,0.6876257296482478,5
2500,endpoint,10000,0.1,none,1,0.7672807097434997,0.0387931442257298,-0.5032048285007477,0.06380337121508525,7371.4,199.35094682493985,15.425099754333496,1.5037007070245458,15.425099754333496,1.5037007070245458,5
2500,endpoint,10000,0.1,none,2,0.7663519978523254,0.038948960894340495,-0.5025406897068023,0.063863476797879,7400.4,92.69466004037126,28.797771835327147,2.176848769903292,28.797771835327147,2.176848769903292,5
2500,endpoint,10000,0.1,none,3,0.7650864958763123,0.03895077331664597,-0.5011909127235412,0.06391672263981094,7326.4,106.67145822571284,45.0562240600586,3.3461499485550257,45.0562240600586,3.3461499485550257,5
2500,endpoint,10000,0.1,none,4,0.7636781096458435,0.03917358794401653,-0.4993140518665314,0.06398000588018347,7350.2,117.68474837463009,63.85548400878906,4.623218045299757,63.85548400878906,4.623218045299757,5
2500,endpoint,10000,0.1,none,5,0.7621778845787048,0.03924407357951201,-0.49708431363105776,0.06404027436097794,7397.2,108.53432636728346,84.66286163330078,6.016243434533696,84.66286163330078,6.016243434533696,5
2500,endpoint,10000,0.1,none,6,0.7608205318450928,0.0395822415929984,-0.4946006596088409,0.06413211994791684,7371.2,125.83997774952124,106.74386138916016,7.246592725055972,106.74386138916016,7.246592725055972,5
2500,endpoint,10000,0.1,none,7,0.7590957641601562,0.039523536234417025,-0.49198277592658995,0.06416718097969545,7348.4,130.61125525773036,129.49230346679687,8.61827938504908,129.49230346679687,8.61827938504908,5
2500,endpoint,10000,0.1,none,8,0.7577078104019165,0.03965105225095135,-0.4893531322479248,0.06420586701651866,7312.0,107.40344500992508,152.64111328125,9.716966321973725,152.64111328125,9.716966321973725,5
2500,endpoint,10000,0.1,none,9,0.756136155128479,0.03974368710552557,-0.4867716312408447,0.06418946287358897,7264.6,94.63508862995796,175.80953369140624,10.93459575466059,175.80953369140624,10.93459575466059,5
2500,endpoint,10000,0.1,none,10,0.7545440554618835,0.039491633649886206,-0.4842593729496002,0.06416792089372392,7254.2,118.75689453669627,199.0423370361328,12.052903760187242,199.0423370361328,12.052903760187242,5
2500,endpoint,10000,0.1,none,11,0.753176498413086,0.039361652869724185,-0.4818162381649017,0.06416780879961112,7227.2,108.65633897753044,222.059521484375,13.270925406108399,222.059521484375,13.270925406108399,5
2500,endpoint,10000,0.1,none,12,0.7517681241035461,0.039285892804913264,-0.4794273316860199,0.0641759291666936,7190.6,125.30083798602466,244.855078125,14.399947973318554,244.855078125,14.399947973318554,5
2500,endpoint,10000,0.1,none,13,0.7507475733757019,0.03924655269392692,-0.4771315336227417,0.0641662424638449,7148.4,105.59024576162327,267.36566162109375,15.392738690120883,267.36566162109375,15.392738690120883,5
2500,endpoint,10000,0.1,none,14,0.7494718551635742,0.03955772436667275,-0.4749304711818695,0.06415408889560667,7134.4,87.41452968471546,289.68239135742186,16.31628548204655,289.68239135742186,16.31628548204655,5
2500,endpoint,10000,0.1,none,15,0.7483900666236878,0.03958165496552746,-0.47281174659729003,0.06414679328498162,7089.6,103.32618254827767,311.66375732421875,17.184452666490568,311.66375732421875,17.184452666490568,5
2500,endpoint,10000,0.1,none,16,0.7472776293754577,0.039422512545668,-0.4707706391811371,0.06413205532208147,7093.8,115.13774359435745,333.45314331054686,18.00874561981316,333.45314331054686,18.00874561981316,5
2500,endpoint,10000,0.1,none,17,0.7460733771324157,0.03924165008843433,-0.4687838971614838,0.06409464342264741,7056.2,114.0819880612185,354.9071105957031,18.834852579231057,354.9071105957031,18.834852579231057,5
2500,endpoint,10000,0.1,none,18,0.7449915766716003,0.03935716416350042,-0.4668630242347717,0.06406435156840654,7034.0,106.2779375035101,376.1891845703125,19.546754724024748,376.1891845703125,19.546754724024748,5
2500,endpoint,10000,0.1,none,19,0.7439199805259704,0.039210976652398394,-0.4650024831295013,0.06401430742565996,6993.4,103.17848612961909,397.172705078125,20.290454266110984,397.172705078125,20.290454266110984,5
2500,endpoint,10000,0.1,none,20,0.7430729150772095,0.03921116971526631,-0.4632328629493713,0.06400302976310883,6975.6,118.26580232679268,417.87884521484375,20.973926769913177,417.87884521484375,20.973926769913177,5
2500,endpoint,10000,0.1,none,21,0.7421442151069642,0.03914349423109454,-0.46148110628128053,0.06396471466438279,6990.4,128.89647008355195,438.4498291015625,21.813358982779192,438.4498291015625,21.813358982779192,5
2500,endpoint,10000,0.1,none,22,0.7412052869796752,0.039154854647422764,-0.45976722240448,0.06392041598251022,6975.4,117.29791131985257,458.60509033203124,22.51275253836348,458.60509033203124,22.51275253836348,5
2500,endpoint,10000,0.1,none,23,0.7401745200157166,0.039066612296695946,-0.45813233256340025,0.06387615858274008,6956.6,81.6872083009329,478.61497192382814,23.123365236844528,478.61497192382814,23.123365236844528,5
2500,endpoint,10000,0.1,none,24,0.7394192934036254,0.039203377257932284,-0.456511390209198,0.06383403436909066,6941.8,98.97828044576244,498.39182739257814,23.742096128626056,498.39182739257814,23.742096128626056,5
2500,endpoint,10000,0.1,none,25,0.73869469165802,0.03914980517404665,-0.454933899641037,0.06379607133645242,6921.8,117.03930963569462,517.98857421875,24.476970057963253,517.98857421875,24.476970057963253,5
2500,endpoint,10000,0.1,none,26,0.7378067970275879,0.039128851454304614,-0.45345053672790525,0.06376643496736946,6916.0,127.75171231729146,537.2855590820312,25.1586940312132,537.2855590820312,25.1586940312132,5
2500,endpoint,10000,0.1,none,27,0.7366943955421448,0.03904635290659445,-0.45197458267211915,0.06372861085106844,6897.0,115.35380357838228,556.4501831054688,25.7879103273994,556.4501831054688,25.7879103273994,5
2500,endpoint,10000,0.1,none,28,0.7359187722206115,0.038970096314400814,-0.450541740655899,0.06367427363072871,6894.6,106.26052889008223,575.399462890625,26.440194744126508,575.399462890625,26.440194744126508,5
2500,endpoint,10000,0.1,none,29,0.7351431369781494,0.039024781596228776,-0.44914323687553404,0.06360602423416936,6867.8,105.47369340266795,594.1378540039062,27.07344479850538,594.1378540039062,27.07344479850538,5
2500,endpoint,10000,0.1,none,30,0.7344593644142151,0.03888712953303154,-0.44778558015823366,0.06355144959607165,6856.8,117.26337876762719,612.7041625976562,27.746096921406632,612.7041625976562,27.746096921406632,5
2500,endpoint,10000,0.1,none,31,0.7337857842445373,0.03903613900587391,-0.4464613139629364,0.06348256785913946,6816.0,135.65581447177263,631.0401733398437,28.36634163432576,631.0401733398437,28.36634163432576,5
2500,endpoint,10000,0.1,none,32,0.7330407738685608,0.0387925777246286,-0.44514734148979185,0.06343249422441759,6865.8,100.66379686858627,649.28701171875,28.934142418262496,649.28701171875,28.934142418262496,5
2500,endpoint,10000,0.1,none,33,0.7323467969894409,0.03891945828720758,-0.443898344039917,0.06341163773358462,6814.0,87.62419757121887,667.205615234375,29.52899463657721,667.205615234375,29.52899463657721,5
2500,endpoint,10000,0.1,none,34,0.7313976645469665,0.03879263709386548,-0.4426904857158661,0.06339082582235667,6816.4,83.29945978216185,684.9425415039062,30.03310675122748,684.9425415039062,30.03310675122748,5
2500,endpoint,10000,0.1,none,35,0.7308465480804444,0.038820286265194306,-0.441471266746521,0.0633543397694932,6806.0,91.43576980591348,702.5570922851563,30.615056576451334,702.5570922851563,30.615056576451334,5
2500,endpoint,10000,0.1,none,36,0.7302444219589234,0.038824741973226856,-0.4402884364128113,0.06332124886078566,6773.0,90.60353193998566,719.9721557617188,31.144941175092676,719.9721557617188,31.144941175092676,5
2500,endpoint,10000,0.1,none,37,0.7294892072677612,0.03870175465382607,-0.43914578557014466,0.06327253284964023,6745.0,130.2516794517445,737.2573120117188,31.669877572530037,737.2573120117188,31.669877572530037,5
2500,endpoint,10000,0.1,none,38,0.7289993405342102,0.03869115791621319,-0.4380073547363281,0.06323063230867537,6781.2,106.92614273413214,754.5002685546875,32.139879264065236,754.5002685546875,32.139879264065236,5
2500,endpoint,10000,0.1,none,39,0.7283767819404602,0.03865902991349828,-0.4368968367576599,0.06321682630539971,6761.8,102.09897159129468,771.5175048828125,32.556498553631855,771.5175048828125,32.556498553631855,5
2500,endpoint,10000,0.1,none,40,0.7276930093765259,0.03858464458865497,-0.43581452369689944,0.06317104861300668,6732.8,101.57607986135318,788.3840698242187,33.00015725831312,788.3818969726562,33.00201256986476,5
2500,endpoint,10000,0.1,none,41,0.7271521210670471,0.038708339150225764,-0.43472755551338194,0.06312580259908199,6732.2,95.18245636670657,805.1502807617187,33.40495363290874,805.1478515625,33.40701762952032,5
2500,endpoint,10000,0.1,none,42,0.7266112089157104,0.03864565621410693,-0.43368741273880007,0.06310112541801562,6721.4,106.4109956724398,821.7465698242188,33.7658779701124,821.7434814453125,33.768495979716974,5
2500,endpoint,10000,0.1,none,43,0.7260294914245605,0.038843265572442214,-0.4326438009738922,0.0631131271151334,6714.2,108.54353965114645,838.182421875,34.09501499572146,838.1766235351563,34.09990518051522,5
2500,endpoint,10000,0.1,none,44,0.7255089998245239,0.03870519952192625,-0.43162532448768615,0.06310290661087452,6661.6,116.28757457269457,854.42001953125,34.387481818913464,854.4104370117187,34.39167225048889,5
2500,endpoint,10000,0.1,none,45,0.7249680995941162,0.03846779192109251,-0.4306300520896912,0.06311102203643915,6706.8,100.48233675626777,870.5588012695313,34.63736362521094,870.5468383789063,34.64181759944121,5
2500,endpoint,10000,0.1,none,46,0.7244782447814941,0.03852889533607652,-0.42965313196182253,0.06309735306968792,6666.8,120.72158050655234,886.547216796875,34.92162232994566,886.5352905273437,34.92608730084791,5
2500,endpoint,10000,0.1,none,47,0.7238454818725586,0.0382686434782277,-0.42871421575546265,0.06308368946132265,6682.8,92.73456744925271,902.4563842773438,35.228335798206096,902.441455078125,35.23175376324916,5
2500,endpoint,10000,0.1,none,48,0.7233352065086365,0.03823711465211689,-0.42776390314102175,0.06304426640863842,6690.4,114.04955063480084,918.2257202148437,35.55431816560536,918.205517578125,35.56176743936064,5
2500,endpoint,10000,0.1,none,49,0.7229779958724976,0.03817803559803901,-0.42685781717300414,0.06304230556711067,6676.0,92.23611006541852,933.8558349609375,35.84194846693115,933.8341064453125,35.85072267905863,5
2500,endpoint,10000,0.1,none,50,0.7224677324295044,0.038167261727970574,-0.42591195106506347,0.06300693910890623,6666.2,92.21008621620523,950.5222290039062,36.227869774209495,950.4982666015625,36.23565667905396,5
2500,endpoint,10000,0.1,none,51,0.7221615552902222,0.038200539643353744,-0.42499751448631284,0.06300357731328506,6651.4,95.80083506942933,962.2547607421875,36.57792215800781,962.2362915039063,36.580494624664134,5
2500,endpoint,10000,0.1,none,52,0.7218860030174256,0.038191583543185026,-0.4243137240409851,0.06299789947648778,6655.6,97.62581625779116,971.8887939453125,36.888988302977964,971.87314453125,36.88997336035879,5
2500,endpoint,10000,0.1,none,53,0.7216206550598144,0.03819791153569857,-0.42376345992088316,0.06297808903969697,6652.0,96.8039255402383,980.258544921875,37.17624080251565,980.2447265625,37.17734691952053,5
2500,endpoint,10000,0.1,none,54,0.7214471697807312,0.03825096906551041,-0.42328462600708006,0.06297742594393808,6649.6,97.05050231709262,987.738427734375,37.43254048441448,987.725244140625,37.43432191512033,5
2500,endpoint,10000,0.1,none,55,0.7211205840110779,0.03821552829522709,-0.4228528380393982,0.06296983523734734,6641.4,98.47233113925962,994.5360107421875,37.65224804177454,994.523779296875,37.654000470742844,5
2500,endpoint,10000,0.1,none,56,0.7209470868110657,0.03827441056800438,-0.42244290113449096,0.06295195455190658,6639.4,94.16634218233179,1000.846484375,37.878333202747896,1000.8349487304688,37.879921509603655,5
2500,endpoint,10000,0.1,none,57,0.7208246111869812,0.03838128989152858,-0.4220778405666351,0.06295605349189771,6639.4,96.32652801798682,1006.75927734375,38.081834961255886,1006.7467529296875,38.082718888935894,5
2500,endpoint,10000,0.1,none,58,0.7206409215927124,0.038401364604456645,-0.4217414021492004,0.06293791087344762,6638.2,93.53448561894163,1012.3133056640625,38.264327356731,1012.3006713867187,38.26524715252124,5
2500,endpoint,10000,0.1,none,59,0.7204776167869568,0.03835133988065659,-0.42140746116638184,0.06291963186769788,6635.2,97.27898025781315,1017.5764404296875,38.43676017185406,1017.563330078125,38.43729403716339,5
2500,endpoint,10000,0.1,none,60,0.720314335823059,0.03827607141073157,-0.42110844850540163,0.06292860678049264,6626.8,95.21134386195796,1022.5818237304687,38.598703853766196,1022.56904296875,38.598677430278514,5
2500,endpoint,10000,0.1,none,61,0.7201918601989746,0.03826173749676509,-0.4208222031593323,0.06290129060633864,6627.0,97.51153777887005,1027.3731201171875,38.75149230197089,1027.3609252929687,38.75147120432445,5
2500,endpoint,10000,0.1,none,62,0.719936728477478,0.03827500364089071,-0.4205501914024353,0.06288851217629132,6627.0,95.61119181351104,1031.9773193359374,38.90404964568882,1031.9655883789062,38.90401006565406,5
2500,endpoint,10000,0.1,none,63,0.7197326183319092,0.03828915403125309,-0.42028433084487915,0.06288752638289341,6625.6,95.32470823453906,1036.4121704101562,39.05172101425718,1036.4005615234375,39.05195064753676,5
2500,endpoint,10000,0.1,none,64,0.7196713805198669,0.03831509901413653,-0.42002530097961427,0.06287818581545448,6624.2,94.74017099414588,1040.6895629882813,39.18493807982892,1040.67783203125,39.185735109993495,5
2500,endpoint,10000,0.1,none,65,0.7194978713989257,0.03835502548046157,-0.41978344321250916,0.06285576557104965,6623.0,99.40573424103863,1044.8103149414062,39.31301462631856,1044.79892578125,39.31375363999422,5
2500,endpoint,10000,0.1,none,66,0.7193652153015136,0.038358225901690246,-0.41954203248023986,0.06285916009660802,6617.8,97.39969199129943,1048.8109619140625,39.442398433837575,1048.799755859375,39.443230870928424,5
2500,endpoint,10000,0.1,none,67,0.7191917181015015,0.03828674287245345,-0.41932063102722167,0.06283856484282102,6617.4,99.1730810250443,1052.6775146484374,39.56285697252799,1052.6662841796874,39.5639480039768,5
2500,endpoint,10000,0.1,none,68,0.719089663028717,0.03827329119232977,-0.41908718943595885,0.06283497521967034,6615.6,100.1139350939718,1056.441943359375,39.67948931781422,1056.4306884765624,39.680767675280514,5
2500,endpoint,10000,0.1,none,69,0.7189467787742615,0.038254601800811895,-0.41888551115989686,0.0628251596525977,6613.0,100.77946219344496,1060.1037841796874,39.79493704938541,1060.0926025390625,39.79643625362773,5
2500,endpoint,10000,0.1,none,70,0.7188651442527771,0.03821349297929792,-0.4186870217323303,0.06282961822444366,6612.4,100.96682623515508,1063.67646484375,39.90801386461834,1063.665283203125,39.90975943531726,5
2500,endpoint,10000,0.1,none,71,0.7187018394470215,0.038204108471146796,-0.4184633731842041,0.06283277820064118,6610.2,103.19496111729487,1067.1615234375,40.0157526924862,1067.1501953125,40.0177939147806,5
2500,endpoint,10000,0.1,none,72,0.7186304092407226,0.03826043231470691,-0.4182728290557861,0.06281876307535421,6609.4,100.93215543125986,1070.558447265625,40.12222661342958,1070.54697265625,40.12357104514797,5
2500,endpoint,10000,0.1,none,73,0.7185385704040528,0.03825814244401613,-0.418093740940094,0.0628180167814723,6606.4,102.46609195241126,1073.8769287109376,40.22583871621101,1073.8653564453125,40.226416745091264,5
2500,endpoint,10000,0.1,none,74,0.7184365034103394,0.03819820802927142,-0.4179130494594574,0.06281317725831051,6601.8,102.5217050189861,1077.122265625,40.3177107941522,1077.11064453125,40.31777295925792,5
2500,endpoint,10000,0.1,none,75,0.7183548331260681,0.038273046317581064,-0.41772555708885195,0.06280536885978569,6600.0,103.02184234423301,1080.299267578125,40.43057651312655,1080.2876708984375,40.430284253807166,5
2500,endpoint,10000,0.1,none,76,0.7181915760040283,0.038322574852331044,-0.41756072640419006,0.06280132739706679,6598.0,104.90233553167441,1083.420458984375,40.53080104803132,1083.4083740234375,40.53105048034563,5
2500,endpoint,10000,0.1,none,77,0.7182017683982849,0.03823237949004883,-0.41737921833992003,0.06280400908676213,6595.0,103.73764986734565,1086.47548828125,40.62083368371294,1086.4634521484375,40.6213159686772,5
2500,endpoint,10000,0.1,none,78,0.7181303381919861,0.03822956765661771,-0.4172001838684082,0.06279426890331484,6592.6,103.34795595462931,1089.4799072265625,40.72059249191409,1089.46806640625,40.721078403431875,5
2500,endpoint,10000,0.1,none,79,0.7180384874343873,0.03830515657140993,-0.4170305907726288,0.06279400549570441,6591.2,102.9378453242538,1092.4275390625,40.811870988303994,1092.415869140625,40.81227515435826,5
2500,endpoint,10000,0.1,none,80,0.7178853869438171,0.03835045305819469,-0.4168700397014618,0.0627918300831659,6587.8,102.35575215883082,1095.31845703125,40.904373754966336,1095.306982421875,40.90484784271645,5
2500,endpoint,10000,0.1,none,81,0.7178139567375184,0.038308329087864156,-0.41671290397644045,0.0627861745338602,6588.6,102.65622241247726,1098.16416015625,40.98868842459383,1098.1525390625,40.98904113884944,5
2500,endpoint,10000,0.1,none,82,0.7177119135856629,0.03829628081251896,-0.4165530979633331,0.06277681658616943,6587.4,102.30982357525596,1100.9651123046874,41.07684505774953,1100.9532958984375,41.0773688482539,5
2500,endpoint,10000,0.1,none,83,0.7177119135856629,0.03829616183570503,-0.4163952171802521,0.0627663795021633,6583.6,106.22758587109094,1103.717431640625,41.16113552605846,1103.7056640625,41.161683649542695,5
2500,endpoint,10000,0.1,none,84,0.717620050907135,0.038382621109780635,-0.4162333428859711,0.06275939697878229,6583.8,107.0009345753578,1106.429541015625,41.24691408098273,1106.417626953125,41.24714404097586,5
2500,endpoint,10000,0.1,none,85,0.717620050907135,0.038331304261087544,-0.4160910189151764,0.0627606121390748,6582.0,105.63616804863759,1109.093896484375,41.33154092044855,1109.0817626953126,41.33168719029241,5
2500,endpoint,10000,0.1,none,86,0.7174975633621216,0.03830801307700741,-0.41594748497009276,0.06276173895471729,6581.4,105.68254349702225,1111.721826171875,41.40890138975784,1111.7094970703124,41.408913036702664,5
2500,endpoint,10000,0.1,none,87,0.7174669623374939,0.0382336813017388,-0.41580758690834047,0.06275945655887193,6579.8,105.908923136816,1114.315966796875,41.501988446130284,1114.3037841796875,41.50171414666041,5
2500,endpoint,10000,0.1,none,88,0.7173240900039672,0.03829751270581035,-0.41565359234809873,0.06275395223526292,6576.6,104.67712261998798,1116.8676513671876,41.581890332210314,1116.855322265625,41.581884710036654,5
2500,endpoint,10000,0.1,none,89,0.7172628402709961,0.03826930298061999,-0.41552117466926575,0.0627511983697724,6574.8,105.06521784111048,1119.3899658203125,41.6653990858942,1119.3776611328126,41.665439115021094,5
2500,endpoint,10000,0.1,none,90,0.7171811938285828,0.03836618838766915,-0.41538308262825013,0.06274866940112955,6571.6,103.29714420060218,1121.8701171875,41.74435706223725,1121.857958984375,41.74440395604322,5
2500,endpoint,10000,0.1,none,91,0.7171097755432129,0.03823258204805723,-0.4152452826499939,0.06274915334544455,6570.2,103.91679363798711,1124.3228515625,41.8199649661664,1124.31083984375,41.820018893201244,5
2500,endpoint,10000,0.1,none,92,0.7170281052589417,0.03831802080591455,-0.4151241958141327,0.06274902009407067,6568.2,106.30475059939701,1126.745068359375,41.90158103765432,1126.7329345703124,41.90175557565209,5
2500,endpoint,10000,0.1,none,93,0.7170485258102417,0.03826458912500043,-0.41497244834899905,0.06274182874248767,6566.6,107.53046080064941,1129.127734375,41.97915321527562,1129.115283203125,41.979156063698106,5
2500,endpoint,10000,0.1,none,94,0.7169566631317139,0.03820857233577992,-0.4148410797119141,0.06275426629615649,6564.4,108.67060320068164,1131.49013671875,42.05567782901515,1131.4774169921875,42.05585448610499,5
2500,endpoint,10000,0.1,none,95,0.7169362545013428,0.03825438620131464,-0.4147074997425079,0.06273476985126998,6561.6,108.34574287898901,1133.8221435546875,42.13781430844883,1133.809326171875,42.137705453109696,5
2500,endpoint,10000,0.1,none,96,0.716752576828003,0.03821260944161088,-0.4146009087562561,0.06274971380881254,6561.0,108.8691875601173,1136.125634765625,42.21392404755107,1136.11279296875,42.21354569122896,5
2500,endpoint,10000,0.1,none,97,0.7166505098342896,0.03822640961998226,-0.4144536256790161,0.06273567042773363,6558.6,107.27208397341779,1138.4082275390624,42.28840197005562,1138.395458984375,42.28789309250724,5
2500,endpoint,10000,0.1,none,98,0.716619896888733,0.03832327545999839,-0.414336746931076,0.06273324373610058,6558.0,107.9166344916297,1140.657421875,42.36503106796065,1140.6446533203125,42.36474336279195,5
2500,endpoint,10000,0.1,none,99,0.716640293598175,0.038272872168556314,-0.4142217993736267,0.06273019267626341,6557.8,107.29259061090845,1142.8835205078126,42.43341602069444,1142.8708251953126,42.43310008458472,5
2500,endpoint,10000,0.1,none,100,0.716507637500763,0.03828461501036348,-0.41410344243049624,0.06273563587275843,6555.2,105.63948125582594,1145.0867431640625,42.50610501153932,1145.073974609375,42.50608037068991,5
2500,endpoint,10000,0.1,none,101,0.7163953661918641,0.038204194069326215,-0.41399139165878296,0.06272923478086989,6553.2,106.29063928681585,1147.2668212890626,42.57826033897939,1147.2538818359376,42.57822087341854,5
2500,endpoint,10000,0.1,none,102,0.7163341403007507,0.03823732884253485,-0.41385798454284667,0.06273427978778841,6553.0,106.72394295564608,1149.425439453125,42.65070060304293,1149.4120849609376,42.65086367387099,5
2500,endpoint,10000,0.1,none,103,0.7162320733070373,0.03826163269648517,-0.41374666094779966,0.06273512610941089,6549.8,107.69261813142069,1151.5632080078126,42.718265356235726,1151.549853515625,42.71868398343157,5
2500,endpoint,10000,0.1,none,104,0.7162218570709229,0.03832308305243154,-0.4136326849460602,0.06271921802944858,6548.6,107.51185981090644,1153.6705322265625,42.793878863540236,1153.6569091796875,42.79409389614996,5
2500,endpoint,10000,0.1,none,105,0.7160994052886963,0.038249423310556634,-0.4135203242301941,0.06274018577548404,6545.4,107.73253918849217,1155.7608154296875,42.86191975304971,1155.7471923828125,42.86219468300045,5
2500,endpoint,10000,0.1,none,106,0.7159769415855408,0.03822374478775992,-0.41340861916542054,0.06272132987434068,6544.6,108.25340641291618,1157.8268310546875,42.92780332644381,1157.8131103515625,42.928181931125444,5
2500,endpoint,10000,0.1,none,107,0.7160483837127686,0.03829748278147683,-0.4132877826690674,0.06272338848904727,6543.6,107.92034099278968,1159.879541015625,42.99678511572744,1159.8654296875,42.996722249323874,5
2500,endpoint,10000,0.1,none,108,0.7159667372703552,0.03826825467044648,-0.41318676471710203,0.06272230840684158,6542.0,107.11675872616759,1161.9070556640625,43.0611136611593,1161.89267578125,43.061148616354636,5
2500,endpoint,10000,0.1,none,109,0.7158748865127563,0.03823172615927434,-0.41307397484779357,0.0627116226808213,6540.6,108.31112592896447,1163.916748046875,43.1257674014187,1163.902392578125,43.125849770521775,5
2500,endpoint,10000,0.1,none,110,0.7157830357551574,0.03817705938448171,-0.4129656255245209,0.06271694523181541,6538.6,107.12749413665942,1165.908642578125,43.192925661718164,1165.89443359375,43.19301669941119,5
2500,endpoint,10000,0.1,none,111,0.7157320022583008,0.038180397426298016,-0.41285115480422974,0.06271011728543685,6537.4,108.37804205649778,1167.8822998046876,43.258771388005094,1167.868017578125,43.25909281744849,5
2500,endpoint,10000,0.1,none,112,0.7156911730766297,0.03824491356785847,-0.4127513349056244,0.06271553724372292,6536.0,108.3166653844181,1169.8408935546875,43.326384384620496,1169.826513671875,43.32697721474962,5
2500,endpoint,10000,0.1,none,113,0.7156401515007019,0.038230768287055045,-0.4126519441604614,0.06270726770355733,6533.4,108.31343406983272,1171.779638671875,43.39260769326354,1171.7653076171875,43.39309325164197,5
2500,endpoint,10000,0.1,none,114,0.7155380845069885,0.03822863774780158,-0.4125439941883087,0.06270530090838203,6532.6,108.07543661720733,1173.6989501953126,43.462358197140524,1173.684228515625,43.46268163927435,5
2500,endpoint,10000,0.1,none,115,0.715548300743103,0.03818579715319763,-0.4124401032924652,0.0626974600238439,6530.4,109.1801263967028,1175.607177734375,43.52845451153371,1175.5923583984375,43.528910861903505,5
2500,endpoint,10000,0.1,none,116,0.7154462456703186,0.03823384738873537,-0.41233819127082827,0.06269198242432913,6529.6,108.96467317438253,1177.498876953125,43.59231860248004,1177.4842041015625,43.59279543723702,5
2500,endpoint,10000,0.1,none,117,0.7155176758766174,0.03814898154704681,-0.41222710609436036,0.06269286616403322,6528.4,109.01513656369009,1179.3768310546875,43.65546296046145,1179.3621337890625,43.65596149085741,5
2500,endpoint,10000,0.1,none,118,0.7153441905975342,0.03805375198753336,-0.41213728189468385,0.06268933988624721,6527.6,108.81773752472526,1181.2316650390626,43.71997910841405,1181.2169677734375,43.72065669734042,5
2500,endpoint,10000,0.1,none,119,0.7153339743614197,0.038164816141523956,-0.4120444059371948,0.06269461012394723,6524.6,109.02430921588083,1183.0717041015625,43.78904212706175,1183.0568359375,43.789543223536974,5
2500,endpoint,10000,0.1,none,120,0.7152727603912353,0.03810723055004461,-0.41194027066230776,0.0627025315383376,6525.6,109.36315650162993,1184.9005126953125,43.853872907074496,1184.8855712890625,43.85442754474964,5
2500,endpoint,10000,0.1,none,121,0.7152727603912353,0.03808291744029022,-0.4118548154830933,0.0626948768110838,6523.6,109.15722605489754,1186.7156494140625,43.914656562601,1186.7008056640625,43.91516680458079,5
2500,endpoint,10000,0.1,none,122,0.715303361415863,0.038101572551455284,-0.4117604434490204,0.06269015301380403,6521.8,108.67244360922413,1188.5129150390626,43.978966281931825,1188.4981689453125,43.97952585381047,5
2500,endpoint,10000,0.1,none,123,0.7152217268943787,0.038152530904760416,-0.4116625845432281,0.06269029930254896,6522.6,109.47967847961557,1190.2971435546874,44.043705510441384,1190.282373046875,44.04415194750369,5
2500,endpoint,10000,0.1,none,124,0.7152013301849365,0.038154394402420445,-0.411570155620575,0.0626942583523703,6520.6,109.88311972273084,1192.0686279296874,44.11131275003607,1192.053955078125,44.111978738229176,5
2500,endpoint,10000,0.1,none,125,0.7151094555854798,0.038049613654878266,-0.41147762537002563,0.06269019841759277,6519.6,110.79846569334794,1193.824853515625,44.1775261196296,1193.8100341796876,44.17841172163057,5
2500,endpoint,10000,0.1,none,126,0.7151196599006653,0.0380891153335347,-0.41138306856155393,0.06268411986737014,6519.0,110.1544370418187,1195.571826171875,44.2441795126161,1195.5567626953125,44.24513267967944,5
2500,endpoint,10000,0.1,none,127,0.7150890350341796,0.03811411885504704,-0.411299467086792,0.06269125555182756,6516.4,110.7262389860687,1197.30322265625,44.30905315758281,1197.2877685546875,44.31025028508665,5
2500,endpoint,10000,0.1,none,128,0.715038001537323,0.03811529505190586,-0.41120671629905703,0.06268579272739759,6514.4,110.66977907269897,1199.021826171875,44.37401870448457,1199.0062744140625,44.37542151890611,5
2500,endpoint,10000,0.1,none,129,0.714946162700653,0.03810567620485779,-0.41111059188842775,0.062690296936973,6512.8,110.2710297403629,1200.731201171875,44.437649729717215,1200.715576171875,44.43916403336449,5
2500,endpoint,10000,0.1,none,130,0.7148951292037964,0.03802630511640686,-0.41103150248527526,0.06268356435682364,6511.4,109.66220862266088,1202.42626953125,44.503684063670455,1202.410400390625,44.50548373253957,5
2500,endpoint,10000,0.1,none,131,0.7148236989974975,0.03804728784543199,-0.4109382092952728,0.06268245904348121,6510.4,108.77867438059722,1204.1023193359374,44.5638524847217,1204.086474609375,44.56567730012819,5
2500,endpoint,10000,0.1,none,132,0.7147522687911987,0.038063748299441286,-0.4108543872833252,0.06268280858314414,6511.0,110.31998912255204,1205.7749267578124,44.62639453818333,1205.7591552734375,44.62825096717747,5
2500,endpoint,10000,0.1,none,133,0.7147216439247132,0.03805765135537179,-0.41074455380439756,0.06267376479827978,6510.2,109.6024634759639,1207.437109375,44.68835638261057,1207.4212158203125,44.690046097641925,5
2500,endpoint,10000,0.1,none,134,0.7146195769309998,0.03811796301212501,-0.4106811285018921,0.06267686551972011,6509.4,109.73057914729148,1209.0802490234375,44.748503036907906,1209.0644775390624,44.75028000271496,5
2500,endpoint,10000,0.1,none,135,0.7145889639854431,0.03807699041847477,-0.4105870366096497,0.0626749689537413,6508.2,109.9713599079324,1210.7223388671875,44.81098992351867,1210.7065185546876,44.812848505290354,5
2500,endpoint,10000,0.1,none,136,0.7145379424095154,0.03809898395322636,-0.4105010271072388,0.06267036375311047,6507.2,110.88597747235671,1212.3462158203124,44.87216764503152,1212.3303955078125,44.874055488599716,5
2500,endpoint,10000,0.1,none,137,0.7145175337791443,0.03812144628959715,-0.4104075193405151,0.06267556475858435,6506.0,111.30363875453489,1213.96484375,44.935356910484096,1213.9489013671875,44.937578136199754,5
2500,endpoint,10000,0.1,none,138,0.7145481586456299,0.03803014377097124,-0.4103300929069519,0.06267003739956352,6505.6,110.79846569334794,1215.5718994140625,44.995392243677315,1215.5558837890626,44.99753246126756,5
2500,endpoint,10000,0.1,none,139,0.7145481467247009,0.03811880457380554,-0.4102508068084717,0.06266729633745496,6504.2,111.61406721377014,1217.165283203125,45.05380761274775,1217.149267578125,45.05561480655165,5
2500,endpoint,10000,0.1,none,140,0.7144256711006165,0.03804913536048577,-0.41016989946365356,0.06267263933080268,6503.2,111.752852312592,1218.7496826171875,45.116356115863745,1218.73359375,45.11803110717847,5
2500,endpoint,10000,0.1,none,141,0.7143440246582031,0.038112584923873545,-0.41008772850036623,0.06266909766101432,6502.2,111.72152881159477,1220.321923828125,45.16990172436482,1220.3055908203125,45.17178301722683,5
2500,endpoint,10000,0.1,none,142,0.7143338203430176,0.038119763803303834,-0.4099971354007721,0.06266795413728683,6501.8,111.64766007400245,1221.8875244140625,45.22708430976809,1221.8712646484375,45.22889395941577,5
2500,endpoint,10000,0.1,none,143,0.7142827987670899,0.03803966745085681,-0.4099184930324554,0.0626701364956125,6500.2,112.29069418255459,1223.445361328125,45.28910782966234,1223.4289306640626,45.29097031435558,5
2500,endpoint,10000,0.1,none,144,0.714211356639862,0.038050344364242365,-0.40983806848526,0.06265998492448302,6498.8,111.60734742838395,1224.992626953125,45.346131507925904,1224.9759765625,45.347595735089435,5
2500,endpoint,10000,0.1,none,145,0.7141093134880065,0.03802969195972892,-0.40976319909095765,0.06265048180894749,6497.2,112.20383237661716,1226.526904296875,45.40255834111446,1226.5102294921876,45.40392966606649,5
2500,endpoint,10000,0.1,none,146,0.714099109172821,0.03805808913011701,-0.4096729397773743,0.06265707232234308,6495.0,111.94864894227175,1228.053173828125,45.462044484315626,1228.0365478515625,45.46344537717323,5
2500,endpoint,10000,0.1,none,147,0.7140174627304077,0.03802621328867567,-0.40959147810935975,0.06264950132440143,6495.0,111.32609756925821,1229.5747314453124,45.522870643749954,1229.5580810546876,45.52447170675592,5
2500,endpoint,10000,0.1,none,148,0.7139562129974365,0.03807524267570273,-0.4095118820667267,0.06264819341854436,6494.2,112.71290964215235,1231.0816162109375,45.57868433616642,1231.0647705078125,45.580289381421736,5
2500,endpoint,10000,0.1,none,149,0.713946008682251,0.03800690897810038,-0.40944531559944153,0.06265357249551567,6493.0,112.89154086998724,1232.5774169921874,45.63021763444728,1232.5607666015626,45.63193132380461,5
2500,endpoint,20000,0.05,accuracy_drop_selector_with_resampling,-1,0.7678624391555786,0.038630936334284466,-0.5034046530723572,0.06379191930079747,0.0,0.0,0.0,0.0,0.0,0.0,5
2500,endpoint,20000,0.05,accuracy_drop_selector_with_resampling,0,0.7676277041435242,0.038673794096363984,-0.503408670425415,0.06378518510246178,10121.8,1275.632862543138,7.3364333152771,2.099191260975738,7.3364333152771,2.099191260975738,5
2500,endpoint,20000,0.05,accuracy_drop_selector_with_resampling,1,0.7669132947921753,0.038928902619541704,-0.5030878961086274,0.06384096036367747,14415.2,515.110376521382,17.890325164794923,5.312784626801869,17.890325164794923,5.312784626801869,5
2500,endpoint,20000,0.05,accuracy_drop_selector_with_resampling,2,0.766004991531372,0.03922411932358084,-0.5023469507694245,0.06411032872544202,13835.6,421.56292531483365,29.93697738647461,9.273580472935322,29.93697738647461,9.273580472935322,5
2500,endpoint,20000,0.05,accuracy_drop_selector_with_resampling,3,0.7649232029914856,0.039838584757796065,-0.5010293424129486,0.06464409318630762,13553.6,487.6918084200308,43.31459465026855,13.53646043752055,43.31459465026855,13.53646043752055,5
2500,endpoint,20000,0.05,accuracy_drop_selector_with_resampling,4,0.7635454297065735,0.0403159654364471,-0.4993233740329742,0.06526384862214915,13430.2,438.3037759362792,58.21661376953125,17.89914943607491,58.21661376953125,17.89914943607491,5
2500,endpoint,20000,0.05,accuracy_drop_selector_with_resampling,5,0.761973762512207,0.04057445566251257,-0.49731068015098573,0.06585495536248662,13287.6,523.4685281848375,74.20764846801758,22.154377531703012,74.20764846801758,22.154377531703012,5
2500,endpoint,20000,0.05,accuracy_drop_selector_with_resampling,6,0.7600244879722595,0.04141442137953496,-0.49505603313446045,0.0664053355217116,13211.0,522.7528096528989,90.96947021484375,26.257747918299938,90.96947021484375,26.257747918299938,5
2500,endpoint,20000,0.05,accuracy_drop_selector_with_resampling,7,0.7585752844810486,0.04135824534536213,-0.4927010476589203,0.0668424262813499,13025.8,608.5496692957773,108.1236557006836,30.027749612681497,108.1236557006836,30.027749612681497,5
2500,endpoint,20000,0.05,accuracy_drop_selector_with_resampling,8,0.75709547996521,0.04154533150705689,-0.490326726436615,0.06718597206840057,12880.4,663.5286730805233,125.53267059326171,33.44620873453233,125.53267059326171,33.44620873453233,5
2500,endpoint,20000,0.05,accuracy_drop_selector_with_resampling,9,0.7555952310562134,0.0414888542688503,-0.4879321753978729,0.06746164002452679,12739.8,717.040584625445,143.2786407470703,36.54384338641631,143.2786407470703,36.54384338641631,5
2500,endpoint,20000,0.05,accuracy_drop_selector_with_resampling,10,0.7542378902435303,0.04161383841465201,-0.4855900049209595,0.06768090684669407,12644.8,756.7487694076549,161.09376220703126,39.300778089317696,161.09376220703126,39.300778089317696,5
2500,endpoint,20000,0.05,accuracy_drop_selector_with_resampling,11,0.752707052230835,0.04168897216576157,-0.48324111104011536,0.067848335500148,12552.8,839.2068874836526,179.08434295654297,41.75448037704187,179.08434295654297,41.75448037704187,5
2500,endpoint,20000,0.05,accuracy_drop_selector_with_resampling,12,0.7512476325035096,0.04189900497782982,-0.4809405028820038,0.06796938959620903,12440.8,826.0809282388742,197.03539123535157,43.96893851475883,197.03539123535157,43.96893851475883,5
2500,endpoint,20000,0.05,accuracy_drop_selector_with_resampling,13,0.7499413251876831,0.041874722561694985,-0.4786879360675812,0.06807331612185162,12312.6,856.9348283271021,214.9331848144531,46.028292683544635,214.9331848144531,46.028292683544635,5
2500,endpoint,20000,0.05,accuracy_drop_selector_with_resampling,14,0.7488493084907532,0.04187289357555983,-0.47649404406547546,0.0681411177528725,12274.8,895.6671814909822,232.88274230957032,47.92423776973081,232.88274230957032,47.92423776973081,5
2500,endpoint,20000,0.05,accuracy_drop_selector_with_resampling,15,0.7474409341812134,0.04200703224229243,-0.4743306577205658,0.06818427120659426,12177.6,945.002539679127,250.67474670410155,49.59962885467472,250.67474670410155,49.59962885467472,5
2500,endpoint,20000,0.05,accuracy_drop_selector_with_resampling,16,0.746246874332428,0.04177110800875022,-0.4722251772880554,0.06819659950900304,12151.4,975.3603436679184,268.39735717773436,51.021100551672504,268.39735717773436,51.021100551672504,5
2500,endpoint,20000,0.05,accuracy_drop_selector_with_resampling,17,0.7450936317443848,0.04148937136601194,-0.47016135454177854,0.06814896307117446,12056.0,940.5774821884692,286.0511108398438,52.16541986719681,286.0511108398438,52.16541986719681,5
2500,endpoint,20000,0.05,accuracy_drop_selector_with_resampling,18,0.7439812183380127,0.04131013632400126,-0.4681316137313843,0.06806647061257481,12010.8,956.8647762353885,303.5065399169922,53.13938403617576,303.5065399169922,53.13938403617576,5
2500,endpoint,20000,0.05,accuracy_drop_selector_with_resampling,19,0.7427769541740418,0.04126897031304645,-0.4661433815956116,0.06794895690147594,11952.4,914.6041766797263,320.9166656494141,53.98001466613578,320.9166656494141,53.98001466613578,5
2500,endpoint,20000,0.05,accuracy_drop_selector_with_resampling,20,0.7415114521980286,0.04108384597756931,-0.4642060935497284,0.0678099856216596,11883.4,917.0748606302541,338.14190063476565,54.72121058657404,338.14190063476565,54.72121058657404,5
2500,endpoint,20000,0.05,accuracy_drop_selector_with_resampling,21,0.7404296636581421,0.04083288569476579,-0.4623049259185791,0.06767404633376209,11832.4,942.7936147429086,355.27300415039065,55.401115385949254,355.27300415039065,55.401115385949254,5
2500,endpoint,20000,0.05,accuracy_drop_selector_with_resampling,22,0.7394907236099243,0.04091108938569703,-0.46049107909202575,0.06753215130677584,11804.8,983.831642101432,372.2506103515625,56.03282416461713,372.2506103515625,56.03282416461713,5
2500,endpoint,20000,0.05,accuracy_drop_selector_with_resampling,23,0.7386028409004212,0.04077270020430049,-0.4587175607681274,0.06735906729762325,11781.8,936.6184922368338,389.0259704589844,56.58291062945505,389.0259704589844,56.58291062945505,5
2500,endpoint,20000,0.05,accuracy_drop_selector_with_resampling,24,0.7376537322998047,0.04091197174017328,-0.45697776675224305,0.067198538544545,11778.8,984.6652730750689,405.78489379882814,57.08010102387255,405.78489379882814,57.08010102387255,5
2500,endpoint,20000,0.05,accuracy_drop_selector_with_resampling,25,0.7367045879364014,0.04084821712198465,-0.4552812397480011,0.06701586626249056,11690.8,940.6155962985092,422.341650390625,57.464131629506625,422.341650390625,57.464131629506625,5
2500,endpoint,20000,0.05,accuracy_drop_selector_with_resampling,26,0.7357350587844849,0.040714314921514116,-0.45362847447395327,0.0668302624856965,11656.0,932.993301154944,438.782666015625,57.79748342453758,438.782666015625,57.79748342453758,5
2500,endpoint,20000,0.05,accuracy_drop_selector_with_resampling,27,0.7347348928451538,0.04058633456331037,-0.4519797146320343,0.06665616565559071,11634.8,970.214770038057,455.2209045410156,58.12435866081709,455.2209045410156,58.12435866081709,5
2500,endpoint,20000,0.05,accuracy_drop_selector_with_resampling,28,0.7339184522628784,0.04042438723305209,-0.45037376284599306,0.06643993179923093,11609.6,970.1671505467499,471.50478515625,58.36133248075432,471.50478515625,58.36133248075432,5
2500,endpoint,20000,0.05,accuracy_drop_selector_with_resampling,29,0.7329081058502197,0.04002489341516212,-0.44879000782966616,0.06622192123443013,11584.4,972.0469638860048,487.6509094238281,58.57324672981121,487.6509094238281,58.57324672981121,5
2500,endpoint,20000,0.05,accuracy_drop_selector_with_resampling,30,0.7319895982742309,0.03982587836792855,-0.4472206890583038,0.06601037805787577,11567.6,983.4588450972415,503.70909423828124,58.73806890851749,503.70909423828124,58.73806890851749,5
2500,endpoint,20000,0.05,accuracy_drop_selector_with_resampling,31,0.7310812711715698,0.039695057157111184,-0.4456948757171631,0.0657900218393615,11515.4,970.1563276091127,519.6442749023438,58.90815535098179,519.6442749023438,58.90815535098179,5
2500,endpoint,20000,0.05,accuracy_drop_selector_with_resampling,32,0.7301117420196533,0.03965596589051549,-0.444183874130249,0.06555257648661693,11478.6,945.6224405120682,535.4537536621094,59.04543765818247,535.4537536621094,59.04543765818247,5
2500,endpoint,20000,0.05,accuracy_drop_selector_with_resampling,33,0.7292850971221924,0.039359507543545606,-0.44270792603492737,0.06532996687084144,11493.4,979.5454558110104,551.2037475585937,59.19289943592404,551.2037475585937,59.19289943592404,5
2500,endpoint,20000,0.05,accuracy_drop_selector_with_resampling,34,0.7284278154373169,0.03921768940082047,-0.44124444127082824,0.06510633829409043,11460.0,990.9762862954896,566.908203125,59.33337867779194,566.908203125,59.33337867779194,5
2500,endpoint,20000,0.05,accuracy_drop_selector_with_resampling,35,0.7275603294372559,0.03908896008110633,-0.43980316519737245,0.06488046638108777,11442.6,996.1592744134846,582.4950500488281,59.43461563947548,582.4950500488281,59.43461563947548,5
2500,endpoint,20000,0.05,accuracy_drop_selector_with_resampling,36,0.7266112208366394,0.03893917663206269,-0.43834888339042666,0.0646498448018478,11411.0,971.955503096721,598.0298583984375,59.57663620527198,598.0298583984375,59.57663620527198,5
2500,endpoint,20000,0.05,accuracy_drop_selector_with_resampling,37,0.7257641434669495,0.03867355987073023,-0.4369512856006622,0.064444359415393,11409.8,962.07988233826,613.4244262695313,59.67655042037255,613.4244262695313,59.67655042037255,5
2500,endpoint,20000,0.05,accuracy_drop_selector_with_resampling,38,0.7249885082244873,0.03848315773952595,-0.43556599617004393,0.06420396899217043,11381.8,934.212609634445,628.776025390625,59.78110402184011,628.776025390625,59.78110402184011,5
2500,endpoint,20000,0.05,accuracy_drop_selector_with_resampling,39,0.7242945194244385,0.03838868679093688,-0.4341993749141693,0.06397685381341173,11368.6,935.1691290884232,644.0525146484375,59.832677161056424,644.0525146484375,59.832677161056424,5
2500,endpoint,20000,0.05,accuracy_drop_selector_with_resampling,40,0.7234882831573486,0.03826063727288987,-0.4328570902347565,0.06375621180248205,11339.0,943.3421966603636,659.189111328125,59.891124870589465,659.189111328125,59.891124870589465,5
2500,endpoint,20000,0.05,accuracy_drop_selector_with_resampling,41,0.7226820468902588,0.03808123983606199,-0.4315426766872406,0.06352977427018353,11314.4,970.0125256923233,674.22177734375,59.976902225320316,674.22177734375,59.976902225320316,5
2500,endpoint,20000,0.05,accuracy_drop_selector_with_resampling,42,0.7218962073326111,0.03780557302903709,-0.43025094270706177,0.06329157688267958,11302.0,919.6023597185905,689.2105834960937,60.11536230524927,689.2105834960937,60.11536230524927,5
2500,endpoint,20000,0.05,accuracy_drop_selector_with_resampling,43,0.7211614131927491,0.037716448848834815,-0.42897355556488037,0.0630894832131091,11313.4,934.9632613103041,704.0817749023438,60.364578488434816,704.0817749023438,60.364578488434816,5
2500,endpoint,20000,0.05,accuracy_drop_selector_with_resampling,44,0.7204163908958435,0.03763210159025007,-0.4277264893054962,0.06286460998532005,11310.8,942.7007478516181,718.8371826171875,60.61216393081245,718.8371826171875,60.61216393081245,5
2500,endpoint,20000,0.05,accuracy_drop_selector_with_resampling,45,0.7197428107261657,0.03749820065438523,-0.4264809966087341,0.0626690154805665,11261.4,956.5763430066625,733.5100341796875,60.86164454875552,733.5100341796875,60.86164454875552,5
2500,endpoint,20000,0.05,accuracy_drop_selector_with_resampling,46,0.719181501865387,0.03734519375699956,-0.42527149319648744,0.062462638884057176,11241.2,893.8829341697939,748.1334228515625,61.16308059687182,748.1334228515625,61.16308059687182,5
2500,endpoint,20000,0.05,accuracy_drop_selector_with_resampling,47,0.7184773087501526,0.03733010188238988,-0.4240861177444458,0.06227711839080324,11248.0,924.1036197310343,762.6814331054687,61.5172016162525,762.6814331054687,61.5172016162525,5
2500,endpoint,20000,0.05,accuracy_drop_selector_with_resampling,48,0.7177322983741761,0.03720976950871575,-0.42290430068969725,0.0620655741484454,11246.8,926.1199706301554,777.1477905273438,61.884255147859896,777.1477905273438,61.884255147859896,5
2500,endpoint,20000,0.05,accuracy_drop_selector_with_resampling,49,0.7172220110893249,0.03723141758306614,-0.4217308580875397,0.06186707748707945,11227.6,918.7112168685,791.5926025390625,62.315216393398735,791.5926025390625,62.315216393398735,5
2500,endpoint,20000,0.05,accuracy_drop_selector_with_resampling,50,0.716507613658905,0.03704598899883903,-0.4205671548843384,0.06167650551560489,11204.6,923.1298933519595,806.1647094726562,62.68391657970086,806.1647094726562,62.68391657970086,5
2500,endpoint,20000,0.05,accuracy_drop_selector_with_resampling,51,0.7160279631614686,0.037070074369285506,-0.4194360077381134,0.06147542015166246,11189.0,922.3367064147453,816.3448364257813,62.973438580137966,816.3448364257813,62.973438580137966,5
2500,endpoint,20000,0.05,accuracy_drop_selector_with_resampling,52,0.7157524108886719,0.03703013569209261,-0.41862195134162905,0.06135146114856722,11169.8,919.4004568195516,824.670166015625,63.23841967622926,824.670166015625,63.23841967622926,5
2500,endpoint,20000,0.05,accuracy_drop_selector_with_resampling,53,0.7153645873069763,0.037052353575046035,-0.4179737150669098,0.06124770680055326,11153.0,922.2242135185999,831.8373657226563,63.44600201588658,831.8373657226563,63.44600201588658,5
2500,endpoint,20000,0.05,accuracy_drop_selector_with_resampling,54,0.7150788307189941,0.036955040096864775,-0.41740691661834717,0.06113938639819908,11136.4,925.8881141909102,838.23447265625,63.64761482188853,838.23447265625,63.64761482188853,5
2500,endpoint,20000,0.05,accuracy_drop_selector_with_resampling,55,0.7147012233734131,0.036922185589426455,-0.41692529916763305,0.061045734172738605,11123.6,930.4771894033728,844.043359375,63.81866074396204,844.043359375,63.81866074396204,5
2500,endpoint,20000,0.05,accuracy_drop_selector_with_resampling,56,0.7144869208335877,0.03684751198802231,-0.41648059487342837,0.060971635864308316,11109.4,932.9765806278311,849.3906982421875,63.98494824810018,849.3906982421875,63.98494824810018,5
2500,endpoint,20000,0.05,accuracy_drop_selector_with_resampling,57,0.7142215728759765,0.036823902860070805,-0.41608031988143923,0.06088986104998184,11096.2,934.2051166633589,854.3769287109375,64.14008713400587,854.3769287109375,64.14008713400587,5
2500,endpoint,20000,0.05,accuracy_drop_selector_with_resampling,58,0.7140072584152222,0.03676563155122986,-0.41569743156433103,0.060820535450950446,11085.0,934.7890136282091,859.0567504882813,64.279635600911,859.0567504882813,64.279635600911,5
2500,endpoint,20000,0.05,accuracy_drop_selector_with_resampling,59,0.7137418985366821,0.03671375628362886,-0.41535104513168336,0.06075813470537759,11072.8,936.8493475474058,863.48896484375,64.42922297414687,863.48896484375,64.42922297414687,5
2500,endpoint,20000,0.05,accuracy_drop_selector_with_resampling,60,0.7134867548942566,0.03665812645738037,-0.41501349210739136,0.06070644290799455,11061.4,938.515476697108,867.70224609375,64.56449660985407,867.70224609375,64.56449660985407,5
2500,endpoint,20000,0.05,accuracy_drop_selector_with_resampling,61,0.7133745074272155,0.036644498333547215,-0.41469308733940125,0.06063791178770902,11051.6,939.5904959076587,871.7130615234375,64.68358739412521,871.7130615234375,64.68358739412521,5
2500,endpoint,20000,0.05,accuracy_drop_selector_with_resampling,62,0.7131601810455322,0.03669985331440218,-0.4143876492977142,0.0606018877125607,11041.4,939.1340692361235,875.5691040039062,64.80065060806224,875.5691040039062,64.80065060806224,5
2500,endpoint,20000,0.05,accuracy_drop_selector_with_resampling,63,0.7129968881607056,0.036595852557413606,-0.4141034781932831,0.06054486147160339,11034.4,941.0474483255348,879.2611206054687,64.91614146949357,879.2611206054687,64.91614146949357,5
2500,endpoint,20000,0.05,accuracy_drop_selector_with_resampling,64,0.7127519488334656,0.03652024671288051,-0.41383385062217715,0.06049722931614723,11025.2,940.7928571157415,882.8123291015625,65.03444469386169,882.8123291015625,65.03444469386169,5
2500,endpoint,20000,0.05,accuracy_drop_selector_with_resampling,65,0.7125784516334533,0.03638273236139786,-0.41355669498443604,0.0604464440902709,11018.6,941.3651257615187,886.2548217773438,65.14275910984817,886.2548217773438,65.14275910984817,5
2500,endpoint,20000,0.05,accuracy_drop_selector_with_resampling,66,0.7124661922454834,0.036403223899785994,-0.4133123219013214,0.060403494427641445,11009.0,939.4341381917095,889.579833984375,65.25195474930639,889.579833984375,65.25195474930639,5
2500,endpoint,20000,0.05,accuracy_drop_selector_with_resampling,67,0.7123233079910278,0.036341484820374755,-0.41306802034378054,0.060354784673398984,11001.0,940.6752893533453,892.8103149414062,65.35937121993402,892.8103149414062,65.35937121993402,5
2500,endpoint,20000,0.05,accuracy_drop_selector_with_resampling,68,0.7121804237365723,0.03633620667987656,-0.41283042430877687,0.060309214740116156,10995.4,941.426205286426,895.9343505859375,65.45739834276402,895.9343505859375,65.45739834276402,5
2500,endpoint,20000,0.05,accuracy_drop_selector_with_resampling,69,0.7121089935302735,0.03642803371467158,-0.41259571313858034,0.060273029003693634,10991.4,942.6350301150494,898.9790283203125,65.55491797746004,898.9790283203125,65.55491797746004,5
2500,endpoint,20000,0.05,accuracy_drop_selector_with_resampling,70,0.7119559288024903,0.03636753708651679,-0.41237825751304624,0.06022786228635242,10984.2,944.1380725296486,901.93779296875,65.65790312574777,901.93779296875,65.65790312574777,5
2500,endpoint,20000,0.05,accuracy_drop_selector_with_resampling,71,0.7118232369422912,0.036247118611627584,-0.41216254234313965,0.060173029053327776,10979.8,944.3369102179581,904.8314697265625,65.7562210412217,904.8314697265625,65.7562210412217,5
2500,endpoint,20000,0.05,accuracy_drop_selector_with_resampling,72,0.7116905570030212,0.036215857820635106,-0.41195576190948485,0.060139050397798814,10972.8,944.4764157987217,907.650732421875,65.8590000530455,907.650732421875,65.8590000530455,5
2500,endpoint,20000,0.05,accuracy_drop_selector_with_resampling,73,0.7116395473480225,0.03619109199382318,-0.41175068616867067,0.060110684560735685,10969.4,941.0458543556738,910.410107421875,65.94819725828918,910.410107421875,65.94819725828918,5
2500,endpoint,20000,0.05,accuracy_drop_selector_with_resampling,74,0.7115476846694946,0.03617130138226099,-0.411559134721756,0.060059285854798736,10965.0,941.8396891191197,913.1023193359375,66.03920587266653,913.1023193359375,66.03920587266653,5
2500,endpoint,20000,0.05,accuracy_drop_selector_with_resampling,75,0.7113639831542968,0.036089816254036886,-0.41135956048965455,0.06002606847956001,10958.2,940.3912483642115,915.7409790039062,66.13087879697358,915.7409790039062,66.13087879697358,5
2500,endpoint,20000,0.05,accuracy_drop_selector_with_resampling,76,0.7112619161605835,0.036040307382024905,-0.4111642360687256,0.05998473127760568,10953.6,940.443406059078,918.3216430664063,66.22936308920518,918.3216430664063,66.22936308920518,5
2500,endpoint,20000,0.05,accuracy_drop_selector_with_resampling,77,0.7111292600631713,0.0360207684801531,-0.41097774505615237,0.0599471031001543,10945.6,940.542290383585,920.8533813476563,66.31035818080319,920.8533813476563,66.31035818080319,5
2500,endpoint,20000,0.05,accuracy_drop_selector_with_resampling,78,0.7110067844390869,0.03600527046557173,-0.41079702973365784,0.059921523866515905,10936.6,937.209848433103,923.3333740234375,66.40394320770086,923.3333740234375,66.40394320770086,5
2500,endpoint,20000,0.05,accuracy_drop_selector_with_resampling,79,0.7109353542327881,0.03598309702113545,-0.41061517000198366,0.05988277946606253,10937.2,935.5146711837286,925.7740356445313,66.48368531601452,925.7740356445313,66.48368531601452,5
2500,endpoint,20000,0.05,accuracy_drop_selector_with_resampling,80,0.7108231067657471,0.0359865264766608,-0.41044204831123354,0.059843964365119295,10932.8,936.0655425770142,928.16767578125,66.57075082236247,928.16767578125,66.57075082236247,5
2500,endpoint,20000,0.05,accuracy_drop_selector_with_resampling,81,0.7107720494270324,0.03600272724796388,-0.41025390625,0.059823723926568574,10924.8,936.6969627366152,930.5212036132813,66.65906341591327,930.5212036132813,66.65906341591327,5
2500,endpoint,20000,0.05,accuracy_drop_selector_with_resampling,82,0.7106802105903626,0.03595517398250441,-0.41009725332260133,0.059775879750597706,10919.0,938.3701295331176,932.8326171875,66.74199723409215,932.8326171875,66.74199723409215,5
2500,endpoint,20000,0.05,accuracy_drop_selector_with_resampling,83,0.7105985522270203,0.03591855675413032,-0.4099304139614105,0.059762858037697694,10914.6,936.0979115455818,935.1013427734375,66.82564239474203,935.1013427734375,66.82564239474203,5
2500,endpoint,20000,0.05,accuracy_drop_selector_with_resampling,84,0.710557734966278,0.03589422634224068,-0.409768283367157,0.05971740420211933,10909.6,934.8119062142929,937.3432373046875,66.9087844933923,937.3432373046875,66.9087844933923,5
2500,endpoint,20000,0.05,accuracy_drop_selector_with_resampling,85,0.7104454755783081,0.0358508945690895,-0.4096011996269226,0.05970335714609431,10904.4,934.3825768923563,939.5499755859375,66.99020295544864,939.5499755859375,66.99020295544864,5
2500,endpoint,20000,0.05,accuracy_drop_selector_with_resampling,86,0.7103434324264526,0.03587176714705082,-0.40944817662239075,0.05966152162812202,10900.6,936.8160438421195,941.7206787109375,67.06674992087906,941.7206787109375,67.06674992087906,5
2500,endpoint,20000,0.05,accuracy_drop_selector_with_resampling,87,0.710312795639038,0.035839027858336314,-0.4093069314956665,0.059625012955791076,10897.4,935.5155263275966,943.8573364257812,67.1570081549809,943.8573364257812,67.1570081549809,5
2500,endpoint,20000,0.05,accuracy_drop_selector_with_resampling,88,0.710180127620697,0.03577217797198442,-0.40913599729537964,0.05961436114354994,10893.0,937.3459873493885,945.965673828125,67.23142347281575,945.965673828125,67.23142347281575,5
2500,endpoint,20000,0.05,accuracy_drop_selector_with_resampling,89,0.7101291060447693,0.035742944396161276,-0.4089908301830292,0.059581689030917734,10888.6,935.8067642414218,948.0447387695312,67.30809087257161,948.0447387695312,67.30809087257161,5
2500,endpoint,20000,0.05,accuracy_drop_selector_with_resampling,90,0.7100270509719848,0.03576700350548125,-0.4088466465473175,0.05954894352605639,10884.2,936.5093165580362,950.092919921875,67.38560839967936,950.092919921875,67.38560839967936,5
2500,endpoint,20000,0.05,accuracy_drop_selector_with_resampling,91,0.7099454164505005,0.035789940106283724,-0.408694452047348,0.05952991911495342,10878.4,935.6595534701711,952.114990234375,67.46408356959216,952.114990234375,67.46408356959216,5
2500,endpoint,20000,0.05,accuracy_drop_selector_with_resampling,92,0.7098637461662293,0.035784651988060814,-0.408553546667099,0.05950244993030733,10873.8,937.7199475323109,954.1108520507812,67.54373539997553,954.1108520507812,67.54373539997553,5
2500,endpoint,20000,0.05,accuracy_drop_selector_with_resampling,93,0.7097514867782593,0.035800449548811356,-0.40840983390808105,0.05946708920488157,10866.0,937.1800787468757,956.0804321289063,67.6194142023789,956.0804321289063,67.6194142023789,5
2500,endpoint,20000,0.05,accuracy_drop_selector_with_resampling,94,0.7096698522567749,0.0358413804851446,-0.4082693040370941,0.059454350258747915,10863.8,936.3966574053968,958.0281372070312,67.69752198960667,958.0281372070312,67.69752198960667,5
2500,endpoint,20000,0.05,accuracy_drop_selector_with_resampling,95,0.7095575928688049,0.03584897852362899,-0.40812631845474245,0.059426939492522826,10858.8,935.8417067004441,959.9495727539063,67.76754052564921,959.9495727539063,67.76754052564921,5
2500,endpoint,20000,0.05,accuracy_drop_selector_with_resampling,96,0.7095269680023193,0.03583470793970962,-0.4080060482025146,0.05939300291346302,10853.4,934.6460827500429,961.851123046875,67.84214387242368,961.851123046875,67.84214387242368,5
2500,endpoint,20000,0.05,accuracy_drop_selector_with_resampling,97,0.7094351053237915,0.03581363344509012,-0.40786805748939514,0.05938393665173906,10850.4,934.8597755813436,963.723974609375,67.92177489114323,963.723974609375,67.92177489114323,5
2500,endpoint,20000,0.05,accuracy_drop_selector_with_resampling,98,0.7093432545661926,0.03574480905999097,-0.4077280044555664,0.059356040593914645,10844.8,934.4210507046596,965.5817749023438,67.9954209662088,965.5817749023438,67.9954209662088,5
2500,endpoint,20000,0.05,accuracy_drop_selector_with_resampling,99,0.7093024492263794,0.035692858140328826,-0.4076127469539642,0.0593241357003854,10841.0,934.6408401091834,967.415869140625,68.06690738792598,967.415869140625,68.06690738792598,5
2500,endpoint,20000,0.05,accuracy_drop_selector_with_resampling,100,0.7092412114143372,0.0356929662185035,-0.4074699580669403,0.05930316270611672,10835.6,934.4002354451758,969.231591796875,68.14455271729841,969.231591796875,68.14455271729841,5
2500,endpoint,20000,0.05,accuracy_drop_selector_with_resampling,101,0.7091493606567383,0.035671515302246326,-0.40734484791755676,0.05929330058746841,10829.2,933.7720278526232,971.0255249023437,68.21066610006837,971.0255249023437,68.21066610006837,5
2500,endpoint,20000,0.05,accuracy_drop_selector_with_resampling,102,0.7090472936630249,0.0356448117484896,-0.40722675919532775,0.05924896712958039,10823.8,933.555943690575,972.803955078125,68.28571388926257,972.803955078125,68.28571388926257,5
2500,endpoint,20000,0.05,accuracy_drop_selector_with_resampling,103,0.708975875377655,0.035690722940805567,-0.4070993959903717,0.059241151034239985,10819.4,931.6822419687949,974.5626708984375,68.35809919427525,974.5626708984375,68.35809919427525,5
2500,endpoint,20000,0.05,accuracy_drop_selector_with_resampling,104,0.7088942170143128,0.03567545700545854,-0.4069802641868591,0.059215481826536596,10815.8,933.6159274562533,976.299365234375,68.43150499267391,976.299365234375,68.43150499267391,5
2500,endpoint,20000,0.05,accuracy_drop_selector_with_resampling,105,0.7088533997535705,0.03562410161178917,-0.4068666994571686,0.05917299537056684,10812.6,930.9870031316227,978.0231201171875,68.50085602744204,978.0231201171875,68.50085602744204,5
2500,endpoint,20000,0.05,accuracy_drop_selector_with_resampling,106,0.7087309241294861,0.0356521430680654,-0.40674084424972534,0.05916541197261324,10806.0,933.2770221107986,979.7279052734375,68.57062229018007,979.7279052734375,68.57062229018007,5
2500,endpoint,20000,0.05,accuracy_drop_selector_with_resampling,107,0.7087207198143005,0.03562491944195809,-0.40662270188331606,0.05915173221125755,10803.8,931.1400002147905,981.416796875,68.63992419326338,981.416796875,68.63992419326338,5
2500,endpoint,20000,0.05,accuracy_drop_selector_with_resampling,108,0.7086492776870728,0.03555121216799601,-0.4065051257610321,0.0591191786898143,10801.8,932.3109459831521,983.0943237304688,68.7108852217336,983.0943237304688,68.7108852217336,5
2500,endpoint,20000,0.05,accuracy_drop_selector_with_resampling,109,0.7086288690567016,0.035543144587724264,-0.40638595819473267,0.05910842720193801,10796.4,932.4844770825947,984.7494873046875,68.78002494748114,984.7494873046875,68.78002494748114,5
2500,endpoint,20000,0.05,accuracy_drop_selector_with_resampling,110,0.7085472226142884,0.03549373821261554,-0.406265127658844,0.059085554796513125,10791.4,932.2933014883246,986.3912109375,68.85036817166717,986.3912109375,68.85036817166717,5
2500,endpoint,20000,0.05,accuracy_drop_selector_with_resampling,111,0.7084451794624329,0.03549360984150369,-0.4061651945114136,0.059055821870700534,10790.2,932.3447323817516,988.0165771484375,68.91858050004271,988.0165771484375,68.91858050004271,5
2500,endpoint,20000,0.05,accuracy_drop_selector_with_resampling,112,0.708353316783905,0.03544891161113909,-0.40604654550552366,0.059039815650833646,10787.0,931.0292691424905,989.6279541015625,68.9897114150515,989.6279541015625,68.9897114150515,5
2500,endpoint,20000,0.05,accuracy_drop_selector_with_resampling,113,0.7083227038383484,0.0354711657584543,-0.40593687295913694,0.059027661389096084,10782.8,929.5271378502082,991.2230102539063,69.05597302484762,991.2230102539063,69.05597302484762,5
2500,endpoint,20000,0.05,accuracy_drop_selector_with_resampling,114,0.7082920908927918,0.035451151595617736,-0.405827796459198,0.05899451639455303,10780.6,928.344386529051,992.8078979492187,69.13069194590209,992.8078979492187,69.13069194590209,5
2500,endpoint,20000,0.05,accuracy_drop_selector_with_resampling,115,0.7081798195838929,0.03541566953924645,-0.4057066082954407,0.0589919085478669,10776.0,928.1912518441444,994.3800659179688,69.19536779139182,994.3800659179688,69.19536779139182,5
2500,endpoint,20000,0.05,accuracy_drop_selector_with_resampling,116,0.7081492185592652,0.03541008645795926,-0.40559918284416197,0.05896505051681791,10773.2,926.1952817845705,995.9385498046875,69.26788963748257,995.9385498046875,69.26788963748257,5
2500,endpoint,20000,0.05,accuracy_drop_selector_with_resampling,117,0.7080879807472229,0.035392894962310774,-0.40550737977027895,0.058940042689685855,10769.4,926.4876145961153,997.478662109375,69.33776035187535,997.478662109375,69.33776035187535,5
2500,endpoint,20000,0.05,accuracy_drop_selector_with_resampling,118,0.7080063343048095,0.035377862457645196,-0.40538340210914614,0.05892623284186124,10764.8,925.5283356008069,999.0122802734375,69.40564347066112,999.0122802734375,69.40564347066112,5
2500,endpoint,20000,0.05,accuracy_drop_selector_with_resampling,119,0.7079042673110962,0.03533371203175363,-0.4052877724170685,0.05891652469511556,10762.6,926.7029189551525,1000.52412109375,69.47379592841183,1000.52412109375,69.47379592841183,5
2500,endpoint,20000,0.05,accuracy_drop_selector_with_resampling,120,0.7078430414199829,0.03527217259136405,-0.4051846444606781,0.058880236071968226,10759.6,925.4635595203088,1002.0301025390625,69.54616062449136,1002.0301025390625,69.54616062449136,5
2500,endpoint,20000,0.05,accuracy_drop_selector_with_resampling,121,0.7078022241592408,0.035259839984727,-0.4050718367099762,0.0588704842771607,10755.6,927.258486076024,1003.5262817382812,69.61301190393368,1003.5262817382812,69.61301190393368,5
2500,endpoint,20000,0.05,accuracy_drop_selector_with_resampling,122,0.707771611213684,0.03521316151301613,-0.4049754798412323,0.05884528680537559,10752.4,928.8572549105702,1005.0074829101562,69.67886659106765,1005.0074829101562,69.67886659106765,5
2500,endpoint,20000,0.05,accuracy_drop_selector_with_resampling,123,0.707618510723114,0.035175447289155226,-0.40487167835235593,0.05883953416228168,10747.8,929.5188002402103,1006.4773193359375,69.74715222731659,1006.4773193359375,69.74715222731659,5
2500,endpoint,20000,0.05,accuracy_drop_selector_with_resampling,124,0.7075674891471863,0.03515414278664508,-0.40476988554000853,0.05881649045809589,10744.0,927.850742307188,1007.9349609375,69.81492138247614,1007.9349609375,69.81492138247614,5
2500,endpoint,20000,0.05,accuracy_drop_selector_with_resampling,125,0.7075368642807007,0.03521311055013912,-0.4046675205230713,0.05878036825000716,10742.2,929.1053223397226,1009.3847290039063,69.8811348547621,1009.3847290039063,69.8811348547621,5
2500,endpoint,20000,0.05,accuracy_drop_selector_with_resampling,126,0.7074347972869873,0.035167349493750076,-0.4045717418193817,0.058768157661455184,10741.4,928.6187592333034,1010.8224487304688,69.95173748303736,1010.8224487304688,69.95173748303736,5
2500,endpoint,20000,0.05,accuracy_drop_selector_with_resampling,127,0.707353162765503,0.03517649875233827,-0.4044748544692993,0.05875827669772845,10737.4,928.8844384529219,1012.2486206054688,70.01579407598062,1012.2486206054688,70.01579407598062,5
2500,endpoint,20000,0.05,accuracy_drop_selector_with_resampling,128,0.7073327541351319,0.035231163470993074,-0.4043804585933685,0.05872618603363118,10733.8,928.8065998904185,1013.6623168945313,70.08034436764117,1013.6623168945313,70.08034436764117,5
2500,endpoint,20000,0.05,accuracy_drop_selector_with_resampling,129,0.7072715282440185,0.035164832284837355,-0.40427603125572203,0.05873161850480471,10730.4,925.7576896791082,1015.0658813476563,70.15124310311833,1015.0658813476563,70.15124310311833,5
2500,endpoint,20000,0.05,accuracy_drop_selector_with_resampling,130,0.7071592569351196,0.0351660148168067,-0.4041783928871155,0.05870255980784288,10727.0,928.44978324086,1016.463525390625,70.21596681763904,1016.463525390625,70.21596681763904,5
2500,endpoint,20000,0.05,accuracy_drop_selector_with_resampling,131,0.7070980191230773,0.03517654928117591,-0.4040940165519714,0.05867396640431278,10725.6,928.5067581875751,1017.8464599609375,70.27692218470085,1017.8464599609375,70.27692218470085,5
2500,endpoint,20000,0.05,accuracy_drop_selector_with_resampling,132,0.7070367932319641,0.03517589055832593,-0.40399808883666993,0.05866629896389736,10719.4,929.6119082714033,1019.222314453125,70.3439468896954,1019.222314453125,70.3439468896954,5
2500,endpoint,20000,0.05,accuracy_drop_selector_with_resampling,133,0.7070265889167786,0.03511273987200228,-0.40390575528144834,0.05864927277939823,10718.6,929.0106565589008,1020.5895141601562,70.41212769143304,1020.5895141601562,70.41212769143304,5
2500,endpoint,20000,0.05,accuracy_drop_selector_with_resampling,134,0.706904125213623,0.03508503660766572,-0.4038104057312012,0.058622879675691505,10714.4,931.4007193469414,1021.9469970703125,70.47227631109094,1021.9469970703125,70.47227631109094,5
2500,endpoint,20000,0.05,accuracy_drop_selector_with_resampling,135,0.706883716583252,0.03508373796439594,-0.403716516494751,0.058610704198343376,10711.0,931.365395534964,1023.292724609375,70.53787540640128,1023.292724609375,70.53787540640128,5
2500,endpoint,20000,0.05,accuracy_drop_selector_with_resampling,136,0.7068122744560241,0.035130072650743936,-0.4036263644695282,0.05859690237010485,10708.2,931.8869030091581,1024.6303466796876,70.6001583405992,1024.6303466796876,70.6001583405992,5
2500,endpoint,20000,0.05,accuracy_drop_selector_with_resampling,137,0.7067612409591675,0.03510879867789044,-0.4035381555557251,0.05857308561653696,10704.0,933.2446088780797,1025.9602783203125,70.6653976967256,1025.9602783203125,70.6653976967256,5
2500,endpoint,20000,0.05,accuracy_drop_selector_with_resampling,138,0.706771445274353,0.03510138225975682,-0.4034415543079376,0.058559062259838694,10701.2,931.0599873262732,1027.2824584960938,70.73040928106303,1027.2824584960938,70.73040928106303,5
2500,endpoint,20000,0.05,accuracy_drop_selector_with_resampling,139,0.7067204236984252,0.03512264464802527,-0.40335060358047486,0.058544709379432076,10697.2,930.8545536226377,1028.594140625,70.79365917172083,1028.594140625,70.79365917172083,5
2500,endpoint,20000,0.05,accuracy_drop_selector_with_resampling,140,0.7066694021224975,0.03512277439663354,-0.40327298641204834,0.058527854131706934,10694.0,930.5132992064111,1029.898046875,70.85331294886751,1029.898046875,70.85331294886751,5
2500,endpoint,20000,0.05,accuracy_drop_selector_with_resampling,141,0.7066693902015686,0.03503556046731518,-0.4031671226024628,0.058516672500691085,10691.4,928.4903338215213,1031.1931396484374,70.91628668002403,1031.1931396484374,70.91628668002403,5
2500,endpoint,20000,0.05,accuracy_drop_selector_with_resampling,142,0.7065979480743408,0.035098107448133894,-0.4030886232852936,0.0584931097719284,10688.2,931.2347716875697,1032.4822631835937,70.97845522834238,1032.4822631835937,70.97845522834238,5
2500,endpoint,20000,0.05,accuracy_drop_selector_with_resampling,143,0.7065367221832275,0.035012206972652206,-0.4029976427555084,0.058460034272050584,10685.8,929.6874205882319,1033.7649780273437,71.04377453087434,1033.7649780273437,71.04377453087434,5
2500,endpoint,20000,0.05,accuracy_drop_selector_with_resampling,144,0.706414258480072,0.03502422467927102,-0.4029148995876312,0.05845980359853778,10683.0,929.7297994578855,1035.0365356445313,71.1065992782416,1035.0365356445313,71.1065992782416,5
2500,endpoint,20000,0.05,accuracy_drop_selector_with_resampling,145,0.7063734292984009,0.03502485528107034,-0.40283172726631167,0.058428912393924406,10679.0,931.8119445467524,1036.29951171875,71.1678238835544,1036.29951171875,71.1678238835544,5
2500,endpoint,20000,0.05,accuracy_drop_selector_with_resampling,146,0.7062713623046875,0.034969387926626905,-0.4027384102344513,0.058417379323142934,10676.8,931.5796798986117,1037.5571411132812,71.22995739482633,1037.5571411132812,71.22995739482633,5
2500,endpoint,20000,0.05,accuracy_drop_selector_with_resampling,147,0.7062407493591308,0.03497556689931831,-0.4026589453220367,0.05840666001919722,10674.8,931.8941463492514,1038.809228515625,71.29351177546978,1038.809228515625,71.29351177546978,5
2500,endpoint,20000,0.05,accuracy_drop_selector_with_resampling,148,0.7062203407287597,0.034969443953994525,-0.4025814771652222,0.05838349300337241,10672.8,933.3941825402599,1040.05126953125,71.35308717048429,1040.05126953125,71.35308717048429,5
2500,endpoint,20000,0.05,accuracy_drop_selector_with_resampling,149,0.7061795115470886,0.03495673936854084,-0.40250238180160525,0.05837115882889089,10671.6,931.4450064281841,1041.2851196289062,71.41634526206795,1041.2851196289062,71.41634526206795,5
2500,endpoint,20000,0.05,none,-1,0.7678624391555786,0.038630936334284466,-0.5034046530723572,0.06379191930079747,0.0,0.0,0.0,0.0,0.0,0.0,5
2500,endpoint,20000,0.05,none,0,0.767678725719452,0.03863919692462587,-0.5034147202968597,0.06378858407813526,10107.0,513.3176404527708,5.298001384735107,0.6132609986746071,5.298001384735107,0.6132609986746071,5
2500,endpoint,20000,0.05,none,1,0.7674337744712829,0.0386248658890559,-0.5031656682491302,0.06379240704567656,14835.6,355.5549184022069,13.547436714172363,1.504341055785787,13.547436714172363,1.504341055785787,5
2500,endpoint,20000,0.05,none,2,0.7669745326042176,0.03860037675769409,-0.5027823925018311,0.06384502397207578,14962.2,225.6461832161138,24.05231285095215,2.494449577396005,24.05231285095215,2.494449577396005,5
2500,endpoint,20000,0.05,none,3,0.7660968422889709,0.03898631324877518,-0.502042144536972,0.06391871420546465,14931.8,232.33531802117386,36.16318588256836,3.630834440204186,36.16318588256836,3.630834440204186,5
2500,endpoint,20000,0.05,none,4,0.7651273131370544,0.03912795491449092,-0.5009370028972626,0.0640291309055758,14890.6,204.50623462378843,50.13176956176758,4.806368168668358,50.13176956176758,4.806368168668358,5
2500,endpoint,20000,0.05,none,5,0.7639638781547546,0.03936181477807308,-0.4994487166404724,0.06413548617144854,14858.8,262.51799938289946,65.72430267333985,6.059886368048104,65.72430267333985,6.059886368048104,5
2500,endpoint,20000,0.05,none,6,0.7626473307609558,0.03946386541831916,-0.4976471304893494,0.06425252830222002,14823.6,247.7514883910892,82.50566864013672,7.29417766447703,82.50566864013672,7.29417766447703,5
2500,endpoint,20000,0.05,none,7,0.7613614320755004,0.039493994374064235,-0.49563816785812376,0.06434625564656422,14786.2,247.45140937161784,100.23086853027344,8.401454402936848,100.23086853027344,8.401454402936848,5
2500,endpoint,20000,0.05,none,8,0.7600244998931884,0.03963609914692422,-0.4935212016105652,0.06442986805192459,14734.0,254.61441436022432,118.60195770263672,9.433932993834159,118.60195770263672,9.433932993834159,5
2500,endpoint,20000,0.05,none,9,0.7587079524993896,0.0396159220248725,-0.4913106620311737,0.06444983254007745,14655.8,266.7558809098686,137.2619598388672,10.46636914946579,137.2619598388672,10.46636914946579,5
2500,endpoint,20000,0.05,none,10,0.75720773935318,0.039649634455747276,-0.4890724360942841,0.0644781122731607,14650.2,254.4154083384102,156.14353942871094,11.519210122973808,156.14353942871094,11.519210122973808,5
2500,endpoint,20000,0.05,none,11,0.7561667680740356,0.03965164054794536,-0.4868617594242096,0.06449054020526408,14611.6,210.0007142844995,175.04404907226564,12.476246160537507,175.04404907226564,12.476246160537507,5
2500,endpoint,20000,0.05,none,12,0.7547379612922669,0.03962043218346924,-0.4846650242805481,0.06448978384728965,14532.2,291.82477619283804,193.93040161132814,13.510163871374724,193.93040161132814,13.510163871374724,5
2500,endpoint,20000,0.05,none,13,0.7533806204795838,0.03976218699293681,-0.4825000882148743,0.06447059990797735,14478.8,190.41323483413646,212.71069946289063,14.498769936230245,212.71069946289063,14.498769936230245,5
2500,endpoint,20000,0.05,none,14,0.7523192286491394,0.039764642442071826,-0.4803969204425812,0.06444771701775845,14417.4,213.4837230329282,231.43289794921876,15.486043257167447,231.43289794921876,15.486043257167447,5
2500,endpoint,20000,0.05,none,15,0.7512272357940674,0.03981838353018253,-0.47831847071647643,0.06439247492535739,14347.4,237.6053450577238,250.0214080810547,16.492188363088506,250.0214080810547,16.492188363088506,5
2500,endpoint,20000,0.05,none,16,0.7501045942306519,0.03956148107422006,-0.4762600719928741,0.06433054027894149,14299.8,194.52814706360618,268.4769592285156,17.50968745379596,268.4769592285156,17.50968745379596,5
2500,endpoint,20000,0.05,none,17,0.7490023970603943,0.03938731033255296,-0.47429301142692565,0.06428092002118412,14241.2,231.12161300925536,286.6993041992188,18.517010948645392,286.6993041992188,18.517010948645392,5
2500,endpoint,20000,0.05,none,18,0.7479716181755066,0.03935338912387534,-0.4723482847213745,0.06420564097227698,14167.0,208.76182601232438,304.7679809570312,19.560000038233117,304.7679809570312,19.560000038233117,5
2500,endpoint,20000,0.05,none,19,0.7467265486717224,0.03956250548158931,-0.4704225718975067,0.06414480724260899,14164.2,188.99920634754,322.761572265625,20.6462993045328,322.761572265625,20.6462993045328,5
2500,endpoint,20000,0.05,none,20,0.7457365989685059,0.03943116269315069,-0.46858344674110414,0.06406408766129533,14098.8,219.2161034230834,340.51723022460936,21.799661252717026,340.51723022460936,21.799661252717026,5
2500,endpoint,20000,0.05,none,21,0.7446547985076905,0.03961371279637281,-0.46674531102180483,0.06401651244211923,14023.2,207.1586348670989,358.1392395019531,22.90523581824571,358.1392395019531,22.90523581824571,5
2500,endpoint,20000,0.05,none,22,0.7435117602348328,0.03938205663565778,-0.4649880290031433,0.06395831405952752,13986.4,201.72580400137213,375.541552734375,23.954314096121,375.541552734375,23.954314096121,5
2500,endpoint,20000,0.05,none,23,0.7425830364227295,0.03946401297038234,-0.4632581233978271,0.06389557047358214,13980.0,190.80225365545346,392.82025756835935,25.1043079459144,392.82025756835935,25.1043079459144,5
2500,endpoint,20000,0.05,none,24,0.7414298176765441,0.039493402352366154,-0.4615759551525116,0.06382567657214024,13963.4,208.38378055885252,409.9865661621094,26.234690156942037,409.9865661621094,26.234690156942037,5
2500,endpoint,20000,0.05,none,25,0.740521514415741,0.039377994439241365,-0.45990775227546693,0.06379551766286158,13896.0,198.91329769525214,426.97051391601565,27.371265844744478,426.97051391601565,27.371265844744478,5
2500,endpoint,20000,0.05,none,26,0.7394805312156677,0.03947633341697087,-0.4583077609539032,0.06376250918453247,13877.6,219.61967125009545,443.79058837890625,28.463726644975228,443.79058837890625,28.463726644975228,5
2500,endpoint,20000,0.05,none,27,0.7386436581611633,0.039229031294280584,-0.4567026674747467,0.06371738806541312,13843.6,178.96312469332892,460.4689025878906,29.526735337493335,460.4689025878906,29.526735337493335,5
2500,endpoint,20000,0.05,none,28,0.7377966046333313,0.039123527761810495,-0.45516818165779116,0.06366320558710559,13796.4,194.2171465138956,477.0337219238281,30.56929153534151,477.0337219238281,30.56929153534151,5
2500,endpoint,20000,0.05,none,29,0.736735212802887,0.03926501995827644,-0.4536425471305847,0.0636132568949723,13755.8,213.32299454114175,493.46160278320315,31.61171468832185,493.46160278320315,31.61171468832185,5
2500,endpoint,20000,0.05,none,30,0.7359187722206115,0.03907771563444254,-0.4521676242351532,0.06356728434391401,13716.0,226.08405516533006,509.6691528320313,32.607220553890265,509.6691528320313,32.607220553890265,5
2500,endpoint,20000,0.05,none,31,0.7350614905357361,0.03929381535435556,-0.4506980061531067,0.0635238832313435,13718.4,189.43151796889555,525.8278381347657,33.51141453797327,525.8278381347657,33.51141453797327,5
2500,endpoint,20000,0.05,none,32,0.7344389438629151,0.0392378069967365,-0.4492731630802155,0.063498798620738,13682.0,142.23220451079285,541.864599609375,34.46998295256752,541.864599609375,34.46998295256752,5
2500,endpoint,20000,0.05,none,33,0.7337449789047241,0.039294714115522864,-0.4478494763374329,0.06345645639109003,13618.6,226.6589949682121,557.7650146484375,35.41525950227129,557.7650146484375,35.41525950227129,5
2500,endpoint,20000,0.05,none,34,0.7329182982444763,0.03935784035509163,-0.4464496672153473,0.06342996767373571,13585.4,191.52232245876718,573.59697265625,36.25951348494735,573.59697265625,36.25951348494735,5
2500,endpoint,20000,0.05,none,35,0.7319385647773743,0.039475054190957676,-0.44512203335762024,0.06339743924118217,13635.6,145.0044826893293,589.320458984375,37.083280939458504,589.320458984375,37.083280939458504,5
2500,endpoint,20000,0.05,none,36,0.7311425328254699,0.03935365612314792,-0.44378995299339297,0.06338073700870156,13611.8,204.6233124548618,604.9036987304687,37.94475625154498,604.9036987304687,37.94475625154498,5
2500,endpoint,20000,0.05,none,37,0.7304587364196777,0.03933109396559898,-0.44248766303062437,0.06335717074463776,13530.2,168.84667601110777,620.356787109375,38.72029456656903,620.356787109375,38.72029456656903,5
2500,endpoint,20000,0.05,none,38,0.7296218872070312,0.03916477244562782,-0.44120686054229735,0.0633178569528628,13522.2,179.20435262571053,635.722021484375,39.53900853083922,635.722021484375,39.53900853083922,5
2500,endpoint,20000,0.05,none,39,0.7287748217582702,0.039023457448166626,-0.4399481236934662,0.06330839934528139,13510.6,163.27063422428418,650.9677734375,40.30239785927164,650.9677734375,40.30239785927164,5
2500,endpoint,20000,0.05,none,40,0.7282237052917481,0.03907137856901557,-0.43869989514350893,0.06326147197343691,13473.8,190.54579502051467,666.1095336914062,41.08954252096271,666.1095336914062,41.08954252096271,5
2500,endpoint,20000,0.05,none,41,0.7275093197822571,0.03908669636498471,-0.4374895811080933,0.06322211131867636,13441.4,213.66164840700822,681.154833984375,41.839586885555235,681.154833984375,41.839586885555235,5
2500,endpoint,20000,0.05,none,42,0.7268663644790649,0.03897039713899649,-0.43627941608428955,0.06317442138415963,13472.8,154.99903225504346,696.1552490234375,42.558438649199104,696.1552490234375,42.558438649199104,5
2500,endpoint,20000,0.05,none,43,0.726151955127716,0.038945618969236685,-0.4351058781147003,0.06313073891019279,13403.8,169.31390964714032,710.9996337890625,43.24203268848747,710.9996337890625,43.24203268848747,5
2500,endpoint,20000,0.05,none,44,0.725284481048584,0.039033882444359236,-0.43395659923553465,0.06309646373123629,13382.8,217.24111028992647,725.7642456054688,43.95834030562236,725.7642456054688,43.95834030562236,5
2500,endpoint,20000,0.05,none,45,0.7247231721878051,0.03890875491406205,-0.43281041383743285,0.06303629073610945,13454.8,157.50777758574336,740.468701171875,44.61751762821823,740.468701171875,44.61751762821823,5
2500,endpoint,20000,0.05,none,46,0.7239679455757141,0.03874450607384335,-0.43167524337768554,0.06298888967574238,13325.2,204.31030321547664,755.00205078125,45.31060937263986,755.00205078125,45.31060937263986,5
2500,endpoint,20000,0.05,none,47,0.7233045816421508,0.03872438466042871,-0.4305755317211151,0.06295210999436562,13335.2,151.95624370192888,769.5088745117188,45.93764403507949,769.5088745117188,45.93764403507949,5
2500,endpoint,20000,0.05,none,48,0.7227024555206298,0.03842973137186309,-0.42946582436561587,0.06292156000320308,13363.0,150.55065592683414,783.9563598632812,46.59901556903529,783.9563598632812,46.59901556903529,5
2500,endpoint,20000,0.05,none,49,0.7219982504844665,0.038511391668094544,-0.4283930599689484,0.06287436375963128,13272.8,153.9129624170752,798.2434692382812,47.17105422055341,798.2434692382812,47.17105422055341,5
2500,endpoint,20000,0.05,none,50,0.7212940812110901,0.03852402263080818,-0.42732213139534,0.0628204558594166,13259.6,152.02236677541893,813.4106689453125,47.87323124868225,813.4106689453125,47.87323124868225,5
2500,endpoint,20000,0.05,none,51,0.7210083246231079,0.0385796425848293,-0.42626614570617677,0.06278251427132038,13243.0,153.04901175767193,824.019873046875,48.39348927254904,824.019873046875,48.39348927254904,5
2500,endpoint,20000,0.05,none,52,0.7207327604293823,0.03850558008475543,-0.4255090355873108,0.06274991103501114,13230.2,153.49657976645602,832.6603515625,48.80532655239923,832.6603515625,48.80532655239923,5
2500,endpoint,20000,0.05,none,53,0.7205184459686279,0.03842989785546392,-0.4249045789241791,0.06272677086773518,13218.4,150.04432678378745,840.1095947265625,49.1615416178632,840.1095947265625,49.1615416178632,5
2500,endpoint,20000,0.05,none,54,0.7202122688293457,0.03854420351517258,-0.4243995487689972,0.06270243618620326,13209.2,148.4324762307764,846.7541259765625,49.48039006628395,846.7541259765625,49.48039006628395,5
2500,endpoint,20000,0.05,none,55,0.7199877500534058,0.03845090249609898,-0.4239319086074829,0.06268981539475975,13196.6,149.87094448224445,852.7979736328125,49.76934619007551,852.7979736328125,49.76934619007551,5
2500,endpoint,20000,0.05,none,56,0.7197734475135803,0.03848622791031227,-0.42352871894836425,0.06265562014927872,13184.8,149.1884714044621,858.3708618164062,50.02587391795586,858.3708618164062,50.02587391795586,5
2500,endpoint,20000,0.05,none,57,0.7195999383926391,0.038470286146919025,-0.4231415092945099,0.0626382652626384,13178.6,151.36479115038608,863.5775634765625,50.283343979209825,863.5775634765625,50.283343979209825,5
2500,endpoint,20000,0.05,none,58,0.7194162368774414,0.03854002168874853,-0.42279188632965087,0.06262526012984201,13170.0,153.00326793895613,868.4612060546875,50.52878834808151,868.4612060546875,50.52878834808151,5
2500,endpoint,20000,0.05,none,59,0.719181501865387,0.038522197277589404,-0.4224399566650391,0.06261346626907219,13163.4,149.45835540377126,873.09619140625,50.738623249460225,873.09619140625,50.738623249460225,5
2500,endpoint,20000,0.05,none,60,0.7190080165863038,0.03842451555254206,-0.42213437557220457,0.06260900091900609,13157.2,150.86318305007356,877.4991455078125,50.94718303008328,877.4991455078125,50.94718303008328,5
2500,endpoint,20000,0.05,none,61,0.718824303150177,0.03839573230478744,-0.42182537317276003,0.06258617013755303,13150.0,146.3249807790864,881.7156494140625,51.139449840104454,881.7156494140625,51.139449840104454,5
2500,endpoint,20000,0.05,none,62,0.718579363822937,0.038416559571137335,-0.42153663039207456,0.06257771369975462,13143.0,146.86558480460968,885.7498291015625,51.327137494810486,885.7498291015625,51.327137494810486,5
2500,endpoint,20000,0.05,none,63,0.7184671044349671,0.03840734161004898,-0.4212513864040375,0.06256579240195459,13134.4,148.30981086900488,889.639599609375,51.49657568675681,889.639599609375,51.49657568675681,5
2500,endpoint,20000,0.05,none,64,0.7182527899742126,0.03833146697731935,-0.4209887027740479,0.06255413781033312,13125.8,153.80572161008834,893.3880004882812,51.67071494341178,893.3880004882812,51.67071494341178,5
2500,endpoint,20000,0.05,none,65,0.7181201219558716,0.038283520910819054,-0.4207237005233765,0.06253951406435602,13121.4,147.66109846537103,897.0078979492188,51.83789613512876,897.0078979492188,51.83789613512876,5
2500,endpoint,20000,0.05,none,66,0.7179976582527161,0.03828089688013287,-0.42047183513641356,0.06252313135249846,13113.6,147.7609556005916,900.5167602539062,52.009950648851856,900.5167602539062,52.009950648851856,5
2500,endpoint,20000,0.05,none,67,0.7178751945495605,0.03819511588961745,-0.4202267169952393,0.06250604327464174,13108.0,148.3391384631851,903.9191040039062,52.16511675872807,903.9191040039062,52.16511675872807,5
2500,endpoint,20000,0.05,none,68,0.7178343653678894,0.03828691904988261,-0.42000632286071776,0.062489427949091875,13101.2,151.96940481557465,907.2254028320312,52.32376432511619,907.2254028320312,52.32376432511619,5
2500,endpoint,20000,0.05,none,69,0.7176608562469482,0.03820942488830142,-0.41976592540740965,0.06248737977007858,13095.0,150.89400253157845,910.4504150390625,52.472362163374584,910.4504150390625,52.472362163374584,5
2500,endpoint,20000,0.05,none,70,0.717599618434906,0.038189217787425546,-0.4195538401603699,0.06246937387418038,13085.8,154.15479233549632,913.5803588867187,52.61531808877926,913.5803588867187,52.61531808877926,5
2500,endpoint,20000,0.05,none,71,0.7174261331558227,0.03826609439143057,-0.4193423748016357,0.06245520705108243,13080.4,154.519578047573,916.6363037109375,52.75899918110395,916.6363037109375,52.75899918110395,5
2500,endpoint,20000,0.05,none,72,0.7173240900039672,0.038234716099671204,-0.4191327393054962,0.0624448020009194,13074.0,157.378524583248,919.6302612304687,52.90638314795512,919.6302612304687,52.90638314795512,5
2500,endpoint,20000,0.05,none,73,0.7172526478767395,0.038278183612874585,-0.4189366281032562,0.062433928883926106,13068.2,156.3959718151334,922.5457397460938,53.04080234638451,922.5457397460938,53.04080234638451,5
2500,endpoint,20000,0.05,none,74,0.7171403884887695,0.038248490935171964,-0.41873363852500917,0.06241693358339014,13063.6,156.76670564887175,925.4028564453125,53.18093299304925,925.4028564453125,53.18093299304925,5
2500,endpoint,20000,0.05,none,75,0.7169362545013428,0.03812789600828427,-0.4185376286506653,0.06240712665105888,13059.8,157.0786427239553,928.1983764648437,53.313755637263284,928.1983764648437,53.313755637263284,5
2500,endpoint,20000,0.05,none,76,0.7168750286102294,0.038109543583375115,-0.4183520019054413,0.06238508745058098,13053.4,156.4570228529228,930.9415405273437,53.45252358821455,930.9415405273437,53.45252358821455,5
2500,endpoint,20000,0.05,none,77,0.7168240070343017,0.03813532462823877,-0.4181626856327057,0.062378296444708124,13046.2,158.0734006719663,933.6272338867187,53.577568806818995,933.6272338867187,53.577568806818995,5
2500,endpoint,20000,0.05,none,78,0.7167015314102173,0.0382618965589713,-0.41798425912857057,0.062363962547069315,13038.6,160.0228108739501,936.260693359375,53.69933844090841,936.260693359375,53.69933844090841,5
2500,endpoint,20000,0.05,none,79,0.7165688753128052,0.03822530580436046,-0.41780188083648684,0.062354078862361405,13035.4,161.84035343510592,938.851806640625,53.82418239289336,938.851806640625,53.82418239289336,5
2500,endpoint,20000,0.05,none,80,0.7164055824279785,0.03819462123418124,-0.4176263749599457,0.062352790923818686,13031.4,162.85975561813913,941.3993286132812,53.948372885341655,941.3993286132812,53.948372885341655,5
2500,endpoint,20000,0.05,none,81,0.7162729024887085,0.03814016419844236,-0.4174529373645782,0.062338217334243946,13027.2,160.75198288046093,943.89814453125,54.068347292679185,943.89814453125,54.068347292679185,5
2500,endpoint,20000,0.05,none,82,0.716150450706482,0.038074442565743286,-0.4172868192195892,0.06232711475750215,13021.0,159.16657940660784,946.3521362304688,54.18659109707468,946.3521362304688,54.18659109707468,5
2500,endpoint,20000,0.05,none,83,0.7160075545310974,0.03806738435691639,-0.4171399712562561,0.06231413035867301,13013.2,158.09712204844212,948.7744384765625,54.30284183061978,948.7744384765625,54.30284183061978,5
2500,endpoint,20000,0.05,none,84,0.7158238530158997,0.03804164693684448,-0.4169663369655609,0.06230224216955919,13010.4,159.40294852981862,951.1565795898438,54.41415526593031,951.1565795898438,54.41415526593031,5
2500,endpoint,20000,0.05,none,85,0.7158238530158997,0.03809955375287991,-0.41680153012275695,0.062292784659956836,13006.4,159.16280972639305,953.5046630859375,54.525100905211694,953.5046630859375,54.525100905211694,5
2500,endpoint,20000,0.05,none,86,0.715772831439972,0.03806791851694722,-0.4166532516479492,0.06227872994373729,13001.2,159.35557724786415,955.8110595703125,54.62985627283913,955.8110595703125,54.62985627283913,5
2500,endpoint,20000,0.05,none,87,0.7156809806823731,0.03806942685266413,-0.41649898886680603,0.06226925949103623,12997.6,160.15867132316,958.0821899414062,54.738716864048634,958.0821899414062,54.738716864048634,5
2500,endpoint,20000,0.05,none,88,0.7156197428703308,0.03805634584164831,-0.4163387715816498,0.062264356374891146,12993.0,159.8827695531948,960.3282348632813,54.83798548965382,960.3282348632813,54.83798548965382,5
2500,endpoint,20000,0.05,none,89,0.7154768466949463,0.03803460389993552,-0.4161857604980469,0.062261795232155304,12986.6,158.82632023691792,962.5396362304688,54.94565632549291,962.5396362304688,54.94565632549291,5
2500,endpoint,20000,0.05,none,90,0.7155176639556885,0.03805815432298397,-0.4160504281520844,0.062257685880022375,12983.4,158.20493039093313,964.722802734375,55.04655120635881,964.722802734375,55.04655120635881,5
2500,endpoint,20000,0.05,none,91,0.7153441905975342,0.03802892539617134,-0.4158983647823334,0.0622444846471068,12980.2,158.53453882356362,966.877001953125,55.14898875435945,966.877001953125,55.14898875435945,5
2500,endpoint,20000,0.05,none,92,0.7153135776519776,0.038041698259532845,-0.4157457649707794,0.06224408301642481,12975.8,159.73164996330564,969.0054077148437,55.25053638535282,969.0054077148437,55.25053638535282,5
2500,endpoint,20000,0.05,none,93,0.715303373336792,0.03803547663372373,-0.4156100332736969,0.0622282396807197,12971.8,158.52665391031252,971.1022583007813,55.350775868106744,971.1022583007813,55.350775868106744,5
2500,endpoint,20000,0.05,none,94,0.7152217268943787,0.038060707637717774,-0.41547789573669436,0.06222096372070513,12965.8,156.9592303752793,973.1756713867187,55.445728046344364,973.1756713867187,55.445728046344364,5
2500,endpoint,20000,0.05,none,95,0.7151094436645508,0.03800275751126326,-0.41533597111701964,0.062215360863704945,12963.6,156.333937454412,975.2250610351563,55.54147353847937,975.2250610351563,55.54147353847937,5
2500,endpoint,20000,0.05,none,96,0.714946162700653,0.03795369326596851,-0.4152029275894165,0.062214467022066684,12960.4,157.2920849884062,977.2531860351562,55.63981233570821,977.2531860351562,55.63981233570821,5
2500,endpoint,20000,0.05,none,97,0.714946162700653,0.03792169602749085,-0.41506539583206176,0.06218832878663179,12957.4,156.6087481592264,979.2544555664062,55.73615210353592,979.2544555664062,55.73615210353592,5
2500,endpoint,20000,0.05,none,98,0.7147930860519409,0.03792090483314289,-0.4149260282516479,0.06219263708376969,12954.8,158.92513960981756,981.2351806640625,55.82710681265259,981.2351806640625,55.82710681265259,5
2500,endpoint,20000,0.05,none,99,0.714793074131012,0.03793123757723154,-0.41480128169059755,0.06219605068576622,12951.4,157.95030864167376,983.1888793945312,55.91851959546124,983.1888793945312,55.91851959546124,5
2500,endpoint,20000,0.05,none,100,0.7147726655006409,0.037916858542622375,-0.4146701037883759,0.06218351884837855,12946.8,156.53018878158935,985.1236938476562,56.010390112908254,985.1236938476562,56.010390112908254,5
2500,endpoint,20000,0.05,none,101,0.7146093845367432,0.0378829337001071,-0.4145477294921875,0.062178286258642024,12942.0,157.6435853436479,987.0364868164063,56.09895143124417,987.0364868164063,56.09895143124417,5
2500,endpoint,20000,0.05,none,102,0.7144869327545166,0.03784212289730025,-0.41443278789520266,0.062174803451501406,12937.2,157.35533038318084,988.9348999023438,56.18760603768349,988.9348999023438,56.18760603768349,5
2500,endpoint,20000,0.05,none,103,0.7144358873367309,0.037875635275513915,-0.41429120898246763,0.0621629029905351,12931.8,157.96265381412152,990.810498046875,56.27389177803076,990.810498046875,56.27389177803076,5
2500,endpoint,20000,0.05,none,104,0.7142827987670899,0.037835897699166184,-0.41416781544685366,0.0621584557059579,12926.8,159.00691808849072,992.6704223632812,56.35827609889362,992.6704223632812,56.35827609889362,5
2500,endpoint,20000,0.05,none,105,0.7143032073974609,0.037863429446512026,-0.4140444576740265,0.06215025399448659,12921.4,158.4449431190532,994.512255859375,56.44760789011137,994.512255859375,56.44760789011137,5
2500,endpoint,20000,0.05,none,106,0.7141603350639343,0.037883295774824285,-0.4139275848865509,0.062144929388131084,12918.8,159.4355669228168,996.3324340820312,56.5298587913225,996.3324340820312,56.5298587913225,5
2500,endpoint,20000,0.05,none,107,0.7140990972518921,0.0378262236618128,-0.4138068675994873,0.06214431806952296,12915.0,159.77640626825976,998.13828125,56.61181956709449,998.13828125,56.61181956709449,5
2500,endpoint,20000,0.05,none,108,0.7140990972518921,0.03787334127099231,-0.41368829607963564,0.062135929225207186,12911.4,161.2584881486863,999.9217529296875,56.69704777593508,999.9217529296875,56.69704777593508,5
2500,endpoint,20000,0.05,none,109,0.7140276432037354,0.03797025294136494,-0.4135880649089813,0.06213096019568334,12907.6,161.62549303869113,1001.6931396484375,56.77482574439023,1001.6931396484375,56.77482574439023,5
2500,endpoint,20000,0.05,none,110,0.7140072345733642,0.03794233897418993,-0.41345250606536865,0.062124833279067766,12905.0,161.9783936208777,1003.4492065429688,56.85849636015003,1003.4492065429688,56.85849636015003,5
2500,endpoint,20000,0.05,none,111,0.7139153957366944,0.03795134404785223,-0.41334487199783326,0.06212229890267549,12900.0,163.8093403930313,1005.1851684570313,56.93334696653087,1005.1851684570313,56.93334696653087,5
2500,endpoint,20000,0.05,none,112,0.7139153957366944,0.03798785708908682,-0.4132260799407959,0.06210680997152336,12896.0,162.96778822822625,1006.910986328125,57.01544726488917,1006.910986328125,57.01544726488917,5
2500,endpoint,20000,0.05,none,113,0.7139051914215088,0.03793835887906586,-0.4131135821342468,0.062106843863163896,12891.4,164.33745768996184,1008.6220092773438,57.091541192193226,1008.6220092773438,57.091541192193226,5
2500,endpoint,20000,0.05,none,114,0.7138337612152099,0.03800456594389742,-0.4129983842372894,0.06210793411805448,12888.8,163.74889312603003,1010.31484375,57.17421373707967,1010.31484375,57.17421373707967,5
2500,endpoint,20000,0.05,none,115,0.7137725234031678,0.03798762707748798,-0.4128942310810089,0.062098101962339725,12886.4,165.15235390390293,1011.9970581054688,57.253119475619634,1011.9970581054688,57.253119475619634,5
2500,endpoint,20000,0.05,none,116,0.7136602520942688,0.037973915946705024,-0.41277493834495543,0.062100776915223845,12883.2,164.36453388733227,1013.6634521484375,57.331392438369534,1013.6634521484375,57.331392438369534,5
2500,endpoint,20000,0.05,none,117,0.7136296272277832,0.03800593490238012,-0.41266587376594543,0.06208333104116577,12879.2,164.21236250660303,1015.31279296875,57.40570361291907,1015.31279296875,57.40570361291907,5
2500,endpoint,20000,0.05,none,118,0.7135479807853699,0.037984567205069875,-0.41256595253944395,0.06209008932115305,12874.8,166.37968626007202,1016.9522094726562,57.47945796101801,1016.9522094726562,57.47945796101801,5
2500,endpoint,20000,0.05,none,119,0.7135173678398132,0.03799470666111197,-0.4124502897262573,0.0620737779082886,12872.0,166.85322891691368,1018.5813842773438,57.554445304104696,1018.5813842773438,57.554445304104696,5
2500,endpoint,20000,0.05,none,120,0.7134255290031433,0.03800483997117804,-0.4123491048812866,0.0620794919083965,12868.2,166.99610773907276,1020.1927734375,57.628968806256424,1020.1927734375,57.628968806256424,5
2500,endpoint,20000,0.05,none,121,0.71334388256073,0.037917715383177564,-0.4122378706932068,0.06207690241807927,12867.4,168.33686464942846,1021.7962890625,57.70363500217933,1021.7962890625,57.70363500217933,5
2500,endpoint,20000,0.05,none,122,0.7133540868759155,0.03794859602802262,-0.41214398145675657,0.06206761036611019,12864.0,169.1463863048809,1023.3881225585938,57.775223929994354,1023.3881225585938,57.775223929994354,5
2500,endpoint,20000,0.05,none,123,0.71323162317276,0.03783568733629197,-0.4120418429374695,0.06205816242739927,12860.4,168.79514211019224,1024.9616821289062,57.845361441265695,1024.9616821289062,57.845361441265695,5
2500,endpoint,20000,0.05,none,124,0.7132010102272034,0.03787821191438019,-0.4119358420372009,0.06205994732534842,12857.6,169.68588627225307,1026.529443359375,57.917111152787115,1026.529443359375,57.917111152787115,5
2500,endpoint,20000,0.05,none,125,0.7131806015968323,0.03788681651283852,-0.41183929443359374,0.06205515656273149,12855.0,166.8921807635097,1028.082958984375,57.988077961329914,1028.082958984375,57.988077961329914,5
2500,endpoint,20000,0.05,none,126,0.7130785346031189,0.03782938571627931,-0.4117238461971283,0.06205071032080125,12852.4,168.15112250591727,1029.6254028320313,58.056686398455234,1029.6254028320313,58.056686398455234,5
2500,endpoint,20000,0.05,none,127,0.7130785346031189,0.03781604887390827,-0.4116313636302948,0.06204282003772449,12849.6,167.70301130271932,1031.1557983398438,58.1277686037587,1031.1557983398438,58.1277686037587,5
2500,endpoint,20000,0.05,none,128,0.7129866719245911,0.03782494939801492,-0.4115478217601776,0.06205077947613435,12847.0,169.49483767949985,1032.6780151367188,58.197325632319355,1032.6780151367188,58.197325632319355,5
2500,endpoint,20000,0.05,none,129,0.7129560470581054,0.03787410140526156,-0.4114376544952393,0.062035978706634076,12843.4,172.51173873102084,1034.1880859375,58.266541895617266,1034.1880859375,58.266541895617266,5
2500,endpoint,20000,0.05,none,130,0.7129254341125488,0.03782158049453917,-0.41133643984794616,0.06204326685972091,12837.4,174.5746258767293,1035.6861938476563,58.333529358940346,1035.6861938476563,58.333529358940346,5
2500,endpoint,20000,0.05,none,131,0.7128335952758789,0.03782105043528188,-0.4112362444400787,0.062026071716594584,12834.2,173.74320130583527,1037.1786743164062,58.405886900699514,1037.1786743164062,58.405886900699514,5
2500,endpoint,20000,0.05,none,132,0.7128029823303222,0.037863771495906307,-0.4111454486846924,0.06203549509096317,12832.8,175.0734131728744,1038.6574096679688,58.471293404404214,1038.6574096679688,58.471293404404214,5
2500,endpoint,20000,0.05,none,133,0.7126907110214233,0.03780187147674906,-0.4110462129116058,0.06202406766751617,12828.6,174.33100699531337,1040.1263061523437,58.54070204936956,1040.1263061523437,58.54070204936956,5
2500,endpoint,20000,0.05,none,134,0.7126907110214233,0.03777041475630164,-0.4109658896923065,0.06201756512621687,12826.8,175.6522131941411,1041.5869873046875,58.60495663886787,1041.5869873046875,58.60495663886787,5
2500,endpoint,20000,0.05,none,135,0.7126192808151245,0.03776238300465714,-0.4108669638633728,0.06202654470321853,12821.6,175.36761388580277,1043.0346313476562,58.67142166144147,1043.0346313476562,58.67142166144147,5
2500,endpoint,20000,0.05,none,136,0.7125580430030822,0.037794368753754054,-0.41076348423957826,0.06202645234505049,12818.8,176.44035819505694,1044.479052734375,58.74287609502656,1044.479052734375,58.74287609502656,5
2500,endpoint,20000,0.05,none,137,0.7124968051910401,0.03781812439645404,-0.4106817662715912,0.062016943553749204,12816.2,175.92526822489145,1045.910693359375,58.809296639852555,1045.910693359375,58.809296639852555,5
2500,endpoint,20000,0.05,none,138,0.7125070095062256,0.03783172890727375,-0.4105893671512604,0.062014632369522205,12812.4,174.48295045648442,1047.334765625,58.873150594139226,1047.334765625,58.873150594139226,5
2500,endpoint,20000,0.05,none,139,0.7124457836151123,0.037813580426734106,-0.4104991018772125,0.062006692820686646,12808.4,175.1707738180088,1048.7483520507812,58.93979951858049,1048.7483520507812,58.93979951858049,5
2500,endpoint,20000,0.05,none,140,0.7123845338821411,0.03784306839291179,-0.4104193806648254,0.062006063872402026,12806.6,175.71368757157197,1050.1543334960938,59.00456186606505,1050.1543334960938,59.00456186606505,5
2500,endpoint,20000,0.05,none,141,0.7123233079910278,0.03778375213238738,-0.41031342148780825,0.061994529996339726,12801.4,173.86000115035085,1051.5542236328124,59.07156726554895,1051.5542236328124,59.07156726554895,5
2500,endpoint,20000,0.05,none,142,0.7123233199119567,0.03779794809155528,-0.4102263987064362,0.06199439460562822,12798.0,172.78454792023504,1052.941357421875,59.13908000982724,1052.941357421875,59.13908000982724,5
2500,endpoint,20000,0.05,none,143,0.7122722864151001,0.03779727257310398,-0.41013787388801576,0.06198435454479745,12796.0,174.49498560130604,1054.3199829101563,59.19975155310273,1054.3199829101563,59.19975155310273,5
2500,endpoint,20000,0.05,none,144,0.712251877784729,0.037839480370464834,-0.4100499927997589,0.06197768842539506,12791.6,174.1444802455708,1055.6911254882812,59.26469250098027,1055.6911254882812,59.26469250098027,5
2500,endpoint,20000,0.05,none,145,0.712119197845459,0.037752851877416886,-0.4099730610847473,0.061977526172026294,12790.4,173.6715290426154,1057.0533447265625,59.328996093903896,1057.0533447265625,59.328996093903896,5
2500,endpoint,20000,0.05,none,146,0.7121089935302735,0.03781322876352251,-0.40987923741340637,0.06196866779873509,12788.4,173.93188321868996,1058.4132690429688,59.39516491352795,1058.4132690429688,59.39516491352795,5
2500,endpoint,20000,0.05,none,147,0.7120579600334167,0.03778613961782157,-0.4098120629787445,0.061971637345322295,12786.8,174.15854845513613,1059.7598754882813,59.45222550171621,1059.7598754882813,59.45222550171621,5
2500,endpoint,20000,0.05,none,148,0.7120477795600891,0.03783750054758435,-0.40970197319984436,0.06196350322734612,12784.2,176.75887530757825,1061.1009399414063,59.5153693813156,1061.1009399414063,59.5153693813156,5
2500,endpoint,20000,0.05,none,149,0.7119355082511902,0.037758310211922996,-0.40963056683540344,0.06195432764062752,12780.6,176.53413267694154,1062.433056640625,59.57800296342758,1062.433056640625,59.57800296342758,5
2500,endpoint,20000,0.1,accuracy_drop_selector_with_resampling,-1,0.7678624391555786,0.038630936334284466,-0.5034046530723572,0.06379191930079747,0.0,0.0,0.0,0.0,0.0,0.0,5
2500,endpoint,20000,0.1,accuracy_drop_selector_with_resampling,0,0.7674235820770263,0.03882513834385308,-0.503408670425415,0.06378518510246178,10121.8,1275.632862543138,14.670866775512696,4.198382901176736,14.670866775512696,4.198382901176736,5
2500,endpoint,20000,0.1,accuracy_drop_selector_with_resampling,1,0.7658314943313599,0.03935373134631575,-0.5028675675392151,0.06389753157679946,14200.4,557.0352771593555,37.26126823425293,11.225744297897405,37.26126823425293,11.225744297897405,5
2500,endpoint,20000,0.1,accuracy_drop_selector_with_resampling,2,0.7638107895851135,0.04047655509880946,-0.500834584236145,0.06481749789568124,13490.4,516.5077927776115,63.488085174560545,19.79178862432127,63.488085174560545,19.79178862432127,5
2500,endpoint,20000,0.1,accuracy_drop_selector_with_resampling,3,0.7608001232147217,0.041330019119669645,-0.4975039720535278,0.06595688108972679,13195.8,601.852307464215,93.42455139160157,27.92151014230359,93.42455139160157,27.92151014230359,5
2500,endpoint,20000,0.1,accuracy_drop_selector_with_resampling,4,0.7579221248626709,0.041419481018520825,-0.4934248268604279,0.06688684489374223,13008.8,575.5794471660711,125.92186584472657,35.30295602524031,125.92186584472657,35.30295602524031,5
2500,endpoint,20000,0.1,accuracy_drop_selector_with_resampling,5,0.755156397819519,0.041814930236565774,-0.48904816508293153,0.06756610080374632,12769.6,696.862468497192,159.54330596923828,41.74441704729654,159.54330596923828,41.74441704729654,5
2500,endpoint,20000,0.1,accuracy_drop_selector_with_resampling,6,0.7524927377700805,0.04188687509568412,-0.4846335709095001,0.06801003090524314,12607.2,749.5076383866945,194.27588806152343,47.48142575919673,194.27588806152343,47.48142575919673,5
2500,endpoint,20000,0.1,accuracy_drop_selector_with_resampling,7,0.7500841975212097,0.042177820859383666,-0.48029589653015137,0.06826525690994911,12414.0,796.2443092418306,229.25919494628906,52.33045946010888,229.25919494628906,52.33045946010888,5
2500,endpoint,20000,0.1,accuracy_drop_selector_with_resampling,8,0.7475123763084411,0.04200345391097085,-0.47605049014091494,0.06843254670155254,12246.8,823.0806157357856,264.393798828125,56.4223922645374,264.393798828125,56.4223922645374,5
2500,endpoint,20000,0.1,accuracy_drop_selector_with_resampling,9,0.7452977538108826,0.04185539227051227,-0.4719085216522217,0.06851558913262298,12070.8,874.3990507771609,299.30669555664065,59.759327938066804,299.30669555664065,59.759327938066804,5
2500,endpoint,20000,0.1,accuracy_drop_selector_with_resampling,10,0.7431749701499939,0.041822161177442044,-0.4679521441459656,0.06847505862121302,11987.6,868.4672129677666,334.0062744140625,62.7039770480241,334.0062744140625,62.7039770480241,5
2500,endpoint,20000,0.1,accuracy_drop_selector_with_resampling,11,0.7410624027252197,0.041508982517395064,-0.4641834318637848,0.06843403110887021,11894.2,903.6070495519609,368.2119873046875,65.10028781520681,368.2119873046875,65.10028781520681,5
2500,endpoint,20000,0.1,accuracy_drop_selector_with_resampling,12,0.7390927314758301,0.041499036084887676,-0.46054293513298034,0.06833733522630994,11797.0,894.6605501529616,402.05890502929685,67.31373949468994,402.05890502929685,67.31373949468994,5
2500,endpoint,20000,0.1,accuracy_drop_selector_with_resampling,13,0.7369087100028991,0.0415627166108165,-0.457076632976532,0.06823927304422053,11696.2,873.6050022750557,435.5156616210937,69.26775621698044,435.5156616210937,69.26775621698044,5
2500,endpoint,20000,0.1,accuracy_drop_selector_with_resampling,14,0.7351125001907348,0.041476330259521486,-0.45372962951660156,0.0680813316280698,11625.2,894.0633087203613,468.61818237304686,70.97436779260416,468.61818237304686,70.97436779260416,5
2500,endpoint,20000,0.1,accuracy_drop_selector_with_resampling,15,0.7334694147109986,0.041031781389807793,-0.45052499771118165,0.0678873431120808,11592.8,946.7606350076031,501.22918701171875,72.46571532712481,501.22918701171875,72.46571532712481,5
2500,endpoint,20000,0.1,accuracy_drop_selector_with_resampling,16,0.7314895153045654,0.04104990931472956,-0.4474091410636902,0.0676643943917135,11511.4,940.8641240901898,533.400830078125,73.74619085142939,533.400830078125,73.74619085142939,5
2500,endpoint,20000,0.1,accuracy_drop_selector_with_resampling,17,0.729897427558899,0.04083538783548417,-0.44442579746246336,0.067420526037376,11443.6,941.2785453838837,565.0734375,74.8108854272643,565.0734375,74.8108854272643,5
2500,endpoint,20000,0.1,accuracy_drop_selector_with_resampling,18,0.728335976600647,0.040371580322795454,-0.4415177643299103,0.06714355823309832,11402.0,903.441475691702,596.3671325683594,75.70062622830169,596.3671325683594,75.70062622830169,5
2500,endpoint,20000,0.1,accuracy_drop_selector_with_resampling,19,0.7267132639884949,0.04033961771392929,-0.4387295603752136,0.06685350747585243,11346.8,902.3672755591263,627.2079833984375,76.40667060477874,627.2079833984375,76.40667060477874,5
2500,endpoint,20000,0.1,accuracy_drop_selector_with_resampling,20,0.7250089406967163,0.040017042322572915,-0.4360326886177063,0.0665235846420461,11324.2,893.5799908234293,657.657568359375,77.06478925836079,657.657568359375,77.06478925836079,5
2500,endpoint,20000,0.1,accuracy_drop_selector_with_resampling,21,0.7237842679023743,0.03979792913558885,-0.4334284007549286,0.06621358226940452,11267.8,894.6016990817757,687.8303344726562,77.71933576619462,687.8303344726562,77.71933576619462,5
2500,endpoint,20000,0.1,accuracy_drop_selector_with_resampling,22,0.72212073802948,0.03940609326397261,-0.430852609872818,0.06586879013289146,11256.6,927.004476796094,717.5829467773438,78.41689383987392,717.5829467773438,78.41689383987392,5
2500,endpoint,20000,0.1,accuracy_drop_selector_with_resampling,23,0.7206409096717834,0.03919440012312806,-0.428351229429245,0.0655153793299725,11195.0,881.8732902180449,746.9494506835938,79.14067207575091,746.9494506835938,79.14067207575091,5
2500,endpoint,20000,0.1,accuracy_drop_selector_with_resampling,24,0.7192223310470581,0.03900962685021606,-0.42594297528266906,0.06521413568510658,11208.4,890.8253476411636,775.9800659179688,79.72157631590807,775.9800659179688,79.72157631590807,5
2500,endpoint,20000,0.1,accuracy_drop_selector_with_resampling,25,0.7178956031799316,0.038842200191317,-0.4235848903656006,0.06493149226622617,11137.0,891.6361365489848,804.781005859375,80.34760950064562,804.781005859375,80.34760950064562,5
2500,endpoint,20000,0.1,accuracy_drop_selector_with_resampling,26,0.7165484547615051,0.03878531837839885,-0.4212910354137421,0.06464358295823003,11116.0,844.7618007462222,833.1672485351562,80.85642323057058,833.1672485351562,80.85642323057058,5
2500,endpoint,20000,0.1,accuracy_drop_selector_with_resampling,27,0.7152625441551208,0.03874491967026864,-0.4190481245517731,0.06436632082085898,11109.2,920.1506398411077,861.4068969726562,81.43698434988957,861.4068969726562,81.43698434988957,5
2500,endpoint,20000,0.1,accuracy_drop_selector_with_resampling,28,0.7141399264335633,0.038702981095013446,-0.41685757637023924,0.06407426762788845,11085.0,902.3513728032999,889.2674194335938,81.97549283117442,889.2674194335938,81.97549283117442,5
2500,endpoint,20000,0.1,accuracy_drop_selector_with_resampling,29,0.7128233909606934,0.03863208785056051,-0.4147132933139801,0.0637851648363599,11088.2,886.1747570315914,916.9066040039063,82.4970279063582,916.9066040039063,82.4970279063582,5
2500,endpoint,20000,0.1,accuracy_drop_selector_with_resampling,30,0.7116701483726502,0.03834236771351538,-0.4126223623752594,0.06347824249088958,11076.4,882.7090687197,944.2471069335937,82.93616137561591,944.2471069335937,82.93616137561591,5
2500,endpoint,20000,0.1,accuracy_drop_selector_with_resampling,31,0.7104658842086792,0.038174621581755205,-0.41060617566108704,0.06317252005838146,11013.8,839.298635766793,971.2137451171875,83.35653376231868,971.2137451171875,83.35653376231868,5
2500,endpoint,20000,0.1,accuracy_drop_selector_with_resampling,32,0.7093636751174927,0.037835501576314996,-0.4086129367351532,0.06282040123497631,11005.6,844.1642612667276,997.9603515625,83.76821636683786,997.9603515625,83.76821636683786,5
2500,endpoint,20000,0.1,accuracy_drop_selector_with_resampling,33,0.7081900119781495,0.03772942712616399,-0.4066926419734955,0.06248303346983314,11021.4,850.2354379817393,1024.3692260742187,84.31337102618329,1024.3692260742187,84.31337102618329,5
2500,endpoint,20000,0.1,accuracy_drop_selector_with_resampling,34,0.7071082472801209,0.037549400589133204,-0.404832535982132,0.06217872953029891,11002.8,873.5391805752047,1050.615185546875,84.77932487750273,1050.615185546875,84.77932487750273,5
2500,endpoint,20000,0.1,accuracy_drop_selector_with_resampling,35,0.7060876607894897,0.03729830825776855,-0.40299942493438723,0.06188953976507721,10987.2,864.495922488938,1076.5325561523437,85.47070472702725,1076.5325561523437,85.47070472702725,5
2500,endpoint,20000,0.1,accuracy_drop_selector_with_resampling,36,0.7050160884857177,0.037137740227743125,-0.40122061371803286,0.06158630547212235,10966.2,831.6301461587357,1102.2548217773438,86.16790415889274,1102.2548217773438,86.16790415889274,5
2500,endpoint,20000,0.1,accuracy_drop_selector_with_resampling,37,0.7039444804191589,0.03685073068101348,-0.39948471784591677,0.06129651708550879,10944.4,852.5387381227905,1127.7821899414062,86.96359645635884,1127.7821899414062,86.96359645635884,5
2500,endpoint,20000,0.1,accuracy_drop_selector_with_resampling,38,0.7030871987342835,0.03665749904632093,-0.39775121212005615,0.06099053853389964,10944.4,833.4112430247146,1153.2104248046876,87.80983130645545,1153.2104248046876,87.80983130645545,5
2500,endpoint,20000,0.1,accuracy_drop_selector_with_resampling,39,0.7017706751823425,0.0366370670554339,-0.3960389316082001,0.06069244355816162,10925.8,778.5446037318607,1178.3502685546875,88.67950834274342,1178.3502685546875,88.67950834274342,5
2500,endpoint,20000,0.1,accuracy_drop_selector_with_resampling,40,0.700892984867096,0.03651571572358627,-0.3943636894226074,0.06039403805908843,10905.2,823.6113768034048,1203.2731689453126,89.60717218959967,1203.2730224609375,89.60729370072268,5
2500,endpoint,20000,0.1,accuracy_drop_selector_with_resampling,41,0.6999234437942505,0.03638841450931676,-0.39275298118591306,0.06007430417369733,10893.2,827.8171295642535,1227.965673828125,90.63712569964423,1227.9626953125,90.63979493222068,5
2500,endpoint,20000,0.1,accuracy_drop_selector_with_resampling,42,0.6991478323936462,0.0361689844567277,-0.39116214513778685,0.05976878462330421,10894.4,791.3111271807063,1252.4798828125,91.7647767990442,1252.47685546875,91.76768274501623,5
2500,endpoint,20000,0.1,accuracy_drop_selector_with_resampling,43,0.6983007669448853,0.03593917524704376,-0.3896242678165436,0.059463463982419675,10901.2,835.6720050354685,1276.77177734375,92.97897362852565,1276.76875,92.98206636165875,5
2500,endpoint,20000,0.1,accuracy_drop_selector_with_resampling,44,0.6974230766296386,0.03588067660065828,-0.38808993697166444,0.05916273742535208,10879.6,805.7793122189227,1300.9474365234375,94.3524465897188,1300.9444091796875,94.35572015197812,5
2500,endpoint,20000,0.1,accuracy_drop_selector_with_resampling,45,0.6964739561080933,0.03580250726717321,-0.38658241629600526,0.05887817724810675,10894.6,808.7176886899408,1324.89921875,95.73893738523789,1324.89619140625,95.74237975454152,5
2500,endpoint,20000,0.1,accuracy_drop_selector_with_resampling,46,0.69569833278656,0.03544734041999986,-0.385128915309906,0.05859601787387656,10872.8,773.8521822673888,1348.6600830078125,97.27412530522453,1348.6570556640625,97.27772650071063,5
2500,endpoint,20000,0.1,accuracy_drop_selector_with_resampling,47,0.6947389721870423,0.03523932281583279,-0.38367236852645875,0.05831306537243483,10862.2,793.9695838002864,1372.2623779296875,98.79724197232817,1372.2593505859375,98.80099236040436,5
2500,endpoint,20000,0.1,accuracy_drop_selector_with_resampling,48,0.6939939856529236,0.03508513507469433,-0.3822290897369385,0.058078545174464806,10891.8,838.0684339599004,1395.702880859375,100.36237866600806,1395.699853515625,100.36627264992559,5
2500,endpoint,20000,0.1,accuracy_drop_selector_with_resampling,49,0.6931264996528625,0.03497131076207726,-0.38080898523330686,0.05783038470676188,10857.0,797.7568551883462,1418.9037841796876,102.02569599864293,1418.900732421875,102.02976074579195,5
2500,endpoint,20000,0.1,accuracy_drop_selector_with_resampling,50,0.692381489276886,0.03480469618103512,-0.3794269680976868,0.05759378769504375,10833.6,813.1585331286883,1442.2125244140625,103.60679239928285,1442.20810546875,103.6126208743049,5
2500,endpoint,20000,0.1,accuracy_drop_selector_with_resampling,51,0.6917589426040649,0.03460600487945476,-0.3780845582485199,0.05732413411605774,10814.0,810.5775718584866,1458.45859375,104.79800691466818,1458.455078125,104.80262037009511,5
2500,endpoint,20000,0.1,accuracy_drop_selector_with_resampling,52,0.691289484500885,0.03450643142633762,-0.37712234258651733,0.0571596055047259,10800.8,811.7522405266277,1471.7325439453125,105.81453246665286,1471.7296630859375,105.8183285848143,5
2500,endpoint,20000,0.1,accuracy_drop_selector_with_resampling,53,0.690911877155304,0.03443659422237023,-0.3763546168804169,0.05701406980847245,10784.8,811.4565299509272,1483.1435546875,106.75335546371196,1483.1410888671876,106.75661887994063,5
2500,endpoint,20000,0.1,accuracy_drop_selector_with_resampling,54,0.6906771421432495,0.03428442115993199,-0.3757081627845764,0.056874114979969345,10772.0,814.331013777567,1493.276318359375,107.58902769436096,1493.2740966796875,107.59197811024399,5
2500,endpoint,20000,0.1,accuracy_drop_selector_with_resampling,55,0.6903199553489685,0.03427218667880579,-0.37512436509132385,0.056760551138790846,10759.4,819.3584685593968,1502.4880126953126,108.34491786041282,1502.4859619140625,108.34765178835683,5
2500,endpoint,20000,0.1,accuracy_drop_selector_with_resampling,56,0.6900546073913574,0.03425645616533321,-0.37461150288581846,0.056668854037648375,10747.6,820.0419501464544,1510.9755126953125,109.06882131753427,1510.9733642578126,109.07121235188896,5
2500,endpoint,20000,0.1,accuracy_drop_selector_with_resampling,57,0.689819872379303,0.03428360238736189,-0.3741291999816895,0.056573004262796135,10738.4,824.2319455104855,1518.870947265625,109.74016485081508,1518.8685546875,109.74216575447862,5
2500,endpoint,20000,0.1,accuracy_drop_selector_with_resampling,58,0.6895137071609497,0.03423514346239016,-0.37369208931922915,0.05649140154935846,10733.6,824.7562064028376,1526.2728759765625,110.37703460643911,1526.2706298828125,110.37891134794042,5
2500,endpoint,20000,0.1,accuracy_drop_selector_with_resampling,59,0.6893504142761231,0.03421786658251512,-0.3732636272907257,0.05641585333076483,10726.6,828.3775105590446,1533.28349609375,111.01649785197321,1533.2812744140624,111.0183865759866,5
2500,endpoint,20000,0.1,accuracy_drop_selector_with_resampling,60,0.689105486869812,0.03417959759593031,-0.372878497838974,0.05633853194901589,10716.2,826.0736649960462,1539.92861328125,111.58871023210845,1539.926513671875,111.59048512816933,5
2500,endpoint,20000,0.1,accuracy_drop_selector_with_resampling,61,0.6890340328216553,0.03424408670707049,-0.372515869140625,0.056258735518331,10710.4,828.9902291342161,1546.2665771484376,112.1496659654177,1546.2645263671875,112.15143877286573,5
2500,endpoint,20000,0.1,accuracy_drop_selector_with_resampling,62,0.6887992978096008,0.03408122886086125,-0.37215280532836914,0.0562059057787059,10703.2,827.0784122439661,1552.3391357421874,112.69545063844673,1552.33681640625,112.69748547643755,5
2500,endpoint,20000,0.1,accuracy_drop_selector_with_resampling,63,0.6885441541671753,0.033992380697179775,-0.3718204736709595,0.056139824935463316,10691.8,828.5470415130333,1558.154833984375,113.22922691008101,1558.1526123046874,113.2311825283932,5
2500,endpoint,20000,0.1,accuracy_drop_selector_with_resampling,64,0.6883298516273498,0.03389441041757622,-0.37149104475975037,0.05607735943262177,10684.0,824.2196309236998,1563.7690673828124,113.7349113016079,1563.7668701171874,113.73682633925071,5
2500,endpoint,20000,0.1,accuracy_drop_selector_with_resampling,65,0.6881665587425232,0.033885696927044594,-0.3711907505989075,0.05600387129856285,10676.8,825.3639803141399,1569.18291015625,114.23250744980618,1569.1808349609375,114.2343054390381,5
2500,endpoint,20000,0.1,accuracy_drop_selector_with_resampling,66,0.6879828572273254,0.033823706773512784,-0.3708956062793732,0.0559487735222801,10670.6,824.1582372336031,1574.414306640625,114.70556716728305,1574.4123046875,114.70732580649529,5
2500,endpoint,20000,0.1,accuracy_drop_selector_with_resampling,67,0.6878399848937988,0.03379771932542077,-0.37060346603393557,0.055891844681179186,10664.8,824.9413312472591,1579.49462890625,115.18325160926564,1579.492626953125,115.18499345571601,5
2500,endpoint,20000,0.1,accuracy_drop_selector_with_resampling,68,0.6876562714576722,0.033768224256185336,-0.3703329861164093,0.05583419777914445,10654.6,824.8507743828577,1584.424072265625,115.64655399164182,1584.42216796875,115.64820308343933,5
2500,endpoint,20000,0.1,accuracy_drop_selector_with_resampling,69,0.6875746130943299,0.033759123020466276,-0.37006270289421084,0.05578052091749362,10647.6,826.080080863835,1589.207177734375,116.08937355854937,1589.2053466796874,116.09098464242574,5
2500,endpoint,20000,0.1,accuracy_drop_selector_with_resampling,70,0.6873705148696899,0.03367823505433276,-0.36978851556777953,0.055730844753830784,10640.8,823.7704170459145,1593.87373046875,116.5288433454865,1593.8719482421875,116.53042484690383,5
2500,endpoint,20000,0.1,accuracy_drop_selector_with_resampling,71,0.6871970176696778,0.033696599212050225,-0.36953967809677124,0.05567514661501562,10635.0,824.5962648472281,1598.4074462890626,116.96392930838456,1598.4056640625,116.96545769840202,5
2500,endpoint,20000,0.1,accuracy_drop_selector_with_resampling,72,0.6870847702026367,0.03363589992460961,-0.3692926824092865,0.0556336019442057,10628.2,823.8298974909808,1602.83486328125,117.38293427286163,1602.8331298828125,117.38446570071676,5
2500,endpoint,20000,0.1,accuracy_drop_selector_with_resampling,73,0.6869622945785523,0.033632396112811554,-0.36906021237373354,0.05558465448928243,10621.8,821.7373059561066,1607.1613525390626,117.7882630487306,1607.15966796875,117.78976489909115,5
2500,endpoint,20000,0.1,accuracy_drop_selector_with_resampling,74,0.6867683887481689,0.033527439502417135,-0.36882892847061155,0.055527224579297915,10612.6,823.4903156686179,1611.389697265625,118.183337478902,1611.3880615234375,118.18474025545305,5
2500,endpoint,20000,0.1,accuracy_drop_selector_with_resampling,75,0.6866663217544555,0.03349748748982912,-0.36860381364822387,0.05549626572238275,10610.6,819.9889023639283,1615.51767578125,118.58057969613536,1615.5160400390625,118.58198102985234,5
2500,endpoint,20000,0.1,accuracy_drop_selector_with_resampling,76,0.6864826202392578,0.033383496419091344,-0.3683672666549683,0.05547301553035606,10605.0,817.4469401741009,1619.573486328125,118.96034914700333,1619.5718505859375,118.96173142030895,5
2500,endpoint,20000,0.1,accuracy_drop_selector_with_resampling,77,0.6863499402999877,0.0334147992263834,-0.36816086769104006,0.05541883542072108,10599.8,820.9611440257084,1623.5375732421876,119.34304182621497,1623.5360107421875,119.34442397879604,5
2500,endpoint,20000,0.1,accuracy_drop_selector_with_resampling,78,0.68629891872406,0.03338543157267705,-0.3679511725902557,0.055374269944302106,10596.0,822.6779442771029,1627.4263427734375,119.71659822864017,1627.4247802734376,119.7179789613043,5
2500,endpoint,20000,0.1,accuracy_drop_selector_with_resampling,79,0.6860846042633056,0.033320170201934306,-0.3677423894405365,0.055340363494679114,10589.0,823.3088727810481,1631.23564453125,120.07883731869026,1631.2341796875,120.08009123664758,5
2500,endpoint,20000,0.1,accuracy_drop_selector_with_resampling,80,0.6859417200088501,0.033222099812335586,-0.36753947734832765,0.05530780857992619,10585.2,823.9928397747155,1634.980517578125,120.441893185991,1634.9790771484375,120.44312374768624,5
2500,endpoint,20000,0.1,accuracy_drop_selector_with_resampling,81,0.6858498692512512,0.0332589353142006,-0.367354029417038,0.0552625484876113,10582.0,822.317456947133,1638.6555908203125,120.79446208873816,1638.653759765625,120.79632520712758,5
2500,endpoint,20000,0.1,accuracy_drop_selector_with_resampling,82,0.685696792602539,0.033178335321409694,-0.36716004014015197,0.05522920572743892,10577.6,820.1891854932007,1642.2673583984374,121.1591064385506,1642.265576171875,121.16090720329203,5
2500,endpoint,20000,0.1,accuracy_drop_selector_with_resampling,83,0.6856151461601258,0.0332312331688147,-0.36696969270706176,0.05519103630215549,10573.2,820.2430737287575,1645.81005859375,121.51000744546617,1645.80830078125,121.51182087081438,5
2500,endpoint,20000,0.1,accuracy_drop_selector_with_resampling,84,0.6854824662208557,0.03314765743691258,-0.3667820692062378,0.05517117461943629,10569.4,819.5473140703958,1649.2972900390625,121.85032529147198,1649.2955078125,121.85216050379451,5
2500,endpoint,20000,0.1,accuracy_drop_selector_with_resampling,85,0.6854416489601135,0.03317131791852632,-0.36659520864486694,0.05513395553764195,10565.0,820.4379927819043,1652.7375244140626,122.18916527201138,1652.7357421875,122.19100068260616,5
2500,endpoint,20000,0.1,accuracy_drop_selector_with_resampling,86,0.6852783560752869,0.03327984278200343,-0.36642303466796877,0.05508975941044333,10558.8,819.6649925426851,1656.119189453125,122.52517387342749,1656.117333984375,122.52679060929906,5
2500,endpoint,20000,0.1,accuracy_drop_selector_with_resampling,87,0.6851150751113891,0.03324966684496308,-0.36625094413757325,0.05505953924000712,10553.8,820.8981057354196,1659.44833984375,122.8593293632067,1659.446533203125,122.86091758808617,5
2500,endpoint,20000,0.1,accuracy_drop_selector_with_resampling,88,0.6851150751113891,0.03331160535272208,-0.366081702709198,0.05503594707234503,10548.4,817.9485313881308,1662.733642578125,123.19174709636398,1662.7318603515625,123.1933518834847,5
2500,endpoint,20000,0.1,accuracy_drop_selector_with_resampling,89,0.684961986541748,0.03334094585110436,-0.3659126043319702,0.05500610382237769,10544.0,817.4723236905332,1665.965478515625,123.52434633058913,1665.963671875,123.52593516855018,5
2500,endpoint,20000,0.1,accuracy_drop_selector_with_resampling,90,0.6848803400993347,0.03328057294477442,-0.3657418370246887,0.05497381562062761,10538.6,818.8841798447446,1669.157666015625,123.83864726690142,1669.155859375,123.8402363955426,5
2500,endpoint,20000,0.1,accuracy_drop_selector_with_resampling,91,0.6847578763961792,0.033256439370875815,-0.36558887362480164,0.054943627436313036,10533.0,815.7698817681369,1672.3026611328125,124.16699098295729,1672.3009033203125,124.16853374447824,5
2500,endpoint,20000,0.1,accuracy_drop_selector_with_resampling,92,0.6846660256385804,0.03321298721731911,-0.36542202830314635,0.054919553275554804,10530.8,816.3606433433694,1675.4046875,124.47992105394943,1675.402978515625,124.48145592590434,5
2500,endpoint,20000,0.1,accuracy_drop_selector_with_resampling,93,0.6846150040626526,0.03319691354675234,-0.365262109041214,0.054886346649277766,10528.0,815.2309488727719,1678.463623046875,124.7984174487341,1678.4619140625,124.79991911824631,5
2500,endpoint,20000,0.1,accuracy_drop_selector_with_resampling,94,0.6846149921417236,0.033165148510210886,-0.3651070237159729,0.05485471545595065,10525.0,820.0987745387747,1681.4908447265625,125.11381958118528,1681.488916015625,125.11509523176902,5
2500,endpoint,20000,0.1,accuracy_drop_selector_with_resampling,95,0.6844925284385681,0.03314686017478837,-0.364955735206604,0.054829406005583954,10517.8,818.4123044040822,1684.4683349609375,125.42501474770778,1684.46640625,125.42627572740301,5
2500,endpoint,20000,0.1,accuracy_drop_selector_with_resampling,96,0.6844415068626404,0.033216447464412824,-0.36480581760406494,0.05479142161550769,10515.8,817.7938004167065,1687.4204345703124,125.72696138529174,1687.4185302734375,125.72826860053456,5
2500,endpoint,20000,0.1,accuracy_drop_selector_with_resampling,97,0.6843394279479981,0.03313083955952289,-0.36466035842895506,0.054763623867685816,10510.2,818.4220793698078,1690.326171875,126.03494475725425,1690.32431640625,126.03621517043953,5
2500,endpoint,20000,0.1,accuracy_drop_selector_with_resampling,98,0.6843088150024415,0.033096807156377035,-0.36451587080955505,0.05474244657499494,10505.6,817.6966430162228,1693.201025390625,126.33521214156569,1693.1990478515625,126.33635925044233,5
2500,endpoint,20000,0.1,accuracy_drop_selector_with_resampling,99,0.6841761589050293,0.03309229939695643,-0.3643601298332214,0.05471607740267228,10503.8,818.8282481692971,1696.042138671875,126.63064578785185,1696.039892578125,126.63163829043495,5
2500,endpoint,20000,0.1,accuracy_drop_selector_with_resampling,100,0.6841353297233581,0.03308365572898735,-0.36421169638633727,0.05468479876246358,10501.0,817.2221240274886,1698.8563232421875,126.92933543655315,1698.853955078125,126.9301097341138,5
2500,endpoint,20000,0.1,accuracy_drop_selector_with_resampling,101,0.684094512462616,0.03311363308470441,-0.36408928632736204,0.054661290020034344,10498.4,819.826689002011,1701.6289794921875,127.2228502224059,1701.6265869140625,127.22357873058921,5
2500,endpoint,20000,0.1,accuracy_drop_selector_with_resampling,102,0.6840230584144592,0.033064116285343,-0.3639423370361328,0.05463539352890869,10496.4,821.3429856034567,1704.3766357421875,127.51326942417148,1704.37373046875,127.51358005540183,5
2500,endpoint,20000,0.1,accuracy_drop_selector_with_resampling,103,0.6840026497840881,0.033051007048470596,-0.3637969493865967,0.054603328735992815,10493.0,821.7368800291247,1707.091845703125,127.79738059743165,1707.0888671875,127.79755967216576,5
2500,endpoint,20000,0.1,accuracy_drop_selector_with_resampling,104,0.6838903784751892,0.03312109941197112,-0.3636539578437805,0.054583951270502265,10489.6,820.7071950458336,1709.775927734375,128.0806547516816,1709.7730224609375,128.08081752885883,5
2500,endpoint,20000,0.1,accuracy_drop_selector_with_resampling,105,0.6837883472442627,0.03307594716860217,-0.36352163553237915,0.05456100934102839,10484.2,822.7111886926056,1712.434130859375,128.35845687615634,1712.431201171875,128.3586063812308,5
2500,endpoint,20000,0.1,accuracy_drop_selector_with_resampling,106,0.6837679386138916,0.03305661724782032,-0.3633934497833252,0.05452372446721235,10483.2,820.6599173835651,1715.0648193359375,128.63715028781655,1715.061962890625,128.63730996024333,5
2500,endpoint,20000,0.1,accuracy_drop_selector_with_resampling,107,0.6836454391479492,0.03304551214933477,-0.36325350403785706,0.05450886343531457,10480.4,821.3898587150927,1717.668994140625,128.91205166547724,1717.6661376953125,128.91224677075363,5
2500,endpoint,20000,0.1,accuracy_drop_selector_with_resampling,108,0.6836352586746216,0.03297409305830049,-0.36312466859817505,0.05447952514625154,10477.6,821.0087088454056,1720.2499267578125,129.1914163354984,1720.2471435546875,129.19151984430582,5
2500,endpoint,20000,0.1,accuracy_drop_selector_with_resampling,109,0.6835535883903503,0.03296503421990311,-0.3629891276359558,0.054461894579155005,10476.0,822.5603321337591,1722.8055419921875,129.46601567398187,1722.8025390625,129.46601371211173,5
2500,endpoint,20000,0.1,accuracy_drop_selector_with_resampling,110,0.6834515571594239,0.03302236907256002,-0.36287397146224976,0.05443569106252722,10471.4,823.0308621187908,1725.3325927734375,129.73371773216985,1725.3296875,129.73381323250558,5
2500,endpoint,20000,0.1,accuracy_drop_selector_with_resampling,111,0.6834311246871948,0.03297527619769218,-0.36274580359458924,0.05440891828555974,10467.6,822.8236749146198,1727.838916015625,130.00778417758897,1727.8359375,130.0078765815571,5
2500,endpoint,20000,0.1,accuracy_drop_selector_with_resampling,112,0.6833903074264527,0.032931154635913416,-0.36262449622154236,0.05438591244845493,10464.4,825.8609447116385,1730.3141845703126,130.27356760194107,1730.311083984375,130.27370268257408,5
2500,endpoint,20000,0.1,accuracy_drop_selector_with_resampling,113,0.6833494901657104,0.03293888185393526,-0.36249770522117614,0.05435316591988254,10460.0,829.4356515125208,1732.7792724609376,130.53479925438384,1732.776123046875,130.53509191756393,5
2500,endpoint,20000,0.1,accuracy_drop_selector_with_resampling,114,0.6832780480384827,0.032978790661515565,-0.3623694121837616,0.05434171068293659,10457.2,829.5903808506943,1735.2229248046874,130.7993924506629,1735.219677734375,130.7997076051317,5
2500,endpoint,20000,0.1,accuracy_drop_selector_with_resampling,115,0.6832372307777405,0.0329422026336311,-0.3622565746307373,0.054308589069000816,10452.4,829.7173012538668,1737.639404296875,131.070895793671,1737.635986328125,131.07142262987145,5
2500,endpoint,20000,0.1,accuracy_drop_selector_with_resampling,116,0.6832168221473693,0.03296636619253088,-0.3621317446231842,0.05429587354523125,10449.8,830.2118404359215,1740.036474609375,131.3380452425226,1740.0330078125,131.33857494086624,5
2500,endpoint,20000,0.1,accuracy_drop_selector_with_resampling,117,0.6831453800201416,0.03293708689318577,-0.362015038728714,0.05426932588159723,10446.6,832.3841060472022,1742.41005859375,131.59698202568015,1742.4067138671876,131.59743143150953,5
2500,endpoint,20000,0.1,accuracy_drop_selector_with_resampling,118,0.6830229163169861,0.032858318435634644,-0.36189693212509155,0.05424452219109031,10443.6,831.1999157844039,1744.759228515625,131.85443434858624,1744.7557861328125,131.8548545608263,5
2500,endpoint,20000,0.1,accuracy_drop_selector_with_resampling,119,0.6830433249473572,0.03290260494307144,-0.36177791357040406,0.0542163402919778,10440.6,830.7251651418777,1747.0954345703126,132.11151074373896,1747.091943359375,132.11192720081993,5
2500,endpoint,20000,0.1,accuracy_drop_selector_with_resampling,120,0.6829718947410583,0.0328325766925279,-0.3616681158542633,0.05418839113811161,10440.2,832.8248315222115,1749.4103515625,132.36158280018472,1749.406884765625,132.3619216460274,5
2500,endpoint,20000,0.1,accuracy_drop_selector_with_resampling,121,0.6829106688499451,0.032842776737519466,-0.36154683828353884,0.05417998400441827,10434.2,831.8399485477961,1751.7120849609375,132.6166272404259,1751.7086669921875,132.61696614455118,5
2500,endpoint,20000,0.1,accuracy_drop_selector_with_resampling,122,0.6828494191169738,0.032869212921764944,-0.3614349901676178,0.05415804525786023,10431.2,833.2500825082467,1753.988720703125,132.87399498144165,1753.9848876953124,132.87409432458935,5
2500,endpoint,20000,0.1,accuracy_drop_selector_with_resampling,123,0.6827371478080749,0.03291456892796605,-0.3613271415233612,0.05413246449838368,10428.2,832.2329601740128,1756.2501953125,133.12326845625148,1756.246240234375,133.12358340520422,5
2500,endpoint,20000,0.1,accuracy_drop_selector_with_resampling,124,0.6826657056808472,0.03285199882206405,-0.3612179338932037,0.05411878864542867,10424.4,832.6597744577314,1758.4913818359375,133.37535962460308,1758.4874267578125,133.37557776721135,5
2500,endpoint,20000,0.1,accuracy_drop_selector_with_resampling,125,0.6826146841049194,0.032831962118790935,-0.3611064672470093,0.05408708875010621,10424.8,834.1637728887536,1760.717333984375,133.61854658224652,1760.7134033203124,133.61874199783628,5
2500,endpoint,20000,0.1,accuracy_drop_selector_with_resampling,126,0.6825840711593628,0.03285261696902828,-0.36100274324417114,0.05407200470439273,10420.2,832.6492058484173,1762.9293701171875,133.8707230191664,1762.925439453125,133.8708955761968,5
2500,endpoint,20000,0.1,accuracy_drop_selector_with_resampling,127,0.682512629032135,0.032903413322710226,-0.36089432835578916,0.054034585542803604,10418.0,832.6956226617262,1765.121142578125,134.11622642682272,1765.117041015625,134.1162859370466,5
2500,endpoint,20000,0.1,accuracy_drop_selector_with_resampling,128,0.6824411869049072,0.03290380229334881,-0.3607748746871948,0.05402312929799547,10414.2,832.3026492808971,1767.3008544921875,134.363468724867,1767.2967529296875,134.36347436454352,5
2500,endpoint,20000,0.1,accuracy_drop_selector_with_resampling,129,0.682379961013794,0.032883365650096724,-0.36067931056022645,0.054005756011352886,10410.0,833.6408099415479,1769.4613525390625,134.6020749708719,1769.4572509765626,134.6021766366675,5
2500,endpoint,20000,0.1,accuracy_drop_selector_with_resampling,130,0.6822268843650818,0.03293706504528748,-0.3605759620666504,0.05398654721248778,10406.0,834.6382449900076,1771.6036865234375,134.84413265087784,1771.5996337890624,134.84410335792842,5
2500,endpoint,20000,0.1,accuracy_drop_selector_with_resampling,131,0.6822370767593384,0.03287572569506843,-0.3604715704917908,0.05395830537943412,10403.0,834.2715385292729,1773.736767578125,135.08336433198406,1773.7328125,135.08335009633458,5
2500,endpoint,20000,0.1,accuracy_drop_selector_with_resampling,132,0.6821962475776673,0.032846581581010115,-0.3603736162185669,0.053932228100763334,10400.0,833.4998500299805,1775.8473876953126,135.33131573395835,1775.843359375,135.3312862030102,5
2500,endpoint,20000,0.1,accuracy_drop_selector_with_resampling,133,0.6821350216865539,0.032837235074520084,-0.3602685868740082,0.05391654849709458,10398.4,835.0286222639318,1777.9452880859376,135.57517024693965,1777.9412353515625,135.5751531420647,5
2500,endpoint,20000,0.1,accuracy_drop_selector_with_resampling,134,0.6820635795593262,0.032845405777618644,-0.3601564347743988,0.05389954311506414,10395.6,834.7591269342313,1780.0316162109375,135.8101941180995,1780.0274169921875,135.8100874513511,5
2500,endpoint,20000,0.1,accuracy_drop_selector_with_resampling,135,0.6820533871650696,0.032809651717426565,-0.36005606651306155,0.05387695597119482,10392.0,831.5341243749411,1782.1008056640626,136.04716756013096,1782.096728515625,136.04711720854255,5
2500,endpoint,20000,0.1,accuracy_drop_selector_with_resampling,136,0.6819615244865418,0.032805949152510915,-0.35996597409248354,0.053850089541369495,10391.0,830.1475772415408,1784.1550048828126,136.2815124764995,1784.1509033203124,136.28147689306883,5
2500,endpoint,20000,0.1,accuracy_drop_selector_with_resampling,137,0.6819002866744995,0.03273932595168208,-0.3598529934883118,0.05383916809810528,10385.8,828.7196148275966,1786.2010009765625,136.5110136161091,1786.19697265625,136.51096284025957,5
2500,endpoint,20000,0.1,accuracy_drop_selector_with_resampling,138,0.681910490989685,0.03272644461462289,-0.35975781083106995,0.05381459459257168,10383.6,829.4186518278932,1788.2275634765624,136.74840745795683,1788.2235107421875,136.7483052010532,5
2500,endpoint,20000,0.1,accuracy_drop_selector_with_resampling,139,0.6818288564682007,0.03279270026633156,-0.35965505838394163,0.05379622275801773,10379.6,829.6657760809469,1790.246728515625,136.98330017332054,1790.242529296875,136.98308108066115,5
2500,endpoint,20000,0.1,accuracy_drop_selector_with_resampling,140,0.6818186402320862,0.03274163616798402,-0.35955783128738406,0.05378259457335871,10380.0,831.6489644074596,1792.2488525390625,137.20947644743768,1792.2447265625,137.20928703969017,5
2500,endpoint,20000,0.1,accuracy_drop_selector_with_resampling,141,0.681777822971344,0.032672338664859024,-0.35946584939956666,0.053760399263157704,10376.8,830.0028313204721,1794.235595703125,137.4435668518265,1794.2314208984376,137.44332967903867,5
2500,endpoint,20000,0.1,accuracy_drop_selector_with_resampling,142,0.6816757678985595,0.032766334314435694,-0.35936943888664247,0.05374631133471777,10374.6,833.3449465857461,1796.2127197265625,137.6751967029444,1796.208642578125,137.6749397775535,5
2500,endpoint,20000,0.1,accuracy_drop_selector_with_resampling,143,0.6816349387168884,0.032737304805341066,-0.3592675745487213,0.05373014410685478,10371.8,832.9310895866477,1798.1846435546875,137.90326065415852,1798.1805419921875,137.90307914488207,5
2500,endpoint,20000,0.1,accuracy_drop_selector_with_resampling,144,0.6815634965896606,0.03277342558319111,-0.35917565822601316,0.05370182593186102,10369.4,833.8865630288091,1800.1336669921875,138.13196798833638,1800.12958984375,138.13181540408345,5
2500,endpoint,20000,0.1,accuracy_drop_selector_with_resampling,145,0.6815226912498474,0.03268348755295401,-0.3590730786323547,0.053686498120739626,10367.4,833.9057500701143,1802.0733642578125,138.3611196259596,1802.0692626953125,138.36087298426693,5
2500,endpoint,20000,0.1,accuracy_drop_selector_with_resampling,146,0.6814002156257629,0.03269529541136471,-0.35897454619407654,0.05367156171081633,10366.4,834.5398732235626,1804.0029296875,138.58280717383212,1803.9989501953125,138.58265037896166,5
2500,endpoint,20000,0.1,accuracy_drop_selector_with_resampling,147,0.6813797950744629,0.03263311396182315,-0.35888885259628295,0.05364695548942495,10363.4,834.6252452448344,1805.9242431640625,138.80892140789015,1805.9201171875,138.8086379739281,5
2500,endpoint,20000,0.1,accuracy_drop_selector_with_resampling,148,0.6813185691833497,0.03260881996710065,-0.35879225730895997,0.05363760851542627,10361.4,834.3771928810135,1807.8276123046876,139.03284562078,1807.8234619140626,139.03238964563326,5
2500,endpoint,20000,0.1,accuracy_drop_selector_with_resampling,149,0.6812573313713074,0.032635142443127756,-0.35869720578193665,0.0536130931083096,10359.6,834.2917954768583,1809.72373046875,139.25375824753783,1809.719677734375,139.25333180575916,5
2500,endpoint,20000,0.1,none,-1,0.7678624391555786,0.038630936334284466,-0.5034046530723572,0.06379191930079747,0.0,0.0,0.0,0.0,0.0,0.0,5
2500,endpoint,20000,0.1,none,0,0.767699134349823,0.03863648809620177,-0.5034147202968597,0.06378858407813526,10107.0,513.3176404527708,10.59400234222412,1.2265219274604882,10.59400234222412,1.2265219274604882,5
2500,endpoint,20000,0.1,none,1,0.766719388961792,0.03878561943852667,-0.5030423939228058,0.06379726629132905,14706.4,349.8268142953024,28.370576477050783,3.028588141952279,28.370576477050783,3.028588141952279,5
2500,endpoint,20000,0.1,none,2,0.7652803897857666,0.03902400709115192,-0.5018437623977661,0.06390656187315043,14804.4,211.66671916009847,52.21877212524414,5.047548581128653,52.21877212524414,5.047548581128653,5
2500,endpoint,20000,0.1,none,3,0.7633005023002625,0.03915473543642809,-0.49964797496795654,0.06402447655288264,14741.2,233.40886872610474,80.80055236816406,7.447474999753849,80.80055236816406,7.447474999753849,5
2500,endpoint,20000,0.1,none,4,0.7610756754875183,0.03937333979880207,-0.4965548932552338,0.06409972893770818,14662.8,218.44381428642012,113.39088287353516,9.788678636656174,113.39088287353516,9.788678636656174,5
2500,endpoint,20000,0.1,none,5,0.7583915829658509,0.039459422388381814,-0.4927416563034058,0.064191248460029,14649.2,244.61950044916696,148.83789672851563,11.99675165642537,148.83789672851563,11.99675165642537,5
2500,endpoint,20000,0.1,none,6,0.756003475189209,0.03942794160906248,-0.4886359989643097,0.0642441436935013,14532.6,229.95390842514507,185.5753967285156,14.058561784631111,185.5753967285156,14.058561784631111,5
2500,endpoint,20000,0.1,none,7,0.7535234928131104,0.03940185303755338,-0.48442144989967345,0.06426773034982233,14451.2,225.02599849795135,223.14766845703124,16.011853101528736,223.14766845703124,16.011853101528736,5
2500,endpoint,20000,0.1,none,8,0.7512068033218384,0.039339063130599004,-0.4802325487136841,0.06425713071059078,14326.6,255.54803853678862,260.8066345214844,18.043093869411802,260.8066345214844,18.043093869411802,5
2500,endpoint,20000,0.1,none,9,0.748808479309082,0.039379090656356135,-0.47613016366958616,0.0641768536825359,14195.0,250.31480179965388,298.24510498046874,20.188304775256142,298.24510498046874,20.188304775256142,5
2500,endpoint,20000,0.1,none,10,0.7466857314109803,0.039606135662981476,-0.4721538782119751,0.06407028665323548,14169.2,232.61814202679892,335.45310668945314,22.551988931544155,335.45310668945314,22.551988931544155,5
2500,endpoint,20000,0.1,none,11,0.7444813013076782,0.0396746446870283,-0.46833998560905454,0.06398180003353278,14092.6,172.14615883022194,372.00938720703124,24.81482328713059,372.00938720703124,24.81482328713059,5
2500,endpoint,20000,0.1,none,12,0.7423993587493897,0.03967673046334233,-0.46464443802833555,0.06388281250727616,13969.4,236.85501894618994,408.02971801757815,27.188630830027662,408.02971801757815,27.188630830027662,5
2500,endpoint,20000,0.1,none,13,0.7405112981796265,0.03956958158264014,-0.46111897230148313,0.06379140322464007,13940.8,167.8621458221001,443.520654296875,29.380190767620896,443.520654296875,29.380190767620896,5
2500,endpoint,20000,0.1,none,14,0.7385620236396789,0.03951712250803977,-0.45773992538452146,0.06369168730073343,13836.0,209.6222793502637,478.3771728515625,31.631285998095787,478.3771728515625,31.631285998095787,5
2500,endpoint,20000,0.1,none,15,0.7367862582206726,0.03935964943447412,-0.45448378324508665,0.06360568647043165,13754.2,194.94922415849723,512.7031494140625,33.76018179877807,512.7031494140625,33.76018179877807,5
2500,endpoint,20000,0.1,none,16,0.7349798440933227,0.03926768126246352,-0.45135730504989624,0.06351955969252024,13681.8,134.93591071319747,546.4598754882812,35.68892766042949,546.4598754882812,35.68892766042949,5
2500,endpoint,20000,0.1,none,17,0.7331122040748597,0.039284828295983815,-0.4483712375164032,0.06345092588382648,13617.4,171.48265218382878,579.64541015625,37.57757708992701,579.64541015625,37.57757708992701,5
2500,endpoint,20000,0.1,none,18,0.7315405488014222,0.03899615627360143,-0.4454904317855835,0.06338538613539929,13543.4,142.24731983415364,612.3915893554688,39.39382856109225,612.3915893554688,39.39382856109225,5
2500,endpoint,20000,0.1,none,19,0.7298566222190856,0.0388851942677789,-0.44275384545326235,0.06331624467809222,13523.6,175.2035958535098,644.629150390625,41.16079522676641,644.629150390625,41.16079522676641,5
2500,endpoint,20000,0.1,none,20,0.7284890532493591,0.03874120289633933,-0.4400796413421631,0.06321203904020768,13452.2,164.4344854341692,676.3222534179688,42.85058043825958,676.3222534179688,42.85058043825958,5
2500,endpoint,20000,0.1,none,21,0.7268765687942504,0.038820599503635284,-0.4374843299388885,0.06316865578700728,13381.4,184.9359348531269,707.5815551757812,44.350983506285154,707.5815551757812,44.350983506285154,5
2500,endpoint,20000,0.1,none,22,0.7253661155700684,0.03876363846050778,-0.43500308990478515,0.06311055813276487,13343.0,141.05318146004365,738.4259155273437,45.63307018402792,738.4259155273437,45.63307018402792,5
2500,endpoint,20000,0.1,none,23,0.7239577412605286,0.038609012930158546,-0.43259435296058657,0.06303357744851157,13315.4,160.31001216393193,768.8898315429688,47.026311130923986,768.8898315429688,47.026311130923986,5
2500,endpoint,20000,0.1,none,24,0.7225901842117309,0.038734922263078,-0.4302551209926605,0.06295871581506601,13278.6,198.06766520560595,798.9947998046875,48.335423767031195,798.9947998046875,48.335423767031195,5
2500,endpoint,20000,0.1,none,25,0.7214981913566589,0.03860913757812507,-0.42797589898109434,0.06289238183446506,13224.4,171.3761943794995,828.6070678710937,49.562862073469766,828.6070678710937,49.562862073469766,5
2500,endpoint,20000,0.1,none,26,0.7200489997863769,0.038640498013805716,-0.42575291991233827,0.06282742341328028,13213.8,173.2850253195584,857.9823364257812,50.857925589160544,857.9823364257812,50.857925589160544,5
2500,endpoint,20000,0.1,none,27,0.7189161658287049,0.03867190448770131,-0.42359938621521,0.06276758796509396,13165.6,146.04211721280953,886.920263671875,52.06588963279064,886.920263671875,52.06588963279064,5
2500,endpoint,20000,0.1,none,28,0.7176404476165772,0.03869284405841453,-0.42149547934532167,0.06270238866406644,13120.0,150.95032295427526,915.5536376953125,53.221670267515876,915.5536376953125,53.221670267515876,5
2500,endpoint,20000,0.1,none,29,0.7165178418159485,0.0384852618655015,-0.419454824924469,0.0626401001671116,13087.0,159.77327686443687,943.788623046875,54.33702447147156,943.788623046875,54.33702447147156,5
2500,endpoint,20000,0.1,none,30,0.7155584931373596,0.03839946159238245,-0.4174803733825684,0.06257956189074987,13064.2,177.22217694182632,971.6988037109375,55.55710083519592,971.6988037109375,55.55710083519592,5
2500,endpoint,20000,0.1,none,31,0.714323627948761,0.03837496407756518,-0.4155555486679077,0.06251359638725856,13039.2,155.73599455488767,999.3848510742188,56.62455675127821,999.3848510742188,56.62455675127821,5
2500,endpoint,20000,0.1,none,32,0.7131193518638611,0.03829768248070757,-0.4136729180812836,0.06245942535929693,13005.0,129.8710899315163,1026.7131103515626,57.78438005966275,1026.7131103515626,57.78438005966275,5
2500,endpoint,20000,0.1,none,33,0.7123641490936279,0.038244981809798954,-0.4118345856666565,0.06242863854758028,12958.2,201.65614297610674,1053.7450073242187,58.8863090973518,1053.7450073242187,58.8863090973518,5
2500,endpoint,20000,0.1,none,34,0.7114150166511536,0.03808358279002824,-0.41004114151000975,0.06239309030326002,12912.4,173.45546978979937,1080.43515625,59.838254879941225,1080.43515625,59.838254879941225,5
2500,endpoint,20000,0.1,none,35,0.7103638291358948,0.038025902374199456,-0.4083080530166626,0.06235684134988631,12964.4,156.45382705450194,1106.966259765625,60.816680421259605,1106.966259765625,60.816680421259605,5
2500,endpoint,20000,0.1,none,36,0.7095269680023193,0.038025428812244126,-0.4066304206848145,0.062304317097489,12917.0,198.26245232015063,1133.135986328125,61.7094966446999,1133.135986328125,61.7094966446999,5
2500,endpoint,20000,0.1,none,37,0.7086798906326294,0.03813038140499455,-0.4049869477748871,0.06227001163468088,12878.6,138.57416786688637,1159.0583740234374,62.50945759905201,1159.0583740234374,62.50945759905201,5
2500,endpoint,20000,0.1,none,38,0.7077001571655274,0.03789547523259963,-0.40335447788238527,0.0622350805554186,12868.8,163.12939649247772,1184.6674072265625,63.4128287498127,1184.6659423828125,63.41358663115586,5
2500,endpoint,20000,0.1,none,39,0.7068020701408386,0.037689864491718315,-0.4017656326293945,0.062194363105663834,12868.2,151.83280277989996,1210.12353515625,64.1684139076848,1210.1209228515625,64.16977946667217,5
2500,endpoint,20000,0.1,none,40,0.7057406783103943,0.03766880608278063,-0.40019766092300413,0.06217263535657729,12806.2,182.81602774374025,1235.28369140625,64.97398574256447,1235.2810791015625,64.97537328376696,5
2500,endpoint,20000,0.1,none,41,0.704924213886261,0.03768634033890431,-0.39866507053375244,0.06210734918098582,12806.0,210.52315787105226,1260.297314453125,65.71762923643398,1260.2947265625,65.7190235279289,5
2500,endpoint,20000,0.1,none,42,0.7041588068008423,0.0375085968122212,-0.3971590638160706,0.062080314647133546,12820.4,138.56695132678644,1285.060986328125,66.39239304630956,1285.0583740234374,66.39381614809872,5
2500,endpoint,20000,0.1,none,43,0.7031688570976258,0.03742963549047488,-0.395706570148468,0.06202699291678502,12742.6,163.3196252751028,1309.5973876953126,66.99460995453215,1309.5947998046875,66.99603865742816,5
2500,endpoint,20000,0.1,none,44,0.7024034261703491,0.03740189029044049,-0.3942375421524048,0.06199262550757241,12724.2,185.09916261290866,1333.851025390625,67.54577695944366,1333.8484375,67.5472237770007,5
2500,endpoint,20000,0.1,none,45,0.7016175985336304,0.037301471501633626,-0.39282546043395994,0.06195604041779019,12769.4,152.13415132704426,1358.0020263671875,68.09863962212788,1357.9994384765625,68.10009939562437,5
2500,endpoint,20000,0.1,none,46,0.7006378650665284,0.037294962319133325,-0.3914324641227722,0.06193292809299167,12683.6,196.740438141222,1381.9059326171875,68.77974789166227,1381.9033447265624,68.78122833268726,5
2500,endpoint,20000,0.1,none,47,0.7000153183937072,0.037195723718458945,-0.39006314873695375,0.06189033223044208,12699.6,138.05904533930402,1405.608447265625,69.37760061046357,1405.6058349609375,69.3791152413361,5
2500,endpoint,20000,0.1,none,48,0.6992805004119873,0.03720342696495118,-0.38873477578163146,0.06183673100220036,12698.0,168.94377763031108,1429.1446044921875,70.05180537229766,1429.1419677734375,70.05335250654313,5
2500,endpoint,20000,0.1,none,49,0.6986273288726806,0.03703801614145033,-0.38738813996315,0.06180807512280801,12625.8,125.47589409922529,1452.3805419921875,70.55610030765817,1452.3776123046875,70.55799879360629,5
2500,endpoint,20000,0.1,none,50,0.697729229927063,0.036951419441073725,-0.38609967231750486,0.06174672042525493,12604.0,128.58460249967723,1476.671630859375,71.30209991326824,1476.66435546875,71.30833094553398,5
2500,endpoint,20000,0.1,none,51,0.6971373081207275,0.036887397534671434,-0.3848170697689056,0.06171065286555868,12589.0,129.1452670445185,1493.6087890625,71.84758698195614,1493.6003662109374,71.85439934560249,5
2500,endpoint,20000,0.1,none,52,0.6967188835144043,0.03690199500414606,-0.38390231132507324,0.06168601197977475,12579.4,135.44666847139504,1507.425732421875,72.29504948424542,1507.4183349609375,72.30059278219264,5
2500,endpoint,20000,0.1,none,53,0.6963718891143799,0.03683222998425483,-0.3831777095794678,0.0616617145557666,12567.8,136.90398095015354,1519.31787109375,72.65466504096125,1519.31064453125,72.65888422012573,5
2500,endpoint,20000,0.1,none,54,0.6960963368415832,0.03685680812313659,-0.3825546741485596,0.06164209657184656,12558.4,137.84157573098184,1529.93310546875,72.98504227231332,1529.9259765625,72.98748383864027,5
2500,endpoint,20000,0.1,none,55,0.6956677079200745,0.03686382974429712,-0.38199416995048524,0.06161561314444339,12551.0,138.24073205824686,1539.5866943359374,73.30211673658405,1539.5801513671875,73.30431958054076,5
2500,endpoint,20000,0.1,none,56,0.6954942107200622,0.03686316171666359,-0.3814865708351135,0.061585534521100924,12542.8,138.46371365812777,1548.4913818359375,73.56790836861458,1548.485400390625,73.56996886177254,5
2500,endpoint,20000,0.1,none,57,0.6951982378959656,0.036819477824367716,-0.38101767301559447,0.061565993594204636,12531.8,144.2591418247038,1556.7832275390624,73.80808780692591,1556.77763671875,73.80999438617148,5
2500,endpoint,20000,0.1,none,58,0.6949533224105835,0.03681115050448215,-0.380571186542511,0.06153001497407805,12522.2,145.34854660436065,1564.5818359375,74.04774219536809,1564.576416015625,74.04960020838656,5
2500,endpoint,20000,0.1,none,59,0.6947491884231567,0.03675388094990594,-0.3801664888858795,0.06151415691575806,12513.8,146.61582452109323,1571.9412841796875,74.29925250381983,1571.9358154296874,74.30122663233978,5
2500,endpoint,20000,0.1,none,60,0.6945144653320312,0.036711838193601194,-0.37978036403656007,0.06148524938727838,12505.0,146.48378749882187,1578.9398193359375,74.51465771164875,1578.9346435546875,74.51655175797983,5
2500,endpoint,20000,0.1,none,61,0.6942695379257202,0.036874048160041833,-0.379427832365036,0.06147684959779573,12497.4,147.90131845254118,1585.62802734375,74.73430501518665,1585.622802734375,74.7362833073032,5
2500,endpoint,20000,0.1,none,62,0.6941164374351502,0.03683822086257876,-0.3790681719779968,0.06146130208443458,12490.6,145.94964885192428,1592.02958984375,74.94151162040447,1592.024365234375,74.94376867742801,5
2500,endpoint,20000,0.1,none,63,0.6939633607864379,0.036846926306084916,-0.3787389576435089,0.06144309482900308,12475.8,149.24376033858167,1598.1908447265625,75.14102934029309,1598.185791015625,75.14321622413233,5
2500,endpoint,20000,0.1,none,64,0.6938408851623535,0.036753341445966085,-0.3784146189689636,0.06142158261977414,12468.8,150.70235565511243,1604.1144287109375,75.33823321245809,1604.1094482421875,75.34032141024322,5
2500,endpoint,20000,0.1,none,65,0.6936673879623413,0.036756737272720205,-0.3781073153018951,0.061401028321128606,12461.8,149.43627404348652,1609.8595703125,75.52402053096745,1609.85458984375,75.52612313779983,5
2500,endpoint,20000,0.1,none,66,0.6935245394706726,0.036776747431792295,-0.3778081238269806,0.06140400027517954,12452.6,151.51336574705218,1615.4151123046875,75.71426280983128,1615.4103271484375,75.71632149236393,5
2500,endpoint,20000,0.1,none,67,0.6933306097984314,0.036812561778206826,-0.3775154173374176,0.06138341812553845,12444.6,154.36094065533547,1620.798193359375,75.91213342433292,1620.793359375,75.91385731966243,5
2500,endpoint,20000,0.1,none,68,0.6932591676712037,0.036763230525506334,-0.37722671031951904,0.0613700655965216,12435.8,155.5625276215323,1626.0262451171875,76.09150134828482,1626.021337890625,76.09291478553455,5
2500,endpoint,20000,0.1,none,69,0.6931877374649048,0.036780262118068154,-0.3769694328308105,0.061359909350395626,12428.4,154.50987023488176,1631.11767578125,76.26916923114663,1631.1127685546876,76.27064394860385,5
2500,endpoint,20000,0.1,none,70,0.6930448532104492,0.03676370719410401,-0.3766983926296234,0.061337070235491245,12424.8,154.79890180489008,1636.0721923828125,76.45439146976258,1636.0671630859374,76.45602798365948,5
2500,endpoint,20000,0.1,none,71,0.6928611516952514,0.0366789693361483,-0.37644088864326475,0.06133559435791239,12415.4,153.06632549323186,1640.9163818359375,76.63609049610659,1640.9115234375,76.63765080867728,5
2500,endpoint,20000,0.1,none,72,0.692626440525055,0.03675592128510018,-0.3761835336685181,0.06131828323855922,12409.4,154.37227730392527,1645.62939453125,76.80465422790523,1645.62431640625,76.80568953493803,5
2500,endpoint,20000,0.1,none,73,0.6925141453742981,0.0368287163066515,-0.37594824433326723,0.06130752945774532,12401.8,155.68461709494616,1650.25390625,76.97821641391086,1650.2487548828126,76.97905873938046,5
2500,endpoint,20000,0.1,none,74,0.692381477355957,0.03679878353221052,-0.37571491599082946,0.061291353512751515,12397.2,153.72605504598107,1654.756689453125,77.13967560323367,1654.751416015625,77.13995682580753,5
2500,endpoint,20000,0.1,none,75,0.6921773672103881,0.03684872313151283,-0.37547303438186647,0.06128386598610266,12390.4,150.60312081759793,1659.173388671875,77.29770386059458,1659.168212890625,77.29799929109248,5
2500,endpoint,20000,0.1,none,76,0.6921059250831604,0.03689144258679773,-0.3752388060092926,0.06127549258689611,12380.6,153.01405164232466,1663.5064453125,77.46220068656187,1663.5013671875,77.46244970055595,5
2500,endpoint,20000,0.1,none,77,0.6919630646705628,0.03688682328951733,-0.37502864599227903,0.061264732707678446,12376.8,151.38923343487807,1667.7434814453125,77.6213729100748,1667.738525390625,77.62160727703618,5
2500,endpoint,20000,0.1,none,78,0.6918712019920349,0.03687954088921291,-0.3748152732849121,0.061254918178841655,12370.8,157.06431803563788,1671.8950927734375,77.79225222336854,1671.8900634765625,77.79259016468274,5
2500,endpoint,20000,0.1,none,79,0.6917691469192505,0.03693614732392621,-0.37459337115287783,0.061244944997261526,12363.0,156.9426646900071,1675.9810546875,77.9538359898441,1675.9754638671875,77.95441307199172,5
2500,endpoint,20000,0.1,none,80,0.6916875004768371,0.036836440033468185,-0.37437654137611387,0.06123496063214619,12357.8,158.7945213160706,1679.9986328125,78.10370002695623,1679.9927001953124,78.10367344127704,5
2500,endpoint,20000,0.1,none,81,0.6915956616401673,0.036799233809715934,-0.3741713762283325,0.0612237706692316,12353.8,157.78212826552948,1683.9427490234375,78.25330516818742,1683.93671875,78.25298065700123,5
2500,endpoint,20000,0.1,none,82,0.6914833903312683,0.0368025289107484,-0.37397767305374147,0.06121080700983072,12348.0,156.99840763523687,1687.8209716796875,78.40997246185886,1687.8150146484375,78.40964482726498,5
2500,endpoint,20000,0.1,none,83,0.6913915395736694,0.03675397559512638,-0.3737700283527374,0.061200241880448064,12341.8,157.51730063710463,1691.63291015625,78.56140833203754,1691.6268798828125,78.5613607760644,5
2500,endpoint,20000,0.1,none,84,0.6913405060768127,0.03677824272136278,-0.37357501983642577,0.061196551147050575,12338.6,157.24439576659003,1695.3877685546875,78.70362050990278,1695.381689453125,78.70351592585558,5
2500,endpoint,20000,0.1,none,85,0.6911976218223572,0.03675477528435394,-0.3733916521072388,0.06119248506910225,12333.8,158.61967091127127,1699.0794921875,78.84941799799857,1699.0734619140626,78.84887632122928,5
2500,endpoint,20000,0.1,none,86,0.6910751581192016,0.03676653825081797,-0.37319183349609375,0.061181963306114896,12328.6,159.33863310572235,1702.7240478515625,78.9881620846987,1702.718017578125,78.98762071036279,5
2500,endpoint,20000,0.1,none,87,0.6909935116767884,0.03664343116419454,-0.37300867438316343,0.06116178089077342,12323.8,160.00999968751952,1706.3106201171875,79.12979546570962,1706.3044189453126,79.12955577173426,5
2500,endpoint,20000,0.1,none,88,0.690911877155304,0.03665477621582226,-0.3728247702121735,0.06116894887389254,12320.2,157.74568139888964,1709.845166015625,79.26550889042412,1709.8386962890625,79.2656078039512,5
2500,endpoint,20000,0.1,none,89,0.6908302426338195,0.03662821964161269,-0.37264093160629275,0.061160465607205644,12316.4,161.23368134481083,1713.329443359375,79.41001086669513,1713.3228271484375,79.41036954379462,5
2500,endpoint,20000,0.1,none,90,0.6906975507736206,0.036607974129645435,-0.372478312253952,0.06115835982225808,12309.8,160.66331255143473,1716.7625244140625,79.54250537929553,1716.7560546875,79.5428772814481,5
2500,endpoint,20000,0.1,none,91,0.6906057000160217,0.03658877766802595,-0.3722955763339996,0.061146065646761165,12305.8,164.10728198346348,1720.1582763671875,79.67380525236442,1720.151806640625,79.67417096830182,5
2500,endpoint,20000,0.1,none,92,0.690534257888794,0.03663294970776411,-0.3721123218536377,0.06114105237777143,12301.6,165.43065012264202,1723.5075927734374,79.80241812610164,1723.5009033203125,79.80305725200765,5
2500,endpoint,20000,0.1,none,93,0.6903607606887817,0.03659888114351286,-0.37195388674736024,0.06114136015741906,12296.2,163.4570279920689,1726.8157470703125,79.93214338772977,1726.8092041015625,79.93269454536218,5
2500,endpoint,20000,0.1,none,94,0.6903403520584106,0.036640927493175185,-0.37178243398666383,0.06112605462290474,12289.4,164.3283298765006,1730.081787109375,80.06111332455046,1730.07529296875,80.06172201468567,5
2500,endpoint,20000,0.1,none,95,0.6902791261672974,0.03661590739790293,-0.37161812782287595,0.06112853187478823,12283.0,164.4506004853737,1733.3063720703126,80.18283086426736,1733.299609375,80.18362082332582,5
2500,endpoint,20000,0.1,none,96,0.6901668429374694,0.036697315482100916,-0.37145249247550965,0.061118553591260914,12277.8,165.26856930463214,1736.4915771484375,80.31708361008543,1736.4848876953124,80.31776342243924,5
2500,endpoint,20000,0.1,none,97,0.6900341868400574,0.03676724095478295,-0.3712936043739319,0.06111590456064344,12275.0,165.88550268181967,1739.6469482421876,80.4467556386927,1739.6402587890625,80.44772190512968,5
2500,endpoint,20000,0.1,none,98,0.6899423241615296,0.03674263086890582,-0.37112926244735717,0.06112184587805934,12272.2,166.85532655567218,1742.7638916015626,80.56679850083549,1742.757177734375,80.56781082493688,5
2500,endpoint,20000,0.1,none,99,0.6898096561431885,0.036712591223213964,-0.37097123861312864,0.06111526461785439,12266.8,165.99909638308276,1745.838818359375,80.69227472853512,1745.832080078125,80.6933791639924,5
2500,endpoint,20000,0.1,none,100,0.6897382140159607,0.03676403740953629,-0.3708122491836548,0.06110991854104343,12261.0,165.74679484080528,1748.8854736328126,80.81034747351625,1748.8788330078125,80.81130034664659,5
2500,endpoint,20000,0.1,none,101,0.6896361708641052,0.03672967478747317,-0.3706611096858978,0.06112474219182387,12256.8,164.55758870377264,1751.8992431640625,80.92678037350649,1751.89267578125,80.92778084135051,5
2500,endpoint,20000,0.1,none,102,0.6895851254463196,0.03664639303153744,-0.3705160081386566,0.061103678465083563,12252.2,164.43144468136256,1754.8790771484375,81.04755312347447,1754.8725341796876,81.04862293459479,5
2500,endpoint,20000,0.1,none,103,0.6895443081855774,0.036751789356348735,-0.3703591048717499,0.061102399690272556,12248.6,163.4726276781529,1757.8262939453125,81.17023495466638,1757.819873046875,81.1711705787923,5
2500,endpoint,20000,0.1,none,104,0.6893504142761231,0.03669857565672107,-0.37021479606628416,0.0610951864926536,12244.6,164.83870904614608,1760.749853515625,81.2846282235962,1760.7435302734375,81.28562407794578,5
2500,endpoint,20000,0.1,none,105,0.689197325706482,0.036703866610876094,-0.37006900310516355,0.06108842341090406,12238.0,163.00306745579974,1763.635888671875,81.40142730585276,1763.629541015625,81.40221464742804,5
2500,endpoint,20000,0.1,none,106,0.6891360759735108,0.036634608339152115,-0.3699246525764465,0.061088341989488745,12233.6,163.37778306734364,1766.49521484375,81.50832556229702,1766.4887939453124,81.50897673233631,5
2500,endpoint,20000,0.1,none,107,0.689085066318512,0.03667585857952435,-0.36977880001068114,0.06108056308300253,12231.4,161.31583927190783,1769.3299560546875,81.61991768747565,1769.32333984375,81.62090137686313,5
2500,endpoint,20000,0.1,none,108,0.6889932155609131,0.036682820965129787,-0.3696362316608429,0.06108032796583978,12227.0,164.03200907140044,1772.137744140625,81.72794539302923,1772.1310546875,81.72903695104215,5
2500,endpoint,20000,0.1,none,109,0.6889115810394287,0.03670497957228544,-0.3694975435733795,0.06106418456295489,12222.0,165.22560334282335,1774.9135986328124,81.83977723836551,1774.9070556640625,81.84087067124968,5
2500,endpoint,20000,0.1,none,110,0.6888809442520142,0.03665835606084525,-0.3693565785884857,0.061062203175535124,12217.2,163.01748372490601,1777.662548828125,81.94879984677443,1777.6560546875,81.94983251395364,5
2500,endpoint,20000,0.1,none,111,0.6887992978096008,0.03666361762122614,-0.3692355275154114,0.06106082198276589,12213.4,165.86681404066337,1780.38642578125,82.05416673921607,1780.37998046875,82.05520022747918,5
2500,endpoint,20000,0.1,none,112,0.688727855682373,0.036651575298849534,-0.36907775402069093,0.06104550456684455,12207.0,165.7664019034014,1783.0906494140625,82.1603851778382,1783.0839599609376,82.16158899695661,5
2500,endpoint,20000,0.1,none,113,0.6886564135551453,0.03664410531684475,-0.3689443528652191,0.06104678223046151,12206.0,163.87647787281736,1785.7723388671875,82.2780193255754,1785.76572265625,82.27916395855921,5
2500,endpoint,20000,0.1,none,114,0.6885951876640319,0.03665108523072453,-0.36883662939071654,0.061036294764008875,12202.0,161.81316386499586,1788.423583984375,82.38455760969613,1788.4169921875,82.38567188545218,5
2500,endpoint,20000,0.1,none,115,0.6884931325912476,0.03652928905360785,-0.36868712306022644,0.06103362919771845,12198.8,163.47079249823193,1791.0540283203125,82.48818873259229,1791.0475341796875,82.48934490562037,5
2500,endpoint,20000,0.1,none,116,0.6883808732032776,0.03648546138490468,-0.36856534481048586,0.061029662490272814,12195.6,164.20200973191527,1793.6653564453125,82.59692790966166,1793.6589111328126,82.5979668515748,5
2500,endpoint,20000,0.1,none,117,0.6883400440216064,0.03655858406182347,-0.3684240818023682,0.06103301134804409,12191.4,163.4175633155751,1796.25009765625,82.70357792106157,1796.2437255859375,82.70478509359847,5
2500,endpoint,20000,0.1,none,118,0.6881971716880798,0.036525702671380965,-0.3683167636394501,0.061023221949854406,12187.2,162.64593447116962,1798.8131591796875,82.80507432977015,1798.806787109375,82.8061381287463,5
2500,endpoint,20000,0.1,none,119,0.688125741481781,0.03655674598648586,-0.3681812047958374,0.06101090203038438,12182.8,163.1094724410572,1801.356689453125,82.9128806759087,1801.350390625,82.91387801447708,5
2500,endpoint,20000,0.1,none,120,0.6880645036697388,0.0365374646049393,-0.3680589020252228,0.061019411602647296,12179.2,163.53654025935612,1803.8795654296875,83.01091679719764,1803.8732666015626,83.01196666099088,5
2500,endpoint,20000,0.1,none,121,0.6879522204399109,0.036504042121853285,-0.3679300665855408,0.061010696547595104,12175.8,162.9561290654635,1806.3891845703124,83.11341648721896,1806.3830078125,83.11453095110757,5
2500,endpoint,20000,0.1,none,122,0.6879930615425109,0.03641924910503405,-0.36780306696891785,0.06099794293953889,12172.0,160.09840723754874,1808.8751953125,83.21295055295471,1808.86904296875,83.21397546582811,5
2500,endpoint,20000,0.1,none,123,0.6878093600273132,0.03651097040383564,-0.36769080758094785,0.060996285139829465,12166.8,162.38134129264975,1811.339208984375,83.31498717533422,1811.3330078125,83.31593372022823,5
2500,endpoint,20000,0.1,none,124,0.6877583265304565,0.03642717531007983,-0.367579048871994,0.06099685355531967,12166.2,163.57781023109462,1813.7849853515625,83.41718671546903,1813.778662109375,83.4180655587344,5
2500,endpoint,20000,0.1,none,125,0.6875746369361877,0.03646891662553883,-0.36745516657829286,0.06097835397605476,12162.0,162.68835237963413,1816.2142578125,83.5162566330347,1816.2078125,83.51694641123267,5
2500,endpoint,20000,0.1,none,126,0.6876256585121154,0.03650691237317857,-0.36733394861221313,0.060984303907265856,12159.6,163.84230222991863,1818.6282958984375,83.61709056228648,1818.621923828125,83.61786829217657,5
2500,endpoint,20000,0.1,none,127,0.6874419569969177,0.03645243453438797,-0.36721795201301577,0.06096209549737862,12156.4,162.96410647746944,1821.02158203125,83.7154082959422,1821.015234375,83.71618832384212,5
2500,endpoint,20000,0.1,none,128,0.6874011397361756,0.036337039551514204,-0.36709341406822205,0.060984000411071444,12155.2,162.53830317805094,1823.39755859375,83.8170961786112,1823.391259765625,83.81779724262375,5
2500,endpoint,20000,0.1,none,129,0.6873398900032044,0.03649448438375696,-0.3669867038726807,0.06096483679225284,12152.6,162.76455388075132,1825.752685546875,83.91569103580836,1825.746435546875,83.91653261887328,5
2500,endpoint,20000,0.1,none,130,0.6872582554817199,0.036470862975697,-0.3668586492538452,0.060963390939113876,12150.4,161.956166909445,1828.09931640625,84.01112612202533,1828.0931396484375,84.01192048032144,5
2500,endpoint,20000,0.1,none,131,0.6871562123298645,0.03654941102910225,-0.3667471706867218,0.06095733843601424,12147.8,162.00833311900965,1830.4215576171875,84.1038441367391,1830.4154541015625,84.10464169466479,5
2500,endpoint,20000,0.1,none,132,0.6871153831481933,0.03656990574792693,-0.3666275441646576,0.06095393796605635,12141.8,161.68704338938232,1832.7340576171875,84.19369732407539,1832.727978515625,84.19439070101332,5
2500,endpoint,20000,0.1,none,133,0.68703373670578,0.036541958598353255,-0.3665271818637848,0.0609452750287208,12138.4,165.44273933902326,1835.0311279296875,84.29058693779157,1835.0249267578124,84.29111653106736,5
2500,endpoint,20000,0.1,none,134,0.6869520783424378,0.03654942714816135,-0.3664078414440155,0.06094161223112299,12133.8,166.51936824285636,1837.3060791015625,84.37848826132188,1837.299755859375,84.37892968186432,5
2500,endpoint,20000,0.1,none,135,0.6869520783424378,0.03656226703440822,-0.36629382967948915,0.060923807391791276,12131.8,166.6919314184103,1839.5666259765626,84.47739741526551,1839.5603271484374,84.4777721979893,5
2500,endpoint,20000,0.1,none,136,0.6868398189544678,0.03654197705400345,-0.36619176864624026,0.06092995910606957,12129.6,166.55119333105964,1841.8153076171875,84.57106428437719,1841.8089599609375,84.57146795276394,5
2500,endpoint,20000,0.1,none,137,0.6868194222450257,0.03657577758407006,-0.3660829305648804,0.060913893501922216,12127.0,165.1923121697859,1844.047119140625,84.65912004445777,1844.0408447265625,84.65944739294778,5
2500,endpoint,20000,0.1,none,138,0.6867990016937255,0.03659194824670773,-0.3659712731838226,0.06092048996444814,12123.4,162.930353218791,1846.2671875,84.75149402658894,1846.2609130859375,84.75185322206097,5
2500,endpoint,20000,0.1,none,139,0.6867173671722412,0.03664909449244516,-0.3658689558506012,0.06091725789190297,12121.2,163.51972358097967,1848.4718505859375,84.84250342218175,1848.465625,84.84281536410329,5
2500,endpoint,20000,0.1,none,140,0.6866663217544555,0.03665671475011359,-0.3657532334327698,0.06091514673680738,12119.6,163.8361986863709,1850.6672119140626,84.92917598691041,1850.66103515625,84.92953719766291,5
2500,endpoint,20000,0.1,none,141,0.6866255164146423,0.03660366532728943,-0.365657776594162,0.060906942324845094,12117.4,163.3058480275584,1852.8442626953124,85.01845340297041,1852.8378662109376,85.01889965359966,5
2500,endpoint,20000,0.1,none,142,0.6865438461303711,0.03659879419203974,-0.365563827753067,0.060905783760697746,12113.6,163.62243122506155,1855.0055908203126,85.10964348740876,1854.9990234375,85.11023863643474,5
2500,endpoint,20000,0.1,none,143,0.6865336418151855,0.03659354032637628,-0.3654568910598755,0.06089108151113965,12110.2,162.11477415707674,1857.15283203125,85.19791470536606,1857.1462890625,85.19870643832476,5
2500,endpoint,20000,0.1,none,144,0.6864418029785156,0.03667623416248824,-0.3653459966182709,0.06089106374531697,12106.8,161.94350866891824,1859.2896240234375,85.28732268414451,1859.2831298828125,85.2881430609552,5
2500,endpoint,20000,0.1,none,145,0.6864418029785156,0.03662368379021932,-0.3652437627315521,0.06090000269901962,12102.0,162.96625417551942,1861.4130615234376,85.37486125076394,1861.4066650390625,85.37562713410165,5
2500,endpoint,20000,0.1,none,146,0.6863805770874023,0.03663504915210235,-0.3651442348957062,0.06088675723139383,12100.4,161.59919554255214,1863.52255859375,85.45445625948685,1863.5162841796875,85.45523297837691,5
2500,endpoint,20000,0.1,none,147,0.6863091468811036,0.03668471969707702,-0.3650400459766388,0.06087939309919292,12097.8,160.13338190396155,1865.619140625,85.53798588820726,1865.6128173828124,85.53873070289207,5
2500,endpoint,20000,0.1,none,148,0.6862683176994324,0.036644790672705596,-0.3649348795413971,0.06087022355601279,12095.2,159.42615845588202,1867.70732421875,85.62314711943196,1867.701025390625,85.62387809807649,5
2500,endpoint,20000,0.1,none,149,0.6861968755722045,0.03664198933681153,-0.36484030485153196,0.06087369698874149,12093.4,158.8908430338262,1869.7820068359374,85.71002788452203,1869.77568359375,85.71077555613404,5
5000,endpoint,10000,0.05,accuracy_drop_selector_with_resampling,-1,0.7587258368730545,0.03785871516957782,-0.48781992495059967,0.06169808441039275,0.0,0.0,0.0,0.0,0.0,0.0,4
5000,endpoint,10000,0.05,accuracy_drop_selector_with_resampling,0,0.758559986948967,0.0377849282633566,-0.4878265932202339,0.06169271263621091,4756.75,304.98784128770336,2.8881762623786926,0.8411574361032732,2.8881762623786926,0.8411574361032732,4
5000,endpoint,10000,0.05,accuracy_drop_selector_with_resampling,1,0.7583813965320587,0.0379048105442236,-0.48769210278987885,0.06173817049145344,7173.5,478.99512871566174,7.208550333976746,1.1087039479363678,7.208550333976746,1.1087039479363678,4
5000,endpoint,10000,0.05,accuracy_drop_selector_with_resampling,2,0.7581007182598114,0.03798832119258156,-0.4874499887228012,0.06180096556286893,7000.0,367.54319474042774,12.511502981185913,1.2364767149651414,12.511502981185913,1.2364767149651414,4
5000,endpoint,10000,0.05,accuracy_drop_selector_with_resampling,3,0.7575649321079254,0.03810466367357319,-0.48701025545597076,0.06190534417487802,6902.5,272.91207375270153,19.0255708694458,1.3802218684756444,19.0255708694458,1.3802218684756444,4
5000,endpoint,10000,0.05,accuracy_drop_selector_with_resampling,4,0.7567612379789352,0.03794368517334224,-0.4862549975514412,0.06189686878472075,6894.25,252.9181356354924,26.881369590759277,1.548538208810881,26.881369590759277,1.548538208810881,4
5000,endpoint,10000,0.05,accuracy_drop_selector_with_resampling,5,0.7560213208198547,0.03786042442703377,-0.4851945862174034,0.06185520861950816,6869.75,229.28784674872472,35.8159761428833,1.6427447317859003,35.8159761428833,1.6427447317859003,4
5000,endpoint,10000,0.05,accuracy_drop_selector_with_resampling,6,0.7549497336149216,0.0379620930900061,-0.48390547931194305,0.06179799721496324,6842.0,206.26520145999746,45.72624397277832,1.7153810841179142,45.72624397277832,1.7153810841179142,4
5000,endpoint,10000,0.05,accuracy_drop_selector_with_resampling,7,0.753686785697937,0.03804603922189996,-0.48250145465135574,0.06171579154638016,6820.75,255.7920705051924,56.33331489562988,1.6629618062632747,56.33331489562988,1.6629618062632747,4
5000,endpoint,10000,0.05,accuracy_drop_selector_with_resampling,8,0.7524748742580414,0.038018873515961275,-0.48098305612802505,0.06160628885839355,6783.75,273.34395304573076,67.37625885009766,1.7610968399267886,67.37625885009766,1.7610968399267886,4
5000,endpoint,10000,0.05,accuracy_drop_selector_with_resampling,9,0.7515818774700165,0.03779908510850109,-0.4793818071484566,0.06146790908536495,6724.0,267.5207157087715,78.73117446899414,2.0308278609763164,78.73117446899414,2.0308278609763164,4
5000,endpoint,10000,0.05,accuracy_drop_selector_with_resampling,10,0.7504975199699402,0.03789493440177404,-0.4777841493487358,0.061307808474129165,6717.25,260.02099274225276,90.36150550842285,2.440665394999206,90.36150550842285,2.440665394999206,4
5000,endpoint,10000,0.05,accuracy_drop_selector_with_resampling,11,0.7496683150529861,0.03795494096189258,-0.4761632978916168,0.06117423784924776,6703.5,271.3847207686289,102.13873291015625,3.01389040480293,102.13873291015625,3.01389040480293,4
5000,endpoint,10000,0.05,accuracy_drop_selector_with_resampling,12,0.748596727848053,0.03796067069617706,-0.4745783433318138,0.061067876163515875,6649.5,261.0114939997854,114.01278305053711,3.8817096352997753,114.01278305053711,3.8817096352997753,4
5000,endpoint,10000,0.05,accuracy_drop_selector_with_resampling,13,0.7477037161588669,0.0379189618410013,-0.4729875698685646,0.06095457432711801,6616.5,286.4989819644507,125.93107032775879,4.851944412660825,125.93107032775879,4.851944412660825,4
5000,endpoint,10000,0.05,accuracy_drop_selector_with_resampling,14,0.7468107342720032,0.03774164903547151,-0.4714646562933922,0.06083310727003274,6599.0,265.08237713334825,137.85314178466797,5.9734729191969045,137.85314178466797,5.9734729191969045,4
5000,endpoint,10000,0.05,accuracy_drop_selector_with_resampling,15,0.7458411902189255,0.0377330537114661,-0.46996481716632843,0.06072474272605722,6601.5,271.29135629429845,149.79950714111328,7.127651009032517,149.79950714111328,7.127651009032517,4
5000,endpoint,10000,0.05,accuracy_drop_selector_with_resampling,16,0.7451905757188797,0.03768924527390016,-0.4684908911585808,0.06064328528830844,6585.25,257.2020930448791,161.63805770874023,8.405070235714906,161.63805770874023,8.405070235714906,4
5000,endpoint,10000,0.05,accuracy_drop_selector_with_resampling,17,0.7441700249910355,0.03758654585838055,-0.46706323325634,0.06054627711301265,6558.5,290.11779216954847,173.43328857421875,9.694790028692955,173.43328857421875,9.694790028692955,4
5000,endpoint,10000,0.05,accuracy_drop_selector_with_resampling,18,0.7434301227331161,0.03752391631741799,-0.4656573608517647,0.06044900133338921,6530.5,239.30803023161036,185.1682891845703,11.109365618628743,185.1682891845703,11.109365618628743,4
5000,endpoint,10000,0.05,accuracy_drop_selector_with_resampling,19,0.7426391839981079,0.03741213992546225,-0.46427808701992035,0.060335771426612575,6505.0,259.47254189990895,196.84332656860352,12.504276813868577,196.84332656860352,12.504276813868577,4
5000,endpoint,10000,0.05,accuracy_drop_selector_with_resampling,20,0.7418865114450455,0.0371683984190955,-0.46292316168546677,0.06021197772499175,6484.25,281.85265062913044,208.47777938842773,13.91625098085968,208.47777938842773,13.91625098085968,4
5000,endpoint,10000,0.05,accuracy_drop_selector_with_resampling,21,0.7412231415510178,0.03712774503903155,-0.46159467101097107,0.06009013246933786,6443.0,244.61534429930325,219.95732879638672,15.325300847660577,219.95732879638672,15.325300847660577,4
5000,endpoint,10000,0.05,accuracy_drop_selector_with_resampling,22,0.7405342608690262,0.03702494667413325,-0.46031246334314346,0.059984487997302306,6463.25,253.34215993395176,231.38993453979492,16.773287593219948,231.38993453979492,16.773287593219948,4
5000,endpoint,10000,0.05,accuracy_drop_selector_with_resampling,23,0.7398198693990707,0.03709754177106429,-0.4590665027499199,0.05989055850013811,6439.0,296.4130001647476,242.7278823852539,18.1572254935915,242.7278823852539,18.1572254935915,4
5000,endpoint,10000,0.05,accuracy_drop_selector_with_resampling,24,0.7390544414520264,0.0369668789001282,-0.4578605219721794,0.0597987293499285,6415.0,238.57214143035785,253.92885208129883,19.553954594750348,253.92885208129883,19.553954594750348,4
5000,endpoint,10000,0.05,accuracy_drop_selector_with_resampling,25,0.7383528053760529,0.03695486542926723,-0.4566475600004196,0.05972217417102618,6421.0,266.9694114812906,265.076717376709,20.921030105323062,265.076717376709,20.921030105323062,4
5000,endpoint,10000,0.05,accuracy_drop_selector_with_resampling,26,0.7375746220350266,0.03696821345880066,-0.4554726704955101,0.05965322397174376,6399.0,250.86384089116285,276.1044235229492,22.31256386798811,276.1044235229492,22.31256386798811,4
5000,endpoint,10000,0.05,accuracy_drop_selector_with_resampling,27,0.7368092089891434,0.036848792851315676,-0.4543331041932106,0.059599289007236454,6399.0,290.29065893801453,287.0669860839844,23.594596205019528,287.0669860839844,23.594596205019528,4
5000,endpoint,10000,0.05,accuracy_drop_selector_with_resampling,28,0.7362351268529892,0.03675040134301328,-0.45321328938007355,0.05952542478181959,6391.0,254.2256215778942,297.9061279296875,24.949487586372516,297.9061279296875,24.949487586372516,4
5000,endpoint,10000,0.05,accuracy_drop_selector_with_resampling,29,0.7355845272541046,0.036732833257505114,-0.4521111622452736,0.05944683746394078,6363.5,248.7267577081324,308.65232849121094,26.268464492217227,308.65232849121094,26.268464492217227,4
5000,endpoint,10000,0.05,accuracy_drop_selector_with_resampling,30,0.7348190993070602,0.03668960294092115,-0.4510337635874748,0.05940009907609306,6381.75,275.0240898539617,319.3343276977539,27.560008882219822,319.3343276977539,27.560008882219822,4
5000,endpoint,10000,0.05,accuracy_drop_selector_with_resampling,31,0.7340919524431229,0.03651642441079205,-0.44997431337833405,0.05934949251943871,6355.75,272.51345532529825,329.8933868408203,28.79062384333194,329.8933868408203,28.79062384333194,4
5000,endpoint,10000,0.05,accuracy_drop_selector_with_resampling,32,0.7335689216852188,0.03634009812375597,-0.44897129386663437,0.05930283963926868,6332.75,216.83692028803583,340.3500213623047,30.043619088142325,340.3500213623047,30.043619088142325,4
5000,endpoint,10000,0.05,accuracy_drop_selector_with_resampling,33,0.7330203503370285,0.03628672954062933,-0.44799115508794785,0.05925772505458116,6328.0,255.1979623743105,350.7427215576172,31.274854668807343,350.7427215576172,31.274854668807343,4
5000,endpoint,10000,0.05,accuracy_drop_selector_with_resampling,34,0.7325356155633926,0.03629233641900369,-0.44702887535095215,0.05921039756990193,6303.25,300.3269052216268,361.0088195800781,32.48114651147575,361.0088195800781,32.48114651147575,4
5000,endpoint,10000,0.05,accuracy_drop_selector_with_resampling,35,0.7318849861621857,0.036319643711525844,-0.4460705816745758,0.05915824444821993,6319.25,253.49474024786656,371.22090911865234,33.679847626069986,371.22090911865234,33.679847626069986,4
5000,endpoint,10000,0.05,accuracy_drop_selector_with_resampling,36,0.7314639985561371,0.03614907591323571,-0.44514675438404083,0.059140424656556674,6304.25,256.2425608676279,381.3689651489258,34.80987601737367,381.3689651489258,34.80987601737367,4
5000,endpoint,10000,0.05,accuracy_drop_selector_with_resampling,37,0.7308771759271622,0.03611204290923049,-0.4442458227276802,0.05909330967531658,6278.75,283.99222407195117,391.43975830078125,35.9668366922401,391.43975830078125,35.9668366922401,4
5000,endpoint,10000,0.05,accuracy_drop_selector_with_resampling,38,0.7303923964500427,0.036075713749416316,-0.443348690867424,0.05905325539834056,6263.75,261.50254938209173,401.4446258544922,37.194642221443516,401.4446258544922,37.194642221443516,4
5000,endpoint,10000,0.05,accuracy_drop_selector_with_resampling,39,0.7298948764801025,0.036063229703054075,-0.44244782626628876,0.05903597722684035,6272.75,286.510471012841,411.4521942138672,38.345862605600004,411.4521942138672,38.345862605600004,4
5000,endpoint,10000,0.05,accuracy_drop_selector_with_resampling,40,0.7293335795402527,0.03623152173937986,-0.4415889382362366,0.05901640180865945,6274.0,236.61220030533786,421.33739471435547,39.524079287147025,421.33739471435547,39.524079287147025,4
5000,endpoint,10000,0.05,accuracy_drop_selector_with_resampling,41,0.728976383805275,0.03623125269921197,-0.44072507321834564,0.058977457815968866,6283.75,306.05269154183236,431.19203186035156,40.68887611757045,431.19203186035156,40.68887611757045,4
5000,endpoint,10000,0.05,accuracy_drop_selector_with_resampling,42,0.7284150570631027,0.036202688876800726,-0.43986814469099045,0.058936933989840824,6282.25,268.1832395956168,441.00479888916016,41.82564619230658,441.00479888916016,41.82564619230658,4
5000,endpoint,10000,0.05,accuracy_drop_selector_with_resampling,43,0.7280323654413223,0.03617375064985194,-0.4390314370393753,0.05888369754051984,6267.25,302.45812382322725,450.7198181152344,42.964994756947,450.7198181152344,42.964994756947,4
5000,endpoint,10000,0.05,accuracy_drop_selector_with_resampling,44,0.7274710386991501,0.036118938054146205,-0.4381985664367676,0.05883848973952086,6239.75,264.33990113740555,460.3652038574219,44.14302139738458,460.3652038574219,44.14302139738458,4
5000,endpoint,10000,0.05,accuracy_drop_selector_with_resampling,45,0.7270500659942627,0.0361177692574678,-0.4373988211154938,0.058814088699754734,6257.5,250.15928259144545,469.93347930908203,45.270737689307715,469.93347930908203,45.270737689307715,4
5000,endpoint,10000,0.05,accuracy_drop_selector_with_resampling,46,0.7265525311231613,0.036288863633602425,-0.4366132616996765,0.05879862266461754,6232.25,266.3273361861302,479.44690704345703,46.38433639031876,479.44690704345703,46.38433639031876,4
5000,endpoint,10000,0.05,accuracy_drop_selector_with_resampling,47,0.7260932773351669,0.0359999332693783,-0.43583011627197266,0.058765846914618496,6218.75,263.6264718624946,488.88023376464844,47.51427408378383,488.88023376464844,47.51427408378383,4
5000,endpoint,10000,0.05,accuracy_drop_selector_with_resampling,48,0.7256595194339752,0.03624377137469046,-0.43508094549179077,0.05874722588521237,6209.25,279.9647299214671,498.24322509765625,48.57396479875647,498.24322509765625,48.57396479875647,4
5000,endpoint,10000,0.05,accuracy_drop_selector_with_resampling,49,0.7251365035772324,0.03618848623815473,-0.4343336448073387,0.05870485244640721,6212.25,266.8799667765767,507.54505157470703,49.65910718579625,507.54505157470703,49.65910718579625,4
5000,endpoint,10000,0.05,accuracy_drop_selector_with_resampling,50,0.7248430848121643,0.03623810352564385,-0.4335879981517792,0.058707400986152854,6204.75,268.3025344643617,517.2006988525391,50.64854672053476,517.2006988525391,50.64854672053476,4
5000,endpoint,10000,0.05,accuracy_drop_selector_with_resampling,51,0.7244093418121338,0.03596230632398204,-0.4328714981675148,0.058691434625092936,6197.0,269.0192062536304,523.9337158203125,51.33096670730545,523.9337158203125,51.33096670730545,4
5000,endpoint,10000,0.05,accuracy_drop_selector_with_resampling,52,0.7241414487361908,0.03605180480148817,-0.4323519617319107,0.058659500370689566,6192.75,268.4118415172227,529.4545059204102,51.875635673486066,529.4545059204102,51.875635673486066,4
5000,endpoint,10000,0.05,accuracy_drop_selector_with_resampling,53,0.7240266352891922,0.03602543446002461,-0.4319429099559784,0.058667092874627985,6191.75,270.36071583472824,534.2164993286133,52.36989071029648,534.2164993286133,52.36989071029648,4
5000,endpoint,10000,0.05,accuracy_drop_selector_with_resampling,54,0.7237714976072311,0.03605974584598421,-0.4315808564424515,0.058655007343296414,6189.5,272.75202412936676,538.4649200439453,52.78143670379984,538.4649200439453,52.78143670379984,4
5000,endpoint,10000,0.05,accuracy_drop_selector_with_resampling,55,0.7235928922891617,0.03613803905311468,-0.4312523975968361,0.05864861069957897,6183.25,276.6048625747566,542.3522186279297,53.154427105446054,542.3522186279297,53.154427105446054,4
5000,endpoint,10000,0.05,accuracy_drop_selector_with_resampling,56,0.7235163450241089,0.036115615689292106,-0.4309571459889412,0.05865244508958642,6178.5,275.83388720991724,545.9284286499023,53.48933249065857,545.9284286499023,53.48933249065857,4
5000,endpoint,10000,0.05,accuracy_drop_selector_with_resampling,57,0.7233249992132187,0.03608406023221698,-0.43068867176771164,0.05864471356167395,6178.5,278.10849201945155,549.2872543334961,53.802617578910045,549.2872543334961,53.802617578910045,4
5000,endpoint,10000,0.05,accuracy_drop_selector_with_resampling,58,0.7232484519481659,0.03596927757267664,-0.4304378628730774,0.058642211659976747,6175.25,277.129783074044,552.4374008178711,54.084455219611904,552.4374008178711,54.084455219611904,4
5000,endpoint,10000,0.05,accuracy_drop_selector_with_resampling,59,0.7231336385011673,0.03606102167848951,-0.4302021786570549,0.05861348733476713,6176.25,276.3733887334307,555.4225311279297,54.36122940135866,555.4225311279297,54.36122940135866,4
5000,endpoint,10000,0.05,accuracy_drop_selector_with_resampling,60,0.722967803478241,0.03615062499959432,-0.42996995896101,0.058618013026973274,6169.0,275.89007472784033,558.2689895629883,54.61372308219691,558.2689895629883,54.61372308219691,4
5000,endpoint,10000,0.05,accuracy_drop_selector_with_resampling,61,0.7228019684553146,0.03609257489458547,-0.42976170033216476,0.058613862415859065,6169.25,275.027725875047,560.9905090332031,54.86396620993825,560.9905090332031,54.86396620993825,4
5000,endpoint,10000,0.05,accuracy_drop_selector_with_resampling,62,0.7227381765842438,0.03608143274124543,-0.4295518100261688,0.05861354814740376,6168.0,272.7135249060205,563.6043014526367,55.095577604620466,563.6043014526367,55.095577604620466,4
5000,endpoint,10000,0.05,accuracy_drop_selector_with_resampling,63,0.7226616144180298,0.03607179802164628,-0.42936038225889206,0.05859354586522789,6164.75,271.95756409165506,566.1036605834961,55.32601171470155,566.1036605834961,55.32601171470155,4
5000,endpoint,10000,0.05,accuracy_drop_selector_with_resampling,64,0.7224575281143188,0.036170448856995885,-0.42916928231716156,0.058587183950815275,6164.25,274.116003424341,568.5231018066406,55.54105823449838,568.5231018066406,55.54105823449838,4
5000,endpoint,10000,0.05,accuracy_drop_selector_with_resampling,65,0.7224957942962646,0.0360885962285816,-0.42898859083652496,0.05857487774876559,6164.0,272.4359251885355,570.8714752197266,55.75120350531759,570.8714752197266,55.75120350531759,4
5000,endpoint,10000,0.05,accuracy_drop_selector_with_resampling,66,0.722393736243248,0.03614889247866903,-0.42881621420383453,0.058567178400644675,6160.0,271.5253211028393,573.1436767578125,55.953184564643614,573.1436767578125,55.953184564643614,4
5000,endpoint,10000,0.05,accuracy_drop_selector_with_resampling,67,0.7222406417131424,0.03608860207896931,-0.42865076661109924,0.058573420826921616,6157.25,273.4146728566946,575.3497009277344,56.14882860696156,575.3497009277344,56.14882860696156,4
5000,endpoint,10000,0.05,accuracy_drop_selector_with_resampling,68,0.7221130728721619,0.036153394636983124,-0.42848601937294006,0.05856037902733761,6157.0,274.55782633172197,577.4944458007812,56.34561976231892,577.4944458007812,56.34561976231892,4
5000,endpoint,10000,0.05,accuracy_drop_selector_with_resampling,69,0.7220365256071091,0.03608553633896708,-0.42832691222429276,0.05855510137914227,6152.5,277.4797289893444,579.5824279785156,56.523346987765855,579.5824279785156,56.523346987765855,4
5000,endpoint,10000,0.05,accuracy_drop_selector_with_resampling,70,0.7219599932432175,0.03600936265919028,-0.42817433178424835,0.05854843311864137,6152.5,275.81817682427436,581.6189575195312,56.71056806946568,581.6189575195312,56.71056806946568,4
5000,endpoint,10000,0.05,accuracy_drop_selector_with_resampling,71,0.7218196839094162,0.03610436534152513,-0.4280169680714607,0.0585323431705775,6150.25,278.0244293822637,583.6036987304688,56.887308963287964,583.6036987304688,56.887308963287964,4
5000,endpoint,10000,0.05,accuracy_drop_selector_with_resampling,72,0.7217303514480591,0.036143551414494816,-0.4278602972626686,0.058542607844182366,6148.25,276.6771584356034,585.5434417724609,57.055497410846016,585.5434417724609,57.055497410846016,4
5000,endpoint,10000,0.05,accuracy_drop_selector_with_resampling,73,0.7216920852661133,0.03608825053046813,-0.42771656066179276,0.058542586385182054,6146.25,275.34387590792716,587.439697265625,57.22558241704709,587.439697265625,57.22558241704709,4
5000,endpoint,10000,0.05,accuracy_drop_selector_with_resampling,74,0.7215517610311508,0.0361231064876189,-0.4275648593902588,0.05853951926456792,6144.0,275.2865174080755,589.2928619384766,57.391760339523096,589.2928619384766,57.391760339523096,4
5000,endpoint,10000,0.05,accuracy_drop_selector_with_resampling,75,0.7214497029781342,0.03610195304006102,-0.42743145674467087,0.0585377606779516,6144.25,274.6056263079837,591.1089019775391,57.54838003406448,591.1089019775391,57.54838003406448,4
5000,endpoint,10000,0.05,accuracy_drop_selector_with_resampling,76,0.7214242070913315,0.036042798742742944,-0.42729879915714264,0.05853207695698668,6141.75,275.74550464755237,592.8932800292969,57.70869326322524,592.8932800292969,57.70869326322524,4
5000,endpoint,10000,0.05,accuracy_drop_selector_with_resampling,77,0.7213221490383148,0.03602841566578757,-0.42716873437166214,0.05852653463227618,6142.25,274.6056263079837,594.6394348144531,57.85443729462013,594.6394348144531,57.85443729462013,4
5000,endpoint,10000,0.05,accuracy_drop_selector_with_resampling,78,0.7212328463792801,0.0360102344272924,-0.427040733397007,0.05851297022435233,6139.75,274.811905370443,596.3573608398438,58.00648104386563,596.3573608398438,58.00648104386563,4
5000,endpoint,10000,0.05,accuracy_drop_selector_with_resampling,79,0.7211562991142273,0.03600073912204191,-0.42691178619861603,0.0585184487511022,6136.75,274.95984555324924,598.0402679443359,58.15939909975251,598.0402679443359,58.15939909975251,4
5000,endpoint,10000,0.05,accuracy_drop_selector_with_resampling,80,0.7212328463792801,0.03595044088846893,-0.42678552865982056,0.058513484557458584,6135.75,275.55202170673084,599.6933135986328,58.30144733943818,599.6933135986328,58.30144733943818,4
5000,endpoint,10000,0.05,accuracy_drop_selector_with_resampling,81,0.7211435586214066,0.036012364255469935,-0.4266629293560982,0.05850723925122936,6133.0,276.9705158796991,601.3255615234375,58.45069325570293,601.3255615234375,58.45069325570293,4
5000,endpoint,10000,0.05,accuracy_drop_selector_with_resampling,82,0.7210925221443176,0.035998612146817696,-0.4265448898077011,0.05850161154389195,6131.5,274.98909069270366,602.9200286865234,58.58639574160747,602.9200286865234,58.58639574160747,4
5000,endpoint,10000,0.05,accuracy_drop_selector_with_resampling,83,0.7210414856672287,0.036078593078826514,-0.42643556743860245,0.058507225162007896,6128.0,276.44288138179047,604.4921722412109,58.73095512608173,604.4921722412109,58.73095512608173,4
5000,endpoint,10000,0.05,accuracy_drop_selector_with_resampling,84,0.720952183008194,0.03599642385516752,-0.42631032317876816,0.0584984426994796,6128.0,276.29814814194225,606.0401458740234,58.86895131758318,606.0401458740234,58.86895131758318,4
5000,endpoint,10000,0.05,accuracy_drop_selector_with_resampling,85,0.7208628803491592,0.036064860876051305,-0.42619819939136505,0.05849260817381255,6126.0,276.46820190876684,607.5733489990234,59.000918228576595,607.5733489990234,59.000918228576595,4
5000,endpoint,10000,0.05,accuracy_drop_selector_with_resampling,86,0.7208246141672134,0.03603504891333384,-0.4260880872607231,0.05849159302394572,6124.0,276.55861343785097,609.0772552490234,59.13969972744962,609.0772552490234,59.13969972744962,4
5000,endpoint,10000,0.05,accuracy_drop_selector_with_resampling,87,0.720722571015358,0.036044440232957886,-0.42597508430480957,0.05848553598148973,6124.25,279.60135312023556,610.5568389892578,59.26781924005625,610.5568389892578,59.26781924005625,4
5000,endpoint,10000,0.05,accuracy_drop_selector_with_resampling,88,0.7207480818033218,0.03602159584077877,-0.42586248368024826,0.05848362007793087,6121.75,279.4236628013693,612.0182342529297,59.398132893919154,612.0182342529297,59.398132893919154,4
5000,endpoint,10000,0.05,accuracy_drop_selector_with_resampling,89,0.7205822318792343,0.03589605356591579,-0.42576367408037186,0.058484506366294715,6118.0,281.28040576383324,613.4588012695312,59.53128599162027,613.4588012695312,59.53128599162027,4
5000,endpoint,10000,0.05,accuracy_drop_selector_with_resampling,90,0.7205311954021454,0.035999000455426367,-0.4256529435515404,0.05847979504025547,6116.0,281.84747648329227,614.8800811767578,59.656260858543085,614.8800811767578,59.656260858543085,4
5000,endpoint,10000,0.05,accuracy_drop_selector_with_resampling,91,0.7204418927431107,0.035989442218822665,-0.4255591332912445,0.05848140299055504,6114.5,284.10854733123864,616.2844696044922,59.77642296110911,616.2844696044922,59.77642296110911,4
5000,endpoint,10000,0.05,accuracy_drop_selector_with_resampling,92,0.720365360379219,0.03587995516364716,-0.42544839531183243,0.05848459730627672,6112.5,284.68754802414526,617.6707153320312,59.89604939895856,617.6707153320312,59.89604939895856,4
5000,endpoint,10000,0.05,accuracy_drop_selector_with_resampling,93,0.7203398495912552,0.035920796720137975,-0.4253390282392502,0.058486750734957814,6112.25,284.2081103698485,619.0397033691406,60.021770970955615,619.0397033691406,60.021770970955615,4
5000,endpoint,10000,0.05,accuracy_drop_selector_with_resampling,94,0.7202505469322205,0.03592068636178444,-0.4252493306994438,0.05847176008362383,6111.0,285.7073094386398,620.3920440673828,60.13744675517606,620.3920440673828,60.13744675517606,4
5000,endpoint,10000,0.05,accuracy_drop_selector_with_resampling,95,0.7202505469322205,0.03591839106906297,-0.4251551032066345,0.05848106889260707,6108.75,286.33590414057403,621.7239379882812,60.25958570083531,621.7239379882812,60.25958570083531,4
5000,endpoint,10000,0.05,accuracy_drop_selector_with_resampling,96,0.7201740145683289,0.03590241667299673,-0.4250495508313179,0.05847582551407072,6110.5,285.92598109767266,623.0459899902344,60.37150320727539,623.0459899902344,60.37150320727539,4
5000,endpoint,10000,0.05,accuracy_drop_selector_with_resampling,97,0.7201612591743469,0.035996122496233546,-0.4249560907483101,0.05846689761179275,6108.5,286.1171088907477,624.3532867431641,60.483079155527065,624.3532867431641,60.483079155527065,4
5000,endpoint,10000,0.05,accuracy_drop_selector_with_resampling,98,0.7200336754322052,0.03599172223720919,-0.42486128956079483,0.05846941711749633,6107.5,287.00812996615036,625.6448669433594,60.598220283396714,625.6448669433594,60.598220283396714,4
5000,endpoint,10000,0.05,accuracy_drop_selector_with_resampling,99,0.7200209200382233,0.03603959064230896,-0.4247676283121109,0.0584678960644228,6105.25,286.6616763131526,626.9254302978516,60.704844759902606,626.9254302978516,60.704844759902606,4
5000,endpoint,10000,0.05,accuracy_drop_selector_with_resampling,100,0.7200209200382233,0.03598723404424008,-0.42467188835144043,0.05845824555482603,6103.0,287.4021572639983,628.1842193603516,60.82200947793674,628.1842193603516,60.82200947793674,4
5000,endpoint,10000,0.05,accuracy_drop_selector_with_resampling,101,0.7199316173791885,0.03598476380260114,-0.4245869070291519,0.05845497999912195,6102.0,289.5248981809106,629.4337615966797,60.929806867799904,629.4337615966797,60.929806867799904,4
5000,endpoint,10000,0.05,accuracy_drop_selector_with_resampling,102,0.7198805958032608,0.036033326921842745,-0.42449377477169037,0.058455796062049856,6100.5,289.2444179812868,630.6763153076172,61.03776217104142,630.6763153076172,61.03776217104142,4
5000,endpoint,10000,0.05,accuracy_drop_selector_with_resampling,103,0.7198550850152969,0.03602184879123487,-0.42440176010131836,0.05845685542428909,6099.0,289.1124348761222,631.8981323242188,61.140694342904624,631.8981323242188,61.140694342904624,4
5000,endpoint,10000,0.05,accuracy_drop_selector_with_resampling,104,0.7198295742273331,0.03611130057208258,-0.4243142008781433,0.058450545663329044,6098.5,289.33198924418986,633.1126556396484,61.24674501446016,633.1126556396484,61.24674501446016,4
5000,endpoint,10000,0.05,accuracy_drop_selector_with_resampling,105,0.7197530269622803,0.036122395229874954,-0.42422474920749664,0.05844656193927261,6096.5,289.59799723064384,634.3150634765625,61.34927277111718,634.3150634765625,61.34927277111718,4
5000,endpoint,10000,0.05,accuracy_drop_selector_with_resampling,106,0.719778522849083,0.036145722992838726,-0.42414332926273346,0.05843668944503341,6095.75,288.6697940554224,635.5007171630859,61.45586804931177,635.5007171630859,61.45586804931177,4
5000,endpoint,10000,0.05,accuracy_drop_selector_with_resampling,107,0.7196637243032455,0.03610430356646415,-0.4240565523505211,0.05844302064401894,6093.75,289.0782765964956,636.6767730712891,61.55541558440439,636.6767730712891,61.55541558440439,4
5000,endpoint,10000,0.05,accuracy_drop_selector_with_resampling,108,0.7195616811513901,0.036150617632758,-0.42397554218769073,0.058435434846670055,6093.0,290.8092158099533,637.8424377441406,61.660550382579125,637.8424377441406,61.660550382579125,4
5000,endpoint,10000,0.05,accuracy_drop_selector_with_resampling,109,0.7196509689092636,0.03607526997540225,-0.4238954707980156,0.05843324102094455,6092.25,290.35653370755523,638.9959564208984,61.75618060846269,638.9959564208984,61.75618060846269,4
5000,endpoint,10000,0.05,accuracy_drop_selector_with_resampling,110,0.719536155462265,0.036061144238180284,-0.4238005578517914,0.05841895996401526,6089.75,291.4588307119892,640.1398468017578,61.856742429340144,640.1398468017578,61.856742429340144,4
5000,endpoint,10000,0.05,accuracy_drop_selector_with_resampling,111,0.7195234000682831,0.03604964186758669,-0.4237242713570595,0.058415809841471225,6088.5,290.1407704316418,641.2742156982422,61.9532980467967,641.2742156982422,61.9532980467967,4
5000,endpoint,10000,0.05,accuracy_drop_selector_with_resampling,112,0.7195234000682831,0.03611578376208509,-0.4236402288079262,0.058419246640605924,6088.25,290.61128103820516,642.3967437744141,62.04947196455216,642.3967437744141,62.04947196455216,4
5000,endpoint,10000,0.05,accuracy_drop_selector_with_resampling,113,0.7194468528032303,0.03602411337639338,-0.42356419563293457,0.05841292775291771,6088.0,290.8711054745727,643.5060424804688,62.14355456682764,643.5060424804688,62.14355456682764,4
5000,endpoint,10000,0.05,accuracy_drop_selector_with_resampling,114,0.7193320393562317,0.03608838212758639,-0.42348651587963104,0.058407892856029604,6086.75,289.755500379199,644.611572265625,62.24120194209186,644.611572265625,62.24120194209186,4
5000,endpoint,10000,0.05,accuracy_drop_selector_with_resampling,115,0.7192682474851608,0.03600340962249111,-0.4234052449464798,0.05840005555146155,6085.5,289.8948085081897,645.7059173583984,62.33270426418653,645.7059173583984,62.33270426418653,4
5000,endpoint,10000,0.05,accuracy_drop_selector_with_resampling,116,0.719242736697197,0.03605132018579441,-0.42332832515239716,0.05840443066649958,6085.5,291.7493216216049,646.7955474853516,62.42935382620291,646.7955474853516,62.42935382620291,4
5000,endpoint,10000,0.05,accuracy_drop_selector_with_resampling,117,0.7191662043333054,0.036084013473213744,-0.42325108498334885,0.058389696175785315,6085.0,290.77253423710204,647.8656768798828,62.5186152154501,647.8656768798828,62.5186152154501,4
5000,endpoint,10000,0.05,accuracy_drop_selector_with_resampling,118,0.7191279232501984,0.03605866537069157,-0.4231721833348274,0.05839721965519356,6085.25,290.5608083230313,648.9359893798828,62.60859218056328,648.9359893798828,62.60859218056328,4
5000,endpoint,10000,0.05,accuracy_drop_selector_with_resampling,119,0.7190769016742706,0.03606345450654805,-0.4230911061167717,0.058395847438739525,6084.5,290.42210659658815,649.9967346191406,62.696232291007696,649.9967346191406,62.696232291007696,4
5000,endpoint,10000,0.05,accuracy_drop_selector_with_resampling,120,0.7190386354923248,0.03607737610443643,-0.4230242520570755,0.058390670079392776,6084.25,291.1887990061889,651.0453186035156,62.78819446519237,651.0453186035156,62.78819446519237,4
5000,endpoint,10000,0.05,accuracy_drop_selector_with_resampling,121,0.719013124704361,0.036120445208256656,-0.42294149100780487,0.058381438415539805,6081.5,292.54572292207587,652.0910797119141,62.87489374646193,652.0910797119141,62.87489374646193,4
5000,endpoint,10000,0.05,accuracy_drop_selector_with_resampling,122,0.7189748585224152,0.03609773004573184,-0.4228701516985893,0.058392468920631775,6081.0,293.57225118642714,653.1300048828125,62.958782617920136,653.1300048828125,62.958782617920136,4
5000,endpoint,10000,0.05,accuracy_drop_selector_with_resampling,123,0.7189238369464874,0.03609058899090201,-0.4227979928255081,0.05838406987484179,6078.0,294.27085029498477,654.1526489257812,63.0445110731293,654.1526489257812,63.0445110731293,4
5000,endpoint,10000,0.05,accuracy_drop_selector_with_resampling,124,0.7189238369464874,0.03609773004573184,-0.42271746695041656,0.05838073217632077,6077.5,294.5488075005567,655.1767883300781,63.127366074090034,655.1767883300781,63.127366074090034,4
5000,endpoint,10000,0.05,accuracy_drop_selector_with_resampling,125,0.7188345044851303,0.03613642076246408,-0.4226500913500786,0.05839060021441104,6076.75,295.73566462862294,656.1911010742188,63.21088373717198,656.1911010742188,63.21088373717198,4
5000,endpoint,10000,0.05,accuracy_drop_selector_with_resampling,126,0.7188345044851303,0.03613642076246408,-0.42257171124219894,0.05837097464243827,6077.0,296.7838719786954,657.1991119384766,63.28999852089552,657.1991119384766,63.28999852089552,4
5000,endpoint,10000,0.05,accuracy_drop_selector_with_resampling,127,0.7187834829092026,0.03614835468443062,-0.4224943518638611,0.05836795137771823,6075.25,296.6360002876702,658.198974609375,63.36996729811198,658.198974609375,63.36996729811198,4
5000,endpoint,10000,0.05,accuracy_drop_selector_with_resampling,128,0.7187834680080414,0.03610687971739951,-0.42243046313524246,0.05837045862451202,6074.5,297.7577314977172,659.1890258789062,63.449904068319164,659.1890258789062,63.449904068319164,4
5000,endpoint,10000,0.05,accuracy_drop_selector_with_resampling,129,0.7187324464321136,0.036031208779335286,-0.42235924303531647,0.058361183644211535,6073.5,297.700632627253,660.1731567382812,63.532412985215906,660.1731567382812,63.532412985215906,4
5000,endpoint,10000,0.05,accuracy_drop_selector_with_resampling,130,0.7187962383031845,0.03612324267717054,-0.42228762060403824,0.05835754811402348,6072.25,297.7889353216469,661.152099609375,63.60816080621918,661.152099609375,63.60816080621918,4
5000,endpoint,10000,0.05,accuracy_drop_selector_with_resampling,131,0.7187196910381317,0.03607300681588777,-0.4222283661365509,0.05836518637898365,6070.75,297.5033613255487,662.1245727539062,63.68658397661642,662.1245727539062,63.68658397661642,4
5000,endpoint,10000,0.05,accuracy_drop_selector_with_resampling,132,0.7186431586742401,0.03608654897124122,-0.4221613258123398,0.058357070446737776,6068.75,298.24975551820097,663.08837890625,63.765501004282875,663.08837890625,63.765501004282875,4
5000,endpoint,10000,0.05,accuracy_drop_selector_with_resampling,133,0.7185793668031693,0.03605999902748322,-0.4220869094133377,0.058359764177906226,6066.5,298.8003792947169,664.0476531982422,63.84124161395929,664.0476531982422,63.84124161395929,4
5000,endpoint,10000,0.05,accuracy_drop_selector_with_resampling,134,0.7186048775911331,0.03607115223343875,-0.4220278933644295,0.0583610835618803,6065.75,299.5122423763899,665.0008697509766,63.919051881277255,665.0008697509766,63.919051881277255,4
5000,endpoint,10000,0.05,accuracy_drop_selector_with_resampling,135,0.7185411006212234,0.036061933334198146,-0.4219563379883766,0.05834971854760451,6064.25,299.7447525256558,665.9449768066406,63.9946165888718,665.9449768066406,63.9946165888718,4
5000,endpoint,10000,0.05,accuracy_drop_selector_with_resampling,136,0.7184518128633499,0.03603682733637591,-0.42188354581594467,0.058346581659504564,6063.5,300.92357833842135,666.8881072998047,64.07016718831673,666.8881072998047,64.07016718831673,4
5000,endpoint,10000,0.05,accuracy_drop_selector_with_resampling,137,0.718388020992279,0.036000599825393526,-0.42181582748889923,0.05833534369581903,6061.5,301.3364675353228,667.8198699951172,64.14353462219147,667.8198699951172,64.14353462219147,4
5000,endpoint,10000,0.05,accuracy_drop_selector_with_resampling,138,0.7183625102043152,0.035945616446411456,-0.4217563569545746,0.05833414631807845,6062.0,300.30318013634155,668.749267578125,64.21909730151009,668.749267578125,64.21909730151009,4
5000,endpoint,10000,0.05,accuracy_drop_selector_with_resampling,139,0.7183114737272263,0.03594553324447505,-0.42168736457824707,0.0583249599561503,6059.25,300.2680746710623,669.6710968017578,64.29158270058124,669.6710968017578,64.29158270058124,4
5000,endpoint,10000,0.05,accuracy_drop_selector_with_resampling,140,0.7183114737272263,0.035933483694913,-0.4216122403740883,0.05833527841558807,6058.25,300.0548560957924,670.5910949707031,64.36620257277448,670.5910949707031,64.36620257277448,4
5000,endpoint,10000,0.05,accuracy_drop_selector_with_resampling,141,0.7182349413633347,0.035917516025438294,-0.42155929654836655,0.05832753330580054,6057.75,300.5033277685956,671.4986267089844,64.43587249172414,671.4986267089844,64.43587249172414,4
5000,endpoint,10000,0.05,accuracy_drop_selector_with_resampling,142,0.7182349413633347,0.03594939599677014,-0.421487532556057,0.05833119831496861,6057.5,300.5933022097022,672.4038543701172,64.50819006659515,672.4038543701172,64.50819006659515,4
5000,endpoint,10000,0.05,accuracy_drop_selector_with_resampling,143,0.718132883310318,0.03594225481354858,-0.42143694311380386,0.05833198017357408,6057.25,299.3608469166712,673.298583984375,64.57831986879242,673.298583984375,64.57831986879242,4
5000,endpoint,10000,0.05,accuracy_drop_selector_with_resampling,144,0.7180946171283722,0.035951456121943344,-0.42136648297309875,0.05832834031472448,6055.25,299.46883532904275,674.1954803466797,64.65310210431056,674.1954803466797,64.65310210431056,4
5000,endpoint,10000,0.05,accuracy_drop_selector_with_resampling,145,0.7180563360452652,0.035926304507300236,-0.42130330204963684,0.05831641057282613,6054.0,300.08776493997,675.0843505859375,64.72221776578644,675.0843505859375,64.72221776578644,4
5000,endpoint,10000,0.05,accuracy_drop_selector_with_resampling,146,0.7180691063404083,0.03593306926045561,-0.42124025523662567,0.05831927980007503,6054.25,299.73251964598927,675.9645385742188,64.79058818191058,675.9645385742188,64.79058818191058,4
5000,endpoint,10000,0.05,accuracy_drop_selector_with_resampling,147,0.7179542779922485,0.03594310823379735,-0.42118049412965775,0.05830393056373186,6053.25,297.7161679631569,676.8443603515625,64.86258822866037,676.8443603515625,64.86258822866037,4
5000,endpoint,10000,0.05,accuracy_drop_selector_with_resampling,148,0.7179415076971054,0.035853310985472724,-0.4211166650056839,0.058312207400772385,6052.0,297.9205710699861,677.7187805175781,64.9326164988396,677.7187805175781,64.9326164988396,4
5000,endpoint,10000,0.05,accuracy_drop_selector_with_resampling,149,0.717826709151268,0.035912755752548625,-0.421056903898716,0.05830759892065477,6050.75,296.6899335445452,678.5845642089844,65.00347023034229,678.5845642089844,65.00347023034229,4
5000,endpoint,10000,0.05,none,-1,0.7678624391555786,0.038630936334284466,-0.5034046530723572,0.06379191930079747,0.0,0.0,0.0,0.0,0.0,0.0,5
5000,endpoint,10000,0.05,none,0,0.7678522348403931,0.038603230324802125,-0.5034133970737458,0.0637778972814121,5042.0,271.53544888283005,2.8355691909790037,0.34381297709446096,2.8355691909790037,0.34381297709446096,5
5000,endpoint,10000,0.05,none,1,0.7676889300346375,0.03859200492069542,-0.5032609283924103,0.06378444072490581,7433.4,207.94662776780007,7.316043376922607,0.8086067492591692,7.316043376922607,0.8086067492591692,5
5000,endpoint,10000,0.05,none,2,0.7673215270042419,0.03869791219319795,-0.503052705526352,0.06380144131401193,7472.6,93.82590260690274,13.0838191986084,1.1549544232829456,13.0838191986084,1.1549544232829456,5
5000,endpoint,10000,0.05,none,3,0.7669133067131042,0.03881601718684043,-0.5026195287704468,0.06385305992642738,7405.4,105.91883685161955,19.82248725891113,1.6714665127693702,19.82248725891113,1.6714665127693702,5
5000,endpoint,10000,0.05,none,4,0.766249930858612,0.03880809694397987,-0.50193549990654,0.06392674268255209,7434.2,117.2100678269576,27.752638626098634,2.2847218874566195,27.752638626098634,2.2847218874566195,5
5000,endpoint,10000,0.05,none,5,0.7654640913009644,0.03892872142594793,-0.5010277032852173,0.06399773119773645,7464.8,100.70600776517755,36.65459060668945,3.0747976657384655,36.65459060668945,3.0747976657384655,5
5000,endpoint,10000,0.05,none,6,0.7647292852401734,0.03899334534404796,-0.49996758699417115,0.06403496797346804,7448.2,134.7913201953301,46.34750671386719,3.795089737058915,46.34750671386719,3.795089737058915,5
5000,endpoint,10000,0.05,none,7,0.7640046954154969,0.039259530051677274,-0.49877320528030394,0.0641211493786463,7457.6,131.67497864059064,56.67127914428711,4.630793419447425,56.67127914428711,4.630793419447425,5
5000,endpoint,10000,0.05,none,8,0.7631576299667359,0.03927622258177215,-0.4975057542324066,0.0642212139923594,7441.0,114.33066080452785,67.38787307739258,5.288924109270058,67.38787307739258,5.288924109270058,5
5000,endpoint,10000,0.05,none,9,0.7624126195907592,0.039386617521190034,-0.49618581533432005,0.06427851504831805,7411.0,107.3009785603095,78.41297760009766,5.951240838170609,78.41297760009766,5.951240838170609,5
5000,endpoint,10000,0.05,none,10,0.7616573929786682,0.03957179707141323,-0.49485469460487364,0.0643494808224626,7396.8,136.73587678440504,89.63662872314453,6.604644080310112,89.63662872314453,6.604644080310112,5
5000,endpoint,10000,0.05,none,11,0.7607797145843506,0.03972636851888551,-0.4934916317462921,0.06438711466461133,7386.6,119.79691147938665,101.04323120117188,7.2709706753378285,101.04323120117188,7.2709706753378285,5
5000,endpoint,10000,0.05,none,12,0.7598101735115051,0.039707774629154834,-0.49212695360183717,0.06442162873890586,7380.8,136.59136136666916,112.51686553955078,7.91929640580831,112.51686553955078,7.91929640580831,5
5000,endpoint,10000,0.05,none,13,0.7590753674507141,0.03967761696212313,-0.4907489061355591,0.06443637138852532,7346.8,122.96218931037296,124.05140228271485,8.439459425410341,124.05140228271485,8.439459425410341,5
5000,endpoint,10000,0.05,none,14,0.7583813905715943,0.03958799848937813,-0.48941495418548586,0.06446970401099483,7318.0,106.08722826052154,135.58341522216796,8.93421514530727,135.58341522216796,8.93421514530727,5
5000,endpoint,10000,0.05,none,15,0.7575649142265319,0.03965698893177981,-0.4880794703960419,0.06446612603558467,7285.2,114.88124302948675,147.1013397216797,9.397818412413995,147.1013397216797,9.397818412413995,5
5000,endpoint,10000,0.05,none,16,0.7568607449531555,0.03961764688952687,-0.48678669333457947,0.0644491691396034,7301.0,129.23234889144436,158.59178161621094,9.86014180941662,158.59178161621094,9.86014180941662,5
5000,endpoint,10000,0.05,none,17,0.7561055302619935,0.03968357660250771,-0.4855198562145233,0.06445011071102343,7265.2,133.63083476503468,170.03237915039062,10.337951534861112,170.03237915039062,10.337951534861112,5
5000,endpoint,10000,0.05,none,18,0.7554829835891723,0.03954345321945687,-0.48428264260292053,0.06442481720004677,7249.2,136.0466831642727,181.4156280517578,10.834641842532443,181.4156280517578,10.834641842532443,5
5000,endpoint,10000,0.05,none,19,0.7548298239707947,0.03953473734845868,-0.48305463790893555,0.0643884109424622,7210.0,119.07350670909125,192.70517272949218,11.290524037556196,192.70517272949218,11.290524037556196,5
5000,endpoint,10000,0.05,none,20,0.754043984413147,0.03952564617044063,-0.48185922503471373,0.06435071155202407,7208.2,124.53593858802365,203.90211486816406,11.737529438375985,203.90211486816406,11.737529438375985,5
5000,endpoint,10000,0.05,none,21,0.7532275319099426,0.03947654654486883,-0.4806974768638611,0.06431374362083242,7226.4,144.27508447406987,215.06161804199218,12.242470029252877,215.06161804199218,12.242470029252877,5
5000,endpoint,10000,0.05,none,22,0.752574372291565,0.039435354595876576,-0.4795422196388245,0.06428095774823188,7206.6,123.60744314158431,226.06448059082032,12.702721767964722,226.06448059082032,12.702721767964722,5
5000,endpoint,10000,0.05,none,23,0.7520640969276429,0.03942152087201475,-0.47842819094657896,0.06424271314351265,7206.0,91.60785992479029,237.02322998046876,13.125419838418303,237.02322998046876,13.125419838418303,5
5000,endpoint,10000,0.05,none,24,0.7514619588851928,0.03946623113275158,-0.47733873724937437,0.06421070230021018,7187.6,124.34146532834491,247.87227783203124,13.543825311726192,247.87227783203124,13.543825311726192,5
5000,endpoint,10000,0.05,none,25,0.7506965279579163,0.03942759117315409,-0.4762789666652679,0.06417500547538887,7167.0,134.54553132675943,258.6354461669922,13.96948795673003,258.6354461669922,13.96948795673003,5
5000,endpoint,10000,0.05,none,26,0.750033164024353,0.039506377915589266,-0.47522854804992676,0.06415490571215007,7152.8,140.22731545601235,269.2635864257812,14.392328245380506,269.2635864257812,14.392328245380506,5
5000,endpoint,10000,0.05,none,27,0.7496249556541443,0.039497425743765524,-0.47420247197151183,0.06413106489669101,7148.8,119.47049845045429,279.8927734375,14.816849403900324,279.8927734375,14.816849403900324,5
5000,endpoint,10000,0.05,none,28,0.7492473363876343,0.03939379064530789,-0.4732025921344757,0.06412272182602584,7136.4,89.60078124659405,290.41368408203124,15.167064557591495,290.41368408203124,15.167064557591495,5
5000,endpoint,10000,0.05,none,29,0.7486350059509277,0.0394271813921863,-0.47220746874809266,0.06411012674193907,7117.4,112.2020498921477,300.87598876953126,15.597243051435091,300.87598876953126,15.597243051435091,5
5000,endpoint,10000,0.05,none,30,0.7481349110603333,0.03934386276480127,-0.4712344527244568,0.06408846746618367,7118.6,130.0742095882193,311.27833251953126,15.985422616054148,311.27833251953126,15.985422616054148,5
5000,endpoint,10000,0.05,none,31,0.7475123763084411,0.03954056712054716,-0.47028313875198363,0.06405749692051681,7062.4,139.4930105775913,321.584716796875,16.388490200428027,321.584716796875,16.388490200428027,5
5000,endpoint,10000,0.05,none,32,0.7470531225204468,0.039477886971794676,-0.4693338215351105,0.06403719109364887,7104.8,104.20268710546767,331.91094360351565,16.738566281302145,331.91094360351565,16.738566281302145,5
5000,endpoint,10000,0.05,none,33,0.746512234210968,0.03938742618496042,-0.46840150356292726,0.06401441560562245,7063.2,102.75553513071692,342.10654907226564,17.111387613388167,342.10654907226564,17.111387613388167,5
5000,endpoint,10000,0.05,none,34,0.7460427641868591,0.03927487598722625,-0.4674916505813599,0.06398844902986973,7060.8,96.0192688995287,352.27777099609375,17.450930846361086,352.27777099609375,17.450930846361086,5
5000,endpoint,10000,0.05,none,35,0.7454814553260803,0.039136850540095885,-0.4666013360023499,0.06396211167392321,7057.8,107.24131666480042,362.4007141113281,17.80492145431228,362.4007141113281,17.80492145431228,5
5000,endpoint,10000,0.05,none,36,0.7448282718658448,0.039194840365632144,-0.46571977734565734,0.06394128232031,7029.4,95.28536089032774,372.4262329101563,18.138270447984386,372.4262329101563,18.138270447984386,5
5000,endpoint,10000,0.05,none,37,0.7442771792411804,0.039220173529676716,-0.4648574888706207,0.0639200658141522,7005.6,117.21049441069687,382.3961975097656,18.46531428266062,382.3961975097656,18.46531428266062,5
5000,endpoint,10000,0.05,none,38,0.7436852574348449,0.03909136511870814,-0.4640155673027039,0.06387494236924146,7041.4,97.15606002715425,392.38922729492185,18.80661750235024,392.38922729492185,18.80661750235024,5
5000,endpoint,10000,0.05,none,39,0.7433076500892639,0.03913031572223699,-0.46316711902618407,0.06383879836937979,7011.4,95.95988745303946,402.2713623046875,19.172178504643156,402.2713623046875,19.172178504643156,5
5000,endpoint,10000,0.05,none,40,0.7428790092468261,0.03911046760717746,-0.46232083439826965,0.06379974627030183,7006.6,103.06454288454395,412.1274719238281,19.55032490535675,412.1274719238281,19.55032490535675,5
5000,endpoint,10000,0.05,none,41,0.7425013899803161,0.03908015038728369,-0.4615019679069519,0.06373947464355988,6994.6,99.47763567757328,421.92034301757815,19.935677918098,421.92034301757815,19.935677918098,5
5000,endpoint,10000,0.05,none,42,0.741858446598053,0.038928161636515295,-0.46068578362464907,0.06372046074851641,6973.4,111.83156978241877,431.6579345703125,20.299271157325098,431.6579345703125,20.299271157325098,5
5000,endpoint,10000,0.05,none,43,0.7413992047309875,0.03900350040254471,-0.459871381521225,0.06368439894109408,6984.0,117.55849607748476,441.3011779785156,20.625487482126402,441.3011779785156,20.625487482126402,5
5000,endpoint,10000,0.05,none,44,0.741011381149292,0.03904581248863491,-0.4590881705284119,0.06365578584423215,6934.0,116.87814166900499,450.91307373046874,20.941838693316416,450.91307373046874,20.941838693316416,5
5000,endpoint,10000,0.05,none,45,0.7404500603675842,0.03904840634097949,-0.4583168089389801,0.06363387955628655,6951.2,105.47369340266795,460.4298400878906,21.24776908163618,460.4298400878906,21.24776908163618,5
5000,endpoint,10000,0.05,none,46,0.7400622487068176,0.0391164988914564,-0.4575641334056854,0.06359741118241485,6932.4,120.68057010140447,469.9083679199219,21.589625800397766,469.9083679199219,21.589625800397766,5
5000,endpoint,10000,0.05,none,47,0.7397050738334656,0.03898264596293476,-0.4568126142024994,0.06355627188454024,6931.8,99.1650139918308,479.364501953125,21.916635050545384,479.364501953125,21.916635050545384,5
5000,endpoint,10000,0.05,none,48,0.7392253875732422,0.03888810333849129,-0.4560903310775757,0.06353214972764348,6952.2,126.16140455781238,488.752880859375,22.265310913499512,488.752880859375,22.265310913499512,5
5000,endpoint,10000,0.05,none,49,0.7388171792030335,0.03889917168431929,-0.45535417795181277,0.06350117946424455,6945.6,101.21659942914502,498.116455078125,22.59812270579866,498.116455078125,22.59812270579866,5
5000,endpoint,10000,0.05,none,50,0.7385109901428223,0.03886214169106528,-0.45461267828941343,0.06344672087182372,6940.2,102.82606673407284,508.153466796875,23.040831907275468,508.153466796875,23.040831907275468,5
5000,endpoint,10000,0.05,none,51,0.7381333827972412,0.03888790306346471,-0.45389132499694823,0.06341730707388656,6933.0,95.58504067059866,515.1757141113281,23.310613835449956,515.1757141113281,23.310613835449956,5
5000,endpoint,10000,0.05,none,52,0.73809255361557,0.03890316524428306,-0.453367555141449,0.06337936771404074,6930.2,103.19738368776603,520.9520568847656,23.589391054666418,520.9520568847656,23.589391054666418,5
5000,endpoint,10000,0.05,none,53,0.7378374218940735,0.03898495362799938,-0.4529488027095795,0.06336759215202124,6926.6,100.78343117794711,525.9573791503906,23.820249719742673,525.9573791503906,23.820249719742673,5
5000,endpoint,10000,0.05,none,54,0.7376537203788758,0.03896435163230837,-0.4525793373584747,0.06336189484102973,6922.2,99.83586529899964,530.4438232421875,24.040079241477812,530.4438232421875,24.040079241477812,5
5000,endpoint,10000,0.05,none,55,0.7374598264694214,0.03899070519840971,-0.45225649476051333,0.06334540954716043,6919.8,100.23073380954567,534.5003784179687,24.227054087497567,534.5003784179687,24.227054087497567,5
5000,endpoint,10000,0.05,none,56,0.7373169422149658,0.039039323975711346,-0.4519624948501587,0.0633391285418083,6918.6,102.47585081374051,538.2655395507812,24.392792555868137,538.2655395507812,24.392792555868137,5
5000,endpoint,10000,0.05,none,57,0.7371638536453247,0.03896841152218693,-0.4517011702060699,0.06332666859766664,6915.4,101.60118109549711,541.7968383789063,24.56676900191396,541.7968383789063,24.56676900191396,5
5000,endpoint,10000,0.05,none,58,0.737000560760498,0.03885428869820107,-0.45143314599990847,0.06331280944718189,6913.2,100.90936527399228,545.1111450195312,24.723159627714125,545.1111450195312,24.723159627714125,5
5000,endpoint,10000,0.05,none,59,0.7369189143180848,0.03885729353678341,-0.4511926770210266,0.06329945497454224,6909.8,103.1925384899509,548.2485595703125,24.88225729638063,548.2485595703125,24.88225729638063,5
5000,endpoint,10000,0.05,none,60,0.7368474721908569,0.038886912435588165,-0.45095521211624146,0.06329618603889015,6907.4,106.25347053155487,551.2460815429688,25.020110797587204,551.2460815429688,25.020110797587204,5
5000,endpoint,10000,0.05,none,61,0.7367045998573303,0.0388874520488308,-0.45072839856147767,0.06327815846634678,6905.6,106.06978834710664,554.1071166992188,25.16095086647666,554.1071166992188,25.16095086647666,5
5000,endpoint,10000,0.05,none,62,0.7365923404693604,0.03885973099551233,-0.4505187511444092,0.06326576317731782,6904.8,106.6967665864341,556.859375,25.29594102189596,556.859375,25.29594102189596,5
5000,endpoint,10000,0.05,none,63,0.7365617275238037,0.03889869785180677,-0.450323224067688,0.06327338504688136,6900.6,106.26288157207107,559.5052612304687,25.418624729660205,559.5052612304687,25.418624729660205,5
5000,endpoint,10000,0.05,none,64,0.7364596724510193,0.03886531997319838,-0.45012412667274476,0.06325224764044204,6900.2,106.7342494235098,562.050927734375,25.555404008873612,562.050927734375,25.555404008873612,5
5000,endpoint,10000,0.05,none,65,0.7363167881965638,0.0388659834800374,-0.4499443292617798,0.06325201831665644,6896.8,106.40347738678469,564.5157470703125,25.675852003272816,564.5157470703125,25.675852003272816,5
5000,endpoint,10000,0.05,none,66,0.7361637115478515,0.038879805531214826,-0.4497687995433807,0.06323591774823796,6895.8,106.11173356420109,566.91279296875,25.79774720599401,566.91279296875,25.79774720599401,5
5000,endpoint,10000,0.05,none,67,0.736133074760437,0.03893895704234023,-0.44958279728889466,0.06323539057165439,6894.0,105.130870822989,569.2281982421875,25.91395906736653,569.2281982421875,25.91395906736653,5
5000,endpoint,10000,0.05,none,68,0.7359493851661683,0.03891063694587947,-0.44941229820251466,0.06322790028682385,6891.2,105.70099337281556,571.4850219726562,26.02304225241124,571.4850219726562,26.02304225241124,5
5000,endpoint,10000,0.05,none,69,0.7358575105667114,0.03891479257292739,-0.44924328923225404,0.06322579346183194,6889.0,105.1094667477673,573.685693359375,26.134378788236607,573.685693359375,26.134378788236607,5
5000,endpoint,10000,0.05,none,70,0.7357962846755981,0.03890395267858189,-0.44910248517990115,0.06322527892692914,6888.6,105.73220890532838,575.8322509765625,26.240517396135267,575.8322509765625,26.240517396135267,5
5000,endpoint,10000,0.05,none,71,0.7357146501541137,0.038981051011288535,-0.44891279339790346,0.06320771887572374,6885.8,106.87703214442287,577.922705078125,26.34011668664653,577.922705078125,26.34011668664653,5
5000,endpoint,10000,0.05,none,72,0.7355615735054016,0.03904772545083172,-0.4487777590751648,0.06320826504953239,6884.4,107.37224967374019,579.9730834960938,26.439969736714684,579.9730834960938,26.439969736714684,5
5000,endpoint,10000,0.05,none,73,0.7355309367179871,0.038987585464743825,-0.4486278772354126,0.06320775393114507,6882.2,106.06460295499154,581.973388671875,26.542306228885728,581.973388671875,26.542306228885728,5
5000,endpoint,10000,0.05,none,74,0.7354493021965027,0.03897785456605823,-0.448471862077713,0.06320016256535121,6880.0,106.92053123698928,583.9287841796875,26.636452188107658,583.9287841796875,26.636452188107658,5
5000,endpoint,10000,0.05,none,75,0.7353472352027893,0.03888666615321093,-0.44834538698196413,0.06318682912504371,6877.8,108.7276413797338,585.8484252929687,26.73147500792908,585.8484252929687,26.73147500792908,5
5000,endpoint,10000,0.05,none,76,0.7352554082870484,0.03889217300647982,-0.4482012391090393,0.0631854607601528,6874.8,108.88388310489299,587.7300415039062,26.823503245364066,587.7300415039062,26.823503245364066,5
5000,endpoint,10000,0.05,none,77,0.7351635456085205,0.038850202068474934,-0.4480692148208618,0.06318286176993354,6872.2,108.50437779186608,589.5796752929688,26.9114336494217,589.5796752929688,26.9114336494217,5
5000,endpoint,10000,0.05,none,78,0.7350717067718506,0.03884173046391767,-0.44792779684066775,0.06318098864619262,6870.4,108.56472723679639,591.3894287109375,27.001289491055253,591.3894287109375,27.001289491055253,5
5000,endpoint,10000,0.05,none,79,0.735041081905365,0.0387998153216614,-0.4478005826473236,0.06318524673844228,6868.2,108.8930668132733,593.17265625,27.083821905443404,593.17265625,27.083821905443404,5
5000,endpoint,10000,0.05,none,80,0.734928822517395,0.038795550377544744,-0.4476783037185669,0.06318366277203209,6867.0,109.10545357588684,594.9274047851562,27.170329804107563,594.9274047851562,27.170329804107563,5
5000,endpoint,10000,0.05,none,81,0.7348879933357239,0.03882766187600448,-0.4475536346435547,0.06317278498702014,6863.8,107.78543500863185,596.6483154296875,27.250639422411986,596.6483154296875,27.250639422411986,5
5000,endpoint,10000,0.05,none,82,0.734775722026825,0.03880407853899657,-0.4474159300327301,0.06316468985298143,6862.0,107.41042779916668,598.3406494140625,27.3338870338582,598.3406494140625,27.3338870338582,5
5000,endpoint,10000,0.05,none,83,0.7347553253173829,0.03872897591016182,-0.44731616973876953,0.06316760451039885,6860.4,107.55138306874534,600.0071899414063,27.412609364978355,600.0071899414063,27.412609364978355,5
5000,endpoint,10000,0.05,none,84,0.734683883190155,0.038761198219898936,-0.44718865156173704,0.06315740460756503,6858.6,107.32800193798448,601.6469360351563,27.492076341418397,601.6469360351563,27.492076341418397,5
5000,endpoint,10000,0.05,none,85,0.7346328616142273,0.03873438862582781,-0.44706496596336365,0.06316151169826162,6857.6,107.74414137204863,603.2663818359375,27.568268204145383,603.2663818359375,27.568268204145383,5
5000,endpoint,10000,0.05,none,86,0.734551215171814,0.038763316980350224,-0.44695116877555846,0.06314946397286246,6857.0,108.1457350060556,604.862646484375,27.64623401032611,604.862646484375,27.64623401032611,5
5000,endpoint,10000,0.05,none,87,0.7345001816749572,0.03872694434650482,-0.44686033129692077,0.06315370561362062,6854.6,108.34574287898901,606.4314697265625,27.71881436344655,606.4314697265625,27.71881436344655,5
5000,endpoint,10000,0.05,none,88,0.7344491481781006,0.038809442453505066,-0.4467298090457916,0.0631435584732625,6853.6,109.74652614092166,607.9829956054688,27.790903513370793,607.9829956054688,27.790903513370793,5
5000,endpoint,10000,0.05,none,89,0.7343675136566162,0.03875277446917061,-0.44662716388702395,0.0631367245094103,6852.0,110.46945279125809,609.5130737304687,27.864248341078223,609.5130737304687,27.864248341078223,5
5000,endpoint,10000,0.05,none,90,0.7343573093414306,0.03876445923578251,-0.4465135335922241,0.06313564000512609,6851.0,109.42805855903686,611.0212036132813,27.93134621285031,611.0212036132813,27.93134621285031,5
5000,endpoint,10000,0.05,none,91,0.7342756509780883,0.038757083884082034,-0.4464050233364105,0.06313877654943284,6850.0,111.16654172906523,612.5120971679687,27.999213279993786,612.5120971679687,27.999213279993786,5
5000,endpoint,10000,0.05,none,92,0.7341531872749328,0.03874152375181821,-0.446310818195343,0.06314048581527015,6849.0,109.52396997917853,613.9854370117188,28.07281729341838,613.9854370117188,28.07281729341838,5
5000,endpoint,10000,0.05,none,93,0.7341633915901185,0.038731478990682765,-0.4462024629116058,0.06312393722029236,6847.2,110.7573925297991,615.4363403320312,28.1382353443567,615.4363403320312,28.1382353443567,5
5000,endpoint,10000,0.05,none,94,0.7340919494628906,0.03878290494227695,-0.4460948884487152,0.06312290461936856,6846.6,111.71750086714256,616.87177734375,28.194629663642726,616.87177734375,28.194629663642726,5
5000,endpoint,10000,0.05,none,95,0.7340103030204773,0.0387303455405057,-0.4460066258907318,0.06312351890056221,6843.8,111.74837806429228,618.2888793945312,28.266720165729375,618.2888793945312,28.266720165729375,5
5000,endpoint,10000,0.05,none,96,0.733949077129364,0.03870251899530756,-0.44590453505516053,0.06311846923601488,6842.2,110.57440933597611,619.6897827148438,28.324286725077503,619.6897827148438,28.324286725077503,5
5000,endpoint,10000,0.05,none,97,0.7338674426078796,0.03872849689019281,-0.4458195626735687,0.0631132744662037,6839.8,109.86218639732235,621.0803466796875,28.387968389149147,621.0803466796875,28.387968389149147,5
5000,endpoint,10000,0.05,none,98,0.7338368177413941,0.038729143949433546,-0.4457066833972931,0.0631066192717981,6840.0,109.79070998950685,622.4485595703125,28.450491826883567,622.4485595703125,28.450491826883567,5
5000,endpoint,10000,0.05,none,99,0.7338062047958374,0.03870867884353269,-0.4456048011779785,0.0631041323554655,6838.2,109.51803504446197,623.8017456054688,28.513660546674267,623.8017456054688,28.513660546674267,5
5000,endpoint,10000,0.05,none,100,0.7337347626686096,0.03868955978387922,-0.4455270767211914,0.06311656577113915,6837.2,108.93667885519551,625.1473266601563,28.573622944311637,625.1473266601563,28.573622944311637,5
5000,endpoint,10000,0.05,none,101,0.7337347626686096,0.03865411372757283,-0.4454156219959259,0.06310040044731392,6835.4,109.2121788080432,626.4799926757812,28.631689918019777,626.4799926757812,28.631689918019777,5
5000,endpoint,10000,0.05,none,102,0.7336428999900818,0.03872716956611211,-0.44533527493476865,0.06310769817368926,6833.6,109.58695177802876,627.7958862304688,28.689265740317815,627.7958862304688,28.689265740317815,5
5000,endpoint,10000,0.05,none,103,0.7335306525230407,0.03867995699883972,-0.44522663950920105,0.06309693244247469,6832.4,109.22591267643406,629.0997314453125,28.751074788260166,629.0997314453125,28.751074788260166,5
5000,endpoint,10000,0.05,none,104,0.733571457862854,0.03869415971345002,-0.4451500833034515,0.06308700017994684,6831.2,111.43473426180906,630.3894897460938,28.81068238877597,630.3894897460938,28.81068238877597,5
5000,endpoint,10000,0.05,none,105,0.7334490060806275,0.03865557264870009,-0.44505742788314817,0.06308786831458202,6829.6,110.45044137530641,631.667919921875,28.86929334637916,631.667919921875,28.86929334637916,5
5000,endpoint,10000,0.05,none,106,0.7334490060806275,0.038594424481528014,-0.44496071338653564,0.06309326559001112,6829.0,110.38342266844238,632.9352294921875,28.925067789376506,632.9352294921875,28.925067789376506,5
5000,endpoint,10000,0.05,none,107,0.7333979725837707,0.038663101647650584,-0.4448974907398224,0.06308117750783379,6829.6,110.57033960334932,634.1861694335937,28.983694933177393,634.1861694335937,28.983694933177393,5
5000,endpoint,10000,0.05,none,108,0.7333163142204284,0.03865234868180762,-0.44478958249092104,0.06308489199560757,6828.4,109.66904759320198,635.4261474609375,29.040735618129872,635.4261474609375,29.040735618129872,5
5000,endpoint,10000,0.05,none,109,0.7332550883293152,0.03863918133275865,-0.44471144676208496,0.06308176778728504,6827.6,110.38931107675235,636.6570190429687,29.092914812742585,636.6570190429687,29.092914812742585,5
5000,endpoint,10000,0.05,none,110,0.7332448720932007,0.0386744977840355,-0.4446180760860443,0.06307144261594425,6826.4,110.33947616333874,637.8780029296875,29.150857776093556,637.8780029296875,29.150857776093556,5
5000,endpoint,10000,0.05,none,111,0.7331734418869018,0.038692777392439544,-0.4445513188838959,0.06307401908819979,6825.4,109.75563766841319,639.0863647460938,29.201927619840127,639.0863647460938,29.201927619840127,5
5000,endpoint,10000,0.05,none,112,0.7330713868141174,0.038645542583859924,-0.44446399211883547,0.0630724060529021,6824.0,109.87265355856297,640.2813110351562,29.258972150971356,640.2813110351562,29.258972150971356,5
5000,endpoint,10000,0.05,none,113,0.7330713868141174,0.03861429279331036,-0.444369250535965,0.06305627411061339,6822.0,109.65172137271718,641.47021484375,29.315555882430893,641.47021484375,29.315555882430893,5
5000,endpoint,10000,0.05,none,114,0.7330305695533752,0.038596394252558126,-0.44429793357849123,0.0630651503304241,6820.8,110.20299451466825,642.64794921875,29.368080188637922,642.64794921875,29.368080188637922,5
5000,endpoint,10000,0.05,none,115,0.7329897403717041,0.038561790468679934,-0.44422001838684083,0.06306155283110376,6820.4,108.45183262628622,643.8158569335938,29.421972197510367,643.8158569335938,29.421972197510367,5
5000,endpoint,10000,0.05,none,116,0.7329183101654053,0.03853714596914859,-0.44412376284599303,0.06306140408293144,6818.2,107.59739773804941,644.9749877929687,29.47531812124239,644.9749877929687,29.47531812124239,5
5000,endpoint,10000,0.05,none,117,0.7328876972198486,0.038593262707453654,-0.44405363202095033,0.06304850812842461,6817.2,107.91524452087388,646.1289672851562,29.525034652922745,646.1289672851562,29.525034652922745,5
5000,endpoint,10000,0.05,none,118,0.7328672766685486,0.03858653577122014,-0.4439805746078491,0.06304611031798131,6817.6,107.86241235944985,647.2668701171875,29.57867357800877,647.2668701171875,29.57867357800877,5
5000,endpoint,10000,0.05,none,119,0.7328468561172485,0.03863064538745257,-0.44390066862106325,0.06305929234076027,6815.8,107.46487798346025,648.3971069335937,29.632439946577804,648.3971069335937,29.632439946577804,5
5000,endpoint,10000,0.05,none,120,0.7328366756439209,0.03859764744360329,-0.4438034653663635,0.06304858505006151,6813.8,108.0680341266556,649.5237670898438,29.680912408620323,649.5237670898438,29.680912408620323,5
5000,endpoint,10000,0.05,none,121,0.732836651802063,0.03867691380203309,-0.4437484979629517,0.06304802670462191,6813.6,106.800280898507,650.635400390625,29.730768774557664,650.635400390625,29.730768774557664,5
5000,endpoint,10000,0.05,none,122,0.7327448129653931,0.03855258969721328,-0.44366509318351743,0.06305417773568024,6812.4,107.13682840181522,651.7379272460937,29.779630346351954,651.7379272460937,29.779630346351954,5
5000,endpoint,10000,0.05,none,123,0.7327345848083496,0.03858379825471348,-0.44357776641845703,0.06304453693437527,6810.8,106.39407878260894,652.8368408203125,29.828788811927875,652.8368408203125,29.828788811927875,5
5000,endpoint,10000,0.05,none,124,0.7326733589172363,0.03869532590922144,-0.4435028970241547,0.0630390147199423,6810.6,106.58939909765887,653.923974609375,29.881255087210494,653.923974609375,29.881255087210494,5
5000,endpoint,10000,0.05,none,125,0.7325406908988953,0.03859567007540973,-0.443426251411438,0.06304430242535343,6808.6,106.49319227067991,655.0042846679687,29.92431454846094,655.0042846679687,29.92431454846094,5
5000,endpoint,10000,0.05,none,126,0.7324998855590821,0.03857615228113837,-0.44337599277496337,0.06304361895415192,6808.2,106.28593509961702,656.0828735351563,29.975670749316276,656.0828735351563,29.975670749316276,5
5000,endpoint,10000,0.05,none,127,0.7324998855590821,0.03857912177506506,-0.44327335953712466,0.0630386294642588,6806.8,106.24123493258162,657.14775390625,30.021714694262826,657.14775390625,30.021714694262826,5
5000,endpoint,10000,0.05,none,128,0.7324386477470398,0.038576444414248776,-0.4432243824005127,0.06304658520329388,6806.0,107.92126759818937,658.2064331054687,30.067877187186063,658.2064331054687,30.067877187186063,5
5000,endpoint,10000,0.05,none,129,0.732367193698883,0.03855234872223226,-0.44312813878059387,0.063036610737525,6805.0,107.66382865196648,659.2628051757813,30.11532048285396,659.2628051757813,30.11532048285396,5
5000,endpoint,10000,0.05,none,130,0.7323569893836975,0.03859403767031333,-0.44307528138160707,0.06303163651677063,6804.0,106.36963852528596,660.3079345703125,30.16174295626853,660.3079345703125,30.16174295626853,5
5000,endpoint,10000,0.05,none,131,0.7322855591773987,0.0385576711672644,-0.4429849565029144,0.06303317459687147,6802.6,106.37339893037168,661.3451904296875,30.207557192632276,661.3451904296875,30.207557192632276,5
5000,endpoint,10000,0.05,none,132,0.732254934310913,0.03855765729712202,-0.44292948246002195,0.06302747855254537,6802.4,107.32800193798448,662.3774291992188,30.25518233882782,662.3774291992188,30.25518233882782,5
5000,endpoint,10000,0.05,none,133,0.7322141170501709,0.03855116437880106,-0.4428545594215393,0.06303838502031492,6799.8,107.20401111898752,663.3987915039063,30.299627431436537,663.3987915039063,30.299627431436537,5
5000,endpoint,10000,0.05,none,134,0.7321937084197998,0.038498992322240765,-0.44279887080192565,0.06303117304703762,6799.0,106.59033727313185,664.4193603515625,30.34314711124168,664.4193603515625,30.34314711124168,5
5000,endpoint,10000,0.05,none,135,0.7321324706077575,0.03854842379502454,-0.44271581768989565,0.06302198806675909,6798.4,107.48627819400949,665.4300415039063,30.390143605644884,665.4300415039063,30.390143605644884,5
5000,endpoint,10000,0.05,none,136,0.7320916414260864,0.03855088313465478,-0.4426474332809448,0.06301902363135649,6797.4,108.19103474872583,666.4358032226562,30.43337022658648,666.4358032226562,30.43337022658648,5
5000,endpoint,10000,0.05,none,137,0.7320508241653443,0.038495136428416024,-0.44257837533950806,0.0630116350642048,6797.8,108.31297244559397,667.4341918945313,30.47952121386613,667.4341918945313,30.47952121386613,5
5000,endpoint,10000,0.05,none,138,0.7320916414260864,0.038454749448423975,-0.4424969553947449,0.06301065141707997,6797.0,109.01146728670338,668.4276245117187,30.52499709952972,668.4276245117187,30.52499709952972,5
5000,endpoint,10000,0.05,none,139,0.7320099949836731,0.03848763709319354,-0.44245837926864623,0.06300326112765034,6795.6,108.72120308385112,669.4118530273438,30.566387334043846,669.4118530273438,30.566387334043846,5
5000,endpoint,10000,0.05,none,140,0.7320304036140441,0.038463212482446336,-0.44236973524093626,0.06300596482855159,6794.4,107.86704779495915,670.3932739257813,30.610740683354027,670.3932739257813,30.610740683354027,5
5000,endpoint,10000,0.05,none,141,0.7319691777229309,0.03841181902168727,-0.44232586622238157,0.06300615908792065,6794.0,107.35455276791944,671.3679443359375,30.65379995973244,671.3679443359375,30.65379995973244,5
5000,endpoint,10000,0.05,none,142,0.7319385647773743,0.03842943430425472,-0.4422352254390717,0.06299351709826771,6793.2,108.47903023165352,672.3389892578125,30.697705251755924,672.3389892578125,30.697705251755924,5
5000,endpoint,10000,0.05,none,143,0.7318671226501465,0.03840859560270781,-0.4421856701374054,0.06300129665473163,6791.2,107.54859366816471,673.3005737304687,30.741832223533386,673.3005737304687,30.741832223533386,5
5000,endpoint,10000,0.05,none,144,0.7319385647773743,0.038376084246061766,-0.4421041011810303,0.06299146939640464,6790.8,107.53464557992461,674.2570922851562,30.78465943202424,674.2570922851562,30.78465943202424,5
5000,endpoint,10000,0.05,none,145,0.7318364977836609,0.03842082161463968,-0.44205750823020934,0.06300801968585555,6789.6,106.37339893037168,675.2109619140625,30.827512936411942,675.2109619140625,30.827512936411942,5
5000,endpoint,10000,0.05,none,146,0.7318875432014466,0.03836871745775547,-0.44197404384613037,0.0629896298483476,6788.4,106.90088867731643,676.1588012695313,30.87015518406855,676.1588012695313,30.87015518406855,5
5000,endpoint,10000,0.05,none,147,0.7318262934684754,0.038432766504619055,-0.44191997647285464,0.06298973154274846,6787.0,106.96494752955287,677.1016723632813,30.91280459197482,677.1016723632813,30.91280459197482,5
5000,endpoint,10000,0.05,none,148,0.7318365097045898,0.038437288600621254,-0.44183809161186216,0.06297953012624666,6785.4,106.62457502846142,678.0372192382813,30.956417466387595,678.0372192382813,30.956417466387595,5
5000,endpoint,10000,0.05,none,149,0.7318263173103332,0.038441071770651834,-0.4418042480945587,0.06298427261275409,6785.8,106.88638828213816,678.9704956054687,30.993616668530397,678.9704956054687,30.993616668530397,5
5000,endpoint,10000,0.1,accuracy_drop_selector_with_resampling,-1,0.7587258368730545,0.03785871516957782,-0.48781992495059967,0.06169808441039275,0.0,0.0,0.0,0.0,0.0,0.0,4
5000,endpoint,10000,0.1,accuracy_drop_selector_with_resampling,0,0.758547231554985,0.03784335661772193,-0.4878265932202339,0.06169271263621091,4756.75,304.98784128770336,5.775352358818054,1.6823146864702994,5.775352358818054,1.6823146864702994,4
5000,endpoint,10000,0.1,accuracy_drop_selector_with_resampling,1,0.7581262439489365,0.03804034814561717,-0.487640842795372,0.061753085883095506,7109.5,496.00840046649745,14.876986026763916,2.213374050895618,14.876986026763916,2.213374050895618,4
5000,endpoint,10000,0.1,accuracy_drop_selector_with_resampling,2,0.7570929080247879,0.03820242026605233,-0.4870632514357567,0.06197470472801495,6922.25,332.0756690876343,27.196247100830078,2.7684078247370687,27.196247100830078,2.7684078247370687,4
5000,endpoint,10000,0.1,accuracy_drop_selector_with_resampling,3,0.7558299899101257,0.03821132909196669,-0.4857097193598747,0.0620614689788378,6806.75,240.742428056765,43.031660079956055,3.3069100728147074,43.031660079956055,3.3069100728147074,4
5000,endpoint,10000,0.1,accuracy_drop_selector_with_resampling,4,0.7537760883569717,0.0385137786624095,-0.48355643451213837,0.06198131225471716,6786.5,255.53408122335983,61.516876220703125,3.8014534062718677,61.516876220703125,3.8014534062718677,4
5000,endpoint,10000,0.1,accuracy_drop_selector_with_resampling,5,0.7520411312580109,0.038208700844400936,-0.48100265860557556,0.06181801649095344,6765.0,216.30379870296622,81.9788990020752,4.250780268459199,81.9788990020752,4.250780268459199,4
5000,endpoint,10000,0.1,accuracy_drop_selector_with_resampling,6,0.7502041012048721,0.03793886356869345,-0.47825730592012405,0.06167117686628061,6728.5,242.22372578534362,104.00200653076172,4.891541545752101,104.00200653076172,4.891541545752101,4
5000,endpoint,10000,0.1,accuracy_drop_selector_with_resampling,7,0.7484691441059113,0.03800917209932425,-0.47530973702669144,0.06145024291462213,6650.25,262.1581901575205,126.49899101257324,5.750311287421263,126.49899101257324,5.750311287421263,4
5000,endpoint,10000,0.1,accuracy_drop_selector_with_resampling,8,0.746874526143074,0.03786323508225534,-0.4724087491631508,0.06124078811525756,6612.0,272.3172169853876,149.28853225708008,6.835233381331724,149.28853225708008,6.835233381331724,4
5000,endpoint,10000,0.1,accuracy_drop_selector_with_resampling,9,0.7452671378850937,0.037551052960535576,-0.46961433440446854,0.06105457746758838,6580.75,239.9685743314459,172.0780487060547,7.994023430497106,172.0780487060547,7.994023430497106,4
5000,endpoint,10000,0.1,accuracy_drop_selector_with_resampling,10,0.7437362819910049,0.03741602917422519,-0.46694840490818024,0.060880136681599605,6542.25,262.45174159579636,194.8404083251953,9.303512236687007,194.8404083251953,9.303512236687007,4
5000,endpoint,10000,0.1,accuracy_drop_selector_with_resampling,11,0.742281973361969,0.03747605178053222,-0.4643607661128044,0.06068904658323243,6516.5,268.54980916023754,217.43960571289062,10.974045442844467,217.43960571289062,10.974045442844467,4
5000,endpoint,10000,0.1,accuracy_drop_selector_with_resampling,12,0.7407894134521484,0.037376578766321465,-0.46181295067071915,0.060502515809724336,6448.5,268.1249708624693,239.93695831298828,12.852286598093041,239.93695831298828,12.852286598093041,4
5000,endpoint,10000,0.1,accuracy_drop_selector_with_resampling,13,0.7394116520881653,0.037303279557183634,-0.4593586251139641,0.06031143330390297,6470.25,236.3872176465273,262.25141525268555,14.668314178756408,262.25141525268555,14.668314178756408,4
5000,endpoint,10000,0.1,accuracy_drop_selector_with_resampling,14,0.738059401512146,0.03726853052480274,-0.4569939970970154,0.06015737563843057,6432.25,201.4536754028909,284.18782806396484,16.52084972102677,284.18782806396484,16.52084972102677,4
5000,endpoint,10000,0.1,accuracy_drop_selector_with_resampling,15,0.7368602156639099,0.03731561265853656,-0.4547579810023308,0.06002617998949616,6419.0,227.42031571519726,305.84559631347656,18.32468405444153,305.84559631347656,18.32468405444153,4
5000,endpoint,10000,0.1,accuracy_drop_selector_with_resampling,16,0.7355079799890518,0.03704362937706323,-0.4526258558034897,0.05990901672409739,6386.5,226.35149657115147,327.1678237915039,20.123973827112632,327.1678237915039,20.123973827112632,4
5000,endpoint,10000,0.1,accuracy_drop_selector_with_resampling,17,0.7341174632310867,0.03680852321047051,-0.45057203620672226,0.059807263553928944,6386.0,258.64647687529015,348.3110580444336,22.03452158186435,348.3110580444336,22.03452158186435,4
5000,endpoint,10000,0.1,accuracy_drop_selector_with_resampling,18,0.7329948395490646,0.0366208232771569,-0.4485652595758438,0.05966675165396985,6339.0,184.09417879625272,369.10862731933594,24.14685728685045,369.10862731933594,24.14685728685045,4
5000,endpoint,10000,0.1,accuracy_drop_selector_with_resampling,19,0.7317318916320801,0.03678311390317217,-0.4466370716691017,0.05955903672006584,6327.75,226.83823163949532,389.70367431640625,26.05801871779692,389.70367431640625,26.05801871779692,4
5000,endpoint,10000,0.1,accuracy_drop_selector_with_resampling,20,0.7308516651391983,0.03666559405165045,-0.444804422557354,0.05946087650036021,6298.25,245.48099043849948,409.98766326904297,27.936776835002764,409.98766326904297,27.936776835002764,4
5000,endpoint,10000,0.1,accuracy_drop_selector_with_resampling,21,0.7298821210861206,0.036523506796010616,-0.4430120065808296,0.0593976861727844,6265.0,204.9438947614688,429.8813247680664,29.808523606525544,429.8813247680664,29.808523606525544,4
5000,endpoint,10000,0.1,accuracy_drop_selector_with_resampling,22,0.7288105338811874,0.03676456003993381,-0.44129808992147446,0.059345506107211815,6274.5,227.74913098992644,449.5119171142578,31.692291904689505,449.5119171142578,31.692291904689505,4
5000,endpoint,10000,0.1,accuracy_drop_selector_with_resampling,23,0.7279047816991806,0.0368530421181655,-0.43964988738298416,0.05931847956442166,6260.5,211.11845016483045,468.9701614379883,33.5195562209761,468.9701614379883,33.5195562209761,4
5000,endpoint,10000,0.1,accuracy_drop_selector_with_resampling,24,0.726986289024353,0.036913786616549656,-0.43806523084640503,0.059302920283353676,6229.0,199.56786648489614,488.05895233154297,35.320280477946,488.05895233154297,35.320280477946,4
5000,endpoint,10000,0.1,accuracy_drop_selector_with_resampling,25,0.7261953353881836,0.036840197176654814,-0.43653880059719086,0.05930656980564635,6234.5,214.19072497815276,506.93663024902344,37.02378578898695,506.93663024902344,37.02378578898695,4
5000,endpoint,10000,0.1,accuracy_drop_selector_with_resampling,26,0.7251620143651962,0.0369466466905404,-0.43503565341234207,0.05932733392353437,6210.75,227.15981892344723,525.5646286010742,38.7064777829354,525.5646286010742,38.7064777829354,4
5000,endpoint,10000,0.1,accuracy_drop_selector_with_resampling,27,0.724371075630188,0.03691219672749383,-0.4336039647459984,0.05935099285657432,6193.25,256.92719461616616,543.8393707275391,40.26632736234492,543.8393707275391,40.26632736234492,4
5000,endpoint,10000,0.1,accuracy_drop_selector_with_resampling,28,0.7236949503421783,0.03693971158581996,-0.43219129741191864,0.059386056040247256,6204.0,225.983775228813,562.0134506225586,41.87633334811944,562.0134506225586,41.87633334811944,4
5000,endpoint,10000,0.1,accuracy_drop_selector_with_resampling,29,0.722929522395134,0.03699912274419423,-0.430839367210865,0.05940585741717355,6179.0,242.0647296351398,579.9347839355469,43.55296811644506,579.9347839355469,43.55296811644506,4
5000,endpoint,10000,0.1,accuracy_drop_selector_with_resampling,30,0.7221641093492508,0.037049233939340356,-0.4295080006122589,0.05944349997703044,6208.0,255.19535000988296,597.6923217773438,45.13545780957131,597.6923217773438,45.13545780957131,4
5000,endpoint,10000,0.1,accuracy_drop_selector_with_resampling,31,0.7216283231973648,0.03710536250731735,-0.42818937450647354,0.059482364651776205,6175.75,251.43239648064448,615.2110137939453,46.71349746166962,615.2110137939453,46.71349746166962,4
5000,endpoint,10000,0.1,accuracy_drop_selector_with_resampling,32,0.7208883911371231,0.036974556709206914,-0.42694712430238724,0.059527878047265975,6148.75,212.0068788192182,632.5929565429688,48.41573361532113,632.5929565429688,48.41573361532113,4
5000,endpoint,10000,0.1,accuracy_drop_selector_with_resampling,33,0.720110222697258,0.03700655927488459,-0.42570335417985916,0.05953603288658207,6148.75,194.28565738794686,649.720458984375,50.07668365409326,649.720458984375,50.07668365409326,4
5000,endpoint,10000,0.1,accuracy_drop_selector_with_resampling,34,0.7194340974092484,0.03680224469872727,-0.4244859889149666,0.05956426508970341,6141.0,256.85663965203105,666.6767120361328,51.63900593951147,666.6767120361328,51.63900593951147,4
5000,endpoint,10000,0.1,accuracy_drop_selector_with_resampling,35,0.7188217490911484,0.03692557743434094,-0.4233255088329315,0.059621019641315734,6127.0,202.1319700921488,683.4639129638672,53.36399876867654,683.4639129638672,53.36399876867654,4
5000,endpoint,10000,0.1,accuracy_drop_selector_with_resampling,36,0.7182094007730484,0.036935220218642824,-0.4221832826733589,0.05971251675997115,6104.5,261.8351898936938,700.0951843261719,54.93272685036927,700.0951843261719,54.93272685036927,4
5000,endpoint,10000,0.1,accuracy_drop_selector_with_resampling,37,0.717571571469307,0.03681665477843975,-0.4210504814982414,0.05974224860019862,6089.5,253.72754416236853,716.5710144042969,56.46592856852489,716.5710144042969,56.46592856852489,4
5000,endpoint,10000,0.1,accuracy_drop_selector_with_resampling,38,0.7170612812042236,0.03685010569031458,-0.41993600130081177,0.0598176910759218,6101.0,262.7711298195954,732.9521026611328,58.04940291249594,732.9521026611328,58.04940291249594,4
5000,endpoint,10000,0.1,accuracy_drop_selector_with_resampling,39,0.7164361923933029,0.03677156479331129,-0.4188310280442238,0.059827675500913384,6081.25,246.43778795739368,749.2217864990234,59.60311475048226,749.2217864990234,59.60311475048226,4
5000,endpoint,10000,0.1,accuracy_drop_selector_with_resampling,40,0.7157728224992752,0.036912308556116186,-0.4177559167146683,0.05985685400763486,6076.75,248.03813550876944,765.3448638916016,61.14203967325356,765.3448638916016,61.14203967325356,4
5000,endpoint,10000,0.1,accuracy_drop_selector_with_resampling,41,0.715288057923317,0.036768894748465224,-0.4166732579469681,0.05986931040056024,6102.25,252.43530524340952,781.3878631591797,62.70553297003285,781.3878631591797,62.70553297003285,4
5000,endpoint,10000,0.1,accuracy_drop_selector_with_resampling,42,0.7147650122642517,0.036656166699878555,-0.4156249240040779,0.05987135368284177,6089.75,231.02434936603544,797.2115783691406,64.23599274401707,797.2115783691406,64.23599274401707,4
5000,endpoint,10000,0.1,accuracy_drop_selector_with_resampling,43,0.7141909450292587,0.03657787441858843,-0.4146024212241173,0.059885113473649686,6070.5,268.71360218641706,812.9054718017578,65.6104347922765,812.9054718017578,65.6104347922765,4
5000,endpoint,10000,0.1,accuracy_drop_selector_with_resampling,44,0.7136934250593185,0.036636273858233016,-0.41361118108034134,0.05991362094503082,6053.25,231.7360207937759,828.4458923339844,67.16918751021409,828.4442443847656,67.16829382510036,4
5000,endpoint,10000,0.1,accuracy_drop_selector_with_resampling,45,0.713042825460434,0.036546216458093826,-0.41263164579868317,0.05995741743751513,6076.25,241.7938171252524,843.8921966552734,68.5979265471648,843.8892517089844,68.59635209516179,4
5000,endpoint,10000,0.1,accuracy_drop_selector_with_resampling,46,0.7125070095062256,0.036320365851269326,-0.4116801247000694,0.05997398019812656,6049.25,229.25586142997523,859.1922149658203,70.01443839352383,859.1876373291016,70.01203971632668,4
5000,endpoint,10000,0.1,accuracy_drop_selector_with_resampling,47,0.7119074314832687,0.03638675828925506,-0.4107281416654587,0.06002711093703496,6052.25,243.52600819351238,874.3891754150391,71.42087101685121,874.3832550048828,71.4178233564199,4
5000,endpoint,10000,0.1,accuracy_drop_selector_with_resampling,48,0.7114736884832382,0.03639887235614207,-0.40979623794555664,0.060089019531770156,6008.25,233.43717927242582,889.4620361328125,72.80398617931064,889.4561309814453,72.80100422071921,4
5000,endpoint,10000,0.1,accuracy_drop_selector_with_resampling,49,0.711014449596405,0.03663962857203658,-0.4089163467288017,0.06016248864975136,6027.25,234.3009105118174,904.4605865478516,74.18623609003792,904.4546813964844,74.18330613268967,4
5000,endpoint,10000,0.1,accuracy_drop_selector_with_resampling,50,0.7105041593313217,0.0365772282071905,-0.4079859107732773,0.06022039663716145,6013.75,231.05176187743444,919.8790893554688,75.36952854803904,919.8720397949219,75.36650473815541,4
5000,endpoint,10000,0.1,accuracy_drop_selector_with_resampling,51,0.7101597189903259,0.03641129826695041,-0.40708746761083603,0.06026216010982192,6008.0,228.34914787082815,930.740966796875,76.23464110946261,930.7350769042969,76.2324030516398,4
5000,endpoint,10000,0.1,accuracy_drop_selector_with_resampling,52,0.7098918110132217,0.03645003277564671,-0.4064438045024872,0.060284174311784254,6005.0,235.5164537776501,939.6122131347656,76.8644610690907,939.6066589355469,76.86231618967871,4
5000,endpoint,10000,0.1,accuracy_drop_selector_with_resampling,53,0.7096366733312607,0.036456464070487485,-0.4059169963002205,0.06029846109299528,6007.5,235.1247895621954,947.2871856689453,77.3915359145045,947.2804870605469,77.38921548401838,4
5000,endpoint,10000,0.1,accuracy_drop_selector_with_resampling,54,0.7093305140733719,0.036478453402559605,-0.40545375645160675,0.06032106775666037,6001.25,240.61223992141382,954.1598205566406,77.85474443813287,954.15380859375,77.85267917926707,4
5000,endpoint,10000,0.1,accuracy_drop_selector_with_resampling,55,0.7092029452323914,0.03645052123428247,-0.40504948049783707,0.06031729717947503,6000.0,235.00921967729974,960.4266052246094,78.27860710389295,960.4207763671875,78.27667643637648,4
5000,endpoint,10000,0.1,accuracy_drop_selector_with_resampling,56,0.708998829126358,0.036442163255991866,-0.40467727184295654,0.06031481589096438,5996.25,236.9477790569053,966.1972045898438,78.64701201415639,966.1910400390625,78.645118581206,4
5000,endpoint,10000,0.1,accuracy_drop_selector_with_resampling,57,0.7088457345962524,0.036469682368158424,-0.4043302908539772,0.06031396609086596,5995.25,237.58700160853357,971.6102905273438,78.9904511248335,971.6045837402344,78.98870199924887,4
5000,endpoint,10000,0.1,accuracy_drop_selector_with_resampling,58,0.7086798995733261,0.03642182617681649,-0.40401098877191544,0.060305702149726664,5992.5,241.45876114428594,976.7048645019531,79.28174460700139,976.6994476318359,79.28008725476815,4
5000,endpoint,10000,0.1,accuracy_drop_selector_with_resampling,59,0.7085268050432205,0.036533383387899014,-0.4037044569849968,0.06030464311171776,5988.0,242.0261693839463,981.5283813476562,79.55441355037638,981.5218963623047,79.55184941905588,4
5000,endpoint,10000,0.1,accuracy_drop_selector_with_resampling,60,0.7082971781492233,0.036381622417870754,-0.40340936183929443,0.060310152521221225,5982.5,238.70832969686387,986.1101684570312,79.83869629743397,986.1033782958984,79.83585639807852,4
5000,endpoint,10000,0.1,accuracy_drop_selector_with_resampling,61,0.7081951200962067,0.03634197437221344,-0.403136782348156,0.060308924959768105,5985.0,245.08909944480735,990.4932098388672,80.08667176212079,990.4862670898438,80.0838336606997,4
5000,endpoint,10000,0.1,accuracy_drop_selector_with_resampling,62,0.7080803215503693,0.03633260922222672,-0.4028766006231308,0.06030799956393147,5978.5,243.96926035875913,994.6858825683594,80.32253552099488,994.6783447265625,80.31916657167979,4
5000,endpoint,10000,0.1,accuracy_drop_selector_with_resampling,63,0.7080037742853165,0.036256795912947885,-0.4026365205645561,0.0603153257804064,5973.25,245.30847926641263,998.7122650146484,80.55091998689191,998.704345703125,80.54744371625958,4
5000,endpoint,10000,0.1,accuracy_drop_selector_with_resampling,64,0.7078762054443359,0.03632391330919976,-0.40239661931991577,0.060312105419512325,5973.0,242.82915805149923,1002.6034240722656,80.77964934327942,1002.5956420898438,80.77627674786348,4
5000,endpoint,10000,0.1,accuracy_drop_selector_with_resampling,65,0.7077613919973373,0.03630751608074179,-0.402162566781044,0.060312664976489135,5972.5,246.25528759128537,1006.3735961914062,80.98771625132453,1006.3660583496094,80.9844555095472,4
5000,endpoint,10000,0.1,accuracy_drop_selector_with_resampling,66,0.7076338231563568,0.03640038567244221,-0.4019397720694542,0.06030737906729435,5969.5,245.53682683730628,1010.0119018554688,81.18773098645218,1010.0045013427734,81.18452161981138,4
5000,endpoint,10000,0.1,accuracy_drop_selector_with_resampling,67,0.7075317800045013,0.036407442156883144,-0.40172360092401505,0.06029319234221935,5969.0,247.34186867572583,1013.5466156005859,81.38435690925759,1013.5390777587891,81.38118940380079,4
5000,endpoint,10000,0.1,accuracy_drop_selector_with_resampling,68,0.7073404043912888,0.03633972135535115,-0.4015153795480728,0.06028572535064911,5962.5,248.31364575203406,1016.9800872802734,81.57119916717653,1016.9727172851562,81.56821365492011,4
5000,endpoint,10000,0.1,accuracy_drop_selector_with_resampling,69,0.7073021233081818,0.03637661969932859,-0.4013233333826065,0.0602740204023557,5963.75,247.51885450068917,1020.322509765625,81.75715590254494,1020.3145446777344,81.75507778141272,4
5000,endpoint,10000,0.1,accuracy_drop_selector_with_resampling,70,0.7072511166334152,0.036393559371797043,-0.401109054684639,0.06028198240840457,5960.0,244.82238459748731,1023.5833587646484,81.94435837777186,1023.5752868652344,81.94290507561207,4
5000,endpoint,10000,0.1,accuracy_drop_selector_with_resampling,71,0.7071235477924347,0.036381903708854045,-0.40090422332286835,0.06027999928313342,5956.25,245.55158996295123,1026.7597351074219,82.11532484459438,1026.7513427734375,82.11448888010283,4
5000,endpoint,10000,0.1,accuracy_drop_selector_with_resampling,72,0.7070597559213638,0.03643091988870061,-0.40071456879377365,0.06028655832384707,5954.5,244.35561517318703,1029.8634033203125,82.27792609782828,1029.854721069336,82.27683324568044,4
5000,endpoint,10000,0.1,accuracy_drop_selector_with_resampling,73,0.7069449424743652,0.03640229516179954,-0.40054435282945633,0.0602609958404009,5954.25,243.61222602050717,1032.8949432373047,82.44744065072673,1032.8861694335938,82.44611035054344,4
5000,endpoint,10000,0.1,accuracy_drop_selector_with_resampling,74,0.7067663371562958,0.03636816130124862,-0.40034376829862595,0.0602556520745784,5948.75,242.66489239278104,1035.864730834961,82.60964973862272,1035.8561401367188,82.6083057489914,4
5000,endpoint,10000,0.1,accuracy_drop_selector_with_resampling,75,0.706677034497261,0.036392975996480705,-0.4001825153827667,0.06025050447486528,5949.0,245.3704682040336,1038.759262084961,82.76672835434638,1038.7508239746094,82.76539987964578,4
5000,endpoint,10000,0.1,accuracy_drop_selector_with_resampling,76,0.7065749913454056,0.03635663956222832,-0.4000037983059883,0.06023569473298344,5945.25,247.18060198971924,1041.6015625,82.90997906603413,1041.5933074951172,82.9086711030032,4
5000,endpoint,10000,0.1,accuracy_drop_selector_with_resampling,77,0.7064218968153,0.036406609817755134,-0.3998330384492874,0.060231599365041376,5943.75,248.38864037364243,1044.3922729492188,83.05560585356659,1044.3841400146484,83.05433521995592,4
5000,endpoint,10000,0.1,accuracy_drop_selector_with_resampling,78,0.7063836306333542,0.03643660010955223,-0.39967864006757736,0.06023888796551399,5942.25,249.47862299871173,1047.1218566894531,83.20816923789586,1047.1139068603516,83.20691886873216,4
5000,endpoint,10000,0.1,accuracy_drop_selector_with_resampling,79,0.7062560617923737,0.036438250421367994,-0.39952144771814346,0.060226417042981206,5939.75,249.08014105236626,1049.8025207519531,83.35046500396456,1049.7945251464844,83.34917681455339,4
5000,endpoint,10000,0.1,accuracy_drop_selector_with_resampling,80,0.7061795294284821,0.036464118315097896,-0.39935557544231415,0.060227532968501175,5936.5,251.3662666309861,1052.435287475586,83.49429350568425,1052.4271697998047,83.49295211600503,4
5000,endpoint,10000,0.1,accuracy_drop_selector_with_resampling,81,0.7060902118682861,0.03646840729365233,-0.3992058113217354,0.06021796650443379,5935.25,253.82983144881402,1055.0154571533203,83.62972650711721,1055.0075225830078,83.62837779889152,4
5000,endpoint,10000,0.1,accuracy_drop_selector_with_resampling,82,0.7059243768453598,0.03645029288078798,-0.39905042201280594,0.060216400856953727,5933.5,252.40905953101867,1057.569107055664,83.75125170983941,1057.561294555664,83.74996780272677,4
5000,endpoint,10000,0.1,accuracy_drop_selector_with_resampling,83,0.705886110663414,0.036384028623285075,-0.39889658242464066,0.06019921276168464,5930.25,252.05340042670852,1060.0750732421875,83.87953138772095,1060.0671081542969,83.87866432168998,4
5000,endpoint,10000,0.1,accuracy_drop_selector_with_resampling,84,0.7057585269212723,0.036475269286851374,-0.39876940846443176,0.06019971514721904,5930.25,254.70947502334235,1062.5374603271484,83.99883065268926,1062.5286865234375,83.99826925422138,4
5000,endpoint,10000,0.1,accuracy_drop_selector_with_resampling,85,0.7057202607393265,0.036479566587367285,-0.39862221479415894,0.060189361839221536,5928.5,254.02558926218438,1064.9654998779297,84.1056286880184,1064.9568634033203,84.10511077426496,4
5000,endpoint,10000,0.1,accuracy_drop_selector_with_resampling,86,0.7056947648525238,0.036558765665611656,-0.3984872177243233,0.06017862581413627,5926.0,255.44732007467476,1067.3544616699219,84.222819367553,1067.3460388183594,84.22226465044184,4
5000,endpoint,10000,0.1,accuracy_drop_selector_with_resampling,87,0.7055926769971848,0.036550213418925004,-0.39834190160036087,0.060162215453054696,5926.75,253.07624015962725,1069.7035217285156,84.32647064281963,1069.695053100586,84.32591412810051,4
5000,endpoint,10000,0.1,accuracy_drop_selector_with_resampling,88,0.7054906338453293,0.0365090181883721,-0.39820941537618637,0.06016279693959118,5923.25,255.5208732504385,1072.0188446044922,84.42788913717087,1072.010269165039,84.4273286227429,4
5000,endpoint,10000,0.1,accuracy_drop_selector_with_resampling,89,0.7054268568754196,0.036622213059887686,-0.39806675910949707,0.06016269408783837,5921.25,254.65319554248677,1074.3094482421875,84.53100188454525,1074.3009033203125,84.53038082004998,4
5000,endpoint,10000,0.1,accuracy_drop_selector_with_resampling,90,0.7053375542163849,0.036600521405025656,-0.39794841408729553,0.06014923160640189,5919.5,256.22971464423614,1076.5582580566406,84.62567500628546,1076.5494384765625,84.62498006487057,4
5000,endpoint,10000,0.1,accuracy_drop_selector_with_resampling,91,0.705273762345314,0.03656523370672494,-0.3978133201599121,0.06015283326908255,5920.5,256.06053971668496,1078.7825622558594,84.72695464043763,1078.7738952636719,84.72626770724357,4
5000,endpoint,10000,0.1,accuracy_drop_selector_with_resampling,92,0.705235481262207,0.03655294902219507,-0.39768918603658676,0.06015358629535013,5916.75,255.71647711218506,1080.9733276367188,84.82965186940073,1080.9647521972656,84.8289898327109,4
5000,endpoint,10000,0.1,accuracy_drop_selector_with_resampling,93,0.705044150352478,0.036519668112931905,-0.39756882935762405,0.0601511766997668,5917.25,255.38386140605414,1083.1372528076172,84.9286459812137,1083.1284942626953,84.92839517361641,4
5000,endpoint,10000,0.1,accuracy_drop_selector_with_resampling,94,0.7049803733825684,0.0364562141019974,-0.3974376693367958,0.060138268240181564,5914.25,252.18561285952325,1085.271224975586,85.0222595272277,1085.2625274658203,85.02202847682365,4
5000,endpoint,10000,0.1,accuracy_drop_selector_with_resampling,95,0.7049038112163544,0.03645126003900541,-0.39732103049755096,0.06013160233574713,5912.0,251.36560358701956,1087.383773803711,85.11800502296344,1087.3751831054688,85.11774159773823,4
5000,endpoint,10000,0.1,accuracy_drop_selector_with_resampling,96,0.7048400193452835,0.036454359557862984,-0.3972010836005211,0.06013949753661546,5912.0,253.4995069028735,1089.467025756836,85.21083851469783,1089.4581298828125,85.21053082060223,4
5000,endpoint,10000,0.1,accuracy_drop_selector_with_resampling,97,0.7047507166862488,0.036494674882182845,-0.39709188789129257,0.0601364658502417,5909.75,252.86541215964405,1091.5245056152344,85.29949679071227,1091.5155944824219,85.29914844194599,4
5000,endpoint,10000,0.1,accuracy_drop_selector_with_resampling,98,0.7046614289283752,0.03650236395820686,-0.39697667211294174,0.0601300960664289,5907.5,252.2135338689553,1093.562484741211,85.39176074448554,1093.5534210205078,85.39123111478582,4
5000,endpoint,10000,0.1,accuracy_drop_selector_with_resampling,99,0.7046104073524475,0.036472870946595834,-0.39686381071805954,0.06012533630625925,5905.75,253.62225848690804,1095.5700073242188,85.47304324238311,1095.5606384277344,85.47228795180952,4
5000,endpoint,10000,0.1,accuracy_drop_selector_with_resampling,100,0.7044955939054489,0.03650300238425742,-0.39675338566303253,0.06012189679598185,5904.75,251.96610221747423,1097.5558013916016,85.56586321534391,1097.5465545654297,85.5650822970938,4
5000,endpoint,10000,0.1,accuracy_drop_selector_with_resampling,101,0.7044190466403961,0.036530007119549006,-0.39664968103170395,0.06012062381488166,5902.0,253.54552516921558,1099.5206604003906,85.64960387778503,1099.5114135742188,85.64882002415129,4
5000,endpoint,10000,0.1,accuracy_drop_selector_with_resampling,102,0.7043424993753433,0.03650110396676558,-0.3965296149253845,0.060121265312490284,5901.75,253.66168413853913,1101.4672393798828,85.73329871757068,1101.4578552246094,85.73242189837022,4
5000,endpoint,10000,0.1,accuracy_drop_selector_with_resampling,103,0.7043042182922363,0.03649411306299856,-0.396434485912323,0.06010612432733093,5901.0,253.2232216839522,1103.3856811523438,85.81373925242077,1103.3762817382812,85.8127682289042,4
5000,endpoint,10000,0.1,accuracy_drop_selector_with_resampling,104,0.7042404413223267,0.036522296881452115,-0.39633072912693024,0.06011009315087446,5900.5,251.31454394841538,1105.2878723144531,85.88976944777106,1105.2781372070312,85.88880646363094,4
5000,endpoint,10000,0.1,accuracy_drop_selector_with_resampling,105,0.7041766494512558,0.03649635725142724,-0.3962166756391525,0.060110819618950845,5898.75,251.96610221747423,1107.1697692871094,85.97496827790275,1107.159927368164,85.97424432699556,4
5000,endpoint,10000,0.1,accuracy_drop_selector_with_resampling,106,0.704176664352417,0.0365422842333646,-0.39612308144569397,0.06008869933750036,5899.5,251.16462065081274,1109.0353240966797,86.05476807918483,1109.0252380371094,86.05469551786962,4
5000,endpoint,10000,0.1,accuracy_drop_selector_with_resampling,107,0.7041128575801849,0.03652956980344346,-0.39602379500865936,0.06010959416606441,5897.0,250.0039999680005,1110.8790588378906,86.13236018957372,1110.8689270019531,86.13225189305511,4
5000,endpoint,10000,0.1,accuracy_drop_selector_with_resampling,108,0.70413838326931,0.036482791780727566,-0.395923912525177,0.06009855835404068,5896.5,251.42858495670959,1112.7025756835938,86.20710439663203,1112.6920013427734,86.20699705934761,4
5000,endpoint,10000,0.1,accuracy_drop_selector_with_resampling,109,0.7040873467922211,0.03654186218615898,-0.3958279862999916,0.06010080093411189,5894.75,250.87098277800087,1114.5138397216797,86.28456895992936,1114.5030975341797,86.28433278108015,4
5000,endpoint,10000,0.1,accuracy_drop_selector_with_resampling,110,0.7039725482463837,0.0364882531551941,-0.3957289680838585,0.06009154679899377,5893.5,251.42593342771943,1116.3062133789062,86.35308075632574,1116.2949523925781,86.35275072132414,4
5000,endpoint,10000,0.1,accuracy_drop_selector_with_resampling,111,0.7039980590343475,0.03649572065412224,-0.39563532173633575,0.06009301940812996,5889.75,252.53696099119168,1118.075942993164,86.4242761502632,1118.0647888183594,86.42385059284327,4
5000,endpoint,10000,0.1,accuracy_drop_selector_with_resampling,112,0.7038960009813309,0.03649413641669664,-0.3955373391509056,0.060092844385968444,5889.75,252.07720378222754,1119.8339233398438,86.49448219272934,1119.8225708007812,86.49380913361851,4
5000,endpoint,10000,0.1,accuracy_drop_selector_with_resampling,113,0.7038066983222961,0.0364395409075285,-0.39544547349214554,0.06009154788036885,5887.5,249.63640226003366,1121.5762023925781,86.571796627327,1121.5645904541016,86.57063813285527,4
5000,endpoint,10000,0.1,accuracy_drop_selector_with_resampling,114,0.7037556767463684,0.03650060178858755,-0.39534929394721985,0.060082442076862426,5887.75,251.33427276570671,1123.299072265625,86.64124608621287,1123.2875213623047,86.6399788623071,4
5000,endpoint,10000,0.1,accuracy_drop_selector_with_resampling,115,0.7037811875343323,0.03650841142779309,-0.39525750279426575,0.06007077961320791,5885.0,250.35308399671587,1125.0074462890625,86.70415360907357,1124.99560546875,86.7023834672411,4
5000,endpoint,10000,0.1,accuracy_drop_selector_with_resampling,116,0.7036663740873337,0.03648918986867855,-0.39516960084438324,0.06007801055155766,5885.5,249.20205991657988,1126.7086639404297,86.76702362655287,1126.6968231201172,86.7654510813705,4
5000,endpoint,10000,0.1,accuracy_drop_selector_with_resampling,117,0.7036281079053879,0.03642986754945148,-0.395076259970665,0.060070852421624354,5885.75,248.1724870595718,1128.3909301757812,86.83149168969298,1128.3789978027344,86.83025958115788,4
5000,endpoint,10000,0.1,accuracy_drop_selector_with_resampling,118,0.703577071428299,0.0365050503450237,-0.3949933648109436,0.06007804197324434,5883.5,251.29066835041846,1130.0612335205078,86.89558336936669,1130.0493774414062,86.8943654662769,4
5000,endpoint,10000,0.1,accuracy_drop_selector_with_resampling,119,0.703564316034317,0.03649930567336784,-0.3948979750275612,0.06006430763869182,5882.25,248.69442427739844,1131.7197723388672,86.95959533575733,1131.7076568603516,86.95878497899788,4
5000,endpoint,10000,0.1,accuracy_drop_selector_with_resampling,120,0.7035515606403351,0.03649479071267563,-0.3948270082473755,0.06007910070194205,5881.5,248.87279213820597,1133.3575744628906,87.0270725643872,1133.3453826904297,87.02627125155111,4
5000,endpoint,10000,0.1,accuracy_drop_selector_with_resampling,121,0.7034877836704254,0.036474259830472644,-0.3947318270802498,0.06008019286312818,5880.25,249.73903045646136,1134.9830932617188,87.09126306871408,1134.9707946777344,87.09034781314043,4
5000,endpoint,10000,0.1,accuracy_drop_selector_with_resampling,122,0.7035132944583893,0.03646174234279409,-0.3946468010544777,0.06007015875903201,5879.5,248.72809786324237,1136.6008911132812,87.15981147790927,1136.5886688232422,87.1589267173867,4
5000,endpoint,10000,0.1,accuracy_drop_selector_with_resampling,123,0.7033984810113907,0.036491337159208895,-0.3945651352405548,0.060064435047345995,5877.25,248.38864037364243,1138.1991424560547,87.22062575332554,1138.1867370605469,87.21969654175889,4
5000,endpoint,10000,0.1,accuracy_drop_selector_with_resampling,124,0.7034240067005157,0.03649587271317852,-0.39447011053562164,0.06008456456007849,5877.0,248.2109318033085,1139.7882995605469,87.2852186077658,1139.7755889892578,87.28425504378082,4
5000,endpoint,10000,0.1,accuracy_drop_selector_with_resampling,125,0.7033729702234268,0.03648580740243818,-0.3943861648440361,0.06007151922764779,5874.25,246.9188463173005,1141.3664245605469,87.34726276074932,1141.3538513183594,87.34627328129173,4
5000,endpoint,10000,0.1,accuracy_drop_selector_with_resampling,126,0.7033346891403198,0.036435893890894376,-0.39430098980665207,0.06007869454240561,5874.5,249.18600816792798,1142.9306335449219,87.4130829835327,1142.9179229736328,87.41205731970737,4
5000,endpoint,10000,0.1,accuracy_drop_selector_with_resampling,127,0.7032836675643921,0.036432392420362336,-0.39421726018190384,0.06007955131107438,5872.75,248.76813166748937,1144.4813537597656,87.47343450482214,1144.4682006835938,87.47190813489014,4
5000,endpoint,10000,0.1,accuracy_drop_selector_with_resampling,128,0.7031560838222504,0.036466311946821865,-0.3941488340497017,0.060083353100749894,5872.75,250.7207942446471,1146.0207824707031,87.5405811926704,1146.007568359375,87.53871436951329,4
5000,endpoint,10000,0.1,accuracy_drop_selector_with_resampling,129,0.7031050771474838,0.03648245848524491,-0.39406701922416687,0.060081807104695385,5870.75,250.59445990151764,1147.5501708984375,87.6048610479245,1147.5369567871094,87.60309341104589,4
5000,endpoint,10000,0.1,accuracy_drop_selector_with_resampling,130,0.7030157595872879,0.0365233934993505,-0.39398719370365143,0.060083930317004756,5871.75,252.52772125055895,1149.0700378417969,87.66673698231203,1149.0569458007812,87.66494022083873,4
5000,endpoint,10000,0.1,accuracy_drop_selector_with_resampling,131,0.7029774934053421,0.036539509083078764,-0.3939041569828987,0.060077121380927835,5870.0,249.11710766893015,1150.5767517089844,87.72584899557464,1150.563720703125,87.72403898654238,4
5000,endpoint,10000,0.1,accuracy_drop_selector_with_resampling,132,0.7029519826173782,0.03656470009781295,-0.3938394859433174,0.06008178742885195,5870.0,250.92761240379,1152.0752563476562,87.79193547261362,1152.062255859375,87.79019873215535,4
5000,endpoint,10000,0.1,accuracy_drop_selector_with_resampling,133,0.7028243988752365,0.03662407937206764,-0.3937539607286453,0.06007255389598805,5868.25,249.3075410010696,1153.5654296875,87.86071784204063,1153.5522766113281,87.85864518416535,4
5000,endpoint,10000,0.1,accuracy_drop_selector_with_resampling,134,0.7028499245643616,0.03664468024173942,-0.3936701789498329,0.06008093125435822,5866.5,251.75318601095532,1155.04638671875,87.91500016897793,1155.0333862304688,87.91293376409995,4
5000,endpoint,10000,0.1,accuracy_drop_selector_with_resampling,135,0.7027861326932907,0.03663201965370956,-0.3936039134860039,0.06007021842998882,5865.75,251.20293920785772,1156.5097045898438,87.98644225069752,1156.4967346191406,87.98425519494938,4
5000,endpoint,10000,0.1,accuracy_drop_selector_with_resampling,136,0.7027096003293991,0.03657849827690507,-0.39352017641067505,0.06006240827996373,5864.25,255.81161688502993,1157.9676208496094,88.04357019975376,1157.95458984375,88.04145759218666,4
5000,endpoint,10000,0.1,accuracy_drop_selector_with_resampling,137,0.7027095854282379,0.0366608705378395,-0.3934468924999237,0.06007558877130627,5863.5,253.419941335852,1159.413818359375,88.10522670246088,1159.4009704589844,88.10313665324196,4
5000,endpoint,10000,0.1,accuracy_drop_selector_with_resampling,138,0.702696830034256,0.03665292466220649,-0.39337158203125,0.06006425266063223,5862.5,254.92286415044583,1160.8605651855469,88.17039351178768,1160.8475646972656,88.16825945518538,4
5000,endpoint,10000,0.1,accuracy_drop_selector_with_resampling,139,0.702696830034256,0.03655771246451336,-0.3932933881878853,0.060061025089161946,5862.0,253.7768048239765,1162.2838134765625,88.22942025214995,1162.2707824707031,88.22720297285768,4
5000,endpoint,10000,0.1,accuracy_drop_selector_with_resampling,140,0.7027095854282379,0.03659025911932747,-0.39321989566087723,0.06006915979144287,5860.75,250.58248808193548,1163.7067260742188,88.28843667592473,1163.6938171386719,88.28622149410674,4
5000,endpoint,10000,0.1,accuracy_drop_selector_with_resampling,141,0.7026330530643463,0.03664499482323808,-0.39315420389175415,0.060060218271374616,5860.0,252.73306075778848,1165.1143188476562,88.34785834537529,1165.1014099121094,88.34571079725715,4
5000,endpoint,10000,0.1,accuracy_drop_selector_with_resampling,142,0.7026075422763824,0.03659025911932747,-0.3930738791823387,0.06005562896199891,5857.0,254.10365339102597,1166.5106506347656,88.40458211645672,1166.497802734375,88.40235862441322,4
5000,endpoint,10000,0.1,accuracy_drop_selector_with_resampling,143,0.7026585638523102,0.036564492331032455,-0.39300253242254257,0.06005909482650494,5857.5,251.15533042322633,1167.9063415527344,88.46601111171908,1167.8936767578125,88.46392871252463,4
5000,endpoint,10000,0.1,accuracy_drop_selector_with_resampling,144,0.7025565207004547,0.03655732374390985,-0.39293551445007324,0.06006185692694052,5856.0,251.69161024290554,1169.2922668457031,88.52858597817745,1169.2796325683594,88.52645367168034,4
5000,endpoint,10000,0.1,accuracy_drop_selector_with_resampling,145,0.7025692760944366,0.0366489466320242,-0.3928549587726593,0.060053474764372096,5857.5,252.50280526494487,1170.666748046875,88.58696387089115,1170.6540832519531,88.58475637151037,4
5000,endpoint,10000,0.1,accuracy_drop_selector_with_resampling,146,0.7025820314884186,0.0365569320382454,-0.39279668033123016,0.06005005287843743,5854.25,252.9181356354924,1172.0333862304688,88.64926400181334,1172.0203857421875,88.64683479084447,4
5000,endpoint,10000,0.1,accuracy_drop_selector_with_resampling,147,0.702505499124527,0.03663984351442713,-0.39272699505090714,0.060042561006074045,5855.5,254.17120214532565,1173.389404296875,88.70313782188175,1173.3764953613281,88.70069647732338,4
5000,endpoint,10000,0.1,accuracy_drop_selector_with_resampling,148,0.7024544477462769,0.036682331262090744,-0.39265865832567215,0.060047652288028275,5852.5,255.6749238127718,1174.7368469238281,88.7648006944599,1174.7240295410156,88.76245316996629,4
5000,endpoint,10000,0.1,accuracy_drop_selector_with_resampling,149,0.7024927288293839,0.03665237505186487,-0.3925885483622551,0.06004185368125738,5852.25,255.1631830809453,1176.0797119140625,88.82131738614629,1176.06689453125,88.81887434625747,4
5000,endpoint,10000,0.1,none,-1,0.7678624391555786,0.038630936334284466,-0.5034046530723572,0.06379191930079747,0.0,0.0,0.0,0.0,0.0,0.0,5
5000,endpoint,10000,0.1,none,0,0.7678216099739075,0.03859340245974396,-0.5034133970737458,0.0637778972814121,5042.2,271.61774610654584,5.6701384544372555,0.6876257296482478,5.6701384544372555,0.6876257296482478,5
5000,endpoint,10000,0.1,none,1,0.7672807097434997,0.0387931442257298,-0.5032048285007477,0.06380337121508525,7371.4,199.35094682493985,15.425099754333496,1.5037007070245458,15.425099754333496,1.5037007070245458,5
5000,endpoint,10000,0.1,none,2,0.7663519978523254,0.038948960894340495,-0.5025406897068023,0.063863476797879,7400.4,92.69466004037126,28.797771835327147,2.176848769903292,28.797771835327147,2.176848769903292,5
5000,endpoint,10000,0.1,none,3,0.7650864958763123,0.03895077331664597,-0.5011909127235412,0.06391672263981094,7326.4,106.67145822571284,45.0562240600586,3.3461499485550257,45.0562240600586,3.3461499485550257,5
5000,endpoint,10000,0.1,none,4,0.7636781096458435,0.03917358794401653,-0.4993140518665314,0.06398000588018347,7350.2,117.68474837463009,63.85548400878906,4.623218045299757,63.85548400878906,4.623218045299757,5
5000,endpoint,10000,0.1,none,5,0.7621778845787048,0.03924407357951201,-0.49708431363105776,0.06404027436097794,7397.2,108.53432636728346,84.66286163330078,6.016243434533696,84.66286163330078,6.016243434533696,5
5000,endpoint,10000,0.1,none,6,0.7608205318450928,0.0395822415929984,-0.4946006596088409,0.06413211994791684,7371.2,125.83997774952124,106.74386138916016,7.246592725055972,106.74386138916016,7.246592725055972,5
5000,endpoint,10000,0.1,none,7,0.7590957641601562,0.039523536234417025,-0.49198277592658995,0.06416718097969545,7348.4,130.61125525773036,129.49230346679687,8.61827938504908,129.49230346679687,8.61827938504908,5
5000,endpoint,10000,0.1,none,8,0.7577078104019165,0.03965105225095135,-0.4893531322479248,0.06420586701651866,7312.0,107.40344500992508,152.64111328125,9.716966321973725,152.64111328125,9.716966321973725,5
5000,endpoint,10000,0.1,none,9,0.756136155128479,0.03974368710552557,-0.4867716312408447,0.06418946287358897,7264.6,94.63508862995796,175.80953369140624,10.93459575466059,175.80953369140624,10.93459575466059,5
5000,endpoint,10000,0.1,none,10,0.7545440554618835,0.039491633649886206,-0.4842593729496002,0.06416792089372392,7254.2,118.75689453669627,199.0423370361328,12.052903760187242,199.0423370361328,12.052903760187242,5
5000,endpoint,10000,0.1,none,11,0.753176498413086,0.039361652869724185,-0.4818162381649017,0.06416780879961112,7227.2,108.65633897753044,222.059521484375,13.270925406108399,222.059521484375,13.270925406108399,5
5000,endpoint,10000,0.1,none,12,0.7517681241035461,0.039285892804913264,-0.4794273316860199,0.0641759291666936,7190.6,125.30083798602466,244.855078125,14.399947973318554,244.855078125,14.399947973318554,5
5000,endpoint,10000,0.1,none,13,0.7507475733757019,0.03924655269392692,-0.4771315336227417,0.0641662424638449,7148.4,105.59024576162327,267.36566162109375,15.392738690120883,267.36566162109375,15.392738690120883,5
5000,endpoint,10000,0.1,none,14,0.7494718551635742,0.03955772436667275,-0.4749304711818695,0.06415408889560667,7134.4,87.41452968471546,289.68239135742186,16.31628548204655,289.68239135742186,16.31628548204655,5
5000,endpoint,10000,0.1,none,15,0.7483900666236878,0.03958165496552746,-0.47281174659729003,0.06414679328498162,7089.6,103.32618254827767,311.66375732421875,17.184452666490568,311.66375732421875,17.184452666490568,5
5000,endpoint,10000,0.1,none,16,0.7472776293754577,0.039422512545668,-0.4707706391811371,0.06413205532208147,7093.8,115.13774359435745,333.45314331054686,18.00874561981316,333.45314331054686,18.00874561981316,5
5000,endpoint,10000,0.1,none,17,0.7460733771324157,0.03924165008843433,-0.4687838971614838,0.06409464342264741,7056.2,114.0819880612185,354.9071105957031,18.834852579231057,354.9071105957031,18.834852579231057,5
5000,endpoint,10000,0.1,none,18,0.7449915766716003,0.03935716416350042,-0.4668630242347717,0.06406435156840654,7034.0,106.2779375035101,376.1891845703125,19.546754724024748,376.1891845703125,19.546754724024748,5
5000,endpoint,10000,0.1,none,19,0.7439199805259704,0.039210976652398394,-0.4650024831295013,0.06401430742565996,6993.4,103.17848612961909,397.172705078125,20.290454266110984,397.172705078125,20.290454266110984,5
5000,endpoint,10000,0.1,none,20,0.7430729150772095,0.03921116971526631,-0.4632328629493713,0.06400302976310883,6975.6,118.26580232679268,417.87884521484375,20.973926769913177,417.87884521484375,20.973926769913177,5
5000,endpoint,10000,0.1,none,21,0.7421442151069642,0.03914349423109454,-0.46148110628128053,0.06396471466438279,6990.4,128.89647008355195,438.4498291015625,21.813358982779192,438.4498291015625,21.813358982779192,5
5000,endpoint,10000,0.1,none,22,0.7412052869796752,0.039154854647422764,-0.45976722240448,0.06392041598251022,6975.4,117.29791131985257,458.60509033203124,22.51275253836348,458.60509033203124,22.51275253836348,5
5000,endpoint,10000,0.1,none,23,0.7401745200157166,0.039066612296695946,-0.45813233256340025,0.06387615858274008,6956.6,81.6872083009329,478.61497192382814,23.123365236844528,478.61497192382814,23.123365236844528,5
5000,endpoint,10000,0.1,none,24,0.7394192934036254,0.039203377257932284,-0.456511390209198,0.06383403436909066,6941.8,98.97828044576244,498.39182739257814,23.742096128626056,498.39182739257814,23.742096128626056,5
5000,endpoint,10000,0.1,none,25,0.73869469165802,0.03914980517404665,-0.454933899641037,0.06379607133645242,6921.8,117.03930963569462,517.98857421875,24.476970057963253,517.98857421875,24.476970057963253,5
5000,endpoint,10000,0.1,none,26,0.7378067970275879,0.039128851454304614,-0.45345053672790525,0.06376643496736946,6916.0,127.75171231729146,537.2855590820312,25.1586940312132,537.2855590820312,25.1586940312132,5
5000,endpoint,10000,0.1,none,27,0.7366943955421448,0.03904635290659445,-0.45197458267211915,0.06372861085106844,6897.0,115.35380357838228,556.4501831054688,25.7879103273994,556.4501831054688,25.7879103273994,5
5000,endpoint,10000,0.1,none,28,0.7359187722206115,0.038970096314400814,-0.450541740655899,0.06367427363072871,6894.6,106.26052889008223,575.399462890625,26.440194744126508,575.399462890625,26.440194744126508,5
5000,endpoint,10000,0.1,none,29,0.7351431369781494,0.039024781596228776,-0.44914323687553404,0.06360602423416936,6867.8,105.47369340266795,594.1378540039062,27.07344479850538,594.1378540039062,27.07344479850538,5
5000,endpoint,10000,0.1,none,30,0.7344593644142151,0.03888712953303154,-0.44778558015823366,0.06355144959607165,6856.8,117.26337876762719,612.7041625976562,27.746096921406632,612.7041625976562,27.746096921406632,5
5000,endpoint,10000,0.1,none,31,0.7337857842445373,0.03903613900587391,-0.4464613139629364,0.06348256785913946,6816.0,135.65581447177263,631.0401733398437,28.36634163432576,631.0401733398437,28.36634163432576,5
5000,endpoint,10000,0.1,none,32,0.7330407738685608,0.0387925777246286,-0.44514734148979185,0.06343249422441759,6865.8,100.66379686858627,649.28701171875,28.934142418262496,649.28701171875,28.934142418262496,5
5000,endpoint,10000,0.1,none,33,0.7323467969894409,0.03891945828720758,-0.443898344039917,0.06341163773358462,6814.0,87.62419757121887,667.205615234375,29.52899463657721,667.205615234375,29.52899463657721,5
5000,endpoint,10000,0.1,none,34,0.7313976645469665,0.03879263709386548,-0.4426904857158661,0.06339082582235667,6816.4,83.29945978216185,684.9425415039062,30.03310675122748,684.9425415039062,30.03310675122748,5
5000,endpoint,10000,0.1,none,35,0.7308465480804444,0.038820286265194306,-0.441471266746521,0.0633543397694932,6806.0,91.43576980591348,702.5570922851563,30.615056576451334,702.5570922851563,30.615056576451334,5
5000,endpoint,10000,0.1,none,36,0.7302444219589234,0.038824741973226856,-0.4402884364128113,0.06332124886078566,6773.0,90.60353193998566,719.9721557617188,31.144941175092676,719.9721557617188,31.144941175092676,5
5000,endpoint,10000,0.1,none,37,0.7294892072677612,0.03870175465382607,-0.43914578557014466,0.06327253284964023,6745.0,130.2516794517445,737.2573120117188,31.669877572530037,737.2573120117188,31.669877572530037,5
5000,endpoint,10000,0.1,none,38,0.7289993405342102,0.03869115791621319,-0.4380073547363281,0.06323063230867537,6781.2,106.92614273413214,754.5002685546875,32.139879264065236,754.5002685546875,32.139879264065236,5
5000,endpoint,10000,0.1,none,39,0.7283767819404602,0.03865902991349828,-0.4368968367576599,0.06321682630539971,6761.8,102.09897159129468,771.5175048828125,32.556498553631855,771.5175048828125,32.556498553631855,5
5000,endpoint,10000,0.1,none,40,0.7276930093765259,0.03858464458865497,-0.43581452369689944,0.06317104861300668,6732.8,101.57607986135318,788.3840698242187,33.00015725831312,788.3818969726562,33.00201256986476,5
5000,endpoint,10000,0.1,none,41,0.7271521210670471,0.038708339150225764,-0.43472755551338194,0.06312580259908199,6732.2,95.18245636670657,805.1502807617187,33.40495363290874,805.1478515625,33.40701762952032,5
5000,endpoint,10000,0.1,none,42,0.7266112089157104,0.03864565621410693,-0.43368741273880007,0.06310112541801562,6721.4,106.4109956724398,821.7465698242188,33.7658779701124,821.7434814453125,33.768495979716974,5
5000,endpoint,10000,0.1,none,43,0.7260294914245605,0.038843265572442214,-0.4326438009738922,0.0631131271151334,6714.2,108.54353965114645,838.182421875,34.09501499572146,838.1766235351563,34.09990518051522,5
5000,endpoint,10000,0.1,none,44,0.7255089998245239,0.03870519952192625,-0.43162532448768615,0.06310290661087452,6661.6,116.28757457269457,854.42001953125,34.387481818913464,854.4104370117187,34.39167225048889,5
5000,endpoint,10000,0.1,none,45,0.7249680995941162,0.03846779192109251,-0.4306300520896912,0.06311102203643915,6706.8,100.48233675626777,870.5588012695313,34.63736362521094,870.5468383789063,34.64181759944121,5
5000,endpoint,10000,0.1,none,46,0.7244782447814941,0.03852889533607652,-0.42965313196182253,0.06309735306968792,6666.8,120.72158050655234,886.547216796875,34.92162232994566,886.5352905273437,34.92608730084791,5
5000,endpoint,10000,0.1,none,47,0.7238454818725586,0.0382686434782277,-0.42871421575546265,0.06308368946132265,6682.8,92.73456744925271,902.4563842773438,35.228335798206096,902.441455078125,35.23175376324916,5
5000,endpoint,10000,0.1,none,48,0.7233352065086365,0.03823711465211689,-0.42776390314102175,0.06304426640863842,6690.4,114.04955063480084,918.2257202148437,35.55431816560536,918.205517578125,35.56176743936064,5
5000,endpoint,10000,0.1,none,49,0.7229779958724976,0.03817803559803901,-0.42685781717300414,0.06304230556711067,6676.0,92.23611006541852,933.8558349609375,35.84194846693115,933.8341064453125,35.85072267905863,5
5000,endpoint,10000,0.1,none,50,0.7224677324295044,0.038167261727970574,-0.42591195106506347,0.06300693910890623,6666.2,92.21008621620523,950.5222290039062,36.227869774209495,950.4982666015625,36.23565667905396,5
5000,endpoint,10000,0.1,none,51,0.7221615552902222,0.038200539643353744,-0.42499751448631284,0.06300357731328506,6651.4,95.80083506942933,962.2547607421875,36.57792215800781,962.2362915039063,36.580494624664134,5
5000,endpoint,10000,0.1,none,52,0.7218860030174256,0.038191583543185026,-0.4243137240409851,0.06299789947648778,6655.6,97.62581625779116,971.8887939453125,36.888988302977964,971.87314453125,36.88997336035879,5
5000,endpoint,10000,0.1,none,53,0.7216206550598144,0.03819791153569857,-0.42376345992088316,0.06297808903969697,6652.0,96.8039255402383,980.258544921875,37.17624080251565,980.2447265625,37.17734691952053,5
5000,endpoint,10000,0.1,none,54,0.7214471697807312,0.03825096906551041,-0.42328462600708006,0.06297742594393808,6649.6,97.05050231709262,987.738427734375,37.43254048441448,987.725244140625,37.43432191512033,5
5000,endpoint,10000,0.1,none,55,0.7211205840110779,0.03821552829522709,-0.4228528380393982,0.06296983523734734,6641.4,98.47233113925962,994.5360107421875,37.65224804177454,994.523779296875,37.654000470742844,5
5000,endpoint,10000,0.1,none,56,0.7209470868110657,0.03827441056800438,-0.42244290113449096,0.06295195455190658,6639.4,94.16634218233179,1000.846484375,37.878333202747896,1000.8349487304688,37.879921509603655,5
5000,endpoint,10000,0.1,none,57,0.7208246111869812,0.03838128989152858,-0.4220778405666351,0.06295605349189771,6639.4,96.32652801798682,1006.75927734375,38.081834961255886,1006.7467529296875,38.082718888935894,5
5000,endpoint,10000,0.1,none,58,0.7206409215927124,0.038401364604456645,-0.4217414021492004,0.06293791087344762,6638.2,93.53448561894163,1012.3133056640625,38.264327356731,1012.3006713867187,38.26524715252124,5
5000,endpoint,10000,0.1,none,59,0.7204776167869568,0.03835133988065659,-0.42140746116638184,0.06291963186769788,6635.2,97.27898025781315,1017.5764404296875,38.43676017185406,1017.563330078125,38.43729403716339,5
5000,endpoint,10000,0.1,none,60,0.720314335823059,0.03827607141073157,-0.42110844850540163,0.06292860678049264,6626.8,95.21134386195796,1022.5818237304687,38.598703853766196,1022.56904296875,38.598677430278514,5
5000,endpoint,10000,0.1,none,61,0.7201918601989746,0.03826173749676509,-0.4208222031593323,0.06290129060633864,6627.0,97.51153777887005,1027.3731201171875,38.75149230197089,1027.3609252929687,38.75147120432445,5
5000,endpoint,10000,0.1,none,62,0.719936728477478,0.03827500364089071,-0.4205501914024353,0.06288851217629132,6627.0,95.61119181351104,1031.9773193359374,38.90404964568882,1031.9655883789062,38.90401006565406,5
5000,endpoint,10000,0.1,none,63,0.7197326183319092,0.03828915403125309,-0.42028433084487915,0.06288752638289341,6625.6,95.32470823453906,1036.4121704101562,39.05172101425718,1036.4005615234375,39.05195064753676,5
5000,endpoint,10000,0.1,none,64,0.7196713805198669,0.03831509901413653,-0.42002530097961427,0.06287818581545448,6624.2,94.74017099414588,1040.6895629882813,39.18493807982892,1040.67783203125,39.185735109993495,5
5000,endpoint,10000,0.1,none,65,0.7194978713989257,0.03835502548046157,-0.41978344321250916,0.06285576557104965,6623.0,99.40573424103863,1044.8103149414062,39.31301462631856,1044.79892578125,39.31375363999422,5
5000,endpoint,10000,0.1,none,66,0.7193652153015136,0.038358225901690246,-0.41954203248023986,0.06285916009660802,6617.8,97.39969199129943,1048.8109619140625,39.442398433837575,1048.799755859375,39.443230870928424,5
5000,endpoint,10000,0.1,none,67,0.7191917181015015,0.03828674287245345,-0.41932063102722167,0.06283856484282102,6617.4,99.1730810250443,1052.6775146484374,39.56285697252799,1052.6662841796874,39.5639480039768,5
5000,endpoint,10000,0.1,none,68,0.719089663028717,0.03827329119232977,-0.41908718943595885,0.06283497521967034,6615.6,100.1139350939718,1056.441943359375,39.67948931781422,1056.4306884765624,39.680767675280514,5
5000,endpoint,10000,0.1,none,69,0.7189467787742615,0.038254601800811895,-0.41888551115989686,0.0628251596525977,6613.0,100.77946219344496,1060.1037841796874,39.79493704938541,1060.0926025390625,39.79643625362773,5
5000,endpoint,10000,0.1,none,70,0.7188651442527771,0.03821349297929792,-0.4186870217323303,0.06282961822444366,6612.4,100.96682623515508,1063.67646484375,39.90801386461834,1063.665283203125,39.90975943531726,5
5000,endpoint,10000,0.1,none,71,0.7187018394470215,0.038204108471146796,-0.4184633731842041,0.06283277820064118,6610.2,103.19496111729487,1067.1615234375,40.0157526924862,1067.1501953125,40.0177939147806,5
5000,endpoint,10000,0.1,none,72,0.7186304092407226,0.03826043231470691,-0.4182728290557861,0.06281876307535421,6609.4,100.93215543125986,1070.558447265625,40.12222661342958,1070.54697265625,40.12357104514797,5
5000,endpoint,10000,0.1,none,73,0.7185385704040528,0.03825814244401613,-0.418093740940094,0.0628180167814723,6606.4,102.46609195241126,1073.8769287109376,40.22583871621101,1073.8653564453125,40.226416745091264,5
5000,endpoint,10000,0.1,none,74,0.7184365034103394,0.03819820802927142,-0.4179130494594574,0.06281317725831051,6601.8,102.5217050189861,1077.122265625,40.3177107941522,1077.11064453125,40.31777295925792,5
5000,endpoint,10000,0.1,none,75,0.7183548331260681,0.038273046317581064,-0.41772555708885195,0.06280536885978569,6600.0,103.02184234423301,1080.299267578125,40.43057651312655,1080.2876708984375,40.430284253807166,5
5000,endpoint,10000,0.1,none,76,0.7181915760040283,0.038322574852331044,-0.41756072640419006,0.06280132739706679,6598.0,104.90233553167441,1083.420458984375,40.53080104803132,1083.4083740234375,40.53105048034563,5
5000,endpoint,10000,0.1,none,77,0.7182017683982849,0.03823237949004883,-0.41737921833992003,0.06280400908676213,6595.0,103.73764986734565,1086.47548828125,40.62083368371294,1086.4634521484375,40.6213159686772,5
5000,endpoint,10000,0.1,none,78,0.7181303381919861,0.03822956765661771,-0.4172001838684082,0.06279426890331484,6592.6,103.34795595462931,1089.4799072265625,40.72059249191409,1089.46806640625,40.721078403431875,5
5000,endpoint,10000,0.1,none,79,0.7180384874343873,0.03830515657140993,-0.4170305907726288,0.06279400549570441,6591.2,102.9378453242538,1092.4275390625,40.811870988303994,1092.415869140625,40.81227515435826,5
5000,endpoint,10000,0.1,none,80,0.7178853869438171,0.03835045305819469,-0.4168700397014618,0.0627918300831659,6587.8,102.35575215883082,1095.31845703125,40.904373754966336,1095.306982421875,40.90484784271645,5
5000,endpoint,10000,0.1,none,81,0.7178139567375184,0.038308329087864156,-0.41671290397644045,0.0627861745338602,6588.6,102.65622241247726,1098.16416015625,40.98868842459383,1098.1525390625,40.98904113884944,5
5000,endpoint,10000,0.1,none,82,0.7177119135856629,0.03829628081251896,-0.4165530979633331,0.06277681658616943,6587.4,102.30982357525596,1100.9651123046874,41.07684505774953,1100.9532958984375,41.0773688482539,5
5000,endpoint,10000,0.1,none,83,0.7177119135856629,0.03829616183570503,-0.4163952171802521,0.0627663795021633,6583.6,106.22758587109094,1103.717431640625,41.16113552605846,1103.7056640625,41.161683649542695,5
5000,endpoint,10000,0.1,none,84,0.717620050907135,0.038382621109780635,-0.4162333428859711,0.06275939697878229,6583.8,107.0009345753578,1106.429541015625,41.24691408098273,1106.417626953125,41.24714404097586,5
5000,endpoint,10000,0.1,none,85,0.717620050907135,0.038331304261087544,-0.4160910189151764,0.0627606121390748,6582.0,105.63616804863759,1109.093896484375,41.33154092044855,1109.0817626953126,41.33168719029241,5
5000,endpoint,10000,0.1,none,86,0.7174975633621216,0.03830801307700741,-0.41594748497009276,0.06276173895471729,6581.4,105.68254349702225,1111.721826171875,41.40890138975784,1111.7094970703124,41.408913036702664,5
5000,endpoint,10000,0.1,none,87,0.7174669623374939,0.0382336813017388,-0.41580758690834047,0.06275945655887193,6579.8,105.908923136816,1114.315966796875,41.501988446130284,1114.3037841796875,41.50171414666041,5
5000,endpoint,10000,0.1,none,88,0.7173240900039672,0.03829751270581035,-0.41565359234809873,0.06275395223526292,6576.6,104.67712261998798,1116.8676513671876,41.581890332210314,1116.855322265625,41.581884710036654,5
5000,endpoint,10000,0.1,none,89,0.7172628402709961,0.03826930298061999,-0.41552117466926575,0.0627511983697724,6574.8,105.06521784111048,1119.3899658203125,41.6653990858942,1119.3776611328126,41.665439115021094,5
5000,endpoint,10000,0.1,none,90,0.7171811938285828,0.03836618838766915,-0.41538308262825013,0.06274866940112955,6571.6,103.29714420060218,1121.8701171875,41.74435706223725,1121.857958984375,41.74440395604322,5
5000,endpoint,10000,0.1,none,91,0.7171097755432129,0.03823258204805723,-0.4152452826499939,0.06274915334544455,6570.2,103.91679363798711,1124.3228515625,41.8199649661664,1124.31083984375,41.820018893201244,5
5000,endpoint,10000,0.1,none,92,0.7170281052589417,0.03831802080591455,-0.4151241958141327,0.06274902009407067,6568.2,106.30475059939701,1126.745068359375,41.90158103765432,1126.7329345703124,41.90175557565209,5
5000,endpoint,10000,0.1,none,93,0.7170485258102417,0.03826458912500043,-0.41497244834899905,0.06274182874248767,6566.6,107.53046080064941,1129.127734375,41.97915321527562,1129.115283203125,41.979156063698106,5
5000,endpoint,10000,0.1,none,94,0.7169566631317139,0.03820857233577992,-0.4148410797119141,0.06275426629615649,6564.4,108.67060320068164,1131.49013671875,42.05567782901515,1131.4774169921875,42.05585448610499,5
5000,endpoint,10000,0.1,none,95,0.7169362545013428,0.03825438620131464,-0.4147074997425079,0.06273476985126998,6561.6,108.34574287898901,1133.8221435546875,42.13781430844883,1133.809326171875,42.137705453109696,5
5000,endpoint,10000,0.1,none,96,0.716752576828003,0.03821260944161088,-0.4146009087562561,0.06274971380881254,6561.0,108.8691875601173,1136.125634765625,42.21392404755107,1136.11279296875,42.21354569122896,5
5000,endpoint,10000,0.1,none,97,0.7166505098342896,0.03822640961998226,-0.4144536256790161,0.06273567042773363,6558.6,107.27208397341779,1138.4082275390624,42.28840197005562,1138.395458984375,42.28789309250724,5
5000,endpoint,10000,0.1,none,98,0.716619896888733,0.03832327545999839,-0.414336746931076,0.06273324373610058,6558.0,107.9166344916297,1140.657421875,42.36503106796065,1140.6446533203125,42.36474336279195,5
5000,endpoint,10000,0.1,none,99,0.716640293598175,0.038272872168556314,-0.4142217993736267,0.06273019267626341,6557.8,107.29259061090845,1142.8835205078126,42.43341602069444,1142.8708251953126,42.43310008458472,5
5000,endpoint,10000,0.1,none,100,0.716507637500763,0.03828461501036348,-0.41410344243049624,0.06273563587275843,6555.2,105.63948125582594,1145.0867431640625,42.50610501153932,1145.073974609375,42.50608037068991,5
5000,endpoint,10000,0.1,none,101,0.7163953661918641,0.038204194069326215,-0.41399139165878296,0.06272923478086989,6553.2,106.29063928681585,1147.2668212890626,42.57826033897939,1147.2538818359376,42.57822087341854,5
5000,endpoint,10000,0.1,none,102,0.7163341403007507,0.03823732884253485,-0.41385798454284667,0.06273427978778841,6553.0,106.72394295564608,1149.425439453125,42.65070060304293,1149.4120849609376,42.65086367387099,5
5000,endpoint,10000,0.1,none,103,0.7162320733070373,0.03826163269648517,-0.41374666094779966,0.06273512610941089,6549.8,107.69261813142069,1151.5632080078126,42.718265356235726,1151.549853515625,42.71868398343157,5
5000,endpoint,10000,0.1,none,104,0.7162218570709229,0.03832308305243154,-0.4136326849460602,0.06271921802944858,6548.6,107.51185981090644,1153.6705322265625,42.793878863540236,1153.6569091796875,42.79409389614996,5
5000,endpoint,10000,0.1,none,105,0.7160994052886963,0.038249423310556634,-0.4135203242301941,0.06274018577548404,6545.4,107.73253918849217,1155.7608154296875,42.86191975304971,1155.7471923828125,42.86219468300045,5
5000,endpoint,10000,0.1,none,106,0.7159769415855408,0.03822374478775992,-0.41340861916542054,0.06272132987434068,6544.6,108.25340641291618,1157.8268310546875,42.92780332644381,1157.8131103515625,42.928181931125444,5
5000,endpoint,10000,0.1,none,107,0.7160483837127686,0.03829748278147683,-0.4132877826690674,0.06272338848904727,6543.6,107.92034099278968,1159.879541015625,42.99678511572744,1159.8654296875,42.996722249323874,5
5000,endpoint,10000,0.1,none,108,0.7159667372703552,0.03826825467044648,-0.41318676471710203,0.06272230840684158,6542.0,107.11675872616759,1161.9070556640625,43.0611136611593,1161.89267578125,43.061148616354636,5
5000,endpoint,10000,0.1,none,109,0.7158748865127563,0.03823172615927434,-0.41307397484779357,0.0627116226808213,6540.6,108.31112592896447,1163.916748046875,43.1257674014187,1163.902392578125,43.125849770521775,5
5000,endpoint,10000,0.1,none,110,0.7157830357551574,0.03817705938448171,-0.4129656255245209,0.06271694523181541,6538.6,107.12749413665942,1165.908642578125,43.192925661718164,1165.89443359375,43.19301669941119,5
5000,endpoint,10000,0.1,none,111,0.7157320022583008,0.038180397426298016,-0.41285115480422974,0.06271011728543685,6537.4,108.37804205649778,1167.8822998046876,43.258771388005094,1167.868017578125,43.25909281744849,5
5000,endpoint,10000,0.1,none,112,0.7156911730766297,0.03824491356785847,-0.4127513349056244,0.06271553724372292,6536.0,108.3166653844181,1169.8408935546875,43.326384384620496,1169.826513671875,43.32697721474962,5
5000,endpoint,10000,0.1,none,113,0.7156401515007019,0.038230768287055045,-0.4126519441604614,0.06270726770355733,6533.4,108.31343406983272,1171.779638671875,43.39260769326354,1171.7653076171875,43.39309325164197,5
5000,endpoint,10000,0.1,none,114,0.7155380845069885,0.03822863774780158,-0.4125439941883087,0.06270530090838203,6532.6,108.07543661720733,1173.6989501953126,43.462358197140524,1173.684228515625,43.46268163927435,5
5000,endpoint,10000,0.1,none,115,0.715548300743103,0.03818579715319763,-0.4124401032924652,0.0626974600238439,6530.4,109.1801263967028,1175.607177734375,43.52845451153371,1175.5923583984375,43.528910861903505,5
5000,endpoint,10000,0.1,none,116,0.7154462456703186,0.03823384738873537,-0.41233819127082827,0.06269198242432913,6529.6,108.96467317438253,1177.498876953125,43.59231860248004,1177.4842041015625,43.59279543723702,5
5000,endpoint,10000,0.1,none,117,0.7155176758766174,0.03814898154704681,-0.41222710609436036,0.06269286616403322,6528.4,109.01513656369009,1179.3768310546875,43.65546296046145,1179.3621337890625,43.65596149085741,5
5000,endpoint,10000,0.1,none,118,0.7153441905975342,0.03805375198753336,-0.41213728189468385,0.06268933988624721,6527.6,108.81773752472526,1181.2316650390626,43.71997910841405,1181.2169677734375,43.72065669734042,5
5000,endpoint,10000,0.1,none,119,0.7153339743614197,0.038164816141523956,-0.4120444059371948,0.06269461012394723,6524.6,109.02430921588083,1183.0717041015625,43.78904212706175,1183.0568359375,43.789543223536974,5
5000,endpoint,10000,0.1,none,120,0.7152727603912353,0.03810723055004461,-0.41194027066230776,0.0627025315383376,6525.6,109.36315650162993,1184.9005126953125,43.853872907074496,1184.8855712890625,43.85442754474964,5
5000,endpoint,10000,0.1,none,121,0.7152727603912353,0.03808291744029022,-0.4118548154830933,0.0626948768110838,6523.6,109.15722605489754,1186.7156494140625,43.914656562601,1186.7008056640625,43.91516680458079,5
5000,endpoint,10000,0.1,none,122,0.715303361415863,0.038101572551455284,-0.4117604434490204,0.06269015301380403,6521.8,108.67244360922413,1188.5129150390626,43.978966281931825,1188.4981689453125,43.97952585381047,5
5000,endpoint,10000,0.1,none,123,0.7152217268943787,0.038152530904760416,-0.4116625845432281,0.06269029930254896,6522.6,109.47967847961557,1190.2971435546874,44.043705510441384,1190.282373046875,44.04415194750369,5
5000,endpoint,10000,0.1,none,124,0.7152013301849365,0.038154394402420445,-0.411570155620575,0.0626942583523703,6520.6,109.88311972273084,1192.0686279296874,44.11131275003607,1192.053955078125,44.111978738229176,5
5000,endpoint,10000,0.1,none,125,0.7151094555854798,0.038049613654878266,-0.41147762537002563,0.06269019841759277,6519.6,110.79846569334794,1193.824853515625,44.1775261196296,1193.8100341796876,44.17841172163057,5
5000,endpoint,10000,0.1,none,126,0.7151196599006653,0.0380891153335347,-0.41138306856155393,0.06268411986737014,6519.0,110.1544370418187,1195.571826171875,44.2441795126161,1195.5567626953125,44.24513267967944,5
5000,endpoint,10000,0.1,none,127,0.7150890350341796,0.03811411885504704,-0.411299467086792,0.06269125555182756,6516.4,110.7262389860687,1197.30322265625,44.30905315758281,1197.2877685546875,44.31025028508665,5
5000,endpoint,10000,0.1,none,128,0.715038001537323,0.03811529505190586,-0.41120671629905703,0.06268579272739759,6514.4,110.66977907269897,1199.021826171875,44.37401870448457,1199.0062744140625,44.37542151890611,5
5000,endpoint,10000,0.1,none,129,0.714946162700653,0.03810567620485779,-0.41111059188842775,0.062690296936973,6512.8,110.2710297403629,1200.731201171875,44.437649729717215,1200.715576171875,44.43916403336449,5
5000,endpoint,10000,0.1,none,130,0.7148951292037964,0.03802630511640686,-0.41103150248527526,0.06268356435682364,6511.4,109.66220862266088,1202.42626953125,44.503684063670455,1202.410400390625,44.50548373253957,5
5000,endpoint,10000,0.1,none,131,0.7148236989974975,0.03804728784543199,-0.4109382092952728,0.06268245904348121,6510.4,108.77867438059722,1204.1023193359374,44.5638524847217,1204.086474609375,44.56567730012819,5
5000,endpoint,10000,0.1,none,132,0.7147522687911987,0.038063748299441286,-0.4108543872833252,0.06268280858314414,6511.0,110.31998912255204,1205.7749267578124,44.62639453818333,1205.7591552734375,44.62825096717747,5
5000,endpoint,10000,0.1,none,133,0.7147216439247132,0.03805765135537179,-0.41074455380439756,0.06267376479827978,6510.2,109.6024634759639,1207.437109375,44.68835638261057,1207.4212158203125,44.690046097641925,5
5000,endpoint,10000,0.1,none,134,0.7146195769309998,0.03811796301212501,-0.4106811285018921,0.06267686551972011,6509.4,109.73057914729148,1209.0802490234375,44.748503036907906,1209.0644775390624,44.75028000271496,5
5000,endpoint,10000,0.1,none,135,0.7145889639854431,0.03807699041847477,-0.4105870366096497,0.0626749689537413,6508.2,109.9713599079324,1210.7223388671875,44.81098992351867,1210.7065185546876,44.812848505290354,5
5000,endpoint,10000,0.1,none,136,0.7145379424095154,0.03809898395322636,-0.4105010271072388,0.06267036375311047,6507.2,110.88597747235671,1212.3462158203124,44.87216764503152,1212.3303955078125,44.874055488599716,5
5000,endpoint,10000,0.1,none,137,0.7145175337791443,0.03812144628959715,-0.4104075193405151,0.06267556475858435,6506.0,111.30363875453489,1213.96484375,44.935356910484096,1213.9489013671875,44.937578136199754,5
5000,endpoint,10000,0.1,none,138,0.7145481586456299,0.03803014377097124,-0.4103300929069519,0.06267003739956352,6505.6,110.79846569334794,1215.5718994140625,44.995392243677315,1215.5558837890626,44.99753246126756,5
5000,endpoint,10000,0.1,none,139,0.7145481467247009,0.03811880457380554,-0.4102508068084717,0.06266729633745496,6504.2,111.61406721377014,1217.165283203125,45.05380761274775,1217.149267578125,45.05561480655165,5
5000,endpoint,10000,0.1,none,140,0.7144256711006165,0.03804913536048577,-0.41016989946365356,0.06267263933080268,6503.2,111.752852312592,1218.7496826171875,45.116356115863745,1218.73359375,45.11803110717847,5
5000,endpoint,10000,0.1,none,141,0.7143440246582031,0.038112584923873545,-0.41008772850036623,0.06266909766101432,6502.2,111.72152881159477,1220.321923828125,45.16990172436482,1220.3055908203125,45.17178301722683,5
5000,endpoint,10000,0.1,none,142,0.7143338203430176,0.038119763803303834,-0.4099971354007721,0.06266795413728683,6501.8,111.64766007400245,1221.8875244140625,45.22708430976809,1221.8712646484375,45.22889395941577,5
5000,endpoint,10000,0.1,none,143,0.7142827987670899,0.03803966745085681,-0.4099184930324554,0.0626701364956125,6500.2,112.29069418255459,1223.445361328125,45.28910782966234,1223.4289306640626,45.29097031435558,5
5000,endpoint,10000,0.1,none,144,0.714211356639862,0.038050344364242365,-0.40983806848526,0.06265998492448302,6498.8,111.60734742838395,1224.992626953125,45.346131507925904,1224.9759765625,45.347595735089435,5
5000,endpoint,10000,0.1,none,145,0.7141093134880065,0.03802969195972892,-0.40976319909095765,0.06265048180894749,6497.2,112.20383237661716,1226.526904296875,45.40255834111446,1226.5102294921876,45.40392966606649,5
5000,endpoint,10000,0.1,none,146,0.714099109172821,0.03805808913011701,-0.4096729397773743,0.06265707232234308,6495.0,111.94864894227175,1228.053173828125,45.462044484315626,1228.0365478515625,45.46344537717323,5
5000,endpoint,10000,0.1,none,147,0.7140174627304077,0.03802621328867567,-0.40959147810935975,0.06264950132440143,6495.0,111.32609756925821,1229.5747314453124,45.522870643749954,1229.5580810546876,45.52447170675592,5
5000,endpoint,10000,0.1,none,148,0.7139562129974365,0.03807524267570273,-0.4095118820667267,0.06264819341854436,6494.2,112.71290964215235,1231.0816162109375,45.57868433616642,1231.0647705078125,45.580289381421736,5
5000,endpoint,10000,0.1,none,149,0.713946008682251,0.03800690897810038,-0.40944531559944153,0.06265357249551567,6493.0,112.89154086998724,1232.5774169921874,45.63021763444728,1232.5607666015626,45.63193132380461,5
5000,endpoint,20000,0.05,accuracy_drop_selector_with_resampling,-1,0.7587258368730545,0.03785871516957782,-0.48781992495059967,0.06169808441039275,0.0,0.0,0.0,0.0,0.0,0.0,4
5000,endpoint,20000,0.05,accuracy_drop_selector_with_resampling,0,0.7585217207670212,0.037793904831353343,-0.4878240376710892,0.0616926178750084,9544.0,665.0749331215744,5.401467561721802,1.522389134944753,5.401467561721802,1.522389134944753,4
5000,endpoint,20000,0.05,accuracy_drop_selector_with_resampling,1,0.7582538276910782,0.03785677046075825,-0.4876292198896408,0.06174772585491152,13750.75,1480.6715537214861,12.888347148895264,1.6663187844583212,12.888347148895264,1.6663187844583212,4
5000,endpoint,20000,0.05,accuracy_drop_selector_with_resampling,2,0.7577307820320129,0.037915100876100734,-0.4872754439711571,0.06183978633796153,13433.25,896.3021718892203,21.885236263275146,1.630050260521164,21.885236263275146,1.630050260521164,4
5000,endpoint,20000,0.05,accuracy_drop_selector_with_resampling,3,0.7569270730018616,0.03809460541835993,-0.4865841940045357,0.06194563681335537,13228.5,800.5167081329408,32.68888998031616,2.2490837984359264,32.68888998031616,2.2490837984359264,4
5000,endpoint,20000,0.05,accuracy_drop_selector_with_resampling,4,0.7557661980390549,0.03820657495919121,-0.48543842881917953,0.06200371082460803,13145.25,749.763684992367,45.4644775390625,3.1397085491635943,45.4644775390625,3.1397085491635943,4
5000,endpoint,20000,0.05,accuracy_drop_selector_with_resampling,5,0.7545032352209091,0.03805132096713483,-0.48389139771461487,0.061997965594427,13014.75,764.8639857299248,59.72918510437012,4.191053676217189,59.72918510437012,4.191053676217189,4
5000,endpoint,20000,0.05,accuracy_drop_selector_with_resampling,6,0.7530106753110886,0.038015461031876085,-0.4819813296198845,0.06189287987395539,13040.75,786.9385300009144,75.33490562438965,5.2582852765045764,75.33490562438965,5.2582852765045764,4
5000,endpoint,20000,0.05,accuracy_drop_selector_with_resampling,7,0.7514160424470901,0.03794145287441489,-0.47988175600767136,0.06170463527318446,12968.5,772.6873019965235,91.66171073913574,6.415721916412562,91.66171073913574,6.415721916412562,4
5000,endpoint,20000,0.05,accuracy_drop_selector_with_resampling,8,0.7501148134469986,0.037618704363803955,-0.47768954932689667,0.06150383575548028,12912.5,699.6782593926059,108.61330795288086,7.682558506126807,108.61330795288086,7.682558506126807,4
5000,endpoint,20000,0.05,accuracy_drop_selector_with_resampling,9,0.7487753033638,0.037238051504169666,-0.4754152223467827,0.06124539390289249,12769.75,739.0306150627321,125.79299545288086,8.77781744153474,125.79299545288086,8.77781744153474,4
5000,endpoint,20000,0.05,accuracy_drop_selector_with_resampling,10,0.7474996149539948,0.037273975134124226,-0.47318117320537567,0.06099659246401329,12692.0,684.9676391382783,143.24113082885742,9.739619817241838,143.24113082885742,9.739619817241838,4
5000,endpoint,20000,0.05,accuracy_drop_selector_with_resampling,11,0.7461218535900116,0.037211291930329925,-0.47095800936222076,0.06073969141315858,12617.25,718.2536111987185,160.77497482299805,10.59137713027157,160.77497482299805,10.59137713027157,4
5000,endpoint,20000,0.05,accuracy_drop_selector_with_resampling,12,0.7449226975440979,0.037126953134685725,-0.4687415212392807,0.06049774298473467,12538.25,672.6397624285975,178.41868209838867,11.310020358277155,178.41868209838867,11.310020358277155,4
5000,endpoint,20000,0.05,accuracy_drop_selector_with_resampling,13,0.7435576915740967,0.037105989727404524,-0.46654774993658066,0.06028127837668832,12463.75,707.1281708431648,196.1754608154297,11.917161123231635,196.1754608154297,11.917161123231635,4
5000,endpoint,20000,0.05,accuracy_drop_selector_with_resampling,14,0.742358535528183,0.036900063809699436,-0.4643765166401863,0.06011839178667386,12405.25,656.6096633464969,213.92840194702148,12.472401198304443,213.92840194702148,12.472401198304443,4
5000,endpoint,20000,0.05,accuracy_drop_selector_with_resampling,15,0.7410190403461456,0.036892404659167724,-0.46225352585315704,0.05993004194647119,12348.25,718.4276233553384,231.6012077331543,12.98262512819706,231.6012077331543,12.98262512819706,4
5000,endpoint,20000,0.05,accuracy_drop_selector_with_resampling,16,0.7397050559520721,0.036828778158394436,-0.4601646885275841,0.059795162053701625,12316.0,653.3865624574781,249.22170639038086,13.422511079870265,249.22170639038086,13.422511079870265,4
5000,endpoint,20000,0.05,accuracy_drop_selector_with_resampling,17,0.7384038418531418,0.03670318293498324,-0.45810313522815704,0.05967431986209781,12244.0,677.8854377154496,266.7538757324219,13.769827548078897,266.7538757324219,13.769827548078897,4
5000,endpoint,20000,0.05,accuracy_drop_selector_with_resampling,18,0.7373449951410294,0.03663845052876632,-0.45608989149332047,0.059542925947886724,12180.5,650.3160769964095,284.0854721069336,13.995920488896827,284.0854721069336,13.995920488896827,4
5000,endpoint,20000,0.05,accuracy_drop_selector_with_resampling,19,0.7361713498830795,0.036653186081684275,-0.45413738489151,0.05943134106550762,12121.0,686.1996793936878,301.358642578125,14.297700846011246,301.358642578125,14.297700846011246,4
5000,endpoint,20000,0.05,accuracy_drop_selector_with_resampling,20,0.7348701357841492,0.03654644720982006,-0.45220838487148285,0.05930749113349778,12072.0,674.6040814186249,318.46302795410156,14.578224633188745,318.46302795410156,14.578224633188745,4
5000,endpoint,20000,0.05,accuracy_drop_selector_with_resampling,21,0.7339898943901062,0.03647637542255905,-0.4503198489546776,0.05921797405150699,12067.75,694.6401346500695,335.48150634765625,14.813854730897337,335.48150634765625,14.813854730897337,4
5000,endpoint,20000,0.05,accuracy_drop_selector_with_resampling,22,0.7328417599201202,0.036354681660997264,-0.4485045224428177,0.05912476005672115,12003.5,688.4777895231383,352.34752655029297,15.118021179579626,352.34752655029297,15.118021179579626,4
5000,endpoint,20000,0.05,accuracy_drop_selector_with_resampling,23,0.7316681146621704,0.03634372270019219,-0.44669433683156967,0.05901465020019185,11969.0,676.4303363983611,369.1139373779297,15.487040933950537,369.1139373779297,15.487040933950537,4
5000,endpoint,20000,0.05,accuracy_drop_selector_with_resampling,24,0.7306092828512192,0.03612391620939683,-0.4449473172426224,0.05892616421576907,11954.5,691.1027420000589,385.74817657470703,15.874839874274432,385.74817657470703,15.874839874274432,4
5000,endpoint,20000,0.05,accuracy_drop_selector_with_resampling,25,0.7295376807451248,0.03616468287117957,-0.4432423412799835,0.05884959839989586,11896.5,703.4119229394206,402.18399810791016,16.27966426318435,402.18399810791016,16.27966426318435,4
5000,endpoint,20000,0.05,accuracy_drop_selector_with_resampling,26,0.7285681515932083,0.03613191252069067,-0.4415643960237503,0.058719051776657,11857.75,663.2326766175904,418.47503662109375,16.731839868382085,418.47503662109375,16.731839868382085,4
5000,endpoint,20000,0.05,accuracy_drop_selector_with_resampling,27,0.727751687169075,0.03618138528176734,-0.43990524858236313,0.058617931559669,11797.75,689.2858018751486,434.5679244995117,17.24000815499529,434.5679244995117,17.24000815499529,4
5000,endpoint,20000,0.05,accuracy_drop_selector_with_resampling,28,0.7267821580171585,0.03600563425664278,-0.4383200705051422,0.05854173323555688,11801.0,650.8041179955763,450.6462936401367,17.75056507071311,450.6462936401367,17.75056507071311,4
5000,endpoint,20000,0.05,accuracy_drop_selector_with_resampling,29,0.7258381396532059,0.03613821296956461,-0.43675748258829117,0.05845514845249174,11790.5,676.1481593063264,466.4697036743164,18.222422066379604,466.4697036743164,18.222422066379604,4
5000,endpoint,20000,0.05,accuracy_drop_selector_with_resampling,30,0.7249196320772171,0.03611917483020675,-0.43524812161922455,0.0583479058471663,11798.75,669.1792858918054,482.1817932128906,18.800215931994725,482.1817932128906,18.800215931994725,4
5000,endpoint,20000,0.05,accuracy_drop_selector_with_resampling,31,0.724141463637352,0.03610959808023581,-0.43376240134239197,0.05824785981303401,11733.25,662.670544086577,497.80811309814453,19.357906227535995,497.80811309814453,19.357906227535995,4
5000,endpoint,20000,0.05,accuracy_drop_selector_with_resampling,32,0.7231719195842743,0.03596717421683923,-0.43229999393224716,0.058159093227161604,11661.25,669.4063912651766,513.3276138305664,19.94381340998292,513.3276138305664,19.94381340998292,4
5000,endpoint,20000,0.05,accuracy_drop_selector_with_resampling,33,0.7222406566143036,0.03580538632749024,-0.4308473467826843,0.05804492371078974,11688.5,664.0133030795894,528.7633972167969,20.522452681034014,528.7633972167969,20.522452681034014,4
5000,endpoint,20000,0.05,accuracy_drop_selector_with_resampling,34,0.7212838679552078,0.03582400189641552,-0.4294419139623642,0.057988648661297965,11658.75,680.989659735496,544.0480346679688,21.169272405759873,544.0480346679688,21.169272405759873,4
5000,endpoint,20000,0.05,accuracy_drop_selector_with_resampling,35,0.7203908711671829,0.03566630527178775,-0.4280639961361885,0.05790823751112923,11653.0,700.0295231869392,559.2349090576172,21.858746306693646,559.2349090576172,21.858746306693646,4
5000,endpoint,20000,0.05,accuracy_drop_selector_with_resampling,36,0.719548910856247,0.0356598455717181,-0.42667657881975174,0.05782209381085098,11619.25,698.9551130079814,574.2769165039062,22.5400371334728,574.2769165039062,22.5400371334728,4
5000,endpoint,20000,0.05,accuracy_drop_selector_with_resampling,37,0.7187707275152206,0.03565409585415733,-0.42535585165023804,0.057764701425345226,11557.0,665.7632211730133,589.1908264160156,23.231811246908777,589.1908264160156,23.231811246908777,4
5000,endpoint,20000,0.05,accuracy_drop_selector_with_resampling,38,0.718132883310318,0.035632496570849555,-0.4240645319223404,0.057704957268773366,11605.5,681.3195530243744,604.0369262695312,23.9831653276973,604.0369262695312,23.9831653276973,4
5000,endpoint,20000,0.05,accuracy_drop_selector_with_resampling,39,0.7173419147729874,0.03553319349123847,-0.4227822721004486,0.057632662575507726,11582.5,685.4125278497128,618.7687377929688,24.752724374054154,618.7687377929688,24.752724374054154,4
5000,endpoint,20000,0.05,accuracy_drop_selector_with_resampling,40,0.7167806178331375,0.0355343169531461,-0.42153793573379517,0.05757610207468578,11568.0,638.606816959126,633.3722686767578,25.519321938351954,633.3722686767578,25.519321938351954,4
5000,endpoint,20000,0.05,accuracy_drop_selector_with_resampling,41,0.7160024493932724,0.03544313641151973,-0.4203215464949608,0.05754881645221554,11516.5,654.844765319741,647.8367767333984,26.331107262745405,647.8367767333984,26.331107262745405,4
5000,endpoint,20000,0.05,accuracy_drop_selector_with_resampling,42,0.7153518348932266,0.03542749953073815,-0.4190923944115639,0.05750884981519213,11529.5,678.7628451823214,662.2980499267578,27.128641179855073,662.2980499267578,27.128641179855073,4
5000,endpoint,20000,0.05,accuracy_drop_selector_with_resampling,43,0.714624673128128,0.035291385968253756,-0.4178864359855652,0.05747394263170833,11510.0,639.1129269020721,676.6055145263672,27.942150489514724,676.6055145263672,27.942150489514724,4
5000,endpoint,20000,0.05,accuracy_drop_selector_with_resampling,44,0.7139613181352615,0.03526185805763559,-0.4167215824127197,0.0574510577170332,11480.5,651.1418176301279,690.8500061035156,28.74534618603335,690.8500061035156,28.74534618603335,4
5000,endpoint,20000,0.05,accuracy_drop_selector_with_resampling,45,0.7134382873773575,0.035313624179973725,-0.41556746512651443,0.05743595236082366,11472.75,629.7223594569276,704.9421539306641,29.565744266127954,704.9421539306641,29.565744266127954,4
5000,endpoint,20000,0.05,accuracy_drop_selector_with_resampling,46,0.7127493917942047,0.03568339493297925,-0.41443736106157303,0.057438670483202225,11488.25,641.9378864033498,718.9840698242188,30.343682875519708,718.9840698242188,30.343682875519708,4
5000,endpoint,20000,0.05,accuracy_drop_selector_with_resampling,47,0.7123029232025146,0.03557750770883612,-0.41336656361818314,0.05743011750207273,11438.0,623.0398596130641,732.912841796875,31.18686123823239,732.912841796875,31.18686123823239,4
5000,endpoint,20000,0.05,accuracy_drop_selector_with_resampling,48,0.7118308991193771,0.03565230583424203,-0.4122761860489845,0.05743793379635948,11459.0,602.2950550463895,746.7978210449219,31.97320644114611,746.7978210449219,31.97320644114611,4
5000,endpoint,20000,0.05,accuracy_drop_selector_with_resampling,49,0.7112695723772049,0.035641456462593715,-0.4112241640686989,0.05745108246099827,11443.75,674.4935754574193,760.5081939697266,32.76649915873336,760.5081939697266,32.76649915873336,4
5000,endpoint,20000,0.05,accuracy_drop_selector_with_resampling,50,0.7105296701192856,0.03572897354880372,-0.4101623222231865,0.05746637868964717,11435.75,678.1481524465481,774.4419708251953,33.39128548490636,774.4419708251953,33.39128548490636,4
5000,endpoint,20000,0.05,accuracy_drop_selector_with_resampling,51,0.7101214528083801,0.035644615489043976,-0.40913067013025284,0.05746695291241333,11418.5,673.0039623459385,784.1985015869141,33.86146619915602,784.1985015869141,33.86146619915602,4
5000,endpoint,20000,0.05,accuracy_drop_selector_with_resampling,52,0.709572896361351,0.035665896732321116,-0.40842073410749435,0.05748332894394433,11408.75,678.3152536493141,792.1486206054688,34.29722419092497,792.1486206054688,34.29722419092497,4
5000,endpoint,20000,0.05,accuracy_drop_selector_with_resampling,53,0.7093560248613358,0.035845596179498354,-0.40781740844249725,0.05747562674872843,11397.25,679.174682979276,798.9964904785156,34.616262385689495,798.9964904785156,34.616262385689495,4
5000,endpoint,20000,0.05,accuracy_drop_selector_with_resampling,54,0.709049865603447,0.035918376200912754,-0.40732426196336746,0.05748252112611537,11382.0,676.4303363983611,805.0879058837891,34.897469485736295,805.0879058837891,34.897469485736295,4
5000,endpoint,20000,0.05,accuracy_drop_selector_with_resampling,55,0.7088967710733414,0.03587180678547769,-0.40688594430685043,0.05747973493597444,11372.75,676.2895706229199,810.6226043701172,35.162481991529255,810.6226043701172,35.162481991529255,4
5000,endpoint,20000,0.05,accuracy_drop_selector_with_resampling,56,0.7086033523082733,0.03584368435857606,-0.40651092678308487,0.05748541188275957,11363.0,676.7604204344892,815.7251892089844,35.39926396818981,815.7251892089844,35.39926396818981,4
5000,endpoint,20000,0.05,accuracy_drop_selector_with_resampling,57,0.7084502875804901,0.03584910746202862,-0.40613313019275665,0.05747947779087786,11356.5,678.8119523599055,820.4812622070312,35.61206500165685,820.4812622070312,35.61206500165685,4
5000,endpoint,20000,0.05,accuracy_drop_selector_with_resampling,58,0.708131343126297,0.03585876734655892,-0.4057963043451309,0.05747914744379802,11348.0,682.6717122209376,824.9372406005859,35.800077974459384,824.9372406005859,35.800077974459384,4
5000,endpoint,20000,0.05,accuracy_drop_selector_with_resampling,59,0.7079272419214249,0.03586329795736546,-0.40548665821552277,0.0574792998994217,11341.0,678.009341135258,829.1717834472656,35.98633771520976,829.1717834472656,35.98633771520976,4
5000,endpoint,20000,0.05,accuracy_drop_selector_with_resampling,60,0.7078251838684082,0.03596378543472942,-0.4051831588149071,0.057473985970745774,11333.0,678.3494674575929,833.1793212890625,36.166780285759344,833.1793212890625,36.166780285759344,4
5000,endpoint,20000,0.05,accuracy_drop_selector_with_resampling,61,0.7076210528612137,0.03601287307135007,-0.4049006551504135,0.057476186664914906,11328.0,679.0287180966649,837.0148468017578,36.32190513604171,837.0148468017578,36.32190513604171,4
5000,endpoint,20000,0.05,accuracy_drop_selector_with_resampling,62,0.7074807435274124,0.035872979176929456,-0.40465859323740005,0.05746668353296238,11323.75,677.9146332688209,840.6845703125,36.48367293235092,840.6845703125,36.48367293235092,4
5000,endpoint,20000,0.05,accuracy_drop_selector_with_resampling,63,0.7073276489973068,0.03591754696561468,-0.40436577796936035,0.05745851157134591,11314.75,672.9385187370389,844.2088317871094,36.61127982461585,844.2088317871094,36.61127982461585,4
5000,endpoint,20000,0.05,accuracy_drop_selector_with_resampling,64,0.7070980370044708,0.03589499425622162,-0.4041246324777603,0.057466716105579206,11310.5,675.1269016513364,847.6124420166016,36.75328531139664,847.6124420166016,36.75328531139664,4
5000,endpoint,20000,0.05,accuracy_drop_selector_with_resampling,65,0.7070342451334,0.0358694570252998,-0.403888039290905,0.057446498745772866,11304.75,676.8413772812652,850.9022521972656,36.88359268812434,850.9022521972656,36.88359268812434,4
5000,endpoint,20000,0.05,accuracy_drop_selector_with_resampling,66,0.7068939059972763,0.03594219604758206,-0.403661273419857,0.0574511937880489,11297.75,673.0390652356914,854.0855712890625,36.997642955532896,854.0855712890625,36.997642955532896,4
5000,endpoint,20000,0.05,accuracy_drop_selector_with_resampling,67,0.7067791074514389,0.03587155804647275,-0.4034487083554268,0.057452247436501916,11287.25,675.578455843583,857.1661224365234,37.11683170017111,857.1661224365234,37.11683170017111,4
5000,endpoint,20000,0.05,accuracy_drop_selector_with_resampling,68,0.7066260278224945,0.03589360959248315,-0.40322037041187286,0.05744246430326446,11284.0,679.9259763631136,860.1668701171875,37.22779231726959,860.1668701171875,37.22779231726959,4
5000,endpoint,20000,0.05,accuracy_drop_selector_with_resampling,69,0.7065239399671555,0.035893615446393703,-0.4030201956629753,0.05744315846666496,11276.5,679.7158720132013,863.0823059082031,37.33053915220821,863.0823059082031,37.33053915220821,4
5000,endpoint,20000,0.05,accuracy_drop_selector_with_resampling,70,0.706409141421318,0.03582372344301699,-0.4028278663754463,0.057441528528043,11270.25,673.8552638858486,865.9241333007812,37.43825519507367,865.9241333007812,37.43825519507367,4
5000,endpoint,20000,0.05,accuracy_drop_selector_with_resampling,71,0.7062305361032486,0.035744458710592154,-0.40261369198560715,0.057436982696547456,11263.75,675.3682328922497,868.6945343017578,37.54208543196869,868.6945343017578,37.54208543196869,4
5000,endpoint,20000,0.05,accuracy_drop_selector_with_resampling,72,0.7061922699213028,0.03574184558774179,-0.4024292752146721,0.057425311600036194,11258.0,675.7973068901651,871.3927307128906,37.63398157018991,871.3927307128906,37.63398157018991,4
5000,endpoint,20000,0.05,accuracy_drop_selector_with_resampling,73,0.7061029821634293,0.03585460154379917,-0.4022395685315132,0.0574297327049439,11254.5,674.4363078403574,874.0525970458984,37.73046982552473,874.0525970458984,37.73046982552473,4
5000,endpoint,20000,0.05,accuracy_drop_selector_with_resampling,74,0.7060136795043945,0.03575740057010445,-0.4020470529794693,0.05742156174430176,11248.25,673.4292217201944,876.6343841552734,37.825862603606424,876.6343841552734,37.825862603606424,4
5000,endpoint,20000,0.05,accuracy_drop_selector_with_resampling,75,0.7059371471405029,0.03577040717924522,-0.4018673375248909,0.05741472211742938,11244.25,673.1925801730141,879.1705627441406,37.90323038070625,879.1705627441406,37.90323038070625,4
5000,endpoint,20000,0.05,accuracy_drop_selector_with_resampling,76,0.7058095633983612,0.03581758504806843,-0.4017038121819496,0.057426296402124856,11240.5,675.3233793277608,881.6525268554688,37.98462916937375,881.6525268554688,37.98462916937375,4
5000,endpoint,20000,0.05,accuracy_drop_selector_with_resampling,77,0.7057712823152542,0.03577731764137666,-0.40152862668037415,0.05741017170550302,11234.25,675.4674307470347,884.0799865722656,38.07270063738736,884.0799865722656,38.07270063738736,4
5000,endpoint,20000,0.05,accuracy_drop_selector_with_resampling,78,0.7057330161333084,0.03578052850396613,-0.4013616517186165,0.05741255723971889,11228.5,675.5573008018392,886.4614410400391,38.14561406507714,886.4614410400391,38.14561406507714,4
5000,endpoint,20000,0.05,accuracy_drop_selector_with_resampling,79,0.7056054472923279,0.0358070476261267,-0.4012037441134453,0.05741373834296631,11226.0,676.3229011845352,888.8117828369141,38.222776466813926,888.8117828369141,38.222776466813926,4
5000,endpoint,20000,0.05,accuracy_drop_selector_with_resampling,80,0.7054906338453293,0.03568674639590295,-0.4010278210043907,0.05741182463035992,11224.5,674.647809354382,891.1171112060547,38.30203137479967,891.1171112060547,38.30203137479967,4
5000,endpoint,20000,0.05,accuracy_drop_selector_with_resampling,81,0.7054396122694016,0.03571960980276611,-0.40087516605854034,0.0574063836524346,11217.25,674.7258085079203,893.3756408691406,38.37758856964696,893.3756408691406,38.37758856964696,4
5000,endpoint,20000,0.05,accuracy_drop_selector_with_resampling,82,0.7052099704742432,0.035747366412511965,-0.40073857456445694,0.057412250665087435,11213.25,676.5507495130478,895.6038665771484,38.451931414033126,895.6038665771484,38.451931414033126,4
5000,endpoint,20000,0.05,accuracy_drop_selector_with_resampling,83,0.7051972299814224,0.03579951491925089,-0.40056832879781723,0.05740450235535085,11208.75,677.2534606777583,897.7898559570312,38.51545445483108,897.7898559570312,38.51545445483108,4
5000,endpoint,20000,0.05,accuracy_drop_selector_with_resampling,84,0.7050441354513168,0.03573384146413766,-0.40044504404067993,0.05740512139371821,11203.25,677.3597640840501,899.9434509277344,38.584378888198685,899.9434509277344,38.584378888198685,4
5000,endpoint,20000,0.05,accuracy_drop_selector_with_resampling,85,0.704980343580246,0.03577887245551159,-0.4002735912799835,0.05738680144114992,11200.0,677.5076875332609,902.0663299560547,38.652656461173734,902.0663299560547,38.652656461173734,4
5000,endpoint,20000,0.05,accuracy_drop_selector_with_resampling,86,0.7049293369054794,0.03571134823181488,-0.40013908594846725,0.05739789680902562,11197.0,679.8225258599973,904.1497039794922,38.717087105520356,904.1497039794922,38.717087105520356,4
5000,endpoint,20000,0.05,accuracy_drop_selector_with_resampling,87,0.7048910707235336,0.035671054532100156,-0.40001077204942703,0.057399065410812605,11190.5,679.9865194742222,906.2137145996094,38.7888474654217,906.2137145996094,38.7888474654217,4
5000,endpoint,20000,0.05,accuracy_drop_selector_with_resampling,88,0.7047762423753738,0.03557348999168394,-0.39985327422618866,0.05740156368624005,11187.0,679.93431055262,908.2458038330078,38.85145998449021,908.2458038330078,38.85145998449021,4
5000,endpoint,20000,0.05,accuracy_drop_selector_with_resampling,89,0.7047762423753738,0.035568732497172253,-0.39971621334552765,0.05739046111398011,11182.25,676.9585782502993,910.2509765625,38.91025685882429,910.2509765625,38.91025685882429,4
5000,endpoint,20000,0.05,accuracy_drop_selector_with_resampling,90,0.7045976519584656,0.03548291796731032,-0.3995957374572754,0.057405923314663064,11178.5,674.2548973990969,912.2297821044922,38.972671121956445,912.2297821044922,38.972671121956445,4
5000,endpoint,20000,0.05,accuracy_drop_selector_with_resampling,91,0.7046103924512863,0.0355533993129659,-0.3994502127170563,0.057399458207718815,11175.0,674.2526727174811,914.1796264648438,39.02809852722574,914.1796264648438,39.02809852722574,4
5000,endpoint,20000,0.05,accuracy_drop_selector_with_resampling,92,0.7045210897922516,0.03546082785410878,-0.39933035522699356,0.057397914665472685,11170.25,671.3227614195723,916.1081237792969,39.08139607977603,916.1081237792969,39.08139607977603,4
5000,endpoint,20000,0.05,accuracy_drop_selector_with_resampling,93,0.7043807804584503,0.03552381235574488,-0.3991807773709297,0.05739236946375969,11167.0,671.0196221671415,918.0155487060547,39.1486184222313,918.0155487060547,39.1486184222313,4
5000,endpoint,20000,0.05,accuracy_drop_selector_with_resampling,94,0.7043807804584503,0.03545345756854757,-0.3990585282444954,0.05737790584291726,11164.25,672.9657618829257,919.8939819335938,39.201266142408535,919.8939819335938,39.201266142408535,4
5000,endpoint,20000,0.05,accuracy_drop_selector_with_resampling,95,0.7042787224054337,0.035506114932499645,-0.39894768595695496,0.05738233058335073,11158.5,675.4517007158987,921.7490081787109,39.25959036571402,921.7490081787109,39.25959036571402,4
5000,endpoint,20000,0.05,accuracy_drop_selector_with_resampling,96,0.704202190041542,0.035476552041272834,-0.39880821853876114,0.05737825605588393,11155.0,674.5907401281659,923.5819854736328,39.313383171412724,923.5819854736328,39.313383171412724,4
5000,endpoint,20000,0.05,accuracy_drop_selector_with_resampling,97,0.7041256278753281,0.03546387902641748,-0.3987000212073326,0.057374613865246844,11149.25,674.0921672887173,925.3980560302734,39.37244347146891,925.3980560302734,39.37244347146891,4
5000,endpoint,20000,0.05,accuracy_drop_selector_with_resampling,98,0.7040618360042572,0.03554889616364861,-0.398559033870697,0.057367416333120404,11145.0,672.0342253189193,927.1912536621094,39.42613865153886,927.1912536621094,39.42613865153886,4
5000,endpoint,20000,0.05,accuracy_drop_selector_with_resampling,99,0.7040108144283295,0.035491944362318506,-0.3984387144446373,0.057365515312134685,11140.75,671.4975179899526,928.9599761962891,39.47659209620953,928.9599761962891,39.47659209620953,4
5000,endpoint,20000,0.05,accuracy_drop_selector_with_resampling,100,0.7039470374584198,0.03550191632417114,-0.39833080768585205,0.0573740298363834,11138.25,670.0021766133799,930.7158355712891,39.53203246388827,930.7158355712891,39.53203246388827,4
5000,endpoint,20000,0.05,accuracy_drop_selector_with_resampling,101,0.7038577347993851,0.03559524451304812,-0.3981976732611656,0.057360008812015084,11133.25,669.4571806072937,932.4508361816406,39.58258695890586,932.4508361816406,39.58258695890586,4
5000,endpoint,20000,0.05,accuracy_drop_selector_with_resampling,102,0.7038194686174393,0.03545771088830454,-0.3980804681777954,0.05734708589027685,11129.0,669.9955223730976,934.1667327880859,39.63678264040632,934.1667327880859,39.63678264040632,4
5000,endpoint,20000,0.05,accuracy_drop_selector_with_resampling,103,0.7037046700716019,0.03546508033996964,-0.3979775384068489,0.05734559441082386,11123.75,673.3029902404019,935.8676910400391,39.68565530276935,935.8676910400391,39.68565530276935,4
5000,endpoint,20000,0.05,accuracy_drop_selector_with_resampling,104,0.7037684470415115,0.035482178005056764,-0.3978472426533699,0.05735180620058312,11122.25,672.6546290630877,937.5499877929688,39.73557810947053,937.5499877929688,39.73557810947053,4
5000,endpoint,20000,0.05,accuracy_drop_selector_with_resampling,105,0.7036025673151016,0.03546050406476547,-0.39774881303310394,0.05735097951117309,11117.75,669.8678352232376,939.2174072265625,39.78757886572299,939.2174072265625,39.78757886572299,4
5000,endpoint,20000,0.05,accuracy_drop_selector_with_resampling,106,0.703564316034317,0.03549613129371862,-0.39762380719184875,0.057346791135488955,11112.75,667.3067135882869,940.8656921386719,39.84186553741899,940.8656921386719,39.84186553741899,4
5000,endpoint,20000,0.05,accuracy_drop_selector_with_resampling,107,0.703577071428299,0.03545413733800842,-0.39751990884542465,0.057340299044950284,11111.0,668.3876120934618,942.4947662353516,39.88953497690178,942.4947662353516,39.88953497690178,4
5000,endpoint,20000,0.05,accuracy_drop_selector_with_resampling,108,0.7034622579813004,0.035521265874859695,-0.39742041379213333,0.057347852666935074,11109.5,669.5832036921674,944.1101989746094,39.93453548519338,944.1101989746094,39.93453548519338,4
5000,endpoint,20000,0.05,accuracy_drop_selector_with_resampling,109,0.7033984810113907,0.0354369770906666,-0.3972928300499916,0.05733923926850134,11107.0,670.212404142647,945.7167663574219,39.985424130050504,945.7167663574219,39.985424130050504,4
5000,endpoint,20000,0.05,accuracy_drop_selector_with_resampling,110,0.7033474445343018,0.03545386559588987,-0.39720094203948975,0.05734922333112552,11104.25,670.1384807137501,947.3050231933594,40.03487545141935,947.3050231933594,40.03487545141935,4
5000,endpoint,20000,0.05,accuracy_drop_selector_with_resampling,111,0.703258141875267,0.0354371989048876,-0.39708565920591354,0.057340232759467494,11102.75,671.3202787542372,948.8785247802734,40.08630747071967,948.8785247802734,40.08630747071967,4
5000,endpoint,20000,0.05,accuracy_drop_selector_with_resampling,112,0.703270897269249,0.03555761633256523,-0.39698219299316406,0.057336722850372814,11099.75,671.0009314449571,950.4361267089844,40.14028189385833,950.4361267089844,40.14028189385833,4
5000,endpoint,20000,0.05,accuracy_drop_selector_with_resampling,113,0.7031178176403046,0.03551691683205129,-0.3968842476606369,0.05733982232271067,11097.5,672.1455695507236,951.9790344238281,40.187988953192274,951.9790344238281,40.187988953192274,4
5000,endpoint,20000,0.05,accuracy_drop_selector_with_resampling,114,0.7031305730342865,0.03545887045570496,-0.3967691957950592,0.05733285210200908,11095.5,671.5219033409608,953.5119323730469,40.2403133456023,953.5119323730469,40.2403133456023,4
5000,endpoint,20000,0.05,accuracy_drop_selector_with_resampling,115,0.7030922919511795,0.03546050406476547,-0.3966749310493469,0.05732377568546558,11091.25,671.1251125287048,955.0276031494141,40.285250765994824,955.0276031494141,40.285250765994824,4
5000,endpoint,20000,0.05,accuracy_drop_selector_with_resampling,116,0.7030667811632156,0.035529147288194014,-0.39658044278621674,0.0573350863305362,11088.5,671.2979964218573,956.5337371826172,40.33103563748214,956.5337371826172,40.33103563748214,4
5000,endpoint,20000,0.05,accuracy_drop_selector_with_resampling,117,0.702990248799324,0.03547770480558245,-0.3964765667915344,0.05732520984329209,11084.25,670.0633676501549,958.0246887207031,40.38188005283707,958.0246887207031,40.38188005283707,4
5000,endpoint,20000,0.05,accuracy_drop_selector_with_resampling,118,0.7028754353523254,0.03547754952407398,-0.39637957513332367,0.05732972822409276,11082.0,671.2679544464094,959.5097045898438,40.42841270869561,959.5097045898438,40.42841270869561,4
5000,endpoint,20000,0.05,accuracy_drop_selector_with_resampling,119,0.7028754502534866,0.035533870421685584,-0.3962811529636383,0.05731927735423421,11079.75,670.3602887005366,960.9749755859375,40.47663958550197,960.9749755859375,40.47663958550197,4
5000,endpoint,20000,0.05,accuracy_drop_selector_with_resampling,120,0.7028499245643616,0.03546174364398041,-0.3961821347475052,0.05731622668957326,11074.25,670.4592331628622,962.4310607910156,40.51982954665316,962.4310607910156,40.51982954665316,4
5000,endpoint,20000,0.05,accuracy_drop_selector_with_resampling,121,0.70277339220047,0.03544918690033444,-0.39610521495342255,0.057329490267181614,11070.25,670.480611203635,963.8718719482422,40.5703103594016,963.8718719482422,40.5703103594016,4
5000,endpoint,20000,0.05,accuracy_drop_selector_with_resampling,122,0.7026968449354172,0.035453945873943855,-0.3959881663322449,0.05731657834902376,11066.75,667.4815228403954,965.3092498779297,40.612044024011816,965.3092498779297,40.612044024011816,4
5000,endpoint,20000,0.05,accuracy_drop_selector_with_resampling,123,0.7026202827692032,0.03545903635946856,-0.3958918824791908,0.05731773028076232,11063.5,667.5100498619228,966.7326812744141,40.657134996724054,966.7326812744141,40.657134996724054,4
5000,endpoint,20000,0.05,accuracy_drop_selector_with_resampling,124,0.7025947719812393,0.03543406345040854,-0.395815372467041,0.057324512623275,11062.25,668.9745261717121,968.1468048095703,40.700450791410944,968.1468048095703,40.700450791410944,4
5000,endpoint,20000,0.05,accuracy_drop_selector_with_resampling,125,0.7025692611932755,0.03546824300226013,-0.39570875465869904,0.05731744624949736,11060.5,668.1718840737514,969.5474700927734,40.74536546978968,969.5474700927734,40.74536546978968,4
5000,endpoint,20000,0.05,accuracy_drop_selector_with_resampling,126,0.7025054693222046,0.03551829487475818,-0.39562181383371353,0.05731239669005006,11058.5,671.2965067688048,970.9384613037109,40.79189575741037,970.9384613037109,40.79189575741037,4
5000,endpoint,20000,0.05,accuracy_drop_selector_with_resampling,127,0.7024034261703491,0.03552291255990241,-0.3955423906445503,0.05731951616155897,11055.25,668.030625545466,972.3182983398438,40.83488291884593,972.3182983398438,40.83488291884593,4
5000,endpoint,20000,0.05,accuracy_drop_selector_with_resampling,128,0.7024034261703491,0.03549199437223874,-0.3954363614320755,0.05730814096428814,11054.0,670.232298038026,973.6909027099609,40.87867571157375,973.6909027099609,40.87867571157375,4
5000,endpoint,20000,0.05,accuracy_drop_selector_with_resampling,129,0.7023779153823853,0.035492128839929145,-0.3953549563884735,0.057318140586734595,11052.0,668.9529131411268,975.0503845214844,40.91894412910717,975.0503845214844,40.91894412910717,4
5000,endpoint,20000,0.05,accuracy_drop_selector_with_resampling,130,0.7023268789052963,0.035420333798805305,-0.39525382220745087,0.05729931280070621,11049.25,667.9313213197896,976.4045257568359,40.96240741450294,976.4045257568359,40.96240741450294,4
5000,endpoint,20000,0.05,accuracy_drop_selector_with_resampling,131,0.7022886127233505,0.035498868558049956,-0.39517007023096085,0.05729695131426672,11043.25,668.2636081667174,977.7486114501953,41.004798206104816,977.7486114501953,41.004798206104816,4
5000,endpoint,20000,0.05,accuracy_drop_selector_with_resampling,132,0.7022631019353867,0.035507301829842415,-0.39508771896362305,0.05731018861128738,11042.0,670.2138962052836,979.0826873779297,41.04674066533743,979.0826873779297,41.04674066533743,4
5000,endpoint,20000,0.05,accuracy_drop_selector_with_resampling,133,0.7021610289812088,0.03556503390175368,-0.394995279610157,0.05729405160879356,11036.0,670.986835439663,980.4042510986328,41.08680183154606,980.4042510986328,41.08680183154606,4
5000,endpoint,20000,0.05,accuracy_drop_selector_with_resampling,134,0.7021737843751907,0.035530662791173666,-0.39490165561437607,0.0573018431405098,11036.25,672.4395264011974,981.7211456298828,41.13251323782411,981.7211456298828,41.13251323782411,4
5000,endpoint,20000,0.05,accuracy_drop_selector_with_resampling,135,0.7020972520112991,0.035572417709736986,-0.39483100920915604,0.057299936694897795,11032.5,671.4792128825235,983.0304260253906,41.17632492884634,983.0304260253906,41.17632492884634,4
5000,endpoint,20000,0.05,accuracy_drop_selector_with_resampling,136,0.7020717412233353,0.03560235195576036,-0.3947247639298439,0.057293642971934254,11031.25,670.9577110369922,984.3334503173828,41.217421520191614,984.3334503173828,41.217421520191614,4
5000,endpoint,20000,0.05,accuracy_drop_selector_with_resampling,137,0.7019952088594437,0.035572417709736986,-0.39464975893497467,0.05728322387596368,11028.75,673.4415960818973,985.62158203125,41.26058153526261,985.62158203125,41.26058153526261,4
5000,endpoint,20000,0.05,accuracy_drop_selector_with_resampling,138,0.7019824534654617,0.03557630572227696,-0.3945726975798607,0.05729535370625883,11025.5,673.5797403920835,986.9043273925781,41.30375443397003,986.9043273925781,41.30375443397003,4
5000,endpoint,20000,0.05,accuracy_drop_selector_with_resampling,139,0.7019314169883728,0.03555523279342229,-0.3944701552391052,0.05729539728366765,11024.75,673.3158619845518,988.1806488037109,41.34749815702585,988.1806488037109,41.34749815702585,4
5000,endpoint,20000,0.05,accuracy_drop_selector_with_resampling,140,0.7018803954124451,0.0355762963679428,-0.3944002687931061,0.0572948800942,11023.25,673.0415415608956,989.4447174072266,41.389786961142185,989.4447174072266,41.389786961142185,4
5000,endpoint,20000,0.05,accuracy_drop_selector_with_resampling,141,0.7017910778522491,0.03556329732620302,-0.39430805295705795,0.0572899145734056,11020.0,673.7813690903996,990.7002258300781,41.43242385155539,990.7002258300781,41.43242385155539,4
5000,endpoint,20000,0.05,accuracy_drop_selector_with_resampling,142,0.7017910778522491,0.03556329732620302,-0.3942292332649231,0.05729213465971466,11019.0,675.7060504884255,991.9500274658203,41.473301409485714,991.9500274658203,41.473301409485714,4
5000,endpoint,20000,0.05,accuracy_drop_selector_with_resampling,143,0.7017400562763214,0.03552305864222148,-0.39416100084781647,0.057296625978956184,11015.0,675.7469940739655,993.1960296630859,41.515881355873134,993.1960296630859,41.515881355873134,4
5000,endpoint,20000,0.05,accuracy_drop_selector_with_resampling,144,0.7016379982233047,0.035510029632598666,-0.3940660133957863,0.05728068322570768,11013.75,676.0997830695309,994.4312438964844,41.56042875117494,994.4312438964844,41.56042875117494,4
5000,endpoint,20000,0.05,accuracy_drop_selector_with_resampling,145,0.7015742212533951,0.035563447778145976,-0.3939879536628723,0.0572860297240319,11013.5,676.0101084056855,995.6580352783203,41.59786845034892,995.6580352783203,41.59786845034892,4
5000,endpoint,20000,0.05,accuracy_drop_selector_with_resampling,146,0.701586976647377,0.03550083919552583,-0.3939136266708374,0.057299810717178865,11010.5,674.7841630230118,996.8777160644531,41.63643581541369,996.8777160644531,41.63643581541369,4
5000,endpoint,20000,0.05,accuracy_drop_selector_with_resampling,147,0.7014594227075577,0.03555542140793833,-0.39381492882966995,0.05727944837462559,11008.75,674.1727647025402,998.0957946777344,41.678781641385164,998.0957946777344,41.678781641385164,4
5000,endpoint,20000,0.05,accuracy_drop_selector_with_resampling,148,0.7015742212533951,0.03553779121367493,-0.39374682307243347,0.05727967888707097,11006.25,675.2319971683806,999.2991485595703,41.71877577105734,999.2991485595703,41.71877577105734,4
5000,endpoint,20000,0.05,accuracy_drop_selector_with_resampling,149,0.7014211416244507,0.035505654521939746,-0.393675796687603,0.057288132962191554,11006.0,674.9153033282522,1000.4990997314453,41.758014913340624,1000.4990997314453,41.758014913340624,4
5000,endpoint,20000,0.05,none,-1,0.7678624391555786,0.038630936334284466,-0.5034046530723572,0.06379191930079747,0.0,0.0,0.0,0.0,0.0,0.0,5
5000,endpoint,20000,0.05,none,0,0.767678725719452,0.03863919692462587,-0.5034147202968597,0.06378858407813526,10107.0,513.3176404527708,5.298001384735107,0.6132609986746071,5.298001384735107,0.6132609986746071,5
5000,endpoint,20000,0.05,none,1,0.7674337744712829,0.0386248658890559,-0.5031656682491302,0.06379240704567656,14835.6,355.5549184022069,13.547436714172363,1.504341055785787,13.547436714172363,1.504341055785787,5
5000,endpoint,20000,0.05,none,2,0.7669745326042176,0.03860037675769409,-0.5027823925018311,0.06384502397207578,14962.2,225.6461832161138,24.05231285095215,2.494449577396005,24.05231285095215,2.494449577396005,5
5000,endpoint,20000,0.05,none,3,0.7660968422889709,0.03898631324877518,-0.502042144536972,0.06391871420546465,14931.8,232.33531802117386,36.16318588256836,3.630834440204186,36.16318588256836,3.630834440204186,5
5000,endpoint,20000,0.05,none,4,0.7651273131370544,0.03912795491449092,-0.5009370028972626,0.0640291309055758,14890.6,204.50623462378843,50.13176956176758,4.806368168668358,50.13176956176758,4.806368168668358,5
5000,endpoint,20000,0.05,none,5,0.7639638781547546,0.03936181477807308,-0.4994487166404724,0.06413548617144854,14858.8,262.51799938289946,65.72430267333985,6.059886368048104,65.72430267333985,6.059886368048104,5
5000,endpoint,20000,0.05,none,6,0.7626473307609558,0.03946386541831916,-0.4976471304893494,0.06425252830222002,14823.6,247.7514883910892,82.50566864013672,7.29417766447703,82.50566864013672,7.29417766447703,5
5000,endpoint,20000,0.05,none,7,0.7613614320755004,0.039493994374064235,-0.49563816785812376,0.06434625564656422,14786.2,247.45140937161784,100.23086853027344,8.401454402936848,100.23086853027344,8.401454402936848,5
5000,endpoint,20000,0.05,none,8,0.7600244998931884,0.03963609914692422,-0.4935212016105652,0.06442986805192459,14734.0,254.61441436022432,118.60195770263672,9.433932993834159,118.60195770263672,9.433932993834159,5
5000,endpoint,20000,0.05,none,9,0.7587079524993896,0.0396159220248725,-0.4913106620311737,0.06444983254007745,14655.8,266.7558809098686,137.2619598388672,10.46636914946579,137.2619598388672,10.46636914946579,5
5000,endpoint,20000,0.05,none,10,0.75720773935318,0.039649634455747276,-0.4890724360942841,0.0644781122731607,14650.2,254.4154083384102,156.14353942871094,11.519210122973808,156.14353942871094,11.519210122973808,5
5000,endpoint,20000,0.05,none,11,0.7561667680740356,0.03965164054794536,-0.4868617594242096,0.06449054020526408,14611.6,210.0007142844995,175.04404907226564,12.476246160537507,175.04404907226564,12.476246160537507,5
5000,endpoint,20000,0.05,none,12,0.7547379612922669,0.03962043218346924,-0.4846650242805481,0.06448978384728965,14532.2,291.82477619283804,193.93040161132814,13.510163871374724,193.93040161132814,13.510163871374724,5
5000,endpoint,20000,0.05,none,13,0.7533806204795838,0.03976218699293681,-0.4825000882148743,0.06447059990797735,14478.8,190.41323483413646,212.71069946289063,14.498769936230245,212.71069946289063,14.498769936230245,5
5000,endpoint,20000,0.05,none,14,0.7523192286491394,0.039764642442071826,-0.4803969204425812,0.06444771701775845,14417.4,213.4837230329282,231.43289794921876,15.486043257167447,231.43289794921876,15.486043257167447,5
5000,endpoint,20000,0.05,none,15,0.7512272357940674,0.03981838353018253,-0.47831847071647643,0.06439247492535739,14347.4,237.6053450577238,250.0214080810547,16.492188363088506,250.0214080810547,16.492188363088506,5
5000,endpoint,20000,0.05,none,16,0.7501045942306519,0.03956148107422006,-0.4762600719928741,0.06433054027894149,14299.8,194.52814706360618,268.4769592285156,17.50968745379596,268.4769592285156,17.50968745379596,5
5000,endpoint,20000,0.05,none,17,0.7490023970603943,0.03938731033255296,-0.47429301142692565,0.06428092002118412,14241.2,231.12161300925536,286.6993041992188,18.517010948645392,286.6993041992188,18.517010948645392,5
5000,endpoint,20000,0.05,none,18,0.7479716181755066,0.03935338912387534,-0.4723482847213745,0.06420564097227698,14167.0,208.76182601232438,304.7679809570312,19.560000038233117,304.7679809570312,19.560000038233117,5
5000,endpoint,20000,0.05,none,19,0.7467265486717224,0.03956250548158931,-0.4704225718975067,0.06414480724260899,14164.2,188.99920634754,322.761572265625,20.6462993045328,322.761572265625,20.6462993045328,5
5000,endpoint,20000,0.05,none,20,0.7457365989685059,0.03943116269315069,-0.46858344674110414,0.06406408766129533,14098.8,219.2161034230834,340.51723022460936,21.799661252717026,340.51723022460936,21.799661252717026,5
5000,endpoint,20000,0.05,none,21,0.7446547985076905,0.03961371279637281,-0.46674531102180483,0.06401651244211923,14023.2,207.1586348670989,358.1392395019531,22.90523581824571,358.1392395019531,22.90523581824571,5
5000,endpoint,20000,0.05,none,22,0.7435117602348328,0.03938205663565778,-0.4649880290031433,0.06395831405952752,13986.4,201.72580400137213,375.541552734375,23.954314096121,375.541552734375,23.954314096121,5
5000,endpoint,20000,0.05,none,23,0.7425830364227295,0.03946401297038234,-0.4632581233978271,0.06389557047358214,13980.0,190.80225365545346,392.82025756835935,25.1043079459144,392.82025756835935,25.1043079459144,5
5000,endpoint,20000,0.05,none,24,0.7414298176765441,0.039493402352366154,-0.4615759551525116,0.06382567657214024,13963.4,208.38378055885252,409.9865661621094,26.234690156942037,409.9865661621094,26.234690156942037,5
5000,endpoint,20000,0.05,none,25,0.740521514415741,0.039377994439241365,-0.45990775227546693,0.06379551766286158,13896.0,198.91329769525214,426.97051391601565,27.371265844744478,426.97051391601565,27.371265844744478,5
5000,endpoint,20000,0.05,none,26,0.7394805312156677,0.03947633341697087,-0.4583077609539032,0.06376250918453247,13877.6,219.61967125009545,443.79058837890625,28.463726644975228,443.79058837890625,28.463726644975228,5
5000,endpoint,20000,0.05,none,27,0.7386436581611633,0.039229031294280584,-0.4567026674747467,0.06371738806541312,13843.6,178.96312469332892,460.4689025878906,29.526735337493335,460.4689025878906,29.526735337493335,5
5000,endpoint,20000,0.05,none,28,0.7377966046333313,0.039123527761810495,-0.45516818165779116,0.06366320558710559,13796.4,194.2171465138956,477.0337219238281,30.56929153534151,477.0337219238281,30.56929153534151,5
5000,endpoint,20000,0.05,none,29,0.736735212802887,0.03926501995827644,-0.4536425471305847,0.0636132568949723,13755.8,213.32299454114175,493.46160278320315,31.61171468832185,493.46160278320315,31.61171468832185,5
5000,endpoint,20000,0.05,none,30,0.7359187722206115,0.03907771563444254,-0.4521676242351532,0.06356728434391401,13716.0,226.08405516533006,509.6691528320313,32.607220553890265,509.6691528320313,32.607220553890265,5
5000,endpoint,20000,0.05,none,31,0.7350614905357361,0.03929381535435556,-0.4506980061531067,0.0635238832313435,13718.4,189.43151796889555,525.8278381347657,33.51141453797327,525.8278381347657,33.51141453797327,5
5000,endpoint,20000,0.05,none,32,0.7344389438629151,0.0392378069967365,-0.4492731630802155,0.063498798620738,13682.0,142.23220451079285,541.864599609375,34.46998295256752,541.864599609375,34.46998295256752,5
5000,endpoint,20000,0.05,none,33,0.7337449789047241,0.039294714115522864,-0.4478494763374329,0.06345645639109003,13618.6,226.6589949682121,557.7650146484375,35.41525950227129,557.7650146484375,35.41525950227129,5
5000,endpoint,20000,0.05,none,34,0.7329182982444763,0.03935784035509163,-0.4464496672153473,0.06342996767373571,13585.4,191.52232245876718,573.59697265625,36.25951348494735,573.59697265625,36.25951348494735,5
5000,endpoint,20000,0.05,none,35,0.7319385647773743,0.039475054190957676,-0.44512203335762024,0.06339743924118217,13635.6,145.0044826893293,589.320458984375,37.083280939458504,589.320458984375,37.083280939458504,5
5000,endpoint,20000,0.05,none,36,0.7311425328254699,0.03935365612314792,-0.44378995299339297,0.06338073700870156,13611.8,204.6233124548618,604.9036987304687,37.94475625154498,604.9036987304687,37.94475625154498,5
5000,endpoint,20000,0.05,none,37,0.7304587364196777,0.03933109396559898,-0.44248766303062437,0.06335717074463776,13530.2,168.84667601110777,620.356787109375,38.72029456656903,620.356787109375,38.72029456656903,5
5000,endpoint,20000,0.05,none,38,0.7296218872070312,0.03916477244562782,-0.44120686054229735,0.0633178569528628,13522.2,179.20435262571053,635.722021484375,39.53900853083922,635.722021484375,39.53900853083922,5
5000,endpoint,20000,0.05,none,39,0.7287748217582702,0.039023457448166626,-0.4399481236934662,0.06330839934528139,13510.6,163.27063422428418,650.9677734375,40.30239785927164,650.9677734375,40.30239785927164,5
5000,endpoint,20000,0.05,none,40,0.7282237052917481,0.03907137856901557,-0.43869989514350893,0.06326147197343691,13473.8,190.54579502051467,666.1095336914062,41.08954252096271,666.1095336914062,41.08954252096271,5
5000,endpoint,20000,0.05,none,41,0.7275093197822571,0.03908669636498471,-0.4374895811080933,0.06322211131867636,13441.4,213.66164840700822,681.154833984375,41.839586885555235,681.154833984375,41.839586885555235,5
5000,endpoint,20000,0.05,none,42,0.7268663644790649,0.03897039713899649,-0.43627941608428955,0.06317442138415963,13472.8,154.99903225504346,696.1552490234375,42.558438649199104,696.1552490234375,42.558438649199104,5
5000,endpoint,20000,0.05,none,43,0.726151955127716,0.038945618969236685,-0.4351058781147003,0.06313073891019279,13403.8,169.31390964714032,710.9996337890625,43.24203268848747,710.9996337890625,43.24203268848747,5
5000,endpoint,20000,0.05,none,44,0.725284481048584,0.039033882444359236,-0.43395659923553465,0.06309646373123629,13382.8,217.24111028992647,725.7642456054688,43.95834030562236,725.7642456054688,43.95834030562236,5
5000,endpoint,20000,0.05,none,45,0.7247231721878051,0.03890875491406205,-0.43281041383743285,0.06303629073610945,13454.8,157.50777758574336,740.468701171875,44.61751762821823,740.468701171875,44.61751762821823,5
5000,endpoint,20000,0.05,none,46,0.7239679455757141,0.03874450607384335,-0.43167524337768554,0.06298888967574238,13325.2,204.31030321547664,755.00205078125,45.31060937263986,755.00205078125,45.31060937263986,5
5000,endpoint,20000,0.05,none,47,0.7233045816421508,0.03872438466042871,-0.4305755317211151,0.06295210999436562,13335.2,151.95624370192888,769.5088745117188,45.93764403507949,769.5088745117188,45.93764403507949,5
5000,endpoint,20000,0.05,none,48,0.7227024555206298,0.03842973137186309,-0.42946582436561587,0.06292156000320308,13363.0,150.55065592683414,783.9563598632812,46.59901556903529,783.9563598632812,46.59901556903529,5
5000,endpoint,20000,0.05,none,49,0.7219982504844665,0.038511391668094544,-0.4283930599689484,0.06287436375963128,13272.8,153.9129624170752,798.2434692382812,47.17105422055341,798.2434692382812,47.17105422055341,5
5000,endpoint,20000,0.05,none,50,0.7212940812110901,0.03852402263080818,-0.42732213139534,0.0628204558594166,13259.6,152.02236677541893,813.4106689453125,47.87323124868225,813.4106689453125,47.87323124868225,5
5000,endpoint,20000,0.05,none,51,0.7210083246231079,0.0385796425848293,-0.42626614570617677,0.06278251427132038,13243.0,153.04901175767193,824.019873046875,48.39348927254904,824.019873046875,48.39348927254904,5
5000,endpoint,20000,0.05,none,52,0.7207327604293823,0.03850558008475543,-0.4255090355873108,0.06274991103501114,13230.2,153.49657976645602,832.6603515625,48.80532655239923,832.6603515625,48.80532655239923,5
5000,endpoint,20000,0.05,none,53,0.7205184459686279,0.03842989785546392,-0.4249045789241791,0.06272677086773518,13218.4,150.04432678378745,840.1095947265625,49.1615416178632,840.1095947265625,49.1615416178632,5
5000,endpoint,20000,0.05,none,54,0.7202122688293457,0.03854420351517258,-0.4243995487689972,0.06270243618620326,13209.2,148.4324762307764,846.7541259765625,49.48039006628395,846.7541259765625,49.48039006628395,5
5000,endpoint,20000,0.05,none,55,0.7199877500534058,0.03845090249609898,-0.4239319086074829,0.06268981539475975,13196.6,149.87094448224445,852.7979736328125,49.76934619007551,852.7979736328125,49.76934619007551,5
5000,endpoint,20000,0.05,none,56,0.7197734475135803,0.03848622791031227,-0.42352871894836425,0.06265562014927872,13184.8,149.1884714044621,858.3708618164062,50.02587391795586,858.3708618164062,50.02587391795586,5
5000,endpoint,20000,0.05,none,57,0.7195999383926391,0.038470286146919025,-0.4231415092945099,0.0626382652626384,13178.6,151.36479115038608,863.5775634765625,50.283343979209825,863.5775634765625,50.283343979209825,5
5000,endpoint,20000,0.05,none,58,0.7194162368774414,0.03854002168874853,-0.42279188632965087,0.06262526012984201,13170.0,153.00326793895613,868.4612060546875,50.52878834808151,868.4612060546875,50.52878834808151,5
5000,endpoint,20000,0.05,none,59,0.719181501865387,0.038522197277589404,-0.4224399566650391,0.06261346626907219,13163.4,149.45835540377126,873.09619140625,50.738623249460225,873.09619140625,50.738623249460225,5
5000,endpoint,20000,0.05,none,60,0.7190080165863038,0.03842451555254206,-0.42213437557220457,0.06260900091900609,13157.2,150.86318305007356,877.4991455078125,50.94718303008328,877.4991455078125,50.94718303008328,5
5000,endpoint,20000,0.05,none,61,0.718824303150177,0.03839573230478744,-0.42182537317276003,0.06258617013755303,13150.0,146.3249807790864,881.7156494140625,51.139449840104454,881.7156494140625,51.139449840104454,5
5000,endpoint,20000,0.05,none,62,0.718579363822937,0.038416559571137335,-0.42153663039207456,0.06257771369975462,13143.0,146.86558480460968,885.7498291015625,51.327137494810486,885.7498291015625,51.327137494810486,5
5000,endpoint,20000,0.05,none,63,0.7184671044349671,0.03840734161004898,-0.4212513864040375,0.06256579240195459,13134.4,148.30981086900488,889.639599609375,51.49657568675681,889.639599609375,51.49657568675681,5
5000,endpoint,20000,0.05,none,64,0.7182527899742126,0.03833146697731935,-0.4209887027740479,0.06255413781033312,13125.8,153.80572161008834,893.3880004882812,51.67071494341178,893.3880004882812,51.67071494341178,5
5000,endpoint,20000,0.05,none,65,0.7181201219558716,0.038283520910819054,-0.4207237005233765,0.06253951406435602,13121.4,147.66109846537103,897.0078979492188,51.83789613512876,897.0078979492188,51.83789613512876,5
5000,endpoint,20000,0.05,none,66,0.7179976582527161,0.03828089688013287,-0.42047183513641356,0.06252313135249846,13113.6,147.7609556005916,900.5167602539062,52.009950648851856,900.5167602539062,52.009950648851856,5
5000,endpoint,20000,0.05,none,67,0.7178751945495605,0.03819511588961745,-0.4202267169952393,0.06250604327464174,13108.0,148.3391384631851,903.9191040039062,52.16511675872807,903.9191040039062,52.16511675872807,5
5000,endpoint,20000,0.05,none,68,0.7178343653678894,0.03828691904988261,-0.42000632286071776,0.062489427949091875,13101.2,151.96940481557465,907.2254028320312,52.32376432511619,907.2254028320312,52.32376432511619,5
5000,endpoint,20000,0.05,none,69,0.7176608562469482,0.03820942488830142,-0.41976592540740965,0.06248737977007858,13095.0,150.89400253157845,910.4504150390625,52.472362163374584,910.4504150390625,52.472362163374584,5
5000,endpoint,20000,0.05,none,70,0.717599618434906,0.038189217787425546,-0.4195538401603699,0.06246937387418038,13085.8,154.15479233549632,913.5803588867187,52.61531808877926,913.5803588867187,52.61531808877926,5
5000,endpoint,20000,0.05,none,71,0.7174261331558227,0.03826609439143057,-0.4193423748016357,0.06245520705108243,13080.4,154.519578047573,916.6363037109375,52.75899918110395,916.6363037109375,52.75899918110395,5
5000,endpoint,20000,0.05,none,72,0.7173240900039672,0.038234716099671204,-0.4191327393054962,0.0624448020009194,13074.0,157.378524583248,919.6302612304687,52.90638314795512,919.6302612304687,52.90638314795512,5
5000,endpoint,20000,0.05,none,73,0.7172526478767395,0.038278183612874585,-0.4189366281032562,0.062433928883926106,13068.2,156.3959718151334,922.5457397460938,53.04080234638451,922.5457397460938,53.04080234638451,5
5000,endpoint,20000,0.05,none,74,0.7171403884887695,0.038248490935171964,-0.41873363852500917,0.06241693358339014,13063.6,156.76670564887175,925.4028564453125,53.18093299304925,925.4028564453125,53.18093299304925,5
5000,endpoint,20000,0.05,none,75,0.7169362545013428,0.03812789600828427,-0.4185376286506653,0.06240712665105888,13059.8,157.0786427239553,928.1983764648437,53.313755637263284,928.1983764648437,53.313755637263284,5
5000,endpoint,20000,0.05,none,76,0.7168750286102294,0.038109543583375115,-0.4183520019054413,0.06238508745058098,13053.4,156.4570228529228,930.9415405273437,53.45252358821455,930.9415405273437,53.45252358821455,5
5000,endpoint,20000,0.05,none,77,0.7168240070343017,0.03813532462823877,-0.4181626856327057,0.062378296444708124,13046.2,158.0734006719663,933.6272338867187,53.577568806818995,933.6272338867187,53.577568806818995,5
5000,endpoint,20000,0.05,none,78,0.7167015314102173,0.0382618965589713,-0.41798425912857057,0.062363962547069315,13038.6,160.0228108739501,936.260693359375,53.69933844090841,936.260693359375,53.69933844090841,5
5000,endpoint,20000,0.05,none,79,0.7165688753128052,0.03822530580436046,-0.41780188083648684,0.062354078862361405,13035.4,161.84035343510592,938.851806640625,53.82418239289336,938.851806640625,53.82418239289336,5
5000,endpoint,20000,0.05,none,80,0.7164055824279785,0.03819462123418124,-0.4176263749599457,0.062352790923818686,13031.4,162.85975561813913,941.3993286132812,53.948372885341655,941.3993286132812,53.948372885341655,5
5000,endpoint,20000,0.05,none,81,0.7162729024887085,0.03814016419844236,-0.4174529373645782,0.062338217334243946,13027.2,160.75198288046093,943.89814453125,54.068347292679185,943.89814453125,54.068347292679185,5
5000,endpoint,20000,0.05,none,82,0.716150450706482,0.038074442565743286,-0.4172868192195892,0.06232711475750215,13021.0,159.16657940660784,946.3521362304688,54.18659109707468,946.3521362304688,54.18659109707468,5
5000,endpoint,20000,0.05,none,83,0.7160075545310974,0.03806738435691639,-0.4171399712562561,0.06231413035867301,13013.2,158.09712204844212,948.7744384765625,54.30284183061978,948.7744384765625,54.30284183061978,5
5000,endpoint,20000,0.05,none,84,0.7158238530158997,0.03804164693684448,-0.4169663369655609,0.06230224216955919,13010.4,159.40294852981862,951.1565795898438,54.41415526593031,951.1565795898438,54.41415526593031,5
5000,endpoint,20000,0.05,none,85,0.7158238530158997,0.03809955375287991,-0.41680153012275695,0.062292784659956836,13006.4,159.16280972639305,953.5046630859375,54.525100905211694,953.5046630859375,54.525100905211694,5
5000,endpoint,20000,0.05,none,86,0.715772831439972,0.03806791851694722,-0.4166532516479492,0.06227872994373729,13001.2,159.35557724786415,955.8110595703125,54.62985627283913,955.8110595703125,54.62985627283913,5
5000,endpoint,20000,0.05,none,87,0.7156809806823731,0.03806942685266413,-0.41649898886680603,0.06226925949103623,12997.6,160.15867132316,958.0821899414062,54.738716864048634,958.0821899414062,54.738716864048634,5
5000,endpoint,20000,0.05,none,88,0.7156197428703308,0.03805634584164831,-0.4163387715816498,0.062264356374891146,12993.0,159.8827695531948,960.3282348632813,54.83798548965382,960.3282348632813,54.83798548965382,5
5000,endpoint,20000,0.05,none,89,0.7154768466949463,0.03803460389993552,-0.4161857604980469,0.062261795232155304,12986.6,158.82632023691792,962.5396362304688,54.94565632549291,962.5396362304688,54.94565632549291,5
5000,endpoint,20000,0.05,none,90,0.7155176639556885,0.03805815432298397,-0.4160504281520844,0.062257685880022375,12983.4,158.20493039093313,964.722802734375,55.04655120635881,964.722802734375,55.04655120635881,5
5000,endpoint,20000,0.05,none,91,0.7153441905975342,0.03802892539617134,-0.4158983647823334,0.0622444846471068,12980.2,158.53453882356362,966.877001953125,55.14898875435945,966.877001953125,55.14898875435945,5
5000,endpoint,20000,0.05,none,92,0.7153135776519776,0.038041698259532845,-0.4157457649707794,0.06224408301642481,12975.8,159.73164996330564,969.0054077148437,55.25053638535282,969.0054077148437,55.25053638535282,5
5000,endpoint,20000,0.05,none,93,0.715303373336792,0.03803547663372373,-0.4156100332736969,0.0622282396807197,12971.8,158.52665391031252,971.1022583007813,55.350775868106744,971.1022583007813,55.350775868106744,5
5000,endpoint,20000,0.05,none,94,0.7152217268943787,0.038060707637717774,-0.41547789573669436,0.06222096372070513,12965.8,156.9592303752793,973.1756713867187,55.445728046344364,973.1756713867187,55.445728046344364,5
5000,endpoint,20000,0.05,none,95,0.7151094436645508,0.03800275751126326,-0.41533597111701964,0.062215360863704945,12963.6,156.333937454412,975.2250610351563,55.54147353847937,975.2250610351563,55.54147353847937,5
5000,endpoint,20000,0.05,none,96,0.714946162700653,0.03795369326596851,-0.4152029275894165,0.062214467022066684,12960.4,157.2920849884062,977.2531860351562,55.63981233570821,977.2531860351562,55.63981233570821,5
5000,endpoint,20000,0.05,none,97,0.714946162700653,0.03792169602749085,-0.41506539583206176,0.06218832878663179,12957.4,156.6087481592264,979.2544555664062,55.73615210353592,979.2544555664062,55.73615210353592,5
5000,endpoint,20000,0.05,none,98,0.7147930860519409,0.03792090483314289,-0.4149260282516479,0.06219263708376969,12954.8,158.92513960981756,981.2351806640625,55.82710681265259,981.2351806640625,55.82710681265259,5
5000,endpoint,20000,0.05,none,99,0.714793074131012,0.03793123757723154,-0.41480128169059755,0.06219605068576622,12951.4,157.95030864167376,983.1888793945312,55.91851959546124,983.1888793945312,55.91851959546124,5
5000,endpoint,20000,0.05,none,100,0.7147726655006409,0.037916858542622375,-0.4146701037883759,0.06218351884837855,12946.8,156.53018878158935,985.1236938476562,56.010390112908254,985.1236938476562,56.010390112908254,5
5000,endpoint,20000,0.05,none,101,0.7146093845367432,0.0378829337001071,-0.4145477294921875,0.062178286258642024,12942.0,157.6435853436479,987.0364868164063,56.09895143124417,987.0364868164063,56.09895143124417,5
5000,endpoint,20000,0.05,none,102,0.7144869327545166,0.03784212289730025,-0.41443278789520266,0.062174803451501406,12937.2,157.35533038318084,988.9348999023438,56.18760603768349,988.9348999023438,56.18760603768349,5
5000,endpoint,20000,0.05,none,103,0.7144358873367309,0.037875635275513915,-0.41429120898246763,0.0621629029905351,12931.8,157.96265381412152,990.810498046875,56.27389177803076,990.810498046875,56.27389177803076,5
5000,endpoint,20000,0.05,none,104,0.7142827987670899,0.037835897699166184,-0.41416781544685366,0.0621584557059579,12926.8,159.00691808849072,992.6704223632812,56.35827609889362,992.6704223632812,56.35827609889362,5
5000,endpoint,20000,0.05,none,105,0.7143032073974609,0.037863429446512026,-0.4140444576740265,0.06215025399448659,12921.4,158.4449431190532,994.512255859375,56.44760789011137,994.512255859375,56.44760789011137,5
5000,endpoint,20000,0.05,none,106,0.7141603350639343,0.037883295774824285,-0.4139275848865509,0.062144929388131084,12918.8,159.4355669228168,996.3324340820312,56.5298587913225,996.3324340820312,56.5298587913225,5
5000,endpoint,20000,0.05,none,107,0.7140990972518921,0.0378262236618128,-0.4138068675994873,0.06214431806952296,12915.0,159.77640626825976,998.13828125,56.61181956709449,998.13828125,56.61181956709449,5
5000,endpoint,20000,0.05,none,108,0.7140990972518921,0.03787334127099231,-0.41368829607963564,0.062135929225207186,12911.4,161.2584881486863,999.9217529296875,56.69704777593508,999.9217529296875,56.69704777593508,5
5000,endpoint,20000,0.05,none,109,0.7140276432037354,0.03797025294136494,-0.4135880649089813,0.06213096019568334,12907.6,161.62549303869113,1001.6931396484375,56.77482574439023,1001.6931396484375,56.77482574439023,5
5000,endpoint,20000,0.05,none,110,0.7140072345733642,0.03794233897418993,-0.41345250606536865,0.062124833279067766,12905.0,161.9783936208777,1003.4492065429688,56.85849636015003,1003.4492065429688,56.85849636015003,5
5000,endpoint,20000,0.05,none,111,0.7139153957366944,0.03795134404785223,-0.41334487199783326,0.06212229890267549,12900.0,163.8093403930313,1005.1851684570313,56.93334696653087,1005.1851684570313,56.93334696653087,5
5000,endpoint,20000,0.05,none,112,0.7139153957366944,0.03798785708908682,-0.4132260799407959,0.06210680997152336,12896.0,162.96778822822625,1006.910986328125,57.01544726488917,1006.910986328125,57.01544726488917,5
5000,endpoint,20000,0.05,none,113,0.7139051914215088,0.03793835887906586,-0.4131135821342468,0.062106843863163896,12891.4,164.33745768996184,1008.6220092773438,57.091541192193226,1008.6220092773438,57.091541192193226,5
5000,endpoint,20000,0.05,none,114,0.7138337612152099,0.03800456594389742,-0.4129983842372894,0.06210793411805448,12888.8,163.74889312603003,1010.31484375,57.17421373707967,1010.31484375,57.17421373707967,5
5000,endpoint,20000,0.05,none,115,0.7137725234031678,0.03798762707748798,-0.4128942310810089,0.062098101962339725,12886.4,165.15235390390293,1011.9970581054688,57.253119475619634,1011.9970581054688,57.253119475619634,5
5000,endpoint,20000,0.05,none,116,0.7136602520942688,0.037973915946705024,-0.41277493834495543,0.062100776915223845,12883.2,164.36453388733227,1013.6634521484375,57.331392438369534,1013.6634521484375,57.331392438369534,5
5000,endpoint,20000,0.05,none,117,0.7136296272277832,0.03800593490238012,-0.41266587376594543,0.06208333104116577,12879.2,164.21236250660303,1015.31279296875,57.40570361291907,1015.31279296875,57.40570361291907,5
5000,endpoint,20000,0.05,none,118,0.7135479807853699,0.037984567205069875,-0.41256595253944395,0.06209008932115305,12874.8,166.37968626007202,1016.9522094726562,57.47945796101801,1016.9522094726562,57.47945796101801,5
5000,endpoint,20000,0.05,none,119,0.7135173678398132,0.03799470666111197,-0.4124502897262573,0.0620737779082886,12872.0,166.85322891691368,1018.5813842773438,57.554445304104696,1018.5813842773438,57.554445304104696,5
5000,endpoint,20000,0.05,none,120,0.7134255290031433,0.03800483997117804,-0.4123491048812866,0.0620794919083965,12868.2,166.99610773907276,1020.1927734375,57.628968806256424,1020.1927734375,57.628968806256424,5
5000,endpoint,20000,0.05,none,121,0.71334388256073,0.037917715383177564,-0.4122378706932068,0.06207690241807927,12867.4,168.33686464942846,1021.7962890625,57.70363500217933,1021.7962890625,57.70363500217933,5
5000,endpoint,20000,0.05,none,122,0.7133540868759155,0.03794859602802262,-0.41214398145675657,0.06206761036611019,12864.0,169.1463863048809,1023.3881225585938,57.775223929994354,1023.3881225585938,57.775223929994354,5
5000,endpoint,20000,0.05,none,123,0.71323162317276,0.03783568733629197,-0.4120418429374695,0.06205816242739927,12860.4,168.79514211019224,1024.9616821289062,57.845361441265695,1024.9616821289062,57.845361441265695,5
5000,endpoint,20000,0.05,none,124,0.7132010102272034,0.03787821191438019,-0.4119358420372009,0.06205994732534842,12857.6,169.68588627225307,1026.529443359375,57.917111152787115,1026.529443359375,57.917111152787115,5
5000,endpoint,20000,0.05,none,125,0.7131806015968323,0.03788681651283852,-0.41183929443359374,0.06205515656273149,12855.0,166.8921807635097,1028.082958984375,57.988077961329914,1028.082958984375,57.988077961329914,5
5000,endpoint,20000,0.05,none,126,0.7130785346031189,0.03782938571627931,-0.4117238461971283,0.06205071032080125,12852.4,168.15112250591727,1029.6254028320313,58.056686398455234,1029.6254028320313,58.056686398455234,5
5000,endpoint,20000,0.05,none,127,0.7130785346031189,0.03781604887390827,-0.4116313636302948,0.06204282003772449,12849.6,167.70301130271932,1031.1557983398438,58.1277686037587,1031.1557983398438,58.1277686037587,5
5000,endpoint,20000,0.05,none,128,0.7129866719245911,0.03782494939801492,-0.4115478217601776,0.06205077947613435,12847.0,169.49483767949985,1032.6780151367188,58.197325632319355,1032.6780151367188,58.197325632319355,5
5000,endpoint,20000,0.05,none,129,0.7129560470581054,0.03787410140526156,-0.4114376544952393,0.062035978706634076,12843.4,172.51173873102084,1034.1880859375,58.266541895617266,1034.1880859375,58.266541895617266,5
5000,endpoint,20000,0.05,none,130,0.7129254341125488,0.03782158049453917,-0.41133643984794616,0.06204326685972091,12837.4,174.5746258767293,1035.6861938476563,58.333529358940346,1035.6861938476563,58.333529358940346,5
5000,endpoint,20000,0.05,none,131,0.7128335952758789,0.03782105043528188,-0.4112362444400787,0.062026071716594584,12834.2,173.74320130583527,1037.1786743164062,58.405886900699514,1037.1786743164062,58.405886900699514,5
5000,endpoint,20000,0.05,none,132,0.7128029823303222,0.037863771495906307,-0.4111454486846924,0.06203549509096317,12832.8,175.0734131728744,1038.6574096679688,58.471293404404214,1038.6574096679688,58.471293404404214,5
5000,endpoint,20000,0.05,none,133,0.7126907110214233,0.03780187147674906,-0.4110462129116058,0.06202406766751617,12828.6,174.33100699531337,1040.1263061523437,58.54070204936956,1040.1263061523437,58.54070204936956,5
5000,endpoint,20000,0.05,none,134,0.7126907110214233,0.03777041475630164,-0.4109658896923065,0.06201756512621687,12826.8,175.6522131941411,1041.5869873046875,58.60495663886787,1041.5869873046875,58.60495663886787,5
5000,endpoint,20000,0.05,none,135,0.7126192808151245,0.03776238300465714,-0.4108669638633728,0.06202654470321853,12821.6,175.36761388580277,1043.0346313476562,58.67142166144147,1043.0346313476562,58.67142166144147,5
5000,endpoint,20000,0.05,none,136,0.7125580430030822,0.037794368753754054,-0.41076348423957826,0.06202645234505049,12818.8,176.44035819505694,1044.479052734375,58.74287609502656,1044.479052734375,58.74287609502656,5
5000,endpoint,20000,0.05,none,137,0.7124968051910401,0.03781812439645404,-0.4106817662715912,0.062016943553749204,12816.2,175.92526822489145,1045.910693359375,58.809296639852555,1045.910693359375,58.809296639852555,5
5000,endpoint,20000,0.05,none,138,0.7125070095062256,0.03783172890727375,-0.4105893671512604,0.062014632369522205,12812.4,174.48295045648442,1047.334765625,58.873150594139226,1047.334765625,58.873150594139226,5
5000,endpoint,20000,0.05,none,139,0.7124457836151123,0.037813580426734106,-0.4104991018772125,0.062006692820686646,12808.4,175.1707738180088,1048.7483520507812,58.93979951858049,1048.7483520507812,58.93979951858049,5
5000,endpoint,20000,0.05,none,140,0.7123845338821411,0.03784306839291179,-0.4104193806648254,0.062006063872402026,12806.6,175.71368757157197,1050.1543334960938,59.00456186606505,1050.1543334960938,59.00456186606505,5
5000,endpoint,20000,0.05,none,141,0.7123233079910278,0.03778375213238738,-0.41031342148780825,0.061994529996339726,12801.4,173.86000115035085,1051.5542236328124,59.07156726554895,1051.5542236328124,59.07156726554895,5
5000,endpoint,20000,0.05,none,142,0.7123233199119567,0.03779794809155528,-0.4102263987064362,0.06199439460562822,12798.0,172.78454792023504,1052.941357421875,59.13908000982724,1052.941357421875,59.13908000982724,5
5000,endpoint,20000,0.05,none,143,0.7122722864151001,0.03779727257310398,-0.41013787388801576,0.06198435454479745,12796.0,174.49498560130604,1054.3199829101563,59.19975155310273,1054.3199829101563,59.19975155310273,5
5000,endpoint,20000,0.05,none,144,0.712251877784729,0.037839480370464834,-0.4100499927997589,0.06197768842539506,12791.6,174.1444802455708,1055.6911254882812,59.26469250098027,1055.6911254882812,59.26469250098027,5
5000,endpoint,20000,0.05,none,145,0.712119197845459,0.037752851877416886,-0.4099730610847473,0.061977526172026294,12790.4,173.6715290426154,1057.0533447265625,59.328996093903896,1057.0533447265625,59.328996093903896,5
5000,endpoint,20000,0.05,none,146,0.7121089935302735,0.03781322876352251,-0.40987923741340637,0.06196866779873509,12788.4,173.93188321868996,1058.4132690429688,59.39516491352795,1058.4132690429688,59.39516491352795,5
5000,endpoint,20000,0.05,none,147,0.7120579600334167,0.03778613961782157,-0.4098120629787445,0.061971637345322295,12786.8,174.15854845513613,1059.7598754882813,59.45222550171621,1059.7598754882813,59.45222550171621,5
5000,endpoint,20000,0.05,none,148,0.7120477795600891,0.03783750054758435,-0.40970197319984436,0.06196350322734612,12784.2,176.75887530757825,1061.1009399414063,59.5153693813156,1061.1009399414063,59.5153693813156,5
5000,endpoint,20000,0.05,none,149,0.7119355082511902,0.037758310211922996,-0.40963056683540344,0.06195432764062752,12780.6,176.53413267694154,1062.433056640625,59.57800296342758,1062.433056640625,59.57800296342758,5
5000,endpoint,20000,0.1,accuracy_drop_selector_with_resampling,-1,0.7587258368730545,0.03785871516957782,-0.48781992495059967,0.06169808441039275,0.0,0.0,0.0,0.0,0.0,0.0,4
5000,endpoint,20000,0.1,accuracy_drop_selector_with_resampling,0,0.7584706991910934,0.03779558106110126,-0.4878240376710892,0.0616926178750084,9544.0,665.0749331215744,10.80093502998352,3.044777801583864,10.80093502998352,3.044777801583864,4
5000,endpoint,20000,0.1,accuracy_drop_selector_with_resampling,1,0.7577562928199768,0.03810852039287321,-0.48753609508275986,0.0617844734410766,13626.75,1507.3149140110038,26.648242473602295,3.4555084390516217,26.648242473602295,3.4555084390516217,4
5000,endpoint,20000,0.1,accuracy_drop_selector_with_resampling,2,0.7563530057668686,0.03836497715639475,-0.48658644407987595,0.06211132258561392,13268.75,863.4069627547217,47.51547813415527,4.150925479260991,47.51547813415527,4.150925479260991,4
5000,endpoint,20000,0.1,accuracy_drop_selector_with_resampling,3,0.7542608678340912,0.03840308790440569,-0.4844340309500694,0.06228575199380059,13046.75,767.0208058890363,73.29696464538574,5.632390179460664,73.29696464538574,5.632390179460664,4
5000,endpoint,20000,0.1,accuracy_drop_selector_with_resampling,4,0.751454308629036,0.038071787002213586,-0.4812293127179146,0.06219154640462053,12913.5,765.9027353391552,102.97503852844238,7.225749041996929,102.97503852844238,7.225749041996929,4
5000,endpoint,20000,0.1,accuracy_drop_selector_with_resampling,5,0.7488518506288528,0.037604108860850846,-0.4773266389966011,0.06191409240649398,12791.75,757.687875491397,135.14530563354492,9.029482521884086,135.14530563354492,9.029482521884086,4
5000,endpoint,20000,0.1,accuracy_drop_selector_with_resampling,6,0.7460963428020477,0.03739614245139171,-0.47313377261161804,0.06146438077763371,12689.5,726.4940926577908,168.5712547302246,10.815024277545074,168.5712547302246,10.815024277545074,4
5000,endpoint,20000,0.1,accuracy_drop_selector_with_resampling,7,0.7437873184680939,0.03749868565374519,-0.46885671466588974,0.06107634398758463,12568.0,723.8227223107418,202.5350799560547,12.708418392017824,202.5350799560547,12.708418392017824,4
5000,endpoint,20000,0.1,accuracy_drop_selector_with_resampling,8,0.7415548264980316,0.03711005372340946,-0.4647539108991623,0.06074672375103552,12506.0,656.9145048380852,236.6717872619629,14.471499157497894,236.6717872619629,14.471499157497894,4
5000,endpoint,20000,0.1,accuracy_drop_selector_with_resampling,9,0.7392840832471848,0.0372832974059962,-0.4607696309685707,0.060509488617923775,12331.5,672.4931226414141,270.6967315673828,15.837348331349316,270.6967315673828,15.837348331349316,4
5000,endpoint,20000,0.1,accuracy_drop_selector_with_resampling,10,0.7370771020650864,0.03722329268484797,-0.45689696073532104,0.06030749585900861,12223.0,635.3382301315313,304.42262268066406,17.356679783736947,304.42262268066406,17.356679783736947,4
5000,endpoint,20000,0.1,accuracy_drop_selector_with_resampling,11,0.7347298115491867,0.03661303459581588,-0.4531882107257843,0.06011558243780844,12143.75,638.7943722356983,337.87074279785156,18.560624201747427,337.87074279785156,18.560624201747427,4
5000,endpoint,20000,0.1,accuracy_drop_selector_with_resampling,12,0.7325993627309799,0.03663445530463493,-0.44958607107400894,0.05991301195125738,12016.25,643.523827582683,370.97765350341797,19.32706291525175,370.97765350341797,19.32706291525175,4
5000,endpoint,20000,0.1,accuracy_drop_selector_with_resampling,13,0.730634793639183,0.03641048086648374,-0.44615407288074493,0.05977816693433691,12002.25,601.5853361466407,403.5754928588867,19.860048020833887,403.5754928588867,19.860048020833887,4
5000,endpoint,20000,0.1,accuracy_drop_selector_with_resampling,14,0.7287339866161346,0.03654606406716444,-0.44285988062620163,0.059661718141461414,11909.25,592.5393798446368,435.6150360107422,20.37631405285712,435.6150360107422,20.37631405285712,4
5000,endpoint,20000,0.1,accuracy_drop_selector_with_resampling,15,0.7271138429641724,0.036633945667237176,-0.43974947929382324,0.05949167717508315,11867.0,588.30094339547,467.09925842285156,20.773266371684986,467.09925842285156,20.773266371684986,4
5000,endpoint,20000,0.1,accuracy_drop_selector_with_resampling,16,0.7253023236989975,0.03635910942160976,-0.43675896525382996,0.059364418505885586,11790.0,619.9338674407134,498.28157806396484,21.07238163825189,498.28157806396484,21.07238163825189,4
5000,endpoint,20000,0.1,accuracy_drop_selector_with_resampling,17,0.7235163450241089,0.03642415347835213,-0.4338725432753563,0.05918861170592627,11741.75,637.1385903658115,529.0003051757812,21.324819290531465,529.0003051757812,21.324819290531465,4
5000,endpoint,20000,0.1,accuracy_drop_selector_with_resampling,18,0.7220237851142883,0.03624295006382804,-0.4310576245188713,0.05902424451392516,11682.5,603.5409403401452,559.4201812744141,21.721626139405032,559.4201812744141,21.721626139405032,4
5000,endpoint,20000,0.1,accuracy_drop_selector_with_resampling,19,0.7202888131141663,0.03592209059736998,-0.4283168166875839,0.05885735551328578,11611.0,616.845199381498,589.3972625732422,21.954204146772213,589.3972625732422,21.954204146772213,4
5000,endpoint,20000,0.1,accuracy_drop_selector_with_resampling,20,0.718923807144165,0.03603001319538305,-0.4257065951824188,0.05867316731852318,11602.5,622.1331583083052,619.0605621337891,22.303547672757503,619.0605621337891,22.303547672757503,4
5000,endpoint,20000,0.1,accuracy_drop_selector_with_resampling,21,0.7175205498933792,0.0361503453675134,-0.42315640300512314,0.05853212219669034,11535.0,616.7041430053798,648.2271270751953,22.537522257807755,648.2271270751953,22.537522257807755,4
5000,endpoint,20000,0.1,accuracy_drop_selector_with_resampling,22,0.7162830978631973,0.03611972528524527,-0.42074641585350037,0.05841838441507811,11488.0,594.4498857487204,676.9626312255859,22.847795980734332,676.9626312255859,22.847795980734332,4
5000,endpoint,20000,0.1,accuracy_drop_selector_with_resampling,23,0.7150711864233017,0.03589684857164762,-0.41837485134601593,0.05831173100925857,11449.0,624.6092111605998,705.3279418945312,23.052905934416234,705.3279418945312,23.052905934416234,4
5000,endpoint,20000,0.1,accuracy_drop_selector_with_resampling,24,0.7140506207942963,0.035752149658371604,-0.4160972014069557,0.0582224675923678,11440.75,611.1766656758639,733.298583984375,23.239000633496556,733.298583984375,23.239000633496556,4
5000,endpoint,20000,0.1,accuracy_drop_selector_with_resampling,25,0.7126473486423492,0.035844102624356604,-0.41391419619321823,0.0581509550317935,11426.5,636.6027018478636,760.8598937988281,23.447940817568355,760.8598937988281,23.447940817568355,4
5000,endpoint,20000,0.1,accuracy_drop_selector_with_resampling,26,0.711371660232544,0.03566849876916136,-0.41176337748765945,0.05811153201775557,11334.5,595.9628064457266,788.0321502685547,23.560136459446284,788.0321502685547,23.560136459446284,4
5000,endpoint,20000,0.1,accuracy_drop_selector_with_resampling,27,0.7101341933012009,0.03554048294553331,-0.4096919000148773,0.05804216211028873,11334.0,606.3810683060611,815.0491180419922,23.64816058707278,815.0491180419922,23.64816058707278,4
5000,endpoint,20000,0.1,accuracy_drop_selector_with_resampling,28,0.7088712602853775,0.03555762098287532,-0.407686322927475,0.05800112711844257,11334.5,606.1135757155309,841.7723846435547,23.851183995716838,841.7723846435547,23.851183995716838,4
5000,endpoint,20000,0.1,accuracy_drop_selector_with_resampling,29,0.7078124284744263,0.035537054001933376,-0.40569860488176346,0.05797395830873283,11303.0,580.8241271389014,868.1788482666016,24.15641689255094,868.1788482666016,24.15641689255094,4
5000,endpoint,20000,0.1,accuracy_drop_selector_with_resampling,30,0.7067025452852249,0.03565271208073357,-0.4037899523973465,0.05793781031805585,11290.75,586.8108014229686,894.3413238525391,24.5256145277699,894.3413238525391,24.5256145277699,4
5000,endpoint,20000,0.1,accuracy_drop_selector_with_resampling,31,0.7053247839212418,0.03580250899730047,-0.40190064162015915,0.05789266090193798,11280.75,588.1900911553453,920.3179931640625,24.95168141854429,920.3179931640625,24.95168141854429,4
5000,endpoint,20000,0.1,accuracy_drop_selector_with_resampling,32,0.7044955790042877,0.035396981122147585,-0.4000392556190491,0.05784928134193179,11234.0,613.2411162558058,946.0241241455078,25.375076961781105,946.0241241455078,25.375076961781105,4
5000,endpoint,20000,0.1,accuracy_drop_selector_with_resampling,33,0.7036153376102448,0.03539130180155922,-0.39822833240032196,0.05778686466550477,11237.5,621.7569192752636,971.5726470947266,25.942718660848143,971.5726470947266,25.942718660848143,4
5000,endpoint,20000,0.1,accuracy_drop_selector_with_resampling,34,0.702722355723381,0.035405020493090876,-0.3964441791176796,0.057729779442277196,11251.0,603.9950330921605,996.7617797851562,26.54384758308172,996.7617797851562,26.54384758308172,4
5000,endpoint,20000,0.1,accuracy_drop_selector_with_resampling,35,0.7017273008823395,0.03535877627993974,-0.3947148397564888,0.05771509034209113,11229.0,589.1015758480593,1021.6914520263672,27.32355327079283,1021.6914520263672,27.32355327079283,4
5000,endpoint,20000,0.1,accuracy_drop_selector_with_resampling,36,0.7006174474954605,0.03539207570829243,-0.3930228725075722,0.05770411956869051,11216.75,559.8686601933231,1046.3517761230469,28.09402253124745,1046.3517761230469,28.09402253124745,4
5000,endpoint,20000,0.1,accuracy_drop_selector_with_resampling,37,0.6996861696243286,0.03549548579856349,-0.39138682186603546,0.05770859188847963,11186.25,580.3943343394501,1070.7288208007812,29.093940747639955,1070.7288208007812,29.093940747639955,4
5000,endpoint,20000,0.1,accuracy_drop_selector_with_resampling,38,0.6987294107675552,0.035389233971236736,-0.38978029042482376,0.057697636139520864,11187.75,615.186353879863,1094.8806457519531,30.06281631805841,1094.8806457519531,30.06281631805841,4
5000,endpoint,20000,0.1,accuracy_drop_selector_with_resampling,39,0.6979512125253677,0.035340089655910394,-0.3882300928235054,0.057712224633694895,11160.0,588.0243759119742,1118.7655029296875,31.266329819333322,1118.7655029296875,31.266329819333322,4
5000,endpoint,20000,0.1,accuracy_drop_selector_with_resampling,40,0.6971220225095749,0.035263524135963766,-0.38670389354228973,0.057745358271047306,11172.5,583.3315238067172,1142.4656372070312,32.447465395838194,1142.4656372070312,32.447465395838194,4
5000,endpoint,20000,0.1,accuracy_drop_selector_with_resampling,41,0.6961907297372818,0.03504197344103251,-0.3852691352367401,0.05777235605874574,11152.0,582.9974270955233,1165.9663696289062,33.7861669194951,1165.9663696289062,33.7861669194951,4
5000,endpoint,20000,0.1,accuracy_drop_selector_with_resampling,42,0.6954508274793625,0.035190065033922864,-0.3838215172290802,0.05780985776646984,11153.0,603.7786570148589,1189.1918334960938,35.18978760462888,1189.1918334960938,35.18978760462888,4
5000,endpoint,20000,0.1,accuracy_drop_selector_with_resampling,43,0.6946599036455154,0.03513806556376841,-0.38240639865398407,0.057850884998585435,11156.5,591.2892693090245,1212.2660827636719,36.64518378925853,1212.2660827636719,36.64518378925853,4
5000,endpoint,20000,0.1,accuracy_drop_selector_with_resampling,44,0.6940858364105225,0.03526537187996252,-0.381010502576828,0.05792086651749918,11082.0,586.8429659343858,1235.07470703125,38.231177160431585,1235.07470703125,38.231177160431585,4
5000,endpoint,20000,0.1,accuracy_drop_selector_with_resampling,45,0.6932694017887115,0.03526378206413476,-0.3796595633029938,0.05800418077177966,11100.75,570.0323821211095,1257.8307189941406,39.85131617997304,1257.8307189941406,39.85131617997304,4
5000,endpoint,20000,0.1,accuracy_drop_selector_with_resampling,46,0.6924401670694351,0.0354300973485418,-0.37831008434295654,0.058063628473656516,11120.75,581.1077782993444,1280.37255859375,41.50913654512966,1280.37255859375,41.50913654512966,4
5000,endpoint,20000,0.1,accuracy_drop_selector_with_resampling,47,0.6917002648115158,0.035355854072862986,-0.3769925832748413,0.0581276318890641,11072.25,589.6226900880483,1302.7130737304688,43.17173728116684,1302.7130737304688,43.17173728116684,4
5000,endpoint,20000,0.1,accuracy_drop_selector_with_resampling,48,0.6908965706825256,0.03554358345811922,-0.37568341940641403,0.05815696017315887,11091.0,561.1090208981971,1324.9696655273438,44.86310860065459,1324.96875,44.86481737223118,4
5000,endpoint,20000,0.1,accuracy_drop_selector_with_resampling,49,0.6899397820234299,0.035612469504052814,-0.37436099350452423,0.058197087667503415,11049.5,581.8158356960273,1347.0062561035156,46.53940440343376,1347.0029907226562,46.54302558276481,4
5000,endpoint,20000,0.1,accuracy_drop_selector_with_resampling,50,0.6892891675233841,0.03592405606769014,-0.3730892688035965,0.058227052642976354,11038.25,582.1118878703646,1369.2392578125,48.03631278029795,1369.2347106933594,48.039449105343614,4
5000,endpoint,20000,0.1,accuracy_drop_selector_with_resampling,51,0.688804417848587,0.036050062591487214,-0.37183065712451935,0.05826754948855148,11021.25,583.9996432647313,1384.7841491699219,49.07754412645797,1384.7808837890625,49.079787633124425,4
5000,endpoint,20000,0.1,accuracy_drop_selector_with_resampling,52,0.6882813721895218,0.03606057302691218,-0.37094278633594513,0.05829777072697059,11009.0,589.7428818278918,1397.4140014648438,49.88108688397805,1397.4113464355469,49.88297399161408,4
5000,endpoint,20000,0.1,accuracy_drop_selector_with_resampling,53,0.6879496872425079,0.03621727089979008,-0.3702216222882271,0.058310794708215694,10997.5,597.9077409322166,1408.3253173828125,50.51937929053555,1408.322998046875,50.521001958532864,4
5000,endpoint,20000,0.1,accuracy_drop_selector_with_resampling,54,0.6876945346593857,0.03634976038628881,-0.3696146607398987,0.05833193151412668,10987.75,601.4806037327111,1418.0520324707031,51.03855134789634,1418.0499877929688,51.040080867107804,4
5000,endpoint,20000,0.1,accuracy_drop_selector_with_resampling,55,0.6874266564846039,0.03638557700431994,-0.3690716624259949,0.058353878761694074,10976.5,600.5478054798524,1426.8818359375,51.50775934850472,1426.8799438476562,51.509152635388176,4
5000,endpoint,20000,0.1,accuracy_drop_selector_with_resampling,56,0.6871077120304108,0.036352357709201866,-0.3685668259859085,0.05835557096477411,10968.0,602.8598510433416,1435.0303649902344,51.90521626132808,1435.0287170410156,51.906432054095795,4
5000,endpoint,20000,0.1,accuracy_drop_selector_with_resampling,57,0.6869546324014664,0.03635111145843236,-0.36811964213848114,0.05835830038301656,10958.75,606.812093375426,1442.6365051269531,52.28198131519648,1442.6349487304688,52.283102960493096,4
5000,endpoint,20000,0.1,accuracy_drop_selector_with_resampling,58,0.6867377609014511,0.03634703386018718,-0.36769411712884903,0.05835533583974853,10949.75,614.4278503887444,1449.7578125,52.61265310060296,1449.7562866210938,52.61379126675586,4
5000,endpoint,20000,0.1,accuracy_drop_selector_with_resampling,59,0.6865464150905609,0.036380640951974845,-0.3672990947961807,0.058359339636289156,10938.75,610.2252999234518,1456.5028076171875,52.91213067427362,1456.5002136230469,52.91410842347707,4
5000,endpoint,20000,0.1,accuracy_drop_selector_with_resampling,60,0.6863295435905457,0.03625152050539848,-0.3669343888759613,0.058363460229973664,10933.25,613.3782818674514,1462.9150085449219,53.19795703438624,1462.9118957519531,53.200255997536665,4
5000,endpoint,20000,0.1,accuracy_drop_selector_with_resampling,61,0.6861892193555832,0.03626619205758823,-0.3665574640035629,0.05835565858069257,10927.25,616.2588065631733,1469.0369567871094,53.45413669348518,1469.03369140625,53.45628204814908,4
5000,endpoint,20000,0.1,accuracy_drop_selector_with_resampling,62,0.6859340667724609,0.036194202498456333,-0.3662291616201401,0.058348408499653295,10924.25,615.261665201617,1474.9065246582031,53.70074558928248,1474.9033508300781,53.702794694090514,4
5000,endpoint,20000,0.1,accuracy_drop_selector_with_resampling,63,0.6858064979314804,0.0362615840832997,-0.36589667946100235,0.058357872437650955,10914.25,616.983184535851,1480.5493774414062,53.93652777658472,1480.5463562011719,53.93849350394179,4
5000,endpoint,20000,0.1,accuracy_drop_selector_with_resampling,64,0.685691699385643,0.03628223531865468,-0.3655890226364136,0.058354781006382014,10909.75,614.6046832449837,1485.9737243652344,54.14909842628818,1485.9707946777344,54.15102900011539,4
5000,endpoint,20000,0.1,accuracy_drop_selector_with_resampling,65,0.6855130940675735,0.036359032618400296,-0.3652793988585472,0.05835314543280421,10905.5,613.0277318360075,1491.2179260253906,54.34978783097778,1491.215087890625,54.351620030323566,4
5000,endpoint,20000,0.1,accuracy_drop_selector_with_resampling,66,0.6852579563856125,0.03624529704625512,-0.36501026153564453,0.058352065144868084,10897.0,616.686305993574,1496.2913208007812,54.549881478690274,1496.2885437011719,54.55173078716271,4
5000,endpoint,20000,0.1,accuracy_drop_selector_with_resampling,67,0.6851941794157028,0.03631685100069998,-0.36470895260572433,0.0583501123139924,10892.5,613.3761760399024,1501.2235107421875,54.738699932453116,1501.2208557128906,54.74045678811507,4
5000,endpoint,20000,0.1,accuracy_drop_selector_with_resampling,68,0.6850028038024902,0.036188189157259645,-0.36445654183626175,0.05833988121944742,10884.0,616.1136258840572,1505.9920349121094,54.9257333246174,1505.9894104003906,54.92744084399049,4
5000,endpoint,20000,0.1,accuracy_drop_selector_with_resampling,69,0.6848624795675278,0.036139319853523706,-0.3641877919435501,0.05832988831635695,10879.0,615.0159889520488,1510.6294555664062,55.093660699164694,1510.6268005371094,55.09561105420224,4
5000,endpoint,20000,0.1,accuracy_drop_selector_with_resampling,70,0.6845945864915848,0.036221110182008756,-0.3639429435133934,0.05832619220459374,10873.75,614.6502392960298,1515.1465148925781,55.26717065853797,1515.1437683105469,55.26941318984874,4
5000,endpoint,20000,0.1,accuracy_drop_selector_with_resampling,71,0.6845308095216751,0.036122558702488566,-0.36370043456554413,0.0583209188614307,10865.0,613.9158465674808,1519.5320129394531,55.428602796337834,1519.5292663574219,55.430845117376606,4
5000,endpoint,20000,0.1,accuracy_drop_selector_with_resampling,72,0.6843139082193375,0.03613745417679838,-0.36345677822828293,0.05833009505330493,10860.5,612.8754631516368,1523.833984375,55.58817954743547,1523.8312683105469,55.59037026261273,4
5000,endpoint,20000,0.1,accuracy_drop_selector_with_resampling,73,0.6840970516204834,0.03631872433303568,-0.3632378429174423,0.05832506495749434,10855.75,610.5638787219565,1528.0263366699219,55.74656480528416,1528.0237426757812,55.748718834090184,4
5000,endpoint,20000,0.1,accuracy_drop_selector_with_resampling,74,0.6841225624084473,0.03623602411331967,-0.36300037801265717,0.058327123853952965,10850.5,614.3248326414944,1532.1210327148438,55.891896188927745,1532.1181640625,55.89454657419142,4
5000,endpoint,20000,0.1,accuracy_drop_selector_with_resampling,75,0.6840332746505737,0.03623005112571979,-0.36278554052114487,0.058320604771641554,10846.0,614.0097719092099,1536.1327819824219,56.038329442455684,1536.1296997070312,56.04142825607429,4
5000,endpoint,20000,0.1,accuracy_drop_selector_with_resampling,76,0.6838674247264862,0.036302338675351244,-0.36257195472717285,0.05832980099062671,10842.25,612.5995837412886,1540.0577697753906,56.17937830031268,1540.0547790527344,56.18237211516076,4
5000,endpoint,20000,0.1,accuracy_drop_selector_with_resampling,77,0.6838546693325043,0.03625179292125668,-0.36235423386096954,0.058325709708721266,10838.0,609.6900852072305,1543.9031677246094,56.32914283663279,1543.8999328613281,56.33257505995656,4
5000,endpoint,20000,0.1,accuracy_drop_selector_with_resampling,78,0.6836633235216141,0.0362121571317958,-0.3621562123298645,0.05832852589013249,10834.25,611.5539632771583,1547.6795349121094,56.473540689345015,1547.6759643554688,56.477189954717225,4
5000,endpoint,20000,0.1,accuracy_drop_selector_with_resampling,79,0.6835612654685974,0.036259894231163894,-0.36196816712617874,0.05832774416731466,10828.5,613.4174761123129,1551.3815002441406,56.61750438914131,1551.3776550292969,56.621058153373966,4
5000,endpoint,20000,0.1,accuracy_drop_selector_with_resampling,80,0.6834847182035446,0.03621526815034217,-0.36176078766584396,0.05833343722551667,10824.0,616.3867833322407,1555.0150146484375,56.76357270914774,1555.0111083984375,56.767010743530975,4
5000,endpoint,20000,0.1,accuracy_drop_selector_with_resampling,81,0.6833188682794571,0.03622055912062235,-0.36157115548849106,0.05832215940714293,10815.5,614.8249073245705,1558.5782470703125,56.901927292665626,1558.5740966796875,56.90491722907458,4
5000,endpoint,20000,0.1,accuracy_drop_selector_with_resampling,82,0.6832678318023682,0.036297059743889,-0.36138229072093964,0.058317730531687755,10811.75,612.4428544770524,1562.0897216796875,57.03062448297904,1562.0855102539062,57.03348512393554,4
5000,endpoint,20000,0.1,accuracy_drop_selector_with_resampling,83,0.6832295656204224,0.036276644208429576,-0.36120355874300003,0.058329359186499334,10805.75,610.4825277325033,1565.5366516113281,57.1760186595622,1565.532470703125,57.1788258340604,4
5000,endpoint,20000,0.1,accuracy_drop_selector_with_resampling,84,0.683076485991478,0.03625723327546995,-0.36102911829948425,0.05832854212566446,10804.0,611.5297757809236,1568.9281005859375,57.317723536254675,1568.9239807128906,57.32047856390524,4
5000,endpoint,20000,0.1,accuracy_drop_selector_with_resampling,85,0.6829489171504974,0.03627392714226912,-0.36085498332977295,0.05833115230892661,10799.75,608.9008539984158,1572.2650451660156,57.4541527686158,1572.2610778808594,57.456874060724296,4
5000,endpoint,20000,0.1,accuracy_drop_selector_with_resampling,86,0.68283411860466,0.036270365164279623,-0.36069297790527344,0.05833099177236645,10797.75,611.1908458084104,1575.5549621582031,57.58757064110072,1575.5509948730469,57.59028092972237,4
5000,endpoint,20000,0.1,accuracy_drop_selector_with_resampling,87,0.6827448159456253,0.03632612254650435,-0.3605201691389084,0.058325469321985346,10791.0,610.624270726279,1578.7923278808594,57.7227321663388,1578.7882080078125,57.725349842120124,4
5000,endpoint,20000,0.1,accuracy_drop_selector_with_resampling,88,0.6825534552335739,0.03626330350392783,-0.360357828438282,0.05832535877909605,10786.75,612.7073118545266,1581.9805603027344,57.854483567765385,1581.9764099121094,57.85714657959713,4
5000,endpoint,20000,0.1,accuracy_drop_selector_with_resampling,89,0.6825279295444489,0.036204026264732764,-0.3602037578821182,0.058334554480863644,10781.5,614.7967143698802,1585.1212158203125,57.99773144969947,1585.1170654296875,58.00034258961552,4
5000,endpoint,20000,0.1,accuracy_drop_selector_with_resampling,90,0.6824258863925934,0.036175681439401336,-0.3600306957960129,0.05833703664483721,10777.25,614.281897828676,1588.2188110351562,58.12765724425861,1588.2147216796875,58.13018176462673,4
5000,endpoint,20000,0.1,accuracy_drop_selector_with_resampling,91,0.6823748648166656,0.03627495887634897,-0.35987550020217896,0.05834375687584416,10775.25,613.8715256468572,1591.2721252441406,58.258134854700664,1591.2680053710938,58.26065118565878,4
5000,endpoint,20000,0.1,accuracy_drop_selector_with_resampling,92,0.6822983175516129,0.03637224063811394,-0.35972631722688675,0.058350144594231976,10774.0,615.4207232996519,1594.2909545898438,58.383210134213456,1594.2867126464844,58.385691454616065,4
5000,endpoint,20000,0.1,accuracy_drop_selector_with_resampling,93,0.6821452379226685,0.036366927989260146,-0.35956668108701706,0.0583454649724519,10769.0,615.3898493367166,1597.268798828125,58.50949751650564,1597.2646179199219,58.511891143669736,4
5000,endpoint,20000,0.1,accuracy_drop_selector_with_resampling,94,0.6820431798696518,0.03632461286043713,-0.35941262543201447,0.05834761137345365,10765.5,612.7873475630297,1600.2092590332031,58.628727651491324,1600.2051696777344,58.63101514359954,4
5000,endpoint,20000,0.1,accuracy_drop_selector_with_resampling,95,0.681928351521492,0.036354087462609035,-0.35926375538110733,0.05835713062719867,10761.75,614.5260368772018,1603.1052856445312,58.76140802074688,1603.1011962890625,58.7637324431193,4
5000,endpoint,20000,0.1,accuracy_drop_selector_with_resampling,96,0.6820431798696518,0.03629129294408373,-0.3591239005327225,0.058345227822215226,10757.0,612.976889178268,1605.97314453125,58.886930194683885,1605.9691162109375,58.88921201835518,4
5000,endpoint,20000,0.1,accuracy_drop_selector_with_resampling,97,0.6818263083696365,0.03645337899309168,-0.3589747026562691,0.058357617871588496,10753.75,615.0405813169295,1608.8086547851562,59.01071913458725,1608.8046264648438,59.0130300046851,4
5000,endpoint,20000,0.1,accuracy_drop_selector_with_resampling,98,0.6817752569913864,0.03635406801077609,-0.35883837193250656,0.05836879560506397,10752.25,615.6250888324809,1611.6106262207031,59.13577711663768,1611.6065368652344,59.13811645759123,4
5000,endpoint,20000,0.1,accuracy_drop_selector_with_resampling,99,0.6816477030515671,0.036370440562580174,-0.3586942330002785,0.05836944623195047,10749.25,617.3580133655565,1614.3784484863281,59.26435012615959,1614.3743286132812,59.26659879467744,4
5000,endpoint,20000,0.1,accuracy_drop_selector_with_resampling,100,0.6816221922636032,0.03631590041606664,-0.35855815559625626,0.05837079634216641,10746.75,613.1369477259275,1617.1088562011719,59.3871652021741,1617.104736328125,59.38941613545789,4
5000,endpoint,20000,0.1,accuracy_drop_selector_with_resampling,101,0.6816221922636032,0.03629237798794853,-0.3584213927388191,0.05837056197107761,10744.25,615.2237397890299,1619.8125915527344,59.504312353090846,1619.8081970214844,59.506637061935955,4
5000,endpoint,20000,0.1,accuracy_drop_selector_with_resampling,102,0.6815073788166046,0.03636908855954091,-0.35828322917222977,0.058358233341644555,10741.0,619.0600401684261,1622.487548828125,59.62618394083769,1622.4830932617188,59.62840606120644,4
5000,endpoint,20000,0.1,accuracy_drop_selector_with_resampling,103,0.6814946085214615,0.036351169240652445,-0.3581530377268791,0.05836521475945906,10737.75,618.4805979171861,1625.1338195800781,59.750665729079245,1625.1294555664062,59.75294502172442,4
5000,endpoint,20000,0.1,accuracy_drop_selector_with_resampling,104,0.6814435869455338,0.036370072530055184,-0.35803619027137756,0.05838084665500983,10735.75,620.894180463413,1627.7481079101562,59.86111560735559,1627.7438354492188,59.86330598006119,4
5000,endpoint,20000,0.1,accuracy_drop_selector_with_resampling,105,0.681354284286499,0.03631213158453406,-0.35788194090127945,0.058375400697512465,10731.75,620.7438414246787,1630.3470764160156,59.97596609198076,1630.3428649902344,59.97816422921306,4
5000,endpoint,20000,0.1,accuracy_drop_selector_with_resampling,106,0.6813670545816422,0.036197415263386615,-0.3577672094106674,0.058383922345887365,10728.5,621.3010542402129,1632.9086303710938,60.083031305409015,1632.9044494628906,60.08518022006825,4
5000,endpoint,20000,0.1,accuracy_drop_selector_with_resampling,107,0.6812649965286255,0.03624940956113721,-0.357639841735363,0.05837718199535939,10725.0,622.8895033096427,1635.4468994140625,60.196203630944694,1635.4427490234375,60.19840451591456,4
5000,endpoint,20000,0.1,accuracy_drop_selector_with_resampling,108,0.681086391210556,0.03622350068227791,-0.3575062230229378,0.058380608694217455,10722.5,622.3463665837537,1637.9703674316406,60.310341443286475,1637.9662780761719,60.3125384152225,4
5000,endpoint,20000,0.1,accuracy_drop_selector_with_resampling,109,0.681086391210556,0.036133570079103776,-0.3573833107948303,0.058377052663844284,10718.5,622.8592671436033,1640.4651794433594,60.41899184932447,1640.4610290527344,60.42108856092299,4
5000,endpoint,20000,0.1,accuracy_drop_selector_with_resampling,110,0.6809333115816116,0.036213948969300164,-0.3572787716984749,0.05838340670334405,10714.0,622.4794507987125,1642.9294128417969,60.522058619641456,1642.9253234863281,60.52416381889045,4
5000,endpoint,20000,0.1,accuracy_drop_selector_with_resampling,111,0.6808950453996658,0.03620326223579502,-0.3571360409259796,0.058367534783411265,10711.0,624.7836959033635,1645.3714599609375,60.62963925525947,1645.3674621582031,60.63173760529908,4
5000,endpoint,20000,0.1,accuracy_drop_selector_with_resampling,112,0.6807802319526672,0.036171560123944214,-0.3570164889097214,0.058386279030091214,10708.5,624.0974817019106,1647.8001098632812,60.73773430665871,1647.7958679199219,60.74014617354951,4
5000,endpoint,20000,0.1,accuracy_drop_selector_with_resampling,113,0.680754691362381,0.0361690029054688,-0.3569009304046631,0.058376942326951516,10705.0,627.0858527081174,1650.20166015625,60.84039386073987,1650.1973266601562,60.84286801666819,4
5000,endpoint,20000,0.1,accuracy_drop_selector_with_resampling,114,0.6807036697864532,0.03616425174136657,-0.35677964240312576,0.058390200698734046,10702.0,625.5514900203393,1652.5798034667969,60.94870295064201,1652.5756530761719,60.951159224565565,4
5000,endpoint,20000,0.1,accuracy_drop_selector_with_resampling,115,0.6806016266345978,0.0361690029054688,-0.3566618785262108,0.05838108699341013,10699.0,627.9649671757176,1654.9410400390625,61.05027334820584,1654.9368591308594,61.05279803464186,4
5000,endpoint,20000,0.1,accuracy_drop_selector_with_resampling,116,0.6804995834827423,0.03620207581125186,-0.3565558195114136,0.05838927541107182,10696.5,627.6604708492217,1657.2861633300781,61.15376196874417,1657.2818298339844,61.15619493818712,4
5000,endpoint,20000,0.1,accuracy_drop_selector_with_resampling,117,0.6804613023996353,0.03628606929852327,-0.35642673075199127,0.05838652283032041,10693.0,628.1294983255178,1659.6067199707031,61.252152990464744,1659.6024475097656,61.25460953278624,4
5000,endpoint,20000,0.1,accuracy_drop_selector_with_resampling,118,0.6803719848394394,0.03626132056058876,-0.35631680488586426,0.05837233651286528,10691.0,628.5353344615295,1661.9047241210938,61.361131474533494,1661.9004821777344,61.3634893321978,4
5000,endpoint,20000,0.1,accuracy_drop_selector_with_resampling,119,0.6803081929683685,0.03619142155715998,-0.3562043607234955,0.05837612482758008,10689.5,628.2157272784565,1664.1851501464844,61.46142697492952,1664.1809387207031,61.46383365232045,4
5000,endpoint,20000,0.1,accuracy_drop_selector_with_resampling,120,0.680218905210495,0.03617140224299746,-0.35609451681375504,0.05837878394575876,10684.5,629.7647708999501,1666.443115234375,61.56501998576658,1666.438720703125,61.56741071784069,4
5000,endpoint,20000,0.1,accuracy_drop_selector_with_resampling,121,0.6802316755056381,0.03616570431803135,-0.35597971081733704,0.05838927362455709,10681.75,627.6195105316597,1668.6889038085938,61.6648460735753,1668.6844787597656,61.6671815349731,4
5000,endpoint,20000,0.1,accuracy_drop_selector_with_resampling,122,0.6802061498165131,0.03614436742538596,-0.35587453842163086,0.05840270084601968,10679.5,626.5426295685447,1670.9155883789062,61.76379606261424,1670.9109497070312,61.76616607447196,4
5000,endpoint,20000,0.1,accuracy_drop_selector_with_resampling,123,0.6801168471574783,0.0361478907011207,-0.35576828569173813,0.05839987707620854,10675.5,627.5043160542139,1673.1228942871094,61.869578075902616,1673.1185302734375,61.871786297881755,4
5000,endpoint,20000,0.1,accuracy_drop_selector_with_resampling,124,0.6800403147935867,0.03616466854581667,-0.3556520417332649,0.058392967800291025,10671.25,628.8594835096311,1675.3102722167969,61.96624013778087,1675.3057861328125,61.96856460841731,4
5000,endpoint,20000,0.1,accuracy_drop_selector_with_resampling,125,0.6800913363695145,0.03603200930630965,-0.35554131120443344,0.058401922312501076,10668.0,630.1751079395842,1677.4844055175781,62.062864867419904,1677.4797973632812,62.06512037763404,4
5000,endpoint,20000,0.1,accuracy_drop_selector_with_resampling,126,0.6800020337104797,0.036120882255432835,-0.3554372861981392,0.058403898212243836,10668.25,631.644084908582,1679.64111328125,62.16150244575558,1679.636474609375,62.163702902817114,4
5000,endpoint,20000,0.1,accuracy_drop_selector_with_resampling,127,0.6799255013465881,0.03603769190821853,-0.3553291857242584,0.0583940731320929,10666.0,632.0205692855257,1681.7818298339844,62.25510650836766,1681.7773132324219,62.25725888474114,4
5000,endpoint,20000,0.1,accuracy_drop_selector_with_resampling,128,0.6798617243766785,0.03612408658040955,-0.3552349805831909,0.058396778275244914,10665.0,629.4002436182136,1683.9060363769531,62.34413878140172,1683.9015502929688,62.346339980203574,4
5000,endpoint,20000,0.1,accuracy_drop_selector_with_resampling,129,0.6798489689826965,0.03610667998895268,-0.3551209717988968,0.05839217548824257,10660.0,631.5552232386333,1686.0145568847656,62.44392906690057,1686.0100402832031,62.446184786852356,4
5000,endpoint,20000,0.1,accuracy_drop_selector_with_resampling,130,0.6798234432935715,0.03615636849527112,-0.35502801835536957,0.05840298223093406,10656.75,631.3374031899795,1688.107421875,62.542410432536386,1688.1026306152344,62.54445930785169,4
5000,endpoint,20000,0.1,accuracy_drop_selector_with_resampling,131,0.6797341406345367,0.03613152847064034,-0.35491254180669785,0.058400479752690616,10655.75,630.2705107068446,1690.1866760253906,62.63143618199278,1690.1818237304688,62.63346608253798,4
5000,endpoint,20000,0.1,accuracy_drop_selector_with_resampling,132,0.679683119058609,0.03622594431706158,-0.3548201695084572,0.058393966345044526,10656.25,629.7969911011007,1692.2476806640625,62.72784248725147,1692.2428283691406,62.72987449106667,4
5000,endpoint,20000,0.1,accuracy_drop_selector_with_resampling,133,0.6797341406345367,0.036159811917752194,-0.3547155410051346,0.05839637680265792,10651.5,630.8177232767006,1694.2986145019531,62.816756724709165,1694.2937927246094,62.818739122410534,4
5000,endpoint,20000,0.1,accuracy_drop_selector_with_resampling,134,0.679657593369484,0.036115091642001516,-0.35461679846048355,0.0584042516449982,10649.5,629.6139028536986,1696.3383483886719,62.91228012028907,1696.3334350585938,62.91451754271824,4
5000,endpoint,20000,0.1,accuracy_drop_selector_with_resampling,135,0.6796065866947174,0.03616677135713407,-0.3545408621430397,0.05840631529140685,10646.5,630.7421554539277,1698.3552551269531,63.004679842739144,1698.3502502441406,63.00702199125675,4
5000,endpoint,20000,0.1,accuracy_drop_selector_with_resampling,136,0.6795810610055923,0.036126408013106646,-0.35442855954170227,0.05839888083749965,10645.5,631.1663806002344,1700.3603820800781,63.09072157273888,1700.3554992675781,63.09307161872881,4
5000,endpoint,20000,0.1,accuracy_drop_selector_with_resampling,137,0.6795045137405396,0.03610522279279207,-0.35432472079992294,0.05840558139369643,10641.0,631.0472776794672,1702.354248046875,63.18979648863926,1702.3493041992188,63.19210117659354,4
5000,endpoint,20000,0.1,accuracy_drop_selector_with_resampling,138,0.6794790029525757,0.03615955266901529,-0.35423123091459274,0.05840549005243362,10639.75,632.8914467215791,1704.3326110839844,63.27461019307428,1704.3277893066406,63.27691648122059,4
5000,endpoint,20000,0.1,accuracy_drop_selector_with_resampling,139,0.6793897151947021,0.03606391932705939,-0.3541334494948387,0.05840242536324427,10636.0,634.4430628511908,1706.3009948730469,63.36087741696209,1706.296142578125,63.363174575647825,4
5000,endpoint,20000,0.1,accuracy_drop_selector_with_resampling,140,0.6793131679296494,0.036127914224197887,-0.35404616594314575,0.05841132723708921,10634.75,636.1846561075382,1708.2538452148438,63.44965756631005,1708.2488708496094,63.451734203323625,4
5000,endpoint,20000,0.1,accuracy_drop_selector_with_resampling,141,0.6793004125356674,0.03615317302489182,-0.3539554551243782,0.058416177185250245,10629.5,637.114589379336,1710.1968383789062,63.54328999190255,1710.191650390625,63.54518305254515,4
5000,endpoint,20000,0.1,accuracy_drop_selector_with_resampling,142,0.6792238652706146,0.03614122560890594,-0.35386553406715393,0.058420382154445116,10627.0,631.9520023968065,1712.1286315917969,63.6312634761644,1712.1233825683594,63.63315069026973,4
5000,endpoint,20000,0.1,accuracy_drop_selector_with_resampling,143,0.6792366206645966,0.0361159998044684,-0.3537665158510208,0.058405487135980094,10625.5,634.2988254758162,1714.0498046875,63.722745123911366,1714.0445861816406,63.72476078069477,4
5000,endpoint,20000,0.1,accuracy_drop_selector_with_resampling,144,0.679121807217598,0.036154911470493704,-0.35367800295352936,0.05842279438448458,10622.5,634.3534766463673,1715.9526977539062,63.81398297501356,1715.9474487304688,63.815998924750126,4
5000,endpoint,20000,0.1,accuracy_drop_selector_with_resampling,145,0.6791473180055618,0.036105237977126774,-0.3535831347107887,0.05841517109693192,10618.75,635.2376851751371,1717.8454284667969,63.9026553050324,1717.8402404785156,63.90460679113878,4
5000,endpoint,20000,0.1,accuracy_drop_selector_with_resampling,146,0.6791345775127411,0.03615841090068351,-0.35349373519420624,0.058418516802588645,10615.5,635.4156120209827,1719.7308044433594,63.99165778808642,1719.7256774902344,63.99352674677348,4
5000,endpoint,20000,0.1,accuracy_drop_selector_with_resampling,147,0.6791345775127411,0.036153586340740416,-0.353401780128479,0.05842796707545898,10614.0,636.8542481080999,1721.6030883789062,64.07635596937214,1721.5979309082031,64.07832294105609,4
5000,endpoint,20000,0.1,accuracy_drop_selector_with_resampling,148,0.6789814829826355,0.0360880475524459,-0.3533046171069145,0.058428657978782626,10609.5,635.5493686567551,1723.4644775390625,64.16930576365982,1723.4593505859375,64.17118818625941,4
5000,endpoint,20000,0.1,accuracy_drop_selector_with_resampling,149,0.6788921803236008,0.03612434107791317,-0.35322897136211395,0.05843753572302115,10609.5,634.9175799529679,1725.3211059570312,64.25801453041697,1725.3160400390625,64.25998307594175,4
5000,endpoint,20000,0.1,none,-1,0.7678624391555786,0.038630936334284466,-0.5034046530723572,0.06379191930079747,0.0,0.0,0.0,0.0,0.0,0.0,5
5000,endpoint,20000,0.1,none,0,0.767699134349823,0.03863648809620177,-0.5034147202968597,0.06378858407813526,10107.0,513.3176404527708,10.59400234222412,1.2265219274604882,10.59400234222412,1.2265219274604882,5
5000,endpoint,20000,0.1,none,1,0.766719388961792,0.03878561943852667,-0.5030423939228058,0.06379726629132905,14706.4,349.8268142953024,28.370576477050783,3.028588141952279,28.370576477050783,3.028588141952279,5
5000,endpoint,20000,0.1,none,2,0.7652803897857666,0.03902400709115192,-0.5018437623977661,0.06390656187315043,14804.4,211.66671916009847,52.21877212524414,5.047548581128653,52.21877212524414,5.047548581128653,5
5000,endpoint,20000,0.1,none,3,0.7633005023002625,0.03915473543642809,-0.49964797496795654,0.06402447655288264,14741.2,233.40886872610474,80.80055236816406,7.447474999753849,80.80055236816406,7.447474999753849,5
5000,endpoint,20000,0.1,none,4,0.7610756754875183,0.03937333979880207,-0.4965548932552338,0.06409972893770818,14662.8,218.44381428642012,113.39088287353516,9.788678636656174,113.39088287353516,9.788678636656174,5
5000,endpoint,20000,0.1,none,5,0.7583915829658509,0.039459422388381814,-0.4927416563034058,0.064191248460029,14649.2,244.61950044916696,148.83789672851563,11.99675165642537,148.83789672851563,11.99675165642537,5
5000,endpoint,20000,0.1,none,6,0.756003475189209,0.03942794160906248,-0.4886359989643097,0.0642441436935013,14532.6,229.95390842514507,185.5753967285156,14.058561784631111,185.5753967285156,14.058561784631111,5
5000,endpoint,20000,0.1,none,7,0.7535234928131104,0.03940185303755338,-0.48442144989967345,0.06426773034982233,14451.2,225.02599849795135,223.14766845703124,16.011853101528736,223.14766845703124,16.011853101528736,5
5000,endpoint,20000,0.1,none,8,0.7512068033218384,0.039339063130599004,-0.4802325487136841,0.06425713071059078,14326.6,255.54803853678862,260.8066345214844,18.043093869411802,260.8066345214844,18.043093869411802,5
5000,endpoint,20000,0.1,none,9,0.748808479309082,0.039379090656356135,-0.47613016366958616,0.0641768536825359,14195.0,250.31480179965388,298.24510498046874,20.188304775256142,298.24510498046874,20.188304775256142,5
5000,endpoint,20000,0.1,none,10,0.7466857314109803,0.039606135662981476,-0.4721538782119751,0.06407028665323548,14169.2,232.61814202679892,335.45310668945314,22.551988931544155,335.45310668945314,22.551988931544155,5
5000,endpoint,20000,0.1,none,11,0.7444813013076782,0.0396746446870283,-0.46833998560905454,0.06398180003353278,14092.6,172.14615883022194,372.00938720703124,24.81482328713059,372.00938720703124,24.81482328713059,5
5000,endpoint,20000,0.1,none,12,0.7423993587493897,0.03967673046334233,-0.46464443802833555,0.06388281250727616,13969.4,236.85501894618994,408.02971801757815,27.188630830027662,408.02971801757815,27.188630830027662,5
5000,endpoint,20000,0.1,none,13,0.7405112981796265,0.03956958158264014,-0.46111897230148313,0.06379140322464007,13940.8,167.8621458221001,443.520654296875,29.380190767620896,443.520654296875,29.380190767620896,5
5000,endpoint,20000,0.1,none,14,0.7385620236396789,0.03951712250803977,-0.45773992538452146,0.06369168730073343,13836.0,209.6222793502637,478.3771728515625,31.631285998095787,478.3771728515625,31.631285998095787,5
5000,endpoint,20000,0.1,none,15,0.7367862582206726,0.03935964943447412,-0.45448378324508665,0.06360568647043165,13754.2,194.94922415849723,512.7031494140625,33.76018179877807,512.7031494140625,33.76018179877807,5
5000,endpoint,20000,0.1,none,16,0.7349798440933227,0.03926768126246352,-0.45135730504989624,0.06351955969252024,13681.8,134.93591071319747,546.4598754882812,35.68892766042949,546.4598754882812,35.68892766042949,5
5000,endpoint,20000,0.1,none,17,0.7331122040748597,0.039284828295983815,-0.4483712375164032,0.06345092588382648,13617.4,171.48265218382878,579.64541015625,37.57757708992701,579.64541015625,37.57757708992701,5
5000,endpoint,20000,0.1,none,18,0.7315405488014222,0.03899615627360143,-0.4454904317855835,0.06338538613539929,13543.4,142.24731983415364,612.3915893554688,39.39382856109225,612.3915893554688,39.39382856109225,5
5000,endpoint,20000,0.1,none,19,0.7298566222190856,0.0388851942677789,-0.44275384545326235,0.06331624467809222,13523.6,175.2035958535098,644.629150390625,41.16079522676641,644.629150390625,41.16079522676641,5
5000,endpoint,20000,0.1,none,20,0.7284890532493591,0.03874120289633933,-0.4400796413421631,0.06321203904020768,13452.2,164.4344854341692,676.3222534179688,42.85058043825958,676.3222534179688,42.85058043825958,5
5000,endpoint,20000,0.1,none,21,0.7268765687942504,0.038820599503635284,-0.4374843299388885,0.06316865578700728,13381.4,184.9359348531269,707.5815551757812,44.350983506285154,707.5815551757812,44.350983506285154,5
5000,endpoint,20000,0.1,none,22,0.7253661155700684,0.03876363846050778,-0.43500308990478515,0.06311055813276487,13343.0,141.05318146004365,738.4259155273437,45.63307018402792,738.4259155273437,45.63307018402792,5
5000,endpoint,20000,0.1,none,23,0.7239577412605286,0.038609012930158546,-0.43259435296058657,0.06303357744851157,13315.4,160.31001216393193,768.8898315429688,47.026311130923986,768.8898315429688,47.026311130923986,5
5000,endpoint,20000,0.1,none,24,0.7225901842117309,0.038734922263078,-0.4302551209926605,0.06295871581506601,13278.6,198.06766520560595,798.9947998046875,48.335423767031195,798.9947998046875,48.335423767031195,5
5000,endpoint,20000,0.1,none,25,0.7214981913566589,0.03860913757812507,-0.42797589898109434,0.06289238183446506,13224.4,171.3761943794995,828.6070678710937,49.562862073469766,828.6070678710937,49.562862073469766,5
5000,endpoint,20000,0.1,none,26,0.7200489997863769,0.038640498013805716,-0.42575291991233827,0.06282742341328028,13213.8,173.2850253195584,857.9823364257812,50.857925589160544,857.9823364257812,50.857925589160544,5
5000,endpoint,20000,0.1,none,27,0.7189161658287049,0.03867190448770131,-0.42359938621521,0.06276758796509396,13165.6,146.04211721280953,886.920263671875,52.06588963279064,886.920263671875,52.06588963279064,5
5000,endpoint,20000,0.1,none,28,0.7176404476165772,0.03869284405841453,-0.42149547934532167,0.06270238866406644,13120.0,150.95032295427526,915.5536376953125,53.221670267515876,915.5536376953125,53.221670267515876,5
5000,endpoint,20000,0.1,none,29,0.7165178418159485,0.0384852618655015,-0.419454824924469,0.0626401001671116,13087.0,159.77327686443687,943.788623046875,54.33702447147156,943.788623046875,54.33702447147156,5
5000,endpoint,20000,0.1,none,30,0.7155584931373596,0.03839946159238245,-0.4174803733825684,0.06257956189074987,13064.2,177.22217694182632,971.6988037109375,55.55710083519592,971.6988037109375,55.55710083519592,5
5000,endpoint,20000,0.1,none,31,0.714323627948761,0.03837496407756518,-0.4155555486679077,0.06251359638725856,13039.2,155.73599455488767,999.3848510742188,56.62455675127821,999.3848510742188,56.62455675127821,5
5000,endpoint,20000,0.1,none,32,0.7131193518638611,0.03829768248070757,-0.4136729180812836,0.06245942535929693,13005.0,129.8710899315163,1026.7131103515626,57.78438005966275,1026.7131103515626,57.78438005966275,5
5000,endpoint,20000,0.1,none,33,0.7123641490936279,0.038244981809798954,-0.4118345856666565,0.06242863854758028,12958.2,201.65614297610674,1053.7450073242187,58.8863090973518,1053.7450073242187,58.8863090973518,5
5000,endpoint,20000,0.1,none,34,0.7114150166511536,0.03808358279002824,-0.41004114151000975,0.06239309030326002,12912.4,173.45546978979937,1080.43515625,59.838254879941225,1080.43515625,59.838254879941225,5
5000,endpoint,20000,0.1,none,35,0.7103638291358948,0.038025902374199456,-0.4083080530166626,0.06235684134988631,12964.4,156.45382705450194,1106.966259765625,60.816680421259605,1106.966259765625,60.816680421259605,5
5000,endpoint,20000,0.1,none,36,0.7095269680023193,0.038025428812244126,-0.4066304206848145,0.062304317097489,12917.0,198.26245232015063,1133.135986328125,61.7094966446999,1133.135986328125,61.7094966446999,5
5000,endpoint,20000,0.1,none,37,0.7086798906326294,0.03813038140499455,-0.4049869477748871,0.06227001163468088,12878.6,138.57416786688637,1159.0583740234374,62.50945759905201,1159.0583740234374,62.50945759905201,5
5000,endpoint,20000,0.1,none,38,0.7077001571655274,0.03789547523259963,-0.40335447788238527,0.0622350805554186,12868.8,163.12939649247772,1184.6674072265625,63.4128287498127,1184.6659423828125,63.41358663115586,5
5000,endpoint,20000,0.1,none,39,0.7068020701408386,0.037689864491718315,-0.4017656326293945,0.062194363105663834,12868.2,151.83280277989996,1210.12353515625,64.1684139076848,1210.1209228515625,64.16977946667217,5
5000,endpoint,20000,0.1,none,40,0.7057406783103943,0.03766880608278063,-0.40019766092300413,0.06217263535657729,12806.2,182.81602774374025,1235.28369140625,64.97398574256447,1235.2810791015625,64.97537328376696,5
5000,endpoint,20000,0.1,none,41,0.704924213886261,0.03768634033890431,-0.39866507053375244,0.06210734918098582,12806.0,210.52315787105226,1260.297314453125,65.71762923643398,1260.2947265625,65.7190235279289,5
5000,endpoint,20000,0.1,none,42,0.7041588068008423,0.0375085968122212,-0.3971590638160706,0.062080314647133546,12820.4,138.56695132678644,1285.060986328125,66.39239304630956,1285.0583740234374,66.39381614809872,5
5000,endpoint,20000,0.1,none,43,0.7031688570976258,0.03742963549047488,-0.395706570148468,0.06202699291678502,12742.6,163.3196252751028,1309.5973876953126,66.99460995453215,1309.5947998046875,66.99603865742816,5
5000,endpoint,20000,0.1,none,44,0.7024034261703491,0.03740189029044049,-0.3942375421524048,0.06199262550757241,12724.2,185.09916261290866,1333.851025390625,67.54577695944366,1333.8484375,67.5472237770007,5
5000,endpoint,20000,0.1,none,45,0.7016175985336304,0.037301471501633626,-0.39282546043395994,0.06195604041779019,12769.4,152.13415132704426,1358.0020263671875,68.09863962212788,1357.9994384765625,68.10009939562437,5
5000,endpoint,20000,0.1,none,46,0.7006378650665284,0.037294962319133325,-0.3914324641227722,0.06193292809299167,12683.6,196.740438141222,1381.9059326171875,68.77974789166227,1381.9033447265624,68.78122833268726,5
5000,endpoint,20000,0.1,none,47,0.7000153183937072,0.037195723718458945,-0.39006314873695375,0.06189033223044208,12699.6,138.05904533930402,1405.608447265625,69.37760061046357,1405.6058349609375,69.3791152413361,5
5000,endpoint,20000,0.1,none,48,0.6992805004119873,0.03720342696495118,-0.38873477578163146,0.06183673100220036,12698.0,168.94377763031108,1429.1446044921875,70.05180537229766,1429.1419677734375,70.05335250654313,5
5000,endpoint,20000,0.1,none,49,0.6986273288726806,0.03703801614145033,-0.38738813996315,0.06180807512280801,12625.8,125.47589409922529,1452.3805419921875,70.55610030765817,1452.3776123046875,70.55799879360629,5
5000,endpoint,20000,0.1,none,50,0.697729229927063,0.036951419441073725,-0.38609967231750486,0.06174672042525493,12604.0,128.58460249967723,1476.671630859375,71.30209991326824,1476.66435546875,71.30833094553398,5
5000,endpoint,20000,0.1,none,51,0.6971373081207275,0.036887397534671434,-0.3848170697689056,0.06171065286555868,12589.0,129.1452670445185,1493.6087890625,71.84758698195614,1493.6003662109374,71.85439934560249,5
5000,endpoint,20000,0.1,none,52,0.6967188835144043,0.03690199500414606,-0.38390231132507324,0.06168601197977475,12579.4,135.44666847139504,1507.425732421875,72.29504948424542,1507.4183349609375,72.30059278219264,5
5000,endpoint,20000,0.1,none,53,0.6963718891143799,0.03683222998425483,-0.3831777095794678,0.0616617145557666,12567.8,136.90398095015354,1519.31787109375,72.65466504096125,1519.31064453125,72.65888422012573,5
5000,endpoint,20000,0.1,none,54,0.6960963368415832,0.03685680812313659,-0.3825546741485596,0.06164209657184656,12558.4,137.84157573098184,1529.93310546875,72.98504227231332,1529.9259765625,72.98748383864027,5
5000,endpoint,20000,0.1,none,55,0.6956677079200745,0.03686382974429712,-0.38199416995048524,0.06161561314444339,12551.0,138.24073205824686,1539.5866943359374,73.30211673658405,1539.5801513671875,73.30431958054076,5
5000,endpoint,20000,0.1,none,56,0.6954942107200622,0.03686316171666359,-0.3814865708351135,0.061585534521100924,12542.8,138.46371365812777,1548.4913818359375,73.56790836861458,1548.485400390625,73.56996886177254,5
5000,endpoint,20000,0.1,none,57,0.6951982378959656,0.036819477824367716,-0.38101767301559447,0.061565993594204636,12531.8,144.2591418247038,1556.7832275390624,73.80808780692591,1556.77763671875,73.80999438617148,5
5000,endpoint,20000,0.1,none,58,0.6949533224105835,0.03681115050448215,-0.380571186542511,0.06153001497407805,12522.2,145.34854660436065,1564.5818359375,74.04774219536809,1564.576416015625,74.04960020838656,5
5000,endpoint,20000,0.1,none,59,0.6947491884231567,0.03675388094990594,-0.3801664888858795,0.06151415691575806,12513.8,146.61582452109323,1571.9412841796875,74.29925250381983,1571.9358154296874,74.30122663233978,5
5000,endpoint,20000,0.1,none,60,0.6945144653320312,0.036711838193601194,-0.37978036403656007,0.06148524938727838,12505.0,146.48378749882187,1578.9398193359375,74.51465771164875,1578.9346435546875,74.51655175797983,5
5000,endpoint,20000,0.1,none,61,0.6942695379257202,0.036874048160041833,-0.379427832365036,0.06147684959779573,12497.4,147.90131845254118,1585.62802734375,74.73430501518665,1585.622802734375,74.7362833073032,5
5000,endpoint,20000,0.1,none,62,0.6941164374351502,0.03683822086257876,-0.3790681719779968,0.06146130208443458,12490.6,145.94964885192428,1592.02958984375,74.94151162040447,1592.024365234375,74.94376867742801,5
5000,endpoint,20000,0.1,none,63,0.6939633607864379,0.036846926306084916,-0.3787389576435089,0.06144309482900308,12475.8,149.24376033858167,1598.1908447265625,75.14102934029309,1598.185791015625,75.14321622413233,5
5000,endpoint,20000,0.1,none,64,0.6938408851623535,0.036753341445966085,-0.3784146189689636,0.06142158261977414,12468.8,150.70235565511243,1604.1144287109375,75.33823321245809,1604.1094482421875,75.34032141024322,5
5000,endpoint,20000,0.1,none,65,0.6936673879623413,0.036756737272720205,-0.3781073153018951,0.061401028321128606,12461.8,149.43627404348652,1609.8595703125,75.52402053096745,1609.85458984375,75.52612313779983,5
5000,endpoint,20000,0.1,none,66,0.6935245394706726,0.036776747431792295,-0.3778081238269806,0.06140400027517954,12452.6,151.51336574705218,1615.4151123046875,75.71426280983128,1615.4103271484375,75.71632149236393,5
5000,endpoint,20000,0.1,none,67,0.6933306097984314,0.036812561778206826,-0.3775154173374176,0.06138341812553845,12444.6,154.36094065533547,1620.798193359375,75.91213342433292,1620.793359375,75.91385731966243,5
5000,endpoint,20000,0.1,none,68,0.6932591676712037,0.036763230525506334,-0.37722671031951904,0.0613700655965216,12435.8,155.5625276215323,1626.0262451171875,76.09150134828482,1626.021337890625,76.09291478553455,5
5000,endpoint,20000,0.1,none,69,0.6931877374649048,0.036780262118068154,-0.3769694328308105,0.061359909350395626,12428.4,154.50987023488176,1631.11767578125,76.26916923114663,1631.1127685546876,76.27064394860385,5
5000,endpoint,20000,0.1,none,70,0.6930448532104492,0.03676370719410401,-0.3766983926296234,0.061337070235491245,12424.8,154.79890180489008,1636.0721923828125,76.45439146976258,1636.0671630859374,76.45602798365948,5
5000,endpoint,20000,0.1,none,71,0.6928611516952514,0.0366789693361483,-0.37644088864326475,0.06133559435791239,12415.4,153.06632549323186,1640.9163818359375,76.63609049610659,1640.9115234375,76.63765080867728,5
5000,endpoint,20000,0.1,none,72,0.692626440525055,0.03675592128510018,-0.3761835336685181,0.06131828323855922,12409.4,154.37227730392527,1645.62939453125,76.80465422790523,1645.62431640625,76.80568953493803,5
5000,endpoint,20000,0.1,none,73,0.6925141453742981,0.0368287163066515,-0.37594824433326723,0.06130752945774532,12401.8,155.68461709494616,1650.25390625,76.97821641391086,1650.2487548828126,76.97905873938046,5
5000,endpoint,20000,0.1,none,74,0.692381477355957,0.03679878353221052,-0.37571491599082946,0.061291353512751515,12397.2,153.72605504598107,1654.756689453125,77.13967560323367,1654.751416015625,77.13995682580753,5
5000,endpoint,20000,0.1,none,75,0.6921773672103881,0.03684872313151283,-0.37547303438186647,0.06128386598610266,12390.4,150.60312081759793,1659.173388671875,77.29770386059458,1659.168212890625,77.29799929109248,5
5000,endpoint,20000,0.1,none,76,0.6921059250831604,0.03689144258679773,-0.3752388060092926,0.06127549258689611,12380.6,153.01405164232466,1663.5064453125,77.46220068656187,1663.5013671875,77.46244970055595,5
5000,endpoint,20000,0.1,none,77,0.6919630646705628,0.03688682328951733,-0.37502864599227903,0.061264732707678446,12376.8,151.38923343487807,1667.7434814453125,77.6213729100748,1667.738525390625,77.62160727703618,5
5000,endpoint,20000,0.1,none,78,0.6918712019920349,0.03687954088921291,-0.3748152732849121,0.061254918178841655,12370.8,157.06431803563788,1671.8950927734375,77.79225222336854,1671.8900634765625,77.79259016468274,5
5000,endpoint,20000,0.1,none,79,0.6917691469192505,0.03693614732392621,-0.37459337115287783,0.061244944997261526,12363.0,156.9426646900071,1675.9810546875,77.9538359898441,1675.9754638671875,77.95441307199172,5
5000,endpoint,20000,0.1,none,80,0.6916875004768371,0.036836440033468185,-0.37437654137611387,0.06123496063214619,12357.8,158.7945213160706,1679.9986328125,78.10370002695623,1679.9927001953124,78.10367344127704,5
5000,endpoint,20000,0.1,none,81,0.6915956616401673,0.036799233809715934,-0.3741713762283325,0.0612237706692316,12353.8,157.78212826552948,1683.9427490234375,78.25330516818742,1683.93671875,78.25298065700123,5
5000,endpoint,20000,0.1,none,82,0.6914833903312683,0.0368025289107484,-0.37397767305374147,0.06121080700983072,12348.0,156.99840763523687,1687.8209716796875,78.40997246185886,1687.8150146484375,78.40964482726498,5
5000,endpoint,20000,0.1,none,83,0.6913915395736694,0.03675397559512638,-0.3737700283527374,0.061200241880448064,12341.8,157.51730063710463,1691.63291015625,78.56140833203754,1691.6268798828125,78.5613607760644,5
5000,endpoint,20000,0.1,none,84,0.6913405060768127,0.03677824272136278,-0.37357501983642577,0.061196551147050575,12338.6,157.24439576659003,1695.3877685546875,78.70362050990278,1695.381689453125,78.70351592585558,5
5000,endpoint,20000,0.1,none,85,0.6911976218223572,0.03675477528435394,-0.3733916521072388,0.06119248506910225,12333.8,158.61967091127127,1699.0794921875,78.84941799799857,1699.0734619140626,78.84887632122928,5
5000,endpoint,20000,0.1,none,86,0.6910751581192016,0.03676653825081797,-0.37319183349609375,0.061181963306114896,12328.6,159.33863310572235,1702.7240478515625,78.9881620846987,1702.718017578125,78.98762071036279,5
5000,endpoint,20000,0.1,none,87,0.6909935116767884,0.03664343116419454,-0.37300867438316343,0.06116178089077342,12323.8,160.00999968751952,1706.3106201171875,79.12979546570962,1706.3044189453126,79.12955577173426,5
5000,endpoint,20000,0.1,none,88,0.690911877155304,0.03665477621582226,-0.3728247702121735,0.06116894887389254,12320.2,157.74568139888964,1709.845166015625,79.26550889042412,1709.8386962890625,79.2656078039512,5
5000,endpoint,20000,0.1,none,89,0.6908302426338195,0.03662821964161269,-0.37264093160629275,0.061160465607205644,12316.4,161.23368134481083,1713.329443359375,79.41001086669513,1713.3228271484375,79.41036954379462,5
5000,endpoint,20000,0.1,none,90,0.6906975507736206,0.036607974129645435,-0.372478312253952,0.06115835982225808,12309.8,160.66331255143473,1716.7625244140625,79.54250537929553,1716.7560546875,79.5428772814481,5
5000,endpoint,20000,0.1,none,91,0.6906057000160217,0.03658877766802595,-0.3722955763339996,0.061146065646761165,12305.8,164.10728198346348,1720.1582763671875,79.67380525236442,1720.151806640625,79.67417096830182,5
5000,endpoint,20000,0.1,none,92,0.690534257888794,0.03663294970776411,-0.3721123218536377,0.06114105237777143,12301.6,165.43065012264202,1723.5075927734374,79.80241812610164,1723.5009033203125,79.80305725200765,5
5000,endpoint,20000,0.1,none,93,0.6903607606887817,0.03659888114351286,-0.37195388674736024,0.06114136015741906,12296.2,163.4570279920689,1726.8157470703125,79.93214338772977,1726.8092041015625,79.93269454536218,5
5000,endpoint,20000,0.1,none,94,0.6903403520584106,0.036640927493175185,-0.37178243398666383,0.06112605462290474,12289.4,164.3283298765006,1730.081787109375,80.06111332455046,1730.07529296875,80.06172201468567,5
5000,endpoint,20000,0.1,none,95,0.6902791261672974,0.03661590739790293,-0.37161812782287595,0.06112853187478823,12283.0,164.4506004853737,1733.3063720703126,80.18283086426736,1733.299609375,80.18362082332582,5
5000,endpoint,20000,0.1,none,96,0.6901668429374694,0.036697315482100916,-0.37145249247550965,0.061118553591260914,12277.8,165.26856930463214,1736.4915771484375,80.31708361008543,1736.4848876953124,80.31776342243924,5
5000,endpoint,20000,0.1,none,97,0.6900341868400574,0.03676724095478295,-0.3712936043739319,0.06111590456064344,12275.0,165.88550268181967,1739.6469482421876,80.4467556386927,1739.6402587890625,80.44772190512968,5
5000,endpoint,20000,0.1,none,98,0.6899423241615296,0.03674263086890582,-0.37112926244735717,0.06112184587805934,12272.2,166.85532655567218,1742.7638916015626,80.56679850083549,1742.757177734375,80.56781082493688,5
5000,endpoint,20000,0.1,none,99,0.6898096561431885,0.036712591223213964,-0.37097123861312864,0.06111526461785439,12266.8,165.99909638308276,1745.838818359375,80.69227472853512,1745.832080078125,80.6933791639924,5
5000,endpoint,20000,0.1,none,100,0.6897382140159607,0.03676403740953629,-0.3708122491836548,0.06110991854104343,12261.0,165.74679484080528,1748.8854736328126,80.81034747351625,1748.8788330078125,80.81130034664659,5
5000,endpoint,20000,0.1,none,101,0.6896361708641052,0.03672967478747317,-0.3706611096858978,0.06112474219182387,12256.8,164.55758870377264,1751.8992431640625,80.92678037350649,1751.89267578125,80.92778084135051,5
5000,endpoint,20000,0.1,none,102,0.6895851254463196,0.03664639303153744,-0.3705160081386566,0.061103678465083563,12252.2,164.43144468136256,1754.8790771484375,81.04755312347447,1754.8725341796876,81.04862293459479,5
5000,endpoint,20000,0.1,none,103,0.6895443081855774,0.036751789356348735,-0.3703591048717499,0.061102399690272556,12248.6,163.4726276781529,1757.8262939453125,81.17023495466638,1757.819873046875,81.1711705787923,5
5000,endpoint,20000,0.1,none,104,0.6893504142761231,0.03669857565672107,-0.37021479606628416,0.0610951864926536,12244.6,164.83870904614608,1760.749853515625,81.2846282235962,1760.7435302734375,81.28562407794578,5
5000,endpoint,20000,0.1,none,105,0.689197325706482,0.036703866610876094,-0.37006900310516355,0.06108842341090406,12238.0,163.00306745579974,1763.635888671875,81.40142730585276,1763.629541015625,81.40221464742804,5
5000,endpoint,20000,0.1,none,106,0.6891360759735108,0.036634608339152115,-0.3699246525764465,0.061088341989488745,12233.6,163.37778306734364,1766.49521484375,81.50832556229702,1766.4887939453124,81.50897673233631,5
5000,endpoint,20000,0.1,none,107,0.689085066318512,0.03667585857952435,-0.36977880001068114,0.06108056308300253,12231.4,161.31583927190783,1769.3299560546875,81.61991768747565,1769.32333984375,81.62090137686313,5
5000,endpoint,20000,0.1,none,108,0.6889932155609131,0.036682820965129787,-0.3696362316608429,0.06108032796583978,12227.0,164.03200907140044,1772.137744140625,81.72794539302923,1772.1310546875,81.72903695104215,5
5000,endpoint,20000,0.1,none,109,0.6889115810394287,0.03670497957228544,-0.3694975435733795,0.06106418456295489,12222.0,165.22560334282335,1774.9135986328124,81.83977723836551,1774.9070556640625,81.84087067124968,5
5000,endpoint,20000,0.1,none,110,0.6888809442520142,0.03665835606084525,-0.3693565785884857,0.061062203175535124,12217.2,163.01748372490601,1777.662548828125,81.94879984677443,1777.6560546875,81.94983251395364,5
5000,endpoint,20000,0.1,none,111,0.6887992978096008,0.03666361762122614,-0.3692355275154114,0.06106082198276589,12213.4,165.86681404066337,1780.38642578125,82.05416673921607,1780.37998046875,82.05520022747918,5
5000,endpoint,20000,0.1,none,112,0.688727855682373,0.036651575298849534,-0.36907775402069093,0.06104550456684455,12207.0,165.7664019034014,1783.0906494140625,82.1603851778382,1783.0839599609376,82.16158899695661,5
5000,endpoint,20000,0.1,none,113,0.6886564135551453,0.03664410531684475,-0.3689443528652191,0.06104678223046151,12206.0,163.87647787281736,1785.7723388671875,82.2780193255754,1785.76572265625,82.27916395855921,5
5000,endpoint,20000,0.1,none,114,0.6885951876640319,0.03665108523072453,-0.36883662939071654,0.061036294764008875,12202.0,161.81316386499586,1788.423583984375,82.38455760969613,1788.4169921875,82.38567188545218,5
5000,endpoint,20000,0.1,none,115,0.6884931325912476,0.03652928905360785,-0.36868712306022644,0.06103362919771845,12198.8,163.47079249823193,1791.0540283203125,82.48818873259229,1791.0475341796875,82.48934490562037,5
5000,endpoint,20000,0.1,none,116,0.6883808732032776,0.03648546138490468,-0.36856534481048586,0.061029662490272814,12195.6,164.20200973191527,1793.6653564453125,82.59692790966166,1793.6589111328126,82.5979668515748,5
5000,endpoint,20000,0.1,none,117,0.6883400440216064,0.03655858406182347,-0.3684240818023682,0.06103301134804409,12191.4,163.4175633155751,1796.25009765625,82.70357792106157,1796.2437255859375,82.70478509359847,5
5000,endpoint,20000,0.1,none,118,0.6881971716880798,0.036525702671380965,-0.3683167636394501,0.061023221949854406,12187.2,162.64593447116962,1798.8131591796875,82.80507432977015,1798.806787109375,82.8061381287463,5
5000,endpoint,20000,0.1,none,119,0.688125741481781,0.03655674598648586,-0.3681812047958374,0.06101090203038438,12182.8,163.1094724410572,1801.356689453125,82.9128806759087,1801.350390625,82.91387801447708,5
5000,endpoint,20000,0.1,none,120,0.6880645036697388,0.0365374646049393,-0.3680589020252228,0.061019411602647296,12179.2,163.53654025935612,1803.8795654296875,83.01091679719764,1803.8732666015626,83.01196666099088,5
5000,endpoint,20000,0.1,none,121,0.6879522204399109,0.036504042121853285,-0.3679300665855408,0.061010696547595104,12175.8,162.9561290654635,1806.3891845703124,83.11341648721896,1806.3830078125,83.11453095110757,5
5000,endpoint,20000,0.1,none,122,0.6879930615425109,0.03641924910503405,-0.36780306696891785,0.06099794293953889,12172.0,160.09840723754874,1808.8751953125,83.21295055295471,1808.86904296875,83.21397546582811,5
5000,endpoint,20000,0.1,none,123,0.6878093600273132,0.03651097040383564,-0.36769080758094785,0.060996285139829465,12166.8,162.38134129264975,1811.339208984375,83.31498717533422,1811.3330078125,83.31593372022823,5
5000,endpoint,20000,0.1,none,124,0.6877583265304565,0.03642717531007983,-0.367579048871994,0.06099685355531967,12166.2,163.57781023109462,1813.7849853515625,83.41718671546903,1813.778662109375,83.4180655587344,5
5000,endpoint,20000,0.1,none,125,0.6875746369361877,0.03646891662553883,-0.36745516657829286,0.06097835397605476,12162.0,162.68835237963413,1816.2142578125,83.5162566330347,1816.2078125,83.51694641123267,5
5000,endpoint,20000,0.1,none,126,0.6876256585121154,0.03650691237317857,-0.36733394861221313,0.060984303907265856,12159.6,163.84230222991863,1818.6282958984375,83.61709056228648,1818.621923828125,83.61786829217657,5
5000,endpoint,20000,0.1,none,127,0.6874419569969177,0.03645243453438797,-0.36721795201301577,0.06096209549737862,12156.4,162.96410647746944,1821.02158203125,83.7154082959422,1821.015234375,83.71618832384212,5
5000,endpoint,20000,0.1,none,128,0.6874011397361756,0.036337039551514204,-0.36709341406822205,0.060984000411071444,12155.2,162.53830317805094,1823.39755859375,83.8170961786112,1823.391259765625,83.81779724262375,5
5000,endpoint,20000,0.1,none,129,0.6873398900032044,0.03649448438375696,-0.3669867038726807,0.06096483679225284,12152.6,162.76455388075132,1825.752685546875,83.91569103580836,1825.746435546875,83.91653261887328,5
5000,endpoint,20000,0.1,none,130,0.6872582554817199,0.036470862975697,-0.3668586492538452,0.060963390939113876,12150.4,161.956166909445,1828.09931640625,84.01112612202533,1828.0931396484375,84.01192048032144,5
5000,endpoint,20000,0.1,none,131,0.6871562123298645,0.03654941102910225,-0.3667471706867218,0.06095733843601424,12147.8,162.00833311900965,1830.4215576171875,84.1038441367391,1830.4154541015625,84.10464169466479,5
5000,endpoint,20000,0.1,none,132,0.6871153831481933,0.03656990574792693,-0.3666275441646576,0.06095393796605635,12141.8,161.68704338938232,1832.7340576171875,84.19369732407539,1832.727978515625,84.19439070101332,5
5000,endpoint,20000,0.1,none,133,0.68703373670578,0.036541958598353255,-0.3665271818637848,0.0609452750287208,12138.4,165.44273933902326,1835.0311279296875,84.29058693779157,1835.0249267578124,84.29111653106736,5
5000,endpoint,20000,0.1,none,134,0.6869520783424378,0.03654942714816135,-0.3664078414440155,0.06094161223112299,12133.8,166.51936824285636,1837.3060791015625,84.37848826132188,1837.299755859375,84.37892968186432,5
5000,endpoint,20000,0.1,none,135,0.6869520783424378,0.03656226703440822,-0.36629382967948915,0.060923807391791276,12131.8,166.6919314184103,1839.5666259765626,84.47739741526551,1839.5603271484374,84.4777721979893,5
5000,endpoint,20000,0.1,none,136,0.6868398189544678,0.03654197705400345,-0.36619176864624026,0.06092995910606957,12129.6,166.55119333105964,1841.8153076171875,84.57106428437719,1841.8089599609375,84.57146795276394,5
5000,endpoint,20000,0.1,none,137,0.6868194222450257,0.03657577758407006,-0.3660829305648804,0.060913893501922216,12127.0,165.1923121697859,1844.047119140625,84.65912004445777,1844.0408447265625,84.65944739294778,5
5000,endpoint,20000,0.1,none,138,0.6867990016937255,0.03659194824670773,-0.3659712731838226,0.06092048996444814,12123.4,162.930353218791,1846.2671875,84.75149402658894,1846.2609130859375,84.75185322206097,5
5000,endpoint,20000,0.1,none,139,0.6867173671722412,0.03664909449244516,-0.3658689558506012,0.06091725789190297,12121.2,163.51972358097967,1848.4718505859375,84.84250342218175,1848.465625,84.84281536410329,5
5000,endpoint,20000,0.1,none,140,0.6866663217544555,0.03665671475011359,-0.3657532334327698,0.06091514673680738,12119.6,163.8361986863709,1850.6672119140626,84.92917598691041,1850.66103515625,84.92953719766291,5
5000,endpoint,20000,0.1,none,141,0.6866255164146423,0.03660366532728943,-0.365657776594162,0.060906942324845094,12117.4,163.3058480275584,1852.8442626953124,85.01845340297041,1852.8378662109376,85.01889965359966,5
5000,endpoint,20000,0.1,none,142,0.6865438461303711,0.03659879419203974,-0.365563827753067,0.060905783760697746,12113.6,163.62243122506155,1855.0055908203126,85.10964348740876,1854.9990234375,85.11023863643474,5
5000,endpoint,20000,0.1,none,143,0.6865336418151855,0.03659354032637628,-0.3654568910598755,0.06089108151113965,12110.2,162.11477415707674,1857.15283203125,85.19791470536606,1857.1462890625,85.19870643832476,5
5000,endpoint,20000,0.1,none,144,0.6864418029785156,0.03667623416248824,-0.3653459966182709,0.06089106374531697,12106.8,161.94350866891824,1859.2896240234375,85.28732268414451,1859.2831298828125,85.2881430609552,5
5000,endpoint,20000,0.1,none,145,0.6864418029785156,0.03662368379021932,-0.3652437627315521,0.06090000269901962,12102.0,162.96625417551942,1861.4130615234376,85.37486125076394,1861.4066650390625,85.37562713410165,5
5000,endpoint,20000,0.1,none,146,0.6863805770874023,0.03663504915210235,-0.3651442348957062,0.06088675723139383,12100.4,161.59919554255214,1863.52255859375,85.45445625948685,1863.5162841796875,85.45523297837691,5
5000,endpoint,20000,0.1,none,147,0.6863091468811036,0.03668471969707702,-0.3650400459766388,0.06087939309919292,12097.8,160.13338190396155,1865.619140625,85.53798588820726,1865.6128173828124,85.53873070289207,5
5000,endpoint,20000,0.1,none,148,0.6862683176994324,0.036644790672705596,-0.3649348795413971,0.06087022355601279,12095.2,159.42615845588202,1867.70732421875,85.62314711943196,1867.701025390625,85.62387809807649,5
5000,endpoint,20000,0.1,none,149,0.6861968755722045,0.03664198933681153,-0.36484030485153196,0.06087369698874149,12093.4,158.8908430338262,1869.7820068359374,85.71002788452203,1869.77568359375,85.71077555613404,5
10000,endpoint,10000,0.05,accuracy_drop_selector_with_resampling,-1,0.7678624391555786,0.038630936334284466,-0.5034046530723572,0.06379191930079747,0.0,0.0,0.0,0.0,0.0,0.0,5
10000,endpoint,10000,0.05,accuracy_drop_selector_with_resampling,0,0.7677705764770508,0.03854261734396399,-0.5034136891365051,0.0637964168898434,5147.8,354.76146915920845,3.8873472213745117,1.2888617887137404,3.8873472213745117,1.2888617887137404,5
10000,endpoint,10000,0.05,accuracy_drop_selector_with_resampling,1,0.7673725485801697,0.03872313311989743,-0.5032107949256897,0.0638138937517897,6866.2,200.0442451059265,9.310719299316407,2.588218820151366,9.310719299316407,2.588218820151366,5
10000,endpoint,10000,0.05,accuracy_drop_selector_with_resampling,2,0.7668724894523621,0.03896966757124143,-0.502782279253006,0.06405518243823921,6675.0,108.08098815240356,15.368491172790527,3.1263919139310534,15.368491172790527,3.1263919139310534,5
10000,endpoint,10000,0.05,accuracy_drop_selector_with_resampling,3,0.7662397265434265,0.03902924700904048,-0.5020527362823486,0.06428893238997692,6593.8,213.8917950740514,22.512521743774414,3.5982186045478373,22.512521743774414,3.5982186045478373,5
10000,endpoint,10000,0.05,accuracy_drop_selector_with_resampling,4,0.76511709690094,0.03918891923274758,-0.501107919216156,0.06447238881645935,6518.0,275.95108262154,30.773848724365234,4.0506294002874,30.773848724365234,4.0506294002874,5
10000,endpoint,10000,0.05,accuracy_drop_selector_with_resampling,5,0.7641373753547669,0.039178840582915264,-0.4998941957950592,0.06461432392876065,6504.0,284.6717407822561,40.27584609985352,4.54709757181435,40.27584609985352,4.54709757181435,5
10000,endpoint,10000,0.05,accuracy_drop_selector_with_resampling,6,0.7632698893547059,0.039305477532260456,-0.4985116183757782,0.06469010125495729,6529.8,242.03863327989603,50.65638275146485,4.992877097444055,50.65638275146485,4.992877097444055,5
10000,endpoint,10000,0.05,accuracy_drop_selector_with_resampling,7,0.762218713760376,0.03925496767757578,-0.49701987504959105,0.06473902336074093,6480.6,233.63818181110724,61.70492706298828,5.370285511512431,61.70492706298828,5.370285511512431,5
10000,endpoint,10000,0.05,accuracy_drop_selector_with_resampling,8,0.7613002061843872,0.03944813746159039,-0.49545692205429076,0.06475374068043843,6479.2,271.21338462546424,73.2365737915039,5.799428772183018,73.2365737915039,5.799428772183018,5
10000,endpoint,10000,0.05,accuracy_drop_selector_with_resampling,9,0.7600755214691162,0.03949409383043826,-0.4938486397266388,0.06475818411769167,6449.4,272.9904760243478,85.13489227294922,6.279817044483905,85.13489227294922,6.279817044483905,5
10000,endpoint,10000,0.05,accuracy_drop_selector_with_resampling,10,0.7588202238082886,0.03958519886223717,-0.49218592047691345,0.0647643949428437,6420.8,256.5057504228706,97.25916900634766,6.753326977947936,97.25916900634766,6.753326977947936,5
10000,endpoint,10000,0.05,accuracy_drop_selector_with_resampling,11,0.7579833745956421,0.03944229271229046,-0.49054391384124757,0.06475120689481191,6393.4,242.79785831015892,109.5957275390625,7.365817762892268,109.5957275390625,7.365817762892268,5
10000,endpoint,10000,0.05,accuracy_drop_selector_with_resampling,12,0.7570444464683532,0.03952956774841435,-0.48891481161117556,0.06472758787683706,6396.0,219.79080963497995,122.0433120727539,7.933951339040934,122.0433120727539,7.933951339040934,5
10000,endpoint,10000,0.05,accuracy_drop_selector_with_resampling,13,0.7561667561531067,0.03954486316793991,-0.4872987985610962,0.06470878521198815,6364.4,225.2405380920584,134.44939880371095,8.500332964749079,134.44939880371095,8.500332964749079,5
10000,endpoint,10000,0.05,accuracy_drop_selector_with_resampling,14,0.7553911328315734,0.03951266246628223,-0.48573442697525027,0.06467898284465733,6327.0,247.6570208978538,146.85050048828126,9.100653384447453,146.85050048828126,9.100653384447453,5
10000,endpoint,10000,0.05,accuracy_drop_selector_with_resampling,15,0.7543807744979858,0.03934249638628614,-0.4841663658618927,0.06465460265769563,6316.0,216.59986149580058,159.23973693847657,9.752329887238508,159.23973693847657,9.752329887238508,5
10000,endpoint,10000,0.05,accuracy_drop_selector_with_resampling,16,0.753329586982727,0.03931133103601866,-0.4826392412185669,0.06463377163031633,6281.0,243.17380615518604,171.56561889648438,10.412958985829025,171.56561889648438,10.412958985829025,5
10000,endpoint,10000,0.05,accuracy_drop_selector_with_resampling,17,0.7525539755821228,0.03928544928632818,-0.4811467587947845,0.06463052084350253,6279.4,255.34643134377265,183.8487335205078,11.122351544946328,183.8487335205078,11.122351544946328,5
10000,endpoint,10000,0.05,accuracy_drop_selector_with_resampling,18,0.7518701910972595,0.039257875265584614,-0.47967695593833926,0.06461014010680939,6250.8,237.98151188695311,196.12218627929687,11.851237881800587,196.12218627929687,11.851237881800587,5
10000,endpoint,10000,0.05,accuracy_drop_selector_with_resampling,19,0.7510741591453552,0.03948467709140107,-0.4782534420490265,0.06456421402032746,6204.2,228.19333907894858,208.28778076171875,12.613969562293438,208.28778076171875,12.613969562293438,5
10000,endpoint,10000,0.05,accuracy_drop_selector_with_resampling,20,0.750257694721222,0.03961093830835993,-0.4768647313117981,0.06449941039460722,6221.4,239.98604126073667,220.42774658203126,13.32620431463949,220.42774658203126,13.32620431463949,5
10000,endpoint,10000,0.05,accuracy_drop_selector_with_resampling,21,0.7495943307876587,0.039434101330106906,-0.4755255162715912,0.06446403296738346,6204.8,270.25025439395984,232.45556030273437,14.104696405560212,232.45556030273437,14.104696405560212,5
10000,endpoint,10000,0.05,accuracy_drop_selector_with_resampling,22,0.74869624376297,0.03950739292281503,-0.4741916596889496,0.06441725353006186,6172.6,237.49273673104196,244.38634338378907,14.876428003223596,244.38634338378907,14.876428003223596,5
10000,endpoint,10000,0.05,accuracy_drop_selector_with_resampling,23,0.7479104042053223,0.03939304226188096,-0.47291079759597776,0.06438019862700431,6173.6,222.09299853890036,256.28216857910155,15.701386546338814,256.28216857910155,15.701386546338814,5
10000,endpoint,10000,0.05,accuracy_drop_selector_with_resampling,24,0.7472164273262024,0.03963167550423073,-0.4716504752635956,0.06434913424517502,6165.6,232.7215073859741,268.03745727539064,16.517514482264257,268.03745727539064,16.517514482264257,5
10000,endpoint,10000,0.05,accuracy_drop_selector_with_resampling,25,0.7463795423507691,0.03950621771902344,-0.47040942311286926,0.06433567364718311,6158.6,229.30939797574806,279.7524658203125,17.334533549170903,279.7524658203125,17.334533549170903,5
10000,endpoint,10000,0.05,accuracy_drop_selector_with_resampling,26,0.7456855654716492,0.03953779882116573,-0.46921342611312866,0.0643027918601485,6133.8,211.08576456028484,291.3151916503906,18.182186923620975,291.3151916503906,18.182186923620975,5
10000,endpoint,10000,0.05,accuracy_drop_selector_with_resampling,27,0.7448997259140014,0.039651044122127256,-0.4680221438407898,0.06426442626052352,6128.6,212.34358949589225,302.8751525878906,19.021931330028384,302.8751525878906,19.021931330028384,5
10000,endpoint,10000,0.05,accuracy_drop_selector_with_resampling,28,0.7443384170532227,0.03953641597048482,-0.46688767075538634,0.06423013380013265,6115.8,195.23626712268396,314.30425415039065,19.896154074577993,314.30425415039065,19.896154074577993,5
10000,endpoint,10000,0.05,accuracy_drop_selector_with_resampling,29,0.7435525894165039,0.03951864336116632,-0.4657382249832153,0.06420865114993088,6110.4,208.2805799876695,325.6634521484375,20.68689881697178,325.6634521484375,20.68689881697178,5
10000,endpoint,10000,0.05,accuracy_drop_selector_with_resampling,30,0.7429504632949829,0.039467416163936266,-0.4646086871623993,0.06418536848649128,6076.0,205.2778604720928,336.94700317382814,21.504325702662154,336.94700317382814,21.504325702662154,5
10000,endpoint,10000,0.05,accuracy_drop_selector_with_resampling,31,0.7422870993614197,0.03938073177216329,-0.46351200342178345,0.06416134200240728,6077.0,226.76750208087577,348.129736328125,22.37002837910807,348.129736328125,22.37002837910807,5
10000,endpoint,10000,0.05,accuracy_drop_selector_with_resampling,32,0.7416441321372986,0.039342250134507026,-0.46244409680366516,0.06412386423215174,6056.0,204.22658984569077,359.23162231445315,23.1919395171023,359.23162231445315,23.1919395171023,5
10000,endpoint,10000,0.05,accuracy_drop_selector_with_resampling,33,0.7409603476524353,0.03933914482460018,-0.46141388416290285,0.06409745480264531,6061.8,242.59575429096034,370.2494323730469,24.067658279417056,370.2494323730469,24.067658279417056,5
10000,endpoint,10000,0.05,accuracy_drop_selector_with_resampling,34,0.7404194474220276,0.039430873444897284,-0.4603775143623352,0.06406233519957585,6059.2,233.3017359558218,381.17718505859375,24.94125511894538,381.17718505859375,24.94125511894538,5
10000,endpoint,10000,0.05,accuracy_drop_selector_with_resampling,35,0.73978670835495,0.03939621602113699,-0.4593731760978699,0.06403477689829513,6035.0,208.58211812137685,392.00946044921875,25.8550680565482,392.00946044921875,25.8550680565482,5
10000,endpoint,10000,0.05,accuracy_drop_selector_with_resampling,36,0.7393070459365845,0.03941325924185047,-0.4583654999732971,0.06401194587166936,6019.4,190.3924893476631,402.85321655273435,26.726630519148554,402.85321655273435,26.726630519148554,5
10000,endpoint,10000,0.05,accuracy_drop_selector_with_resampling,37,0.7389294147491455,0.03935065494000426,-0.45736742615699766,0.06400124106103633,6013.8,209.68237884953518,413.6287902832031,27.65456049719756,413.6287902832031,27.65456049719756,5
10000,endpoint,10000,0.05,accuracy_drop_selector_with_resampling,38,0.7382966637611389,0.03953371743131787,-0.45639721155166624,0.06397288559463916,6037.2,187.19428410077055,424.2953674316406,28.554065301262092,424.2953674316406,28.554065301262092,5
10000,endpoint,10000,0.05,accuracy_drop_selector_with_resampling,39,0.7377557754516602,0.03951999719502392,-0.4554345369338989,0.06394491890225681,6022.8,200.97935217330163,434.9063781738281,29.474993875664136,434.9063781738281,29.474993875664136,5
10000,endpoint,10000,0.05,accuracy_drop_selector_with_resampling,40,0.7369903564453125,0.03949042957119977,-0.4544972538948059,0.06391576325956792,6003.6,218.42000824100342,445.4401550292969,30.389307524608796,445.4401550292969,30.389307524608796,5
10000,endpoint,10000,0.05,accuracy_drop_selector_with_resampling,41,0.7364596724510193,0.039447588446697206,-0.4535856366157532,0.06388616079711668,6002.6,210.92249761464518,455.9005554199219,31.323422418037193,455.9005554199219,31.323422418037193,5
10000,endpoint,10000,0.05,accuracy_drop_selector_with_resampling,42,0.7358677387237549,0.0394204319695686,-0.45268858671188356,0.06387790744100856,5971.4,197.22144913776492,466.30140380859376,32.26243715012796,466.30140380859376,32.26243715012796,5
10000,endpoint,10000,0.05,accuracy_drop_selector_with_resampling,43,0.7353472352027893,0.039237337754866965,-0.45179961919784545,0.06384963597044999,5988.4,185.67660057206993,476.6247802734375,33.16780429091753,476.6247802734375,33.16780429091753,5
10000,endpoint,10000,0.05,accuracy_drop_selector_with_resampling,44,0.734949243068695,0.039287774170176176,-0.45093876123428345,0.06381645866869813,5983.8,195.87419431870038,486.8772338867187,34.105696068123216,486.8772338867187,34.105696068123216,5
10000,endpoint,10000,0.05,accuracy_drop_selector_with_resampling,45,0.7344593644142151,0.03927860831344668,-0.4500741720199585,0.0637879927782796,5962.4,194.6067830266972,497.07945556640624,35.008142458915,497.07945556640624,35.008142458915,5
10000,endpoint,10000,0.05,accuracy_drop_selector_with_resampling,46,0.7341021537780762,0.0393126469474357,-0.44923567175865176,0.06376742753229597,5965.4,194.6042137262192,507.249853515625,35.88496614289567,507.249853515625,35.88496614289567,5
10000,endpoint,10000,0.05,accuracy_drop_selector_with_resampling,47,0.7336633205413818,0.03924899129777342,-0.4483933746814728,0.06375881840985259,5974.4,186.0357492526638,517.32763671875,36.782213004016185,517.32763671875,36.782213004016185,5
10000,endpoint,10000,0.05,accuracy_drop_selector_with_resampling,48,0.7331122040748597,0.03923519900267153,-0.44757195711135866,0.06373693273133323,5947.8,182.8734535136251,527.3175659179688,37.70090059088329,527.3175659179688,37.70090059088329,5
10000,endpoint,10000,0.05,accuracy_drop_selector_with_resampling,49,0.7326631665229797,0.03926774265447663,-0.4467602014541626,0.06373512934312056,5949.6,189.59641346818773,537.2752746582031,38.62100884841887,537.2752746582031,38.62100884841887,5
10000,endpoint,10000,0.05,accuracy_drop_selector_with_resampling,50,0.7322243213653564,0.03918537316779167,-0.44595192074775697,0.06373150886526717,5941.4,191.63193888284906,547.4154907226563,39.53627258886179,547.4154907226563,39.53627258886179,5
10000,endpoint,10000,0.05,accuracy_drop_selector_with_resampling,51,0.7318364977836609,0.03900219396117101,-0.4451787292957306,0.06370874687955286,5936.2,194.26064964371966,554.4943359375,40.176235817181485,554.4943359375,40.176235817181485,5
10000,endpoint,10000,0.05,accuracy_drop_selector_with_resampling,52,0.7315303444862366,0.03894268574188257,-0.4446289837360382,0.063694992754683,5938.8,193.69486312238638,560.2660522460938,40.695039293795936,560.2660522460938,40.695039293795936,5
10000,endpoint,10000,0.05,accuracy_drop_selector_with_resampling,53,0.7312854051589965,0.03886591487855116,-0.4441708564758301,0.063682146475618,5934.2,192.21004136100694,565.2467407226562,41.15245093354315,565.2467407226562,41.15245093354315,5
10000,endpoint,10000,0.05,accuracy_drop_selector_with_resampling,54,0.7311731457710267,0.03887062414184423,-0.4437983810901642,0.06367664967834245,5930.0,192.6538346361162,569.6838256835938,41.5550129135371,569.6838256835938,41.5550129135371,5
10000,endpoint,10000,0.05,accuracy_drop_selector_with_resampling,55,0.7308873772621155,0.03886613927329728,-0.4434646129608154,0.06364985685061102,5926.4,193.76351565761806,573.7048217773438,41.92593412928536,573.7048217773438,41.92593412928536,5
10000,endpoint,10000,0.05,accuracy_drop_selector_with_resampling,56,0.7307751178741455,0.038839090731885385,-0.44315671920776367,0.06364595238893309,5924.8,193.70131646429252,577.4232299804687,42.26844726378134,577.4232299804687,42.26844726378134,5
10000,endpoint,10000,0.05,accuracy_drop_selector_with_resampling,57,0.7305710196495057,0.03875256714614553,-0.442862457036972,0.06364005246554356,5923.0,191.18446589616008,580.9074584960938,42.5869719425555,580.9074584960938,42.5869719425555,5
10000,endpoint,10000,0.05,accuracy_drop_selector_with_resampling,58,0.7303873181343079,0.038711168641303785,-0.44261510372161866,0.06362958103428469,5918.4,188.93199834861218,584.1757690429688,42.89864750531789,584.1757690429688,42.89864750531789,5
10000,endpoint,10000,0.05,accuracy_drop_selector_with_resampling,59,0.7303362727165222,0.03868909658399525,-0.4423682689666748,0.06362375854090398,5916.6,189.95867971745855,587.2643920898438,43.17675190867038,587.2643920898438,43.17675190867038,5
10000,endpoint,10000,0.05,accuracy_drop_selector_with_resampling,60,0.7301525712013245,0.03872856260332826,-0.44214370250701907,0.06361540767030441,5911.0,189.36472744415735,590.2031494140625,43.45485727220711,590.2031494140625,43.45485727220711,5
10000,endpoint,10000,0.05,accuracy_drop_selector_with_resampling,61,0.73005051612854,0.03875463497188163,-0.4419254422187805,0.06360934198741566,5908.0,190.00526308499983,593.0043701171875,43.720768330086386,593.0043701171875,43.720768330086386,5
10000,endpoint,10000,0.05,accuracy_drop_selector_with_resampling,62,0.7299994945526123,0.038728661166270315,-0.44171202182769775,0.06361075876967305,5904.2,189.61856449198217,595.69873046875,43.9802705896848,595.69873046875,43.9802705896848,5
10000,endpoint,10000,0.05,accuracy_drop_selector_with_resampling,63,0.7298362016677856,0.038726696129659066,-0.44150651097297666,0.06358807920829644,5902.2,188.7874466165587,598.282177734375,44.228553889441876,598.282177734375,44.228553889441876,5
10000,endpoint,10000,0.05,accuracy_drop_selector_with_resampling,64,0.7297239184379578,0.03876939836117197,-0.4413243293762207,0.06359191351853397,5899.4,189.35627795243548,600.7766845703125,44.463926511369166,600.7766845703125,44.463926511369166,5
10000,endpoint,10000,0.05,accuracy_drop_selector_with_resampling,65,0.7296218752861023,0.03868671009534767,-0.44113442301750183,0.06358220895102297,5896.8,190.4473680574242,603.1809326171875,44.69884528803158,603.1809326171875,44.69884528803158,5
10000,endpoint,10000,0.05,accuracy_drop_selector_with_resampling,66,0.7296014666557312,0.038710331254535144,-0.4409545838832855,0.0635695369989881,5892.8,187.81560105592933,605.5190307617188,44.930383238693885,605.5190307617188,44.930383238693885,5
10000,endpoint,10000,0.05,accuracy_drop_selector_with_resampling,67,0.7295096278190613,0.03872338363606985,-0.4407859742641449,0.06357072523218113,5888.2,187.51986561428632,607.7851806640625,45.146609953714524,607.7851806640625,45.146609953714524,5
10000,endpoint,10000,0.05,accuracy_drop_selector_with_resampling,68,0.7294687986373901,0.03866353278909718,-0.4406232535839081,0.06356665016577176,5885.8,187.81959429196945,609.9866455078125,45.3604338710212,609.9866455078125,45.3604338710212,5
10000,endpoint,10000,0.05,accuracy_drop_selector_with_resampling,69,0.7293361306190491,0.03865753361944293,-0.4404558837413788,0.06355860054859697,5883.4,186.96737683350003,612.1189697265625,45.576247837137394,612.1189697265625,45.576247837137394,5
10000,endpoint,10000,0.05,accuracy_drop_selector_with_resampling,70,0.7293055057525635,0.03864931253949873,-0.4403000891208649,0.06356423523536577,5880.0,187.41398026828202,614.2085815429688,45.78291793770791,614.2085815429688,45.78291793770791,5
10000,endpoint,10000,0.05,accuracy_drop_selector_with_resampling,71,0.7292136669158935,0.038697702926148804,-0.4401485860347748,0.06355529525179662,5878.8,186.18995676459028,616.2354248046875,45.97647520343852,616.2352294921875,45.97669221702563,5
10000,endpoint,10000,0.05,accuracy_drop_selector_with_resampling,72,0.7291013836860657,0.03868402853957849,-0.4399876296520233,0.06356015545730086,5877.0,185.8978213965941,618.221728515625,46.1739588010772,618.2212768554688,46.1744605195233,5
10000,endpoint,10000,0.05,accuracy_drop_selector_with_resampling,73,0.7290299534797668,0.03867266953144108,-0.43985301852226255,0.0635608290556889,5874.2,188.09093545410423,620.162451171875,46.368162497940624,620.16201171875,46.368650411246655,5
10000,endpoint,10000,0.05,accuracy_drop_selector_with_resampling,74,0.7289789319038391,0.03862527912040344,-0.4397155404090881,0.06354789245602138,5872.6,188.75725151633247,622.066015625,46.55846099708169,622.065576171875,46.55894877980684,5
10000,endpoint,10000,0.05,accuracy_drop_selector_with_resampling,75,0.7288360476493836,0.038652796385530534,-0.4395755290985107,0.06354285549446152,5870.8,188.10156830818823,623.9202514648438,46.74306524170452,623.91982421875,46.74353921462567,5
10000,endpoint,10000,0.05,accuracy_drop_selector_with_resampling,76,0.7287544012069702,0.03867870975152625,-0.4394460380077362,0.06354444463454267,5868.2,188.55158445369798,625.742041015625,46.92351014204383,625.7416259765625,46.92397052976294,5
10000,endpoint,10000,0.05,accuracy_drop_selector_with_resampling,77,0.7286523342132568,0.0387257202660107,-0.4393173694610596,0.06354150995312789,5869.0,188.8319358583182,627.5278076171875,47.10970346709541,627.5274047851562,47.11015007560089,5
10000,endpoint,10000,0.05,accuracy_drop_selector_with_resampling,78,0.7286013126373291,0.03864349439761263,-0.4391847014427185,0.06353882127103644,5866.6,190.09944765832435,629.2816772460938,47.2882959686221,629.2812744140625,47.288742545391145,5
10000,endpoint,10000,0.05,accuracy_drop_selector_with_resampling,79,0.7285298824310302,0.0387346180597813,-0.4390627801418304,0.06354155582912384,5864.2,190.16755769583833,631.002783203125,47.46603223202985,631.002392578125,47.46646506438752,5
10000,endpoint,10000,0.05,accuracy_drop_selector_with_resampling,80,0.728448235988617,0.03873791846666455,-0.4389353096485138,0.06353766788336966,5863.0,191.56852559854397,632.6942504882812,47.64295148104241,632.6938720703125,47.64337061603033,5
10000,endpoint,10000,0.05,accuracy_drop_selector_with_resampling,81,0.7282747268676758,0.03866188183370889,-0.4388047933578491,0.06354580428874768,5860.2,192.65435370112974,634.3631713867187,47.816479814616336,634.3627807617188,47.8169123664415,5
10000,endpoint,10000,0.05,accuracy_drop_selector_with_resampling,82,0.7282441258430481,0.03861005795336479,-0.4386788606643677,0.06353325043124353,5858.6,191.99296862124925,635.9965576171875,47.987557993252736,635.99619140625,47.98796335266807,5
10000,endpoint,10000,0.05,accuracy_drop_selector_with_resampling,83,0.7281522750854492,0.03857595316276369,-0.43857069611549376,0.0635249914165744,5855.6,191.94087631351482,637.60615234375,48.15756593890625,637.6057861328125,48.15797112952793,5
10000,endpoint,10000,0.05,accuracy_drop_selector_with_resampling,84,0.7280808329582215,0.03855932432596541,-0.4384608864784241,0.06353642762839617,5854.6,189.87443219138274,639.1883911132812,48.32230442072236,639.1880249023437,48.32270953693511,5
10000,endpoint,10000,0.05,accuracy_drop_selector_with_resampling,85,0.7280808329582215,0.03857044671500811,-0.43834160566329955,0.06353096651025425,5852.8,189.50118733137268,640.7515014648437,48.485591528534435,640.7511352539062,48.48599648650541,5
10000,endpoint,10000,0.05,accuracy_drop_selector_with_resampling,86,0.7279889822006226,0.038572145384934343,-0.43823242783546446,0.06353093966199645,5851.8,190.34100976930853,642.290625,48.64944178012669,642.290283203125,48.64981966615146,5
10000,endpoint,10000,0.05,accuracy_drop_selector_with_resampling,87,0.7279991745948792,0.03860557247459445,-0.43811551928520204,0.06352928276367281,5849.8,191.08427460154851,643.8042602539062,48.81003657939321,643.80390625,48.81042778898455,5
10000,endpoint,10000,0.05,accuracy_drop_selector_with_resampling,88,0.7279481530189514,0.03862921964612065,-0.43800548911094667,0.06352720499190448,5848.4,192.01249959312545,645.3019653320313,48.9701066342088,645.301611328125,48.970497793514106,5
10000,endpoint,10000,0.05,accuracy_drop_selector_with_resampling,89,0.7278869152069092,0.038591809433310385,-0.4379063308238983,0.06352455043519158,5846.2,192.42972743315934,646.775830078125,49.12392605236758,646.77548828125,49.12430355925751,5
10000,endpoint,10000,0.05,accuracy_drop_selector_with_resampling,90,0.7279277324676514,0.038555341621170476,-0.43779356479644777,0.06351488330126893,5844.8,192.5375288093207,648.23095703125,49.27872653295642,648.230615234375,49.27910393550172,5
10000,endpoint,10000,0.05,accuracy_drop_selector_with_resampling,91,0.7277950644493103,0.0385218378475975,-0.43768993616104124,0.06352632688323108,5844.6,193.9685541524708,649.6677124023438,49.4307397941609,649.6673828125,49.43110358703774,5
10000,endpoint,10000,0.05,accuracy_drop_selector_with_resampling,92,0.7277338385581971,0.03848777631846023,-0.43759952783584594,0.06351736739686735,5844.0,194.36177607749934,651.0804809570312,49.58189288052566,651.0801513671875,49.58225656741233,5
10000,endpoint,10000,0.05,accuracy_drop_selector_with_resampling,93,0.7276623845100403,0.0385279041988818,-0.43749203681945803,0.0635172900939182,5842.6,194.68127799046317,652.4808349609375,49.73309821172813,652.480517578125,49.7334483294973,5
10000,endpoint,10000,0.05,accuracy_drop_selector_with_resampling,94,0.7276113629341125,0.03856530594818527,-0.4373976707458496,0.06352146204189324,5841.6,193.6047520077955,653.862548828125,49.879035426751614,653.8622314453125,49.87938545465366,5
10000,endpoint,10000,0.05,accuracy_drop_selector_with_resampling,95,0.7275909543037414,0.038593052638712384,-0.4373021125793457,0.06351947377287773,5840.6,193.52209176215516,655.2216552734375,50.02724107219974,655.221337890625,50.027590945811816,5
10000,endpoint,10000,0.05,accuracy_drop_selector_with_resampling,96,0.7275297164916992,0.03854405855397411,-0.43720594644546507,0.06351326240134367,5839.4,195.46431899454183,656.5710327148438,50.169496116278815,656.5707153320312,50.16984590241441,5
10000,endpoint,10000,0.05,accuracy_drop_selector_with_resampling,97,0.7274072527885437,0.03856390991038948,-0.4371187150478363,0.06352449689741882,5837.4,194.7108112047197,657.90400390625,50.317220938169065,657.9036987304687,50.31755713270958,5
10000,endpoint,10000,0.05,accuracy_drop_selector_with_resampling,98,0.7274276614189148,0.038546599216370735,-0.4370150685310364,0.0635227974577577,5835.4,196.35758197737107,659.223095703125,50.460974767154106,659.2227905273437,50.461310820631525,5
10000,endpoint,10000,0.05,accuracy_drop_selector_with_resampling,99,0.7273460149765014,0.03857596361803667,-0.4369292914867401,0.06351694204852763,5833.0,195.2331938989884,660.5264526367188,50.59758092451957,660.5261474609375,50.5979168526086,5
10000,endpoint,10000,0.05,accuracy_drop_selector_with_resampling,100,0.7272643804550171,0.038559036452352737,-0.43683255910873414,0.0635221157580115,5832.4,196.29391228461466,661.8132568359375,50.74053613430263,661.8129638671875,50.740858533263186,5
10000,endpoint,10000,0.05,accuracy_drop_selector_with_resampling,101,0.7272337675094604,0.03866601332896132,-0.4367453336715698,0.06350407791225897,5829.4,195.06229774100376,663.0882690429687,50.87714123165569,663.0879638671875,50.87747692649225,5
10000,endpoint,10000,0.05,accuracy_drop_selector_with_resampling,102,0.7271827220916748,0.038677294341754605,-0.4366536259651184,0.06351771374331884,5828.0,195.1781237741566,664.3527221679688,51.01212375267437,664.3524291992187,51.01244592959666,5
10000,endpoint,10000,0.05,accuracy_drop_selector_with_resampling,103,0.7271521329879761,0.03862575016985027,-0.43656799793243406,0.06351755605962639,5828.0,196.24474515257728,665.5992065429688,51.15062781878356,665.5989135742187,51.15094986811281,5
10000,endpoint,10000,0.05,accuracy_drop_selector_with_resampling,104,0.7270806789398193,0.03859703264827259,-0.43647770285606385,0.06351179152189726,5826.2,196.54694095813346,666.8364990234375,51.28433670241098,666.8362182617187,51.28464525198322,5
10000,endpoint,10000,0.05,accuracy_drop_selector_with_resampling,105,0.726999032497406,0.03854372841570989,-0.4363937973976135,0.06350898418768329,5826.8,195.88440468807107,668.0607666015625,51.41759495997784,668.0604858398438,51.417903416602314,5
10000,endpoint,10000,0.05,accuracy_drop_selector_with_resampling,106,0.7269683957099915,0.038593426410303076,-0.43631229400634763,0.06351396234650267,5826.4,194.73905617518022,669.2711181640625,51.551414125351855,669.2708374023438,51.551722487816,5
10000,endpoint,10000,0.05,accuracy_drop_selector_with_resampling,107,0.7269377827644348,0.038653045967851955,-0.4362229645252228,0.06350438296574576,5824.2,196.42352201302165,670.4686767578125,51.680737409670996,670.4683959960937,51.68104563871514,5
10000,endpoint,10000,0.05,accuracy_drop_selector_with_resampling,108,0.7267642855644226,0.03855537397360598,-0.43614616990089417,0.06350657285893022,5824.0,195.90176109468746,671.6588623046875,51.81191467896351,671.6585815429687,51.81222283872819,5
10000,endpoint,10000,0.05,accuracy_drop_selector_with_resampling,109,0.7267949223518372,0.038644702941205505,-0.4360496461391449,0.06350209815823869,5821.6,196.6082399087078,672.8372802734375,51.94002804527449,672.8369995117188,51.94033609827904,5
10000,endpoint,10000,0.05,accuracy_drop_selector_with_resampling,110,0.726754093170166,0.03861149467679954,-0.4359755992889404,0.06350524860211311,5821.2,196.90022854227468,674.0043334960938,52.068211190849816,674.004052734375,52.06851913753602,5
10000,endpoint,10000,0.05,accuracy_drop_selector_with_resampling,111,0.7266418218612671,0.03861244059537967,-0.4358945667743683,0.06349668462413154,5818.6,197.93761643507784,675.1584350585938,52.19463430446035,675.1581665039063,52.194928750282706,5
10000,endpoint,10000,0.05,accuracy_drop_selector_with_resampling,112,0.7266520380973815,0.03865717556057173,-0.43580654859542844,0.0634953352523259,5817.8,198.14565349762282,676.3067138671875,52.32367601357734,676.3064453125,52.32397039359851,5
10000,endpoint,10000,0.05,accuracy_drop_selector_with_resampling,113,0.726600992679596,0.03867001825792418,-0.43573698997497556,0.06348731945276319,5816.6,198.95677922604196,677.440234375,52.449578646101045,677.4399658203125,52.449872890443025,5
10000,endpoint,10000,0.05,accuracy_drop_selector_with_resampling,114,0.7265397667884826,0.03861068445893489,-0.43565375208854673,0.0634906307310518,5814.6,199.96074614783774,678.5687866210938,52.571516926091114,678.5685302734375,52.57179772937316,5
10000,endpoint,10000,0.05,accuracy_drop_selector_with_resampling,115,0.7264785408973694,0.03860927515253473,-0.435578054189682,0.06348873167455114,5814.2,199.50238093817327,679.6814697265625,52.69773325943603,679.681201171875,52.698027311961184,5
10000,endpoint,10000,0.05,accuracy_drop_selector_with_resampling,116,0.7264377117156983,0.03860194912022724,-0.43549755215644836,0.06349207094598204,5813.0,198.5547783358537,680.7911010742188,52.81654780699496,680.7908325195312,52.816841794741734,5
10000,endpoint,10000,0.05,accuracy_drop_selector_with_resampling,117,0.7263866901397705,0.038544932146579225,-0.43542540073394775,0.06347713314460611,5812.2,198.01691846910455,681.8888671875,52.93993984230537,681.8885986328125,52.94023370671163,5
10000,endpoint,10000,0.05,accuracy_drop_selector_with_resampling,118,0.7263152480125428,0.0385496204396826,-0.4353453993797302,0.06348663907946565,5811.8,198.56535448058406,682.9787109375,53.05895032089906,682.9784545898438,53.05923070611627,5
10000,endpoint,10000,0.05,accuracy_drop_selector_with_resampling,119,0.7263254642486572,0.038550325280670886,-0.4352815806865692,0.0634787226958014,5808.8,199.4710505311485,684.0583740234375,53.173323026568326,684.0581176757812,53.17360333731281,5
10000,endpoint,10000,0.05,accuracy_drop_selector_with_resampling,120,0.7262948274612426,0.038533604484021725,-0.4351999878883362,0.06347761157357466,5809.8,200.35144122266752,685.1296630859375,53.29527807315199,685.1294067382812,53.2955583064977,5
10000,endpoint,10000,0.05,accuracy_drop_selector_with_resampling,121,0.7262131929397583,0.038571999680197144,-0.4351267874240875,0.06348182615200887,5808.2,199.55625773199898,686.194921875,53.411880207246675,686.1946655273438,53.41216034226468,5
10000,endpoint,10000,0.05,accuracy_drop_selector_with_resampling,122,0.7262131929397583,0.038444148716274586,-0.43505417108535765,0.06347651014791933,5806.8,199.99299987749572,687.2508911132812,53.527413372087636,687.250634765625,53.527693444321194,5
10000,endpoint,10000,0.05,accuracy_drop_selector_with_resampling,123,0.726151967048645,0.03852489092452252,-0.4349869668483734,0.06347448634604919,5805.4,199.97824881721513,688.2941650390625,53.64219181312325,688.2939086914063,53.64247178193723,5
10000,endpoint,10000,0.05,accuracy_drop_selector_with_resampling,124,0.7261417627334594,0.03852514097931941,-0.4349096894264221,0.06347817409743206,5804.2,201.2205257919778,689.3338256835938,53.754989725575385,689.3335815429688,53.755256276191226,5
10000,endpoint,10000,0.05,accuracy_drop_selector_with_resampling,125,0.7260907292366028,0.03849883961005703,-0.4348406732082367,0.06346684707938309,5801.6,201.31641761167916,690.3640747070312,53.86980309949866,690.3638305664062,53.87006956145417,5
10000,endpoint,10000,0.05,accuracy_drop_selector_with_resampling,126,0.7261111378669739,0.0385031201304264,-0.43476516008377075,0.06345931817744857,5801.4,201.68862139446537,691.3881103515625,53.9809084558946,691.3878662109375,53.981174825849884,5
10000,endpoint,10000,0.05,accuracy_drop_selector_with_resampling,127,0.7260090827941894,0.03851636903463267,-0.4347014605998993,0.06346639913178433,5798.8,201.88288684284262,692.4047973632812,54.09181724444652,692.4045532226562,54.09208350260424,5
10000,endpoint,10000,0.05,accuracy_drop_selector_with_resampling,128,0.7260601162910462,0.03853677964942061,-0.4346361219882965,0.06345589733169105,5797.0,201.357890334598,693.4146240234375,54.20095138483994,693.4143798828125,54.20121756978851,5
10000,endpoint,10000,0.05,accuracy_drop_selector_with_resampling,129,0.7259376406669616,0.038487268802063254,-0.43456320762634276,0.06345872608651044,5796.8,202.88346408714537,694.4155151367188,54.31026079497122,694.4152709960938,54.31052686005197,5
10000,endpoint,10000,0.05,accuracy_drop_selector_with_resampling,130,0.7259376287460327,0.03854252120444159,-0.4344897210597992,0.06345185513258837,5795.2,203.3819067665558,695.4097290039062,54.419175139430045,695.4094848632812,54.419441118749916,5
10000,endpoint,10000,0.05,accuracy_drop_selector_with_resampling,131,0.725886607170105,0.038391464119974836,-0.4344253599643707,0.06345717179352575,5795.0,204.54828280872954,696.3972534179687,54.52696471364032,696.397021484375,54.527217298941515,5
10000,endpoint,10000,0.05,accuracy_drop_selector_with_resampling,132,0.7257947564125061,0.03849833944597521,-0.43436436653137206,0.06345228475442226,5793.4,204.28607392575736,697.3793823242188,54.63486604624388,697.379150390625,54.63511854150228,5
10000,endpoint,10000,0.05,accuracy_drop_selector_with_resampling,133,0.7258151650428772,0.0384569258571575,-0.43429099917411806,0.06345920273500257,5793.0,203.7608892795671,698.3507080078125,54.74007830458223,698.3504760742187,54.740330707358986,5
10000,endpoint,10000,0.05,accuracy_drop_selector_with_resampling,134,0.7257539391517639,0.03850038510895759,-0.43421304821968076,0.06344953499615343,5792.2,203.67915946409443,699.3200439453125,54.84531266549378,699.3198120117188,54.845565000691394,5
10000,endpoint,10000,0.05,accuracy_drop_selector_with_resampling,135,0.7257437348365784,0.03845569371646973,-0.43415866494178773,0.06343831851654291,5791.6,203.20875965371178,700.2842041015625,54.95269359155784,700.2839721679687,54.95294584352739,5
10000,endpoint,10000,0.05,accuracy_drop_selector_with_resampling,136,0.7256927132606507,0.03845320556307938,-0.4340998649597168,0.06344128853106733,5790.4,202.89110379708617,701.2372192382812,55.060935287655646,701.2369873046875,55.06118744840895,5
10000,endpoint,10000,0.05,accuracy_drop_selector_with_resampling,137,0.725662088394165,0.038491705239247186,-0.4340315103530884,0.0634447297298013,5789.6,202.37786440221174,702.1876098632813,55.16585510723851,702.1873779296875,55.16610717242494,5
10000,endpoint,10000,0.05,accuracy_drop_selector_with_resampling,138,0.7256314635276795,0.03851895041549505,-0.43397055864334105,0.06344412598112185,5788.0,202.1966864219095,703.128369140625,55.26963464105617,703.1281494140625,55.26987336405922,5
10000,endpoint,10000,0.05,accuracy_drop_selector_with_resampling,139,0.7255600214004516,0.03857233508214411,-0.4339043855667114,0.06343986006154656,5786.6,202.9046574132787,704.06513671875,55.372296826050395,704.0649169921875,55.37253548185939,5
10000,endpoint,10000,0.05,accuracy_drop_selector_with_resampling,140,0.725529408454895,0.038610654685851876,-0.4338438808917999,0.06344255670135904,5785.2,202.04133240503043,704.9973022460938,55.47767734380084,704.9970825195312,55.477915941098566,5
10000,endpoint,10000,0.05,accuracy_drop_selector_with_resampling,141,0.7254681825637818,0.03852569302733689,-0.43377172350883486,0.06342939328507555,5784.2,201.19070555072867,705.923095703125,55.57869104014218,705.9228759765625,55.57892956278369,5
10000,endpoint,10000,0.05,accuracy_drop_selector_with_resampling,142,0.7254069566726684,0.03853509217189304,-0.4337125301361084,0.06343566470693655,5782.6,201.11762727319552,706.8438232421875,55.683055706418564,706.8435913085938,55.68330739215274,5
10000,endpoint,10000,0.05,accuracy_drop_selector_with_resampling,143,0.7253763198852539,0.03852578158074927,-0.4336421132087708,0.06343289563764887,5780.2,202.07350147904103,707.7600830078125,55.78373506456412,707.7598510742188,55.78398668431663,5
10000,endpoint,10000,0.05,accuracy_drop_selector_with_resampling,144,0.7253559231758118,0.038510014592349616,-0.4335866332054138,0.06342869575004541,5780.0,200.45697792793345,708.670849609375,55.88384054001437,708.6706298828125,55.88407886029351,5
10000,endpoint,10000,0.05,accuracy_drop_selector_with_resampling,145,0.7253865361213684,0.03852750728820523,-0.43353039026260376,0.06342704379348144,5778.8,200.5946160792956,709.5748779296875,55.98765910548569,709.574658203125,55.98789735440687,5
10000,endpoint,10000,0.05,accuracy_drop_selector_with_resampling,146,0.7253355145454407,0.03857532151172738,-0.43346190452575684,0.06342468339505546,5777.2,200.08423226231497,710.4744506835938,56.088183902939846,710.4742309570313,56.08842209505297,5
10000,endpoint,10000,0.05,accuracy_drop_selector_with_resampling,147,0.7253150939941406,0.038569166390699405,-0.4334069609642029,0.06341603401017243,5776.6,199.8094091878558,711.36806640625,56.188764663704355,711.3678466796875,56.189002791337835,5
10000,endpoint,10000,0.05,accuracy_drop_selector_with_resampling,148,0.7252538442611695,0.03847757935035294,-0.4333368420600891,0.0634143462039758,5775.2,199.44598266197292,712.256201171875,56.29010368719759,712.2559814453125,56.29034175398639,5
10000,endpoint,10000,0.05,accuracy_drop_selector_with_resampling,149,0.7251926183700561,0.038488305952822655,-0.4332792103290558,0.0634117050514273,5772.6,199.75184604904155,713.1421020507812,56.39208416065309,713.1418823242187,56.392322167200234,5
10000,endpoint,10000,0.05,none,-1,0.7678624391555786,0.038630936334284466,-0.5034046530723572,0.06379191930079747,0.0,0.0,0.0,0.0,0.0,0.0,5
10000,endpoint,10000,0.05,none,0,0.7678522348403931,0.038603230324802125,-0.5034133970737458,0.0637778972814121,5042.0,271.53544888283005,2.8355691909790037,0.34381297709446096,2.8355691909790037,0.34381297709446096,5
10000,endpoint,10000,0.05,none,1,0.7676889300346375,0.03859200492069542,-0.5032609283924103,0.06378444072490581,7433.4,207.94662776780007,7.316043376922607,0.8086067492591692,7.316043376922607,0.8086067492591692,5
10000,endpoint,10000,0.05,none,2,0.7673215270042419,0.03869791219319795,-0.503052705526352,0.06380144131401193,7472.6,93.82590260690274,13.0838191986084,1.1549544232829456,13.0838191986084,1.1549544232829456,5
10000,endpoint,10000,0.05,none,3,0.7669133067131042,0.03881601718684043,-0.5026195287704468,0.06385305992642738,7405.4,105.91883685161955,19.82248725891113,1.6714665127693702,19.82248725891113,1.6714665127693702,5
10000,endpoint,10000,0.05,none,4,0.766249930858612,0.03880809694397987,-0.50193549990654,0.06392674268255209,7434.2,117.2100678269576,27.752638626098634,2.2847218874566195,27.752638626098634,2.2847218874566195,5
10000,endpoint,10000,0.05,none,5,0.7654640913009644,0.03892872142594793,-0.5010277032852173,0.06399773119773645,7464.8,100.70600776517755,36.65459060668945,3.0747976657384655,36.65459060668945,3.0747976657384655,5
10000,endpoint,10000,0.05,none,6,0.7647292852401734,0.03899334534404796,-0.49996758699417115,0.06403496797346804,7448.2,134.7913201953301,46.34750671386719,3.795089737058915,46.34750671386719,3.795089737058915,5
10000,endpoint,10000,0.05,none,7,0.7640046954154969,0.039259530051677274,-0.49877320528030394,0.0641211493786463,7457.6,131.67497864059064,56.67127914428711,4.630793419447425,56.67127914428711,4.630793419447425,5
10000,endpoint,10000,0.05,none,8,0.7631576299667359,0.03927622258177215,-0.4975057542324066,0.0642212139923594,7441.0,114.33066080452785,67.38787307739258,5.288924109270058,67.38787307739258,5.288924109270058,5
10000,endpoint,10000,0.05,none,9,0.7624126195907592,0.039386617521190034,-0.49618581533432005,0.06427851504831805,7411.0,107.3009785603095,78.41297760009766,5.951240838170609,78.41297760009766,5.951240838170609,5
10000,endpoint,10000,0.05,none,10,0.7616573929786682,0.03957179707141323,-0.49485469460487364,0.0643494808224626,7396.8,136.73587678440504,89.63662872314453,6.604644080310112,89.63662872314453,6.604644080310112,5
10000,endpoint,10000,0.05,none,11,0.7607797145843506,0.03972636851888551,-0.4934916317462921,0.06438711466461133,7386.6,119.79691147938665,101.04323120117188,7.2709706753378285,101.04323120117188,7.2709706753378285,5
10000,endpoint,10000,0.05,none,12,0.7598101735115051,0.039707774629154834,-0.49212695360183717,0.06442162873890586,7380.8,136.59136136666916,112.51686553955078,7.91929640580831,112.51686553955078,7.91929640580831,5
10000,endpoint,10000,0.05,none,13,0.7590753674507141,0.03967761696212313,-0.4907489061355591,0.06443637138852532,7346.8,122.96218931037296,124.05140228271485,8.439459425410341,124.05140228271485,8.439459425410341,5
10000,endpoint,10000,0.05,none,14,0.7583813905715943,0.03958799848937813,-0.48941495418548586,0.06446970401099483,7318.0,106.08722826052154,135.58341522216796,8.93421514530727,135.58341522216796,8.93421514530727,5
10000,endpoint,10000,0.05,none,15,0.7575649142265319,0.03965698893177981,-0.4880794703960419,0.06446612603558467,7285.2,114.88124302948675,147.1013397216797,9.397818412413995,147.1013397216797,9.397818412413995,5
10000,endpoint,10000,0.05,none,16,0.7568607449531555,0.03961764688952687,-0.48678669333457947,0.0644491691396034,7301.0,129.23234889144436,158.59178161621094,9.86014180941662,158.59178161621094,9.86014180941662,5
10000,endpoint,10000,0.05,none,17,0.7561055302619935,0.03968357660250771,-0.4855198562145233,0.06445011071102343,7265.2,133.63083476503468,170.03237915039062,10.337951534861112,170.03237915039062,10.337951534861112,5
10000,endpoint,10000,0.05,none,18,0.7554829835891723,0.03954345321945687,-0.48428264260292053,0.06442481720004677,7249.2,136.0466831642727,181.4156280517578,10.834641842532443,181.4156280517578,10.834641842532443,5
10000,endpoint,10000,0.05,none,19,0.7548298239707947,0.03953473734845868,-0.48305463790893555,0.0643884109424622,7210.0,119.07350670909125,192.70517272949218,11.290524037556196,192.70517272949218,11.290524037556196,5
10000,endpoint,10000,0.05,none,20,0.754043984413147,0.03952564617044063,-0.48185922503471373,0.06435071155202407,7208.2,124.53593858802365,203.90211486816406,11.737529438375985,203.90211486816406,11.737529438375985,5
10000,endpoint,10000,0.05,none,21,0.7532275319099426,0.03947654654486883,-0.4806974768638611,0.06431374362083242,7226.4,144.27508447406987,215.06161804199218,12.242470029252877,215.06161804199218,12.242470029252877,5
10000,endpoint,10000,0.05,none,22,0.752574372291565,0.039435354595876576,-0.4795422196388245,0.06428095774823188,7206.6,123.60744314158431,226.06448059082032,12.702721767964722,226.06448059082032,12.702721767964722,5
10000,endpoint,10000,0.05,none,23,0.7520640969276429,0.03942152087201475,-0.47842819094657896,0.06424271314351265,7206.0,91.60785992479029,237.02322998046876,13.125419838418303,237.02322998046876,13.125419838418303,5
10000,endpoint,10000,0.05,none,24,0.7514619588851928,0.03946623113275158,-0.47733873724937437,0.06421070230021018,7187.6,124.34146532834491,247.87227783203124,13.543825311726192,247.87227783203124,13.543825311726192,5
10000,endpoint,10000,0.05,none,25,0.7506965279579163,0.03942759117315409,-0.4762789666652679,0.06417500547538887,7167.0,134.54553132675943,258.6354461669922,13.96948795673003,258.6354461669922,13.96948795673003,5
10000,endpoint,10000,0.05,none,26,0.750033164024353,0.039506377915589266,-0.47522854804992676,0.06415490571215007,7152.8,140.22731545601235,269.2635864257812,14.392328245380506,269.2635864257812,14.392328245380506,5
10000,endpoint,10000,0.05,none,27,0.7496249556541443,0.039497425743765524,-0.47420247197151183,0.06413106489669101,7148.8,119.47049845045429,279.8927734375,14.816849403900324,279.8927734375,14.816849403900324,5
10000,endpoint,10000,0.05,none,28,0.7492473363876343,0.03939379064530789,-0.4732025921344757,0.06412272182602584,7136.4,89.60078124659405,290.41368408203124,15.167064557591495,290.41368408203124,15.167064557591495,5
10000,endpoint,10000,0.05,none,29,0.7486350059509277,0.0394271813921863,-0.47220746874809266,0.06411012674193907,7117.4,112.2020498921477,300.87598876953126,15.597243051435091,300.87598876953126,15.597243051435091,5
10000,endpoint,10000,0.05,none,30,0.7481349110603333,0.03934386276480127,-0.4712344527244568,0.06408846746618367,7118.6,130.0742095882193,311.27833251953126,15.985422616054148,311.27833251953126,15.985422616054148,5
10000,endpoint,10000,0.05,none,31,0.7475123763084411,0.03954056712054716,-0.47028313875198363,0.06405749692051681,7062.4,139.4930105775913,321.584716796875,16.388490200428027,321.584716796875,16.388490200428027,5
10000,endpoint,10000,0.05,none,32,0.7470531225204468,0.039477886971794676,-0.4693338215351105,0.06403719109364887,7104.8,104.20268710546767,331.91094360351565,16.738566281302145,331.91094360351565,16.738566281302145,5
10000,endpoint,10000,0.05,none,33,0.746512234210968,0.03938742618496042,-0.46840150356292726,0.06401441560562245,7063.2,102.75553513071692,342.10654907226564,17.111387613388167,342.10654907226564,17.111387613388167,5
10000,endpoint,10000,0.05,none,34,0.7460427641868591,0.03927487598722625,-0.4674916505813599,0.06398844902986973,7060.8,96.0192688995287,352.27777099609375,17.450930846361086,352.27777099609375,17.450930846361086,5
10000,endpoint,10000,0.05,none,35,0.7454814553260803,0.039136850540095885,-0.4666013360023499,0.06396211167392321,7057.8,107.24131666480042,362.4007141113281,17.80492145431228,362.4007141113281,17.80492145431228,5
10000,endpoint,10000,0.05,none,36,0.7448282718658448,0.039194840365632144,-0.46571977734565734,0.06394128232031,7029.4,95.28536089032774,372.4262329101563,18.138270447984386,372.4262329101563,18.138270447984386,5
10000,endpoint,10000,0.05,none,37,0.7442771792411804,0.039220173529676716,-0.4648574888706207,0.0639200658141522,7005.6,117.21049441069687,382.3961975097656,18.46531428266062,382.3961975097656,18.46531428266062,5
10000,endpoint,10000,0.05,none,38,0.7436852574348449,0.03909136511870814,-0.4640155673027039,0.06387494236924146,7041.4,97.15606002715425,392.38922729492185,18.80661750235024,392.38922729492185,18.80661750235024,5
10000,endpoint,10000,0.05,none,39,0.7433076500892639,0.03913031572223699,-0.46316711902618407,0.06383879836937979,7011.4,95.95988745303946,402.2713623046875,19.172178504643156,402.2713623046875,19.172178504643156,5
10000,endpoint,10000,0.05,none,40,0.7428790092468261,0.03911046760717746,-0.46232083439826965,0.06379974627030183,7006.6,103.06454288454395,412.1274719238281,19.55032490535675,412.1274719238281,19.55032490535675,5
10000,endpoint,10000,0.05,none,41,0.7425013899803161,0.03908015038728369,-0.4615019679069519,0.06373947464355988,6994.6,99.47763567757328,421.92034301757815,19.935677918098,421.92034301757815,19.935677918098,5
10000,endpoint,10000,0.05,none,42,0.741858446598053,0.038928161636515295,-0.46068578362464907,0.06372046074851641,6973.4,111.83156978241877,431.6579345703125,20.299271157325098,431.6579345703125,20.299271157325098,5
10000,endpoint,10000,0.05,none,43,0.7413992047309875,0.03900350040254471,-0.459871381521225,0.06368439894109408,6984.0,117.55849607748476,441.3011779785156,20.625487482126402,441.3011779785156,20.625487482126402,5
10000,endpoint,10000,0.05,none,44,0.741011381149292,0.03904581248863491,-0.4590881705284119,0.06365578584423215,6934.0,116.87814166900499,450.91307373046874,20.941838693316416,450.91307373046874,20.941838693316416,5
10000,endpoint,10000,0.05,none,45,0.7404500603675842,0.03904840634097949,-0.4583168089389801,0.06363387955628655,6951.2,105.47369340266795,460.4298400878906,21.24776908163618,460.4298400878906,21.24776908163618,5
10000,endpoint,10000,0.05,none,46,0.7400622487068176,0.0391164988914564,-0.4575641334056854,0.06359741118241485,6932.4,120.68057010140447,469.9083679199219,21.589625800397766,469.9083679199219,21.589625800397766,5
10000,endpoint,10000,0.05,none,47,0.7397050738334656,0.03898264596293476,-0.4568126142024994,0.06355627188454024,6931.8,99.1650139918308,479.364501953125,21.916635050545384,479.364501953125,21.916635050545384,5
10000,endpoint,10000,0.05,none,48,0.7392253875732422,0.03888810333849129,-0.4560903310775757,0.06353214972764348,6952.2,126.16140455781238,488.752880859375,22.265310913499512,488.752880859375,22.265310913499512,5
10000,endpoint,10000,0.05,none,49,0.7388171792030335,0.03889917168431929,-0.45535417795181277,0.06350117946424455,6945.6,101.21659942914502,498.116455078125,22.59812270579866,498.116455078125,22.59812270579866,5
10000,endpoint,10000,0.05,none,50,0.7385109901428223,0.03886214169106528,-0.45461267828941343,0.06344672087182372,6940.2,102.82606673407284,508.153466796875,23.040831907275468,508.153466796875,23.040831907275468,5
10000,endpoint,10000,0.05,none,51,0.7381333827972412,0.03888790306346471,-0.45389132499694823,0.06341730707388656,6933.0,95.58504067059866,515.1757141113281,23.310613835449956,515.1757141113281,23.310613835449956,5
10000,endpoint,10000,0.05,none,52,0.73809255361557,0.03890316524428306,-0.453367555141449,0.06337936771404074,6930.2,103.19738368776603,520.9520568847656,23.589391054666418,520.9520568847656,23.589391054666418,5
10000,endpoint,10000,0.05,none,53,0.7378374218940735,0.03898495362799938,-0.4529488027095795,0.06336759215202124,6926.6,100.78343117794711,525.9573791503906,23.820249719742673,525.9573791503906,23.820249719742673,5
10000,endpoint,10000,0.05,none,54,0.7376537203788758,0.03896435163230837,-0.4525793373584747,0.06336189484102973,6922.2,99.83586529899964,530.4438232421875,24.040079241477812,530.4438232421875,24.040079241477812,5
10000,endpoint,10000,0.05,none,55,0.7374598264694214,0.03899070519840971,-0.45225649476051333,0.06334540954716043,6919.8,100.23073380954567,534.5003784179687,24.227054087497567,534.5003784179687,24.227054087497567,5
10000,endpoint,10000,0.05,none,56,0.7373169422149658,0.039039323975711346,-0.4519624948501587,0.0633391285418083,6918.6,102.47585081374051,538.2655395507812,24.392792555868137,538.2655395507812,24.392792555868137,5
10000,endpoint,10000,0.05,none,57,0.7371638536453247,0.03896841152218693,-0.4517011702060699,0.06332666859766664,6915.4,101.60118109549711,541.7968383789063,24.56676900191396,541.7968383789063,24.56676900191396,5
10000,endpoint,10000,0.05,none,58,0.737000560760498,0.03885428869820107,-0.45143314599990847,0.06331280944718189,6913.2,100.90936527399228,545.1111450195312,24.723159627714125,545.1111450195312,24.723159627714125,5
10000,endpoint,10000,0.05,none,59,0.7369189143180848,0.03885729353678341,-0.4511926770210266,0.06329945497454224,6909.8,103.1925384899509,548.2485595703125,24.88225729638063,548.2485595703125,24.88225729638063,5
10000,endpoint,10000,0.05,none,60,0.7368474721908569,0.038886912435588165,-0.45095521211624146,0.06329618603889015,6907.4,106.25347053155487,551.2460815429688,25.020110797587204,551.2460815429688,25.020110797587204,5
10000,endpoint,10000,0.05,none,61,0.7367045998573303,0.0388874520488308,-0.45072839856147767,0.06327815846634678,6905.6,106.06978834710664,554.1071166992188,25.16095086647666,554.1071166992188,25.16095086647666,5
10000,endpoint,10000,0.05,none,62,0.7365923404693604,0.03885973099551233,-0.4505187511444092,0.06326576317731782,6904.8,106.6967665864341,556.859375,25.29594102189596,556.859375,25.29594102189596,5
10000,endpoint,10000,0.05,none,63,0.7365617275238037,0.03889869785180677,-0.450323224067688,0.06327338504688136,6900.6,106.26288157207107,559.5052612304687,25.418624729660205,559.5052612304687,25.418624729660205,5
10000,endpoint,10000,0.05,none,64,0.7364596724510193,0.03886531997319838,-0.45012412667274476,0.06325224764044204,6900.2,106.7342494235098,562.050927734375,25.555404008873612,562.050927734375,25.555404008873612,5
10000,endpoint,10000,0.05,none,65,0.7363167881965638,0.0388659834800374,-0.4499443292617798,0.06325201831665644,6896.8,106.40347738678469,564.5157470703125,25.675852003272816,564.5157470703125,25.675852003272816,5
10000,endpoint,10000,0.05,none,66,0.7361637115478515,0.038879805531214826,-0.4497687995433807,0.06323591774823796,6895.8,106.11173356420109,566.91279296875,25.79774720599401,566.91279296875,25.79774720599401,5
10000,endpoint,10000,0.05,none,67,0.736133074760437,0.03893895704234023,-0.44958279728889466,0.06323539057165439,6894.0,105.130870822989,569.2281982421875,25.91395906736653,569.2281982421875,25.91395906736653,5
10000,endpoint,10000,0.05,none,68,0.7359493851661683,0.03891063694587947,-0.44941229820251466,0.06322790028682385,6891.2,105.70099337281556,571.4850219726562,26.02304225241124,571.4850219726562,26.02304225241124,5
10000,endpoint,10000,0.05,none,69,0.7358575105667114,0.03891479257292739,-0.44924328923225404,0.06322579346183194,6889.0,105.1094667477673,573.685693359375,26.134378788236607,573.685693359375,26.134378788236607,5
10000,endpoint,10000,0.05,none,70,0.7357962846755981,0.03890395267858189,-0.44910248517990115,0.06322527892692914,6888.6,105.73220890532838,575.8322509765625,26.240517396135267,575.8322509765625,26.240517396135267,5
10000,endpoint,10000,0.05,none,71,0.7357146501541137,0.038981051011288535,-0.44891279339790346,0.06320771887572374,6885.8,106.87703214442287,577.922705078125,26.34011668664653,577.922705078125,26.34011668664653,5
10000,endpoint,10000,0.05,none,72,0.7355615735054016,0.03904772545083172,-0.4487777590751648,0.06320826504953239,6884.4,107.37224967374019,579.9730834960938,26.439969736714684,579.9730834960938,26.439969736714684,5
10000,endpoint,10000,0.05,none,73,0.7355309367179871,0.038987585464743825,-0.4486278772354126,0.06320775393114507,6882.2,106.06460295499154,581.973388671875,26.542306228885728,581.973388671875,26.542306228885728,5
10000,endpoint,10000,0.05,none,74,0.7354493021965027,0.03897785456605823,-0.448471862077713,0.06320016256535121,6880.0,106.92053123698928,583.9287841796875,26.636452188107658,583.9287841796875,26.636452188107658,5
10000,endpoint,10000,0.05,none,75,0.7353472352027893,0.03888666615321093,-0.44834538698196413,0.06318682912504371,6877.8,108.7276413797338,585.8484252929687,26.73147500792908,585.8484252929687,26.73147500792908,5
10000,endpoint,10000,0.05,none,76,0.7352554082870484,0.03889217300647982,-0.4482012391090393,0.0631854607601528,6874.8,108.88388310489299,587.7300415039062,26.823503245364066,587.7300415039062,26.823503245364066,5
10000,endpoint,10000,0.05,none,77,0.7351635456085205,0.038850202068474934,-0.4480692148208618,0.06318286176993354,6872.2,108.50437779186608,589.5796752929688,26.9114336494217,589.5796752929688,26.9114336494217,5
10000,endpoint,10000,0.05,none,78,0.7350717067718506,0.03884173046391767,-0.44792779684066775,0.06318098864619262,6870.4,108.56472723679639,591.3894287109375,27.001289491055253,591.3894287109375,27.001289491055253,5
10000,endpoint,10000,0.05,none,79,0.735041081905365,0.0387998153216614,-0.4478005826473236,0.06318524673844228,6868.2,108.8930668132733,593.17265625,27.083821905443404,593.17265625,27.083821905443404,5
10000,endpoint,10000,0.05,none,80,0.734928822517395,0.038795550377544744,-0.4476783037185669,0.06318366277203209,6867.0,109.10545357588684,594.9274047851562,27.170329804107563,594.9274047851562,27.170329804107563,5
10000,endpoint,10000,0.05,none,81,0.7348879933357239,0.03882766187600448,-0.4475536346435547,0.06317278498702014,6863.8,107.78543500863185,596.6483154296875,27.250639422411986,596.6483154296875,27.250639422411986,5
10000,endpoint,10000,0.05,none,82,0.734775722026825,0.03880407853899657,-0.4474159300327301,0.06316468985298143,6862.0,107.41042779916668,598.3406494140625,27.3338870338582,598.3406494140625,27.3338870338582,5
10000,endpoint,10000,0.05,none,83,0.7347553253173829,0.03872897591016182,-0.44731616973876953,0.06316760451039885,6860.4,107.55138306874534,600.0071899414063,27.412609364978355,600.0071899414063,27.412609364978355,5
10000,endpoint,10000,0.05,none,84,0.734683883190155,0.038761198219898936,-0.44718865156173704,0.06315740460756503,6858.6,107.32800193798448,601.6469360351563,27.492076341418397,601.6469360351563,27.492076341418397,5
10000,endpoint,10000,0.05,none,85,0.7346328616142273,0.03873438862582781,-0.44706496596336365,0.06316151169826162,6857.6,107.74414137204863,603.2663818359375,27.568268204145383,603.2663818359375,27.568268204145383,5
10000,endpoint,10000,0.05,none,86,0.734551215171814,0.038763316980350224,-0.44695116877555846,0.06314946397286246,6857.0,108.1457350060556,604.862646484375,27.64623401032611,604.862646484375,27.64623401032611,5
10000,endpoint,10000,0.05,none,87,0.7345001816749572,0.03872694434650482,-0.44686033129692077,0.06315370561362062,6854.6,108.34574287898901,606.4314697265625,27.71881436344655,606.4314697265625,27.71881436344655,5
10000,endpoint,10000,0.05,none,88,0.7344491481781006,0.038809442453505066,-0.4467298090457916,0.0631435584732625,6853.6,109.74652614092166,607.9829956054688,27.790903513370793,607.9829956054688,27.790903513370793,5
10000,endpoint,10000,0.05,none,89,0.7343675136566162,0.03875277446917061,-0.44662716388702395,0.0631367245094103,6852.0,110.46945279125809,609.5130737304687,27.864248341078223,609.5130737304687,27.864248341078223,5
10000,endpoint,10000,0.05,none,90,0.7343573093414306,0.03876445923578251,-0.4465135335922241,0.06313564000512609,6851.0,109.42805855903686,611.0212036132813,27.93134621285031,611.0212036132813,27.93134621285031,5
10000,endpoint,10000,0.05,none,91,0.7342756509780883,0.038757083884082034,-0.4464050233364105,0.06313877654943284,6850.0,111.16654172906523,612.5120971679687,27.999213279993786,612.5120971679687,27.999213279993786,5
10000,endpoint,10000,0.05,none,92,0.7341531872749328,0.03874152375181821,-0.446310818195343,0.06314048581527015,6849.0,109.52396997917853,613.9854370117188,28.07281729341838,613.9854370117188,28.07281729341838,5
10000,endpoint,10000,0.05,none,93,0.7341633915901185,0.038731478990682765,-0.4462024629116058,0.06312393722029236,6847.2,110.7573925297991,615.4363403320312,28.1382353443567,615.4363403320312,28.1382353443567,5
10000,endpoint,10000,0.05,none,94,0.7340919494628906,0.03878290494227695,-0.4460948884487152,0.06312290461936856,6846.6,111.71750086714256,616.87177734375,28.194629663642726,616.87177734375,28.194629663642726,5
10000,endpoint,10000,0.05,none,95,0.7340103030204773,0.0387303455405057,-0.4460066258907318,0.06312351890056221,6843.8,111.74837806429228,618.2888793945312,28.266720165729375,618.2888793945312,28.266720165729375,5
10000,endpoint,10000,0.05,none,96,0.733949077129364,0.03870251899530756,-0.44590453505516053,0.06311846923601488,6842.2,110.57440933597611,619.6897827148438,28.324286725077503,619.6897827148438,28.324286725077503,5
10000,endpoint,10000,0.05,none,97,0.7338674426078796,0.03872849689019281,-0.4458195626735687,0.0631132744662037,6839.8,109.86218639732235,621.0803466796875,28.387968389149147,621.0803466796875,28.387968389149147,5
10000,endpoint,10000,0.05,none,98,0.7338368177413941,0.038729143949433546,-0.4457066833972931,0.0631066192717981,6840.0,109.79070998950685,622.4485595703125,28.450491826883567,622.4485595703125,28.450491826883567,5
10000,endpoint,10000,0.05,none,99,0.7338062047958374,0.03870867884353269,-0.4456048011779785,0.0631041323554655,6838.2,109.51803504446197,623.8017456054688,28.513660546674267,623.8017456054688,28.513660546674267,5
10000,endpoint,10000,0.05,none,100,0.7337347626686096,0.03868955978387922,-0.4455270767211914,0.06311656577113915,6837.2,108.93667885519551,625.1473266601563,28.573622944311637,625.1473266601563,28.573622944311637,5
10000,endpoint,10000,0.05,none,101,0.7337347626686096,0.03865411372757283,-0.4454156219959259,0.06310040044731392,6835.4,109.2121788080432,626.4799926757812,28.631689918019777,626.4799926757812,28.631689918019777,5
10000,endpoint,10000,0.05,none,102,0.7336428999900818,0.03872716956611211,-0.44533527493476865,0.06310769817368926,6833.6,109.58695177802876,627.7958862304688,28.689265740317815,627.7958862304688,28.689265740317815,5
10000,endpoint,10000,0.05,none,103,0.7335306525230407,0.03867995699883972,-0.44522663950920105,0.06309693244247469,6832.4,109.22591267643406,629.0997314453125,28.751074788260166,629.0997314453125,28.751074788260166,5
10000,endpoint,10000,0.05,none,104,0.733571457862854,0.03869415971345002,-0.4451500833034515,0.06308700017994684,6831.2,111.43473426180906,630.3894897460938,28.81068238877597,630.3894897460938,28.81068238877597,5
10000,endpoint,10000,0.05,none,105,0.7334490060806275,0.03865557264870009,-0.44505742788314817,0.06308786831458202,6829.6,110.45044137530641,631.667919921875,28.86929334637916,631.667919921875,28.86929334637916,5
10000,endpoint,10000,0.05,none,106,0.7334490060806275,0.038594424481528014,-0.44496071338653564,0.06309326559001112,6829.0,110.38342266844238,632.9352294921875,28.925067789376506,632.9352294921875,28.925067789376506,5
10000,endpoint,10000,0.05,none,107,0.7333979725837707,0.038663101647650584,-0.4448974907398224,0.06308117750783379,6829.6,110.57033960334932,634.1861694335937,28.983694933177393,634.1861694335937,28.983694933177393,5
10000,endpoint,10000,0.05,none,108,0.7333163142204284,0.03865234868180762,-0.44478958249092104,0.06308489199560757,6828.4,109.66904759320198,635.4261474609375,29.040735618129872,635.4261474609375,29.040735618129872,5
10000,endpoint,10000,0.05,none,109,0.7332550883293152,0.03863918133275865,-0.44471144676208496,0.06308176778728504,6827.6,110.38931107675235,636.6570190429687,29.092914812742585,636.6570190429687,29.092914812742585,5
10000,endpoint,10000,0.05,none,110,0.7332448720932007,0.0386744977840355,-0.4446180760860443,0.06307144261594425,6826.4,110.33947616333874,637.8780029296875,29.150857776093556,637.8780029296875,29.150857776093556,5
10000,endpoint,10000,0.05,none,111,0.7331734418869018,0.038692777392439544,-0.4445513188838959,0.06307401908819979,6825.4,109.75563766841319,639.0863647460938,29.201927619840127,639.0863647460938,29.201927619840127,5
10000,endpoint,10000,0.05,none,112,0.7330713868141174,0.038645542583859924,-0.44446399211883547,0.0630724060529021,6824.0,109.87265355856297,640.2813110351562,29.258972150971356,640.2813110351562,29.258972150971356,5
10000,endpoint,10000,0.05,none,113,0.7330713868141174,0.03861429279331036,-0.444369250535965,0.06305627411061339,6822.0,109.65172137271718,641.47021484375,29.315555882430893,641.47021484375,29.315555882430893,5
10000,endpoint,10000,0.05,none,114,0.7330305695533752,0.038596394252558126,-0.44429793357849123,0.0630651503304241,6820.8,110.20299451466825,642.64794921875,29.368080188637922,642.64794921875,29.368080188637922,5
10000,endpoint,10000,0.05,none,115,0.7329897403717041,0.038561790468679934,-0.44422001838684083,0.06306155283110376,6820.4,108.45183262628622,643.8158569335938,29.421972197510367,643.8158569335938,29.421972197510367,5
10000,endpoint,10000,0.05,none,116,0.7329183101654053,0.03853714596914859,-0.44412376284599303,0.06306140408293144,6818.2,107.59739773804941,644.9749877929687,29.47531812124239,644.9749877929687,29.47531812124239,5
10000,endpoint,10000,0.05,none,117,0.7328876972198486,0.038593262707453654,-0.44405363202095033,0.06304850812842461,6817.2,107.91524452087388,646.1289672851562,29.525034652922745,646.1289672851562,29.525034652922745,5
10000,endpoint,10000,0.05,none,118,0.7328672766685486,0.03858653577122014,-0.4439805746078491,0.06304611031798131,6817.6,107.86241235944985,647.2668701171875,29.57867357800877,647.2668701171875,29.57867357800877,5
10000,endpoint,10000,0.05,none,119,0.7328468561172485,0.03863064538745257,-0.44390066862106325,0.06305929234076027,6815.8,107.46487798346025,648.3971069335937,29.632439946577804,648.3971069335937,29.632439946577804,5
10000,endpoint,10000,0.05,none,120,0.7328366756439209,0.03859764744360329,-0.4438034653663635,0.06304858505006151,6813.8,108.0680341266556,649.5237670898438,29.680912408620323,649.5237670898438,29.680912408620323,5
10000,endpoint,10000,0.05,none,121,0.732836651802063,0.03867691380203309,-0.4437484979629517,0.06304802670462191,6813.6,106.800280898507,650.635400390625,29.730768774557664,650.635400390625,29.730768774557664,5
10000,endpoint,10000,0.05,none,122,0.7327448129653931,0.03855258969721328,-0.44366509318351743,0.06305417773568024,6812.4,107.13682840181522,651.7379272460937,29.779630346351954,651.7379272460937,29.779630346351954,5
10000,endpoint,10000,0.05,none,123,0.7327345848083496,0.03858379825471348,-0.44357776641845703,0.06304453693437527,6810.8,106.39407878260894,652.8368408203125,29.828788811927875,652.8368408203125,29.828788811927875,5
10000,endpoint,10000,0.05,none,124,0.7326733589172363,0.03869532590922144,-0.4435028970241547,0.0630390147199423,6810.6,106.58939909765887,653.923974609375,29.881255087210494,653.923974609375,29.881255087210494,5
10000,endpoint,10000,0.05,none,125,0.7325406908988953,0.03859567007540973,-0.443426251411438,0.06304430242535343,6808.6,106.49319227067991,655.0042846679687,29.92431454846094,655.0042846679687,29.92431454846094,5
10000,endpoint,10000,0.05,none,126,0.7324998855590821,0.03857615228113837,-0.44337599277496337,0.06304361895415192,6808.2,106.28593509961702,656.0828735351563,29.975670749316276,656.0828735351563,29.975670749316276,5
10000,endpoint,10000,0.05,none,127,0.7324998855590821,0.03857912177506506,-0.44327335953712466,0.0630386294642588,6806.8,106.24123493258162,657.14775390625,30.021714694262826,657.14775390625,30.021714694262826,5
10000,endpoint,10000,0.05,none,128,0.7324386477470398,0.038576444414248776,-0.4432243824005127,0.06304658520329388,6806.0,107.92126759818937,658.2064331054687,30.067877187186063,658.2064331054687,30.067877187186063,5
10000,endpoint,10000,0.05,none,129,0.732367193698883,0.03855234872223226,-0.44312813878059387,0.063036610737525,6805.0,107.66382865196648,659.2628051757813,30.11532048285396,659.2628051757813,30.11532048285396,5
10000,endpoint,10000,0.05,none,130,0.7323569893836975,0.03859403767031333,-0.44307528138160707,0.06303163651677063,6804.0,106.36963852528596,660.3079345703125,30.16174295626853,660.3079345703125,30.16174295626853,5
10000,endpoint,10000,0.05,none,131,0.7322855591773987,0.0385576711672644,-0.4429849565029144,0.06303317459687147,6802.6,106.37339893037168,661.3451904296875,30.207557192632276,661.3451904296875,30.207557192632276,5
10000,endpoint,10000,0.05,none,132,0.732254934310913,0.03855765729712202,-0.44292948246002195,0.06302747855254537,6802.4,107.32800193798448,662.3774291992188,30.25518233882782,662.3774291992188,30.25518233882782,5
10000,endpoint,10000,0.05,none,133,0.7322141170501709,0.03855116437880106,-0.4428545594215393,0.06303838502031492,6799.8,107.20401111898752,663.3987915039063,30.299627431436537,663.3987915039063,30.299627431436537,5
10000,endpoint,10000,0.05,none,134,0.7321937084197998,0.038498992322240765,-0.44279887080192565,0.06303117304703762,6799.0,106.59033727313185,664.4193603515625,30.34314711124168,664.4193603515625,30.34314711124168,5
10000,endpoint,10000,0.05,none,135,0.7321324706077575,0.03854842379502454,-0.44271581768989565,0.06302198806675909,6798.4,107.48627819400949,665.4300415039063,30.390143605644884,665.4300415039063,30.390143605644884,5
10000,endpoint,10000,0.05,none,136,0.7320916414260864,0.03855088313465478,-0.4426474332809448,0.06301902363135649,6797.4,108.19103474872583,666.4358032226562,30.43337022658648,666.4358032226562,30.43337022658648,5
10000,endpoint,10000,0.05,none,137,0.7320508241653443,0.038495136428416024,-0.44257837533950806,0.0630116350642048,6797.8,108.31297244559397,667.4341918945313,30.47952121386613,667.4341918945313,30.47952121386613,5
10000,endpoint,10000,0.05,none,138,0.7320916414260864,0.038454749448423975,-0.4424969553947449,0.06301065141707997,6797.0,109.01146728670338,668.4276245117187,30.52499709952972,668.4276245117187,30.52499709952972,5
10000,endpoint,10000,0.05,none,139,0.7320099949836731,0.03848763709319354,-0.44245837926864623,0.06300326112765034,6795.6,108.72120308385112,669.4118530273438,30.566387334043846,669.4118530273438,30.566387334043846,5
10000,endpoint,10000,0.05,none,140,0.7320304036140441,0.038463212482446336,-0.44236973524093626,0.06300596482855159,6794.4,107.86704779495915,670.3932739257813,30.610740683354027,670.3932739257813,30.610740683354027,5
10000,endpoint,10000,0.05,none,141,0.7319691777229309,0.03841181902168727,-0.44232586622238157,0.06300615908792065,6794.0,107.35455276791944,671.3679443359375,30.65379995973244,671.3679443359375,30.65379995973244,5
10000,endpoint,10000,0.05,none,142,0.7319385647773743,0.03842943430425472,-0.4422352254390717,0.06299351709826771,6793.2,108.47903023165352,672.3389892578125,30.697705251755924,672.3389892578125,30.697705251755924,5
10000,endpoint,10000,0.05,none,143,0.7318671226501465,0.03840859560270781,-0.4421856701374054,0.06300129665473163,6791.2,107.54859366816471,673.3005737304687,30.741832223533386,673.3005737304687,30.741832223533386,5
10000,endpoint,10000,0.05,none,144,0.7319385647773743,0.038376084246061766,-0.4421041011810303,0.06299146939640464,6790.8,107.53464557992461,674.2570922851562,30.78465943202424,674.2570922851562,30.78465943202424,5
10000,endpoint,10000,0.05,none,145,0.7318364977836609,0.03842082161463968,-0.44205750823020934,0.06300801968585555,6789.6,106.37339893037168,675.2109619140625,30.827512936411942,675.2109619140625,30.827512936411942,5
10000,endpoint,10000,0.05,none,146,0.7318875432014466,0.03836871745775547,-0.44197404384613037,0.0629896298483476,6788.4,106.90088867731643,676.1588012695313,30.87015518406855,676.1588012695313,30.87015518406855,5
10000,endpoint,10000,0.05,none,147,0.7318262934684754,0.038432766504619055,-0.44191997647285464,0.06298973154274846,6787.0,106.96494752955287,677.1016723632813,30.91280459197482,677.1016723632813,30.91280459197482,5
10000,endpoint,10000,0.05,none,148,0.7318365097045898,0.038437288600621254,-0.44183809161186216,0.06297953012624666,6785.4,106.62457502846142,678.0372192382813,30.956417466387595,678.0372192382813,30.956417466387595,5
10000,endpoint,10000,0.05,none,149,0.7318263173103332,0.038441071770651834,-0.4418042480945587,0.06298427261275409,6785.8,106.88638828213816,678.9704956054687,30.993616668530397,678.9704956054687,30.993616668530397,5
10000,endpoint,10000,0.1,accuracy_drop_selector_with_resampling,-1,0.7678624391555786,0.038630936334284466,-0.5034046530723572,0.06379191930079747,0.0,0.0,0.0,0.0,0.0,0.0,5
10000,endpoint,10000,0.1,accuracy_drop_selector_with_resampling,0,0.7676787376403809,0.03862922677786543,-0.5034136891365051,0.0637964168898434,5147.8,354.76146915920845,7.773693943023682,2.5777236237135566,7.773693943023682,2.5777236237135566,5
10000,endpoint,10000,0.1,accuracy_drop_selector_with_resampling,1,0.7667908430099487,0.038842431522893406,-0.5030974626541138,0.06386699421712652,6745.6,193.12638349019016,19.483369445800783,4.8408307088232725,19.483369445800783,4.8408307088232725,5
10000,endpoint,10000,0.1,accuracy_drop_selector_with_resampling,2,0.76538245677948,0.038934014376990296,-0.5019301772117615,0.06426562708343535,6483.2,198.62955469919373,33.29837837219238,4.861914994040214,33.29837837219238,4.861914994040214,5
10000,endpoint,10000,0.1,accuracy_drop_selector_with_resampling,3,0.7638618230819703,0.03892612434685165,-0.5000466108322144,0.06446495933114248,6373.4,337.5356277491311,50.41873779296875,5.040154920735188,50.41873779296875,5.040154920735188,5
10000,endpoint,10000,0.1,accuracy_drop_selector_with_resampling,4,0.7620350122451782,0.03905910766560759,-0.4976287603378296,0.06455298220328982,6346.0,336.29823074170343,70.20203323364258,5.813885441970789,70.20203323364258,5.813885441970789,5
10000,endpoint,10000,0.1,accuracy_drop_selector_with_resampling,5,0.7599122166633606,0.03891776779246465,-0.4949083924293518,0.06442593567285247,6370.4,272.3826352761864,91.8780746459961,7.152082427413653,91.8780746459961,7.152082427413653,5
10000,endpoint,10000,0.1,accuracy_drop_selector_with_resampling,6,0.758095633983612,0.0389371140206035,-0.4920125365257263,0.064253330490747,6356.6,228.87070585813294,114.79677886962891,8.653084654023306,114.79677886962891,8.653084654023306,5
10000,endpoint,10000,0.1,accuracy_drop_selector_with_resampling,7,0.7562178015708924,0.038931262875020085,-0.4890270113945007,0.06409144963565656,6304.6,221.88803482837915,138.34136352539062,10.288983196577803,138.34136352539062,10.288983196577803,5
10000,endpoint,10000,0.1,accuracy_drop_selector_with_resampling,8,0.754666531085968,0.03893258592709391,-0.4860478341579437,0.06403751313761222,6289.0,224.0200883849482,162.43071899414062,11.894963504242508,162.43071899414062,11.894963504242508,5
10000,endpoint,10000,0.1,accuracy_drop_selector_with_resampling,9,0.7530336260795594,0.03897299110050668,-0.48309494853019713,0.06397986070173738,6248.8,236.49355170913222,186.80111694335938,13.463185113615912,186.80111694335938,13.463185113615912,5
10000,endpoint,10000,0.1,accuracy_drop_selector_with_resampling,10,0.7515334010124206,0.03913677562585419,-0.4801716387271881,0.06394354292973237,6228.0,229.96738899243954,211.2150390625,15.155686876920797,211.2150390625,15.155686876920797,5
10000,endpoint,10000,0.1,accuracy_drop_selector_with_resampling,11,0.7497984528541565,0.039444549250513154,-0.47731693387031554,0.06392083475317491,6154.4,204.91534837585982,235.59849548339844,16.698910790975823,235.59849548339844,16.698910790975823,5
10000,endpoint,10000,0.1,accuracy_drop_selector_with_resampling,12,0.7482675909996033,0.03948489254764084,-0.4745546460151672,0.06391750944596929,6152.8,210.16469732093447,259.92079162597656,18.237496064578647,259.92079162597656,18.237496064578647,5
10000,endpoint,10000,0.1,accuracy_drop_selector_with_resampling,13,0.746716320514679,0.0395771069925891,-0.47188796997070315,0.06390448980781274,6127.0,224.5206003911445,283.94712524414064,19.795720087515587,283.94712524414064,19.795720087515587,5
10000,endpoint,10000,0.1,accuracy_drop_selector_with_resampling,14,0.7452467203140258,0.03932782352137649,-0.4693460762500763,0.06388847721222772,6103.0,228.28819505178097,307.803466796875,21.334530684971252,307.803466796875,21.334530684971252,5
10000,endpoint,10000,0.1,accuracy_drop_selector_with_resampling,15,0.7438281297683715,0.039457352449288864,-0.46689056158065795,0.0638813296930152,6081.4,181.54971770840075,331.3196655273438,22.85138156926632,331.3196655273438,22.85138156926632,5
10000,endpoint,10000,0.1,accuracy_drop_selector_with_resampling,16,0.7424299836158752,0.03939716183419218,-0.46453514099121096,0.06391603060976306,6051.6,223.40389432594947,354.471728515625,24.442594043757506,354.471728515625,24.442594043757506,5
10000,endpoint,10000,0.1,accuracy_drop_selector_with_resampling,17,0.741123640537262,0.039545407748626374,-0.46225557923316957,0.06395397253450412,6028.6,211.91814457473905,377.26051025390626,25.97425532282207,377.26051025390626,25.97425532282207,5
10000,endpoint,10000,0.1,accuracy_drop_selector_with_resampling,18,0.7399601936340332,0.039462140402136754,-0.4600768268108368,0.06390869180607518,6002.6,188.21078608836424,399.7371459960938,27.618534256986987,399.7371459960938,27.618534256986987,5
10000,endpoint,10000,0.1,accuracy_drop_selector_with_resampling,19,0.7387355208396912,0.03964099217871037,-0.4579577028751373,0.06388074772046122,5968.0,210.23201468853406,421.9099487304687,29.324997241373815,421.9099487304687,29.324997241373815,5
10000,endpoint,10000,0.1,accuracy_drop_selector_with_resampling,20,0.7375108361244201,0.03949276301307058,-0.45595585703849795,0.06385197848924604,5967.8,202.85881790052903,443.75302734375,31.06225535068823,443.75302734375,31.06225535068823,5
10000,endpoint,10000,0.1,accuracy_drop_selector_with_resampling,21,0.7364290595054627,0.039324390301650865,-0.4540097892284393,0.06384589123137817,5939.6,213.4919202218201,465.2659912109375,32.84569136678817,465.2659912109375,32.84569136678817,5
10000,endpoint,10000,0.1,accuracy_drop_selector_with_resampling,22,0.7354084730148316,0.039249582504201984,-0.4521847367286682,0.0638750903144269,5920.8,200.09922538580702,486.50828247070314,34.523910006427876,486.50828247070314,34.523910006427876,5
10000,endpoint,10000,0.1,accuracy_drop_selector_with_resampling,23,0.7343776941299438,0.03908595940918846,-0.4503993093967438,0.06387615811078558,5934.2,210.24675978478243,507.5769409179687,36.25677432913769,507.5769409179687,36.25677432913769,5
10000,endpoint,10000,0.1,accuracy_drop_selector_with_resampling,24,0.7332857012748718,0.03919508780523308,-0.4486748218536377,0.06388023343730345,5897.0,208.28586125803162,528.3167114257812,38.03969762808178,528.3167114257812,38.03969762808178,5
10000,endpoint,10000,0.1,accuracy_drop_selector_with_resampling,25,0.7323365807533264,0.039244861788090286,-0.4469744384288788,0.06392605110523479,5914.4,214.28555714279952,548.8872924804688,39.74964227918418,548.8872924804688,39.74964227918418,5
10000,endpoint,10000,0.1,accuracy_drop_selector_with_resampling,26,0.7312854051589965,0.03905587467958832,-0.4453276813030243,0.06395028120640837,5872.8,209.41394413935285,569.17314453125,41.521393617965686,569.17314453125,41.521393617965686,5
10000,endpoint,10000,0.1,accuracy_drop_selector_with_resampling,27,0.73042813539505,0.03902961108516342,-0.44371447563171384,0.06397145760926513,5858.0,188.2299126068968,589.2767822265625,43.26243288202919,589.2767822265625,43.26243288202919,5
10000,endpoint,10000,0.1,accuracy_drop_selector_with_resampling,28,0.7295096278190613,0.03903448174970219,-0.44217056035995483,0.06397647659181042,5853.8,190.68481848327622,609.1221923828125,45.00815690894934,609.1221923828125,45.00815690894934,5
10000,endpoint,10000,0.1,accuracy_drop_selector_with_resampling,29,0.7287748098373413,0.03914143516584134,-0.4406636834144592,0.06400199586723472,5849.4,204.75546390755974,628.7400268554687,46.739943638356785,628.7400268554687,46.739943638356785,5
10000,endpoint,10000,0.1,accuracy_drop_selector_with_resampling,30,0.7279583573341369,0.03904530943305216,-0.43919460773468016,0.06402798700145425,5824.0,177.4387218168571,648.0742553710937,48.51265849961691,648.0742553710937,48.51265849961691,5
10000,endpoint,10000,0.1,accuracy_drop_selector_with_resampling,31,0.7272337555885315,0.039071195073278504,-0.437770676612854,0.06406408119149581,5838.4,188.5637823125109,667.187646484375,50.29807463663219,667.187646484375,50.29807463663219,5
10000,endpoint,10000,0.1,accuracy_drop_selector_with_resampling,32,0.7263560771942139,0.03913083797172008,-0.4364022672176361,0.06409020824956788,5827.6,194.11542957735224,686.070751953125,51.9922431437032,686.0706298828125,51.99238167051188,5
10000,endpoint,10000,0.1,accuracy_drop_selector_with_resampling,33,0.725417149066925,0.03898630399706202,-0.4350580394268036,0.06411243777960768,5808.2,210.50106888089667,704.7984375,53.76169749621028,704.7942016601562,53.76653952198761,5
10000,endpoint,10000,0.1,accuracy_drop_selector_with_resampling,34,0.7247231721878051,0.039033270933866555,-0.4337596297264099,0.06411603103673232,5822.8,208.59817832378116,723.279443359375,55.62795211017792,723.2752075195312,55.632826775298035,5
10000,endpoint,10000,0.1,accuracy_drop_selector_with_resampling,35,0.7240496039390564,0.03914984707699328,-0.43247524499893186,0.06413248196916206,5779.8,196.96497150508768,741.6229370117187,57.4261784844587,741.6186767578125,57.43111744962652,5
10000,endpoint,10000,0.1,accuracy_drop_selector_with_resampling,36,0.7233351945877076,0.039176272434594046,-0.43123562932014464,0.06414305969189814,5785.8,189.08913242172326,759.8317749023438,59.1237247236604,759.8275268554687,59.128675416977934,5
10000,endpoint,10000,0.1,accuracy_drop_selector_with_resampling,37,0.7224166989326477,0.039133936820279304,-0.4300069034099579,0.06417545674340723,5784.6,197.1136727880641,777.8518676757812,60.822314041936465,777.8476196289063,60.82729511094786,5
10000,endpoint,10000,0.1,accuracy_drop_selector_with_resampling,38,0.7218451976776123,0.039057735942300255,-0.4288125574588776,0.06418441630492024,5811.4,180.20210875569686,795.7286499023437,62.5455856359555,795.7243896484375,62.550605231457126,5
10000,endpoint,10000,0.1,accuracy_drop_selector_with_resampling,39,0.7212226390838623,0.03892880317286567,-0.42762118577957153,0.06418751815363988,5777.8,187.2784023853258,813.40087890625,64.23348527429062,813.3966186523437,64.23852799733547,5
10000,endpoint,10000,0.1,accuracy_drop_selector_with_resampling,40,0.7204980373382568,0.03884216405987061,-0.42645469307899475,0.06419371687002802,5782.4,204.87874462715746,831.008251953125,65.88672186765326,831.0039916992188,65.89178534774373,5
10000,endpoint,10000,0.1,accuracy_drop_selector_with_resampling,41,0.7198040604591369,0.038997924099263864,-0.4253047287464142,0.06420341956948605,5778.4,178.4118830123151,848.4289916992187,67.5850802612734,848.4247314453125,67.59016815907539,5
10000,endpoint,10000,0.1,accuracy_drop_selector_with_resampling,42,0.719069242477417,0.039036685691354184,-0.42418553233146666,0.0641940098459366,5749.2,174.54283141968335,865.6335571289062,69.28045566669246,865.629296875,69.28555892324704,5
10000,endpoint,10000,0.1,accuracy_drop_selector_with_resampling,43,0.7186099886894226,0.03893225846281608,-0.4230983853340149,0.06419064189383697,5768.8,177.0725839874711,882.7074096679687,70.99049330630638,882.7015991210938,70.99747939251745,5
10000,endpoint,10000,0.1,accuracy_drop_selector_with_resampling,44,0.7180997133255005,0.03901137557217449,-0.42203248739242555,0.06419281723579259,5769.6,196.53193124782547,899.6315673828125,72.75049581993969,899.62421875,72.75935644999538,5
10000,endpoint,10000,0.1,accuracy_drop_selector_with_resampling,45,0.7175077795982361,0.03894299275386782,-0.42097132802009585,0.0642065841846266,5743.4,210.03523513924992,916.3890991210938,74.42230374473587,916.3817504882812,74.43118512009165,5
10000,endpoint,10000,0.1,accuracy_drop_selector_with_resampling,46,0.7170077085494995,0.039005965471398216,-0.41995473504066466,0.06420123449832296,5764.6,185.2438932866614,933.0151733398437,76.11007063374146,933.0078247070312,76.11899034387504,5
10000,endpoint,10000,0.1,accuracy_drop_selector_with_resampling,47,0.7163545489311218,0.03898017509018652,-0.4189375638961792,0.06417555690010371,5759.0,181.37392315324715,949.4839721679688,77.75221157835469,949.4751342773437,77.7609985014384,5
10000,endpoint,10000,0.1,accuracy_drop_selector_with_resampling,48,0.7158340573310852,0.0388915600907052,-0.41796545386314393,0.0641793294402392,5745.6,179.7715216601339,965.7792236328125,79.3935687877575,965.7682983398438,79.40061213370701,5
10000,endpoint,10000,0.1,accuracy_drop_selector_with_resampling,49,0.7152421236038208,0.03908182642243952,-0.4169985711574554,0.06417835580389454,5732.4,179.45138617464062,981.9478393554688,80.93735425627825,981.9369506835938,80.94442099079458,5
10000,endpoint,10000,0.1,accuracy_drop_selector_with_resampling,50,0.7146399736404419,0.03904940924121119,-0.4160565435886383,0.06416729099069951,5727.0,180.66682041813877,998.349853515625,82.53414785551183,998.3375366210937,82.53837913008684,5
10000,endpoint,10000,0.1,accuracy_drop_selector_with_resampling,51,0.7141807436943054,0.03899205429355645,-0.4151077151298523,0.06416276154522427,5717.4,176.9118424526747,1009.7840576171875,83.64657529259982,1009.7704467773438,83.64570697521863,5
10000,endpoint,10000,0.1,accuracy_drop_selector_with_resampling,52,0.7138745784759521,0.03902866628504349,-0.4144501805305481,0.06416742042040961,5716.8,178.8859972161041,1019.13857421875,84.57059175050544,1019.1264038085938,84.56999646268736,5
10000,endpoint,10000,0.1,accuracy_drop_selector_with_resampling,53,0.7136092185974121,0.03900663308456865,-0.4139160752296448,0.06414747964122133,5715.6,183.60773404189706,1027.2006103515625,85.39619323407408,1027.1890991210937,85.39576958193419,5
10000,endpoint,10000,0.1,accuracy_drop_selector_with_resampling,54,0.7133847117424011,0.038945592618153446,-0.4134414553642273,0.06415349982793321,5710.8,184.24223185795378,1034.3780883789063,86.13083229556285,1034.3678344726563,86.13045880935533,5
10000,endpoint,10000,0.1,accuracy_drop_selector_with_resampling,55,0.71321120262146,0.03893784654601373,-0.4130378246307373,0.06413738649531148,5703.6,184.76958624189209,1040.9101684570312,86.82385741907909,1040.9007446289063,86.82348123236234,5
10000,endpoint,10000,0.1,accuracy_drop_selector_with_resampling,56,0.7130070924758911,0.03895743823864496,-0.41266449093818663,0.06413346054645025,5701.6,189.29157403328867,1046.9273803710937,87.44914583563613,1046.9171264648437,87.44818860438255,5
10000,endpoint,10000,0.1,accuracy_drop_selector_with_resampling,57,0.71283358335495,0.038966373649657035,-0.4123224079608917,0.06411493721381613,5699.6,187.3614154515278,1052.536474609375,88.04264316151675,1052.5264038085938,88.04211602808259,5
10000,endpoint,10000,0.1,accuracy_drop_selector_with_resampling,58,0.7125682592391968,0.03895512513773464,-0.4120086133480072,0.06410778046403459,5694.8,189.29791335352854,1057.8131591796875,88.61120453956053,1057.8025268554688,88.61043385871682,5
10000,endpoint,10000,0.1,accuracy_drop_selector_with_resampling,59,0.7124151706695556,0.03887331344651232,-0.4117030560970306,0.064100209077785,5692.2,191.20590995050335,1062.8237060546876,89.13506719338987,1062.81357421875,89.13433419719235,5
10000,endpoint,10000,0.1,accuracy_drop_selector_with_resampling,60,0.7122824907302856,0.038961378899275416,-0.4114291131496429,0.06408562810130287,5687.0,192.4162155328911,1067.56953125,89.64765901728691,1067.5598510742188,89.64693323713777,5
10000,endpoint,10000,0.1,accuracy_drop_selector_with_resampling,61,0.7120885848999023,0.039058469819573644,-0.4111600279808044,0.0640733856974961,5686.8,195.1453304591222,1072.1167724609375,90.13758156234734,1072.107470703125,90.13678890682644,5
10000,endpoint,10000,0.1,accuracy_drop_selector_with_resampling,62,0.7119661211967468,0.03902404405704797,-0.41090063452720643,0.06406318126373473,5685.2,194.24134472351656,1076.475830078125,90.59337513749209,1076.4669677734375,90.59264637134055,5
10000,endpoint,10000,0.1,accuracy_drop_selector_with_resampling,63,0.7117926120758057,0.03914231195275945,-0.4106616675853729,0.06405895907662489,5680.6,195.58834321093883,1080.6577514648438,91.0425747308271,1080.6492553710937,91.04188592855402,5
10000,endpoint,10000,0.1,accuracy_drop_selector_with_resampling,64,0.7117109775543213,0.039153528054589666,-0.41043367981910706,0.06403998478277399,5677.8,193.1623669351771,1084.6850219726562,91.4719808582391,1084.6767578125,91.47135600448642,5
10000,endpoint,10000,0.1,accuracy_drop_selector_with_resampling,65,0.7115680932998657,0.039153990272119785,-0.41020225286483764,0.0640344713556964,5674.2,195.39370511866548,1088.5871704101562,91.89210300292324,1088.5791259765624,91.89148101759613,5
10000,endpoint,10000,0.1,accuracy_drop_selector_with_resampling,66,0.7113945960998536,0.03911100348366598,-0.40997653007507323,0.06402273673876949,5669.4,194.14376116682195,1092.3641723632813,92.30775348677926,1092.3564575195312,92.307126894006,5
10000,endpoint,10000,0.1,accuracy_drop_selector_with_resampling,67,0.7113129615783691,0.03908335468721234,-0.40976940989494326,0.06400937482464206,5663.4,195.27365413695725,1096.0228149414063,92.70143395961843,1096.015283203125,92.70084214326778,5
10000,endpoint,10000,0.1,accuracy_drop_selector_with_resampling,68,0.7111190438270569,0.03909650804783136,-0.40956389904022217,0.06400774004589484,5662.0,195.386795869117,1099.5808349609374,93.08562529801694,1099.57353515625,93.08507760309868,5
10000,endpoint,10000,0.1,accuracy_drop_selector_with_resampling,69,0.7110170006752015,0.039116133068465904,-0.4093639612197876,0.06400201970089646,5659.0,196.17339269126177,1103.035986328125,93.46563723225695,1103.0283813476562,93.46511434213045,5
10000,endpoint,10000,0.1,accuracy_drop_selector_with_resampling,70,0.7109455585479736,0.03921459956810236,-0.40916616916656495,0.06398473910237772,5655.8,193.669047604412,1106.4031005859374,93.8361281526652,1106.3953002929688,93.83603591895918,5
10000,endpoint,10000,0.1,accuracy_drop_selector_with_resampling,71,0.7108639121055603,0.03926458169168333,-0.4089760482311249,0.0639902152760351,5654.0,194.68821227799077,1109.688916015625,94.20131299261642,1109.6812255859375,94.20125868752312,5
10000,endpoint,10000,0.1,accuracy_drop_selector_with_resampling,72,0.7107516407966614,0.0392428600991367,-0.40880508422851564,0.06397226828547005,5650.2,193.8122803126778,1112.8869873046874,94.54698833632307,1112.8791137695312,94.54624379561511,5
10000,endpoint,10000,0.1,accuracy_drop_selector_with_resampling,73,0.7106291890144348,0.03924675432090289,-0.4086203038692474,0.06396101401200911,5649.8,194.20659103130356,1116.0188354492188,94.89108532885867,1116.01083984375,94.89037463583692,5
10000,endpoint,10000,0.1,accuracy_drop_selector_with_resampling,74,0.7106087803840637,0.03926234060217573,-0.4084455072879791,0.06395285542841665,5646.8,193.33830453378866,1119.0799072265625,95.23499492433325,1119.0719970703126,95.23426576516582,5
10000,endpoint,10000,0.1,accuracy_drop_selector_with_resampling,75,0.7106087803840637,0.03932078374189167,-0.40827634930610657,0.06395544393798705,5643.2,192.9914505878434,1122.0750732421875,95.56738333811671,1122.066943359375,95.5660976157242,5
10000,endpoint,10000,0.1,accuracy_drop_selector_with_resampling,76,0.7104148507118225,0.039219665167882514,-0.4081120193004608,0.06392996471037402,5640.6,193.72867624592905,1125.0072021484375,95.89134569314504,1124.999365234375,95.8900471127411,5
10000,endpoint,10000,0.1,accuracy_drop_selector_with_resampling,77,0.7103434085845948,0.0392386470158058,-0.40794862508773805,0.06393392864468564,5638.6,194.3200967476087,1127.8868896484375,96.21279285237998,1127.8791015625,96.21155958298245,5
10000,endpoint,10000,0.1,accuracy_drop_selector_with_resampling,78,0.710180127620697,0.039171938471676486,-0.40779644846916197,0.06393015720561966,5636.8,192.46220408173653,1130.7042236328125,96.53596244233492,1130.6965087890626,96.5347216164341,5
10000,endpoint,10000,0.1,accuracy_drop_selector_with_resampling,79,0.7101393103599548,0.03919710380934979,-0.40764297246932985,0.06391738965929707,5633.2,191.88981213185863,1133.468017578125,96.8477968934533,1133.4602783203125,96.84653653331596,5
10000,endpoint,10000,0.1,accuracy_drop_selector_with_resampling,80,0.7100882768630982,0.039195373026618366,-0.4075014054775238,0.06391121284314817,5630.8,193.27881415199133,1136.1842041015625,97.15401370473117,1136.1763916015625,97.15267878965415,5
10000,endpoint,10000,0.1,accuracy_drop_selector_with_resampling,81,0.7100270390510559,0.03915360166108119,-0.40734897255897523,0.06391021062432069,5629.4,193.19239115451725,1138.860888671875,97.45820875466784,1138.8529052734375,97.45696476379008,5
10000,endpoint,10000,0.1,accuracy_drop_selector_with_resampling,82,0.7100372552871704,0.03925706882282877,-0.40720940232276914,0.06389665715773099,5627.0,192.99870465886553,1141.4865234375,97.7585409381862,1141.4783935546875,97.75768131333271,5
10000,endpoint,10000,0.1,accuracy_drop_selector_with_resampling,83,0.7099249958992004,0.039290260859050866,-0.407064288854599,0.06389254700453427,5624.6,192.4923375098344,1144.06796875,98.04707913682971,1144.060009765625,98.04625127755827,5
10000,endpoint,10000,0.1,accuracy_drop_selector_with_resampling,84,0.7098535418510437,0.03916760071637814,-0.40692800283432007,0.06388139610484207,5622.6,192.25321843859987,1146.6132080078125,98.32917630061569,1146.605322265625,98.32837320772586,5
10000,endpoint,10000,0.1,accuracy_drop_selector_with_resampling,85,0.7097310781478882,0.039140779049445684,-0.40679123997688293,0.0638721993327014,5620.8,190.57728091249493,1149.106884765625,98.62746442370708,1149.0988525390626,98.62664401242789,5
10000,endpoint,10000,0.1,accuracy_drop_selector_with_resampling,86,0.7097412943840027,0.03910838612017853,-0.4066526353359222,0.06385412510171815,5619.0,191.4223079998776,1151.5681640625,98.91043026244658,1151.560009765625,98.90952087366398,5
10000,endpoint,10000,0.1,accuracy_drop_selector_with_resampling,87,0.7095983982086181,0.03901838310942108,-0.40652852058410643,0.06384966166572514,5618.8,191.2425161934448,1153.995751953125,99.19681777859016,1153.9875244140626,99.19616881143119,5
10000,endpoint,10000,0.1,accuracy_drop_selector_with_resampling,88,0.7094963550567627,0.03906408032327537,-0.4063999831676483,0.06385321395567875,5616.8,192.33226458397456,1156.3860107421874,99.47395306643513,1156.3779052734376,99.4733949934325,5
10000,endpoint,10000,0.1,accuracy_drop_selector_with_resampling,89,0.7094249129295349,0.03901994061504973,-0.4062662422657013,0.0638367840824471,5613.0,190.88609168821074,1158.74521484375,99.74897475381243,1158.737109375,99.74845674129584,5
10000,endpoint,10000,0.1,accuracy_drop_selector_with_resampling,90,0.7093738794326783,0.039005416133450065,-0.40614882707595823,0.06382714983571712,5612.0,189.59825948568198,1161.06572265625,100.02254682953432,1161.0574462890625,100.02217577167002,5
10000,endpoint,10000,0.1,accuracy_drop_selector_with_resampling,91,0.7093636751174927,0.038942514286746006,-0.40601767897605895,0.06382532909362645,5610.6,190.7270300717756,1163.3566650390626,100.29643765477634,1163.3481201171876,100.29545861944642,5
10000,endpoint,10000,0.1,accuracy_drop_selector_with_resampling,92,0.7093024373054504,0.03890139675628873,-0.4058937668800354,0.06381490630382014,5610.2,189.88733501737286,1165.6218505859374,100.56519764227112,1165.6133056640624,100.56423939238749,5
10000,endpoint,10000,0.1,accuracy_drop_selector_with_resampling,93,0.7092310070991517,0.03886831255941943,-0.4057853877544403,0.06380498704392581,5609.6,190.9850779511321,1167.8565185546875,100.82732087856125,1167.847509765625,100.82640268277848,5
10000,endpoint,10000,0.1,accuracy_drop_selector_with_resampling,94,0.7091901898384094,0.03884729240180976,-0.40566365122795106,0.0638013338132672,5608.2,191.93019564414558,1170.0624267578125,101.08899088966,1170.053271484375,101.08815557856883,5
10000,endpoint,10000,0.1,accuracy_drop_selector_with_resampling,95,0.7091391563415528,0.03883716991572908,-0.4055491805076599,0.06379267601327923,5605.6,192.96450450795348,1172.238525390625,101.3443826602514,1172.2291748046875,101.34315349773546,5
10000,endpoint,10000,0.1,accuracy_drop_selector_with_resampling,96,0.7090983271598816,0.03877835669989942,-0.4054348826408386,0.06378551856695389,5603.2,192.32706517804507,1174.3942626953126,101.60084911234581,1174.3850830078125,101.59958079705491,5
10000,endpoint,10000,0.1,accuracy_drop_selector_with_resampling,97,0.7091187477111817,0.03879761697330606,-0.40532169342041013,0.0637773944339622,5600.8,193.7800299308471,1176.5212890625,101.85549835269019,1176.512060546875,101.85424981867862,5
10000,endpoint,10000,0.1,accuracy_drop_selector_with_resampling,98,0.7090064883232117,0.038702510644990126,-0.4052167356014252,0.06377569222635683,5599.0,193.9793803474998,1178.623193359375,102.10256779724776,1178.6139404296875,102.10128657534094,5
10000,endpoint,10000,0.1,accuracy_drop_selector_with_resampling,99,0.7089350342750549,0.038698669158912895,-0.40509688258171084,0.0637754239375887,5599.6,194.89817854459287,1180.7074951171876,102.35040119552693,1180.6981201171875,102.34907105619881,5
10000,endpoint,10000,0.1,accuracy_drop_selector_with_resampling,100,0.7088942170143128,0.038721946844808,-0.4049977779388428,0.06375276476520737,5597.2,195.61492785572372,1182.7565185546875,102.59147898051233,1182.747216796875,102.59024558803293,5
10000,endpoint,10000,0.1,accuracy_drop_selector_with_resampling,101,0.7088738083839417,0.038778518913295264,-0.4048715651035309,0.06373983001512454,5594.8,195.0274339676344,1184.79033203125,102.83422445664915,1184.7810302734374,102.83291363414166,5
10000,endpoint,10000,0.1,accuracy_drop_selector_with_resampling,102,0.7087819576263428,0.03872057739829622,-0.40476408004760744,0.06373836301762763,5594.8,196.68807793051414,1186.8009521484375,103.07387241610812,1186.7916015625,103.07252152454012,5
10000,endpoint,10000,0.1,accuracy_drop_selector_with_resampling,103,0.708710515499115,0.038789123795564505,-0.40466715693473815,0.06373186910938128,5592.4,195.8272197627286,1188.7875,103.30651689544764,1188.7783203125,103.30516946288982,5
10000,endpoint,10000,0.1,accuracy_drop_selector_with_resampling,104,0.7086492896080017,0.03870609094734098,-0.4045600712299347,0.06372793805181313,5591.8,197.43277336855704,1190.7520263671875,103.54521374507424,1190.7428955078126,103.5439267008383,5
10000,endpoint,10000,0.1,accuracy_drop_selector_with_resampling,105,0.7085676312446594,0.038666917695295344,-0.4044522702693939,0.06370425668662602,5590.2,194.8504554780409,1192.706201171875,103.77406043044697,1192.6970458984374,103.77256787749982,5
10000,endpoint,10000,0.1,accuracy_drop_selector_with_resampling,106,0.7085166096687316,0.03864267040324211,-0.4043423533439636,0.0637082453471478,5588.8,195.74268824147686,1194.6331298828125,104.00270955670102,1194.623876953125,104.00086004176403,5
10000,endpoint,10000,0.1,accuracy_drop_selector_with_resampling,107,0.7084859848022461,0.038638188641318856,-0.40425034761428835,0.06369571331655714,5587.0,196.37082267994907,1196.5395751953124,104.2309570506715,1196.53037109375,104.22908087136891,5
10000,endpoint,10000,0.1,accuracy_drop_selector_with_resampling,108,0.7084451675415039,0.03864671300383301,-0.40415058135986326,0.06368785127102143,5586.2,196.94339288232038,1198.430859375,104.45163536188643,1198.4216064453126,104.44995106471356,5
10000,endpoint,10000,0.1,accuracy_drop_selector_with_resampling,109,0.7083941340446472,0.038640327569590634,-0.4040476858615875,0.06368065498613099,5584.2,196.73255958280012,1200.30537109375,104.67711203714612,1200.296044921875,104.67551234650247,5
10000,endpoint,10000,0.1,accuracy_drop_selector_with_resampling,110,0.7082920908927918,0.0385671859915746,-0.4039548635482788,0.06367951462628696,5583.6,197.60389672271143,1202.159619140625,104.9032590585954,1202.150390625,104.90168086833108,5
10000,endpoint,10000,0.1,accuracy_drop_selector_with_resampling,111,0.7082002282142639,0.038572027869692604,-0.4038546681404114,0.06367113104034614,5582.4,197.58491845280093,1204.000634765625,105.12352079850197,1203.9915283203125,105.12205810524124,5
10000,endpoint,10000,0.1,accuracy_drop_selector_with_resampling,112,0.7081696152687073,0.03851553106271587,-0.403764009475708,0.06367110339029008,5582.0,197.1205215090504,1205.817626953125,105.3408511480682,1205.8085205078125,105.33923707617518,5
10000,endpoint,10000,0.1,accuracy_drop_selector_with_resampling,113,0.7080573558807373,0.03852557094273865,-0.40367570519447327,0.06366177741868914,5581.2,196.60417086114933,1207.6233642578125,105.55874822679597,1207.6141357421875,105.55721852167916,5
10000,endpoint,10000,0.1,accuracy_drop_selector_with_resampling,114,0.7080267310142517,0.038552937920108034,-0.40357752442359923,0.06365568316707736,5580.0,196.69138262770943,1209.412939453125,105.77028232227772,1209.4037841796876,105.76879910342697,5
10000,endpoint,10000,0.1,accuracy_drop_selector_with_resampling,115,0.707975697517395,0.03856854962068463,-0.4034856498241425,0.0636600692806441,5579.4,197.13650093272935,1211.1857666015626,105.98625373006101,1211.1765869140625,105.98440316645015,5
10000,endpoint,10000,0.1,accuracy_drop_selector_with_resampling,116,0.7079450964927674,0.03842468080674752,-0.4033943176269531,0.06365149118305688,5578.8,198.24025827263242,1212.94248046875,106.1969515588112,1212.933251953125,106.19508420825241,5
10000,endpoint,10000,0.1,accuracy_drop_selector_with_resampling,117,0.7078940629959106,0.03847320353174635,-0.4033036112785339,0.06363668858605773,5576.4,197.80874601493232,1214.68095703125,106.40585654954107,1214.6718994140624,106.40417885828144,5
10000,endpoint,10000,0.1,accuracy_drop_selector_with_resampling,118,0.7078328251838684,0.03845428433235067,-0.4032188832759857,0.06364587293731656,5574.4,197.36337046169433,1216.4092041015624,106.61435780098203,1216.400146484375,106.61255489219057,5
10000,endpoint,10000,0.1,accuracy_drop_selector_with_resampling,119,0.7078532338142395,0.0384133485208894,-0.40313405990600587,0.06363447664258032,5573.4,198.72418071286646,1218.1158935546875,106.82480046532402,1218.1069580078124,106.82307115483734,5
10000,endpoint,10000,0.1,accuracy_drop_selector_with_resampling,120,0.7077409863471985,0.03849380363353063,-0.40304513573646544,0.06362961714067136,5573.2,198.17340891249765,1219.814453125,107.0313592570854,1219.8055908203125,107.02960472003491,5
10000,endpoint,10000,0.1,accuracy_drop_selector_with_resampling,121,0.7077001690864563,0.038501070347295246,-0.4029569745063782,0.06363171365343837,5572.6,197.89214234021523,1221.4972412109375,107.23447456441396,1221.4882568359376,107.23240051380488,5
10000,endpoint,10000,0.1,accuracy_drop_selector_with_resampling,122,0.7076695561408997,0.038515082568895825,-0.4028595447540283,0.06362489243582341,5571.2,197.0017766417349,1223.1709716796875,107.43495260436951,1223.162060546875,107.43293406921275,5
10000,endpoint,10000,0.1,accuracy_drop_selector_with_resampling,123,0.7075981020927429,0.03847972670080429,-0.40278956294059753,0.06362214329144983,5569.4,196.69850024847673,1224.8250732421875,107.63246428592637,1224.8161865234374,107.63033794242365,5
10000,endpoint,10000,0.1,accuracy_drop_selector_with_resampling,124,0.7075878977775574,0.03850843910827007,-0.40268349051475527,0.06361918757533584,5568.6,196.1970947797138,1226.4665771484374,107.83102405623562,1226.4574951171876,107.82910082864313,5
10000,endpoint,10000,0.1,accuracy_drop_selector_with_resampling,125,0.7074960350990296,0.03851205783452521,-0.402600371837616,0.0636090000224688,5566.4,197.4317603629163,1228.0968017578125,108.03158628229609,1228.087353515625,108.02984870718251,5
10000,endpoint,10000,0.1,accuracy_drop_selector_with_resampling,126,0.7074756264686585,0.0385431968331734,-0.4025293529033661,0.06361538591697989,5566.0,199.1958834916023,1229.7147216796875,108.22847908229643,1229.7053955078125,108.22677689526735,5
10000,endpoint,10000,0.1,accuracy_drop_selector_with_resampling,127,0.7074041962623596,0.03854823562654756,-0.40243248343467714,0.06360946430235305,5563.8,195.48708397231772,1231.3220947265625,108.42435443202002,1231.3126953125,108.42233994889061,5
10000,endpoint,10000,0.1,accuracy_drop_selector_with_resampling,128,0.7074348092079162,0.038590435040687564,-0.40234403014183046,0.06359673857519461,5564.6,196.53320330163044,1232.9186767578126,108.61962222373113,1232.9093017578125,108.61757991812898,5
10000,endpoint,10000,0.1,accuracy_drop_selector_with_resampling,129,0.7074144005775451,0.03854062652136199,-0.4022769033908844,0.06360150810907172,5564.2,194.82094343268128,1234.4998291015625,108.81494720151949,1234.490478515625,108.81297656465841,5
10000,endpoint,10000,0.1,accuracy_drop_selector_with_resampling,130,0.7073531746864319,0.03856044152136717,-0.40220448970794676,0.0636009635407759,5563.2,196.07575066794976,1236.070361328125,109.00993196166726,1236.061083984375,109.0079859921938,5
10000,endpoint,10000,0.1,accuracy_drop_selector_with_resampling,131,0.7072715401649475,0.03856877239441674,-0.4021140694618225,0.06358091847006607,5561.0,195.7230185747195,1237.6297607421875,109.19747885244313,1237.6205322265625,109.19548784662074,5
10000,endpoint,10000,0.1,accuracy_drop_selector_with_resampling,132,0.7072613120079041,0.03847945516614859,-0.4020355105400085,0.06358177875018067,5561.6,194.74547491533662,1239.1745849609374,109.38696633670439,1239.1654296875,109.38503862400553,5
10000,endpoint,10000,0.1,accuracy_drop_selector_with_resampling,133,0.7071898698806762,0.03852279937708749,-0.40196341276168823,0.06357794244993031,5560.8,194.35457288162786,1240.7130126953125,109.57662383331852,1240.7037841796875,109.57472669541437,5
10000,endpoint,10000,0.1,accuracy_drop_selector_with_resampling,134,0.7070980191230773,0.0385296419307,-0.4018760919570923,0.06357022124427572,5559.0,195.85581431246814,1242.23720703125,109.76398508046253,1242.228076171875,109.76210351652732,5
10000,endpoint,10000,0.1,accuracy_drop_selector_with_resampling,135,0.7071184396743775,0.03848823476049629,-0.4018016517162323,0.06356770506646908,5558.4,196.12062614625725,1243.7520751953125,109.9537487796335,1243.742724609375,109.95146998200974,5
10000,endpoint,10000,0.1,accuracy_drop_selector_with_resampling,136,0.7070469856262207,0.038508789070034924,-0.40173588395118714,0.06355822291124961,5557.4,195.9612206534752,1245.2628662109375,110.1351647958451,1245.253173828125,110.13316447308031,5
10000,endpoint,10000,0.1,accuracy_drop_selector_with_resampling,137,0.7070265889167786,0.03853580065756061,-0.4016532480716705,0.06355384495982865,5556.4,195.7225076479453,1246.75361328125,110.3174204070958,1246.7436767578124,110.31550347212836,5
10000,endpoint,10000,0.1,accuracy_drop_selector_with_resampling,138,0.7069857597351075,0.038444818371203095,-0.4015803933143616,0.06355841497305367,5555.8,196.8468948192986,1248.240380859375,110.50225688236465,1248.23017578125,110.50010070974197,5
10000,endpoint,10000,0.1,accuracy_drop_selector_with_resampling,139,0.7069551348686218,0.03844730667358634,-0.4015004873275757,0.06354112159676545,5554.0,198.26875699413662,1249.7134033203124,110.68676316379792,1249.7031494140624,110.68468024921968,5
10000,endpoint,10000,0.1,accuracy_drop_selector_with_resampling,140,0.7069551467895507,0.038487510009348865,-0.4014297842979431,0.06353788298400517,5553.8,198.561577350705,1251.178125,110.86859220566862,1251.1677490234374,110.86640769137084,5
10000,endpoint,10000,0.1,accuracy_drop_selector_with_resampling,141,0.7068224787712097,0.03854351726114237,-0.40136659145355225,0.06354632674374926,5552.8,198.50113349802314,1252.6362548828124,111.04728318877832,1252.6257568359374,111.04519160276764,5
10000,endpoint,10000,0.1,accuracy_drop_selector_with_resampling,142,0.706751024723053,0.038489415141743366,-0.40128836035728455,0.06353075855385772,5551.4,198.24303266445457,1254.082275390625,111.22459257661856,1254.0714599609375,111.22266055634203,5
10000,endpoint,10000,0.1,accuracy_drop_selector_with_resampling,143,0.7067714333534241,0.0385037899696223,-0.40120787620544435,0.06353217367695042,5551.0,198.71587757398754,1255.52138671875,111.40549116302215,1255.510595703125,111.40355749255228,5
10000,endpoint,10000,0.1,accuracy_drop_selector_with_resampling,144,0.7067306160926818,0.03850836742836317,-0.40113832950592043,0.06353288715648384,5550.8,198.19863773497536,1256.9493896484375,111.58428368376123,1256.938671875,111.5825292698226,5
10000,endpoint,10000,0.1,accuracy_drop_selector_with_resampling,145,0.7067714333534241,0.03850522683067629,-0.40106775164604186,0.06353350699806505,5549.6,197.81380133853148,1258.370361328125,111.7615094096084,1258.35966796875,111.75964345470834,5
10000,endpoint,10000,0.1,accuracy_drop_selector_with_resampling,146,0.7066591858863831,0.038468477326238926,-0.40101487636566163,0.06353405901733856,5548.6,197.80874601493232,1259.780908203125,111.93846715920512,1259.7699462890625,111.93667237495278,5
10000,endpoint,10000,0.1,accuracy_drop_selector_with_resampling,147,0.7066081643104554,0.03848187559472622,-0.4009234309196472,0.06352543913246153,5546.6,197.93635340684642,1261.1834716796875,112.11373266902292,1261.172265625,112.11192396666884,5
10000,endpoint,10000,0.1,accuracy_drop_selector_with_resampling,148,0.7065877437591552,0.03846655405331696,-0.40086930990219116,0.0635218613465945,5545.4,197.55075297249564,1262.5786865234375,112.28808533434369,1262.56748046875,112.28614177863236,5
10000,endpoint,10000,0.1,accuracy_drop_selector_with_resampling,149,0.7066081523895263,0.03850639205250144,-0.4007852077484131,0.0635136993793235,5545.2,198.61319190829192,1263.9622314453125,112.46235884939225,1263.9509765625,112.46018576172342,5
10000,endpoint,10000,0.1,none,-1,0.7678624391555786,0.038630936334284466,-0.5034046530723572,0.06379191930079747,0.0,0.0,0.0,0.0,0.0,0.0,5
10000,endpoint,10000,0.1,none,0,0.7678216099739075,0.03859340245974396,-0.5034133970737458,0.0637778972814121,5042.2,271.61774610654584,5.6701384544372555,0.6876257296482478,5.6701384544372555,0.6876257296482478,5
10000,endpoint,10000,0.1,none,1,0.7672807097434997,0.0387931442257298,-0.5032048285007477,0.06380337121508525,7371.4,199.35094682493985,15.425099754333496,1.5037007070245458,15.425099754333496,1.5037007070245458,5
10000,endpoint,10000,0.1,none,2,0.7663519978523254,0.038948960894340495,-0.5025406897068023,0.063863476797879,7400.4,92.69466004037126,28.797771835327147,2.176848769903292,28.797771835327147,2.176848769903292,5
10000,endpoint,10000,0.1,none,3,0.7650864958763123,0.03895077331664597,-0.5011909127235412,0.06391672263981094,7326.4,106.67145822571284,45.0562240600586,3.3461499485550257,45.0562240600586,3.3461499485550257,5
10000,endpoint,10000,0.1,none,4,0.7636781096458435,0.03917358794401653,-0.4993140518665314,0.06398000588018347,7350.2,117.68474837463009,63.85548400878906,4.623218045299757,63.85548400878906,4.623218045299757,5
10000,endpoint,10000,0.1,none,5,0.7621778845787048,0.03924407357951201,-0.49708431363105776,0.06404027436097794,7397.2,108.53432636728346,84.66286163330078,6.016243434533696,84.66286163330078,6.016243434533696,5
10000,endpoint,10000,0.1,none,6,0.7608205318450928,0.0395822415929984,-0.4946006596088409,0.06413211994791684,7371.2,125.83997774952124,106.74386138916016,7.246592725055972,106.74386138916016,7.246592725055972,5
10000,endpoint,10000,0.1,none,7,0.7590957641601562,0.039523536234417025,-0.49198277592658995,0.06416718097969545,7348.4,130.61125525773036,129.49230346679687,8.61827938504908,129.49230346679687,8.61827938504908,5
10000,endpoint,10000,0.1,none,8,0.7577078104019165,0.03965105225095135,-0.4893531322479248,0.06420586701651866,7312.0,107.40344500992508,152.64111328125,9.716966321973725,152.64111328125,9.716966321973725,5
10000,endpoint,10000,0.1,none,9,0.756136155128479,0.03974368710552557,-0.4867716312408447,0.06418946287358897,7264.6,94.63508862995796,175.80953369140624,10.93459575466059,175.80953369140624,10.93459575466059,5
10000,endpoint,10000,0.1,none,10,0.7545440554618835,0.039491633649886206,-0.4842593729496002,0.06416792089372392,7254.2,118.75689453669627,199.0423370361328,12.052903760187242,199.0423370361328,12.052903760187242,5
10000,endpoint,10000,0.1,none,11,0.753176498413086,0.039361652869724185,-0.4818162381649017,0.06416780879961112,7227.2,108.65633897753044,222.059521484375,13.270925406108399,222.059521484375,13.270925406108399,5
10000,endpoint,10000,0.1,none,12,0.7517681241035461,0.039285892804913264,-0.4794273316860199,0.0641759291666936,7190.6,125.30083798602466,244.855078125,14.399947973318554,244.855078125,14.399947973318554,5
10000,endpoint,10000,0.1,none,13,0.7507475733757019,0.03924655269392692,-0.4771315336227417,0.0641662424638449,7148.4,105.59024576162327,267.36566162109375,15.392738690120883,267.36566162109375,15.392738690120883,5
10000,endpoint,10000,0.1,none,14,0.7494718551635742,0.03955772436667275,-0.4749304711818695,0.06415408889560667,7134.4,87.41452968471546,289.68239135742186,16.31628548204655,289.68239135742186,16.31628548204655,5
10000,endpoint,10000,0.1,none,15,0.7483900666236878,0.03958165496552746,-0.47281174659729003,0.06414679328498162,7089.6,103.32618254827767,311.66375732421875,17.184452666490568,311.66375732421875,17.184452666490568,5
10000,endpoint,10000,0.1,none,16,0.7472776293754577,0.039422512545668,-0.4707706391811371,0.06413205532208147,7093.8,115.13774359435745,333.45314331054686,18.00874561981316,333.45314331054686,18.00874561981316,5
10000,endpoint,10000,0.1,none,17,0.7460733771324157,0.03924165008843433,-0.4687838971614838,0.06409464342264741,7056.2,114.0819880612185,354.9071105957031,18.834852579231057,354.9071105957031,18.834852579231057,5
10000,endpoint,10000,0.1,none,18,0.7449915766716003,0.03935716416350042,-0.4668630242347717,0.06406435156840654,7034.0,106.2779375035101,376.1891845703125,19.546754724024748,376.1891845703125,19.546754724024748,5
10000,endpoint,10000,0.1,none,19,0.7439199805259704,0.039210976652398394,-0.4650024831295013,0.06401430742565996,6993.4,103.17848612961909,397.172705078125,20.290454266110984,397.172705078125,20.290454266110984,5
10000,endpoint,10000,0.1,none,20,0.7430729150772095,0.03921116971526631,-0.4632328629493713,0.06400302976310883,6975.6,118.26580232679268,417.87884521484375,20.973926769913177,417.87884521484375,20.973926769913177,5
10000,endpoint,10000,0.1,none,21,0.7421442151069642,0.03914349423109454,-0.46148110628128053,0.06396471466438279,6990.4,128.89647008355195,438.4498291015625,21.813358982779192,438.4498291015625,21.813358982779192,5
10000,endpoint,10000,0.1,none,22,0.7412052869796752,0.039154854647422764,-0.45976722240448,0.06392041598251022,6975.4,117.29791131985257,458.60509033203124,22.51275253836348,458.60509033203124,22.51275253836348,5
10000,endpoint,10000,0.1,none,23,0.7401745200157166,0.039066612296695946,-0.45813233256340025,0.06387615858274008,6956.6,81.6872083009329,478.61497192382814,23.123365236844528,478.61497192382814,23.123365236844528,5
10000,endpoint,10000,0.1,none,24,0.7394192934036254,0.039203377257932284,-0.456511390209198,0.06383403436909066,6941.8,98.97828044576244,498.39182739257814,23.742096128626056,498.39182739257814,23.742096128626056,5
10000,endpoint,10000,0.1,none,25,0.73869469165802,0.03914980517404665,-0.454933899641037,0.06379607133645242,6921.8,117.03930963569462,517.98857421875,24.476970057963253,517.98857421875,24.476970057963253,5
10000,endpoint,10000,0.1,none,26,0.7378067970275879,0.039128851454304614,-0.45345053672790525,0.06376643496736946,6916.0,127.75171231729146,537.2855590820312,25.1586940312132,537.2855590820312,25.1586940312132,5
10000,endpoint,10000,0.1,none,27,0.7366943955421448,0.03904635290659445,-0.45197458267211915,0.06372861085106844,6897.0,115.35380357838228,556.4501831054688,25.7879103273994,556.4501831054688,25.7879103273994,5
10000,endpoint,10000,0.1,none,28,0.7359187722206115,0.038970096314400814,-0.450541740655899,0.06367427363072871,6894.6,106.26052889008223,575.399462890625,26.440194744126508,575.399462890625,26.440194744126508,5
10000,endpoint,10000,0.1,none,29,0.7351431369781494,0.039024781596228776,-0.44914323687553404,0.06360602423416936,6867.8,105.47369340266795,594.1378540039062,27.07344479850538,594.1378540039062,27.07344479850538,5
10000,endpoint,10000,0.1,none,30,0.7344593644142151,0.03888712953303154,-0.44778558015823366,0.06355144959607165,6856.8,117.26337876762719,612.7041625976562,27.746096921406632,612.7041625976562,27.746096921406632,5
10000,endpoint,10000,0.1,none,31,0.7337857842445373,0.03903613900587391,-0.4464613139629364,0.06348256785913946,6816.0,135.65581447177263,631.0401733398437,28.36634163432576,631.0401733398437,28.36634163432576,5
10000,endpoint,10000,0.1,none,32,0.7330407738685608,0.0387925777246286,-0.44514734148979185,0.06343249422441759,6865.8,100.66379686858627,649.28701171875,28.934142418262496,649.28701171875,28.934142418262496,5
10000,endpoint,10000,0.1,none,33,0.7323467969894409,0.03891945828720758,-0.443898344039917,0.06341163773358462,6814.0,87.62419757121887,667.205615234375,29.52899463657721,667.205615234375,29.52899463657721,5
10000,endpoint,10000,0.1,none,34,0.7313976645469665,0.03879263709386548,-0.4426904857158661,0.06339082582235667,6816.4,83.29945978216185,684.9425415039062,30.03310675122748,684.9425415039062,30.03310675122748,5
10000,endpoint,10000,0.1,none,35,0.7308465480804444,0.038820286265194306,-0.441471266746521,0.0633543397694932,6806.0,91.43576980591348,702.5570922851563,30.615056576451334,702.5570922851563,30.615056576451334,5
10000,endpoint,10000,0.1,none,36,0.7302444219589234,0.038824741973226856,-0.4402884364128113,0.06332124886078566,6773.0,90.60353193998566,719.9721557617188,31.144941175092676,719.9721557617188,31.144941175092676,5
10000,endpoint,10000,0.1,none,37,0.7294892072677612,0.03870175465382607,-0.43914578557014466,0.06327253284964023,6745.0,130.2516794517445,737.2573120117188,31.669877572530037,737.2573120117188,31.669877572530037,5
10000,endpoint,10000,0.1,none,38,0.7289993405342102,0.03869115791621319,-0.4380073547363281,0.06323063230867537,6781.2,106.92614273413214,754.5002685546875,32.139879264065236,754.5002685546875,32.139879264065236,5
10000,endpoint,10000,0.1,none,39,0.7283767819404602,0.03865902991349828,-0.4368968367576599,0.06321682630539971,6761.8,102.09897159129468,771.5175048828125,32.556498553631855,771.5175048828125,32.556498553631855,5
10000,endpoint,10000,0.1,none,40,0.7276930093765259,0.03858464458865497,-0.43581452369689944,0.06317104861300668,6732.8,101.57607986135318,788.3840698242187,33.00015725831312,788.3818969726562,33.00201256986476,5
10000,endpoint,10000,0.1,none,41,0.7271521210670471,0.038708339150225764,-0.43472755551338194,0.06312580259908199,6732.2,95.18245636670657,805.1502807617187,33.40495363290874,805.1478515625,33.40701762952032,5
10000,endpoint,10000,0.1,none,42,0.7266112089157104,0.03864565621410693,-0.43368741273880007,0.06310112541801562,6721.4,106.4109956724398,821.7465698242188,33.7658779701124,821.7434814453125,33.768495979716974,5
10000,endpoint,10000,0.1,none,43,0.7260294914245605,0.038843265572442214,-0.4326438009738922,0.0631131271151334,6714.2,108.54353965114645,838.182421875,34.09501499572146,838.1766235351563,34.09990518051522,5
10000,endpoint,10000,0.1,none,44,0.7255089998245239,0.03870519952192625,-0.43162532448768615,0.06310290661087452,6661.6,116.28757457269457,854.42001953125,34.387481818913464,854.4104370117187,34.39167225048889,5
10000,endpoint,10000,0.1,none,45,0.7249680995941162,0.03846779192109251,-0.4306300520896912,0.06311102203643915,6706.8,100.48233675626777,870.5588012695313,34.63736362521094,870.5468383789063,34.64181759944121,5
10000,endpoint,10000,0.1,none,46,0.7244782447814941,0.03852889533607652,-0.42965313196182253,0.06309735306968792,6666.8,120.72158050655234,886.547216796875,34.92162232994566,886.5352905273437,34.92608730084791,5
10000,endpoint,10000,0.1,none,47,0.7238454818725586,0.0382686434782277,-0.42871421575546265,0.06308368946132265,6682.8,92.73456744925271,902.4563842773438,35.228335798206096,902.441455078125,35.23175376324916,5
10000,endpoint,10000,0.1,none,48,0.7233352065086365,0.03823711465211689,-0.42776390314102175,0.06304426640863842,6690.4,114.04955063480084,918.2257202148437,35.55431816560536,918.205517578125,35.56176743936064,5
10000,endpoint,10000,0.1,none,49,0.7229779958724976,0.03817803559803901,-0.42685781717300414,0.06304230556711067,6676.0,92.23611006541852,933.8558349609375,35.84194846693115,933.8341064453125,35.85072267905863,5
10000,endpoint,10000,0.1,none,50,0.7224677324295044,0.038167261727970574,-0.42591195106506347,0.06300693910890623,6666.2,92.21008621620523,950.5222290039062,36.227869774209495,950.4982666015625,36.23565667905396,5
10000,endpoint,10000,0.1,none,51,0.7221615552902222,0.038200539643353744,-0.42499751448631284,0.06300357731328506,6651.4,95.80083506942933,962.2547607421875,36.57792215800781,962.2362915039063,36.580494624664134,5
10000,endpoint,10000,0.1,none,52,0.7218860030174256,0.038191583543185026,-0.4243137240409851,0.06299789947648778,6655.6,97.62581625779116,971.8887939453125,36.888988302977964,971.87314453125,36.88997336035879,5
10000,endpoint,10000,0.1,none,53,0.7216206550598144,0.03819791153569857,-0.42376345992088316,0.06297808903969697,6652.0,96.8039255402383,980.258544921875,37.17624080251565,980.2447265625,37.17734691952053,5
10000,endpoint,10000,0.1,none,54,0.7214471697807312,0.03825096906551041,-0.42328462600708006,0.06297742594393808,6649.6,97.05050231709262,987.738427734375,37.43254048441448,987.725244140625,37.43432191512033,5
10000,endpoint,10000,0.1,none,55,0.7211205840110779,0.03821552829522709,-0.4228528380393982,0.06296983523734734,6641.4,98.47233113925962,994.5360107421875,37.65224804177454,994.523779296875,37.654000470742844,5
10000,endpoint,10000,0.1,none,56,0.7209470868110657,0.03827441056800438,-0.42244290113449096,0.06295195455190658,6639.4,94.16634218233179,1000.846484375,37.878333202747896,1000.8349487304688,37.879921509603655,5
10000,endpoint,10000,0.1,none,57,0.7208246111869812,0.03838128989152858,-0.4220778405666351,0.06295605349189771,6639.4,96.32652801798682,1006.75927734375,38.081834961255886,1006.7467529296875,38.082718888935894,5
10000,endpoint,10000,0.1,none,58,0.7206409215927124,0.038401364604456645,-0.4217414021492004,0.06293791087344762,6638.2,93.53448561894163,1012.3133056640625,38.264327356731,1012.3006713867187,38.26524715252124,5
10000,endpoint,10000,0.1,none,59,0.7204776167869568,0.03835133988065659,-0.42140746116638184,0.06291963186769788,6635.2,97.27898025781315,1017.5764404296875,38.43676017185406,1017.563330078125,38.43729403716339,5
10000,endpoint,10000,0.1,none,60,0.720314335823059,0.03827607141073157,-0.42110844850540163,0.06292860678049264,6626.8,95.21134386195796,1022.5818237304687,38.598703853766196,1022.56904296875,38.598677430278514,5
10000,endpoint,10000,0.1,none,61,0.7201918601989746,0.03826173749676509,-0.4208222031593323,0.06290129060633864,6627.0,97.51153777887005,1027.3731201171875,38.75149230197089,1027.3609252929687,38.75147120432445,5
10000,endpoint,10000,0.1,none,62,0.719936728477478,0.03827500364089071,-0.4205501914024353,0.06288851217629132,6627.0,95.61119181351104,1031.9773193359374,38.90404964568882,1031.9655883789062,38.90401006565406,5
10000,endpoint,10000,0.1,none,63,0.7197326183319092,0.03828915403125309,-0.42028433084487915,0.06288752638289341,6625.6,95.32470823453906,1036.4121704101562,39.05172101425718,1036.4005615234375,39.05195064753676,5
10000,endpoint,10000,0.1,none,64,0.7196713805198669,0.03831509901413653,-0.42002530097961427,0.06287818581545448,6624.2,94.74017099414588,1040.6895629882813,39.18493807982892,1040.67783203125,39.185735109993495,5
10000,endpoint,10000,0.1,none,65,0.7194978713989257,0.03835502548046157,-0.41978344321250916,0.06285576557104965,6623.0,99.40573424103863,1044.8103149414062,39.31301462631856,1044.79892578125,39.31375363999422,5
10000,endpoint,10000,0.1,none,66,0.7193652153015136,0.038358225901690246,-0.41954203248023986,0.06285916009660802,6617.8,97.39969199129943,1048.8109619140625,39.442398433837575,1048.799755859375,39.443230870928424,5
10000,endpoint,10000,0.1,none,67,0.7191917181015015,0.03828674287245345,-0.41932063102722167,0.06283856484282102,6617.4,99.1730810250443,1052.6775146484374,39.56285697252799,1052.6662841796874,39.5639480039768,5
10000,endpoint,10000,0.1,none,68,0.719089663028717,0.03827329119232977,-0.41908718943595885,0.06283497521967034,6615.6,100.1139350939718,1056.441943359375,39.67948931781422,1056.4306884765624,39.680767675280514,5
10000,endpoint,10000,0.1,none,69,0.7189467787742615,0.038254601800811895,-0.41888551115989686,0.0628251596525977,6613.0,100.77946219344496,1060.1037841796874,39.79493704938541,1060.0926025390625,39.79643625362773,5
10000,endpoint,10000,0.1,none,70,0.7188651442527771,0.03821349297929792,-0.4186870217323303,0.06282961822444366,6612.4,100.96682623515508,1063.67646484375,39.90801386461834,1063.665283203125,39.90975943531726,5
10000,endpoint,10000,0.1,none,71,0.7187018394470215,0.038204108471146796,-0.4184633731842041,0.06283277820064118,6610.2,103.19496111729487,1067.1615234375,40.0157526924862,1067.1501953125,40.0177939147806,5
10000,endpoint,10000,0.1,none,72,0.7186304092407226,0.03826043231470691,-0.4182728290557861,0.06281876307535421,6609.4,100.93215543125986,1070.558447265625,40.12222661342958,1070.54697265625,40.12357104514797,5
10000,endpoint,10000,0.1,none,73,0.7185385704040528,0.03825814244401613,-0.418093740940094,0.0628180167814723,6606.4,102.46609195241126,1073.8769287109376,40.22583871621101,1073.8653564453125,40.226416745091264,5
10000,endpoint,10000,0.1,none,74,0.7184365034103394,0.03819820802927142,-0.4179130494594574,0.06281317725831051,6601.8,102.5217050189861,1077.122265625,40.3177107941522,1077.11064453125,40.31777295925792,5
10000,endpoint,10000,0.1,none,75,0.7183548331260681,0.038273046317581064,-0.41772555708885195,0.06280536885978569,6600.0,103.02184234423301,1080.299267578125,40.43057651312655,1080.2876708984375,40.430284253807166,5
10000,endpoint,10000,0.1,none,76,0.7181915760040283,0.038322574852331044,-0.41756072640419006,0.06280132739706679,6598.0,104.90233553167441,1083.420458984375,40.53080104803132,1083.4083740234375,40.53105048034563,5
10000,endpoint,10000,0.1,none,77,0.7182017683982849,0.03823237949004883,-0.41737921833992003,0.06280400908676213,6595.0,103.73764986734565,1086.47548828125,40.62083368371294,1086.4634521484375,40.6213159686772,5
10000,endpoint,10000,0.1,none,78,0.7181303381919861,0.03822956765661771,-0.4172001838684082,0.06279426890331484,6592.6,103.34795595462931,1089.4799072265625,40.72059249191409,1089.46806640625,40.721078403431875,5
10000,endpoint,10000,0.1,none,79,0.7180384874343873,0.03830515657140993,-0.4170305907726288,0.06279400549570441,6591.2,102.9378453242538,1092.4275390625,40.811870988303994,1092.415869140625,40.81227515435826,5
10000,endpoint,10000,0.1,none,80,0.7178853869438171,0.03835045305819469,-0.4168700397014618,0.0627918300831659,6587.8,102.35575215883082,1095.31845703125,40.904373754966336,1095.306982421875,40.90484784271645,5
10000,endpoint,10000,0.1,none,81,0.7178139567375184,0.038308329087864156,-0.41671290397644045,0.0627861745338602,6588.6,102.65622241247726,1098.16416015625,40.98868842459383,1098.1525390625,40.98904113884944,5
10000,endpoint,10000,0.1,none,82,0.7177119135856629,0.03829628081251896,-0.4165530979633331,0.06277681658616943,6587.4,102.30982357525596,1100.9651123046874,41.07684505774953,1100.9532958984375,41.0773688482539,5
10000,endpoint,10000,0.1,none,83,0.7177119135856629,0.03829616183570503,-0.4163952171802521,0.0627663795021633,6583.6,106.22758587109094,1103.717431640625,41.16113552605846,1103.7056640625,41.161683649542695,5
10000,endpoint,10000,0.1,none,84,0.717620050907135,0.038382621109780635,-0.4162333428859711,0.06275939697878229,6583.8,107.0009345753578,1106.429541015625,41.24691408098273,1106.417626953125,41.24714404097586,5
10000,endpoint,10000,0.1,none,85,0.717620050907135,0.038331304261087544,-0.4160910189151764,0.0627606121390748,6582.0,105.63616804863759,1109.093896484375,41.33154092044855,1109.0817626953126,41.33168719029241,5
10000,endpoint,10000,0.1,none,86,0.7174975633621216,0.03830801307700741,-0.41594748497009276,0.06276173895471729,6581.4,105.68254349702225,1111.721826171875,41.40890138975784,1111.7094970703124,41.408913036702664,5
10000,endpoint,10000,0.1,none,87,0.7174669623374939,0.0382336813017388,-0.41580758690834047,0.06275945655887193,6579.8,105.908923136816,1114.315966796875,41.501988446130284,1114.3037841796875,41.50171414666041,5
10000,endpoint,10000,0.1,none,88,0.7173240900039672,0.03829751270581035,-0.41565359234809873,0.06275395223526292,6576.6,104.67712261998798,1116.8676513671876,41.581890332210314,1116.855322265625,41.581884710036654,5
10000,endpoint,10000,0.1,none,89,0.7172628402709961,0.03826930298061999,-0.41552117466926575,0.0627511983697724,6574.8,105.06521784111048,1119.3899658203125,41.6653990858942,1119.3776611328126,41.665439115021094,5
10000,endpoint,10000,0.1,none,90,0.7171811938285828,0.03836618838766915,-0.41538308262825013,0.06274866940112955,6571.6,103.29714420060218,1121.8701171875,41.74435706223725,1121.857958984375,41.74440395604322,5
10000,endpoint,10000,0.1,none,91,0.7171097755432129,0.03823258204805723,-0.4152452826499939,0.06274915334544455,6570.2,103.91679363798711,1124.3228515625,41.8199649661664,1124.31083984375,41.820018893201244,5
10000,endpoint,10000,0.1,none,92,0.7170281052589417,0.03831802080591455,-0.4151241958141327,0.06274902009407067,6568.2,106.30475059939701,1126.745068359375,41.90158103765432,1126.7329345703124,41.90175557565209,5
10000,endpoint,10000,0.1,none,93,0.7170485258102417,0.03826458912500043,-0.41497244834899905,0.06274182874248767,6566.6,107.53046080064941,1129.127734375,41.97915321527562,1129.115283203125,41.979156063698106,5
10000,endpoint,10000,0.1,none,94,0.7169566631317139,0.03820857233577992,-0.4148410797119141,0.06275426629615649,6564.4,108.67060320068164,1131.49013671875,42.05567782901515,1131.4774169921875,42.05585448610499,5
10000,endpoint,10000,0.1,none,95,0.7169362545013428,0.03825438620131464,-0.4147074997425079,0.06273476985126998,6561.6,108.34574287898901,1133.8221435546875,42.13781430844883,1133.809326171875,42.137705453109696,5
10000,endpoint,10000,0.1,none,96,0.716752576828003,0.03821260944161088,-0.4146009087562561,0.06274971380881254,6561.0,108.8691875601173,1136.125634765625,42.21392404755107,1136.11279296875,42.21354569122896,5
10000,endpoint,10000,0.1,none,97,0.7166505098342896,0.03822640961998226,-0.4144536256790161,0.06273567042773363,6558.6,107.27208397341779,1138.4082275390624,42.28840197005562,1138.395458984375,42.28789309250724,5
10000,endpoint,10000,0.1,none,98,0.716619896888733,0.03832327545999839,-0.414336746931076,0.06273324373610058,6558.0,107.9166344916297,1140.657421875,42.36503106796065,1140.6446533203125,42.36474336279195,5
10000,endpoint,10000,0.1,none,99,0.716640293598175,0.038272872168556314,-0.4142217993736267,0.06273019267626341,6557.8,107.29259061090845,1142.8835205078126,42.43341602069444,1142.8708251953126,42.43310008458472,5
10000,endpoint,10000,0.1,none,100,0.716507637500763,0.03828461501036348,-0.41410344243049624,0.06273563587275843,6555.2,105.63948125582594,1145.0867431640625,42.50610501153932,1145.073974609375,42.50608037068991,5
10000,endpoint,10000,0.1,none,101,0.7163953661918641,0.038204194069326215,-0.41399139165878296,0.06272923478086989,6553.2,106.29063928681585,1147.2668212890626,42.57826033897939,1147.2538818359376,42.57822087341854,5
10000,endpoint,10000,0.1,none,102,0.7163341403007507,0.03823732884253485,-0.41385798454284667,0.06273427978778841,6553.0,106.72394295564608,1149.425439453125,42.65070060304293,1149.4120849609376,42.65086367387099,5
10000,endpoint,10000,0.1,none,103,0.7162320733070373,0.03826163269648517,-0.41374666094779966,0.06273512610941089,6549.8,107.69261813142069,1151.5632080078126,42.718265356235726,1151.549853515625,42.71868398343157,5
10000,endpoint,10000,0.1,none,104,0.7162218570709229,0.03832308305243154,-0.4136326849460602,0.06271921802944858,6548.6,107.51185981090644,1153.6705322265625,42.793878863540236,1153.6569091796875,42.79409389614996,5
10000,endpoint,10000,0.1,none,105,0.7160994052886963,0.038249423310556634,-0.4135203242301941,0.06274018577548404,6545.4,107.73253918849217,1155.7608154296875,42.86191975304971,1155.7471923828125,42.86219468300045,5
10000,endpoint,10000,0.1,none,106,0.7159769415855408,0.03822374478775992,-0.41340861916542054,0.06272132987434068,6544.6,108.25340641291618,1157.8268310546875,42.92780332644381,1157.8131103515625,42.928181931125444,5
10000,endpoint,10000,0.1,none,107,0.7160483837127686,0.03829748278147683,-0.4132877826690674,0.06272338848904727,6543.6,107.92034099278968,1159.879541015625,42.99678511572744,1159.8654296875,42.996722249323874,5
10000,endpoint,10000,0.1,none,108,0.7159667372703552,0.03826825467044648,-0.41318676471710203,0.06272230840684158,6542.0,107.11675872616759,1161.9070556640625,43.0611136611593,1161.89267578125,43.061148616354636,5
10000,endpoint,10000,0.1,none,109,0.7158748865127563,0.03823172615927434,-0.41307397484779357,0.0627116226808213,6540.6,108.31112592896447,1163.916748046875,43.1257674014187,1163.902392578125,43.125849770521775,5
10000,endpoint,10000,0.1,none,110,0.7157830357551574,0.03817705938448171,-0.4129656255245209,0.06271694523181541,6538.6,107.12749413665942,1165.908642578125,43.192925661718164,1165.89443359375,43.19301669941119,5
10000,endpoint,10000,0.1,none,111,0.7157320022583008,0.038180397426298016,-0.41285115480422974,0.06271011728543685,6537.4,108.37804205649778,1167.8822998046876,43.258771388005094,1167.868017578125,43.25909281744849,5
10000,endpoint,10000,0.1,none,112,0.7156911730766297,0.03824491356785847,-0.4127513349056244,0.06271553724372292,6536.0,108.3166653844181,1169.8408935546875,43.326384384620496,1169.826513671875,43.32697721474962,5
10000,endpoint,10000,0.1,none,113,0.7156401515007019,0.038230768287055045,-0.4126519441604614,0.06270726770355733,6533.4,108.31343406983272,1171.779638671875,43.39260769326354,1171.7653076171875,43.39309325164197,5
10000,endpoint,10000,0.1,none,114,0.7155380845069885,0.03822863774780158,-0.4125439941883087,0.06270530090838203,6532.6,108.07543661720733,1173.6989501953126,43.462358197140524,1173.684228515625,43.46268163927435,5
10000,endpoint,10000,0.1,none,115,0.715548300743103,0.03818579715319763,-0.4124401032924652,0.0626974600238439,6530.4,109.1801263967028,1175.607177734375,43.52845451153371,1175.5923583984375,43.528910861903505,5
10000,endpoint,10000,0.1,none,116,0.7154462456703186,0.03823384738873537,-0.41233819127082827,0.06269198242432913,6529.6,108.96467317438253,1177.498876953125,43.59231860248004,1177.4842041015625,43.59279543723702,5
10000,endpoint,10000,0.1,none,117,0.7155176758766174,0.03814898154704681,-0.41222710609436036,0.06269286616403322,6528.4,109.01513656369009,1179.3768310546875,43.65546296046145,1179.3621337890625,43.65596149085741,5
10000,endpoint,10000,0.1,none,118,0.7153441905975342,0.03805375198753336,-0.41213728189468385,0.06268933988624721,6527.6,108.81773752472526,1181.2316650390626,43.71997910841405,1181.2169677734375,43.72065669734042,5
10000,endpoint,10000,0.1,none,119,0.7153339743614197,0.038164816141523956,-0.4120444059371948,0.06269461012394723,6524.6,109.02430921588083,1183.0717041015625,43.78904212706175,1183.0568359375,43.789543223536974,5
10000,endpoint,10000,0.1,none,120,0.7152727603912353,0.03810723055004461,-0.41194027066230776,0.0627025315383376,6525.6,109.36315650162993,1184.9005126953125,43.853872907074496,1184.8855712890625,43.85442754474964,5
10000,endpoint,10000,0.1,none,121,0.7152727603912353,0.03808291744029022,-0.4118548154830933,0.0626948768110838,6523.6,109.15722605489754,1186.7156494140625,43.914656562601,1186.7008056640625,43.91516680458079,5
10000,endpoint,10000,0.1,none,122,0.715303361415863,0.038101572551455284,-0.4117604434490204,0.06269015301380403,6521.8,108.67244360922413,1188.5129150390626,43.978966281931825,1188.4981689453125,43.97952585381047,5
10000,endpoint,10000,0.1,none,123,0.7152217268943787,0.038152530904760416,-0.4116625845432281,0.06269029930254896,6522.6,109.47967847961557,1190.2971435546874,44.043705510441384,1190.282373046875,44.04415194750369,5
10000,endpoint,10000,0.1,none,124,0.7152013301849365,0.038154394402420445,-0.411570155620575,0.0626942583523703,6520.6,109.88311972273084,1192.0686279296874,44.11131275003607,1192.053955078125,44.111978738229176,5
10000,endpoint,10000,0.1,none,125,0.7151094555854798,0.038049613654878266,-0.41147762537002563,0.06269019841759277,6519.6,110.79846569334794,1193.824853515625,44.1775261196296,1193.8100341796876,44.17841172163057,5
10000,endpoint,10000,0.1,none,126,0.7151196599006653,0.0380891153335347,-0.41138306856155393,0.06268411986737014,6519.0,110.1544370418187,1195.571826171875,44.2441795126161,1195.5567626953125,44.24513267967944,5
10000,endpoint,10000,0.1,none,127,0.7150890350341796,0.03811411885504704,-0.411299467086792,0.06269125555182756,6516.4,110.7262389860687,1197.30322265625,44.30905315758281,1197.2877685546875,44.31025028508665,5
10000,endpoint,10000,0.1,none,128,0.715038001537323,0.03811529505190586,-0.41120671629905703,0.06268579272739759,6514.4,110.66977907269897,1199.021826171875,44.37401870448457,1199.0062744140625,44.37542151890611,5
10000,endpoint,10000,0.1,none,129,0.714946162700653,0.03810567620485779,-0.41111059188842775,0.062690296936973,6512.8,110.2710297403629,1200.731201171875,44.437649729717215,1200.715576171875,44.43916403336449,5
10000,endpoint,10000,0.1,none,130,0.7148951292037964,0.03802630511640686,-0.41103150248527526,0.06268356435682364,6511.4,109.66220862266088,1202.42626953125,44.503684063670455,1202.410400390625,44.50548373253957,5
10000,endpoint,10000,0.1,none,131,0.7148236989974975,0.03804728784543199,-0.4109382092952728,0.06268245904348121,6510.4,108.77867438059722,1204.1023193359374,44.5638524847217,1204.086474609375,44.56567730012819,5
10000,endpoint,10000,0.1,none,132,0.7147522687911987,0.038063748299441286,-0.4108543872833252,0.06268280858314414,6511.0,110.31998912255204,1205.7749267578124,44.62639453818333,1205.7591552734375,44.62825096717747,5
10000,endpoint,10000,0.1,none,133,0.7147216439247132,0.03805765135537179,-0.41074455380439756,0.06267376479827978,6510.2,109.6024634759639,1207.437109375,44.68835638261057,1207.4212158203125,44.690046097641925,5
10000,endpoint,10000,0.1,none,134,0.7146195769309998,0.03811796301212501,-0.4106811285018921,0.06267686551972011,6509.4,109.73057914729148,1209.0802490234375,44.748503036907906,1209.0644775390624,44.75028000271496,5
10000,endpoint,10000,0.1,none,135,0.7145889639854431,0.03807699041847477,-0.4105870366096497,0.0626749689537413,6508.2,109.9713599079324,1210.7223388671875,44.81098992351867,1210.7065185546876,44.812848505290354,5
10000,endpoint,10000,0.1,none,136,0.7145379424095154,0.03809898395322636,-0.4105010271072388,0.06267036375311047,6507.2,110.88597747235671,1212.3462158203124,44.87216764503152,1212.3303955078125,44.874055488599716,5
10000,endpoint,10000,0.1,none,137,0.7145175337791443,0.03812144628959715,-0.4104075193405151,0.06267556475858435,6506.0,111.30363875453489,1213.96484375,44.935356910484096,1213.9489013671875,44.937578136199754,5
10000,endpoint,10000,0.1,none,138,0.7145481586456299,0.03803014377097124,-0.4103300929069519,0.06267003739956352,6505.6,110.79846569334794,1215.5718994140625,44.995392243677315,1215.5558837890626,44.99753246126756,5
10000,endpoint,10000,0.1,none,139,0.7145481467247009,0.03811880457380554,-0.4102508068084717,0.06266729633745496,6504.2,111.61406721377014,1217.165283203125,45.05380761274775,1217.149267578125,45.05561480655165,5
10000,endpoint,10000,0.1,none,140,0.7144256711006165,0.03804913536048577,-0.41016989946365356,0.06267263933080268,6503.2,111.752852312592,1218.7496826171875,45.116356115863745,1218.73359375,45.11803110717847,5
10000,endpoint,10000,0.1,none,141,0.7143440246582031,0.038112584923873545,-0.41008772850036623,0.06266909766101432,6502.2,111.72152881159477,1220.321923828125,45.16990172436482,1220.3055908203125,45.17178301722683,5
10000,endpoint,10000,0.1,none,142,0.7143338203430176,0.038119763803303834,-0.4099971354007721,0.06266795413728683,6501.8,111.64766007400245,1221.8875244140625,45.22708430976809,1221.8712646484375,45.22889395941577,5
10000,endpoint,10000,0.1,none,143,0.7142827987670899,0.03803966745085681,-0.4099184930324554,0.0626701364956125,6500.2,112.29069418255459,1223.445361328125,45.28910782966234,1223.4289306640626,45.29097031435558,5
10000,endpoint,10000,0.1,none,144,0.714211356639862,0.038050344364242365,-0.40983806848526,0.06265998492448302,6498.8,111.60734742838395,1224.992626953125,45.346131507925904,1224.9759765625,45.347595735089435,5
10000,endpoint,10000,0.1,none,145,0.7141093134880065,0.03802969195972892,-0.40976319909095765,0.06265048180894749,6497.2,112.20383237661716,1226.526904296875,45.40255834111446,1226.5102294921876,45.40392966606649,5
10000,endpoint,10000,0.1,none,146,0.714099109172821,0.03805808913011701,-0.4096729397773743,0.06265707232234308,6495.0,111.94864894227175,1228.053173828125,45.462044484315626,1228.0365478515625,45.46344537717323,5
10000,endpoint,10000,0.1,none,147,0.7140174627304077,0.03802621328867567,-0.40959147810935975,0.06264950132440143,6495.0,111.32609756925821,1229.5747314453124,45.522870643749954,1229.5580810546876,45.52447170675592,5
10000,endpoint,10000,0.1,none,148,0.7139562129974365,0.03807524267570273,-0.4095118820667267,0.06264819341854436,6494.2,112.71290964215235,1231.0816162109375,45.57868433616642,1231.0647705078125,45.580289381421736,5
10000,endpoint,10000,0.1,none,149,0.713946008682251,0.03800690897810038,-0.40944531559944153,0.06265357249551567,6493.0,112.89154086998724,1232.5774169921874,45.63021763444728,1232.5607666015626,45.63193132380461,5
10000,endpoint,20000,0.05,accuracy_drop_selector_with_resampling,-1,0.7678624391555786,0.038630936334284466,-0.5034046530723572,0.06379191930079747,0.0,0.0,0.0,0.0,0.0,0.0,5
10000,endpoint,20000,0.05,accuracy_drop_selector_with_resampling,0,0.767699134349823,0.03854632216385511,-0.5034169852733612,0.06378331025975176,10227.8,783.2318941411924,7.178719806671142,2.3539268009609087,7.178719806671142,2.3539268009609087,5
10000,endpoint,20000,0.05,accuracy_drop_selector_with_resampling,1,0.7671888589859008,0.038848167913773476,-0.5031064927577973,0.06386959524982407,13156.2,624.4078795146647,15.992380332946777,3.983039748408611,15.992380332946777,3.983039748408611,5
10000,endpoint,20000,0.05,accuracy_drop_selector_with_resampling,2,0.7663825988769531,0.03906942170810097,-0.502529501914978,0.06412212725928847,12778.6,451.6484252158973,25.63414764404297,3.9280498103901773,25.63414764404297,3.9280498103901773,5
10000,endpoint,20000,0.05,accuracy_drop_selector_with_resampling,3,0.7653416275978089,0.039453117987648445,-0.5014995336532593,0.06437971456191219,12605.8,674.110673406081,36.82358169555664,3.4180220185592893,36.82358169555664,3.4180220185592893,5
10000,endpoint,20000,0.05,accuracy_drop_selector_with_resampling,4,0.7641373753547669,0.03938290264339529,-0.5000797808170319,0.06456659196770864,12475.4,808.2730355517249,49.71036987304687,3.160325479025276,49.71036987304687,3.160325479025276,5
10000,endpoint,20000,0.05,accuracy_drop_selector_with_resampling,5,0.7627902388572693,0.03944315460761319,-0.4983425736427307,0.06465314237069449,12357.0,887.4364765998747,64.00885543823242,3.2124939428168546,64.00885543823242,3.2124939428168546,5
10000,endpoint,20000,0.05,accuracy_drop_selector_with_resampling,6,0.761126697063446,0.039123263284688195,-0.4963896572589874,0.0646208292804945,12301.8,843.0887853601185,79.58873901367187,3.831656042293549,79.58873901367187,3.831656042293549,5
10000,endpoint,20000,0.05,accuracy_drop_selector_with_resampling,7,0.7599428653717041,0.03916542469996156,-0.4942514359951019,0.06451283915780485,12313.8,765.7353981630991,96.11628112792968,4.840324976363222,96.11628112792968,4.840324976363222,5
10000,endpoint,20000,0.05,accuracy_drop_selector_with_resampling,8,0.7584630370140075,0.039133835214550945,-0.4920084536075592,0.06438970651603788,12229.0,765.3084345543306,113.3039321899414,5.956722134287827,113.3039321899414,5.956722134287827,5
10000,endpoint,20000,0.05,accuracy_drop_selector_with_resampling,9,0.75696280002594,0.03902493732231702,-0.4896946370601654,0.06426919589227464,12144.4,734.326085605026,131.00821838378906,7.13687927393144,131.00821838378906,7.13687927393144,5
10000,endpoint,20000,0.05,accuracy_drop_selector_with_resampling,10,0.7553911328315734,0.03899360880347178,-0.48734390139579775,0.06415670822985377,12140.6,721.4726606046829,149.04414978027344,8.228506844915644,149.04414978027344,8.228506844915644,5
10000,endpoint,20000,0.05,accuracy_drop_selector_with_resampling,11,0.7540133833885193,0.03881812286546996,-0.4849684536457062,0.06407293550848019,12101.0,725.4794966089669,167.33084411621093,9.428967964852447,167.33084411621093,9.428967964852447,5
10000,endpoint,20000,0.05,accuracy_drop_selector_with_resampling,12,0.7524417042732239,0.03880012903719437,-0.4825650155544281,0.06395074870562016,12028.0,709.6661186783542,185.71501770019532,10.668885425090748,185.71501770019532,10.668885425090748,5
10000,endpoint,20000,0.05,accuracy_drop_selector_with_resampling,13,0.750992500782013,0.03861770921557219,-0.48020598888397215,0.06383269550795512,11949.6,682.9284735607383,204.14314880371094,11.80023142599641,204.14314880371094,11.80023142599641,5
10000,endpoint,20000,0.05,accuracy_drop_selector_with_resampling,14,0.7495024681091309,0.038462592190668665,-0.4778971314430237,0.06372792408203215,11929.6,713.2645371809817,222.64021911621094,12.953790753582373,222.64021911621094,12.953790753582373,5
10000,endpoint,20000,0.05,accuracy_drop_selector_with_resampling,15,0.7480430722236633,0.038516777718558576,-0.47561114430427553,0.06366360229928802,11856.0,696.0553138939462,241.08420104980468,14.015744868740587,241.08420104980468,14.015744868740587,5
10000,endpoint,20000,0.05,accuracy_drop_selector_with_resampling,16,0.7465734601020813,0.03851244702141662,-0.47336376309394834,0.06356866145349861,11831.6,682.7677496777363,259.4381500244141,15.136065034292363,259.4381500244141,15.136065034292363,5
10000,endpoint,20000,0.05,accuracy_drop_selector_with_resampling,17,0.7452773451805115,0.03854434323797521,-0.4711572349071503,0.06351125977481116,11769.4,632.1414398692748,277.75792541503904,16.172365582846815,277.75792541503904,16.172365582846815,5
10000,endpoint,20000,0.05,accuracy_drop_selector_with_resampling,18,0.7440322279930115,0.03860616376332587,-0.46901680827140807,0.0634105734074128,11695.0,636.6364739786749,295.9891296386719,17.256896110210324,295.9891296386719,17.256896110210324,5
10000,endpoint,20000,0.05,accuracy_drop_selector_with_resampling,19,0.7429606437683105,0.03880668081582051,-0.466918408870697,0.06335542356331125,11719.8,638.6455981215247,314.1662353515625,18.21359528813946,314.1662353515625,18.21359528813946,5
10000,endpoint,20000,0.05,accuracy_drop_selector_with_resampling,20,0.741613507270813,0.038953171578281286,-0.4648816347122192,0.06332480545929921,11668.6,618.4964025764418,332.28759765625,19.20288551561608,332.28759765625,19.20288551561608,5
10000,endpoint,20000,0.05,accuracy_drop_selector_with_resampling,21,0.7405316948890686,0.03884536796143789,-0.4628915786743164,0.06327250398980673,11610.0,604.671398364434,350.2475952148437,20.21349125409617,350.2475952148437,20.21349125409617,5
10000,endpoint,20000,0.05,accuracy_drop_selector_with_resampling,22,0.739164161682129,0.03877856526414995,-0.4609467566013336,0.06325999660394989,11611.8,628.979888390718,368.06792602539065,21.202427089427417,368.06792602539065,21.202427089427417,5
10000,endpoint,20000,0.05,accuracy_drop_selector_with_resampling,23,0.7380211353302002,0.03874504888499333,-0.4590225636959076,0.06325502527009007,11553.0,619.7656815281078,385.7455749511719,22.16296344343146,385.7455749511719,22.16296344343146,5
10000,endpoint,20000,0.05,accuracy_drop_selector_with_resampling,24,0.7369903564453125,0.0385716166100157,-0.45714945197105405,0.06325036422673568,11581.4,633.3263771547811,403.31419067382814,23.19735993717799,403.31419067382814,23.19735993717799,5
10000,endpoint,20000,0.05,accuracy_drop_selector_with_resampling,25,0.7359799981117249,0.03859993016941624,-0.4553231060504913,0.06323585563357409,11497.4,592.4823204113352,420.68903198242185,24.2455836054986,420.68903198242185,24.2455836054986,5
10000,endpoint,20000,0.05,accuracy_drop_selector_with_resampling,26,0.7349084258079529,0.03886628564825871,-0.4535528182983398,0.06325432147241161,11498.2,604.5193958840362,438.00319213867186,25.315355377393917,438.00319213867186,25.315355377393917,5
10000,endpoint,20000,0.05,accuracy_drop_selector_with_resampling,27,0.7340307235717773,0.03891085711144088,-0.4518018364906311,0.06325176000231382,11447.8,582.0487093018934,455.10040283203125,26.39897103242692,455.10040283203125,26.39897103242692,5
10000,endpoint,20000,0.05,accuracy_drop_selector_with_resampling,28,0.7330611824989319,0.03892781089546372,-0.450109601020813,0.06325864822336089,11468.4,594.7594471717116,472.1306884765625,27.47059252355627,472.1306884765625,27.47059252355627,5
10000,endpoint,20000,0.05,accuracy_drop_selector_with_resampling,29,0.7322039127349853,0.03911491060003983,-0.44844177961349485,0.063291499202918,11450.8,601.0376028169951,489.0750671386719,28.5687777876621,489.0750671386719,28.5687777876621,5
10000,endpoint,20000,0.05,accuracy_drop_selector_with_resampling,30,0.7313670516014099,0.03904103686525128,-0.4468070149421692,0.06333463716856169,11408.2,580.0251718675664,505.85841674804686,29.6363206696703,505.85841674804686,29.6363206696703,5
10000,endpoint,20000,0.05,accuracy_drop_selector_with_resampling,31,0.7303464889526368,0.03915877315104617,-0.4451985120773315,0.06335739559816018,11396.6,587.7982647133283,522.5137756347656,30.72634830907285,522.5137756347656,30.72634830907285,5
10000,endpoint,20000,0.05,accuracy_drop_selector_with_resampling,32,0.7294892072677612,0.03902407012393123,-0.44362967014312743,0.06340085799423385,11352.0,566.8518324924071,539.0545532226563,31.80272226144796,539.0545532226563,31.80272226144796,5
10000,endpoint,20000,0.05,accuracy_drop_selector_with_resampling,33,0.7284380316734314,0.03895348310268564,-0.44210594296455386,0.0634258423604446,11355.2,551.6409158139015,555.45908203125,32.85551923416984,555.45908203125,32.85551923416984,5
10000,endpoint,20000,0.05,accuracy_drop_selector_with_resampling,34,0.727733850479126,0.03889952822547059,-0.4405995011329651,0.06346609509494633,11287.2,545.4733724023566,571.7438110351562,33.87722542160953,571.7438110351562,33.87722542160953,5
10000,endpoint,20000,0.05,accuracy_drop_selector_with_resampling,35,0.7268357396125793,0.038821055563121765,-0.4391244471073151,0.06352693610411382,11332.4,573.0962397363988,587.9793579101563,34.939496404919666,587.9793579101563,34.939496404919666,5
10000,endpoint,20000,0.05,accuracy_drop_selector_with_resampling,36,0.7259376406669616,0.03877251485271169,-0.43767963647842406,0.06354852078235887,11292.8,555.9979316508291,604.0563842773438,36.02755418795316,604.0563842773438,36.02755418795316,5
10000,endpoint,20000,0.05,accuracy_drop_selector_with_resampling,37,0.7251109838485718,0.038687362252150234,-0.4362618327140808,0.0636028724624462,11284.6,552.4937103714394,620.0904174804688,37.0891253225172,620.0904174804688,37.0891253225172,5
10000,endpoint,20000,0.05,accuracy_drop_selector_with_resampling,38,0.7243863821029664,0.03866206240685694,-0.4348448634147644,0.06363457642930635,11288.0,521.2815937667472,635.9826782226562,38.22036845157523,635.9826782226562,38.22036845157523,5
10000,endpoint,20000,0.05,accuracy_drop_selector_with_resampling,39,0.7235495209693908,0.03874047361653498,-0.4334726810455322,0.06366434278806037,11256.8,533.1291588348925,651.7930419921875,39.331282117847906,651.7930419921875,39.331282117847906,5
10000,endpoint,20000,0.05,accuracy_drop_selector_with_resampling,40,0.7226616382598877,0.03870670403882246,-0.4321344792842865,0.06370894278175161,11258.6,522.943878442037,667.4946533203125,40.4189849562811,667.4946533203125,40.4189849562811,5
10000,endpoint,20000,0.05,accuracy_drop_selector_with_resampling,41,0.7219778656959533,0.03878833999738678,-0.43078096508979796,0.06372406871472981,11186.2,514.2686068583226,683.0938842773437,41.59506779958556,683.0938842773437,41.59506779958556,5
10000,endpoint,20000,0.05,accuracy_drop_selector_with_resampling,42,0.72104914188385,0.03884197948433329,-0.4294625878334045,0.06375479394793658,11224.2,522.6339062862263,698.6571899414063,42.71276636589637,698.6571899414063,42.71276636589637,5
10000,endpoint,20000,0.05,accuracy_drop_selector_with_resampling,43,0.7202122807502747,0.038578380359888406,-0.42818938493728637,0.06379817934002176,11209.4,516.156759134277,714.1236938476562,43.80386890464537,714.1236938476562,43.80386890464537,5
10000,endpoint,20000,0.05,accuracy_drop_selector_with_resampling,44,0.7196407556533814,0.0386643413816463,-0.42693009972572327,0.06385328730491843,11168.4,521.4813515361791,729.4559204101563,44.895941754857056,729.4559204101563,44.895941754857056,5
10000,endpoint,20000,0.05,accuracy_drop_selector_with_resampling,45,0.7188345074653626,0.038515128274674335,-0.425683856010437,0.06388563256089683,11176.6,511.67206294657126,744.6454711914063,46.004828478450236,744.6454711914063,46.004828478450236,5
10000,endpoint,20000,0.05,accuracy_drop_selector_with_resampling,46,0.7181609392166137,0.038474989676428456,-0.4244581818580627,0.0639057943804122,11164.4,498.1634269996143,759.763134765625,47.100362301150604,759.763134765625,47.100362301150604,5
10000,endpoint,20000,0.05,accuracy_drop_selector_with_resampling,47,0.7176506757736206,0.03855372707771677,-0.4232576429843903,0.06394105995363494,11163.8,506.04219191684007,774.7679321289063,48.26874621571307,774.7679321289063,48.26874621571307,5
10000,endpoint,20000,0.05,accuracy_drop_selector_with_resampling,48,0.7170077085494995,0.038422130282492334,-0.42207669019699096,0.06400119162740205,11151.6,471.42475539581073,789.6999755859375,49.37096002094539,789.6999755859375,49.37096002094539,5
10000,endpoint,20000,0.05,accuracy_drop_selector_with_resampling,49,0.7163443446159363,0.03842574817801766,-0.42090206742286684,0.064032243997513,11123.6,450.5377897579736,804.4827880859375,50.51751924852767,804.4827880859375,50.51751924852767,5
10000,endpoint,20000,0.05,accuracy_drop_selector_with_resampling,50,0.7155993342399597,0.03846743241981811,-0.4197352945804596,0.06407534690499228,11108.4,454.6633919725669,819.3645385742187,51.69144181342766,819.3645385742187,51.69144181342766,5
10000,endpoint,20000,0.05,accuracy_drop_selector_with_resampling,51,0.7151094675064087,0.03848838096101314,-0.4186186730861664,0.06411708794652134,11089.8,454.86448531403283,829.7458129882813,52.510174355479585,829.7458129882813,52.510174355479585,5
10000,endpoint,20000,0.05,accuracy_drop_selector_with_resampling,52,0.7146705985069275,0.03845659643227377,-0.41782726645469664,0.06416135323678251,11078.0,459.33430091818747,838.2144897460937,53.184941249686545,838.2144897460937,53.184941249686545,5
10000,endpoint,20000,0.05,accuracy_drop_selector_with_resampling,53,0.7143338203430176,0.03848013179021676,-0.41720023155212405,0.06419218665306614,11058.8,462.97969717904476,845.5153076171875,53.75765423624954,845.5153076171875,53.75765423624954,5
10000,endpoint,20000,0.05,accuracy_drop_selector_with_resampling,54,0.714190948009491,0.03843932274081291,-0.4166573166847229,0.06419587197319039,11045.2,461.00401299771784,851.982421875,54.27627443646347,851.982421875,54.27627443646347,5
10000,endpoint,20000,0.05,accuracy_drop_selector_with_resampling,55,0.7138745665550232,0.03833308611348383,-0.41619081497192384,0.06420519459819121,11032.8,456.7517925525854,857.8770385742188,54.75946938945179,857.8770385742188,54.75946938945179,5
10000,endpoint,20000,0.05,accuracy_drop_selector_with_resampling,56,0.7136296391487121,0.03827783006836434,-0.4157596528530121,0.0642317886379532,11024.0,456.6601581044705,863.2955322265625,55.197965112619784,863.2955322265625,55.197965112619784,5
10000,endpoint,20000,0.05,accuracy_drop_selector_with_resampling,57,0.7134051203727723,0.03831396954365517,-0.41536481976509093,0.06424237537903257,11011.6,459.68880778196024,868.3460327148438,55.5995435244915,868.3460327148438,55.5995435244915,5
10000,endpoint,20000,0.05,accuracy_drop_selector_with_resampling,58,0.71323162317276,0.03825078298499203,-0.4150011122226715,0.06424917017605654,11002.2,459.72132863290125,873.0868286132812,55.995373160569315,873.0868286132812,55.995373160569315,5
10000,endpoint,20000,0.05,accuracy_drop_selector_with_resampling,59,0.7129560589790345,0.03819116663728759,-0.41465415954589846,0.0642629108223095,10991.2,457.0817213584459,877.5696533203125,56.35169981957005,877.5696533203125,56.35169981957005,5
10000,endpoint,20000,0.05,accuracy_drop_selector_with_resampling,60,0.7128437995910645,0.03823862067706504,-0.4143359899520874,0.0642657808728756,10979.6,457.69946471456575,881.8165893554688,56.70334886966006,881.8165893554688,56.70334886966006,5
10000,endpoint,20000,0.05,accuracy_drop_selector_with_resampling,61,0.7126192808151245,0.03826586882627099,-0.4140276968479156,0.06428505841378503,10966.8,456.12958685005293,885.8955688476562,57.0404850326747,885.8955688476562,57.0404850326747,5
10000,endpoint,20000,0.05,accuracy_drop_selector_with_resampling,62,0.7124968051910401,0.03824383867707466,-0.4137351632118225,0.06429018815808998,10958.6,452.54756656068764,889.7853515625,57.35179390130182,889.7853515625,57.35179390130182,5
10000,endpoint,20000,0.05,accuracy_drop_selector_with_resampling,63,0.7122620940208435,0.03831273568985855,-0.4134634852409363,0.06428923232794859,10954.0,451.843446339548,893.5207153320313,57.65931400085532,893.5207153320313,57.65931400085532,5
10000,endpoint,20000,0.05,accuracy_drop_selector_with_resampling,64,0.7120477557182312,0.03838659597891482,-0.413189560174942,0.06429783699695997,10945.2,453.9677301306779,897.1266967773438,57.958964275051315,897.1266967773438,57.958964275051315,5
10000,endpoint,20000,0.05,accuracy_drop_selector_with_resampling,65,0.7119661211967468,0.038444499344576374,-0.4129409730434418,0.06429921094207397,10936.8,452.00962379135245,900.6011596679688,58.24450879206882,900.6011596679688,58.24450879206882,5
10000,endpoint,20000,0.05,accuracy_drop_selector_with_resampling,66,0.711741590499878,0.03839031027754719,-0.4126884400844574,0.06430382057841304,10928.8,451.62395862044343,903.9671264648438,58.522532242838736,903.9671264648438,58.522532242838736,5
10000,endpoint,20000,0.05,accuracy_drop_selector_with_resampling,67,0.7115681052207947,0.038364282675412684,-0.4124517500400543,0.06430682286628511,10923.0,451.5268541294083,907.2345581054688,58.805294626657556,907.2345581054688,58.805294626657556,5
10000,endpoint,20000,0.05,accuracy_drop_selector_with_resampling,68,0.7114048004150391,0.038281616907460146,-0.4122211694717407,0.06431405097066362,10912.0,453.94493058079195,910.4011474609375,59.06475796698592,910.4011474609375,59.06475796698592,5
10000,endpoint,20000,0.05,accuracy_drop_selector_with_resampling,69,0.711272132396698,0.03830362421570325,-0.41199644207954406,0.06431942743960385,10907.8,453.9704836220082,913.4866943359375,59.3207360274437,913.4866943359375,59.3207360274437,5
10000,endpoint,20000,0.05,accuracy_drop_selector_with_resampling,70,0.7111496686935425,0.03829436143775921,-0.411771285533905,0.06432953069179746,10898.6,452.49176788091955,916.4879028320313,59.56973816779886,916.4879028320313,59.56973816779886,5
10000,endpoint,20000,0.05,accuracy_drop_selector_with_resampling,71,0.711027204990387,0.03832494099608462,-0.4115666627883911,0.06433698316538689,10892.6,454.1489843652631,919.419287109375,59.82287082899662,919.419287109375,59.82287082899662,5
10000,endpoint,20000,0.05,accuracy_drop_selector_with_resampling,72,0.7108434915542603,0.038284095268986566,-0.4113620460033417,0.0643436045751471,10881.8,451.18421958220125,922.2720458984375,60.06150472188323,922.2720458984375,60.06150472188323,5
10000,endpoint,20000,0.05,accuracy_drop_selector_with_resampling,73,0.7107312321662903,0.03837444051196798,-0.4111660361289978,0.0643539299511841,10875.6,455.90437593863913,925.0644409179688,60.29077172972878,925.0644409179688,60.29077172972878,5
10000,endpoint,20000,0.05,accuracy_drop_selector_with_resampling,74,0.7105883359909058,0.038363833260395074,-0.41097958087921144,0.06435280666444518,10866.4,455.83527726581235,927.7929077148438,60.52259905583547,927.7929077148438,60.52259905583547,5
10000,endpoint,20000,0.05,accuracy_drop_selector_with_resampling,75,0.7104760885238648,0.03838216583550894,-0.4107877552509308,0.06435652178315521,10861.8,457.18508287125906,930.4630249023437,60.75216300492119,930.4630249023437,60.75216300492119,5
10000,endpoint,20000,0.05,accuracy_drop_selector_with_resampling,76,0.7103740453720093,0.03832996752844023,-0.41059632897377013,0.0643556191289689,10855.0,456.52108385046137,933.0781005859375,60.975648448316804,933.0781005859375,60.975648448316804,5
10000,endpoint,20000,0.05,accuracy_drop_selector_with_resampling,77,0.7102107524871826,0.038306994872359,-0.4104155242443085,0.0643634640746282,10848.8,459.512459025868,935.641259765625,61.197464945355975,935.641259765625,61.197464945355975,5
10000,endpoint,20000,0.05,accuracy_drop_selector_with_resampling,78,0.7101494908332825,0.038405170975729944,-0.41024433374404906,0.06436365636929946,10843.4,457.6191648084682,938.1561889648438,61.415232338765215,938.1561889648438,61.415232338765215,5
10000,endpoint,20000,0.05,accuracy_drop_selector_with_resampling,79,0.710047447681427,0.038454525279869846,-0.4100649356842041,0.06437527126096783,10836.2,457.85008463469785,940.6281127929688,61.62903452883938,940.6281127929688,61.62903452883938,5
10000,endpoint,20000,0.05,accuracy_drop_selector_with_resampling,80,0.7098943710327148,0.03844613655810023,-0.40990185737609863,0.06438013973521697,10831.6,460.95693942059273,943.0534790039062,61.84114422624698,943.0534790039062,61.84114422624698,5
10000,endpoint,20000,0.05,accuracy_drop_selector_with_resampling,81,0.7097106575965881,0.03835358409374779,-0.4097322165966034,0.06437184986408441,10826.8,458.6727591649628,945.4391235351562,62.05396679846693,945.4391235351562,62.05396679846693,5
10000,endpoint,20000,0.05,accuracy_drop_selector_with_resampling,82,0.7097208619117736,0.03836716162025812,-0.40956907868385317,0.06438022962752869,10821.4,459.88563795796017,947.7763793945312,62.25761059230647,947.7763793945312,62.25761059230647,5
10000,endpoint,20000,0.05,accuracy_drop_selector_with_resampling,83,0.7096086025238038,0.0383663746976875,-0.40940457582473755,0.06438589028285023,10818.0,460.1483456451843,950.0814331054687,62.46228272740223,950.0814331054687,62.46228272740223,5
10000,endpoint,20000,0.05,accuracy_drop_selector_with_resampling,84,0.7095269680023193,0.03838978263107036,-0.4092527389526367,0.06438483561512827,10810.4,460.1720330485111,952.35361328125,62.66418530121071,952.35361328125,62.66418530121071,5
10000,endpoint,20000,0.05,accuracy_drop_selector_with_resampling,85,0.7094759345054626,0.03847112831372108,-0.40908884406089785,0.06438516769806792,10806.2,462.8922120753383,954.587158203125,62.86758084594551,954.587158203125,62.86758084594551,5
10000,endpoint,20000,0.05,accuracy_drop_selector_with_resampling,86,0.7093126535415649,0.038450455527465684,-0.4089447379112244,0.06438815287354874,10802.0,463.3708018423258,956.7846923828125,63.06411602209337,956.7846923828125,63.06411602209337,5
10000,endpoint,20000,0.05,accuracy_drop_selector_with_resampling,87,0.7092820405960083,0.038408058233521274,-0.4087932527065277,0.0643960503338199,10798.6,463.87638439567064,958.9557983398438,63.260950833977645,958.9557983398438,63.260950833977645,5
10000,endpoint,20000,0.05,accuracy_drop_selector_with_resampling,88,0.7091289401054383,0.03843168782997962,-0.40865461230278016,0.0643955021407527,10794.4,465.3738282284469,961.0881958007812,63.451871639732644,961.0881958007812,63.451871639732644,5
10000,endpoint,20000,0.05,accuracy_drop_selector_with_resampling,89,0.709088122844696,0.03847288160372776,-0.4085056722164154,0.0643998596807752,10788.8,466.9873659961263,963.196435546875,63.6452399120066,963.196435546875,63.6452399120066,5
10000,endpoint,20000,0.05,accuracy_drop_selector_with_resampling,90,0.7090268850326538,0.038470583528475356,-0.4083678722381592,0.06440724682575763,10783.8,466.6172950073754,965.2722290039062,63.83204116933265,965.2722290039062,63.83204116933265,5
10000,endpoint,20000,0.05,accuracy_drop_selector_with_resampling,91,0.7089656591415405,0.03843200910631878,-0.408225417137146,0.06440051325879416,10781.2,466.71158117192675,967.3196411132812,64.02056561418296,967.3196411132812,64.02056561418296,5
10000,endpoint,20000,0.05,accuracy_drop_selector_with_resampling,92,0.7088738083839417,0.03843302938169305,-0.4080925166606903,0.06441040344768502,10776.6,466.15802041796945,969.3422973632812,64.20401069869675,969.3422973632812,64.20401069869675,5
10000,endpoint,20000,0.05,accuracy_drop_selector_with_resampling,93,0.7087309241294861,0.038493485364514884,-0.4079532861709595,0.06441000552101163,10775.0,467.7643637559407,971.3396484375,64.3899556631383,971.3396484375,64.3899556631383,5
10000,endpoint,20000,0.05,accuracy_drop_selector_with_resampling,94,0.7086492776870728,0.03849682328627953,-0.40781540870666505,0.06441651787356499,10772.0,464.033942724021,973.3108276367187,64.57013182728167,973.3108276367187,64.57013182728167,5
10000,endpoint,20000,0.05,accuracy_drop_selector_with_resampling,95,0.7085880637168884,0.038466917062453136,-0.4076871335506439,0.06441896057833088,10767.6,464.755096798303,975.2584106445313,64.74445057900377,975.2584106445313,64.74445057900377,5
10000,endpoint,20000,0.05,accuracy_drop_selector_with_resampling,96,0.7084655880928039,0.03840406804386987,-0.407550060749054,0.06442519706769514,10763.8,465.1195545233505,977.18447265625,64.92421148312134,977.18447265625,64.92421148312134,5
10000,endpoint,20000,0.05,accuracy_drop_selector_with_resampling,97,0.7083941459655761,0.038373701945349836,-0.4074280679225922,0.0644169070898161,10760.2,466.9354345088837,979.0829711914063,65.10329210843366,979.0829711914063,65.10329210843366,5
10000,endpoint,20000,0.05,accuracy_drop_selector_with_resampling,98,0.7082410454750061,0.038465684008302185,-0.40728588700294494,0.06442070974314996,10757.4,465.56986586333096,980.9681884765625,65.28128746067249,980.9681884765625,65.28128746067249,5
10000,endpoint,20000,0.05,accuracy_drop_selector_with_resampling,99,0.708220648765564,0.038497507542075565,-0.40715951323509214,0.06441979407291146,10752.8,469.43923994485164,982.8318115234375,65.45390219336272,982.8318115234375,65.45390219336272,5
10000,endpoint,20000,0.05,accuracy_drop_selector_with_resampling,100,0.7081900358200073,0.03849120628231612,-0.40703597068786623,0.06442729507167128,10750.2,468.228256302415,984.6723388671875,65.62581542850423,984.6723388671875,65.62581542850423,5
10000,endpoint,20000,0.05,accuracy_drop_selector_with_resampling,101,0.7081185936927795,0.03852627163121016,-0.40690627694129944,0.0644284847986315,10745.4,467.11272729395847,986.494970703125,65.79510276816674,986.494970703125,65.79510276816674,5
10000,endpoint,20000,0.05,accuracy_drop_selector_with_resampling,102,0.707996129989624,0.03851306044417684,-0.40679108500480654,0.06442688369821856,10740.8,469.7059718589918,988.2937377929687,65.96846441436544,988.2937377929687,65.96846441436544,5
10000,endpoint,20000,0.05,accuracy_drop_selector_with_resampling,103,0.7079961061477661,0.038518121395398536,-0.40667099952697755,0.06443061812437892,10738.4,470.10190384638946,990.0789794921875,66.13376457439615,990.0789794921875,66.13376457439615,5
10000,endpoint,20000,0.05,accuracy_drop_selector_with_resampling,104,0.7078532457351685,0.038428961555468266,-0.4065548241138458,0.06443425622992927,10734.8,471.0501034921869,991.8414916992188,66.2998053036918,991.8414916992188,66.2998053036918,5
10000,endpoint,20000,0.05,accuracy_drop_selector_with_resampling,105,0.7077613949775696,0.03843386512829544,-0.40642484426498415,0.06443275927335047,10730.4,473.6394198121605,993.59052734375,66.46222960042412,993.59052734375,66.46222960042412,5
10000,endpoint,20000,0.05,accuracy_drop_selector_with_resampling,106,0.7077103614807129,0.03840653592902871,-0.4063197672367096,0.06443512433227215,10727.4,471.944700150346,995.3200927734375,66.62641027180936,995.3200927734375,66.62641027180936,5
10000,endpoint,20000,0.05,accuracy_drop_selector_with_resampling,107,0.7076797485351562,0.038428571233304454,-0.4062006950378418,0.06444059357207324,10726.0,472.24940444642175,997.0325439453125,66.78882456595537,997.0325439453125,66.78882456595537,5
10000,endpoint,20000,0.05,accuracy_drop_selector_with_resampling,108,0.7075470805168151,0.03840222154459563,-0.4060931861400604,0.0644398861300056,10724.6,472.334944716141,998.7268188476562,66.94391866363237,998.7268188476562,66.94391866363237,5
10000,endpoint,20000,0.05,accuracy_drop_selector_with_resampling,109,0.707485830783844,0.038388217306435574,-0.40597727298736574,0.0644409933522071,10719.4,471.9425812532707,1000.4061157226563,67.10224154732569,1000.4061157226563,67.10224154732569,5
10000,endpoint,20000,0.05,accuracy_drop_selector_with_resampling,110,0.7074552178382874,0.03836552936640938,-0.4058676242828369,0.06444627884875384,10714.2,468.8663988813871,1002.0693359375,67.25628986694451,1002.0693359375,67.25628986694451,5
10000,endpoint,20000,0.05,accuracy_drop_selector_with_resampling,111,0.7073837757110596,0.038358802553882625,-0.4057562291622162,0.06444032463280505,10709.8,469.34283844541613,1003.7173828125,67.41611109710051,1003.7173828125,67.41611109710051,5
10000,endpoint,20000,0.05,accuracy_drop_selector_with_resampling,112,0.7073021411895752,0.03829638295403062,-0.4056420624256134,0.0644591947874924,10707.6,469.3280302730703,1005.3507934570313,67.56773406446077,1005.3507934570313,67.56773406446077,5
10000,endpoint,20000,0.05,accuracy_drop_selector_with_resampling,113,0.7072817325592041,0.03829290882314261,-0.4055361390113831,0.06444271476861009,10701.6,471.1404249265817,1006.97041015625,67.72014971990703,1006.97041015625,67.72014971990703,5
10000,endpoint,20000,0.05,accuracy_drop_selector_with_resampling,114,0.7072204947471619,0.03828481323416012,-0.4054348051548004,0.06444870950660281,10699.2,471.4098004920984,1008.5752319335937,67.87201551952558,1008.5752319335937,67.87201551952558,5
10000,endpoint,20000,0.05,accuracy_drop_selector_with_resampling,115,0.7071796655654907,0.038275955216299076,-0.4053236722946167,0.0644571270300552,10695.2,471.1111333857437,1010.1663330078125,68.02176823323084,1010.1663330078125,68.02176823323084,5
10000,endpoint,20000,0.05,accuracy_drop_selector_with_resampling,116,0.7071286320686341,0.03830399368453439,-0.40521600246429446,0.06445670635414098,10689.6,469.9061608449074,1011.74267578125,68.16629675889749,1011.74267578125,68.16629675889749,5
10000,endpoint,20000,0.05,accuracy_drop_selector_with_resampling,117,0.7070776104927063,0.03826943882768382,-0.40511510968208314,0.0644670684092878,10685.2,470.5610481117195,1013.3080444335938,68.31301707659824,1013.3080444335938,68.31301707659824,5
10000,endpoint,20000,0.05,accuracy_drop_selector_with_resampling,118,0.7069347262382507,0.038271003648700896,-0.4050147354602814,0.0644624360037689,10682.6,471.4024819620703,1014.860888671875,68.46625352880312,1014.860888671875,68.46625352880312,5
10000,endpoint,20000,0.05,accuracy_drop_selector_with_resampling,119,0.7068734884262085,0.038237299611742465,-0.4049083054065704,0.06446743597185402,10677.8,472.13260849045366,1016.398486328125,68.60989978213198,1016.398486328125,68.60989978213198,5
10000,endpoint,20000,0.05,accuracy_drop_selector_with_resampling,120,0.7068428754806518,0.0382669477055306,-0.40479803681373594,0.0644621030672525,10673.8,472.9040071727031,1017.9272705078125,68.75852784014789,1017.9272705078125,68.75852784014789,5
10000,endpoint,20000,0.05,accuracy_drop_selector_with_resampling,121,0.706751024723053,0.038246382166863706,-0.4047043263912201,0.06446620479147855,10669.6,472.4492565344981,1019.4424682617188,68.90301400698333,1019.4424682617188,68.90301400698333,5
10000,endpoint,20000,0.05,accuracy_drop_selector_with_resampling,122,0.7066693902015686,0.03821258947928427,-0.40459983944892886,0.06447051286861691,10665.6,471.7958244834305,1020.946826171875,69.0459512493502,1020.946826171875,69.0459512493502,5
10000,endpoint,20000,0.05,accuracy_drop_selector_with_resampling,123,0.7066081523895263,0.03818658842841743,-0.4045050323009491,0.06446491268705797,10659.8,472.1204295516134,1022.4372192382813,69.18521349449442,1022.4372192382813,69.18521349449442,5
10000,endpoint,20000,0.05,accuracy_drop_selector_with_resampling,124,0.706618356704712,0.038116333084235524,-0.40440942645072936,0.06446685401812663,10656.2,470.53342070462963,1023.9165283203125,69.32914624856929,1023.9165283203125,69.32914624856929,5
10000,endpoint,20000,0.05,accuracy_drop_selector_with_resampling,125,0.7065673232078552,0.038060927696392424,-0.4043039739131927,0.06446938153280454,10653.8,470.48294336776974,1025.3845947265625,69.47078596928903,1025.3845947265625,69.47078596928903,5
10000,endpoint,20000,0.05,accuracy_drop_selector_with_resampling,126,0.7065367102622986,0.03804110916490928,-0.40420642495155334,0.06447052432167161,10648.4,470.5893113958285,1026.8446899414062,69.60765845288186,1026.8446899414062,69.60765845288186,5
10000,endpoint,20000,0.05,accuracy_drop_selector_with_resampling,127,0.7064754843711853,0.03808509761434486,-0.40411716103553774,0.06447721137051177,10645.0,470.2685403043669,1028.2911987304688,69.74829884749825,1028.2911987304688,69.74829884749825,5
10000,endpoint,20000,0.05,accuracy_drop_selector_with_resampling,128,0.7064448714256286,0.03805079907696016,-0.40402778387069704,0.06449262641031762,10643.6,471.47354114520573,1029.7291870117188,69.88385571987979,1029.7291870117188,69.88385571987979,5
10000,endpoint,20000,0.05,accuracy_drop_selector_with_resampling,129,0.7064448595046997,0.038050967317520855,-0.403936904668808,0.06447594102012395,10640.0,470.6787651891681,1031.1530883789062,70.02347467105594,1031.1530883789062,70.02347467105594,5
10000,endpoint,20000,0.05,accuracy_drop_selector_with_resampling,130,0.7063632249832154,0.03815941970216468,-0.403848671913147,0.06448996710289387,10637.2,470.6927872827456,1032.5676391601562,70.15605799903064,1032.5676391601562,70.15605799903064,5
10000,endpoint,20000,0.05,accuracy_drop_selector_with_resampling,131,0.7062203288078308,0.038104972230926376,-0.40375524163246157,0.06448788458691342,10634.8,469.78633441171957,1033.9700805664063,70.29352514818922,1033.9700805664063,70.29352514818922,5
10000,endpoint,20000,0.05,accuracy_drop_selector_with_resampling,132,0.7061897039413452,0.038086550271076304,-0.40365915894508364,0.06449268691305537,10628.8,468.9351767568733,1035.3685791015625,70.42838876559286,1035.3685791015625,70.42838876559286,5
10000,endpoint,20000,0.05,accuracy_drop_selector_with_resampling,133,0.7061182737350464,0.03807087583939381,-0.40356982350349424,0.06449129449794425,10625.4,468.16802539259345,1036.7532348632812,70.56415624425944,1036.7532348632812,70.56415624425944,5
10000,endpoint,20000,0.05,accuracy_drop_selector_with_resampling,134,0.7060876607894897,0.03808960917297785,-0.4034790933132172,0.06448349507790614,10622.2,468.05042463392766,1038.1293334960938,70.6982556014065,1038.1293334960938,70.6982556014065,5
10000,endpoint,20000,0.05,accuracy_drop_selector_with_resampling,135,0.7060468435287476,0.03806742556574481,-0.40339959859848024,0.06449204725265316,10618.2,468.1364117434148,1039.4971923828125,70.82918686952284,1039.4971923828125,70.82918686952284,5
10000,endpoint,20000,0.05,accuracy_drop_selector_with_resampling,136,0.7060264348983765,0.03804918425632667,-0.40330049991607664,0.06449864391489313,10615.4,466.4877275984868,1040.8568481445313,70.96046819723318,1040.8568481445313,70.96046819723318,5
10000,endpoint,20000,0.05,accuracy_drop_selector_with_resampling,137,0.7060060262680053,0.03807034926708998,-0.40322065353393555,0.06448754758971083,10614.4,465.52690577452125,1042.2049438476563,71.08957446645921,1042.2049438476563,71.08957446645921,5
10000,endpoint,20000,0.05,accuracy_drop_selector_with_resampling,138,0.7058937668800354,0.03804748265139745,-0.4031324088573456,0.06449702036741109,10610.8,465.9589037672743,1043.5444458007812,71.21950481222672,1043.5444458007812,71.21950481222672,5
10000,endpoint,20000,0.05,accuracy_drop_selector_with_resampling,139,0.7058733582496644,0.0380409882107037,-0.4030334770679474,0.06448623638741194,10611.2,467.3186279188965,1044.876416015625,71.35178803874292,1044.876416015625,71.35178803874292,5
10000,endpoint,20000,0.05,accuracy_drop_selector_with_resampling,140,0.7058121204376221,0.03803936672538103,-0.40295642614364624,0.06449621976453107,10608.0,468.02831110948836,1046.1979125976563,71.48085271755757,1046.1979125976563,71.48085271755757,5
10000,endpoint,20000,0.05,accuracy_drop_selector_with_resampling,141,0.7057508826255798,0.0380648700439611,-0.4028763771057129,0.06449870163544537,10604.4,468.31858814273005,1047.5126586914062,71.6072703049195,1047.5126586914062,71.6072703049195,5
10000,endpoint,20000,0.05,accuracy_drop_selector_with_resampling,142,0.7057100534439087,0.038128447507349596,-0.4027862727642059,0.06448962268532402,10602.4,468.4264083076444,1048.8177124023437,71.73589680499519,1048.8177124023437,71.73589680499519,5
10000,endpoint,20000,0.05,accuracy_drop_selector_with_resampling,143,0.7056488156318664,0.038115629123593064,-0.4027013719081879,0.0644982623146243,10601.6,467.6037852712486,1050.1181640625,71.86314078399586,1050.1181640625,71.86314078399586,5
10000,endpoint,20000,0.05,accuracy_drop_selector_with_resampling,144,0.7056182026863098,0.03818984685373007,-0.40262975692749026,0.06449567801777151,10599.6,466.88788804165824,1051.4081909179688,71.98696795555256,1051.4081909179688,71.98696795555256,5
10000,endpoint,20000,0.05,accuracy_drop_selector_with_resampling,145,0.7055773735046387,0.03822896249549311,-0.40253440141677854,0.06450285327281206,10595.8,466.2935770520542,1052.6912109375,72.11398117239663,1052.6912109375,72.11398117239663,5
10000,endpoint,20000,0.05,accuracy_drop_selector_with_resampling,146,0.7054855346679687,0.038196262062460476,-0.4024560272693634,0.06450115927368762,10594.8,466.5251332993754,1053.9657104492187,72.24096727586543,1053.9657104492187,72.24096727586543,5
10000,endpoint,20000,0.05,accuracy_drop_selector_with_resampling,147,0.705414080619812,0.03824969376180092,-0.40237773656845094,0.06451021966223346,10592.4,465.4705146408309,1055.23212890625,72.36335063856868,1055.23212890625,72.36335063856868,5
10000,endpoint,20000,0.05,accuracy_drop_selector_with_resampling,148,0.7054038882255554,0.03819279806961829,-0.40229072570800783,0.06450355003551954,10588.8,466.08282525748575,1056.4921020507813,72.4880100061804,1056.4921020507813,72.4880100061804,5
10000,endpoint,20000,0.05,accuracy_drop_selector_with_resampling,149,0.7053528547286987,0.03822597187343911,-0.4022021353244781,0.06450156798551102,10586.2,467.2683383239228,1057.74404296875,72.61361865622392,1057.74404296875,72.61361865622392,5
10000,endpoint,20000,0.05,none,-1,0.7678624391555786,0.038630936334284466,-0.5034046530723572,0.06379191930079747,0.0,0.0,0.0,0.0,0.0,0.0,5
10000,endpoint,20000,0.05,none,0,0.767678725719452,0.03863919692462587,-0.5034147202968597,0.06378858407813526,10107.0,513.3176404527708,5.298001384735107,0.6132609986746071,5.298001384735107,0.6132609986746071,5
10000,endpoint,20000,0.05,none,1,0.7674337744712829,0.0386248658890559,-0.5031656682491302,0.06379240704567656,14835.6,355.5549184022069,13.547436714172363,1.504341055785787,13.547436714172363,1.504341055785787,5
10000,endpoint,20000,0.05,none,2,0.7669745326042176,0.03860037675769409,-0.5027823925018311,0.06384502397207578,14962.2,225.6461832161138,24.05231285095215,2.494449577396005,24.05231285095215,2.494449577396005,5
10000,endpoint,20000,0.05,none,3,0.7660968422889709,0.03898631324877518,-0.502042144536972,0.06391871420546465,14931.8,232.33531802117386,36.16318588256836,3.630834440204186,36.16318588256836,3.630834440204186,5
10000,endpoint,20000,0.05,none,4,0.7651273131370544,0.03912795491449092,-0.5009370028972626,0.0640291309055758,14890.6,204.50623462378843,50.13176956176758,4.806368168668358,50.13176956176758,4.806368168668358,5
10000,endpoint,20000,0.05,none,5,0.7639638781547546,0.03936181477807308,-0.4994487166404724,0.06413548617144854,14858.8,262.51799938289946,65.72430267333985,6.059886368048104,65.72430267333985,6.059886368048104,5
10000,endpoint,20000,0.05,none,6,0.7626473307609558,0.03946386541831916,-0.4976471304893494,0.06425252830222002,14823.6,247.7514883910892,82.50566864013672,7.29417766447703,82.50566864013672,7.29417766447703,5
10000,endpoint,20000,0.05,none,7,0.7613614320755004,0.039493994374064235,-0.49563816785812376,0.06434625564656422,14786.2,247.45140937161784,100.23086853027344,8.401454402936848,100.23086853027344,8.401454402936848,5
10000,endpoint,20000,0.05,none,8,0.7600244998931884,0.03963609914692422,-0.4935212016105652,0.06442986805192459,14734.0,254.61441436022432,118.60195770263672,9.433932993834159,118.60195770263672,9.433932993834159,5
10000,endpoint,20000,0.05,none,9,0.7587079524993896,0.0396159220248725,-0.4913106620311737,0.06444983254007745,14655.8,266.7558809098686,137.2619598388672,10.46636914946579,137.2619598388672,10.46636914946579,5
10000,endpoint,20000,0.05,none,10,0.75720773935318,0.039649634455747276,-0.4890724360942841,0.0644781122731607,14650.2,254.4154083384102,156.14353942871094,11.519210122973808,156.14353942871094,11.519210122973808,5
10000,endpoint,20000,0.05,none,11,0.7561667680740356,0.03965164054794536,-0.4868617594242096,0.06449054020526408,14611.6,210.0007142844995,175.04404907226564,12.476246160537507,175.04404907226564,12.476246160537507,5
10000,endpoint,20000,0.05,none,12,0.7547379612922669,0.03962043218346924,-0.4846650242805481,0.06448978384728965,14532.2,291.82477619283804,193.93040161132814,13.510163871374724,193.93040161132814,13.510163871374724,5
10000,endpoint,20000,0.05,none,13,0.7533806204795838,0.03976218699293681,-0.4825000882148743,0.06447059990797735,14478.8,190.41323483413646,212.71069946289063,14.498769936230245,212.71069946289063,14.498769936230245,5
10000,endpoint,20000,0.05,none,14,0.7523192286491394,0.039764642442071826,-0.4803969204425812,0.06444771701775845,14417.4,213.4837230329282,231.43289794921876,15.486043257167447,231.43289794921876,15.486043257167447,5
10000,endpoint,20000,0.05,none,15,0.7512272357940674,0.03981838353018253,-0.47831847071647643,0.06439247492535739,14347.4,237.6053450577238,250.0214080810547,16.492188363088506,250.0214080810547,16.492188363088506,5
10000,endpoint,20000,0.05,none,16,0.7501045942306519,0.03956148107422006,-0.4762600719928741,0.06433054027894149,14299.8,194.52814706360618,268.4769592285156,17.50968745379596,268.4769592285156,17.50968745379596,5
10000,endpoint,20000,0.05,none,17,0.7490023970603943,0.03938731033255296,-0.47429301142692565,0.06428092002118412,14241.2,231.12161300925536,286.6993041992188,18.517010948645392,286.6993041992188,18.517010948645392,5
10000,endpoint,20000,0.05,none,18,0.7479716181755066,0.03935338912387534,-0.4723482847213745,0.06420564097227698,14167.0,208.76182601232438,304.7679809570312,19.560000038233117,304.7679809570312,19.560000038233117,5
10000,endpoint,20000,0.05,none,19,0.7467265486717224,0.03956250548158931,-0.4704225718975067,0.06414480724260899,14164.2,188.99920634754,322.761572265625,20.6462993045328,322.761572265625,20.6462993045328,5
10000,endpoint,20000,0.05,none,20,0.7457365989685059,0.03943116269315069,-0.46858344674110414,0.06406408766129533,14098.8,219.2161034230834,340.51723022460936,21.799661252717026,340.51723022460936,21.799661252717026,5
10000,endpoint,20000,0.05,none,21,0.7446547985076905,0.03961371279637281,-0.46674531102180483,0.06401651244211923,14023.2,207.1586348670989,358.1392395019531,22.90523581824571,358.1392395019531,22.90523581824571,5
10000,endpoint,20000,0.05,none,22,0.7435117602348328,0.03938205663565778,-0.4649880290031433,0.06395831405952752,13986.4,201.72580400137213,375.541552734375,23.954314096121,375.541552734375,23.954314096121,5
10000,endpoint,20000,0.05,none,23,0.7425830364227295,0.03946401297038234,-0.4632581233978271,0.06389557047358214,13980.0,190.80225365545346,392.82025756835935,25.1043079459144,392.82025756835935,25.1043079459144,5
10000,endpoint,20000,0.05,none,24,0.7414298176765441,0.039493402352366154,-0.4615759551525116,0.06382567657214024,13963.4,208.38378055885252,409.9865661621094,26.234690156942037,409.9865661621094,26.234690156942037,5
10000,endpoint,20000,0.05,none,25,0.740521514415741,0.039377994439241365,-0.45990775227546693,0.06379551766286158,13896.0,198.91329769525214,426.97051391601565,27.371265844744478,426.97051391601565,27.371265844744478,5
10000,endpoint,20000,0.05,none,26,0.7394805312156677,0.03947633341697087,-0.4583077609539032,0.06376250918453247,13877.6,219.61967125009545,443.79058837890625,28.463726644975228,443.79058837890625,28.463726644975228,5
10000,endpoint,20000,0.05,none,27,0.7386436581611633,0.039229031294280584,-0.4567026674747467,0.06371738806541312,13843.6,178.96312469332892,460.4689025878906,29.526735337493335,460.4689025878906,29.526735337493335,5
10000,endpoint,20000,0.05,none,28,0.7377966046333313,0.039123527761810495,-0.45516818165779116,0.06366320558710559,13796.4,194.2171465138956,477.0337219238281,30.56929153534151,477.0337219238281,30.56929153534151,5
10000,endpoint,20000,0.05,none,29,0.736735212802887,0.03926501995827644,-0.4536425471305847,0.0636132568949723,13755.8,213.32299454114175,493.46160278320315,31.61171468832185,493.46160278320315,31.61171468832185,5
10000,endpoint,20000,0.05,none,30,0.7359187722206115,0.03907771563444254,-0.4521676242351532,0.06356728434391401,13716.0,226.08405516533006,509.6691528320313,32.607220553890265,509.6691528320313,32.607220553890265,5
10000,endpoint,20000,0.05,none,31,0.7350614905357361,0.03929381535435556,-0.4506980061531067,0.0635238832313435,13718.4,189.43151796889555,525.8278381347657,33.51141453797327,525.8278381347657,33.51141453797327,5
10000,endpoint,20000,0.05,none,32,0.7344389438629151,0.0392378069967365,-0.4492731630802155,0.063498798620738,13682.0,142.23220451079285,541.864599609375,34.46998295256752,541.864599609375,34.46998295256752,5
10000,endpoint,20000,0.05,none,33,0.7337449789047241,0.039294714115522864,-0.4478494763374329,0.06345645639109003,13618.6,226.6589949682121,557.7650146484375,35.41525950227129,557.7650146484375,35.41525950227129,5
10000,endpoint,20000,0.05,none,34,0.7329182982444763,0.03935784035509163,-0.4464496672153473,0.06342996767373571,13585.4,191.52232245876718,573.59697265625,36.25951348494735,573.59697265625,36.25951348494735,5
10000,endpoint,20000,0.05,none,35,0.7319385647773743,0.039475054190957676,-0.44512203335762024,0.06339743924118217,13635.6,145.0044826893293,589.320458984375,37.083280939458504,589.320458984375,37.083280939458504,5
10000,endpoint,20000,0.05,none,36,0.7311425328254699,0.03935365612314792,-0.44378995299339297,0.06338073700870156,13611.8,204.6233124548618,604.9036987304687,37.94475625154498,604.9036987304687,37.94475625154498,5
10000,endpoint,20000,0.05,none,37,0.7304587364196777,0.03933109396559898,-0.44248766303062437,0.06335717074463776,13530.2,168.84667601110777,620.356787109375,38.72029456656903,620.356787109375,38.72029456656903,5
10000,endpoint,20000,0.05,none,38,0.7296218872070312,0.03916477244562782,-0.44120686054229735,0.0633178569528628,13522.2,179.20435262571053,635.722021484375,39.53900853083922,635.722021484375,39.53900853083922,5
10000,endpoint,20000,0.05,none,39,0.7287748217582702,0.039023457448166626,-0.4399481236934662,0.06330839934528139,13510.6,163.27063422428418,650.9677734375,40.30239785927164,650.9677734375,40.30239785927164,5
10000,endpoint,20000,0.05,none,40,0.7282237052917481,0.03907137856901557,-0.43869989514350893,0.06326147197343691,13473.8,190.54579502051467,666.1095336914062,41.08954252096271,666.1095336914062,41.08954252096271,5
10000,endpoint,20000,0.05,none,41,0.7275093197822571,0.03908669636498471,-0.4374895811080933,0.06322211131867636,13441.4,213.66164840700822,681.154833984375,41.839586885555235,681.154833984375,41.839586885555235,5
10000,endpoint,20000,0.05,none,42,0.7268663644790649,0.03897039713899649,-0.43627941608428955,0.06317442138415963,13472.8,154.99903225504346,696.1552490234375,42.558438649199104,696.1552490234375,42.558438649199104,5
10000,endpoint,20000,0.05,none,43,0.726151955127716,0.038945618969236685,-0.4351058781147003,0.06313073891019279,13403.8,169.31390964714032,710.9996337890625,43.24203268848747,710.9996337890625,43.24203268848747,5
10000,endpoint,20000,0.05,none,44,0.725284481048584,0.039033882444359236,-0.43395659923553465,0.06309646373123629,13382.8,217.24111028992647,725.7642456054688,43.95834030562236,725.7642456054688,43.95834030562236,5
10000,endpoint,20000,0.05,none,45,0.7247231721878051,0.03890875491406205,-0.43281041383743285,0.06303629073610945,13454.8,157.50777758574336,740.468701171875,44.61751762821823,740.468701171875,44.61751762821823,5
10000,endpoint,20000,0.05,none,46,0.7239679455757141,0.03874450607384335,-0.43167524337768554,0.06298888967574238,13325.2,204.31030321547664,755.00205078125,45.31060937263986,755.00205078125,45.31060937263986,5
10000,endpoint,20000,0.05,none,47,0.7233045816421508,0.03872438466042871,-0.4305755317211151,0.06295210999436562,13335.2,151.95624370192888,769.5088745117188,45.93764403507949,769.5088745117188,45.93764403507949,5
10000,endpoint,20000,0.05,none,48,0.7227024555206298,0.03842973137186309,-0.42946582436561587,0.06292156000320308,13363.0,150.55065592683414,783.9563598632812,46.59901556903529,783.9563598632812,46.59901556903529,5
10000,endpoint,20000,0.05,none,49,0.7219982504844665,0.038511391668094544,-0.4283930599689484,0.06287436375963128,13272.8,153.9129624170752,798.2434692382812,47.17105422055341,798.2434692382812,47.17105422055341,5
10000,endpoint,20000,0.05,none,50,0.7212940812110901,0.03852402263080818,-0.42732213139534,0.0628204558594166,13259.6,152.02236677541893,813.4106689453125,47.87323124868225,813.4106689453125,47.87323124868225,5
10000,endpoint,20000,0.05,none,51,0.7210083246231079,0.0385796425848293,-0.42626614570617677,0.06278251427132038,13243.0,153.04901175767193,824.019873046875,48.39348927254904,824.019873046875,48.39348927254904,5
10000,endpoint,20000,0.05,none,52,0.7207327604293823,0.03850558008475543,-0.4255090355873108,0.06274991103501114,13230.2,153.49657976645602,832.6603515625,48.80532655239923,832.6603515625,48.80532655239923,5
10000,endpoint,20000,0.05,none,53,0.7205184459686279,0.03842989785546392,-0.4249045789241791,0.06272677086773518,13218.4,150.04432678378745,840.1095947265625,49.1615416178632,840.1095947265625,49.1615416178632,5
10000,endpoint,20000,0.05,none,54,0.7202122688293457,0.03854420351517258,-0.4243995487689972,0.06270243618620326,13209.2,148.4324762307764,846.7541259765625,49.48039006628395,846.7541259765625,49.48039006628395,5
10000,endpoint,20000,0.05,none,55,0.7199877500534058,0.03845090249609898,-0.4239319086074829,0.06268981539475975,13196.6,149.87094448224445,852.7979736328125,49.76934619007551,852.7979736328125,49.76934619007551,5
10000,endpoint,20000,0.05,none,56,0.7197734475135803,0.03848622791031227,-0.42352871894836425,0.06265562014927872,13184.8,149.1884714044621,858.3708618164062,50.02587391795586,858.3708618164062,50.02587391795586,5
10000,endpoint,20000,0.05,none,57,0.7195999383926391,0.038470286146919025,-0.4231415092945099,0.0626382652626384,13178.6,151.36479115038608,863.5775634765625,50.283343979209825,863.5775634765625,50.283343979209825,5
10000,endpoint,20000,0.05,none,58,0.7194162368774414,0.03854002168874853,-0.42279188632965087,0.06262526012984201,13170.0,153.00326793895613,868.4612060546875,50.52878834808151,868.4612060546875,50.52878834808151,5
10000,endpoint,20000,0.05,none,59,0.719181501865387,0.038522197277589404,-0.4224399566650391,0.06261346626907219,13163.4,149.45835540377126,873.09619140625,50.738623249460225,873.09619140625,50.738623249460225,5
10000,endpoint,20000,0.05,none,60,0.7190080165863038,0.03842451555254206,-0.42213437557220457,0.06260900091900609,13157.2,150.86318305007356,877.4991455078125,50.94718303008328,877.4991455078125,50.94718303008328,5
10000,endpoint,20000,0.05,none,61,0.718824303150177,0.03839573230478744,-0.42182537317276003,0.06258617013755303,13150.0,146.3249807790864,881.7156494140625,51.139449840104454,881.7156494140625,51.139449840104454,5
10000,endpoint,20000,0.05,none,62,0.718579363822937,0.038416559571137335,-0.42153663039207456,0.06257771369975462,13143.0,146.86558480460968,885.7498291015625,51.327137494810486,885.7498291015625,51.327137494810486,5
10000,endpoint,20000,0.05,none,63,0.7184671044349671,0.03840734161004898,-0.4212513864040375,0.06256579240195459,13134.4,148.30981086900488,889.639599609375,51.49657568675681,889.639599609375,51.49657568675681,5
10000,endpoint,20000,0.05,none,64,0.7182527899742126,0.03833146697731935,-0.4209887027740479,0.06255413781033312,13125.8,153.80572161008834,893.3880004882812,51.67071494341178,893.3880004882812,51.67071494341178,5
10000,endpoint,20000,0.05,none,65,0.7181201219558716,0.038283520910819054,-0.4207237005233765,0.06253951406435602,13121.4,147.66109846537103,897.0078979492188,51.83789613512876,897.0078979492188,51.83789613512876,5
10000,endpoint,20000,0.05,none,66,0.7179976582527161,0.03828089688013287,-0.42047183513641356,0.06252313135249846,13113.6,147.7609556005916,900.5167602539062,52.009950648851856,900.5167602539062,52.009950648851856,5
10000,endpoint,20000,0.05,none,67,0.7178751945495605,0.03819511588961745,-0.4202267169952393,0.06250604327464174,13108.0,148.3391384631851,903.9191040039062,52.16511675872807,903.9191040039062,52.16511675872807,5
10000,endpoint,20000,0.05,none,68,0.7178343653678894,0.03828691904988261,-0.42000632286071776,0.062489427949091875,13101.2,151.96940481557465,907.2254028320312,52.32376432511619,907.2254028320312,52.32376432511619,5
10000,endpoint,20000,0.05,none,69,0.7176608562469482,0.03820942488830142,-0.41976592540740965,0.06248737977007858,13095.0,150.89400253157845,910.4504150390625,52.472362163374584,910.4504150390625,52.472362163374584,5
10000,endpoint,20000,0.05,none,70,0.717599618434906,0.038189217787425546,-0.4195538401603699,0.06246937387418038,13085.8,154.15479233549632,913.5803588867187,52.61531808877926,913.5803588867187,52.61531808877926,5
10000,endpoint,20000,0.05,none,71,0.7174261331558227,0.03826609439143057,-0.4193423748016357,0.06245520705108243,13080.4,154.519578047573,916.6363037109375,52.75899918110395,916.6363037109375,52.75899918110395,5
10000,endpoint,20000,0.05,none,72,0.7173240900039672,0.038234716099671204,-0.4191327393054962,0.0624448020009194,13074.0,157.378524583248,919.6302612304687,52.90638314795512,919.6302612304687,52.90638314795512,5
10000,endpoint,20000,0.05,none,73,0.7172526478767395,0.038278183612874585,-0.4189366281032562,0.062433928883926106,13068.2,156.3959718151334,922.5457397460938,53.04080234638451,922.5457397460938,53.04080234638451,5
10000,endpoint,20000,0.05,none,74,0.7171403884887695,0.038248490935171964,-0.41873363852500917,0.06241693358339014,13063.6,156.76670564887175,925.4028564453125,53.18093299304925,925.4028564453125,53.18093299304925,5
10000,endpoint,20000,0.05,none,75,0.7169362545013428,0.03812789600828427,-0.4185376286506653,0.06240712665105888,13059.8,157.0786427239553,928.1983764648437,53.313755637263284,928.1983764648437,53.313755637263284,5
10000,endpoint,20000,0.05,none,76,0.7168750286102294,0.038109543583375115,-0.4183520019054413,0.06238508745058098,13053.4,156.4570228529228,930.9415405273437,53.45252358821455,930.9415405273437,53.45252358821455,5
10000,endpoint,20000,0.05,none,77,0.7168240070343017,0.03813532462823877,-0.4181626856327057,0.062378296444708124,13046.2,158.0734006719663,933.6272338867187,53.577568806818995,933.6272338867187,53.577568806818995,5
10000,endpoint,20000,0.05,none,78,0.7167015314102173,0.0382618965589713,-0.41798425912857057,0.062363962547069315,13038.6,160.0228108739501,936.260693359375,53.69933844090841,936.260693359375,53.69933844090841,5
10000,endpoint,20000,0.05,none,79,0.7165688753128052,0.03822530580436046,-0.41780188083648684,0.062354078862361405,13035.4,161.84035343510592,938.851806640625,53.82418239289336,938.851806640625,53.82418239289336,5
10000,endpoint,20000,0.05,none,80,0.7164055824279785,0.03819462123418124,-0.4176263749599457,0.062352790923818686,13031.4,162.85975561813913,941.3993286132812,53.948372885341655,941.3993286132812,53.948372885341655,5
10000,endpoint,20000,0.05,none,81,0.7162729024887085,0.03814016419844236,-0.4174529373645782,0.062338217334243946,13027.2,160.75198288046093,943.89814453125,54.068347292679185,943.89814453125,54.068347292679185,5
10000,endpoint,20000,0.05,none,82,0.716150450706482,0.038074442565743286,-0.4172868192195892,0.06232711475750215,13021.0,159.16657940660784,946.3521362304688,54.18659109707468,946.3521362304688,54.18659109707468,5
10000,endpoint,20000,0.05,none,83,0.7160075545310974,0.03806738435691639,-0.4171399712562561,0.06231413035867301,13013.2,158.09712204844212,948.7744384765625,54.30284183061978,948.7744384765625,54.30284183061978,5
10000,endpoint,20000,0.05,none,84,0.7158238530158997,0.03804164693684448,-0.4169663369655609,0.06230224216955919,13010.4,159.40294852981862,951.1565795898438,54.41415526593031,951.1565795898438,54.41415526593031,5
10000,endpoint,20000,0.05,none,85,0.7158238530158997,0.03809955375287991,-0.41680153012275695,0.062292784659956836,13006.4,159.16280972639305,953.5046630859375,54.525100905211694,953.5046630859375,54.525100905211694,5
10000,endpoint,20000,0.05,none,86,0.715772831439972,0.03806791851694722,-0.4166532516479492,0.06227872994373729,13001.2,159.35557724786415,955.8110595703125,54.62985627283913,955.8110595703125,54.62985627283913,5
10000,endpoint,20000,0.05,none,87,0.7156809806823731,0.03806942685266413,-0.41649898886680603,0.06226925949103623,12997.6,160.15867132316,958.0821899414062,54.738716864048634,958.0821899414062,54.738716864048634,5
10000,endpoint,20000,0.05,none,88,0.7156197428703308,0.03805634584164831,-0.4163387715816498,0.062264356374891146,12993.0,159.8827695531948,960.3282348632813,54.83798548965382,960.3282348632813,54.83798548965382,5
10000,endpoint,20000,0.05,none,89,0.7154768466949463,0.03803460389993552,-0.4161857604980469,0.062261795232155304,12986.6,158.82632023691792,962.5396362304688,54.94565632549291,962.5396362304688,54.94565632549291,5
10000,endpoint,20000,0.05,none,90,0.7155176639556885,0.03805815432298397,-0.4160504281520844,0.062257685880022375,12983.4,158.20493039093313,964.722802734375,55.04655120635881,964.722802734375,55.04655120635881,5
10000,endpoint,20000,0.05,none,91,0.7153441905975342,0.03802892539617134,-0.4158983647823334,0.0622444846471068,12980.2,158.53453882356362,966.877001953125,55.14898875435945,966.877001953125,55.14898875435945,5
10000,endpoint,20000,0.05,none,92,0.7153135776519776,0.038041698259532845,-0.4157457649707794,0.06224408301642481,12975.8,159.73164996330564,969.0054077148437,55.25053638535282,969.0054077148437,55.25053638535282,5
10000,endpoint,20000,0.05,none,93,0.715303373336792,0.03803547663372373,-0.4156100332736969,0.0622282396807197,12971.8,158.52665391031252,971.1022583007813,55.350775868106744,971.1022583007813,55.350775868106744,5
10000,endpoint,20000,0.05,none,94,0.7152217268943787,0.038060707637717774,-0.41547789573669436,0.06222096372070513,12965.8,156.9592303752793,973.1756713867187,55.445728046344364,973.1756713867187,55.445728046344364,5
10000,endpoint,20000,0.05,none,95,0.7151094436645508,0.03800275751126326,-0.41533597111701964,0.062215360863704945,12963.6,156.333937454412,975.2250610351563,55.54147353847937,975.2250610351563,55.54147353847937,5
10000,endpoint,20000,0.05,none,96,0.714946162700653,0.03795369326596851,-0.4152029275894165,0.062214467022066684,12960.4,157.2920849884062,977.2531860351562,55.63981233570821,977.2531860351562,55.63981233570821,5
10000,endpoint,20000,0.05,none,97,0.714946162700653,0.03792169602749085,-0.41506539583206176,0.06218832878663179,12957.4,156.6087481592264,979.2544555664062,55.73615210353592,979.2544555664062,55.73615210353592,5
10000,endpoint,20000,0.05,none,98,0.7147930860519409,0.03792090483314289,-0.4149260282516479,0.06219263708376969,12954.8,158.92513960981756,981.2351806640625,55.82710681265259,981.2351806640625,55.82710681265259,5
10000,endpoint,20000,0.05,none,99,0.714793074131012,0.03793123757723154,-0.41480128169059755,0.06219605068576622,12951.4,157.95030864167376,983.1888793945312,55.91851959546124,983.1888793945312,55.91851959546124,5
10000,endpoint,20000,0.05,none,100,0.7147726655006409,0.037916858542622375,-0.4146701037883759,0.06218351884837855,12946.8,156.53018878158935,985.1236938476562,56.010390112908254,985.1236938476562,56.010390112908254,5
10000,endpoint,20000,0.05,none,101,0.7146093845367432,0.0378829337001071,-0.4145477294921875,0.062178286258642024,12942.0,157.6435853436479,987.0364868164063,56.09895143124417,987.0364868164063,56.09895143124417,5
10000,endpoint,20000,0.05,none,102,0.7144869327545166,0.03784212289730025,-0.41443278789520266,0.062174803451501406,12937.2,157.35533038318084,988.9348999023438,56.18760603768349,988.9348999023438,56.18760603768349,5
10000,endpoint,20000,0.05,none,103,0.7144358873367309,0.037875635275513915,-0.41429120898246763,0.0621629029905351,12931.8,157.96265381412152,990.810498046875,56.27389177803076,990.810498046875,56.27389177803076,5
10000,endpoint,20000,0.05,none,104,0.7142827987670899,0.037835897699166184,-0.41416781544685366,0.0621584557059579,12926.8,159.00691808849072,992.6704223632812,56.35827609889362,992.6704223632812,56.35827609889362,5
10000,endpoint,20000,0.05,none,105,0.7143032073974609,0.037863429446512026,-0.4140444576740265,0.06215025399448659,12921.4,158.4449431190532,994.512255859375,56.44760789011137,994.512255859375,56.44760789011137,5
10000,endpoint,20000,0.05,none,106,0.7141603350639343,0.037883295774824285,-0.4139275848865509,0.062144929388131084,12918.8,159.4355669228168,996.3324340820312,56.5298587913225,996.3324340820312,56.5298587913225,5
10000,endpoint,20000,0.05,none,107,0.7140990972518921,0.0378262236618128,-0.4138068675994873,0.06214431806952296,12915.0,159.77640626825976,998.13828125,56.61181956709449,998.13828125,56.61181956709449,5
10000,endpoint,20000,0.05,none,108,0.7140990972518921,0.03787334127099231,-0.41368829607963564,0.062135929225207186,12911.4,161.2584881486863,999.9217529296875,56.69704777593508,999.9217529296875,56.69704777593508,5
10000,endpoint,20000,0.05,none,109,0.7140276432037354,0.03797025294136494,-0.4135880649089813,0.06213096019568334,12907.6,161.62549303869113,1001.6931396484375,56.77482574439023,1001.6931396484375,56.77482574439023,5
10000,endpoint,20000,0.05,none,110,0.7140072345733642,0.03794233897418993,-0.41345250606536865,0.062124833279067766,12905.0,161.9783936208777,1003.4492065429688,56.85849636015003,1003.4492065429688,56.85849636015003,5
10000,endpoint,20000,0.05,none,111,0.7139153957366944,0.03795134404785223,-0.41334487199783326,0.06212229890267549,12900.0,163.8093403930313,1005.1851684570313,56.93334696653087,1005.1851684570313,56.93334696653087,5
10000,endpoint,20000,0.05,none,112,0.7139153957366944,0.03798785708908682,-0.4132260799407959,0.06210680997152336,12896.0,162.96778822822625,1006.910986328125,57.01544726488917,1006.910986328125,57.01544726488917,5
10000,endpoint,20000,0.05,none,113,0.7139051914215088,0.03793835887906586,-0.4131135821342468,0.062106843863163896,12891.4,164.33745768996184,1008.6220092773438,57.091541192193226,1008.6220092773438,57.091541192193226,5
10000,endpoint,20000,0.05,none,114,0.7138337612152099,0.03800456594389742,-0.4129983842372894,0.06210793411805448,12888.8,163.74889312603003,1010.31484375,57.17421373707967,1010.31484375,57.17421373707967,5
10000,endpoint,20000,0.05,none,115,0.7137725234031678,0.03798762707748798,-0.4128942310810089,0.062098101962339725,12886.4,165.15235390390293,1011.9970581054688,57.253119475619634,1011.9970581054688,57.253119475619634,5
10000,endpoint,20000,0.05,none,116,0.7136602520942688,0.037973915946705024,-0.41277493834495543,0.062100776915223845,12883.2,164.36453388733227,1013.6634521484375,57.331392438369534,1013.6634521484375,57.331392438369534,5
10000,endpoint,20000,0.05,none,117,0.7136296272277832,0.03800593490238012,-0.41266587376594543,0.06208333104116577,12879.2,164.21236250660303,1015.31279296875,57.40570361291907,1015.31279296875,57.40570361291907,5
10000,endpoint,20000,0.05,none,118,0.7135479807853699,0.037984567205069875,-0.41256595253944395,0.06209008932115305,12874.8,166.37968626007202,1016.9522094726562,57.47945796101801,1016.9522094726562,57.47945796101801,5
10000,endpoint,20000,0.05,none,119,0.7135173678398132,0.03799470666111197,-0.4124502897262573,0.0620737779082886,12872.0,166.85322891691368,1018.5813842773438,57.554445304104696,1018.5813842773438,57.554445304104696,5
10000,endpoint,20000,0.05,none,120,0.7134255290031433,0.03800483997117804,-0.4123491048812866,0.0620794919083965,12868.2,166.99610773907276,1020.1927734375,57.628968806256424,1020.1927734375,57.628968806256424,5
10000,endpoint,20000,0.05,none,121,0.71334388256073,0.037917715383177564,-0.4122378706932068,0.06207690241807927,12867.4,168.33686464942846,1021.7962890625,57.70363500217933,1021.7962890625,57.70363500217933,5
10000,endpoint,20000,0.05,none,122,0.7133540868759155,0.03794859602802262,-0.41214398145675657,0.06206761036611019,12864.0,169.1463863048809,1023.3881225585938,57.775223929994354,1023.3881225585938,57.775223929994354,5
10000,endpoint,20000,0.05,none,123,0.71323162317276,0.03783568733629197,-0.4120418429374695,0.06205816242739927,12860.4,168.79514211019224,1024.9616821289062,57.845361441265695,1024.9616821289062,57.845361441265695,5
10000,endpoint,20000,0.05,none,124,0.7132010102272034,0.03787821191438019,-0.4119358420372009,0.06205994732534842,12857.6,169.68588627225307,1026.529443359375,57.917111152787115,1026.529443359375,57.917111152787115,5
10000,endpoint,20000,0.05,none,125,0.7131806015968323,0.03788681651283852,-0.41183929443359374,0.06205515656273149,12855.0,166.8921807635097,1028.082958984375,57.988077961329914,1028.082958984375,57.988077961329914,5
10000,endpoint,20000,0.05,none,126,0.7130785346031189,0.03782938571627931,-0.4117238461971283,0.06205071032080125,12852.4,168.15112250591727,1029.6254028320313,58.056686398455234,1029.6254028320313,58.056686398455234,5
10000,endpoint,20000,0.05,none,127,0.7130785346031189,0.03781604887390827,-0.4116313636302948,0.06204282003772449,12849.6,167.70301130271932,1031.1557983398438,58.1277686037587,1031.1557983398438,58.1277686037587,5
10000,endpoint,20000,0.05,none,128,0.7129866719245911,0.03782494939801492,-0.4115478217601776,0.06205077947613435,12847.0,169.49483767949985,1032.6780151367188,58.197325632319355,1032.6780151367188,58.197325632319355,5
10000,endpoint,20000,0.05,none,129,0.7129560470581054,0.03787410140526156,-0.4114376544952393,0.062035978706634076,12843.4,172.51173873102084,1034.1880859375,58.266541895617266,1034.1880859375,58.266541895617266,5
10000,endpoint,20000,0.05,none,130,0.7129254341125488,0.03782158049453917,-0.41133643984794616,0.06204326685972091,12837.4,174.5746258767293,1035.6861938476563,58.333529358940346,1035.6861938476563,58.333529358940346,5
10000,endpoint,20000,0.05,none,131,0.7128335952758789,0.03782105043528188,-0.4112362444400787,0.062026071716594584,12834.2,173.74320130583527,1037.1786743164062,58.405886900699514,1037.1786743164062,58.405886900699514,5
10000,endpoint,20000,0.05,none,132,0.7128029823303222,0.037863771495906307,-0.4111454486846924,0.06203549509096317,12832.8,175.0734131728744,1038.6574096679688,58.471293404404214,1038.6574096679688,58.471293404404214,5
10000,endpoint,20000,0.05,none,133,0.7126907110214233,0.03780187147674906,-0.4110462129116058,0.06202406766751617,12828.6,174.33100699531337,1040.1263061523437,58.54070204936956,1040.1263061523437,58.54070204936956,5
10000,endpoint,20000,0.05,none,134,0.7126907110214233,0.03777041475630164,-0.4109658896923065,0.06201756512621687,12826.8,175.6522131941411,1041.5869873046875,58.60495663886787,1041.5869873046875,58.60495663886787,5
10000,endpoint,20000,0.05,none,135,0.7126192808151245,0.03776238300465714,-0.4108669638633728,0.06202654470321853,12821.6,175.36761388580277,1043.0346313476562,58.67142166144147,1043.0346313476562,58.67142166144147,5
10000,endpoint,20000,0.05,none,136,0.7125580430030822,0.037794368753754054,-0.41076348423957826,0.06202645234505049,12818.8,176.44035819505694,1044.479052734375,58.74287609502656,1044.479052734375,58.74287609502656,5
10000,endpoint,20000,0.05,none,137,0.7124968051910401,0.03781812439645404,-0.4106817662715912,0.062016943553749204,12816.2,175.92526822489145,1045.910693359375,58.809296639852555,1045.910693359375,58.809296639852555,5
10000,endpoint,20000,0.05,none,138,0.7125070095062256,0.03783172890727375,-0.4105893671512604,0.062014632369522205,12812.4,174.48295045648442,1047.334765625,58.873150594139226,1047.334765625,58.873150594139226,5
10000,endpoint,20000,0.05,none,139,0.7124457836151123,0.037813580426734106,-0.4104991018772125,0.062006692820686646,12808.4,175.1707738180088,1048.7483520507812,58.93979951858049,1048.7483520507812,58.93979951858049,5
10000,endpoint,20000,0.05,none,140,0.7123845338821411,0.03784306839291179,-0.4104193806648254,0.062006063872402026,12806.6,175.71368757157197,1050.1543334960938,59.00456186606505,1050.1543334960938,59.00456186606505,5
10000,endpoint,20000,0.05,none,141,0.7123233079910278,0.03778375213238738,-0.41031342148780825,0.061994529996339726,12801.4,173.86000115035085,1051.5542236328124,59.07156726554895,1051.5542236328124,59.07156726554895,5
10000,endpoint,20000,0.05,none,142,0.7123233199119567,0.03779794809155528,-0.4102263987064362,0.06199439460562822,12798.0,172.78454792023504,1052.941357421875,59.13908000982724,1052.941357421875,59.13908000982724,5
10000,endpoint,20000,0.05,none,143,0.7122722864151001,0.03779727257310398,-0.41013787388801576,0.06198435454479745,12796.0,174.49498560130604,1054.3199829101563,59.19975155310273,1054.3199829101563,59.19975155310273,5
10000,endpoint,20000,0.05,none,144,0.712251877784729,0.037839480370464834,-0.4100499927997589,0.06197768842539506,12791.6,174.1444802455708,1055.6911254882812,59.26469250098027,1055.6911254882812,59.26469250098027,5
10000,endpoint,20000,0.05,none,145,0.712119197845459,0.037752851877416886,-0.4099730610847473,0.061977526172026294,12790.4,173.6715290426154,1057.0533447265625,59.328996093903896,1057.0533447265625,59.328996093903896,5
10000,endpoint,20000,0.05,none,146,0.7121089935302735,0.03781322876352251,-0.40987923741340637,0.06196866779873509,12788.4,173.93188321868996,1058.4132690429688,59.39516491352795,1058.4132690429688,59.39516491352795,5
10000,endpoint,20000,0.05,none,147,0.7120579600334167,0.03778613961782157,-0.4098120629787445,0.061971637345322295,12786.8,174.15854845513613,1059.7598754882813,59.45222550171621,1059.7598754882813,59.45222550171621,5
10000,endpoint,20000,0.05,none,148,0.7120477795600891,0.03783750054758435,-0.40970197319984436,0.06196350322734612,12784.2,176.75887530757825,1061.1009399414063,59.5153693813156,1061.1009399414063,59.5153693813156,5
10000,endpoint,20000,0.05,none,149,0.7119355082511902,0.037758310211922996,-0.40963056683540344,0.06195432764062752,12780.6,176.53413267694154,1062.433056640625,59.57800296342758,1062.433056640625,59.57800296342758,5
10000,endpoint,20000,0.1,accuracy_drop_selector_with_resampling,-1,0.7678624391555786,0.038630936334284466,-0.5034046530723572,0.06379191930079747,0.0,0.0,0.0,0.0,0.0,0.0,5
10000,endpoint,20000,0.1,accuracy_drop_selector_with_resampling,0,0.7675766587257385,0.03863915764014983,-0.5034169852733612,0.06378331025975176,10227.8,783.2318941411924,14.355439758300781,4.7078543774403965,14.355439758300781,4.7078543774403965,5
10000,endpoint,20000,0.1,accuracy_drop_selector_with_resampling,1,0.7663111805915832,0.038943305080396964,-0.5029275476932525,0.06394143390943119,12922.0,581.7435001785581,32.95718498229981,6.801787228377125,32.95718498229981,6.801787228377125,5
10000,endpoint,20000,0.1,accuracy_drop_selector_with_resampling,2,0.7644333362579345,0.03910306933090889,-0.5012746095657349,0.06428644040378587,12437.2,497.9615446999899,54.60625076293945,4.643653534776713,54.60625076293945,4.643653534776713,5
10000,endpoint,20000,0.1,accuracy_drop_selector_with_resampling,3,0.7620452165603637,0.03896873287919232,-0.4985468924045563,0.06439844168977185,12272.6,819.1744624925755,80.74042510986328,4.232627755771397,80.74042510986328,4.232627755771397,5
10000,endpoint,20000,0.1,accuracy_drop_selector_with_resampling,4,0.7594631791114808,0.038851119668257224,-0.49506309628486633,0.064327748722613,12073.8,832.8773619207092,110.74078369140625,7.151362521284194,110.74078369140625,7.151362521284194,5
10000,endpoint,20000,0.1,accuracy_drop_selector_with_resampling,5,0.7567893028259277,0.03870865170474701,-0.4910616517066956,0.06398109039675771,11976.0,769.7821120291118,143.18734741210938,10.847145965783742,143.18734741210938,10.847145965783742,5
10000,endpoint,20000,0.1,accuracy_drop_selector_with_resampling,6,0.7542276859283448,0.03829425823450237,-0.4868339717388153,0.0635014002240638,11937.2,681.8318707716735,177.07767028808593,14.81003732017023,177.07767028808593,14.81003732017023,5
10000,endpoint,20000,0.1,accuracy_drop_selector_with_resampling,7,0.7513599038124085,0.038018904923359916,-0.4825436294078827,0.06306260994901616,11900.0,648.3120390676082,212.0877471923828,18.315701094905677,212.0877471923828,18.315701094905677,5
10000,endpoint,20000,0.1,accuracy_drop_selector_with_resampling,8,0.7485941767692565,0.03799235596865469,-0.4782187223434448,0.06269186544705094,11782.0,640.6988372082471,247.66800231933593,21.39420545093173,247.66800231933593,21.39420545093173,5
10000,endpoint,20000,0.1,accuracy_drop_selector_with_resampling,9,0.7459815263748169,0.03786495091573668,-0.4739226222038269,0.06242968905920101,11667.0,561.7797611164004,283.4988067626953,24.40442503913325,283.4988067626953,24.40442503913325,5
10000,endpoint,20000,0.1,accuracy_drop_selector_with_resampling,10,0.743328058719635,0.03790139661989702,-0.46970444917678833,0.06219609926558139,11650.0,602.3906539779647,319.15650634765626,27.510642860525845,319.15650634765626,27.510642860525845,5
10000,endpoint,20000,0.1,accuracy_drop_selector_with_resampling,11,0.7411950707435608,0.03790619867993723,-0.4656820833683014,0.061920260098997745,11576.8,571.6539162815208,354.5984802246094,30.599785903718644,354.5984802246094,30.599785903718644,5
10000,endpoint,20000,0.1,accuracy_drop_selector_with_resampling,12,0.7390416979789733,0.03762393140176092,-0.46182956695556643,0.06169295657672265,11470.4,583.907355665263,389.7825866699219,33.41448427381304,389.7825866699219,33.41448427381304,5
10000,endpoint,20000,0.1,accuracy_drop_selector_with_resampling,13,0.7368270635604859,0.037568952424420515,-0.4581017255783081,0.061498641745071865,11437.8,519.1928350815331,424.7357116699219,36.11258499188674,424.7357116699219,36.11258499188674,5
10000,endpoint,20000,0.1,accuracy_drop_selector_with_resampling,14,0.734928834438324,0.03761717847877847,-0.45449439287185667,0.06137628320424067,11376.2,543.0646370368817,459.1465209960937,38.74443636602777,459.1465209960937,38.74443636602777,5
10000,endpoint,20000,0.1,accuracy_drop_selector_with_resampling,15,0.7330407857894897,0.03775267905175708,-0.4510316252708435,0.06128824806077524,11295.6,554.0706633634378,493.2422241210937,41.27086357016193,493.2422241210937,41.27086357016193,5
10000,endpoint,20000,0.1,accuracy_drop_selector_with_resampling,16,0.7311119079589844,0.03766403088340293,-0.4476638615131378,0.06129733070611969,11274.6,553.2298798871948,527.010888671875,43.85410217114531,527.010888671875,43.85410217114531,5
10000,endpoint,20000,0.1,accuracy_drop_selector_with_resampling,17,0.7291932463645935,0.037734335421762986,-0.44444565773010253,0.06133114086148087,11227.0,510.5168949212161,560.2837890625,46.35968329325431,560.2837890625,46.35968329325431,5
10000,endpoint,20000,0.1,accuracy_drop_selector_with_resampling,18,0.7274378657341003,0.037526739716608824,-0.4413808822631836,0.06134093541835917,11171.6,490.9524416886018,592.9845947265625,48.90660818871827,592.9845947265625,48.90660818871827,5
10000,endpoint,20000,0.1,accuracy_drop_selector_with_resampling,19,0.7255089998245239,0.03714134891130803,-0.43843833804130555,0.061329775911893335,11149.8,486.2861297631262,625.2517333984375,51.4534120690442,625.2517333984375,51.4534120690442,5
10000,endpoint,20000,0.1,accuracy_drop_selector_with_resampling,20,0.723814868927002,0.03696718406142085,-0.43560659885406494,0.0613427534442217,11128.6,489.1081679955877,657.157373046875,54.14406340864247,657.157373046875,54.14406340864247,5
10000,endpoint,20000,0.1,accuracy_drop_selector_with_resampling,21,0.7222636103630066,0.03707406942233451,-0.43288331627845766,0.0613463691020004,11097.0,469.24407295137996,688.5427734375,56.76314445615538,688.5427734375,56.76314445615538,5
10000,endpoint,20000,0.1,accuracy_drop_selector_with_resampling,22,0.7207633852958679,0.03707517249341232,-0.43025732040405273,0.061400771113202995,11091.8,466.3032275247513,719.6592895507813,59.42178408167913,719.6592895507813,59.42178408167913,5
10000,endpoint,20000,0.1,accuracy_drop_selector_with_resampling,23,0.7193448066711425,0.037044078613589146,-0.42771574258804324,0.06145129503433192,11053.2,477.88199380181715,750.3161743164062,62.00649510271082,750.3161743164062,62.00649510271082,5
10000,endpoint,20000,0.1,accuracy_drop_selector_with_resampling,24,0.717885410785675,0.03706400882797127,-0.4252192318439484,0.06146322195076831,11075.8,492.16023813388256,780.6549926757813,64.6587325799914,780.6549926757813,64.6587325799914,5
10000,endpoint,20000,0.1,accuracy_drop_selector_with_resampling,25,0.7164872169494629,0.037236596895729585,-0.4228235185146332,0.06153674200191857,11023.2,457.88339126899984,810.508447265625,67.26461637483142,810.508447265625,67.26461637483142,5
10000,endpoint,20000,0.1,accuracy_drop_selector_with_resampling,26,0.7153339862823487,0.037250773253488474,-0.4204788148403168,0.06153164207442908,10986.8,463.86172508625884,840.0039184570312,69.94887443789958,840.0039184570312,69.94887443789958,5
10000,endpoint,20000,0.1,accuracy_drop_selector_with_resampling,27,0.7139970302581787,0.03714679878121889,-0.4182315766811371,0.061607221153412876,10988.8,457.3797109623469,869.1786743164063,72.58558862841686,869.1786743164063,72.58558862841686,5
10000,endpoint,20000,0.1,accuracy_drop_selector_with_resampling,28,0.7124866127967835,0.03709919551052535,-0.41605011820793153,0.06162089793669148,10986.4,444.4595594652004,898.056396484375,75.238270323234,898.056396484375,75.238270323234,5
10000,endpoint,20000,0.1,accuracy_drop_selector_with_resampling,29,0.7110680222511292,0.03709561632992876,-0.4139356970787048,0.06167275326731801,10978.4,430.3397495003221,926.6394897460938,77.87876561706032,926.6394897460938,77.87876561706032,5
10000,endpoint,20000,0.1,accuracy_drop_selector_with_resampling,30,0.7099862217903137,0.03695399256954985,-0.41183699369430543,0.0616807121403,10941.4,422.3911694152708,954.9067016601563,80.54259227003706,954.9067016601563,80.54259227003706,5
10000,endpoint,20000,0.1,accuracy_drop_selector_with_resampling,31,0.7087513566017151,0.03693568085322325,-0.40983000993728635,0.061724020401099304,10926.4,444.93123064132055,982.8726684570313,83.10912516417741,982.8726684570313,83.10912516417741,5
10000,endpoint,20000,0.1,accuracy_drop_selector_with_resampling,32,0.7074654221534729,0.036851752734070604,-0.40781152844429014,0.06174192416649512,10932.2,438.478277683171,1010.6450927734375,85.4470605352534,1010.6450927734375,85.4470605352534,5
10000,endpoint,20000,0.1,accuracy_drop_selector_with_resampling,33,0.706281578540802,0.0371308675508167,-0.40584853291511536,0.061789154278359064,10906.8,388.39181247806965,1038.1172485351562,87.70334540716534,1038.1172485351562,87.70334540716534,5
10000,endpoint,20000,0.1,accuracy_drop_selector_with_resampling,34,0.7052201867103577,0.03721302538062256,-0.403971916437149,0.06188941919180124,10887.0,416.6281315513872,1065.3157592773437,89.8714036464426,1065.3157592773437,89.8714036464426,5
10000,endpoint,20000,0.1,accuracy_drop_selector_with_resampling,35,0.7041383862495423,0.03719658610191914,-0.40212697982788087,0.06197029571042215,10869.6,376.4230333016299,1092.2825927734375,92.07291157767918,1092.2825927734375,92.07291157767918,5
10000,endpoint,20000,0.1,accuracy_drop_selector_with_resampling,36,0.7030361771583558,0.03719625957431851,-0.4002950429916382,0.0620498055472545,10868.4,398.13100858888146,1119.0205078125,94.26010239760457,1119.0205078125,94.26010239760457,5
10000,endpoint,20000,0.1,accuracy_drop_selector_with_resampling,37,0.702005410194397,0.037225872743708296,-0.39851575493812563,0.06216559426838686,10871.4,411.38096698802195,1145.504443359375,96.42084913408901,1145.504443359375,96.42084913408901,5
10000,endpoint,20000,0.1,accuracy_drop_selector_with_resampling,38,0.7011073112487793,0.03716097731473935,-0.39677110910415647,0.06228079110486976,10865.4,393.58645810037723,1171.7468994140625,98.5188290048749,1171.7468994140625,98.5188290048749,5
10000,endpoint,20000,0.1,accuracy_drop_selector_with_resampling,39,0.6999438643455506,0.037343610159295486,-0.3950707674026489,0.06239101854236162,10841.0,372.8974389828924,1197.6914306640624,100.56820914779627,1197.6914306640624,100.56820914779627,5
10000,endpoint,20000,0.1,accuracy_drop_selector_with_resampling,40,0.6989028930664063,0.03750193043437955,-0.3933941304683685,0.06251981902496946,10835.4,405.66402354657976,1223.4419677734375,102.66423831834217,1223.4419677734375,102.66423831834217,5
10000,endpoint,20000,0.1,accuracy_drop_selector_with_resampling,41,0.6979639649391174,0.03746783093257924,-0.39174885749816896,0.06261500633648331,10820.4,392.37584023484425,1248.963330078125,104.73200726989829,1248.963330078125,104.73200726989829,5
10000,endpoint,20000,0.1,accuracy_drop_selector_with_resampling,42,0.6971577286720276,0.037535789124831895,-0.39015643000602723,0.06273334282787707,10817.0,389.530486611767,1274.261865234375,106.77357607050483,1274.261865234375,106.77357607050483,5
10000,endpoint,20000,0.1,accuracy_drop_selector_with_resampling,43,0.6961371660232544,0.0376907315218225,-0.38858307600021363,0.06283084588434429,10815.2,373.6364543242535,1299.3331787109375,108.84518844068542,1299.3331787109375,108.84518844068542,5
10000,endpoint,20000,0.1,accuracy_drop_selector_with_resampling,44,0.6952492713928222,0.03757814297559868,-0.3870629549026489,0.06293883734921404,10789.4,356.538637457429,1324.1685302734375,110.830067665509,1324.1685302734375,110.830067665509,5
10000,endpoint,20000,0.1,accuracy_drop_selector_with_resampling,45,0.6945246696472168,0.03753512316962815,-0.3855890393257141,0.06304516795234817,10799.6,371.5263113159013,1348.7729248046876,112.88214197164933,1348.7725830078125,112.88249772704017,5
10000,endpoint,20000,0.1,accuracy_drop_selector_with_resampling,46,0.6938919305801392,0.03764899478091709,-0.38415710926055907,0.06315888550961905,10809.0,380.980970653391,1373.21005859375,114.90481509178888,1373.2071533203125,114.90788874074893,5
10000,endpoint,20000,0.1,accuracy_drop_selector_with_resampling,47,0.6931673169136048,0.03773122535049495,-0.3827475905418396,0.0632844152511625,10794.4,381.5911424548531,1397.4239501953125,116.93442081782071,1397.420849609375,116.93720879413998,5
10000,endpoint,20000,0.1,accuracy_drop_selector_with_resampling,48,0.6923406481742859,0.03786022691894859,-0.38138136863708494,0.06337490649829583,10789.8,387.1236236656193,1421.4048583984375,119.01003567476522,1421.4002685546875,119.01038090162415,5
10000,endpoint,20000,0.1,accuracy_drop_selector_with_resampling,49,0.6916364789009094,0.0379245510165642,-0.3800187289714813,0.06346658531677776,10780.6,366.9554468869484,1445.2164794921875,120.95502109097214,1445.211865234375,120.95536441792812,5
10000,endpoint,20000,0.1,accuracy_drop_selector_with_resampling,50,0.6907689929008484,0.03807031482517508,-0.37869066596031187,0.06357976446926661,10763.0,381.1056284024155,1468.9726806640624,122.96796703763113,1468.9680908203125,122.96824304003592,5
10000,endpoint,20000,0.1,accuracy_drop_selector_with_resampling,51,0.6903505682945251,0.03808323135278108,-0.3773776412010193,0.06366845331291861,10750.6,384.06093266563835,1485.5539794921874,124.42865679008575,1485.5507568359376,124.42887722523864,5
10000,endpoint,20000,0.1,accuracy_drop_selector_with_resampling,52,0.6900852203369141,0.038013809523321763,-0.376471620798111,0.06373330504478933,10733.4,384.826324463387,1499.004931640625,125.61090687248776,1499.002294921875,125.61110231318352,5
10000,endpoint,20000,0.1,accuracy_drop_selector_with_resampling,53,0.6897178173065186,0.037952575532196,-0.3757410168647766,0.06379277056209419,10721.8,386.3511356266473,1510.5995849609376,126.61972793250833,1510.597314453125,126.61993405952121,5
10000,endpoint,20000,0.1,accuracy_drop_selector_with_resampling,54,0.6894014477729797,0.03800301191667502,-0.37512754201889037,0.06384814543418177,10708.2,387.00284236682296,1520.911572265625,127.53304061242508,1520.9091796875,127.5336525181491,5
10000,endpoint,20000,0.1,accuracy_drop_selector_with_resampling,55,0.6891667127609253,0.03790335268405614,-0.37456402778625486,0.06387639484620733,10698.6,393.5184874945522,1530.268994140625,128.38145876684166,1530.2663330078126,128.38265327736116,5
10000,endpoint,20000,0.1,accuracy_drop_selector_with_resampling,56,0.6889625906944274,0.03795159719997218,-0.3740760266780853,0.06390369370983615,10688.2,391.7393265935908,1538.883544921875,129.17210677215405,1538.881103515625,129.17318282357041,5
10000,endpoint,20000,0.1,accuracy_drop_selector_with_resampling,57,0.6886462330818176,0.03802573750878569,-0.3736148953437805,0.06394181038485679,10678.0,388.80843612246895,1546.91337890625,129.89152861734217,1546.911083984375,129.892570365531,5
10000,endpoint,20000,0.1,accuracy_drop_selector_with_resampling,58,0.6884319186210632,0.038042605419744316,-0.3731993556022644,0.06397309300418222,10668.6,392.3414329381999,1554.45087890625,130.55928605498755,1554.44873046875,130.56022324846455,5
10000,endpoint,20000,0.1,accuracy_drop_selector_with_resampling,59,0.6882175922393798,0.03809124499801192,-0.372786545753479,0.06398082660612102,10658.4,389.95679247834624,1561.5637451171874,131.2037391547257,1561.561669921875,131.20466192981772,5
10000,endpoint,20000,0.1,accuracy_drop_selector_with_resampling,60,0.6879522442817688,0.03813801399808406,-0.37243359088897704,0.06401295009002157,10649.6,390.1394622439519,1568.3248779296875,131.8263988991861,1568.32294921875,131.82728769046744,5
10000,endpoint,20000,0.1,accuracy_drop_selector_with_resampling,61,0.6877072930335999,0.03808386111555762,-0.3720762550830841,0.06404268363349047,10641.0,389.5542324247036,1574.7781005859374,132.40727043699482,1574.776220703125,132.40809980113295,5
10000,endpoint,20000,0.1,accuracy_drop_selector_with_resampling,62,0.687523603439331,0.0380780071652379,-0.371731835603714,0.06405551201851353,10635.2,389.17117056637176,1580.95986328125,132.96961276899611,1580.957958984375,132.97040299545205,5
10000,endpoint,20000,0.1,accuracy_drop_selector_with_resampling,63,0.6873501062393188,0.038045254647211785,-0.37142030000686643,0.06407839312090703,10629.8,388.0356942344351,1586.8884033203126,133.5157306710177,1586.8862060546876,133.5163862041908,5
10000,endpoint,20000,0.1,accuracy_drop_selector_with_resampling,64,0.6871357798576355,0.03804366459676934,-0.3711137354373932,0.06409470353155235,10621.2,389.49351727596184,1592.5978515625,134.03847367739937,1592.5957275390624,134.03911244772834,5
10000,endpoint,20000,0.1,accuracy_drop_selector_with_resampling,65,0.6869929075241089,0.03814844887374922,-0.3708123803138733,0.06411836620692142,10612.4,389.9234540265563,1598.125048828125,134.54402657390847,1598.122998046875,134.5446475764789,5
10000,endpoint,20000,0.1,accuracy_drop_selector_with_resampling,66,0.6867785811424255,0.03813873448596854,-0.37052981853485106,0.06413073433656186,10606.4,385.4903371032794,1603.4551025390624,135.04272899934125,1603.4531005859376,135.0433620355017,5
10000,endpoint,20000,0.1,accuracy_drop_selector_with_resampling,67,0.6866152882575989,0.03812178203869651,-0.37024675607681273,0.06415131215889007,10599.6,385.4747721965732,1608.6323974609375,135.51465998626202,1608.63046875,135.51524072814948,5
10000,endpoint,20000,0.1,accuracy_drop_selector_with_resampling,68,0.6865030407905579,0.03816650631225489,-0.36998273730278014,0.06416357336496646,10596.4,386.2464239316657,1613.6524658203125,135.97707946885092,1613.6505615234375,135.97762982861607,5
10000,endpoint,20000,0.1,accuracy_drop_selector_with_resampling,69,0.6863193273544311,0.038206893158578205,-0.36972964406013487,0.06417805469024421,10590.2,385.6127591250061,1618.535107421875,136.4319021374368,1618.53330078125,136.43251425535874,5
10000,endpoint,20000,0.1,accuracy_drop_selector_with_resampling,70,0.6862172722816468,0.038208160387506254,-0.36948283910751345,0.06420500913441174,10585.0,389.7993073364805,1623.2926513671875,136.86544942273744,1623.2908447265625,136.8659896352495,5
10000,endpoint,20000,0.1,accuracy_drop_selector_with_resampling,71,0.6860233783721924,0.038300388828958594,-0.3692463576793671,0.0642120781019452,10579.4,390.07473642880285,1627.92333984375,137.30232300473781,1627.921533203125,137.3028630231048,5
10000,endpoint,20000,0.1,accuracy_drop_selector_with_resampling,72,0.6858294606208801,0.0382644411319192,-0.3690037906169891,0.06423213303010457,10573.6,392.3560882667682,1632.4419921875,137.71131848393316,1632.440234375,137.71187100921026,5
10000,endpoint,20000,0.1,accuracy_drop_selector_with_resampling,73,0.6856661796569824,0.038250567834003296,-0.36877529621124266,0.0642465040217913,10570.2,390.7316214487893,1636.8543701171875,138.11553317349689,1636.852685546875,138.11603204710585,5
10000,endpoint,20000,0.1,accuracy_drop_selector_with_resampling,74,0.685543704032898,0.03826136046505709,-0.36854236125946044,0.06425675537879448,10565.8,392.99452922400843,1641.1750244140626,138.5142662658738,1641.1734130859375,138.51478412630593,5
10000,endpoint,20000,0.1,accuracy_drop_selector_with_resampling,75,0.6854212403297424,0.03825500084069898,-0.3683344602584839,0.06427074149085601,10561.0,392.2550190883477,1645.403564453125,138.90749793615805,1645.401953125,138.9080528274609,5
10000,endpoint,20000,0.1,accuracy_drop_selector_with_resampling,76,0.6853293895721435,0.038251208303558035,-0.36811386346817015,0.06428992901908559,10555.2,393.081034902474,1649.532470703125,139.2845412953346,1649.530908203125,139.28499978087166,5
10000,endpoint,20000,0.1,accuracy_drop_selector_with_resampling,77,0.6851660966873169,0.03821330397298703,-0.3679172694683075,0.06430996912724736,10548.0,394.18713829854977,1653.5892333984375,139.66859906411378,1653.5876953125,139.66910019915187,5
10000,endpoint,20000,0.1,accuracy_drop_selector_with_resampling,78,0.6850844502449036,0.038160212200051745,-0.36770471930503845,0.06431187094546154,10540.8,394.09097934360284,1657.5573486328126,140.0370058032734,1657.5557861328125,140.03746410226464,5
10000,endpoint,20000,0.1,accuracy_drop_selector_with_resampling,79,0.6849722027778625,0.03812422277829472,-0.36751670241355894,0.06434273496549565,10537.0,397.36003825246445,1661.45703125,140.4015153677585,1661.45546875,140.40197354486986,5
10000,endpoint,20000,0.1,accuracy_drop_selector_with_resampling,80,0.6848395228385925,0.03813428882589712,-0.3673131287097931,0.06433912418426234,10532.4,398.56906553318964,1665.284716796875,140.7527696977814,1665.283251953125,140.75321711616948,5
10000,endpoint,20000,0.1,accuracy_drop_selector_with_resampling,81,0.684829318523407,0.03813562354027005,-0.3671188235282898,0.06434790059057427,10527.8,400.32449338005785,1669.0420166015624,141.12034531391504,1669.0405517578124,141.1207574709579,5
10000,endpoint,20000,0.1,accuracy_drop_selector_with_resampling,82,0.6847374677658081,0.03811385928156,-0.3669394016265869,0.06436302407739877,10524.4,400.42514906034563,1672.733154296875,141.4632459965294,1672.731689453125,141.4637323085159,5
10000,endpoint,20000,0.1,accuracy_drop_selector_with_resampling,83,0.6846558094024658,0.03811856782895785,-0.3667507231235504,0.06438015831703915,10517.0,400.77050789697586,1676.3764404296876,141.8059277071061,1676.374658203125,141.80626596268777,5
10000,endpoint,20000,0.1,accuracy_drop_selector_with_resampling,84,0.6846047759056091,0.03816324325167522,-0.36657142639160156,0.06437825287701937,10513.0,399.5966716578105,1679.953271484375,142.14712281339587,1679.9515625,142.14747984830112,5
10000,endpoint,20000,0.1,accuracy_drop_selector_with_resampling,85,0.6844721078872681,0.038119658892402944,-0.3663877844810486,0.06439123009613786,10507.6,401.2284885199455,1683.4810302734375,142.47503474222748,1683.479296875,142.4753839534992,5
10000,endpoint,20000,0.1,accuracy_drop_selector_with_resampling,86,0.6842782139778137,0.038112346063719445,-0.36621239185333254,0.06441011591282192,10501.4,402.25215972074034,1686.9456787109375,142.8037496259509,1686.9439453125,142.80406333018004,5
10000,endpoint,20000,0.1,accuracy_drop_selector_with_resampling,87,0.684227192401886,0.0381262621475662,-0.36603721380233767,0.06439612526108217,10499.0,403.07257411041996,1690.3591552734374,143.13238049264913,1690.3572509765625,143.1330828600524,5
10000,endpoint,20000,0.1,accuracy_drop_selector_with_resampling,88,0.6840843081474304,0.03812042216066634,-0.36587104201316833,0.06441616296560321,10495.4,403.5192684370847,1693.72548828125,143.45772963978786,1693.7235595703125,143.45828336050076,5
10000,endpoint,20000,0.1,accuracy_drop_selector_with_resampling,89,0.6840128660202026,0.03805841733057367,-0.3657008171081543,0.06441974144477591,10491.4,402.9712148528726,1697.0393798828125,143.77543818893932,1697.0372314453125,143.77601327204607,5
10000,endpoint,20000,0.1,accuracy_drop_selector_with_resampling,90,0.6839005947113037,0.03808262208125582,-0.3655488133430481,0.064431272509828,10487.4,400.9642128669341,1700.309814453125,144.08274192352968,1700.3076416015624,144.0833822708114,5
10000,endpoint,20000,0.1,accuracy_drop_selector_with_resampling,91,0.6837474942207337,0.038037676643820385,-0.36536276936531065,0.06442741822547049,10479.8,402.598683554728,1703.53798828125,144.39467098687518,1703.5357177734375,144.395252411805,5
10000,endpoint,20000,0.1,accuracy_drop_selector_with_resampling,92,0.6837066769599914,0.038073559812816356,-0.365213668346405,0.0644431946914076,10475.4,401.38609841398346,1706.7208740234375,144.70123285650686,1706.718408203125,144.70162120968,5
10000,endpoint,20000,0.1,accuracy_drop_selector_with_resampling,93,0.6835434079170227,0.03800345518193168,-0.3650521457195282,0.06445210666654433,10472.2,401.74954884853327,1709.8693603515626,145.0031747729253,1709.8667236328124,145.00319061662253,5
10000,endpoint,20000,0.1,accuracy_drop_selector_with_resampling,94,0.6834821701049805,0.03795486428119634,-0.36490064263343813,0.06446726311158815,10470.2,400.2926429501297,1712.9718994140626,145.30024582695262,1712.969287109375,145.30019436575245,5
10000,endpoint,20000,0.1,accuracy_drop_selector_with_resampling,95,0.683359694480896,0.038000592723794004,-0.36475443840026855,0.0644628021636325,10468.6,400.056620992579,1716.0385498046876,145.60102331096255,1716.0359619140625,145.60101446661216,5
10000,endpoint,20000,0.1,accuracy_drop_selector_with_resampling,96,0.6832984685897827,0.03803345113514288,-0.3645972728729248,0.06448087708350947,10464.0,401.65159031180247,1719.0614013671875,145.89825362391804,1719.0588134765626,145.8980983547727,5
10000,endpoint,20000,0.1,accuracy_drop_selector_with_resampling,97,0.6832066178321838,0.03796470845010985,-0.3644527792930603,0.06448761207753385,10460.0,399.9262431999181,1722.05537109375,146.18437880654963,1722.0528076171875,146.18408416801051,5
10000,endpoint,20000,0.1,accuracy_drop_selector_with_resampling,98,0.6831861972808838,0.03799684358663741,-0.3643160879611969,0.0644939681213034,10455.4,400.1241057472044,1725.006005859375,146.47471400968485,1725.0034423828124,146.47445628560232,5
10000,endpoint,20000,0.1,accuracy_drop_selector_with_resampling,99,0.6830433249473572,0.03796515569958331,-0.3641627669334412,0.06450811150982247,10455.4,400.5000624219677,1727.9292236328124,146.76007607547848,1727.9266357421875,146.75980999236793,5
10000,endpoint,20000,0.1,accuracy_drop_selector_with_resampling,100,0.6829106450080872,0.03803701739847464,-0.36403284668922425,0.06451139082452317,10452.2,398.97706701012277,1730.815771484375,147.0421224090579,1730.8130615234375,147.04186413522856,5
10000,endpoint,20000,0.1,accuracy_drop_selector_with_resampling,101,0.6828596234321594,0.0379973236879161,-0.36388528943061826,0.0645151608637793,10448.8,399.28147966065245,1733.669140625,147.32415195916704,1733.6664794921876,147.32387029371708,5
10000,endpoint,20000,0.1,accuracy_drop_selector_with_resampling,102,0.6828290104866028,0.03797075644010406,-0.36374558210372926,0.06452935405532581,10444.8,400.50118601572206,1736.498046875,147.59372910318805,1736.4954345703125,147.59338698075462,5
10000,endpoint,20000,0.1,accuracy_drop_selector_with_resampling,103,0.6827371716499329,0.03795753788421747,-0.3636116862297058,0.06452968229233554,10440.4,401.78638603118446,1739.29228515625,147.87416208249792,1739.289599609375,147.87398315175906,5
10000,endpoint,20000,0.1,accuracy_drop_selector_with_resampling,104,0.6826044797897339,0.038017381897342654,-0.36346555352210996,0.06454437222266063,10435.6,400.7328287026158,1742.0569580078125,148.14703186081246,1742.0540771484375,148.14712996482433,5
10000,endpoint,20000,0.1,accuracy_drop_selector_with_resampling,105,0.6824717998504639,0.03786773193719151,-0.36334105730056765,0.06454231506869045,10432.6,399.8040770177313,1744.794677734375,148.41799910013296,1744.791455078125,148.41760316384307,5
10000,endpoint,20000,0.1,accuracy_drop_selector_with_resampling,106,0.6824207782745362,0.03800899756378788,-0.36319149732589723,0.0645528784217006,10428.0,397.93592449036316,1747.5048583984376,148.68837149485617,1747.501708984375,148.6878131405011,5
10000,endpoint,20000,0.1,accuracy_drop_selector_with_resampling,107,0.6823697566986084,0.03796681364666385,-0.3630716621875763,0.06455085277696315,10425.0,399.734286745583,1750.1835205078125,148.9539822800057,1750.1804443359374,148.95347854047995,5
10000,endpoint,20000,0.1,accuracy_drop_selector_with_resampling,108,0.6822983026504517,0.038010653534126235,-0.3629389822483063,0.06455986156282123,10424.4,400.04287270241423,1752.8397216796875,149.22402161039247,1752.836572265625,149.22346292406357,5
10000,endpoint,20000,0.1,accuracy_drop_selector_with_resampling,109,0.6822778940200805,0.03796481300764239,-0.3628163516521454,0.06456449291265375,10422.2,399.09860936866215,1755.473876953125,149.4883557058316,1755.47080078125,149.48785177589946,5
10000,endpoint,20000,0.1,accuracy_drop_selector_with_resampling,110,0.6821860432624817,0.03801841297621911,-0.36267643570899966,0.06456933500187576,10418.6,402.25899617037777,1758.0723388671875,149.7507989590406,1758.0693115234376,149.75027137789573,5
10000,endpoint,20000,0.1,accuracy_drop_selector_with_resampling,111,0.6821350216865539,0.037963708633094104,-0.3625584304332733,0.06457332750028441,10417.2,404.30706152626124,1760.6606689453124,150.0115481906888,1760.6576171875,150.01105085503417,5
10000,endpoint,20000,0.1,accuracy_drop_selector_with_resampling,112,0.6820023536682129,0.037982511145825584,-0.36242990493774413,0.06457930195538171,10414.8,403.3400550404088,1763.21416015625,150.27324822427556,1763.2112060546874,150.27266483654617,5
10000,endpoint,20000,0.1,accuracy_drop_selector_with_resampling,113,0.6819921493530273,0.03787550787318907,-0.3623174548149109,0.06459008948234678,10414.0,401.1371336588025,1765.7493408203125,150.528003766875,1765.7464111328125,150.52757377459932,5
10000,endpoint,20000,0.1,accuracy_drop_selector_with_resampling,114,0.6819411277770996,0.03790259872285261,-0.36218315958976743,0.06460085700138019,10409.6,402.8086394306855,1768.26220703125,150.78161650012743,1768.259228515625,150.78110034247368,5
10000,endpoint,20000,0.1,accuracy_drop_selector_with_resampling,115,0.6817880153656006,0.03782676837100085,-0.362061208486557,0.06459367404942112,10405.2,402.884847071716,1770.74619140625,151.03315707314812,1770.743310546875,151.03259632483142,5
10000,endpoint,20000,0.1,accuracy_drop_selector_with_resampling,116,0.681757390499115,0.03787713355062488,-0.3619409441947937,0.06460432090655667,10403.8,403.88141824055236,1773.215673828125,151.28750603134972,1773.212744140625,151.28711202361404,5
10000,endpoint,20000,0.1,accuracy_drop_selector_with_resampling,117,0.6816859602928161,0.03786438766308867,-0.36182062029838563,0.06461677312690356,10399.4,404.6539262134991,1775.665087890625,151.5368290446319,1775.6622314453125,151.53634564516042,5
10000,endpoint,20000,0.1,accuracy_drop_selector_with_resampling,118,0.6816553473472595,0.03787000143614754,-0.36169756650924684,0.06461929048771961,10397.0,406.2708456190279,1778.08681640625,151.77981042761925,1778.083984375,151.77940443373126,5
10000,endpoint,20000,0.1,accuracy_drop_selector_with_resampling,119,0.6816145181655884,0.03789381456516434,-0.3615914821624756,0.064611746543911,10393.2,409.41384930165714,1780.489306640625,152.0330363389353,1780.486279296875,152.03261823495725,5
10000,endpoint,20000,0.1,accuracy_drop_selector_with_resampling,120,0.6815941214561463,0.037830412025100346,-0.3614683747291565,0.0646271775997151,10391.8,410.7063427803374,1782.8795166015625,152.27646364717012,1782.876220703125,152.27590678547168,5
10000,endpoint,20000,0.1,accuracy_drop_selector_with_resampling,121,0.6815022587776184,0.03785454504548889,-0.3613599956035614,0.06462298448937837,10388.6,411.30925105083645,1785.243896484375,152.5194699696044,1785.2406982421876,152.51897652235843,5
10000,endpoint,20000,0.1,accuracy_drop_selector_with_resampling,122,0.6813899993896484,0.037822852629592334,-0.3612425267696381,0.064639486333703,10385.0,412.12922730619334,1787.589892578125,152.76366807214453,1787.586572265625,152.76310472740744,5
10000,endpoint,20000,0.1,accuracy_drop_selector_with_resampling,123,0.6813287734985352,0.0378519517923311,-0.3611433207988739,0.0646366594097416,10385.4,410.1643573008264,1789.916357421875,153.00309471690966,1789.9130859375,153.00247231076204,5
10000,endpoint,20000,0.1,accuracy_drop_selector_with_resampling,124,0.681308364868164,0.037832904639074134,-0.3610132098197937,0.06464379983514976,10379.2,414.5638672146911,1792.2303955078125,153.24013841854273,1792.2271728515625,153.23952825119542,5
10000,endpoint,20000,0.1,accuracy_drop_selector_with_resampling,125,0.6812471389770508,0.037888708336872565,-0.3609125018119812,0.0646506816204218,10376.6,413.57623239253,1794.525732421875,153.4801230098526,1794.5225830078125,153.47963909700084,5
10000,endpoint,20000,0.1,accuracy_drop_selector_with_resampling,126,0.6811552762985229,0.03786432918884993,-0.3607996702194214,0.06465602042731769,10374.0,412.9267489519176,1796.80380859375,153.71362948980536,1796.8006103515625,153.71309847422938,5
10000,endpoint,20000,0.1,accuracy_drop_selector_with_resampling,127,0.6810736417770386,0.03786206691623466,-0.3607025921344757,0.06467111857323517,10373.6,415.0081926902167,1799.0623046875,153.94726861188164,1799.0592041015625,153.94672490084005,5
10000,endpoint,20000,0.1,accuracy_drop_selector_with_resampling,128,0.6810021877288819,0.03788151085435054,-0.3605846643447876,0.0646662671823349,10369.4,413.34283591227273,1801.3052978515625,154.18127510349404,1801.3020751953125,154.18073480117485,5
10000,endpoint,20000,0.1,accuracy_drop_selector_with_resampling,129,0.6810124039649963,0.037855488363706176,-0.36047911643981934,0.06467275607400987,10366.6,411.59239545939135,1803.5303466796875,154.41165475132448,1803.52724609375,154.41111289471596,5
10000,endpoint,20000,0.1,accuracy_drop_selector_with_resampling,130,0.6809511661529541,0.037851756539411405,-0.3603682816028595,0.06467672598031586,10363.8,411.3857070925046,1805.739990234375,154.6426183113998,1805.7369140625,154.64204564155537,5
10000,endpoint,20000,0.1,accuracy_drop_selector_with_resampling,131,0.6809103488922119,0.037879153053356804,-0.3602637887001038,0.06468279965685016,10361.0,411.56105257907967,1807.935009765625,154.87151892648401,1807.9319091796874,154.8709742430281,5
10000,endpoint,20000,0.1,accuracy_drop_selector_with_resampling,132,0.6808593153953553,0.03787071437004897,-0.36016905307769775,0.06468916855130835,10359.2,412.30959241812457,1810.11279296875,155.10155710054505,1810.109716796875,155.10102099975637,5
10000,endpoint,20000,0.1,accuracy_drop_selector_with_resampling,133,0.6808389067649842,0.037905179271392156,-0.36005930304527284,0.06469517511560322,10354.0,413.40113691183774,1812.2759521484375,155.32843142629756,1812.2729736328124,155.32795639474065,5
10000,endpoint,20000,0.1,accuracy_drop_selector_with_resampling,134,0.6807776689529419,0.03792107954116013,-0.35995435118675234,0.06470011112608313,10350.6,413.27690475031386,1814.42392578125,155.5508097253316,1814.4208740234376,155.55031342706565,5
10000,endpoint,20000,0.1,accuracy_drop_selector_with_resampling,135,0.6806756258010864,0.037974902612939336,-0.35984771251678466,0.06470480904982207,10350.8,411.5023693734946,1816.55693359375,155.7711471999889,1816.5539794921874,155.77064105503618,5
10000,endpoint,20000,0.1,accuracy_drop_selector_with_resampling,136,0.6806245923042298,0.037918915990667074,-0.35974817872047427,0.06471527135544523,10348.0,410.9251756707053,1818.6774658203126,155.99300643717683,1818.674462890625,155.99245084015882,5
10000,endpoint,20000,0.1,accuracy_drop_selector_with_resampling,137,0.6805225372314453,0.03795226683628913,-0.3596560537815094,0.06472650479582022,10344.6,409.8539983945503,1820.7800537109374,156.2161361612543,1820.7771484375,156.21564186992904,5
10000,endpoint,20000,0.1,accuracy_drop_selector_with_resampling,138,0.680573558807373,0.037888056510861454,-0.3595514178276062,0.06473263784184727,10343.2,410.1709399750304,1822.87626953125,156.4353250849908,1822.8733154296874,156.43481819743252,5
10000,endpoint,20000,0.1,accuracy_drop_selector_with_resampling,139,0.680532717704773,0.037916012910887725,-0.3594501554965973,0.06474222529262251,10338.4,411.0605794770401,1824.956005859375,156.654300716393,1824.953076171875,156.6539051088202,5
10000,endpoint,20000,0.1,accuracy_drop_selector_with_resampling,140,0.6804612874984741,0.03789412618081659,-0.35935949683189394,0.06474367527655528,10338.0,410.138391277871,1827.021142578125,156.86994376132807,1827.0182861328126,156.86949798824168,5
10000,endpoint,20000,0.1,accuracy_drop_selector_with_resampling,141,0.6804102659225464,0.03788558853120123,-0.35926116108894346,0.06474185486498989,10333.8,409.5786859688868,1829.0689697265625,157.08689158839954,1829.0660400390625,157.08639019017136,5
10000,endpoint,20000,0.1,accuracy_drop_selector_with_resampling,142,0.6803898453712464,0.03788113105214338,-0.3591617584228516,0.06475000814897011,10330.2,408.70490576943166,1831.1121826171875,157.30202692927801,1831.1093505859376,157.30158688415344,5
10000,endpoint,20000,0.1,accuracy_drop_selector_with_resampling,143,0.6803592443466187,0.03788010761629717,-0.359070360660553,0.06475421549326513,10328.8,407.02911443777583,1833.1324462890625,157.5210214282342,1833.1296142578126,157.52057833079138,5
10000,endpoint,20000,0.1,accuracy_drop_selector_with_resampling,144,0.6802980065345764,0.037886264733963615,-0.3589754462242126,0.0647599106415602,10327.2,405.824715856489,1835.1457275390626,157.7334641842763,1835.1428466796874,157.73293738440765,5
10000,endpoint,20000,0.1,accuracy_drop_selector_with_resampling,145,0.6802469611167907,0.037915499267552166,-0.35887613892555237,0.064764405700431,10324.8,408.2850719779012,1837.1473876953125,157.94748535336257,1837.1444580078125,157.94679806743662,5
10000,endpoint,20000,0.1,accuracy_drop_selector_with_resampling,146,0.6801244974136352,0.037862571433238665,-0.35878238677978513,0.06477179454126965,10323.0,409.86766156895084,1839.1350341796874,158.15526825310985,1839.132080078125,158.1545745538604,5
10000,endpoint,20000,0.1,accuracy_drop_selector_with_resampling,147,0.6800938844680786,0.03788726302451315,-0.35869142413139343,0.06477549959087778,10322.2,408.1907642267277,1841.111328125,158.3625723114004,1841.1083251953125,158.36179205512622,5
10000,endpoint,20000,0.1,accuracy_drop_selector_with_resampling,148,0.6800428628921509,0.03787382621924412,-0.3585912585258484,0.0647846812914637,10318.4,409.1745348870088,1843.0771728515624,158.56931524929178,1843.0742431640624,158.56844195681467,5
10000,endpoint,20000,0.1,accuracy_drop_selector_with_resampling,149,0.680042850971222,0.03794387760656766,-0.3584991693496704,0.06478489991088936,10317.0,408.2560471076944,1845.029443359375,158.77978531558978,1845.02646484375,158.77897366996748,5
10000,endpoint,20000,0.1,none,-1,0.7678624391555786,0.038630936334284466,-0.5034046530723572,0.06379191930079747,0.0,0.0,0.0,0.0,0.0,0.0,5
10000,endpoint,20000,0.1,none,0,0.767699134349823,0.03863648809620177,-0.5034147202968597,0.06378858407813526,10107.0,513.3176404527708,10.59400234222412,1.2265219274604882,10.59400234222412,1.2265219274604882,5
10000,endpoint,20000,0.1,none,1,0.766719388961792,0.03878561943852667,-0.5030423939228058,0.06379726629132905,14706.4,349.8268142953024,28.370576477050783,3.028588141952279,28.370576477050783,3.028588141952279,5
10000,endpoint,20000,0.1,none,2,0.7652803897857666,0.03902400709115192,-0.5018437623977661,0.06390656187315043,14804.4,211.66671916009847,52.21877212524414,5.047548581128653,52.21877212524414,5.047548581128653,5
10000,endpoint,20000,0.1,none,3,0.7633005023002625,0.03915473543642809,-0.49964797496795654,0.06402447655288264,14741.2,233.40886872610474,80.80055236816406,7.447474999753849,80.80055236816406,7.447474999753849,5
10000,endpoint,20000,0.1,none,4,0.7610756754875183,0.03937333979880207,-0.4965548932552338,0.06409972893770818,14662.8,218.44381428642012,113.39088287353516,9.788678636656174,113.39088287353516,9.788678636656174,5
10000,endpoint,20000,0.1,none,5,0.7583915829658509,0.039459422388381814,-0.4927416563034058,0.064191248460029,14649.2,244.61950044916696,148.83789672851563,11.99675165642537,148.83789672851563,11.99675165642537,5
10000,endpoint,20000,0.1,none,6,0.756003475189209,0.03942794160906248,-0.4886359989643097,0.0642441436935013,14532.6,229.95390842514507,185.5753967285156,14.058561784631111,185.5753967285156,14.058561784631111,5
10000,endpoint,20000,0.1,none,7,0.7535234928131104,0.03940185303755338,-0.48442144989967345,0.06426773034982233,14451.2,225.02599849795135,223.14766845703124,16.011853101528736,223.14766845703124,16.011853101528736,5
10000,endpoint,20000,0.1,none,8,0.7512068033218384,0.039339063130599004,-0.4802325487136841,0.06425713071059078,14326.6,255.54803853678862,260.8066345214844,18.043093869411802,260.8066345214844,18.043093869411802,5
10000,endpoint,20000,0.1,none,9,0.748808479309082,0.039379090656356135,-0.47613016366958616,0.0641768536825359,14195.0,250.31480179965388,298.24510498046874,20.188304775256142,298.24510498046874,20.188304775256142,5
10000,endpoint,20000,0.1,none,10,0.7466857314109803,0.039606135662981476,-0.4721538782119751,0.06407028665323548,14169.2,232.61814202679892,335.45310668945314,22.551988931544155,335.45310668945314,22.551988931544155,5
10000,endpoint,20000,0.1,none,11,0.7444813013076782,0.0396746446870283,-0.46833998560905454,0.06398180003353278,14092.6,172.14615883022194,372.00938720703124,24.81482328713059,372.00938720703124,24.81482328713059,5
10000,endpoint,20000,0.1,none,12,0.7423993587493897,0.03967673046334233,-0.46464443802833555,0.06388281250727616,13969.4,236.85501894618994,408.02971801757815,27.188630830027662,408.02971801757815,27.188630830027662,5
10000,endpoint,20000,0.1,none,13,0.7405112981796265,0.03956958158264014,-0.46111897230148313,0.06379140322464007,13940.8,167.8621458221001,443.520654296875,29.380190767620896,443.520654296875,29.380190767620896,5
10000,endpoint,20000,0.1,none,14,0.7385620236396789,0.03951712250803977,-0.45773992538452146,0.06369168730073343,13836.0,209.6222793502637,478.3771728515625,31.631285998095787,478.3771728515625,31.631285998095787,5
10000,endpoint,20000,0.1,none,15,0.7367862582206726,0.03935964943447412,-0.45448378324508665,0.06360568647043165,13754.2,194.94922415849723,512.7031494140625,33.76018179877807,512.7031494140625,33.76018179877807,5
10000,endpoint,20000,0.1,none,16,0.7349798440933227,0.03926768126246352,-0.45135730504989624,0.06351955969252024,13681.8,134.93591071319747,546.4598754882812,35.68892766042949,546.4598754882812,35.68892766042949,5
10000,endpoint,20000,0.1,none,17,0.7331122040748597,0.039284828295983815,-0.4483712375164032,0.06345092588382648,13617.4,171.48265218382878,579.64541015625,37.57757708992701,579.64541015625,37.57757708992701,5
10000,endpoint,20000,0.1,none,18,0.7315405488014222,0.03899615627360143,-0.4454904317855835,0.06338538613539929,13543.4,142.24731983415364,612.3915893554688,39.39382856109225,612.3915893554688,39.39382856109225,5
10000,endpoint,20000,0.1,none,19,0.7298566222190856,0.0388851942677789,-0.44275384545326235,0.06331624467809222,13523.6,175.2035958535098,644.629150390625,41.16079522676641,644.629150390625,41.16079522676641,5
10000,endpoint,20000,0.1,none,20,0.7284890532493591,0.03874120289633933,-0.4400796413421631,0.06321203904020768,13452.2,164.4344854341692,676.3222534179688,42.85058043825958,676.3222534179688,42.85058043825958,5
10000,endpoint,20000,0.1,none,21,0.7268765687942504,0.038820599503635284,-0.4374843299388885,0.06316865578700728,13381.4,184.9359348531269,707.5815551757812,44.350983506285154,707.5815551757812,44.350983506285154,5
10000,endpoint,20000,0.1,none,22,0.7253661155700684,0.03876363846050778,-0.43500308990478515,0.06311055813276487,13343.0,141.05318146004365,738.4259155273437,45.63307018402792,738.4259155273437,45.63307018402792,5
10000,endpoint,20000,0.1,none,23,0.7239577412605286,0.038609012930158546,-0.43259435296058657,0.06303357744851157,13315.4,160.31001216393193,768.8898315429688,47.026311130923986,768.8898315429688,47.026311130923986,5
10000,endpoint,20000,0.1,none,24,0.7225901842117309,0.038734922263078,-0.4302551209926605,0.06295871581506601,13278.6,198.06766520560595,798.9947998046875,48.335423767031195,798.9947998046875,48.335423767031195,5
10000,endpoint,20000,0.1,none,25,0.7214981913566589,0.03860913757812507,-0.42797589898109434,0.06289238183446506,13224.4,171.3761943794995,828.6070678710937,49.562862073469766,828.6070678710937,49.562862073469766,5
10000,endpoint,20000,0.1,none,26,0.7200489997863769,0.038640498013805716,-0.42575291991233827,0.06282742341328028,13213.8,173.2850253195584,857.9823364257812,50.857925589160544,857.9823364257812,50.857925589160544,5
10000,endpoint,20000,0.1,none,27,0.7189161658287049,0.03867190448770131,-0.42359938621521,0.06276758796509396,13165.6,146.04211721280953,886.920263671875,52.06588963279064,886.920263671875,52.06588963279064,5
10000,endpoint,20000,0.1,none,28,0.7176404476165772,0.03869284405841453,-0.42149547934532167,0.06270238866406644,13120.0,150.95032295427526,915.5536376953125,53.221670267515876,915.5536376953125,53.221670267515876,5
10000,endpoint,20000,0.1,none,29,0.7165178418159485,0.0384852618655015,-0.419454824924469,0.0626401001671116,13087.0,159.77327686443687,943.788623046875,54.33702447147156,943.788623046875,54.33702447147156,5
10000,endpoint,20000,0.1,none,30,0.7155584931373596,0.03839946159238245,-0.4174803733825684,0.06257956189074987,13064.2,177.22217694182632,971.6988037109375,55.55710083519592,971.6988037109375,55.55710083519592,5
10000,endpoint,20000,0.1,none,31,0.714323627948761,0.03837496407756518,-0.4155555486679077,0.06251359638725856,13039.2,155.73599455488767,999.3848510742188,56.62455675127821,999.3848510742188,56.62455675127821,5
10000,endpoint,20000,0.1,none,32,0.7131193518638611,0.03829768248070757,-0.4136729180812836,0.06245942535929693,13005.0,129.8710899315163,1026.7131103515626,57.78438005966275,1026.7131103515626,57.78438005966275,5
10000,endpoint,20000,0.1,none,33,0.7123641490936279,0.038244981809798954,-0.4118345856666565,0.06242863854758028,12958.2,201.65614297610674,1053.7450073242187,58.8863090973518,1053.7450073242187,58.8863090973518,5
10000,endpoint,20000,0.1,none,34,0.7114150166511536,0.03808358279002824,-0.41004114151000975,0.06239309030326002,12912.4,173.45546978979937,1080.43515625,59.838254879941225,1080.43515625,59.838254879941225,5
10000,endpoint,20000,0.1,none,35,0.7103638291358948,0.038025902374199456,-0.4083080530166626,0.06235684134988631,12964.4,156.45382705450194,1106.966259765625,60.816680421259605,1106.966259765625,60.816680421259605,5
10000,endpoint,20000,0.1,none,36,0.7095269680023193,0.038025428812244126,-0.4066304206848145,0.062304317097489,12917.0,198.26245232015063,1133.135986328125,61.7094966446999,1133.135986328125,61.7094966446999,5
10000,endpoint,20000,0.1,none,37,0.7086798906326294,0.03813038140499455,-0.4049869477748871,0.06227001163468088,12878.6,138.57416786688637,1159.0583740234374,62.50945759905201,1159.0583740234374,62.50945759905201,5
10000,endpoint,20000,0.1,none,38,0.7077001571655274,0.03789547523259963,-0.40335447788238527,0.0622350805554186,12868.8,163.12939649247772,1184.6674072265625,63.4128287498127,1184.6659423828125,63.41358663115586,5
10000,endpoint,20000,0.1,none,39,0.7068020701408386,0.037689864491718315,-0.4017656326293945,0.062194363105663834,12868.2,151.83280277989996,1210.12353515625,64.1684139076848,1210.1209228515625,64.16977946667217,5
10000,endpoint,20000,0.1,none,40,0.7057406783103943,0.03766880608278063,-0.40019766092300413,0.06217263535657729,12806.2,182.81602774374025,1235.28369140625,64.97398574256447,1235.2810791015625,64.97537328376696,5
10000,endpoint,20000,0.1,none,41,0.704924213886261,0.03768634033890431,-0.39866507053375244,0.06210734918098582,12806.0,210.52315787105226,1260.297314453125,65.71762923643398,1260.2947265625,65.7190235279289,5
10000,endpoint,20000,0.1,none,42,0.7041588068008423,0.0375085968122212,-0.3971590638160706,0.062080314647133546,12820.4,138.56695132678644,1285.060986328125,66.39239304630956,1285.0583740234374,66.39381614809872,5
10000,endpoint,20000,0.1,none,43,0.7031688570976258,0.03742963549047488,-0.395706570148468,0.06202699291678502,12742.6,163.3196252751028,1309.5973876953126,66.99460995453215,1309.5947998046875,66.99603865742816,5
10000,endpoint,20000,0.1,none,44,0.7024034261703491,0.03740189029044049,-0.3942375421524048,0.06199262550757241,12724.2,185.09916261290866,1333.851025390625,67.54577695944366,1333.8484375,67.5472237770007,5
10000,endpoint,20000,0.1,none,45,0.7016175985336304,0.037301471501633626,-0.39282546043395994,0.06195604041779019,12769.4,152.13415132704426,1358.0020263671875,68.09863962212788,1357.9994384765625,68.10009939562437,5
10000,endpoint,20000,0.1,none,46,0.7006378650665284,0.037294962319133325,-0.3914324641227722,0.06193292809299167,12683.6,196.740438141222,1381.9059326171875,68.77974789166227,1381.9033447265624,68.78122833268726,5
10000,endpoint,20000,0.1,none,47,0.7000153183937072,0.037195723718458945,-0.39006314873695375,0.06189033223044208,12699.6,138.05904533930402,1405.608447265625,69.37760061046357,1405.6058349609375,69.3791152413361,5
10000,endpoint,20000,0.1,none,48,0.6992805004119873,0.03720342696495118,-0.38873477578163146,0.06183673100220036,12698.0,168.94377763031108,1429.1446044921875,70.05180537229766,1429.1419677734375,70.05335250654313,5
10000,endpoint,20000,0.1,none,49,0.6986273288726806,0.03703801614145033,-0.38738813996315,0.06180807512280801,12625.8,125.47589409922529,1452.3805419921875,70.55610030765817,1452.3776123046875,70.55799879360629,5
10000,endpoint,20000,0.1,none,50,0.697729229927063,0.036951419441073725,-0.38609967231750486,0.06174672042525493,12604.0,128.58460249967723,1476.671630859375,71.30209991326824,1476.66435546875,71.30833094553398,5
10000,endpoint,20000,0.1,none,51,0.6971373081207275,0.036887397534671434,-0.3848170697689056,0.06171065286555868,12589.0,129.1452670445185,1493.6087890625,71.84758698195614,1493.6003662109374,71.85439934560249,5
10000,endpoint,20000,0.1,none,52,0.6967188835144043,0.03690199500414606,-0.38390231132507324,0.06168601197977475,12579.4,135.44666847139504,1507.425732421875,72.29504948424542,1507.4183349609375,72.30059278219264,5
10000,endpoint,20000,0.1,none,53,0.6963718891143799,0.03683222998425483,-0.3831777095794678,0.0616617145557666,12567.8,136.90398095015354,1519.31787109375,72.65466504096125,1519.31064453125,72.65888422012573,5
10000,endpoint,20000,0.1,none,54,0.6960963368415832,0.03685680812313659,-0.3825546741485596,0.06164209657184656,12558.4,137.84157573098184,1529.93310546875,72.98504227231332,1529.9259765625,72.98748383864027,5
10000,endpoint,20000,0.1,none,55,0.6956677079200745,0.03686382974429712,-0.38199416995048524,0.06161561314444339,12551.0,138.24073205824686,1539.5866943359374,73.30211673658405,1539.5801513671875,73.30431958054076,5
10000,endpoint,20000,0.1,none,56,0.6954942107200622,0.03686316171666359,-0.3814865708351135,0.061585534521100924,12542.8,138.46371365812777,1548.4913818359375,73.56790836861458,1548.485400390625,73.56996886177254,5
10000,endpoint,20000,0.1,none,57,0.6951982378959656,0.036819477824367716,-0.38101767301559447,0.061565993594204636,12531.8,144.2591418247038,1556.7832275390624,73.80808780692591,1556.77763671875,73.80999438617148,5
10000,endpoint,20000,0.1,none,58,0.6949533224105835,0.03681115050448215,-0.380571186542511,0.06153001497407805,12522.2,145.34854660436065,1564.5818359375,74.04774219536809,1564.576416015625,74.04960020838656,5
10000,endpoint,20000,0.1,none,59,0.6947491884231567,0.03675388094990594,-0.3801664888858795,0.06151415691575806,12513.8,146.61582452109323,1571.9412841796875,74.29925250381983,1571.9358154296874,74.30122663233978,5
10000,endpoint,20000,0.1,none,60,0.6945144653320312,0.036711838193601194,-0.37978036403656007,0.06148524938727838,12505.0,146.48378749882187,1578.9398193359375,74.51465771164875,1578.9346435546875,74.51655175797983,5
10000,endpoint,20000,0.1,none,61,0.6942695379257202,0.036874048160041833,-0.379427832365036,0.06147684959779573,12497.4,147.90131845254118,1585.62802734375,74.73430501518665,1585.622802734375,74.7362833073032,5
10000,endpoint,20000,0.1,none,62,0.6941164374351502,0.03683822086257876,-0.3790681719779968,0.06146130208443458,12490.6,145.94964885192428,1592.02958984375,74.94151162040447,1592.024365234375,74.94376867742801,5
10000,endpoint,20000,0.1,none,63,0.6939633607864379,0.036846926306084916,-0.3787389576435089,0.06144309482900308,12475.8,149.24376033858167,1598.1908447265625,75.14102934029309,1598.185791015625,75.14321622413233,5
10000,endpoint,20000,0.1,none,64,0.6938408851623535,0.036753341445966085,-0.3784146189689636,0.06142158261977414,12468.8,150.70235565511243,1604.1144287109375,75.33823321245809,1604.1094482421875,75.34032141024322,5
10000,endpoint,20000,0.1,none,65,0.6936673879623413,0.036756737272720205,-0.3781073153018951,0.061401028321128606,12461.8,149.43627404348652,1609.8595703125,75.52402053096745,1609.85458984375,75.52612313779983,5
10000,endpoint,20000,0.1,none,66,0.6935245394706726,0.036776747431792295,-0.3778081238269806,0.06140400027517954,12452.6,151.51336574705218,1615.4151123046875,75.71426280983128,1615.4103271484375,75.71632149236393,5
10000,endpoint,20000,0.1,none,67,0.6933306097984314,0.036812561778206826,-0.3775154173374176,0.06138341812553845,12444.6,154.36094065533547,1620.798193359375,75.91213342433292,1620.793359375,75.91385731966243,5
10000,endpoint,20000,0.1,none,68,0.6932591676712037,0.036763230525506334,-0.37722671031951904,0.0613700655965216,12435.8,155.5625276215323,1626.0262451171875,76.09150134828482,1626.021337890625,76.09291478553455,5
10000,endpoint,20000,0.1,none,69,0.6931877374649048,0.036780262118068154,-0.3769694328308105,0.061359909350395626,12428.4,154.50987023488176,1631.11767578125,76.26916923114663,1631.1127685546876,76.27064394860385,5
10000,endpoint,20000,0.1,none,70,0.6930448532104492,0.03676370719410401,-0.3766983926296234,0.061337070235491245,12424.8,154.79890180489008,1636.0721923828125,76.45439146976258,1636.0671630859374,76.45602798365948,5
10000,endpoint,20000,0.1,none,71,0.6928611516952514,0.0366789693361483,-0.37644088864326475,0.06133559435791239,12415.4,153.06632549323186,1640.9163818359375,76.63609049610659,1640.9115234375,76.63765080867728,5
10000,endpoint,20000,0.1,none,72,0.692626440525055,0.03675592128510018,-0.3761835336685181,0.06131828323855922,12409.4,154.37227730392527,1645.62939453125,76.80465422790523,1645.62431640625,76.80568953493803,5
10000,endpoint,20000,0.1,none,73,0.6925141453742981,0.0368287163066515,-0.37594824433326723,0.06130752945774532,12401.8,155.68461709494616,1650.25390625,76.97821641391086,1650.2487548828126,76.97905873938046,5
10000,endpoint,20000,0.1,none,74,0.692381477355957,0.03679878353221052,-0.37571491599082946,0.061291353512751515,12397.2,153.72605504598107,1654.756689453125,77.13967560323367,1654.751416015625,77.13995682580753,5
10000,endpoint,20000,0.1,none,75,0.6921773672103881,0.03684872313151283,-0.37547303438186647,0.06128386598610266,12390.4,150.60312081759793,1659.173388671875,77.29770386059458,1659.168212890625,77.29799929109248,5
10000,endpoint,20000,0.1,none,76,0.6921059250831604,0.03689144258679773,-0.3752388060092926,0.06127549258689611,12380.6,153.01405164232466,1663.5064453125,77.46220068656187,1663.5013671875,77.46244970055595,5
10000,endpoint,20000,0.1,none,77,0.6919630646705628,0.03688682328951733,-0.37502864599227903,0.061264732707678446,12376.8,151.38923343487807,1667.7434814453125,77.6213729100748,1667.738525390625,77.62160727703618,5
10000,endpoint,20000,0.1,none,78,0.6918712019920349,0.03687954088921291,-0.3748152732849121,0.061254918178841655,12370.8,157.06431803563788,1671.8950927734375,77.79225222336854,1671.8900634765625,77.79259016468274,5
10000,endpoint,20000,0.1,none,79,0.6917691469192505,0.03693614732392621,-0.37459337115287783,0.061244944997261526,12363.0,156.9426646900071,1675.9810546875,77.9538359898441,1675.9754638671875,77.95441307199172,5
10000,endpoint,20000,0.1,none,80,0.6916875004768371,0.036836440033468185,-0.37437654137611387,0.06123496063214619,12357.8,158.7945213160706,1679.9986328125,78.10370002695623,1679.9927001953124,78.10367344127704,5
10000,endpoint,20000,0.1,none,81,0.6915956616401673,0.036799233809715934,-0.3741713762283325,0.0612237706692316,12353.8,157.78212826552948,1683.9427490234375,78.25330516818742,1683.93671875,78.25298065700123,5
10000,endpoint,20000,0.1,none,82,0.6914833903312683,0.0368025289107484,-0.37397767305374147,0.06121080700983072,12348.0,156.99840763523687,1687.8209716796875,78.40997246185886,1687.8150146484375,78.40964482726498,5
10000,endpoint,20000,0.1,none,83,0.6913915395736694,0.03675397559512638,-0.3737700283527374,0.061200241880448064,12341.8,157.51730063710463,1691.63291015625,78.56140833203754,1691.6268798828125,78.5613607760644,5
10000,endpoint,20000,0.1,none,84,0.6913405060768127,0.03677824272136278,-0.37357501983642577,0.061196551147050575,12338.6,157.24439576659003,1695.3877685546875,78.70362050990278,1695.381689453125,78.70351592585558,5
10000,endpoint,20000,0.1,none,85,0.6911976218223572,0.03675477528435394,-0.3733916521072388,0.06119248506910225,12333.8,158.61967091127127,1699.0794921875,78.84941799799857,1699.0734619140626,78.84887632122928,5
10000,endpoint,20000,0.1,none,86,0.6910751581192016,0.03676653825081797,-0.37319183349609375,0.061181963306114896,12328.6,159.33863310572235,1702.7240478515625,78.9881620846987,1702.718017578125,78.98762071036279,5
10000,endpoint,20000,0.1,none,87,0.6909935116767884,0.03664343116419454,-0.37300867438316343,0.06116178089077342,12323.8,160.00999968751952,1706.3106201171875,79.12979546570962,1706.3044189453126,79.12955577173426,5
10000,endpoint,20000,0.1,none,88,0.690911877155304,0.03665477621582226,-0.3728247702121735,0.06116894887389254,12320.2,157.74568139888964,1709.845166015625,79.26550889042412,1709.8386962890625,79.2656078039512,5
10000,endpoint,20000,0.1,none,89,0.6908302426338195,0.03662821964161269,-0.37264093160629275,0.061160465607205644,12316.4,161.23368134481083,1713.329443359375,79.41001086669513,1713.3228271484375,79.41036954379462,5
10000,endpoint,20000,0.1,none,90,0.6906975507736206,0.036607974129645435,-0.372478312253952,0.06115835982225808,12309.8,160.66331255143473,1716.7625244140625,79.54250537929553,1716.7560546875,79.5428772814481,5
10000,endpoint,20000,0.1,none,91,0.6906057000160217,0.03658877766802595,-0.3722955763339996,0.061146065646761165,12305.8,164.10728198346348,1720.1582763671875,79.67380525236442,1720.151806640625,79.67417096830182,5
10000,endpoint,20000,0.1,none,92,0.690534257888794,0.03663294970776411,-0.3721123218536377,0.06114105237777143,12301.6,165.43065012264202,1723.5075927734374,79.80241812610164,1723.5009033203125,79.80305725200765,5
10000,endpoint,20000,0.1,none,93,0.6903607606887817,0.03659888114351286,-0.37195388674736024,0.06114136015741906,12296.2,163.4570279920689,1726.8157470703125,79.93214338772977,1726.8092041015625,79.93269454536218,5
10000,endpoint,20000,0.1,none,94,0.6903403520584106,0.036640927493175185,-0.37178243398666383,0.06112605462290474,12289.4,164.3283298765006,1730.081787109375,80.06111332455046,1730.07529296875,80.06172201468567,5
10000,endpoint,20000,0.1,none,95,0.6902791261672974,0.03661590739790293,-0.37161812782287595,0.06112853187478823,12283.0,164.4506004853737,1733.3063720703126,80.18283086426736,1733.299609375,80.18362082332582,5
10000,endpoint,20000,0.1,none,96,0.6901668429374694,0.036697315482100916,-0.37145249247550965,0.061118553591260914,12277.8,165.26856930463214,1736.4915771484375,80.31708361008543,1736.4848876953124,80.31776342243924,5
10000,endpoint,20000,0.1,none,97,0.6900341868400574,0.03676724095478295,-0.3712936043739319,0.06111590456064344,12275.0,165.88550268181967,1739.6469482421876,80.4467556386927,1739.6402587890625,80.44772190512968,5
10000,endpoint,20000,0.1,none,98,0.6899423241615296,0.03674263086890582,-0.37112926244735717,0.06112184587805934,12272.2,166.85532655567218,1742.7638916015626,80.56679850083549,1742.757177734375,80.56781082493688,5
10000,endpoint,20000,0.1,none,99,0.6898096561431885,0.036712591223213964,-0.37097123861312864,0.06111526461785439,12266.8,165.99909638308276,1745.838818359375,80.69227472853512,1745.832080078125,80.6933791639924,5
10000,endpoint,20000,0.1,none,100,0.6897382140159607,0.03676403740953629,-0.3708122491836548,0.06110991854104343,12261.0,165.74679484080528,1748.8854736328126,80.81034747351625,1748.8788330078125,80.81130034664659,5
10000,endpoint,20000,0.1,none,101,0.6896361708641052,0.03672967478747317,-0.3706611096858978,0.06112474219182387,12256.8,164.55758870377264,1751.8992431640625,80.92678037350649,1751.89267578125,80.92778084135051,5
10000,endpoint,20000,0.1,none,102,0.6895851254463196,0.03664639303153744,-0.3705160081386566,0.061103678465083563,12252.2,164.43144468136256,1754.8790771484375,81.04755312347447,1754.8725341796876,81.04862293459479,5
10000,endpoint,20000,0.1,none,103,0.6895443081855774,0.036751789356348735,-0.3703591048717499,0.061102399690272556,12248.6,163.4726276781529,1757.8262939453125,81.17023495466638,1757.819873046875,81.1711705787923,5
10000,endpoint,20000,0.1,none,104,0.6893504142761231,0.03669857565672107,-0.37021479606628416,0.0610951864926536,12244.6,164.83870904614608,1760.749853515625,81.2846282235962,1760.7435302734375,81.28562407794578,5
10000,endpoint,20000,0.1,none,105,0.689197325706482,0.036703866610876094,-0.37006900310516355,0.06108842341090406,12238.0,163.00306745579974,1763.635888671875,81.40142730585276,1763.629541015625,81.40221464742804,5
10000,endpoint,20000,0.1,none,106,0.6891360759735108,0.036634608339152115,-0.3699246525764465,0.061088341989488745,12233.6,163.37778306734364,1766.49521484375,81.50832556229702,1766.4887939453124,81.50897673233631,5
10000,endpoint,20000,0.1,none,107,0.689085066318512,0.03667585857952435,-0.36977880001068114,0.06108056308300253,12231.4,161.31583927190783,1769.3299560546875,81.61991768747565,1769.32333984375,81.62090137686313,5
10000,endpoint,20000,0.1,none,108,0.6889932155609131,0.036682820965129787,-0.3696362316608429,0.06108032796583978,12227.0,164.03200907140044,1772.137744140625,81.72794539302923,1772.1310546875,81.72903695104215,5
10000,endpoint,20000,0.1,none,109,0.6889115810394287,0.03670497957228544,-0.3694975435733795,0.06106418456295489,12222.0,165.22560334282335,1774.9135986328124,81.83977723836551,1774.9070556640625,81.84087067124968,5
10000,endpoint,20000,0.1,none,110,0.6888809442520142,0.03665835606084525,-0.3693565785884857,0.061062203175535124,12217.2,163.01748372490601,1777.662548828125,81.94879984677443,1777.6560546875,81.94983251395364,5
10000,endpoint,20000,0.1,none,111,0.6887992978096008,0.03666361762122614,-0.3692355275154114,0.06106082198276589,12213.4,165.86681404066337,1780.38642578125,82.05416673921607,1780.37998046875,82.05520022747918,5
10000,endpoint,20000,0.1,none,112,0.688727855682373,0.036651575298849534,-0.36907775402069093,0.06104550456684455,12207.0,165.7664019034014,1783.0906494140625,82.1603851778382,1783.0839599609376,82.16158899695661,5
10000,endpoint,20000,0.1,none,113,0.6886564135551453,0.03664410531684475,-0.3689443528652191,0.06104678223046151,12206.0,163.87647787281736,1785.7723388671875,82.2780193255754,1785.76572265625,82.27916395855921,5
10000,endpoint,20000,0.1,none,114,0.6885951876640319,0.03665108523072453,-0.36883662939071654,0.061036294764008875,12202.0,161.81316386499586,1788.423583984375,82.38455760969613,1788.4169921875,82.38567188545218,5
10000,endpoint,20000,0.1,none,115,0.6884931325912476,0.03652928905360785,-0.36868712306022644,0.06103362919771845,12198.8,163.47079249823193,1791.0540283203125,82.48818873259229,1791.0475341796875,82.48934490562037,5
10000,endpoint,20000,0.1,none,116,0.6883808732032776,0.03648546138490468,-0.36856534481048586,0.061029662490272814,12195.6,164.20200973191527,1793.6653564453125,82.59692790966166,1793.6589111328126,82.5979668515748,5
10000,endpoint,20000,0.1,none,117,0.6883400440216064,0.03655858406182347,-0.3684240818023682,0.06103301134804409,12191.4,163.4175633155751,1796.25009765625,82.70357792106157,1796.2437255859375,82.70478509359847,5
10000,endpoint,20000,0.1,none,118,0.6881971716880798,0.036525702671380965,-0.3683167636394501,0.061023221949854406,12187.2,162.64593447116962,1798.8131591796875,82.80507432977015,1798.806787109375,82.8061381287463,5
10000,endpoint,20000,0.1,none,119,0.688125741481781,0.03655674598648586,-0.3681812047958374,0.06101090203038438,12182.8,163.1094724410572,1801.356689453125,82.9128806759087,1801.350390625,82.91387801447708,5
10000,endpoint,20000,0.1,none,120,0.6880645036697388,0.0365374646049393,-0.3680589020252228,0.061019411602647296,12179.2,163.53654025935612,1803.8795654296875,83.01091679719764,1803.8732666015626,83.01196666099088,5
10000,endpoint,20000,0.1,none,121,0.6879522204399109,0.036504042121853285,-0.3679300665855408,0.061010696547595104,12175.8,162.9561290654635,1806.3891845703124,83.11341648721896,1806.3830078125,83.11453095110757,5
10000,endpoint,20000,0.1,none,122,0.6879930615425109,0.03641924910503405,-0.36780306696891785,0.06099794293953889,12172.0,160.09840723754874,1808.8751953125,83.21295055295471,1808.86904296875,83.21397546582811,5
10000,endpoint,20000,0.1,none,123,0.6878093600273132,0.03651097040383564,-0.36769080758094785,0.060996285139829465,12166.8,162.38134129264975,1811.339208984375,83.31498717533422,1811.3330078125,83.31593372022823,5
10000,endpoint,20000,0.1,none,124,0.6877583265304565,0.03642717531007983,-0.367579048871994,0.06099685355531967,12166.2,163.57781023109462,1813.7849853515625,83.41718671546903,1813.778662109375,83.4180655587344,5
10000,endpoint,20000,0.1,none,125,0.6875746369361877,0.03646891662553883,-0.36745516657829286,0.06097835397605476,12162.0,162.68835237963413,1816.2142578125,83.5162566330347,1816.2078125,83.51694641123267,5
10000,endpoint,20000,0.1,none,126,0.6876256585121154,0.03650691237317857,-0.36733394861221313,0.060984303907265856,12159.6,163.84230222991863,1818.6282958984375,83.61709056228648,1818.621923828125,83.61786829217657,5
10000,endpoint,20000,0.1,none,127,0.6874419569969177,0.03645243453438797,-0.36721795201301577,0.06096209549737862,12156.4,162.96410647746944,1821.02158203125,83.7154082959422,1821.015234375,83.71618832384212,5
10000,endpoint,20000,0.1,none,128,0.6874011397361756,0.036337039551514204,-0.36709341406822205,0.060984000411071444,12155.2,162.53830317805094,1823.39755859375,83.8170961786112,1823.391259765625,83.81779724262375,5
10000,endpoint,20000,0.1,none,129,0.6873398900032044,0.03649448438375696,-0.3669867038726807,0.06096483679225284,12152.6,162.76455388075132,1825.752685546875,83.91569103580836,1825.746435546875,83.91653261887328,5
10000,endpoint,20000,0.1,none,130,0.6872582554817199,0.036470862975697,-0.3668586492538452,0.060963390939113876,12150.4,161.956166909445,1828.09931640625,84.01112612202533,1828.0931396484375,84.01192048032144,5
10000,endpoint,20000,0.1,none,131,0.6871562123298645,0.03654941102910225,-0.3667471706867218,0.06095733843601424,12147.8,162.00833311900965,1830.4215576171875,84.1038441367391,1830.4154541015625,84.10464169466479,5
10000,endpoint,20000,0.1,none,132,0.6871153831481933,0.03656990574792693,-0.3666275441646576,0.06095393796605635,12141.8,161.68704338938232,1832.7340576171875,84.19369732407539,1832.727978515625,84.19439070101332,5
10000,endpoint,20000,0.1,none,133,0.68703373670578,0.036541958598353255,-0.3665271818637848,0.0609452750287208,12138.4,165.44273933902326,1835.0311279296875,84.29058693779157,1835.0249267578124,84.29111653106736,5
10000,endpoint,20000,0.1,none,134,0.6869520783424378,0.03654942714816135,-0.3664078414440155,0.06094161223112299,12133.8,166.51936824285636,1837.3060791015625,84.37848826132188,1837.299755859375,84.37892968186432,5
10000,endpoint,20000,0.1,none,135,0.6869520783424378,0.03656226703440822,-0.36629382967948915,0.060923807391791276,12131.8,166.6919314184103,1839.5666259765626,84.47739741526551,1839.5603271484374,84.4777721979893,5
10000,endpoint,20000,0.1,none,136,0.6868398189544678,0.03654197705400345,-0.36619176864624026,0.06092995910606957,12129.6,166.55119333105964,1841.8153076171875,84.57106428437719,1841.8089599609375,84.57146795276394,5
10000,endpoint,20000,0.1,none,137,0.6868194222450257,0.03657577758407006,-0.3660829305648804,0.060913893501922216,12127.0,165.1923121697859,1844.047119140625,84.65912004445777,1844.0408447265625,84.65944739294778,5
10000,endpoint,20000,0.1,none,138,0.6867990016937255,0.03659194824670773,-0.3659712731838226,0.06092048996444814,12123.4,162.930353218791,1846.2671875,84.75149402658894,1846.2609130859375,84.75185322206097,5
10000,endpoint,20000,0.1,none,139,0.6867173671722412,0.03664909449244516,-0.3658689558506012,0.06091725789190297,12121.2,163.51972358097967,1848.4718505859375,84.84250342218175,1848.465625,84.84281536410329,5
10000,endpoint,20000,0.1,none,140,0.6866663217544555,0.03665671475011359,-0.3657532334327698,0.06091514673680738,12119.6,163.8361986863709,1850.6672119140626,84.92917598691041,1850.66103515625,84.92953719766291,5
10000,endpoint,20000,0.1,none,141,0.6866255164146423,0.03660366532728943,-0.365657776594162,0.060906942324845094,12117.4,163.3058480275584,1852.8442626953124,85.01845340297041,1852.8378662109376,85.01889965359966,5
10000,endpoint,20000,0.1,none,142,0.6865438461303711,0.03659879419203974,-0.365563827753067,0.060905783760697746,12113.6,163.62243122506155,1855.0055908203126,85.10964348740876,1854.9990234375,85.11023863643474,5
10000,endpoint,20000,0.1,none,143,0.6865336418151855,0.03659354032637628,-0.3654568910598755,0.06089108151113965,12110.2,162.11477415707674,1857.15283203125,85.19791470536606,1857.1462890625,85.19870643832476,5
10000,endpoint,20000,0.1,none,144,0.6864418029785156,0.03667623416248824,-0.3653459966182709,0.06089106374531697,12106.8,161.94350866891824,1859.2896240234375,85.28732268414451,1859.2831298828125,85.2881430609552,5
10000,endpoint,20000,0.1,none,145,0.6864418029785156,0.03662368379021932,-0.3652437627315521,0.06090000269901962,12102.0,162.96625417551942,1861.4130615234376,85.37486125076394,1861.4066650390625,85.37562713410165,5
10000,endpoint,20000,0.1,none,146,0.6863805770874023,0.03663504915210235,-0.3651442348957062,0.06088675723139383,12100.4,161.59919554255214,1863.52255859375,85.45445625948685,1863.5162841796875,85.45523297837691,5
10000,endpoint,20000,0.1,none,147,0.6863091468811036,0.03668471969707702,-0.3650400459766388,0.06087939309919292,12097.8,160.13338190396155,1865.619140625,85.53798588820726,1865.6128173828124,85.53873070289207,5
10000,endpoint,20000,0.1,none,148,0.6862683176994324,0.036644790672705596,-0.3649348795413971,0.06087022355601279,12095.2,159.42615845588202,1867.70732421875,85.62314711943196,1867.701025390625,85.62387809807649,5
10000,endpoint,20000,0.1,none,149,0.6861968755722045,0.03664198933681153,-0.36484030485153196,0.06087369698874149,12093.4,158.8908430338262,1869.7820068359374,85.71002788452203,1869.77568359375,85.71077555613404,5
