run_id,use_cert_label,seed,epoch_idx,accuracy,loss,nonzero_weights,prob_mass_update,prob_mass_projected,attack__semi,attack__epsilon,attack__use_cert,attack__block_size,attack__epochs,attack__fine_tune_epochs,attack__keep_heuristic,attack__search_space_size,attack__do_synchronize,attack__loss_type,selector__accuracy_drop_selector_mode,selector__n_candidates_k_sample,selector__n_candidates_one_sample,selector__drop_mode,selector__acc_drop_threshold_k_samples,selector__loss_drop_threshold_k_samples,selector__k_samples_batch,selector__training_data_node_cap,selector__tau,selector__score_batch_size,selector__max_sampling_tries,selector__exclude_tried,selector__lp_hit_rate_detour,selector__lp_hit_rate_top_k,selector__lp_hit_rate_out_dir
1779606368-accuracy_drop_selector_one_sample_endpointPRBCD-seed1-eps0.1-bs10000-semi1-ep100-ft50,accuracy_drop_selector_one_sample_endpointPRBCD,1,0,0.8324110507965088,-0.6408612132072449,0.0,0.0,0.0,True,0.1,accuracy_drop_selector,10000,100,50,WeightOnly,100000,True,tanhMargin,one_sample,2000,5000,endpointPRBCD,0.001,0.001,10,0,0.8,1000,2000000,True,False,200,extendedPlotting/lpEndpointHitRate
1779606368-accuracy_drop_selector_one_sample_endpointPRBCD-seed1-eps0.1-bs10000-semi1-ep100-ft50,accuracy_drop_selector_one_sample_endpointPRBCD,1,1,0.822529673576355,-0.6408451795578003,5096.0,34.38273239135742,34.38273239135742,True,0.1,accuracy_drop_selector,10000,100,50,WeightOnly,100000,True,tanhMargin,one_sample,2000,5000,endpointPRBCD,0.001,0.001,10,0,0.8,1000,2000000,True,False,200,extendedPlotting/lpEndpointHitRate
1779606368-accuracy_drop_selector_one_sample_endpointPRBCD-seed1-eps0.1-bs10000-semi1-ep100-ft50,accuracy_drop_selector_one_sample_endpointPRBCD,1,2,0.7964426875114441,-0.6302549839019775,7293.0,106.69486236572266,106.69486236572266,True,0.1,accuracy_drop_selector,10000,100,50,WeightOnly,100000,True,tanhMargin,one_sample,2000,5000,endpointPRBCD,0.001,0.001,10,0,0.8,1000,2000000,True,False,200,extendedPlotting/lpEndpointHitRate
1779606368-accuracy_drop_selector_one_sample_endpointPRBCD-seed1-eps0.1-bs10000-semi1-ep100-ft50,accuracy_drop_selector_one_sample_endpointPRBCD,1,3,0.7861660122871399,-0.5909480452537537,7070.0,148.98052978515625,148.98052978515625,True,0.1,accuracy_drop_selector,10000,100,50,WeightOnly,100000,True,tanhMargin,one_sample,2000,5000,endpointPRBCD,0.001,0.001,10,0,0.8,1000,2000000,True,False,200,extendedPlotting/lpEndpointHitRate
1779606368-accuracy_drop_selector_one_sample_endpointPRBCD-seed1-eps0.1-bs10000-semi1-ep100-ft50,accuracy_drop_selector_one_sample_endpointPRBCD,1,4,0.7747035622596741,-0.5698437690734863,7001.0,192.13380432128906,192.13380432128906,True,0.1,accuracy_drop_selector,10000,100,50,WeightOnly,100000,True,tanhMargin,one_sample,2000,5000,endpointPRBCD,0.001,0.001,10,0,0.8,1000,2000000,True,False,200,extendedPlotting/lpEndpointHitRate
1779606368-accuracy_drop_selector_one_sample_endpointPRBCD-seed1-eps0.1-bs10000-semi1-ep100-ft50,accuracy_drop_selector_one_sample_endpointPRBCD,1,5,0.7640316486358643,-0.5489146113395691,6928.0,230.1519775390625,230.1519775390625,True,0.1,accuracy_drop_selector,10000,100,50,WeightOnly,100000,True,tanhMargin,one_sample,2000,5000,endpointPRBCD,0.001,0.001,10,0,0.8,1000,2000000,True,False,200,extendedPlotting/lpEndpointHitRate
1779606368-accuracy_drop_selector_one_sample_endpointPRBCD-seed1-eps0.1-bs10000-semi1-ep100-ft50,accuracy_drop_selector_one_sample_endpointPRBCD,1,6,0.7561264634132385,-0.5321119427680969,6834.0,266.26641845703125,266.26641845703125,True,0.1,accuracy_drop_selector,10000,100,50,WeightOnly,100000,True,tanhMargin,one_sample,2000,5000,endpointPRBCD,0.001,0.001,10,0,0.8,1000,2000000,True,False,200,extendedPlotting/lpEndpointHitRate
1779606368-accuracy_drop_selector_one_sample_endpointPRBCD-seed1-eps0.1-bs10000-semi1-ep100-ft50,accuracy_drop_selector_one_sample_endpointPRBCD,1,7,0.747826099395752,-0.516463041305542,6760.0,301.9430847167969,301.9430847167969,True,0.1,accuracy_drop_selector,10000,100,50,WeightOnly,100000,True,tanhMargin,one_sample,2000,5000,endpointPRBCD,0.001,0.001,10,0,0.8,1000,2000000,True,False,200,extendedPlotting/lpEndpointHitRate
1779606368-accuracy_drop_selector_one_sample_endpointPRBCD-seed1-eps0.1-bs10000-semi1-ep100-ft50,accuracy_drop_selector_one_sample_endpointPRBCD,1,8,0.7426877617835999,-0.5017830729484558,6616.0,335.5915832519531,335.5915832519531,True,0.1,accuracy_drop_selector,10000,100,50,WeightOnly,100000,True,tanhMargin,one_sample,2000,5000,endpointPRBCD,0.001,0.001,10,0,0.8,1000,2000000,True,False,200,extendedPlotting/lpEndpointHitRate
1779606368-accuracy_drop_selector_one_sample_endpointPRBCD-seed1-eps0.1-bs10000-semi1-ep100-ft50,accuracy_drop_selector_one_sample_endpointPRBCD,1,9,0.7371541261672974,-0.4898189902305603,6524.0,365.1974792480469,365.1974792480469,True,0.1,accuracy_drop_selector,10000,100,50,WeightOnly,100000,True,tanhMargin,one_sample,2000,5000,endpointPRBCD,0.001,0.001,10,0,0.8,1000,2000000,True,False,200,extendedPlotting/lpEndpointHitRate
1779606368-accuracy_drop_selector_one_sample_endpointPRBCD-seed1-eps0.1-bs10000-semi1-ep100-ft50,accuracy_drop_selector_one_sample_endpointPRBCD,1,10,0.7320157885551453,-0.47988468408584595,6498.0,393.2632141113281,393.2189636230469,True,0.1,accuracy_drop_selector,10000,100,50,WeightOnly,100000,True,tanhMargin,one_sample,2000,5000,endpointPRBCD,0.001,0.001,10,0,0.8,1000,2000000,True,False,200,extendedPlotting/lpEndpointHitRate
1779606368-accuracy_drop_selector_one_sample_endpointPRBCD-seed1-eps0.1-bs10000-semi1-ep100-ft50,accuracy_drop_selector_one_sample_endpointPRBCD,1,11,0.7276679873466492,-0.47132959961891174,6476.0,420.3297424316406,420.2610168457031,True,0.1,accuracy_drop_selector,10000,100,50,WeightOnly,100000,True,tanhMargin,one_sample,2000,5000,endpointPRBCD,0.001,0.001,10,0,0.8,1000,2000000,True,False,200,extendedPlotting/lpEndpointHitRate
1779606368-accuracy_drop_selector_one_sample_endpointPRBCD-seed1-eps0.1-bs10000-semi1-ep100-ft50,accuracy_drop_selector_one_sample_endpointPRBCD,1,12,0.7225296497344971,-0.46324217319488525,6337.0,446.16326904296875,446.0497741699219,True,0.1,accuracy_drop_selector,10000,100,50,WeightOnly,100000,True,tanhMargin,one_sample,2000,5000,endpointPRBCD,0.001,0.001,10,0,0.8,1000,2000000,True,False,200,extendedPlotting/lpEndpointHitRate
1779606368-accuracy_drop_selector_one_sample_endpointPRBCD-seed1-eps0.1-bs10000-semi1-ep100-ft50,accuracy_drop_selector_one_sample_endpointPRBCD,1,13,0.7169960737228394,-0.45490989089012146,6359.0,471.6484375,471.49639892578125,True,0.1,accuracy_drop_selector,10000,100,50,WeightOnly,100000,True,tanhMargin,one_sample,2000,5000,endpointPRBCD,0.001,0.001,10,0,0.8,1000,2000000,True,False,200,extendedPlotting/lpEndpointHitRate
1779606368-accuracy_drop_selector_one_sample_endpointPRBCD-seed1-eps0.1-bs10000-semi1-ep100-ft50,accuracy_drop_selector_one_sample_endpointPRBCD,1,14,0.709486186504364,-0.44630178809165955,6298.0,496.5523986816406,496.3770751953125,True,0.1,accuracy_drop_selector,10000,100,50,WeightOnly,100000,True,tanhMargin,one_sample,2000,5000,endpointPRBCD,0.001,0.001,10,0,0.8,1000,2000000,True,False,200,extendedPlotting/lpEndpointHitRate
1779606368-accuracy_drop_selector_one_sample_endpointPRBCD-seed1-eps0.1-bs10000-semi1-ep100-ft50,accuracy_drop_selector_one_sample_endpointPRBCD,1,15,0.7055336236953735,-0.4372459650039673,6256.0,520.6350708007812,520.4359741210938,True,0.1,accuracy_drop_selector,10000,100,50,WeightOnly,100000,True,tanhMargin,one_sample,2000,5000,endpointPRBCD,0.001,0.001,10,0,0.8,1000,2000000,True,False,200,extendedPlotting/lpEndpointHitRate
1779606368-accuracy_drop_selector_one_sample_endpointPRBCD-seed1-eps0.1-bs10000-semi1-ep100-ft50,accuracy_drop_selector_one_sample_endpointPRBCD,1,16,0.7023715376853943,-0.4295300543308258,6230.0,544.1272583007812,543.8800659179688,True,0.1,accuracy_drop_selector,10000,100,50,WeightOnly,100000,True,tanhMargin,one_sample,2000,5000,endpointPRBCD,0.001,0.001,10,0,0.8,1000,2000000,True,False,200,extendedPlotting/lpEndpointHitRate
1779606368-accuracy_drop_selector_one_sample_endpointPRBCD-seed1-eps0.1-bs10000-semi1-ep100-ft50,accuracy_drop_selector_one_sample_endpointPRBCD,1,17,0.6984189748764038,-0.42241108417510986,6203.0,567.9832763671875,567.7381591796875,True,0.1,accuracy_drop_selector,10000,100,50,WeightOnly,100000,True,tanhMargin,one_sample,2000,5000,endpointPRBCD,0.001,0.001,10,0,0.8,1000,2000000,True,False,200,extendedPlotting/lpEndpointHitRate
1779606368-accuracy_drop_selector_one_sample_endpointPRBCD-seed1-eps0.1-bs10000-semi1-ep100-ft50,accuracy_drop_selector_one_sample_endpointPRBCD,1,18,0.6932806372642517,-0.41527119278907776,6211.0,591.3876342773438,591.1561889648438,True,0.1,accuracy_drop_selector,10000,100,50,WeightOnly,100000,True,tanhMargin,one_sample,2000,5000,endpointPRBCD,0.001,0.001,10,0,0.8,1000,2000000,True,False,200,extendedPlotting/lpEndpointHitRate
1779606368-accuracy_drop_selector_one_sample_endpointPRBCD-seed1-eps0.1-bs10000-semi1-ep100-ft50,accuracy_drop_selector_one_sample_endpointPRBCD,1,19,0.6897233128547668,-0.40796154737472534,6173.0,613.8968505859375,613.68017578125,True,0.1,accuracy_drop_selector,10000,100,50,WeightOnly,100000,True,tanhMargin,one_sample,2000,5000,endpointPRBCD,0.001,0.001,10,0,0.8,1000,2000000,True,False,200,extendedPlotting/lpEndpointHitRate
1779606368-accuracy_drop_selector_one_sample_endpointPRBCD-seed1-eps0.1-bs10000-semi1-ep100-ft50,accuracy_drop_selector_one_sample_endpointPRBCD,1,20,0.6853755116462708,-0.40121930837631226,6135.0,636.2241821289062,635.9970703125,True,0.1,accuracy_drop_selector,10000,100,50,WeightOnly,100000,True,tanhMargin,one_sample,2000,5000,endpointPRBCD,0.001,0.001,10,0,0.8,1000,2000000,True,False,200,extendedPlotting/lpEndpointHitRate
1779606368-accuracy_drop_selector_one_sample_endpointPRBCD-seed1-eps0.1-bs10000-semi1-ep100-ft50,accuracy_drop_selector_one_sample_endpointPRBCD,1,21,0.6818181872367859,-0.39511165022850037,6072.0,657.7435302734375,657.4450073242188,True,0.1,accuracy_drop_selector,10000,100,50,WeightOnly,100000,True,tanhMargin,one_sample,2000,5000,endpointPRBCD,0.001,0.001,10,0,0.8,1000,2000000,True,False,200,extendedPlotting/lpEndpointHitRate
1779606368-accuracy_drop_selector_one_sample_endpointPRBCD-seed1-eps0.1-bs10000-semi1-ep100-ft50,accuracy_drop_selector_one_sample_endpointPRBCD,1,22,0.6802371740341187,-0.38947179913520813,6068.0,678.7774658203125,678.448974609375,True,0.1,accuracy_drop_selector,10000,100,50,WeightOnly,100000,True,tanhMargin,one_sample,2000,5000,endpointPRBCD,0.001,0.001,10,0,0.8,1000,2000000,True,False,200,extendedPlotting/lpEndpointHitRate
1779606368-accuracy_drop_selector_one_sample_endpointPRBCD-seed1-eps0.1-bs10000-semi1-ep100-ft50,accuracy_drop_selector_one_sample_endpointPRBCD,1,23,0.6762846112251282,-0.38431957364082336,6045.0,699.8479614257812,699.491455078125,True,0.1,accuracy_drop_selector,10000,100,50,WeightOnly,100000,True,tanhMargin,one_sample,2000,5000,endpointPRBCD,0.001,0.001,10,0,0.8,1000,2000000,True,False,200,extendedPlotting/lpEndpointHitRate
1779606368-accuracy_drop_selector_one_sample_endpointPRBCD-seed1-eps0.1-bs10000-semi1-ep100-ft50,accuracy_drop_selector_one_sample_endpointPRBCD,1,24,0.6727272868156433,-0.37900570034980774,6035.0,720.8275756835938,720.3905029296875,True,0.1,accuracy_drop_selector,10000,100,50,WeightOnly,100000,True,tanhMargin,one_sample,2000,5000,endpointPRBCD,0.001,0.001,10,0,0.8,1000,2000000,True,False,200,extendedPlotting/lpEndpointHitRate
1779606368-accuracy_drop_selector_one_sample_endpointPRBCD-seed1-eps0.1-bs10000-semi1-ep100-ft50,accuracy_drop_selector_one_sample_endpointPRBCD,1,25,0.6715415120124817,-0.37377694249153137,6018.0,741.1732177734375,740.6829833984375,True,0.1,accuracy_drop_selector,10000,100,50,WeightOnly,100000,True,tanhMargin,one_sample,2000,5000,endpointPRBCD,0.001,0.001,10,0,0.8,1000,2000000,True,False,200,extendedPlotting/lpEndpointHitRate
1779606368-accuracy_drop_selector_one_sample_endpointPRBCD-seed1-eps0.1-bs10000-semi1-ep100-ft50,accuracy_drop_selector_one_sample_endpointPRBCD,1,26,0.6683794260025024,-0.3692348897457123,5930.0,760.815673828125,760.2896728515625,True,0.1,accuracy_drop_selector,10000,100,50,WeightOnly,100000,True,tanhMargin,one_sample,2000,5000,endpointPRBCD,0.001,0.001,10,0,0.8,1000,2000000,True,False,200,extendedPlotting/lpEndpointHitRate
1779606368-accuracy_drop_selector_one_sample_endpointPRBCD-seed1-eps0.1-bs10000-semi1-ep100-ft50,accuracy_drop_selector_one_sample_endpointPRBCD,1,27,0.6671936511993408,-0.36517706513404846,5919.0,780.1170043945312,779.5120849609375,True,0.1,accuracy_drop_selector,10000,100,50,WeightOnly,100000,True,tanhMargin,one_sample,2000,5000,endpointPRBCD,0.001,0.001,10,0,0.8,1000,2000000,True,False,200,extendedPlotting/lpEndpointHitRate
1779606368-accuracy_drop_selector_one_sample_endpointPRBCD-seed1-eps0.1-bs10000-semi1-ep100-ft50,accuracy_drop_selector_one_sample_endpointPRBCD,1,28,0.6660078763961792,-0.3611449599266052,5917.0,798.73583984375,797.9779052734375,True,0.1,accuracy_drop_selector,10000,100,50,WeightOnly,100000,True,tanhMargin,one_sample,2000,5000,endpointPRBCD,0.001,0.001,10,0,0.8,1000,2000000,True,False,200,extendedPlotting/lpEndpointHitRate
1779606368-accuracy_drop_selector_one_sample_endpointPRBCD-seed1-eps0.1-bs10000-semi1-ep100-ft50,accuracy_drop_selector_one_sample_endpointPRBCD,1,29,0.6648221611976624,-0.357614666223526,5017.0,816.6452026367188,797.9697875976562,True,0.1,accuracy_drop_selector,10000,100,50,WeightOnly,100000,True,tanhMargin,one_sample,2000,5000,endpointPRBCD,0.001,0.001,10,0,0.8,1000,2000000,True,False,200,extendedPlotting/lpEndpointHitRate
1779606368-accuracy_drop_selector_one_sample_endpointPRBCD-seed1-eps0.1-bs10000-semi1-ep100-ft50,accuracy_drop_selector_one_sample_endpointPRBCD,1,30,0.6636363863945007,-0.3548758924007416,4937.0,818.2849731445312,797.9933471679688,True,0.1,accuracy_drop_selector,10000,100,50,WeightOnly,100000,True,tanhMargin,one_sample,2000,5000,endpointPRBCD,0.001,0.001,10,0,0.8,1000,2000000,True,False,200,extendedPlotting/lpEndpointHitRate
1779606368-accuracy_drop_selector_one_sample_endpointPRBCD-seed1-eps0.1-bs10000-semi1-ep100-ft50,accuracy_drop_selector_one_sample_endpointPRBCD,1,31,0.6620553135871887,-0.3522161543369293,4802.0,818.6329956054688,798.010986328125,True,0.1,accuracy_drop_selector,10000,100,50,WeightOnly,100000,True,tanhMargin,one_sample,2000,5000,endpointPRBCD,0.001,0.001,10,0,0.8,1000,2000000,True,False,200,extendedPlotting/lpEndpointHitRate
1779606368-accuracy_drop_selector_one_sample_endpointPRBCD-seed1-eps0.1-bs10000-semi1-ep100-ft50,accuracy_drop_selector_one_sample_endpointPRBCD,1,32,0.6604743003845215,-0.34945544600486755,4679.0,819.0787963867188,797.9901123046875,True,0.1,accuracy_drop_selector,10000,100,50,WeightOnly,100000,True,tanhMargin,one_sample,2000,5000,endpointPRBCD,0.001,0.001,10,0,0.8,1000,2000000,True,False,200,extendedPlotting/lpEndpointHitRate
1779606368-accuracy_drop_selector_one_sample_endpointPRBCD-seed1-eps0.1-bs10000-semi1-ep100-ft50,accuracy_drop_selector_one_sample_endpointPRBCD,1,33,0.6577075123786926,-0.34636303782463074,4570.0,819.2706298828125,798.0101318359375,True,0.1,accuracy_drop_selector,10000,100,50,WeightOnly,100000,True,tanhMargin,one_sample,2000,5000,endpointPRBCD,0.001,0.001,10,0,0.8,1000,2000000,True,False,200,extendedPlotting/lpEndpointHitRate
1779606368-accuracy_drop_selector_one_sample_endpointPRBCD-seed1-eps0.1-bs10000-semi1-ep100-ft50,accuracy_drop_selector_one_sample_endpointPRBCD,1,34,0.6569169759750366,-0.3436552882194519,4415.0,819.333740234375,797.9951171875,True,0.1,accuracy_drop_selector,10000,100,50,WeightOnly,100000,True,tanhMargin,one_sample,2000,5000,endpointPRBCD,0.001,0.001,10,0,0.8,1000,2000000,True,False,200,extendedPlotting/lpEndpointHitRate
1779606368-accuracy_drop_selector_one_sample_endpointPRBCD-seed1-eps0.1-bs10000-semi1-ep100-ft50,accuracy_drop_selector_one_sample_endpointPRBCD,1,35,0.6553359627723694,-0.3410598337650299,4294.0,819.5928344726562,797.9761962890625,True,0.1,accuracy_drop_selector,10000,100,50,WeightOnly,100000,True,tanhMargin,one_sample,2000,5000,endpointPRBCD,0.001,0.001,10,0,0.8,1000,2000000,True,False,200,extendedPlotting/lpEndpointHitRate
1779606368-accuracy_drop_selector_one_sample_endpointPRBCD-seed1-eps0.1-bs10000-semi1-ep100-ft50,accuracy_drop_selector_one_sample_endpointPRBCD,1,36,0.6541501879692078,-0.3388146162033081,4189.0,819.5601196289062,797.969482421875,True,0.1,accuracy_drop_selector,10000,100,50,WeightOnly,100000,True,tanhMargin,one_sample,2000,5000,endpointPRBCD,0.001,0.001,10,0,0.8,1000,2000000,True,False,200,extendedPlotting/lpEndpointHitRate
1779606368-accuracy_drop_selector_one_sample_endpointPRBCD-seed1-eps0.1-bs10000-semi1-ep100-ft50,accuracy_drop_selector_one_sample_endpointPRBCD,1,37,0.6529644131660461,-0.3365195691585541,4061.0,820.1469116210938,797.98876953125,True,0.1,accuracy_drop_selector,10000,100,50,WeightOnly,100000,True,tanhMargin,one_sample,2000,5000,endpointPRBCD,0.001,0.001,10,0,0.8,1000,2000000,True,False,200,extendedPlotting/lpEndpointHitRate
1779606368-accuracy_drop_selector_one_sample_endpointPRBCD-seed1-eps0.1-bs10000-semi1-ep100-ft50,accuracy_drop_selector_one_sample_endpointPRBCD,1,38,0.6525691747665405,-0.334065318107605,3956.0,820.4319458007812,798.0015869140625,True,0.1,accuracy_drop_selector,10000,100,50,WeightOnly,100000,True,tanhMargin,one_sample,2000,5000,endpointPRBCD,0.001,0.001,10,0,0.8,1000,2000000,True,False,200,extendedPlotting/lpEndpointHitRate
1779606368-accuracy_drop_selector_one_sample_endpointPRBCD-seed1-eps0.1-bs10000-semi1-ep100-ft50,accuracy_drop_selector_one_sample_endpointPRBCD,1,39,0.6525691747665405,-0.3317317068576813,3838.0,820.6764526367188,798.0136108398438,True,0.1,accuracy_drop_selector,10000,100,50,WeightOnly,100000,True,tanhMargin,one_sample,2000,5000,endpointPRBCD,0.001,0.001,10,0,0.8,1000,2000000,True,False,200,extendedPlotting/lpEndpointHitRate
1779606368-accuracy_drop_selector_one_sample_endpointPRBCD-seed1-eps0.1-bs10000-semi1-ep100-ft50,accuracy_drop_selector_one_sample_endpointPRBCD,1,40,0.6517786383628845,-0.32936033606529236,3717.0,820.8114013671875,798.0206909179688,True,0.1,accuracy_drop_selector,10000,100,50,WeightOnly,100000,True,tanhMargin,one_sample,2000,5000,endpointPRBCD,0.001,0.001,10,0,0.8,1000,2000000,True,False,200,extendedPlotting/lpEndpointHitRate
1779606368-accuracy_drop_selector_one_sample_endpointPRBCD-seed1-eps0.1-bs10000-semi1-ep100-ft50,accuracy_drop_selector_one_sample_endpointPRBCD,1,41,0.6505928635597229,-0.3268560767173767,3615.0,820.89013671875,798.0267944335938,True,0.1,accuracy_drop_selector,10000,100,50,WeightOnly,100000,True,tanhMargin,one_sample,2000,5000,endpointPRBCD,0.001,0.001,10,0,0.8,1000,2000000,True,False,200,extendedPlotting/lpEndpointHitRate
1779606368-accuracy_drop_selector_one_sample_endpointPRBCD-seed1-eps0.1-bs10000-semi1-ep100-ft50,accuracy_drop_selector_one_sample_endpointPRBCD,1,42,0.6494070887565613,-0.3246075510978699,3538.0,820.8460693359375,798.0233764648438,True,0.1,accuracy_drop_selector,10000,100,50,WeightOnly,100000,True,tanhMargin,one_sample,2000,5000,endpointPRBCD,0.001,0.001,10,0,0.8,1000,2000000,True,False,200,extendedPlotting/lpEndpointHitRate
1779606368-accuracy_drop_selector_one_sample_endpointPRBCD-seed1-eps0.1-bs10000-semi1-ep100-ft50,accuracy_drop_selector_one_sample_endpointPRBCD,1,43,0.6490118503570557,-0.32249513268470764,3455.0,821.0055541992188,797.9959716796875,True,0.1,accuracy_drop_selector,10000,100,50,WeightOnly,100000,True,tanhMargin,one_sample,2000,5000,endpointPRBCD,0.001,0.001,10,0,0.8,1000,2000000,True,False,200,extendedPlotting/lpEndpointHitRate
1779606368-accuracy_drop_selector_one_sample_endpointPRBCD-seed1-eps0.1-bs10000-semi1-ep100-ft50,accuracy_drop_selector_one_sample_endpointPRBCD,1,44,0.6458498239517212,-0.32041633129119873,3375.0,820.860107421875,798.0210571289062,True,0.1,accuracy_drop_selector,10000,100,50,WeightOnly,100000,True,tanhMargin,one_sample,2000,5000,endpointPRBCD,0.001,0.001,10,0,0.8,1000,2000000,True,False,200,extendedPlotting/lpEndpointHitRate
1779606368-accuracy_drop_selector_one_sample_endpointPRBCD-seed1-eps0.1-bs10000-semi1-ep100-ft50,accuracy_drop_selector_one_sample_endpointPRBCD,1,45,0.6442687511444092,-0.31841957569122314,3312.0,821.1187133789062,798.02294921875,True,0.1,accuracy_drop_selector,10000,100,50,WeightOnly,100000,True,tanhMargin,one_sample,2000,5000,endpointPRBCD,0.001,0.001,10,0,0.8,1000,2000000,True,False,200,extendedPlotting/lpEndpointHitRate
1779606368-accuracy_drop_selector_one_sample_endpointPRBCD-seed1-eps0.1-bs10000-semi1-ep100-ft50,accuracy_drop_selector_one_sample_endpointPRBCD,1,46,0.6430829763412476,-0.3165455758571625,3247.0,821.1697998046875,798.0171508789062,True,0.1,accuracy_drop_selector,10000,100,50,WeightOnly,100000,True,tanhMargin,one_sample,2000,5000,endpointPRBCD,0.001,0.001,10,0,0.8,1000,2000000,True,False,200,extendedPlotting/lpEndpointHitRate
1779606368-accuracy_drop_selector_one_sample_endpointPRBCD-seed1-eps0.1-bs10000-semi1-ep100-ft50,accuracy_drop_selector_one_sample_endpointPRBCD,1,47,0.6415019631385803,-0.3143737316131592,3181.0,821.190673828125,797.996826171875,True,0.1,accuracy_drop_selector,10000,100,50,WeightOnly,100000,True,tanhMargin,one_sample,2000,5000,endpointPRBCD,0.001,0.001,10,0,0.8,1000,2000000,True,False,200,extendedPlotting/lpEndpointHitRate
1779606368-accuracy_drop_selector_one_sample_endpointPRBCD-seed1-eps0.1-bs10000-semi1-ep100-ft50,accuracy_drop_selector_one_sample_endpointPRBCD,1,48,0.6403161883354187,-0.3121444284915924,3121.0,821.2440185546875,797.9774169921875,True,0.1,accuracy_drop_selector,10000,100,50,WeightOnly,100000,True,tanhMargin,one_sample,2000,5000,endpointPRBCD,0.001,0.001,10,0,0.8,1000,2000000,True,False,200,extendedPlotting/lpEndpointHitRate
1779606368-accuracy_drop_selector_one_sample_endpointPRBCD-seed1-eps0.1-bs10000-semi1-ep100-ft50,accuracy_drop_selector_one_sample_endpointPRBCD,1,49,0.6407114863395691,-0.31034931540489197,3043.0,821.1796875,798.0036010742188,True,0.1,accuracy_drop_selector,10000,100,50,WeightOnly,100000,True,tanhMargin,one_sample,2000,5000,endpointPRBCD,0.001,0.001,10,0,0.8,1000,2000000,True,False,200,extendedPlotting/lpEndpointHitRate
1779606368-accuracy_drop_selector_one_sample_endpointPRBCD-seed1-eps0.1-bs10000-semi1-ep100-ft50,accuracy_drop_selector_one_sample_endpointPRBCD,1,50,0.6391304135322571,-0.3086298108100891,2981.0,821.3945922851562,797.978515625,True,0.1,accuracy_drop_selector,10000,100,50,WeightOnly,100000,True,tanhMargin,one_sample,2000,5000,endpointPRBCD,0.001,0.001,10,0,0.8,1000,2000000,True,False,200,extendedPlotting/lpEndpointHitRate
1779606368-accuracy_drop_selector_one_sample_endpointPRBCD-seed1-eps0.1-bs10000-semi1-ep100-ft50,accuracy_drop_selector_one_sample_endpointPRBCD,1,51,0.6379446387290955,-0.3069063127040863,2922.0,821.2750244140625,798.0044555664062,True,0.1,accuracy_drop_selector,10000,100,50,WeightOnly,100000,True,tanhMargin,one_sample,2000,5000,endpointPRBCD,0.001,0.001,10,0,0.8,1000,2000000,True,False,200,extendedPlotting/lpEndpointHitRate
1779606368-accuracy_drop_selector_one_sample_endpointPRBCD-seed1-eps0.1-bs10000-semi1-ep100-ft50,accuracy_drop_selector_one_sample_endpointPRBCD,1,52,0.6379446387290955,-0.30530479550361633,2882.0,814.3145751953125,798.0147094726562,True,0.1,accuracy_drop_selector,10000,100,50,WeightOnly,100000,True,tanhMargin,one_sample,2000,5000,endpointPRBCD,0.001,0.001,10,0,0.8,1000,2000000,True,False,200,extendedPlotting/lpEndpointHitRate
1779606368-accuracy_drop_selector_one_sample_endpointPRBCD-seed1-eps0.1-bs10000-semi1-ep100-ft50,accuracy_drop_selector_one_sample_endpointPRBCD,1,53,0.6375494003295898,-0.30434450507164,2856.0,811.249755859375,797.990966796875,True,0.1,accuracy_drop_selector,10000,100,50,WeightOnly,100000,True,tanhMargin,one_sample,2000,5000,endpointPRBCD,0.001,0.001,10,0,0.8,1000,2000000,True,False,200,extendedPlotting/lpEndpointHitRate
1779606368-accuracy_drop_selector_one_sample_endpointPRBCD-seed1-eps0.1-bs10000-semi1-ep100-ft50,accuracy_drop_selector_one_sample_endpointPRBCD,1,54,0.6363636255264282,-0.30365124344825745,2830.0,809.4020385742188,797.9959106445312,True,0.1,accuracy_drop_selector,10000,100,50,WeightOnly,100000,True,tanhMargin,one_sample,2000,5000,endpointPRBCD,0.001,0.001,10,0,0.8,1000,2000000,True,False,200,extendedPlotting/lpEndpointHitRate
1779606368-accuracy_drop_selector_one_sample_endpointPRBCD-seed1-eps0.1-bs10000-semi1-ep100-ft50,accuracy_drop_selector_one_sample_endpointPRBCD,1,55,0.6359683871269226,-0.30299699306488037,2800.0,808.1846923828125,798.0103149414062,True,0.1,accuracy_drop_selector,10000,100,50,WeightOnly,100000,True,tanhMargin,one_sample,2000,5000,endpointPRBCD,0.001,0.001,10,0,0.8,1000,2000000,True,False,200,extendedPlotting/lpEndpointHitRate
1779606368-accuracy_drop_selector_one_sample_endpointPRBCD-seed1-eps0.1-bs10000-semi1-ep100-ft50,accuracy_drop_selector_one_sample_endpointPRBCD,1,56,0.635573148727417,-0.3024662733078003,2785.0,807.2713012695312,798.0043334960938,True,0.1,accuracy_drop_selector,10000,100,50,WeightOnly,100000,True,tanhMargin,one_sample,2000,5000,endpointPRBCD,0.001,0.001,10,0,0.8,1000,2000000,True,False,200,extendedPlotting/lpEndpointHitRate
1779606368-accuracy_drop_selector_one_sample_endpointPRBCD-seed1-eps0.1-bs10000-semi1-ep100-ft50,accuracy_drop_selector_one_sample_endpointPRBCD,1,57,0.635573148727417,-0.30200767517089844,2768.0,806.5640869140625,797.9837646484375,True,0.1,accuracy_drop_selector,10000,100,50,WeightOnly,100000,True,tanhMargin,one_sample,2000,5000,endpointPRBCD,0.001,0.001,10,0,0.8,1000,2000000,True,False,200,extendedPlotting/lpEndpointHitRate
1779606368-accuracy_drop_selector_one_sample_endpointPRBCD-seed1-eps0.1-bs10000-semi1-ep100-ft50,accuracy_drop_selector_one_sample_endpointPRBCD,1,58,0.634782612323761,-0.3016030788421631,2751.0,805.9856567382812,797.9807739257812,True,0.1,accuracy_drop_selector,10000,100,50,WeightOnly,100000,True,tanhMargin,one_sample,2000,5000,endpointPRBCD,0.001,0.001,10,0,0.8,1000,2000000,True,False,200,extendedPlotting/lpEndpointHitRate
1779606368-accuracy_drop_selector_one_sample_endpointPRBCD-seed1-eps0.1-bs10000-semi1-ep100-ft50,accuracy_drop_selector_one_sample_endpointPRBCD,1,59,0.6343873739242554,-0.3012525141239166,2734.0,805.5296630859375,798.01416015625,True,0.1,accuracy_drop_selector,10000,100,50,WeightOnly,100000,True,tanhMargin,one_sample,2000,5000,endpointPRBCD,0.001,0.001,10,0,0.8,1000,2000000,True,False,200,extendedPlotting/lpEndpointHitRate
1779606368-accuracy_drop_selector_one_sample_endpointPRBCD-seed1-eps0.1-bs10000-semi1-ep100-ft50,accuracy_drop_selector_one_sample_endpointPRBCD,1,60,0.6343873739242554,-0.30088818073272705,2725.0,805.1660766601562,798.0161743164062,True,0.1,accuracy_drop_selector,10000,100,50,WeightOnly,100000,True,tanhMargin,one_sample,2000,5000,endpointPRBCD,0.001,0.001,10,0,0.8,1000,2000000,True,False,200,extendedPlotting/lpEndpointHitRate
1779606368-accuracy_drop_selector_one_sample_endpointPRBCD-seed1-eps0.1-bs10000-semi1-ep100-ft50,accuracy_drop_selector_one_sample_endpointPRBCD,1,61,0.6343873739242554,-0.3004630506038666,2711.0,804.8248291015625,797.9865112304688,True,0.1,accuracy_drop_selector,10000,100,50,WeightOnly,100000,True,tanhMargin,one_sample,2000,5000,endpointPRBCD,0.001,0.001,10,0,0.8,1000,2000000,True,False,200,extendedPlotting/lpEndpointHitRate
1779606368-accuracy_drop_selector_one_sample_endpointPRBCD-seed1-eps0.1-bs10000-semi1-ep100-ft50,accuracy_drop_selector_one_sample_endpointPRBCD,1,62,0.6343873739242554,-0.3001424968242645,2695.0,804.4942626953125,798.0066528320312,True,0.1,accuracy_drop_selector,10000,100,50,WeightOnly,100000,True,tanhMargin,one_sample,2000,5000,endpointPRBCD,0.001,0.001,10,0,0.8,1000,2000000,True,False,200,extendedPlotting/lpEndpointHitRate
1779606368-accuracy_drop_selector_one_sample_endpointPRBCD-seed1-eps0.1-bs10000-semi1-ep100-ft50,accuracy_drop_selector_one_sample_endpointPRBCD,1,63,0.6335968375205994,-0.299814373254776,2678.0,804.2457275390625,797.9891967773438,True,0.1,accuracy_drop_selector,10000,100,50,WeightOnly,100000,True,tanhMargin,one_sample,2000,5000,endpointPRBCD,0.001,0.001,10,0,0.8,1000,2000000,True,False,200,extendedPlotting/lpEndpointHitRate
1779606368-accuracy_drop_selector_one_sample_endpointPRBCD-seed1-eps0.1-bs10000-semi1-ep100-ft50,accuracy_drop_selector_one_sample_endpointPRBCD,1,64,0.6335968375205994,-0.2995245158672333,2667.0,803.99755859375,798.017578125,True,0.1,accuracy_drop_selector,10000,100,50,WeightOnly,100000,True,tanhMargin,one_sample,2000,5000,endpointPRBCD,0.001,0.001,10,0,0.8,1000,2000000,True,False,200,extendedPlotting/lpEndpointHitRate
1779606368-accuracy_drop_selector_one_sample_endpointPRBCD-seed1-eps0.1-bs10000-semi1-ep100-ft50,accuracy_drop_selector_one_sample_endpointPRBCD,1,65,0.6335968375205994,-0.2993152141571045,2655.0,803.8155517578125,798.0062866210938,True,0.1,accuracy_drop_selector,10000,100,50,WeightOnly,100000,True,tanhMargin,one_sample,2000,5000,endpointPRBCD,0.001,0.001,10,0,0.8,1000,2000000,True,False,200,extendedPlotting/lpEndpointHitRate
1779606368-accuracy_drop_selector_one_sample_endpointPRBCD-seed1-eps0.1-bs10000-semi1-ep100-ft50,accuracy_drop_selector_one_sample_endpointPRBCD,1,66,0.6332015991210938,-0.2990926206111908,2643.0,803.6199340820312,797.9873046875,True,0.1,accuracy_drop_selector,10000,100,50,WeightOnly,100000,True,tanhMargin,one_sample,2000,5000,endpointPRBCD,0.001,0.001,10,0,0.8,1000,2000000,True,False,200,extendedPlotting/lpEndpointHitRate
1779606368-accuracy_drop_selector_one_sample_endpointPRBCD-seed1-eps0.1-bs10000-semi1-ep100-ft50,accuracy_drop_selector_one_sample_endpointPRBCD,1,67,0.6332015991210938,-0.2988226115703583,2633.0,803.4275512695312,798.0064086914062,True,0.1,accuracy_drop_selector,10000,100,50,WeightOnly,100000,True,tanhMargin,one_sample,2000,5000,endpointPRBCD,0.001,0.001,10,0,0.8,1000,2000000,True,False,200,extendedPlotting/lpEndpointHitRate
1779606368-accuracy_drop_selector_one_sample_endpointPRBCD-seed1-eps0.1-bs10000-semi1-ep100-ft50,accuracy_drop_selector_one_sample_endpointPRBCD,1,68,0.6332015991210938,-0.2985617518424988,2621.0,803.2874755859375,797.99169921875,True,0.1,accuracy_drop_selector,10000,100,50,WeightOnly,100000,True,tanhMargin,one_sample,2000,5000,endpointPRBCD,0.001,0.001,10,0,0.8,1000,2000000,True,False,200,extendedPlotting/lpEndpointHitRate
1779606368-accuracy_drop_selector_one_sample_endpointPRBCD-seed1-eps0.1-bs10000-semi1-ep100-ft50,accuracy_drop_selector_one_sample_endpointPRBCD,1,69,0.6332015991210938,-0.29829052090644836,2616.0,803.128173828125,798.0197143554688,True,0.1,accuracy_drop_selector,10000,100,50,WeightOnly,100000,True,tanhMargin,one_sample,2000,5000,endpointPRBCD,0.001,0.001,10,0,0.8,1000,2000000,True,False,200,extendedPlotting/lpEndpointHitRate
1779606368-accuracy_drop_selector_one_sample_endpointPRBCD-seed1-eps0.1-bs10000-semi1-ep100-ft50,accuracy_drop_selector_one_sample_endpointPRBCD,1,70,0.6332015991210938,-0.2980920374393463,2610.0,803.0298461914062,797.9859619140625,True,0.1,accuracy_drop_selector,10000,100,50,WeightOnly,100000,True,tanhMargin,one_sample,2000,5000,endpointPRBCD,0.001,0.001,10,0,0.8,1000,2000000,True,False,200,extendedPlotting/lpEndpointHitRate
1779606368-accuracy_drop_selector_one_sample_endpointPRBCD-seed1-eps0.1-bs10000-semi1-ep100-ft50,accuracy_drop_selector_one_sample_endpointPRBCD,1,71,0.6332015991210938,-0.29788291454315186,2599.0,802.8670654296875,797.99658203125,True,0.1,accuracy_drop_selector,10000,100,50,WeightOnly,100000,True,tanhMargin,one_sample,2000,5000,endpointPRBCD,0.001,0.001,10,0,0.8,1000,2000000,True,False,200,extendedPlotting/lpEndpointHitRate
1779606368-accuracy_drop_selector_one_sample_endpointPRBCD-seed1-eps0.1-bs10000-semi1-ep100-ft50,accuracy_drop_selector_one_sample_endpointPRBCD,1,72,0.6328063011169434,-0.2976774275302887,2592.0,802.7720947265625,797.99853515625,True,0.1,accuracy_drop_selector,10000,100,50,WeightOnly,100000,True,tanhMargin,one_sample,2000,5000,endpointPRBCD,0.001,0.001,10,0,0.8,1000,2000000,True,False,200,extendedPlotting/lpEndpointHitRate
1779606368-accuracy_drop_selector_one_sample_endpointPRBCD-seed1-eps0.1-bs10000-semi1-ep100-ft50,accuracy_drop_selector_one_sample_endpointPRBCD,1,73,0.6328063011169434,-0.2974575459957123,2581.0,802.6617431640625,798.0131225585938,True,0.1,accuracy_drop_selector,10000,100,50,WeightOnly,100000,True,tanhMargin,one_sample,2000,5000,endpointPRBCD,0.001,0.001,10,0,0.8,1000,2000000,True,False,200,extendedPlotting/lpEndpointHitRate
1779606368-accuracy_drop_selector_one_sample_endpointPRBCD-seed1-eps0.1-bs10000-semi1-ep100-ft50,accuracy_drop_selector_one_sample_endpointPRBCD,1,74,0.6328063011169434,-0.29724788665771484,2571.0,802.5758666992188,797.9973754882812,True,0.1,accuracy_drop_selector,10000,100,50,WeightOnly,100000,True,tanhMargin,one_sample,2000,5000,endpointPRBCD,0.001,0.001,10,0,0.8,1000,2000000,True,False,200,extendedPlotting/lpEndpointHitRate
1779606368-accuracy_drop_selector_one_sample_endpointPRBCD-seed1-eps0.1-bs10000-semi1-ep100-ft50,accuracy_drop_selector_one_sample_endpointPRBCD,1,75,0.6328063011169434,-0.2970523536205292,2567.0,802.4608154296875,798.0032348632812,True,0.1,accuracy_drop_selector,10000,100,50,WeightOnly,100000,True,tanhMargin,one_sample,2000,5000,endpointPRBCD,0.001,0.001,10,0,0.8,1000,2000000,True,False,200,extendedPlotting/lpEndpointHitRate
1779606368-accuracy_drop_selector_one_sample_endpointPRBCD-seed1-eps0.1-bs10000-semi1-ep100-ft50,accuracy_drop_selector_one_sample_endpointPRBCD,1,76,0.6324110627174377,-0.29690366983413696,2565.0,802.3756103515625,798.0167236328125,True,0.1,accuracy_drop_selector,10000,100,50,WeightOnly,100000,True,tanhMargin,one_sample,2000,5000,endpointPRBCD,0.001,0.001,10,0,0.8,1000,2000000,True,False,200,extendedPlotting/lpEndpointHitRate
1779606368-accuracy_drop_selector_one_sample_endpointPRBCD-seed1-eps0.1-bs10000-semi1-ep100-ft50,accuracy_drop_selector_one_sample_endpointPRBCD,1,77,0.6320158243179321,-0.29669588804244995,2556.0,802.2968139648438,797.9857788085938,True,0.1,accuracy_drop_selector,10000,100,50,WeightOnly,100000,True,tanhMargin,one_sample,2000,5000,endpointPRBCD,0.001,0.001,10,0,0.8,1000,2000000,True,False,200,extendedPlotting/lpEndpointHitRate
1779606368-accuracy_drop_selector_one_sample_endpointPRBCD-seed1-eps0.1-bs10000-semi1-ep100-ft50,accuracy_drop_selector_one_sample_endpointPRBCD,1,78,0.6316205263137817,-0.2965155243873596,2544.0,802.1864624023438,797.9906005859375,True,0.1,accuracy_drop_selector,10000,100,50,WeightOnly,100000,True,tanhMargin,one_sample,2000,5000,endpointPRBCD,0.001,0.001,10,0,0.8,1000,2000000,True,False,200,extendedPlotting/lpEndpointHitRate
1779606368-accuracy_drop_selector_one_sample_endpointPRBCD-seed1-eps0.1-bs10000-semi1-ep100-ft50,accuracy_drop_selector_one_sample_endpointPRBCD,1,79,0.6316205263137817,-0.2963548004627228,2543.0,802.1158447265625,798.0098876953125,True,0.1,accuracy_drop_selector,10000,100,50,WeightOnly,100000,True,tanhMargin,one_sample,2000,5000,endpointPRBCD,0.001,0.001,10,0,0.8,1000,2000000,True,False,200,extendedPlotting/lpEndpointHitRate
1779606368-accuracy_drop_selector_one_sample_endpointPRBCD-seed1-eps0.1-bs10000-semi1-ep100-ft50,accuracy_drop_selector_one_sample_endpointPRBCD,1,80,0.6316205263137817,-0.29617899656295776,2531.0,802.0562744140625,797.9927978515625,True,0.1,accuracy_drop_selector,10000,100,50,WeightOnly,100000,True,tanhMargin,one_sample,2000,5000,endpointPRBCD,0.001,0.001,10,0,0.8,1000,2000000,True,False,200,extendedPlotting/lpEndpointHitRate
1779606368-accuracy_drop_selector_one_sample_endpointPRBCD-seed1-eps0.1-bs10000-semi1-ep100-ft50,accuracy_drop_selector_one_sample_endpointPRBCD,1,81,0.6316205263137817,-0.29603487253189087,2528.0,801.9703369140625,798.0184326171875,True,0.1,accuracy_drop_selector,10000,100,50,WeightOnly,100000,True,tanhMargin,one_sample,2000,5000,endpointPRBCD,0.001,0.001,10,0,0.8,1000,2000000,True,False,200,extendedPlotting/lpEndpointHitRate
1779606368-accuracy_drop_selector_one_sample_endpointPRBCD-seed1-eps0.1-bs10000-semi1-ep100-ft50,accuracy_drop_selector_one_sample_endpointPRBCD,1,82,0.6316205263137817,-0.29585543274879456,2523.0,801.9323120117188,798.002197265625,True,0.1,accuracy_drop_selector,10000,100,50,WeightOnly,100000,True,tanhMargin,one_sample,2000,5000,endpointPRBCD,0.001,0.001,10,0,0.8,1000,2000000,True,False,200,extendedPlotting/lpEndpointHitRate
1779606368-accuracy_drop_selector_one_sample_endpointPRBCD-seed1-eps0.1-bs10000-semi1-ep100-ft50,accuracy_drop_selector_one_sample_endpointPRBCD,1,83,0.6316205263137817,-0.29571542143821716,2516.0,801.8512573242188,798.0115356445312,True,0.1,accuracy_drop_selector,10000,100,50,WeightOnly,100000,True,tanhMargin,one_sample,2000,5000,endpointPRBCD,0.001,0.001,10,0,0.8,1000,2000000,True,False,200,extendedPlotting/lpEndpointHitRate
1779606368-accuracy_drop_selector_one_sample_endpointPRBCD-seed1-eps0.1-bs10000-semi1-ep100-ft50,accuracy_drop_selector_one_sample_endpointPRBCD,1,84,0.6316205263137817,-0.2955952286720276,2513.0,801.8025512695312,798.0066528320312,True,0.1,accuracy_drop_selector,10000,100,50,WeightOnly,100000,True,tanhMargin,one_sample,2000,5000,endpointPRBCD,0.001,0.001,10,0,0.8,1000,2000000,True,False,200,extendedPlotting/lpEndpointHitRate
1779606368-accuracy_drop_selector_one_sample_endpointPRBCD-seed1-eps0.1-bs10000-semi1-ep100-ft50,accuracy_drop_selector_one_sample_endpointPRBCD,1,85,0.6316205263137817,-0.2954470217227936,2505.0,801.7374267578125,798.0170288085938,True,0.1,accuracy_drop_selector,10000,100,50,WeightOnly,100000,True,tanhMargin,one_sample,2000,5000,endpointPRBCD,0.001,0.001,10,0,0.8,1000,2000000,True,False,200,extendedPlotting/lpEndpointHitRate
1779606368-accuracy_drop_selector_one_sample_endpointPRBCD-seed1-eps0.1-bs10000-semi1-ep100-ft50,accuracy_drop_selector_one_sample_endpointPRBCD,1,86,0.6316205263137817,-0.2952793538570404,2500.0,801.6969604492188,797.9990234375,True,0.1,accuracy_drop_selector,10000,100,50,WeightOnly,100000,True,tanhMargin,one_sample,2000,5000,endpointPRBCD,0.001,0.001,10,0,0.8,1000,2000000,True,False,200,extendedPlotting/lpEndpointHitRate
1779606368-accuracy_drop_selector_one_sample_endpointPRBCD-seed1-eps0.1-bs10000-semi1-ep100-ft50,accuracy_drop_selector_one_sample_endpointPRBCD,1,87,0.6316205263137817,-0.29515397548675537,2498.0,801.62353515625,797.9869384765625,True,0.1,accuracy_drop_selector,10000,100,50,WeightOnly,100000,True,tanhMargin,one_sample,2000,5000,endpointPRBCD,0.001,0.001,10,0,0.8,1000,2000000,True,False,200,extendedPlotting/lpEndpointHitRate
1779606368-accuracy_drop_selector_one_sample_endpointPRBCD-seed1-eps0.1-bs10000-semi1-ep100-ft50,accuracy_drop_selector_one_sample_endpointPRBCD,1,88,0.6316205263137817,-0.29502710700035095,2491.0,801.5623779296875,798.0140380859375,True,0.1,accuracy_drop_selector,10000,100,50,WeightOnly,100000,True,tanhMargin,one_sample,2000,5000,endpointPRBCD,0.001,0.001,10,0,0.8,1000,2000000,True,False,200,extendedPlotting/lpEndpointHitRate
1779606368-accuracy_drop_selector_one_sample_endpointPRBCD-seed1-eps0.1-bs10000-semi1-ep100-ft50,accuracy_drop_selector_one_sample_endpointPRBCD,1,89,0.6316205263137817,-0.29487141966819763,2483.0,801.5396728515625,797.9989013671875,True,0.1,accuracy_drop_selector,10000,100,50,WeightOnly,100000,True,tanhMargin,one_sample,2000,5000,endpointPRBCD,0.001,0.001,10,0,0.8,1000,2000000,True,False,200,extendedPlotting/lpEndpointHitRate
1779606368-accuracy_drop_selector_one_sample_endpointPRBCD-seed1-eps0.1-bs10000-semi1-ep100-ft50,accuracy_drop_selector_one_sample_endpointPRBCD,1,90,0.6316205263137817,-0.2947590947151184,2475.0,801.4791259765625,798.0137329101562,True,0.1,accuracy_drop_selector,10000,100,50,WeightOnly,100000,True,tanhMargin,one_sample,2000,5000,endpointPRBCD,0.001,0.001,10,0,0.8,1000,2000000,True,False,200,extendedPlotting/lpEndpointHitRate
1779606368-accuracy_drop_selector_one_sample_endpointPRBCD-seed1-eps0.1-bs10000-semi1-ep100-ft50,accuracy_drop_selector_one_sample_endpointPRBCD,1,91,0.6316205263137817,-0.2946329712867737,2469.0,801.4468994140625,798.0172729492188,True,0.1,accuracy_drop_selector,10000,100,50,WeightOnly,100000,True,tanhMargin,one_sample,2000,5000,endpointPRBCD,0.001,0.001,10,0,0.8,1000,2000000,True,False,200,extendedPlotting/lpEndpointHitRate
1779606368-accuracy_drop_selector_one_sample_endpointPRBCD-seed1-eps0.1-bs10000-semi1-ep100-ft50,accuracy_drop_selector_one_sample_endpointPRBCD,1,92,0.6316205263137817,-0.29450514912605286,2460.0,801.4074096679688,798.0111694335938,True,0.1,accuracy_drop_selector,10000,100,50,WeightOnly,100000,True,tanhMargin,one_sample,2000,5000,endpointPRBCD,0.001,0.001,10,0,0.8,1000,2000000,True,False,200,extendedPlotting/lpEndpointHitRate
1779606368-accuracy_drop_selector_one_sample_endpointPRBCD-seed1-eps0.1-bs10000-semi1-ep100-ft50,accuracy_drop_selector_one_sample_endpointPRBCD,1,93,0.6316205263137817,-0.2943808436393738,2453.0,801.361572265625,797.991943359375,True,0.1,accuracy_drop_selector,10000,100,50,WeightOnly,100000,True,tanhMargin,one_sample,2000,5000,endpointPRBCD,0.001,0.001,10,0,0.8,1000,2000000,True,False,200,extendedPlotting/lpEndpointHitRate
1779606368-accuracy_drop_selector_one_sample_endpointPRBCD-seed1-eps0.1-bs10000-semi1-ep100-ft50,accuracy_drop_selector_one_sample_endpointPRBCD,1,94,0.6316205263137817,-0.29428917169570923,2450.0,801.30322265625,798.000732421875,True,0.1,accuracy_drop_selector,10000,100,50,WeightOnly,100000,True,tanhMargin,one_sample,2000,5000,endpointPRBCD,0.001,0.001,10,0,0.8,1000,2000000,True,False,200,extendedPlotting/lpEndpointHitRate
1779606368-accuracy_drop_selector_one_sample_endpointPRBCD-seed1-eps0.1-bs10000-semi1-ep100-ft50,accuracy_drop_selector_one_sample_endpointPRBCD,1,95,0.6316205263137817,-0.2941611409187317,2448.0,801.2721557617188,797.9981689453125,True,0.1,accuracy_drop_selector,10000,100,50,WeightOnly,100000,True,tanhMargin,one_sample,2000,5000,endpointPRBCD,0.001,0.001,10,0,0.8,1000,2000000,True,False,200,extendedPlotting/lpEndpointHitRate
1779606368-accuracy_drop_selector_one_sample_endpointPRBCD-seed1-eps0.1-bs10000-semi1-ep100-ft50,accuracy_drop_selector_one_sample_endpointPRBCD,1,96,0.6316205263137817,-0.29406413435935974,2440.0,801.2296752929688,798.00439453125,True,0.1,accuracy_drop_selector,10000,100,50,WeightOnly,100000,True,tanhMargin,one_sample,2000,5000,endpointPRBCD,0.001,0.001,10,0,0.8,1000,2000000,True,False,200,extendedPlotting/lpEndpointHitRate
1779606368-accuracy_drop_selector_one_sample_endpointPRBCD-seed1-eps0.1-bs10000-semi1-ep100-ft50,accuracy_drop_selector_one_sample_endpointPRBCD,1,97,0.6312252879142761,-0.29397016763687134,2435.0,801.1993408203125,798.0169067382812,True,0.1,accuracy_drop_selector,10000,100,50,WeightOnly,100000,True,tanhMargin,one_sample,2000,5000,endpointPRBCD,0.001,0.001,10,0,0.8,1000,2000000,True,False,200,extendedPlotting/lpEndpointHitRate
1779606368-accuracy_drop_selector_one_sample_endpointPRBCD-seed1-eps0.1-bs10000-semi1-ep100-ft50,accuracy_drop_selector_one_sample_endpointPRBCD,1,98,0.6304348111152649,-0.29387617111206055,2431.0,801.1748046875,798.003662109375,True,0.1,accuracy_drop_selector,10000,100,50,WeightOnly,100000,True,tanhMargin,one_sample,2000,5000,endpointPRBCD,0.001,0.001,10,0,0.8,1000,2000000,True,False,200,extendedPlotting/lpEndpointHitRate
1779606368-accuracy_drop_selector_one_sample_endpointPRBCD-seed1-eps0.1-bs10000-semi1-ep100-ft50,accuracy_drop_selector_one_sample_endpointPRBCD,1,99,0.6304348111152649,-0.2938038110733032,2423.0,801.131591796875,797.9959716796875,True,0.1,accuracy_drop_selector,10000,100,50,WeightOnly,100000,True,tanhMargin,one_sample,2000,5000,endpointPRBCD,0.001,0.001,10,0,0.8,1000,2000000,True,False,200,extendedPlotting/lpEndpointHitRate
1779606368-accuracy_drop_selector_one_sample_endpointPRBCD-seed1-eps0.1-bs10000-semi1-ep100-ft50,accuracy_drop_selector_one_sample_endpointPRBCD,1,100,0.6304348111152649,-0.2936939001083374,2421.0,801.0909423828125,797.9874267578125,True,0.1,accuracy_drop_selector,10000,100,50,WeightOnly,100000,True,tanhMargin,one_sample,2000,5000,endpointPRBCD,0.001,0.001,10,0,0.8,1000,2000000,True,False,200,extendedPlotting/lpEndpointHitRate
1779606453-accuracy_drop_selector_one_sample_endpointPRBCD-seed1-eps0.1-bs10000-semi1-ep100-ft50,accuracy_drop_selector_one_sample_endpointPRBCD_nc15,1,0,0.8324110507965088,-0.6408612132072449,0.0,0.0,0.0,True,0.1,accuracy_drop_selector,10000,100,50,WeightOnly,100000,True,tanhMargin,one_sample,2000,5000,endpointPRBCD,0.001,0.001,10,15,0.8,1000,2000000,True,False,200,extendedPlotting/lpEndpointHitRate
1779606453-accuracy_drop_selector_one_sample_endpointPRBCD-seed1-eps0.1-bs10000-semi1-ep100-ft50,accuracy_drop_selector_one_sample_endpointPRBCD_nc15,1,1,0.8324110507965088,-0.6408612132072449,0.0,0.0,0.0,True,0.1,accuracy_drop_selector,10000,100,50,WeightOnly,100000,True,tanhMargin,one_sample,2000,5000,endpointPRBCD,0.001,0.001,10,15,0.8,1000,2000000,True,False,200,extendedPlotting/lpEndpointHitRate
1779606453-accuracy_drop_selector_one_sample_endpointPRBCD-seed1-eps0.1-bs10000-semi1-ep100-ft50,accuracy_drop_selector_one_sample_endpointPRBCD_nc15,1,2,0.8249011635780334,-0.6408517956733704,5253.0,33.951045989990234,33.951045989990234,True,0.1,accuracy_drop_selector,10000,100,50,WeightOnly,100000,True,tanhMargin,one_sample,2000,5000,endpointPRBCD,0.001,0.001,10,15,0.8,1000,2000000,True,False,200,extendedPlotting/lpEndpointHitRate
1779606453-accuracy_drop_selector_one_sample_endpointPRBCD-seed1-eps0.1-bs10000-semi1-ep100-ft50,accuracy_drop_selector_one_sample_endpointPRBCD_nc15,1,3,0.7956521511077881,-0.631830632686615,7324.0,100.81437683105469,100.81437683105469,True,0.1,accuracy_drop_selector,10000,100,50,WeightOnly,100000,True,tanhMargin,one_sample,2000,5000,endpointPRBCD,0.001,0.001,10,15,0.8,1000,2000000,True,False,200,extendedPlotting/lpEndpointHitRate
1779606453-accuracy_drop_selector_one_sample_endpointPRBCD-seed1-eps0.1-bs10000-semi1-ep100-ft50,accuracy_drop_selector_one_sample_endpointPRBCD_nc15,1,4,0.7845849990844727,-0.5952391624450684,7087.0,148.3838653564453,148.3838653564453,True,0.1,accuracy_drop_selector,10000,100,50,WeightOnly,100000,True,tanhMargin,one_sample,2000,5000,endpointPRBCD,0.001,0.001,10,15,0.8,1000,2000000,True,False,200,extendedPlotting/lpEndpointHitRate
1779606453-accuracy_drop_selector_one_sample_endpointPRBCD-seed1-eps0.1-bs10000-semi1-ep100-ft50,accuracy_drop_selector_one_sample_endpointPRBCD_nc15,1,5,0.7711462378501892,-0.569542646408081,7021.0,193.0430908203125,193.0430908203125,True,0.1,accuracy_drop_selector,10000,100,50,WeightOnly,100000,True,tanhMargin,one_sample,2000,5000,endpointPRBCD,0.001,0.001,10,15,0.8,1000,2000000,True,False,200,extendedPlotting/lpEndpointHitRate
1779606453-accuracy_drop_selector_one_sample_endpointPRBCD-seed1-eps0.1-bs10000-semi1-ep100-ft50,accuracy_drop_selector_one_sample_endpointPRBCD_nc15,1,6,0.761660099029541,-0.5488218665122986,6878.0,233.91819763183594,233.91819763183594,True,0.1,accuracy_drop_selector,10000,100,50,WeightOnly,100000,True,tanhMargin,one_sample,2000,5000,endpointPRBCD,0.001,0.001,10,15,0.8,1000,2000000,True,False,200,extendedPlotting/lpEndpointHitRate
1779606453-accuracy_drop_selector_one_sample_endpointPRBCD-seed1-eps0.1-bs10000-semi1-ep100-ft50,accuracy_drop_selector_one_sample_endpointPRBCD_nc15,1,7,0.7545454502105713,-0.5303249955177307,6770.0,271.531494140625,271.531494140625,True,0.1,accuracy_drop_selector,10000,100,50,WeightOnly,100000,True,tanhMargin,one_sample,2000,5000,endpointPRBCD,0.001,0.001,10,15,0.8,1000,2000000,True,False,200,extendedPlotting/lpEndpointHitRate
1779606453-accuracy_drop_selector_one_sample_endpointPRBCD-seed1-eps0.1-bs10000-semi1-ep100-ft50,accuracy_drop_selector_one_sample_endpointPRBCD_nc15,1,8,0.7450593113899231,-0.5150399804115295,6611.0,307.0306396484375,307.0306396484375,True,0.1,accuracy_drop_selector,10000,100,50,WeightOnly,100000,True,tanhMargin,one_sample,2000,5000,endpointPRBCD,0.001,0.001,10,15,0.8,1000,2000000,True,False,200,extendedPlotting/lpEndpointHitRate
1779606453-accuracy_drop_selector_one_sample_endpointPRBCD-seed1-eps0.1-bs10000-semi1-ep100-ft50,accuracy_drop_selector_one_sample_endpointPRBCD_nc15,1,9,0.7395256757736206,-0.5004457235336304,6571.0,339.17901611328125,339.17901611328125,True,0.1,accuracy_drop_selector,10000,100,50,WeightOnly,100000,True,tanhMargin,one_sample,2000,5000,endpointPRBCD,0.001,0.001,10,15,0.8,1000,2000000,True,False,200,extendedPlotting/lpEndpointHitRate
1779606453-accuracy_drop_selector_one_sample_endpointPRBCD-seed1-eps0.1-bs10000-semi1-ep100-ft50,accuracy_drop_selector_one_sample_endpointPRBCD_nc15,1,10,0.7335968613624573,-0.4884650409221649,6496.0,368.0196533203125,368.0196533203125,True,0.1,accuracy_drop_selector,10000,100,50,WeightOnly,100000,True,tanhMargin,one_sample,2000,5000,endpointPRBCD,0.001,0.001,10,15,0.8,1000,2000000,True,False,200,extendedPlotting/lpEndpointHitRate
1779606453-accuracy_drop_selector_one_sample_endpointPRBCD-seed1-eps0.1-bs10000-semi1-ep100-ft50,accuracy_drop_selector_one_sample_endpointPRBCD_nc15,1,11,0.7284585237503052,-0.4780757427215576,6413.0,395.5874938964844,395.5874938964844,True,0.1,accuracy_drop_selector,10000,100,50,WeightOnly,100000,True,tanhMargin,one_sample,2000,5000,endpointPRBCD,0.001,0.001,10,15,0.8,1000,2000000,True,False,200,extendedPlotting/lpEndpointHitRate
1779606453-accuracy_drop_selector_one_sample_endpointPRBCD-seed1-eps0.1-bs10000-semi1-ep100-ft50,accuracy_drop_selector_one_sample_endpointPRBCD_nc15,1,12,0.7237154245376587,-0.46946823596954346,6448.0,422.67633056640625,422.67633056640625,True,0.1,accuracy_drop_selector,10000,100,50,WeightOnly,100000,True,tanhMargin,one_sample,2000,5000,endpointPRBCD,0.001,0.001,10,15,0.8,1000,2000000,True,False,200,extendedPlotting/lpEndpointHitRate
1779606453-accuracy_drop_selector_one_sample_endpointPRBCD-seed1-eps0.1-bs10000-semi1-ep100-ft50,accuracy_drop_selector_one_sample_endpointPRBCD_nc15,1,13,0.7205533385276794,-0.4611409604549408,6378.0,448.6881103515625,448.6376647949219,True,0.1,accuracy_drop_selector,10000,100,50,WeightOnly,100000,True,tanhMargin,one_sample,2000,5000,endpointPRBCD,0.001,0.001,10,15,0.8,1000,2000000,True,False,200,extendedPlotting/lpEndpointHitRate
1779606453-accuracy_drop_selector_one_sample_endpointPRBCD-seed1-eps0.1-bs10000-semi1-ep100-ft50,accuracy_drop_selector_one_sample_endpointPRBCD_nc15,1,14,0.7150197625160217,-0.4540714621543884,6366.0,474.53314208984375,474.47796630859375,True,0.1,accuracy_drop_selector,10000,100,50,WeightOnly,100000,True,tanhMargin,one_sample,2000,5000,endpointPRBCD,0.001,0.001,10,15,0.8,1000,2000000,True,False,200,extendedPlotting/lpEndpointHitRate
1779606453-accuracy_drop_selector_one_sample_endpointPRBCD-seed1-eps0.1-bs10000-semi1-ep100-ft50,accuracy_drop_selector_one_sample_endpointPRBCD_nc15,1,15,0.7110671997070312,-0.4470210075378418,6321.0,500.36993408203125,500.26348876953125,True,0.1,accuracy_drop_selector,10000,100,50,WeightOnly,100000,True,tanhMargin,one_sample,2000,5000,endpointPRBCD,0.001,0.001,10,15,0.8,1000,2000000,True,False,200,extendedPlotting/lpEndpointHitRate
1779606453-accuracy_drop_selector_one_sample_endpointPRBCD-seed1-eps0.1-bs10000-semi1-ep100-ft50,accuracy_drop_selector_one_sample_endpointPRBCD_nc15,1,16,0.7075098752975464,-0.43922972679138184,6307.0,525.3480834960938,525.211669921875,True,0.1,accuracy_drop_selector,10000,100,50,WeightOnly,100000,True,tanhMargin,one_sample,2000,5000,endpointPRBCD,0.001,0.001,10,15,0.8,1000,2000000,True,False,200,extendedPlotting/lpEndpointHitRate
1779606453-accuracy_drop_selector_one_sample_endpointPRBCD-seed1-eps0.1-bs10000-semi1-ep100-ft50,accuracy_drop_selector_one_sample_endpointPRBCD_nc15,1,17,0.7039525508880615,-0.43214473128318787,6147.0,549.3173217773438,549.1629028320312,True,0.1,accuracy_drop_selector,10000,100,50,WeightOnly,100000,True,tanhMargin,one_sample,2000,5000,endpointPRBCD,0.001,0.001,10,15,0.8,1000,2000000,True,False,200,extendedPlotting/lpEndpointHitRate
1779606453-accuracy_drop_selector_one_sample_endpointPRBCD-seed1-eps0.1-bs10000-semi1-ep100-ft50,accuracy_drop_selector_one_sample_endpointPRBCD_nc15,1,18,0.7011857628822327,-0.42562052607536316,6164.0,572.48291015625,572.33935546875,True,0.1,accuracy_drop_selector,10000,100,50,WeightOnly,100000,True,tanhMargin,one_sample,2000,5000,endpointPRBCD,0.001,0.001,10,15,0.8,1000,2000000,True,False,200,extendedPlotting/lpEndpointHitRate
1779606453-accuracy_drop_selector_one_sample_endpointPRBCD-seed1-eps0.1-bs10000-semi1-ep100-ft50,accuracy_drop_selector_one_sample_endpointPRBCD_nc15,1,19,0.6988142132759094,-0.4191860854625702,6161.0,595.3665771484375,595.229736328125,True,0.1,accuracy_drop_selector,10000,100,50,WeightOnly,100000,True,tanhMargin,one_sample,2000,5000,endpointPRBCD,0.001,0.001,10,15,0.8,1000,2000000,True,False,200,extendedPlotting/lpEndpointHitRate
1779606453-accuracy_drop_selector_one_sample_endpointPRBCD-seed1-eps0.1-bs10000-semi1-ep100-ft50,accuracy_drop_selector_one_sample_endpointPRBCD_nc15,1,20,0.6964426636695862,-0.41322416067123413,6209.0,617.8314819335938,617.6825561523438,True,0.1,accuracy_drop_selector,10000,100,50,WeightOnly,100000,True,tanhMargin,one_sample,2000,5000,endpointPRBCD,0.001,0.001,10,15,0.8,1000,2000000,True,False,200,extendedPlotting/lpEndpointHitRate
1779606453-accuracy_drop_selector_one_sample_endpointPRBCD-seed1-eps0.1-bs10000-semi1-ep100-ft50,accuracy_drop_selector_one_sample_endpointPRBCD_nc15,1,21,0.6932806372642517,-0.40752217173576355,6148.0,640.271484375,640.089111328125,True,0.1,accuracy_drop_selector,10000,100,50,WeightOnly,100000,True,tanhMargin,one_sample,2000,5000,endpointPRBCD,0.001,0.001,10,15,0.8,1000,2000000,True,False,200,extendedPlotting/lpEndpointHitRate
1779606453-accuracy_drop_selector_one_sample_endpointPRBCD-seed1-eps0.1-bs10000-semi1-ep100-ft50,accuracy_drop_selector_one_sample_endpointPRBCD_nc15,1,22,0.6909090876579285,-0.40142038464546204,6165.0,662.6361083984375,662.41650390625,True,0.1,accuracy_drop_selector,10000,100,50,WeightOnly,100000,True,tanhMargin,one_sample,2000,5000,endpointPRBCD,0.001,0.001,10,15,0.8,1000,2000000,True,False,200,extendedPlotting/lpEndpointHitRate
1779606453-accuracy_drop_selector_one_sample_endpointPRBCD-seed1-eps0.1-bs10000-semi1-ep100-ft50,accuracy_drop_selector_one_sample_endpointPRBCD_nc15,1,23,0.6881422996520996,-0.39591097831726074,6140.0,684.3499145507812,684.0924682617188,True,0.1,accuracy_drop_selector,10000,100,50,WeightOnly,100000,True,tanhMargin,one_sample,2000,5000,endpointPRBCD,0.001,0.001,10,15,0.8,1000,2000000,True,False,200,extendedPlotting/lpEndpointHitRate
1779606453-accuracy_drop_selector_one_sample_endpointPRBCD-seed1-eps0.1-bs10000-semi1-ep100-ft50,accuracy_drop_selector_one_sample_endpointPRBCD_nc15,1,24,0.6845849752426147,-0.39076611399650574,6096.0,705.8720092773438,705.581787109375,True,0.1,accuracy_drop_selector,10000,100,50,WeightOnly,100000,True,tanhMargin,one_sample,2000,5000,endpointPRBCD,0.001,0.001,10,15,0.8,1000,2000000,True,False,200,extendedPlotting/lpEndpointHitRate
1779606453-accuracy_drop_selector_one_sample_endpointPRBCD-seed1-eps0.1-bs10000-semi1-ep100-ft50,accuracy_drop_selector_one_sample_endpointPRBCD_nc15,1,25,0.6810276508331299,-0.3853159546852112,6053.0,727.209716796875,726.914306640625,True,0.1,accuracy_drop_selector,10000,100,50,WeightOnly,100000,True,tanhMargin,one_sample,2000,5000,endpointPRBCD,0.001,0.001,10,15,0.8,1000,2000000,True,False,200,extendedPlotting/lpEndpointHitRate
1779606453-accuracy_drop_selector_one_sample_endpointPRBCD-seed1-eps0.1-bs10000-semi1-ep100-ft50,accuracy_drop_selector_one_sample_endpointPRBCD_nc15,1,26,0.677470326423645,-0.3801180124282837,6027.0,748.4290771484375,748.080810546875,True,0.1,accuracy_drop_selector,10000,100,50,WeightOnly,100000,True,tanhMargin,one_sample,2000,5000,endpointPRBCD,0.001,0.001,10,15,0.8,1000,2000000,True,False,200,extendedPlotting/lpEndpointHitRate
1779606453-accuracy_drop_selector_one_sample_endpointPRBCD-seed1-eps0.1-bs10000-semi1-ep100-ft50,accuracy_drop_selector_one_sample_endpointPRBCD_nc15,1,27,0.6747035384178162,-0.3750540018081665,6004.0,769.2150268554688,768.798828125,True,0.1,accuracy_drop_selector,10000,100,50,WeightOnly,100000,True,tanhMargin,one_sample,2000,5000,endpointPRBCD,0.001,0.001,10,15,0.8,1000,2000000,True,False,200,extendedPlotting/lpEndpointHitRate
1779606453-accuracy_drop_selector_one_sample_endpointPRBCD-seed1-eps0.1-bs10000-semi1-ep100-ft50,accuracy_drop_selector_one_sample_endpointPRBCD_nc15,1,28,0.6715415120124817,-0.3700504004955292,5966.0,790.0933837890625,789.5802001953125,True,0.1,accuracy_drop_selector,10000,100,50,WeightOnly,100000,True,tanhMargin,one_sample,2000,5000,endpointPRBCD,0.001,0.001,10,15,0.8,1000,2000000,True,False,200,extendedPlotting/lpEndpointHitRate
1779606453-accuracy_drop_selector_one_sample_endpointPRBCD-seed1-eps0.1-bs10000-semi1-ep100-ft50,accuracy_drop_selector_one_sample_endpointPRBCD_nc15,1,29,0.6703557372093201,-0.3647981882095337,5182.0,810.303466796875,797.9635620117188,True,0.1,accuracy_drop_selector,10000,100,50,WeightOnly,100000,True,tanhMargin,one_sample,2000,5000,endpointPRBCD,0.001,0.001,10,15,0.8,1000,2000000,True,False,200,extendedPlotting/lpEndpointHitRate
1779606453-accuracy_drop_selector_one_sample_endpointPRBCD-seed1-eps0.1-bs10000-semi1-ep100-ft50,accuracy_drop_selector_one_sample_endpointPRBCD_nc15,1,30,0.6679841876029968,-0.36054641008377075,4991.0,819.8671875,798.0052490234375,True,0.1,accuracy_drop_selector,10000,100,50,WeightOnly,100000,True,tanhMargin,one_sample,2000,5000,endpointPRBCD,0.001,0.001,10,15,0.8,1000,2000000,True,False,200,extendedPlotting/lpEndpointHitRate
1779606453-accuracy_drop_selector_one_sample_endpointPRBCD-seed1-eps0.1-bs10000-semi1-ep100-ft50,accuracy_drop_selector_one_sample_endpointPRBCD_nc15,1,31,0.6656126379966736,-0.3572782874107361,4896.0,820.59716796875,797.9932861328125,True,0.1,accuracy_drop_selector,10000,100,50,WeightOnly,100000,True,tanhMargin,one_sample,2000,5000,endpointPRBCD,0.001,0.001,10,15,0.8,1000,2000000,True,False,200,extendedPlotting/lpEndpointHitRate
1779606453-accuracy_drop_selector_one_sample_endpointPRBCD-seed1-eps0.1-bs10000-semi1-ep100-ft50,accuracy_drop_selector_one_sample_endpointPRBCD_nc15,1,32,0.6648221611976624,-0.35372501611709595,4741.0,821.198486328125,798.028564453125,True,0.1,accuracy_drop_selector,10000,100,50,WeightOnly,100000,True,tanhMargin,one_sample,2000,5000,endpointPRBCD,0.001,0.001,10,15,0.8,1000,2000000,True,False,200,extendedPlotting/lpEndpointHitRate
1779606453-accuracy_drop_selector_one_sample_endpointPRBCD-seed1-eps0.1-bs10000-semi1-ep100-ft50,accuracy_drop_selector_one_sample_endpointPRBCD_nc15,1,33,0.6624506115913391,-0.3502546548843384,4627.0,821.7086791992188,797.9685668945312,True,0.1,accuracy_drop_selector,10000,100,50,WeightOnly,100000,True,tanhMargin,one_sample,2000,5000,endpointPRBCD,0.001,0.001,10,15,0.8,1000,2000000,True,False,200,extendedPlotting/lpEndpointHitRate
1779606453-accuracy_drop_selector_one_sample_endpointPRBCD-seed1-eps0.1-bs10000-semi1-ep100-ft50,accuracy_drop_selector_one_sample_endpointPRBCD_nc15,1,34,0.6612648367881775,-0.3470790982246399,4483.0,822.2053833007812,797.9916381835938,True,0.1,accuracy_drop_selector,10000,100,50,WeightOnly,100000,True,tanhMargin,one_sample,2000,5000,endpointPRBCD,0.001,0.001,10,15,0.8,1000,2000000,True,False,200,extendedPlotting/lpEndpointHitRate
1779606453-accuracy_drop_selector_one_sample_endpointPRBCD-seed1-eps0.1-bs10000-semi1-ep100-ft50,accuracy_drop_selector_one_sample_endpointPRBCD_nc15,1,35,0.6592885255813599,-0.3440946936607361,4365.0,822.556396484375,798.01220703125,True,0.1,accuracy_drop_selector,10000,100,50,WeightOnly,100000,True,tanhMargin,one_sample,2000,5000,endpointPRBCD,0.001,0.001,10,15,0.8,1000,2000000,True,False,200,extendedPlotting/lpEndpointHitRate
1779606453-accuracy_drop_selector_one_sample_endpointPRBCD-seed1-eps0.1-bs10000-semi1-ep100-ft50,accuracy_drop_selector_one_sample_endpointPRBCD_nc15,1,36,0.6577075123786926,-0.34111714363098145,4223.0,822.586669921875,798.0328979492188,True,0.1,accuracy_drop_selector,10000,100,50,WeightOnly,100000,True,tanhMargin,one_sample,2000,5000,endpointPRBCD,0.001,0.001,10,15,0.8,1000,2000000,True,False,200,extendedPlotting/lpEndpointHitRate
1779606453-accuracy_drop_selector_one_sample_endpointPRBCD-seed1-eps0.1-bs10000-semi1-ep100-ft50,accuracy_drop_selector_one_sample_endpointPRBCD_nc15,1,37,0.6549407243728638,-0.3380667567253113,4070.0,823.0865478515625,797.98486328125,True,0.1,accuracy_drop_selector,10000,100,50,WeightOnly,100000,True,tanhMargin,one_sample,2000,5000,endpointPRBCD,0.001,0.001,10,15,0.8,1000,2000000,True,False,200,extendedPlotting/lpEndpointHitRate
1779606453-accuracy_drop_selector_one_sample_endpointPRBCD-seed1-eps0.1-bs10000-semi1-ep100-ft50,accuracy_drop_selector_one_sample_endpointPRBCD_nc15,1,38,0.6529644131660461,-0.33525675535202026,3946.0,823.0072021484375,797.9765014648438,True,0.1,accuracy_drop_selector,10000,100,50,WeightOnly,100000,True,tanhMargin,one_sample,2000,5000,endpointPRBCD,0.001,0.001,10,15,0.8,1000,2000000,True,False,200,extendedPlotting/lpEndpointHitRate
1779606453-accuracy_drop_selector_one_sample_endpointPRBCD-seed1-eps0.1-bs10000-semi1-ep100-ft50,accuracy_drop_selector_one_sample_endpointPRBCD_nc15,1,39,0.6517786383628845,-0.3324236571788788,3833.0,823.1395874023438,797.9813232421875,True,0.1,accuracy_drop_selector,10000,100,50,WeightOnly,100000,True,tanhMargin,one_sample,2000,5000,endpointPRBCD,0.001,0.001,10,15,0.8,1000,2000000,True,False,200,extendedPlotting/lpEndpointHitRate
1779606453-accuracy_drop_selector_one_sample_endpointPRBCD-seed1-eps0.1-bs10000-semi1-ep100-ft50,accuracy_drop_selector_one_sample_endpointPRBCD_nc15,1,40,0.6498023867607117,-0.3298953175544739,3706.0,823.5653076171875,798.0057983398438,True,0.1,accuracy_drop_selector,10000,100,50,WeightOnly,100000,True,tanhMargin,one_sample,2000,5000,endpointPRBCD,0.001,0.001,10,15,0.8,1000,2000000,True,False,200,extendedPlotting/lpEndpointHitRate
1779606453-accuracy_drop_selector_one_sample_endpointPRBCD-seed1-eps0.1-bs10000-semi1-ep100-ft50,accuracy_drop_selector_one_sample_endpointPRBCD_nc15,1,41,0.6474308371543884,-0.32681331038475037,3575.0,823.4227294921875,798.007568359375,True,0.1,accuracy_drop_selector,10000,100,50,WeightOnly,100000,True,tanhMargin,one_sample,2000,5000,endpointPRBCD,0.001,0.001,10,15,0.8,1000,2000000,True,False,200,extendedPlotting/lpEndpointHitRate
1779606453-accuracy_drop_selector_one_sample_endpointPRBCD-seed1-eps0.1-bs10000-semi1-ep100-ft50,accuracy_drop_selector_one_sample_endpointPRBCD_nc15,1,42,0.6458498239517212,-0.32435253262519836,3476.0,822.90185546875,797.9866943359375,True,0.1,accuracy_drop_selector,10000,100,50,WeightOnly,100000,True,tanhMargin,one_sample,2000,5000,endpointPRBCD,0.001,0.001,10,15,0.8,1000,2000000,True,False,200,extendedPlotting/lpEndpointHitRate
1779606453-accuracy_drop_selector_one_sample_endpointPRBCD-seed1-eps0.1-bs10000-semi1-ep100-ft50,accuracy_drop_selector_one_sample_endpointPRBCD_nc15,1,43,0.6454545259475708,-0.32214081287384033,3418.0,822.72998046875,798.018310546875,True,0.1,accuracy_drop_selector,10000,100,50,WeightOnly,100000,True,tanhMargin,one_sample,2000,5000,endpointPRBCD,0.001,0.001,10,15,0.8,1000,2000000,True,False,200,extendedPlotting/lpEndpointHitRate
1779606453-accuracy_drop_selector_one_sample_endpointPRBCD-seed1-eps0.1-bs10000-semi1-ep100-ft50,accuracy_drop_selector_one_sample_endpointPRBCD_nc15,1,44,0.6442687511444092,-0.32008248567581177,3330.0,822.94384765625,797.9898681640625,True,0.1,accuracy_drop_selector,10000,100,50,WeightOnly,100000,True,tanhMargin,one_sample,2000,5000,endpointPRBCD,0.001,0.001,10,15,0.8,1000,2000000,True,False,200,extendedPlotting/lpEndpointHitRate
1779606453-accuracy_drop_selector_one_sample_endpointPRBCD-seed1-eps0.1-bs10000-semi1-ep100-ft50,accuracy_drop_selector_one_sample_endpointPRBCD_nc15,1,45,0.6438735127449036,-0.3181002140045166,3257.0,822.8216552734375,797.98583984375,True,0.1,accuracy_drop_selector,10000,100,50,WeightOnly,100000,True,tanhMargin,one_sample,2000,5000,endpointPRBCD,0.001,0.001,10,15,0.8,1000,2000000,True,False,200,extendedPlotting/lpEndpointHitRate
1779606453-accuracy_drop_selector_one_sample_endpointPRBCD-seed1-eps0.1-bs10000-semi1-ep100-ft50,accuracy_drop_selector_one_sample_endpointPRBCD_nc15,1,46,0.6426877379417419,-0.3162877559661865,3168.0,822.8814697265625,797.9879150390625,True,0.1,accuracy_drop_selector,10000,100,50,WeightOnly,100000,True,tanhMargin,one_sample,2000,5000,endpointPRBCD,0.001,0.001,10,15,0.8,1000,2000000,True,False,200,extendedPlotting/lpEndpointHitRate
1779606453-accuracy_drop_selector_one_sample_endpointPRBCD-seed1-eps0.1-bs10000-semi1-ep100-ft50,accuracy_drop_selector_one_sample_endpointPRBCD_nc15,1,47,0.6415019631385803,-0.3144361078739166,3114.0,822.8494873046875,797.9938354492188,True,0.1,accuracy_drop_selector,10000,100,50,WeightOnly,100000,True,tanhMargin,one_sample,2000,5000,endpointPRBCD,0.001,0.001,10,15,0.8,1000,2000000,True,False,200,extendedPlotting/lpEndpointHitRate
1779606453-accuracy_drop_selector_one_sample_endpointPRBCD-seed1-eps0.1-bs10000-semi1-ep100-ft50,accuracy_drop_selector_one_sample_endpointPRBCD_nc15,1,48,0.6411067247390747,-0.31261008977890015,3050.0,822.7367553710938,797.983154296875,True,0.1,accuracy_drop_selector,10000,100,50,WeightOnly,100000,True,tanhMargin,one_sample,2000,5000,endpointPRBCD,0.001,0.001,10,15,0.8,1000,2000000,True,False,200,extendedPlotting/lpEndpointHitRate
1779606453-accuracy_drop_selector_one_sample_endpointPRBCD-seed1-eps0.1-bs10000-semi1-ep100-ft50,accuracy_drop_selector_one_sample_endpointPRBCD_nc15,1,49,0.6399209499359131,-0.3108977973461151,2994.0,822.875244140625,798.0096435546875,True,0.1,accuracy_drop_selector,10000,100,50,WeightOnly,100000,True,tanhMargin,one_sample,2000,5000,endpointPRBCD,0.001,0.001,10,15,0.8,1000,2000000,True,False,200,extendedPlotting/lpEndpointHitRate
1779606453-accuracy_drop_selector_one_sample_endpointPRBCD-seed1-eps0.1-bs10000-semi1-ep100-ft50,accuracy_drop_selector_one_sample_endpointPRBCD_nc15,1,50,0.6387351751327515,-0.3092666566371918,2932.0,822.7423095703125,797.9918212890625,True,0.1,accuracy_drop_selector,10000,100,50,WeightOnly,100000,True,tanhMargin,one_sample,2000,5000,endpointPRBCD,0.001,0.001,10,15,0.8,1000,2000000,True,False,200,extendedPlotting/lpEndpointHitRate
1779606453-accuracy_drop_selector_one_sample_endpointPRBCD-seed1-eps0.1-bs10000-semi1-ep100-ft50,accuracy_drop_selector_one_sample_endpointPRBCD_nc15,1,51,0.6367588639259338,-0.3076293468475342,2893.0,822.722412109375,797.982177734375,True,0.1,accuracy_drop_selector,10000,100,50,WeightOnly,100000,True,tanhMargin,one_sample,2000,5000,endpointPRBCD,0.001,0.001,10,15,0.8,1000,2000000,True,False,200,extendedPlotting/lpEndpointHitRate
1779606453-accuracy_drop_selector_one_sample_endpointPRBCD-seed1-eps0.1-bs10000-semi1-ep100-ft50,accuracy_drop_selector_one_sample_endpointPRBCD_nc15,1,52,0.635573148727417,-0.3059335947036743,2833.0,822.5568237304688,798.0037231445312,True,0.1,accuracy_drop_selector,10000,100,50,WeightOnly,100000,True,tanhMargin,one_sample,2000,5000,endpointPRBCD,0.001,0.001,10,15,0.8,1000,2000000,True,False,200,extendedPlotting/lpEndpointHitRate
1779606453-accuracy_drop_selector_one_sample_endpointPRBCD-seed1-eps0.1-bs10000-semi1-ep100-ft50,accuracy_drop_selector_one_sample_endpointPRBCD_nc15,1,53,0.6359683871269226,-0.30439382791519165,2792.0,815.211669921875,797.9969482421875,True,0.1,accuracy_drop_selector,10000,100,50,WeightOnly,100000,True,tanhMargin,one_sample,2000,5000,endpointPRBCD,0.001,0.001,10,15,0.8,1000,2000000,True,False,200,extendedPlotting/lpEndpointHitRate
1779606453-accuracy_drop_selector_one_sample_endpointPRBCD-seed1-eps0.1-bs10000-semi1-ep100-ft50,accuracy_drop_selector_one_sample_endpointPRBCD_nc15,1,54,0.634782612323761,-0.30331137776374817,2758.0,811.9837036132812,798.0104370117188,True,0.1,accuracy_drop_selector,10000,100,50,WeightOnly,100000,True,tanhMargin,one_sample,2000,5000,endpointPRBCD,0.001,0.001,10,15,0.8,1000,2000000,True,False,200,extendedPlotting/lpEndpointHitRate
1779606453-accuracy_drop_selector_one_sample_endpointPRBCD-seed1-eps0.1-bs10000-semi1-ep100-ft50,accuracy_drop_selector_one_sample_endpointPRBCD_nc15,1,55,0.633992075920105,-0.3025118112564087,2726.0,810.0774536132812,798.0009765625,True,0.1,accuracy_drop_selector,10000,100,50,WeightOnly,100000,True,tanhMargin,one_sample,2000,5000,endpointPRBCD,0.001,0.001,10,15,0.8,1000,2000000,True,False,200,extendedPlotting/lpEndpointHitRate
1779606453-accuracy_drop_selector_one_sample_endpointPRBCD-seed1-eps0.1-bs10000-semi1-ep100-ft50,accuracy_drop_selector_one_sample_endpointPRBCD_nc15,1,56,0.6332015991210938,-0.301741361618042,2699.0,808.7265625,797.9985961914062,True,0.1,accuracy_drop_selector,10000,100,50,WeightOnly,100000,True,tanhMargin,one_sample,2000,5000,endpointPRBCD,0.001,0.001,10,15,0.8,1000,2000000,True,False,200,extendedPlotting/lpEndpointHitRate
1779606453-accuracy_drop_selector_one_sample_endpointPRBCD-seed1-eps0.1-bs10000-semi1-ep100-ft50,accuracy_drop_selector_one_sample_endpointPRBCD_nc15,1,57,0.6332015991210938,-0.30110403895378113,2672.0,807.77099609375,798.015625,True,0.1,accuracy_drop_selector,10000,100,50,WeightOnly,100000,True,tanhMargin,one_sample,2000,5000,endpointPRBCD,0.001,0.001,10,15,0.8,1000,2000000,True,False,200,extendedPlotting/lpEndpointHitRate
1779606453-accuracy_drop_selector_one_sample_endpointPRBCD-seed1-eps0.1-bs10000-semi1-ep100-ft50,accuracy_drop_selector_one_sample_endpointPRBCD_nc15,1,58,0.6320158243179321,-0.30058175325393677,2649.0,807.01953125,797.9880981445312,True,0.1,accuracy_drop_selector,10000,100,50,WeightOnly,100000,True,tanhMargin,one_sample,2000,5000,endpointPRBCD,0.001,0.001,10,15,0.8,1000,2000000,True,False,200,extendedPlotting/lpEndpointHitRate
1779606453-accuracy_drop_selector_one_sample_endpointPRBCD-seed1-eps0.1-bs10000-semi1-ep100-ft50,accuracy_drop_selector_one_sample_endpointPRBCD_nc15,1,59,0.6320158243179321,-0.3001216948032379,2632.0,806.3980712890625,797.9999389648438,True,0.1,accuracy_drop_selector,10000,100,50,WeightOnly,100000,True,tanhMargin,one_sample,2000,5000,endpointPRBCD,0.001,0.001,10,15,0.8,1000,2000000,True,False,200,extendedPlotting/lpEndpointHitRate
1779606453-accuracy_drop_selector_one_sample_endpointPRBCD-seed1-eps0.1-bs10000-semi1-ep100-ft50,accuracy_drop_selector_one_sample_endpointPRBCD_nc15,1,60,0.6320158243179321,-0.29966017603874207,2621.0,805.9027709960938,797.988525390625,True,0.1,accuracy_drop_selector,10000,100,50,WeightOnly,100000,True,tanhMargin,one_sample,2000,5000,endpointPRBCD,0.001,0.001,10,15,0.8,1000,2000000,True,False,200,extendedPlotting/lpEndpointHitRate
1779606453-accuracy_drop_selector_one_sample_endpointPRBCD-seed1-eps0.1-bs10000-semi1-ep100-ft50,accuracy_drop_selector_one_sample_endpointPRBCD_nc15,1,61,0.6316205263137817,-0.2992332875728607,2601.0,805.44677734375,798.0108642578125,True,0.1,accuracy_drop_selector,10000,100,50,WeightOnly,100000,True,tanhMargin,one_sample,2000,5000,endpointPRBCD,0.001,0.001,10,15,0.8,1000,2000000,True,False,200,extendedPlotting/lpEndpointHitRate
1779606453-accuracy_drop_selector_one_sample_endpointPRBCD-seed1-eps0.1-bs10000-semi1-ep100-ft50,accuracy_drop_selector_one_sample_endpointPRBCD_nc15,1,62,0.6316205263137817,-0.2988256812095642,2591.0,805.106201171875,797.9828491210938,True,0.1,accuracy_drop_selector,10000,100,50,WeightOnly,100000,True,tanhMargin,one_sample,2000,5000,endpointPRBCD,0.001,0.001,10,15,0.8,1000,2000000,True,False,200,extendedPlotting/lpEndpointHitRate
1779606453-accuracy_drop_selector_one_sample_endpointPRBCD-seed1-eps0.1-bs10000-semi1-ep100-ft50,accuracy_drop_selector_one_sample_endpointPRBCD_nc15,1,63,0.6312252879142761,-0.2984774112701416,2576.0,804.749267578125,798.0171508789062,True,0.1,accuracy_drop_selector,10000,100,50,WeightOnly,100000,True,tanhMargin,one_sample,2000,5000,endpointPRBCD,0.001,0.001,10,15,0.8,1000,2000000,True,False,200,extendedPlotting/lpEndpointHitRate
1779606453-accuracy_drop_selector_one_sample_endpointPRBCD-seed1-eps0.1-bs10000-semi1-ep100-ft50,accuracy_drop_selector_one_sample_endpointPRBCD_nc15,1,64,0.6312252879142761,-0.2981000542640686,2565.0,804.5032348632812,798.0022583007812,True,0.1,accuracy_drop_selector,10000,100,50,WeightOnly,100000,True,tanhMargin,one_sample,2000,5000,endpointPRBCD,0.001,0.001,10,15,0.8,1000,2000000,True,False,200,extendedPlotting/lpEndpointHitRate
1779606453-accuracy_drop_selector_one_sample_endpointPRBCD-seed1-eps0.1-bs10000-semi1-ep100-ft50,accuracy_drop_selector_one_sample_endpointPRBCD_nc15,1,65,0.6312252879142761,-0.2978217303752899,2557.0,804.2470703125,797.9978637695312,True,0.1,accuracy_drop_selector,10000,100,50,WeightOnly,100000,True,tanhMargin,one_sample,2000,5000,endpointPRBCD,0.001,0.001,10,15,0.8,1000,2000000,True,False,200,extendedPlotting/lpEndpointHitRate
1779606453-accuracy_drop_selector_one_sample_endpointPRBCD-seed1-eps0.1-bs10000-semi1-ep100-ft50,accuracy_drop_selector_one_sample_endpointPRBCD_nc15,1,66,0.6312252879142761,-0.2975349426269531,2544.0,804.0069580078125,797.99609375,True,0.1,accuracy_drop_selector,10000,100,50,WeightOnly,100000,True,tanhMargin,one_sample,2000,5000,endpointPRBCD,0.001,0.001,10,15,0.8,1000,2000000,True,False,200,extendedPlotting/lpEndpointHitRate
1779606453-accuracy_drop_selector_one_sample_endpointPRBCD-seed1-eps0.1-bs10000-semi1-ep100-ft50,accuracy_drop_selector_one_sample_endpointPRBCD_nc15,1,67,0.6312252879142761,-0.29725345969200134,2530.0,803.81201171875,797.9933471679688,True,0.1,accuracy_drop_selector,10000,100,50,WeightOnly,100000,True,tanhMargin,one_sample,2000,5000,endpointPRBCD,0.001,0.001,10,15,0.8,1000,2000000,True,False,200,extendedPlotting/lpEndpointHitRate
1779606453-accuracy_drop_selector_one_sample_endpointPRBCD-seed1-eps0.1-bs10000-semi1-ep100-ft50,accuracy_drop_selector_one_sample_endpointPRBCD_nc15,1,68,0.6304348111152649,-0.2970109283924103,2524.0,803.6297607421875,798.0015258789062,True,0.1,accuracy_drop_selector,10000,100,50,WeightOnly,100000,True,tanhMargin,one_sample,2000,5000,endpointPRBCD,0.001,0.001,10,15,0.8,1000,2000000,True,False,200,extendedPlotting/lpEndpointHitRate
1779606453-accuracy_drop_selector_one_sample_endpointPRBCD-seed1-eps0.1-bs10000-semi1-ep100-ft50,accuracy_drop_selector_one_sample_endpointPRBCD_nc15,1,69,0.6304348111152649,-0.2967650294303894,2517.0,803.4691162109375,798.0042724609375,True,0.1,accuracy_drop_selector,10000,100,50,WeightOnly,100000,True,tanhMargin,one_sample,2000,5000,endpointPRBCD,0.001,0.001,10,15,0.8,1000,2000000,True,False,200,extendedPlotting/lpEndpointHitRate
1779606453-accuracy_drop_selector_one_sample_endpointPRBCD-seed1-eps0.1-bs10000-semi1-ep100-ft50,accuracy_drop_selector_one_sample_endpointPRBCD_nc15,1,70,0.6300395131111145,-0.2965643107891083,2508.0,803.3193359375,798.0179443359375,True,0.1,accuracy_drop_selector,10000,100,50,WeightOnly,100000,True,tanhMargin,one_sample,2000,5000,endpointPRBCD,0.001,0.001,10,15,0.8,1000,2000000,True,False,200,extendedPlotting/lpEndpointHitRate
1779606453-accuracy_drop_selector_one_sample_endpointPRBCD-seed1-eps0.1-bs10000-semi1-ep100-ft50,accuracy_drop_selector_one_sample_endpointPRBCD_nc15,1,71,0.6300395131111145,-0.2963489890098572,2492.0,803.2089233398438,798.000732421875,True,0.1,accuracy_drop_selector,10000,100,50,WeightOnly,100000,True,tanhMargin,one_sample,2000,5000,endpointPRBCD,0.001,0.001,10,15,0.8,1000,2000000,True,False,200,extendedPlotting/lpEndpointHitRate
1779606453-accuracy_drop_selector_one_sample_endpointPRBCD-seed1-eps0.1-bs10000-semi1-ep100-ft50,accuracy_drop_selector_one_sample_endpointPRBCD_nc15,1,72,0.6292490363121033,-0.29618263244628906,2479.0,803.0614013671875,797.9896240234375,True,0.1,accuracy_drop_selector,10000,100,50,WeightOnly,100000,True,tanhMargin,one_sample,2000,5000,endpointPRBCD,0.001,0.001,10,15,0.8,1000,2000000,True,False,200,extendedPlotting/lpEndpointHitRate
1779606453-accuracy_drop_selector_one_sample_endpointPRBCD-seed1-eps0.1-bs10000-semi1-ep100-ft50,accuracy_drop_selector_one_sample_endpointPRBCD_nc15,1,73,0.6292490363121033,-0.29598942399024963,2470.0,802.9315795898438,798.0107421875,True,0.1,accuracy_drop_selector,10000,100,50,WeightOnly,100000,True,tanhMargin,one_sample,2000,5000,endpointPRBCD,0.001,0.001,10,15,0.8,1000,2000000,True,False,200,extendedPlotting/lpEndpointHitRate
1779606453-accuracy_drop_selector_one_sample_endpointPRBCD-seed1-eps0.1-bs10000-semi1-ep100-ft50,accuracy_drop_selector_one_sample_endpointPRBCD_nc15,1,74,0.6292490363121033,-0.2957785129547119,2462.0,802.83740234375,798.0169677734375,True,0.1,accuracy_drop_selector,10000,100,50,WeightOnly,100000,True,tanhMargin,one_sample,2000,5000,endpointPRBCD,0.001,0.001,10,15,0.8,1000,2000000,True,False,200,extendedPlotting/lpEndpointHitRate
1779606453-accuracy_drop_selector_one_sample_endpointPRBCD-seed1-eps0.1-bs10000-semi1-ep100-ft50,accuracy_drop_selector_one_sample_endpointPRBCD_nc15,1,75,0.6292490363121033,-0.29560956358909607,2459.0,802.7440795898438,798.0018310546875,True,0.1,accuracy_drop_selector,10000,100,50,WeightOnly,100000,True,tanhMargin,one_sample,2000,5000,endpointPRBCD,0.001,0.001,10,15,0.8,1000,2000000,True,False,200,extendedPlotting/lpEndpointHitRate
1779606453-accuracy_drop_selector_one_sample_endpointPRBCD-seed1-eps0.1-bs10000-semi1-ep100-ft50,accuracy_drop_selector_one_sample_endpointPRBCD_nc15,1,76,0.6288537383079529,-0.2954363524913788,2453.0,802.61376953125,798.0034790039062,True,0.1,accuracy_drop_selector,10000,100,50,WeightOnly,100000,True,tanhMargin,one_sample,2000,5000,endpointPRBCD,0.001,0.001,10,15,0.8,1000,2000000,True,False,200,extendedPlotting/lpEndpointHitRate
1779606453-accuracy_drop_selector_one_sample_endpointPRBCD-seed1-eps0.1-bs10000-semi1-ep100-ft50,accuracy_drop_selector_one_sample_endpointPRBCD_nc15,1,77,0.6288537383079529,-0.2952916622161865,2449.0,802.5303344726562,797.9996337890625,True,0.1,accuracy_drop_selector,10000,100,50,WeightOnly,100000,True,tanhMargin,one_sample,2000,5000,endpointPRBCD,0.001,0.001,10,15,0.8,1000,2000000,True,False,200,extendedPlotting/lpEndpointHitRate
1779606453-accuracy_drop_selector_one_sample_endpointPRBCD-seed1-eps0.1-bs10000-semi1-ep100-ft50,accuracy_drop_selector_one_sample_endpointPRBCD_nc15,1,78,0.6292490363121033,-0.29511281847953796,2444.0,802.4378662109375,798.0084228515625,True,0.1,accuracy_drop_selector,10000,100,50,WeightOnly,100000,True,tanhMargin,one_sample,2000,5000,endpointPRBCD,0.001,0.001,10,15,0.8,1000,2000000,True,False,200,extendedPlotting/lpEndpointHitRate
1779606453-accuracy_drop_selector_one_sample_endpointPRBCD-seed1-eps0.1-bs10000-semi1-ep100-ft50,accuracy_drop_selector_one_sample_endpointPRBCD_nc15,1,79,0.6296442747116089,-0.294950008392334,2439.0,802.350341796875,798.0106811523438,True,0.1,accuracy_drop_selector,10000,100,50,WeightOnly,100000,True,tanhMargin,one_sample,2000,5000,endpointPRBCD,0.001,0.001,10,15,0.8,1000,2000000,True,False,200,extendedPlotting/lpEndpointHitRate
1779606453-accuracy_drop_selector_one_sample_endpointPRBCD-seed1-eps0.1-bs10000-semi1-ep100-ft50,accuracy_drop_selector_one_sample_endpointPRBCD_nc15,1,80,0.6296442747116089,-0.2948564291000366,2429.0,802.2743530273438,798.0178833007812,True,0.1,accuracy_drop_selector,10000,100,50,WeightOnly,100000,True,tanhMargin,one_sample,2000,5000,endpointPRBCD,0.001,0.001,10,15,0.8,1000,2000000,True,False,200,extendedPlotting/lpEndpointHitRate
1779606453-accuracy_drop_selector_one_sample_endpointPRBCD-seed1-eps0.1-bs10000-semi1-ep100-ft50,accuracy_drop_selector_one_sample_endpointPRBCD_nc15,1,81,0.6296442747116089,-0.29470908641815186,2424.0,802.19970703125,798.0133666992188,True,0.1,accuracy_drop_selector,10000,100,50,WeightOnly,100000,True,tanhMargin,one_sample,2000,5000,endpointPRBCD,0.001,0.001,10,15,0.8,1000,2000000,True,False,200,extendedPlotting/lpEndpointHitRate
1779606453-accuracy_drop_selector_one_sample_endpointPRBCD-seed1-eps0.1-bs10000-semi1-ep100-ft50,accuracy_drop_selector_one_sample_endpointPRBCD_nc15,1,82,0.6296442747116089,-0.2945496439933777,2414.0,802.1307983398438,798.0060424804688,True,0.1,accuracy_drop_selector,10000,100,50,WeightOnly,100000,True,tanhMargin,one_sample,2000,5000,endpointPRBCD,0.001,0.001,10,15,0.8,1000,2000000,True,False,200,extendedPlotting/lpEndpointHitRate
1779606453-accuracy_drop_selector_one_sample_endpointPRBCD-seed1-eps0.1-bs10000-semi1-ep100-ft50,accuracy_drop_selector_one_sample_endpointPRBCD_nc15,1,83,0.6292490363121033,-0.29441386461257935,2403.0,802.05224609375,798.0115966796875,True,0.1,accuracy_drop_selector,10000,100,50,WeightOnly,100000,True,tanhMargin,one_sample,2000,5000,endpointPRBCD,0.001,0.001,10,15,0.8,1000,2000000,True,False,200,extendedPlotting/lpEndpointHitRate
1779606453-accuracy_drop_selector_one_sample_endpointPRBCD-seed1-eps0.1-bs10000-semi1-ep100-ft50,accuracy_drop_selector_one_sample_endpointPRBCD_nc15,1,84,0.6288537383079529,-0.29424744844436646,2401.0,801.9920654296875,798.0157470703125,True,0.1,accuracy_drop_selector,10000,100,50,WeightOnly,100000,True,tanhMargin,one_sample,2000,5000,endpointPRBCD,0.001,0.001,10,15,0.8,1000,2000000,True,False,200,extendedPlotting/lpEndpointHitRate
1779606453-accuracy_drop_selector_one_sample_endpointPRBCD-seed1-eps0.1-bs10000-semi1-ep100-ft50,accuracy_drop_selector_one_sample_endpointPRBCD_nc15,1,85,0.6284584999084473,-0.29412171244621277,2394.0,801.9282836914062,797.9922485351562,True,0.1,accuracy_drop_selector,10000,100,50,WeightOnly,100000,True,tanhMargin,one_sample,2000,5000,endpointPRBCD,0.001,0.001,10,15,0.8,1000,2000000,True,False,200,extendedPlotting/lpEndpointHitRate
1779606453-accuracy_drop_selector_one_sample_endpointPRBCD-seed1-eps0.1-bs10000-semi1-ep100-ft50,accuracy_drop_selector_one_sample_endpointPRBCD_nc15,1,86,0.6284584999084473,-0.29398488998413086,2387.0,801.843505859375,798.0130615234375,True,0.1,accuracy_drop_selector,10000,100,50,WeightOnly,100000,True,tanhMargin,one_sample,2000,5000,endpointPRBCD,0.001,0.001,10,15,0.8,1000,2000000,True,False,200,extendedPlotting/lpEndpointHitRate
1779606453-accuracy_drop_selector_one_sample_endpointPRBCD-seed1-eps0.1-bs10000-semi1-ep100-ft50,accuracy_drop_selector_one_sample_endpointPRBCD_nc15,1,87,0.6284584999084473,-0.29386064410209656,2384.0,801.8102416992188,797.9989013671875,True,0.1,accuracy_drop_selector,10000,100,50,WeightOnly,100000,True,tanhMargin,one_sample,2000,5000,endpointPRBCD,0.001,0.001,10,15,0.8,1000,2000000,True,False,200,extendedPlotting/lpEndpointHitRate
1779606453-accuracy_drop_selector_one_sample_endpointPRBCD-seed1-eps0.1-bs10000-semi1-ep100-ft50,accuracy_drop_selector_one_sample_endpointPRBCD_nc15,1,88,0.6284584999084473,-0.2937331795692444,2379.0,801.7432861328125,798.0006713867188,True,0.1,accuracy_drop_selector,10000,100,50,WeightOnly,100000,True,tanhMargin,one_sample,2000,5000,endpointPRBCD,0.001,0.001,10,15,0.8,1000,2000000,True,False,200,extendedPlotting/lpEndpointHitRate
1779606453-accuracy_drop_selector_one_sample_endpointPRBCD-seed1-eps0.1-bs10000-semi1-ep100-ft50,accuracy_drop_selector_one_sample_endpointPRBCD_nc15,1,89,0.6284584999084473,-0.29363054037094116,2374.0,801.6879272460938,798.0075073242188,True,0.1,accuracy_drop_selector,10000,100,50,WeightOnly,100000,True,tanhMargin,one_sample,2000,5000,endpointPRBCD,0.001,0.001,10,15,0.8,1000,2000000,True,False,200,extendedPlotting/lpEndpointHitRate
1779606453-accuracy_drop_selector_one_sample_endpointPRBCD-seed1-eps0.1-bs10000-semi1-ep100-ft50,accuracy_drop_selector_one_sample_endpointPRBCD_nc15,1,90,0.6284584999084473,-0.2935079336166382,2372.0,801.6527099609375,798.014892578125,True,0.1,accuracy_drop_selector,10000,100,50,WeightOnly,100000,True,tanhMargin,one_sample,2000,5000,endpointPRBCD,0.001,0.001,10,15,0.8,1000,2000000,True,False,200,extendedPlotting/lpEndpointHitRate
1779606453-accuracy_drop_selector_one_sample_endpointPRBCD-seed1-eps0.1-bs10000-semi1-ep100-ft50,accuracy_drop_selector_one_sample_endpointPRBCD_nc15,1,91,0.6284584999084473,-0.2934100031852722,2367.0,801.6063232421875,797.9994506835938,True,0.1,accuracy_drop_selector,10000,100,50,WeightOnly,100000,True,tanhMargin,one_sample,2000,5000,endpointPRBCD,0.001,0.001,10,15,0.8,1000,2000000,True,False,200,extendedPlotting/lpEndpointHitRate
1779606453-accuracy_drop_selector_one_sample_endpointPRBCD-seed1-eps0.1-bs10000-semi1-ep100-ft50,accuracy_drop_selector_one_sample_endpointPRBCD_nc15,1,92,0.6284584999084473,-0.2933110296726227,2365.0,801.5465698242188,798.000244140625,True,0.1,accuracy_drop_selector,10000,100,50,WeightOnly,100000,True,tanhMargin,one_sample,2000,5000,endpointPRBCD,0.001,0.001,10,15,0.8,1000,2000000,True,False,200,extendedPlotting/lpEndpointHitRate
1779606453-accuracy_drop_selector_one_sample_endpointPRBCD-seed1-eps0.1-bs10000-semi1-ep100-ft50,accuracy_drop_selector_one_sample_endpointPRBCD_nc15,1,93,0.6280632615089417,-0.29320028424263,2364.0,801.5025634765625,798.00341796875,True,0.1,accuracy_drop_selector,10000,100,50,WeightOnly,100000,True,tanhMargin,one_sample,2000,5000,endpointPRBCD,0.001,0.001,10,15,0.8,1000,2000000,True,False,200,extendedPlotting/lpEndpointHitRate
1779606453-accuracy_drop_selector_one_sample_endpointPRBCD-seed1-eps0.1-bs10000-semi1-ep100-ft50,accuracy_drop_selector_one_sample_endpointPRBCD_nc15,1,94,0.6280632615089417,-0.2930595278739929,2364.0,801.459716796875,798.0126953125,True,0.1,accuracy_drop_selector,10000,100,50,WeightOnly,100000,True,tanhMargin,one_sample,2000,5000,endpointPRBCD,0.001,0.001,10,15,0.8,1000,2000000,True,False,200,extendedPlotting/lpEndpointHitRate
1779606453-accuracy_drop_selector_one_sample_endpointPRBCD-seed1-eps0.1-bs10000-semi1-ep100-ft50,accuracy_drop_selector_one_sample_endpointPRBCD_nc15,1,95,0.6280632615089417,-0.29298219084739685,2362.0,801.42919921875,798.00048828125,True,0.1,accuracy_drop_selector,10000,100,50,WeightOnly,100000,True,tanhMargin,one_sample,2000,5000,endpointPRBCD,0.001,0.001,10,15,0.8,1000,2000000,True,False,200,extendedPlotting/lpEndpointHitRate
1779606453-accuracy_drop_selector_one_sample_endpointPRBCD-seed1-eps0.1-bs10000-semi1-ep100-ft50,accuracy_drop_selector_one_sample_endpointPRBCD_nc15,1,96,0.6280632615089417,-0.29285797476768494,2358.0,801.3773193359375,797.9909057617188,True,0.1,accuracy_drop_selector,10000,100,50,WeightOnly,100000,True,tanhMargin,one_sample,2000,5000,endpointPRBCD,0.001,0.001,10,15,0.8,1000,2000000,True,False,200,extendedPlotting/lpEndpointHitRate
1779606453-accuracy_drop_selector_one_sample_endpointPRBCD-seed1-eps0.1-bs10000-semi1-ep100-ft50,accuracy_drop_selector_one_sample_endpointPRBCD_nc15,1,97,0.6280632615089417,-0.2927640974521637,2353.0,801.328369140625,798.0150756835938,True,0.1,accuracy_drop_selector,10000,100,50,WeightOnly,100000,True,tanhMargin,one_sample,2000,5000,endpointPRBCD,0.001,0.001,10,15,0.8,1000,2000000,True,False,200,extendedPlotting/lpEndpointHitRate
1779606453-accuracy_drop_selector_one_sample_endpointPRBCD-seed1-eps0.1-bs10000-semi1-ep100-ft50,accuracy_drop_selector_one_sample_endpointPRBCD_nc15,1,98,0.6280632615089417,-0.2926355004310608,2351.0,801.3132934570312,798.0091552734375,True,0.1,accuracy_drop_selector,10000,100,50,WeightOnly,100000,True,tanhMargin,one_sample,2000,5000,endpointPRBCD,0.001,0.001,10,15,0.8,1000,2000000,True,False,200,extendedPlotting/lpEndpointHitRate
1779606453-accuracy_drop_selector_one_sample_endpointPRBCD-seed1-eps0.1-bs10000-semi1-ep100-ft50,accuracy_drop_selector_one_sample_endpointPRBCD_nc15,1,99,0.6280632615089417,-0.29251617193222046,2348.0,801.2695922851562,797.9921875,True,0.1,accuracy_drop_selector,10000,100,50,WeightOnly,100000,True,tanhMargin,one_sample,2000,5000,endpointPRBCD,0.001,0.001,10,15,0.8,1000,2000000,True,False,200,extendedPlotting/lpEndpointHitRate
1779606453-accuracy_drop_selector_one_sample_endpointPRBCD-seed1-eps0.1-bs10000-semi1-ep100-ft50,accuracy_drop_selector_one_sample_endpointPRBCD_nc15,1,100,0.6276679635047913,-0.2924027740955353,2345.0,801.219970703125,798.0076904296875,True,0.1,accuracy_drop_selector,10000,100,50,WeightOnly,100000,True,tanhMargin,one_sample,2000,5000,endpointPRBCD,0.001,0.001,10,15,0.8,1000,2000000,True,False,200,extendedPlotting/lpEndpointHitRate
1779606453-accuracy_drop_selector_one_sample_endpointPRBCD-seed1-eps0.1-bs10000-semi1-ep100-ft50,accuracy_drop_selector_one_sample_endpointPRBCD_nc15,1,101,0.6276679635047913,-0.29231446981430054,2342.0,801.2014770507812,797.9878540039062,True,0.1,accuracy_drop_selector,10000,100,50,WeightOnly,100000,True,tanhMargin,one_sample,2000,5000,endpointPRBCD,0.001,0.001,10,15,0.8,1000,2000000,True,False,200,extendedPlotting/lpEndpointHitRate
1779624137-accuracy_drop_selector_one_sample_endpoint-seed1-eps0.1-bs10000-semi1-ep100-ft50,accuracy_drop_selector_one_sample_endpoint,1,0,0.8324110507965088,-0.6408612132072449,0.0,0.0,0.0,True,0.1,accuracy_drop_selector,10000,100,50,WeightOnly,100000,True,tanhMargin,one_sample,2000,5000,endpoint,0.001,0.001,10,0,0.8,1000,2000000,True,False,200,extendedPlotting/lpEndpointHitRate
1779624137-accuracy_drop_selector_one_sample_endpoint-seed1-eps0.1-bs10000-semi1-ep100-ft50,accuracy_drop_selector_one_sample_endpoint,1,1,0.8221343755722046,-0.6408487558364868,5467.0,37.03279495239258,37.03279495239258,True,0.1,accuracy_drop_selector,10000,100,50,WeightOnly,100000,True,tanhMargin,one_sample,2000,5000,endpoint,0.001,0.001,10,0,0.8,1000,2000000,True,False,200,extendedPlotting/lpEndpointHitRate
1779624137-accuracy_drop_selector_one_sample_endpoint-seed1-eps0.1-bs10000-semi1-ep100-ft50,accuracy_drop_selector_one_sample_endpoint,1,2,0.7952569127082825,-0.6292155981063843,7335.0,110.82686614990234,110.82686614990234,True,0.1,accuracy_drop_selector,10000,100,50,WeightOnly,100000,True,tanhMargin,one_sample,2000,5000,endpoint,0.001,0.001,10,0,0.8,1000,2000000,True,False,200,extendedPlotting/lpEndpointHitRate
1779624137-accuracy_drop_selector_one_sample_endpoint-seed1-eps0.1-bs10000-semi1-ep100-ft50,accuracy_drop_selector_one_sample_endpoint,1,3,0.7822134494781494,-0.5910858511924744,7065.0,157.99009704589844,157.99009704589844,True,0.1,accuracy_drop_selector,10000,100,50,WeightOnly,100000,True,tanhMargin,one_sample,2000,5000,endpoint,0.001,0.001,10,0,0.8,1000,2000000,True,False,200,extendedPlotting/lpEndpointHitRate
1779624137-accuracy_drop_selector_one_sample_endpoint-seed1-eps0.1-bs10000-semi1-ep100-ft50,accuracy_drop_selector_one_sample_endpoint,1,4,0.7715414762496948,-0.5663720369338989,6933.0,204.14755249023438,204.14755249023438,True,0.1,accuracy_drop_selector,10000,100,50,WeightOnly,100000,True,tanhMargin,one_sample,2000,5000,endpoint,0.001,0.001,10,0,0.8,1000,2000000,True,False,200,extendedPlotting/lpEndpointHitRate
1779624137-accuracy_drop_selector_one_sample_endpoint-seed1-eps0.1-bs10000-semi1-ep100-ft50,accuracy_drop_selector_one_sample_endpoint,1,5,0.7577075362205505,-0.5431211590766907,6860.0,247.54278564453125,247.54278564453125,True,0.1,accuracy_drop_selector,10000,100,50,WeightOnly,100000,True,tanhMargin,one_sample,2000,5000,endpoint,0.001,0.001,10,0,0.8,1000,2000000,True,False,200,extendedPlotting/lpEndpointHitRate
1779624137-accuracy_drop_selector_one_sample_endpoint-seed1-eps0.1-bs10000-semi1-ep100-ft50,accuracy_drop_selector_one_sample_endpoint,1,6,0.7494071125984192,-0.5235387086868286,6729.0,285.4359130859375,285.4359130859375,True,0.1,accuracy_drop_selector,10000,100,50,WeightOnly,100000,True,tanhMargin,one_sample,2000,5000,endpoint,0.001,0.001,10,0,0.8,1000,2000000,True,False,200,extendedPlotting/lpEndpointHitRate
1779624137-accuracy_drop_selector_one_sample_endpoint-seed1-eps0.1-bs10000-semi1-ep100-ft50,accuracy_drop_selector_one_sample_endpoint,1,7,0.7434782385826111,-0.5086401700973511,6609.0,320.84375,320.84375,True,0.1,accuracy_drop_selector,10000,100,50,WeightOnly,100000,True,tanhMargin,one_sample,2000,5000,endpoint,0.001,0.001,10,0,0.8,1000,2000000,True,False,200,extendedPlotting/lpEndpointHitRate
1779624137-accuracy_drop_selector_one_sample_endpoint-seed1-eps0.1-bs10000-semi1-ep100-ft50,accuracy_drop_selector_one_sample_endpoint,1,8,0.7335968613624573,-0.49448469281196594,6557.0,354.73394775390625,354.73394775390625,True,0.1,accuracy_drop_selector,10000,100,50,WeightOnly,100000,True,tanhMargin,one_sample,2000,5000,endpoint,0.001,0.001,10,0,0.8,1000,2000000,True,False,200,extendedPlotting/lpEndpointHitRate
1779624137-accuracy_drop_selector_one_sample_endpoint-seed1-eps0.1-bs10000-semi1-ep100-ft50,accuracy_drop_selector_one_sample_endpoint,1,9,0.7296442985534668,-0.4806881844997406,6425.0,385.7055358886719,385.6909484863281,True,0.1,accuracy_drop_selector,10000,100,50,WeightOnly,100000,True,tanhMargin,one_sample,2000,5000,endpoint,0.001,0.001,10,0,0.8,1000,2000000,True,False,200,extendedPlotting/lpEndpointHitRate
1779624137-accuracy_drop_selector_one_sample_endpoint-seed1-eps0.1-bs10000-semi1-ep100-ft50,accuracy_drop_selector_one_sample_endpoint,1,10,0.7241106629371643,-0.4694739878177643,6412.0,414.91241455078125,414.83770751953125,True,0.1,accuracy_drop_selector,10000,100,50,WeightOnly,100000,True,tanhMargin,one_sample,2000,5000,endpoint,0.001,0.001,10,0,0.8,1000,2000000,True,False,200,extendedPlotting/lpEndpointHitRate
1779624137-accuracy_drop_selector_one_sample_endpoint-seed1-eps0.1-bs10000-semi1-ep100-ft50,accuracy_drop_selector_one_sample_endpoint,1,11,0.7193675637245178,-0.4602920114994049,6398.0,442.4031677246094,442.3299255371094,True,0.1,accuracy_drop_selector,10000,100,50,WeightOnly,100000,True,tanhMargin,one_sample,2000,5000,endpoint,0.001,0.001,10,0,0.8,1000,2000000,True,False,200,extendedPlotting/lpEndpointHitRate
1779624137-accuracy_drop_selector_one_sample_endpoint-seed1-eps0.1-bs10000-semi1-ep100-ft50,accuracy_drop_selector_one_sample_endpoint,1,12,0.7158102989196777,-0.4517483413219452,6352.0,468.5367126464844,468.4390869140625,True,0.1,accuracy_drop_selector,10000,100,50,WeightOnly,100000,True,tanhMargin,one_sample,2000,5000,endpoint,0.001,0.001,10,0,0.8,1000,2000000,True,False,200,extendedPlotting/lpEndpointHitRate
1779624137-accuracy_drop_selector_one_sample_endpoint-seed1-eps0.1-bs10000-semi1-ep100-ft50,accuracy_drop_selector_one_sample_endpoint,1,13,0.7122529745101929,-0.44434770941734314,6392.0,494.873291015625,494.755615234375,True,0.1,accuracy_drop_selector,10000,100,50,WeightOnly,100000,True,tanhMargin,one_sample,2000,5000,endpoint,0.001,0.001,10,0,0.8,1000,2000000,True,False,200,extendedPlotting/lpEndpointHitRate
1779624137-accuracy_drop_selector_one_sample_endpoint-seed1-eps0.1-bs10000-semi1-ep100-ft50,accuracy_drop_selector_one_sample_endpoint,1,14,0.7090908885002136,-0.43719032406806946,6375.0,521.0114135742188,520.8935546875,True,0.1,accuracy_drop_selector,10000,100,50,WeightOnly,100000,True,tanhMargin,one_sample,2000,5000,endpoint,0.001,0.001,10,0,0.8,1000,2000000,True,False,200,extendedPlotting/lpEndpointHitRate
1779624137-accuracy_drop_selector_one_sample_endpoint-seed1-eps0.1-bs10000-semi1-ep100-ft50,accuracy_drop_selector_one_sample_endpoint,1,15,0.7075098752975464,-0.42999783158302307,6362.0,546.102783203125,545.9737548828125,True,0.1,accuracy_drop_selector,10000,100,50,WeightOnly,100000,True,tanhMargin,one_sample,2000,5000,endpoint,0.001,0.001,10,0,0.8,1000,2000000,True,False,200,extendedPlotting/lpEndpointHitRate
1779624137-accuracy_drop_selector_one_sample_endpoint-seed1-eps0.1-bs10000-semi1-ep100-ft50,accuracy_drop_selector_one_sample_endpoint,1,16,0.7003952860832214,-0.42321503162384033,6259.0,570.634521484375,570.50244140625,True,0.1,accuracy_drop_selector,10000,100,50,WeightOnly,100000,True,tanhMargin,one_sample,2000,5000,endpoint,0.001,0.001,10,0,0.8,1000,2000000,True,False,200,extendedPlotting/lpEndpointHitRate
1779624137-accuracy_drop_selector_one_sample_endpoint-seed1-eps0.1-bs10000-semi1-ep100-ft50,accuracy_drop_selector_one_sample_endpoint,1,17,0.695652186870575,-0.4156956970691681,6267.0,595.29052734375,595.1506958007812,True,0.1,accuracy_drop_selector,10000,100,50,WeightOnly,100000,True,tanhMargin,one_sample,2000,5000,endpoint,0.001,0.001,10,0,0.8,1000,2000000,True,False,200,extendedPlotting/lpEndpointHitRate
1779624137-accuracy_drop_selector_one_sample_endpoint-seed1-eps0.1-bs10000-semi1-ep100-ft50,accuracy_drop_selector_one_sample_endpoint,1,18,0.6909090876579285,-0.4078713655471802,6254.0,619.0255126953125,618.884521484375,True,0.1,accuracy_drop_selector,10000,100,50,WeightOnly,100000,True,tanhMargin,one_sample,2000,5000,endpoint,0.001,0.001,10,0,0.8,1000,2000000,True,False,200,extendedPlotting/lpEndpointHitRate
1779624137-accuracy_drop_selector_one_sample_endpoint-seed1-eps0.1-bs10000-semi1-ep100-ft50,accuracy_drop_selector_one_sample_endpoint,1,19,0.6889328360557556,-0.4013039469718933,6237.0,641.8153076171875,641.6129150390625,True,0.1,accuracy_drop_selector,10000,100,50,WeightOnly,100000,True,tanhMargin,one_sample,2000,5000,endpoint,0.001,0.001,10,0,0.8,1000,2000000,True,False,200,extendedPlotting/lpEndpointHitRate
1779624137-accuracy_drop_selector_one_sample_endpoint-seed1-eps0.1-bs10000-semi1-ep100-ft50,accuracy_drop_selector_one_sample_endpoint,1,20,0.6853755116462708,-0.39573580026626587,6169.0,663.9276123046875,663.6973876953125,True,0.1,accuracy_drop_selector,10000,100,50,WeightOnly,100000,True,tanhMargin,one_sample,2000,5000,endpoint,0.001,0.001,10,0,0.8,1000,2000000,True,False,200,extendedPlotting/lpEndpointHitRate
1779624137-accuracy_drop_selector_one_sample_endpoint-seed1-eps0.1-bs10000-semi1-ep100-ft50,accuracy_drop_selector_one_sample_endpoint,1,21,0.6822134256362915,-0.39069387316703796,6141.0,685.8994140625,685.6345825195312,True,0.1,accuracy_drop_selector,10000,100,50,WeightOnly,100000,True,tanhMargin,one_sample,2000,5000,endpoint,0.001,0.001,10,0,0.8,1000,2000000,True,False,200,extendedPlotting/lpEndpointHitRate
1779624137-accuracy_drop_selector_one_sample_endpoint-seed1-eps0.1-bs10000-semi1-ep100-ft50,accuracy_drop_selector_one_sample_endpoint,1,22,0.6806324124336243,-0.3857940435409546,6147.0,707.7009887695312,707.3961181640625,True,0.1,accuracy_drop_selector,10000,100,50,WeightOnly,100000,True,tanhMargin,one_sample,2000,5000,endpoint,0.001,0.001,10,0,0.8,1000,2000000,True,False,200,extendedPlotting/lpEndpointHitRate
1779624137-accuracy_drop_selector_one_sample_endpoint-seed1-eps0.1-bs10000-semi1-ep100-ft50,accuracy_drop_selector_one_sample_endpoint,1,23,0.678260862827301,-0.38069552183151245,6106.0,729.05126953125,728.70263671875,True,0.1,accuracy_drop_selector,10000,100,50,WeightOnly,100000,True,tanhMargin,one_sample,2000,5000,endpoint,0.001,0.001,10,0,0.8,1000,2000000,True,False,200,extendedPlotting/lpEndpointHitRate
1779624137-accuracy_drop_selector_one_sample_endpoint-seed1-eps0.1-bs10000-semi1-ep100-ft50,accuracy_drop_selector_one_sample_endpoint,1,24,0.6739130616188049,-0.3758317828178406,6072.0,749.7118530273438,749.3084716796875,True,0.1,accuracy_drop_selector,10000,100,50,WeightOnly,100000,True,tanhMargin,one_sample,2000,5000,endpoint,0.001,0.001,10,0,0.8,1000,2000000,True,False,200,extendedPlotting/lpEndpointHitRate
1779624137-accuracy_drop_selector_one_sample_endpoint-seed1-eps0.1-bs10000-semi1-ep100-ft50,accuracy_drop_selector_one_sample_endpoint,1,25,0.6707509756088257,-0.3715221881866455,6132.0,769.9144287109375,769.38134765625,True,0.1,accuracy_drop_selector,10000,100,50,WeightOnly,100000,True,tanhMargin,one_sample,2000,5000,endpoint,0.001,0.001,10,0,0.8,1000,2000000,True,False,200,extendedPlotting/lpEndpointHitRate
1779624137-accuracy_drop_selector_one_sample_endpoint-seed1-eps0.1-bs10000-semi1-ep100-ft50,accuracy_drop_selector_one_sample_endpoint,1,26,0.6691699624061584,-0.36737561225891113,6063.0,789.212890625,788.579833984375,True,0.1,accuracy_drop_selector,10000,100,50,WeightOnly,100000,True,tanhMargin,one_sample,2000,5000,endpoint,0.001,0.001,10,0,0.8,1000,2000000,True,False,200,extendedPlotting/lpEndpointHitRate
1779624137-accuracy_drop_selector_one_sample_endpoint-seed1-eps0.1-bs10000-semi1-ep100-ft50,accuracy_drop_selector_one_sample_endpoint,1,27,0.6675889492034912,-0.3634754419326782,5275.0,808.0219116210938,798.0402221679688,True,0.1,accuracy_drop_selector,10000,100,50,WeightOnly,100000,True,tanhMargin,one_sample,2000,5000,endpoint,0.001,0.001,10,0,0.8,1000,2000000,True,False,200,extendedPlotting/lpEndpointHitRate
1779624137-accuracy_drop_selector_one_sample_endpoint-seed1-eps0.1-bs10000-semi1-ep100-ft50,accuracy_drop_selector_one_sample_endpoint,1,28,0.6660078763961792,-0.3597431778907776,4985.0,818.7179565429688,797.9976806640625,True,0.1,accuracy_drop_selector,10000,100,50,WeightOnly,100000,True,tanhMargin,one_sample,2000,5000,endpoint,0.001,0.001,10,0,0.8,1000,2000000,True,False,200,extendedPlotting/lpEndpointHitRate
1779624137-accuracy_drop_selector_one_sample_endpoint-seed1-eps0.1-bs10000-semi1-ep100-ft50,accuracy_drop_selector_one_sample_endpoint,1,29,0.665217399597168,-0.3564283847808838,4893.0,819.4015502929688,797.9854736328125,True,0.1,accuracy_drop_selector,10000,100,50,WeightOnly,100000,True,tanhMargin,one_sample,2000,5000,endpoint,0.001,0.001,10,0,0.8,1000,2000000,True,False,200,extendedPlotting/lpEndpointHitRate
1779624137-accuracy_drop_selector_one_sample_endpoint-seed1-eps0.1-bs10000-semi1-ep100-ft50,accuracy_drop_selector_one_sample_endpoint,1,30,0.6632410883903503,-0.35347437858581543,4796.0,820.1321411132812,797.9721069335938,True,0.1,accuracy_drop_selector,10000,100,50,WeightOnly,100000,True,tanhMargin,one_sample,2000,5000,endpoint,0.001,0.001,10,0,0.8,1000,2000000,True,False,200,extendedPlotting/lpEndpointHitRate
1779624137-accuracy_drop_selector_one_sample_endpoint-seed1-eps0.1-bs10000-semi1-ep100-ft50,accuracy_drop_selector_one_sample_endpoint,1,31,0.6596838235855103,-0.35054340958595276,4676.0,820.8792724609375,797.9673461914062,True,0.1,accuracy_drop_selector,10000,100,50,WeightOnly,100000,True,tanhMargin,one_sample,2000,5000,endpoint,0.001,0.001,10,0,0.8,1000,2000000,True,False,200,extendedPlotting/lpEndpointHitRate
1779624137-accuracy_drop_selector_one_sample_endpoint-seed1-eps0.1-bs10000-semi1-ep100-ft50,accuracy_drop_selector_one_sample_endpoint,1,32,0.6581027507781982,-0.3472972810268402,4568.0,821.2753295898438,797.9846801757812,True,0.1,accuracy_drop_selector,10000,100,50,WeightOnly,100000,True,tanhMargin,one_sample,2000,5000,endpoint,0.001,0.001,10,0,0.8,1000,2000000,True,False,200,extendedPlotting/lpEndpointHitRate
1779624137-accuracy_drop_selector_one_sample_endpoint-seed1-eps0.1-bs10000-semi1-ep100-ft50,accuracy_drop_selector_one_sample_endpoint,1,33,0.656521737575531,-0.3440961241722107,4469.0,820.8623657226562,798.0347900390625,True,0.1,accuracy_drop_selector,10000,100,50,WeightOnly,100000,True,tanhMargin,one_sample,2000,5000,endpoint,0.001,0.001,10,0,0.8,1000,2000000,True,False,200,extendedPlotting/lpEndpointHitRate
1779624137-accuracy_drop_selector_one_sample_endpoint-seed1-eps0.1-bs10000-semi1-ep100-ft50,accuracy_drop_selector_one_sample_endpoint,1,34,0.6561264991760254,-0.3415415585041046,4360.0,820.8231201171875,798.0159301757812,True,0.1,accuracy_drop_selector,10000,100,50,WeightOnly,100000,True,tanhMargin,one_sample,2000,5000,endpoint,0.001,0.001,10,0,0.8,1000,2000000,True,False,200,extendedPlotting/lpEndpointHitRate
1779624137-accuracy_drop_selector_one_sample_endpoint-seed1-eps0.1-bs10000-semi1-ep100-ft50,accuracy_drop_selector_one_sample_endpoint,1,35,0.6549407243728638,-0.33898717164993286,4243.0,820.76806640625,798.0277099609375,True,0.1,accuracy_drop_selector,10000,100,50,WeightOnly,100000,True,tanhMargin,one_sample,2000,5000,endpoint,0.001,0.001,10,0,0.8,1000,2000000,True,False,200,extendedPlotting/lpEndpointHitRate
1779624137-accuracy_drop_selector_one_sample_endpoint-seed1-eps0.1-bs10000-semi1-ep100-ft50,accuracy_drop_selector_one_sample_endpoint,1,36,0.6537549495697021,-0.3369189500808716,4132.0,820.7979736328125,797.979248046875,True,0.1,accuracy_drop_selector,10000,100,50,WeightOnly,100000,True,tanhMargin,one_sample,2000,5000,endpoint,0.001,0.001,10,0,0.8,1000,2000000,True,False,200,extendedPlotting/lpEndpointHitRate
1779624137-accuracy_drop_selector_one_sample_endpoint-seed1-eps0.1-bs10000-semi1-ep100-ft50,accuracy_drop_selector_one_sample_endpoint,1,37,0.6529644131660461,-0.3347650170326233,4028.0,821.1400146484375,797.9879760742188,True,0.1,accuracy_drop_selector,10000,100,50,WeightOnly,100000,True,tanhMargin,one_sample,2000,5000,endpoint,0.001,0.001,10,0,0.8,1000,2000000,True,False,200,extendedPlotting/lpEndpointHitRate
1779624137-accuracy_drop_selector_one_sample_endpoint-seed1-eps0.1-bs10000-semi1-ep100-ft50,accuracy_drop_selector_one_sample_endpoint,1,38,0.6490118503570557,-0.33237457275390625,3903.0,821.668212890625,797.9734497070312,True,0.1,accuracy_drop_selector,10000,100,50,WeightOnly,100000,True,tanhMargin,one_sample,2000,5000,endpoint,0.001,0.001,10,0,0.8,1000,2000000,True,False,200,extendedPlotting/lpEndpointHitRate
1779624137-accuracy_drop_selector_one_sample_endpoint-seed1-eps0.1-bs10000-semi1-ep100-ft50,accuracy_drop_selector_one_sample_endpoint,1,39,0.6490118503570557,-0.32952943444252014,3812.0,821.4533081054688,797.984619140625,True,0.1,accuracy_drop_selector,10000,100,50,WeightOnly,100000,True,tanhMargin,one_sample,2000,5000,endpoint,0.001,0.001,10,0,0.8,1000,2000000,True,False,200,extendedPlotting/lpEndpointHitRate
1779624137-accuracy_drop_selector_one_sample_endpoint-seed1-eps0.1-bs10000-semi1-ep100-ft50,accuracy_drop_selector_one_sample_endpoint,1,40,0.647826075553894,-0.32717207074165344,3717.0,820.9826049804688,798.0123291015625,True,0.1,accuracy_drop_selector,10000,100,50,WeightOnly,100000,True,tanhMargin,one_sample,2000,5000,endpoint,0.001,0.001,10,0,0.8,1000,2000000,True,False,200,extendedPlotting/lpEndpointHitRate
1779624137-accuracy_drop_selector_one_sample_endpoint-seed1-eps0.1-bs10000-semi1-ep100-ft50,accuracy_drop_selector_one_sample_endpoint,1,41,0.6474308371543884,-0.32517209649086,3630.0,821.173095703125,798.0240478515625,True,0.1,accuracy_drop_selector,10000,100,50,WeightOnly,100000,True,tanhMargin,one_sample,2000,5000,endpoint,0.001,0.001,10,0,0.8,1000,2000000,True,False,200,extendedPlotting/lpEndpointHitRate
1779624137-accuracy_drop_selector_one_sample_endpoint-seed1-eps0.1-bs10000-semi1-ep100-ft50,accuracy_drop_selector_one_sample_endpoint,1,42,0.6466403007507324,-0.32331913709640503,3534.0,821.0166015625,798.0009155273438,True,0.1,accuracy_drop_selector,10000,100,50,WeightOnly,100000,True,tanhMargin,one_sample,2000,5000,endpoint,0.001,0.001,10,0,0.8,1000,2000000,True,False,200,extendedPlotting/lpEndpointHitRate
1779624137-accuracy_drop_selector_one_sample_endpoint-seed1-eps0.1-bs10000-semi1-ep100-ft50,accuracy_drop_selector_one_sample_endpoint,1,43,0.6462450623512268,-0.3215300738811493,3458.0,821.2528686523438,798.0147705078125,True,0.1,accuracy_drop_selector,10000,100,50,WeightOnly,100000,True,tanhMargin,one_sample,2000,5000,endpoint,0.001,0.001,10,0,0.8,1000,2000000,True,False,200,extendedPlotting/lpEndpointHitRate
1779624137-accuracy_drop_selector_one_sample_endpoint-seed1-eps0.1-bs10000-semi1-ep100-ft50,accuracy_drop_selector_one_sample_endpoint,1,44,0.6450592875480652,-0.3198719024658203,3397.0,821.3175659179688,797.9981079101562,True,0.1,accuracy_drop_selector,10000,100,50,WeightOnly,100000,True,tanhMargin,one_sample,2000,5000,endpoint,0.001,0.001,10,0,0.8,1000,2000000,True,False,200,extendedPlotting/lpEndpointHitRate
1779624137-accuracy_drop_selector_one_sample_endpoint-seed1-eps0.1-bs10000-semi1-ep100-ft50,accuracy_drop_selector_one_sample_endpoint,1,45,0.6430829763412476,-0.31818556785583496,3317.0,821.5614624023438,797.9931640625,True,0.1,accuracy_drop_selector,10000,100,50,WeightOnly,100000,True,tanhMargin,one_sample,2000,5000,endpoint,0.001,0.001,10,0,0.8,1000,2000000,True,False,200,extendedPlotting/lpEndpointHitRate
1779624137-accuracy_drop_selector_one_sample_endpoint-seed1-eps0.1-bs10000-semi1-ep100-ft50,accuracy_drop_selector_one_sample_endpoint,1,46,0.6418972611427307,-0.31645888090133667,3245.0,821.5695190429688,797.9871215820312,True,0.1,accuracy_drop_selector,10000,100,50,WeightOnly,100000,True,tanhMargin,one_sample,2000,5000,endpoint,0.001,0.001,10,0,0.8,1000,2000000,True,False,200,extendedPlotting/lpEndpointHitRate
1779624137-accuracy_drop_selector_one_sample_endpoint-seed1-eps0.1-bs10000-semi1-ep100-ft50,accuracy_drop_selector_one_sample_endpoint,1,47,0.6415019631385803,-0.31477075815200806,3193.0,821.6495361328125,798.0170288085938,True,0.1,accuracy_drop_selector,10000,100,50,WeightOnly,100000,True,tanhMargin,one_sample,2000,5000,endpoint,0.001,0.001,10,0,0.8,1000,2000000,True,False,200,extendedPlotting/lpEndpointHitRate
1779624137-accuracy_drop_selector_one_sample_endpoint-seed1-eps0.1-bs10000-semi1-ep100-ft50,accuracy_drop_selector_one_sample_endpoint,1,48,0.6415019631385803,-0.3131757378578186,3141.0,821.869140625,797.9877319335938,True,0.1,accuracy_drop_selector,10000,100,50,WeightOnly,100000,True,tanhMargin,one_sample,2000,5000,endpoint,0.001,0.001,10,0,0.8,1000,2000000,True,False,200,extendedPlotting/lpEndpointHitRate
1779624137-accuracy_drop_selector_one_sample_endpoint-seed1-eps0.1-bs10000-semi1-ep100-ft50,accuracy_drop_selector_one_sample_endpoint,1,49,0.6395257115364075,-0.31162992119789124,3082.0,821.81982421875,797.9844970703125,True,0.1,accuracy_drop_selector,10000,100,50,WeightOnly,100000,True,tanhMargin,one_sample,2000,5000,endpoint,0.001,0.001,10,0,0.8,1000,2000000,True,False,200,extendedPlotting/lpEndpointHitRate
1779624137-accuracy_drop_selector_one_sample_endpoint-seed1-eps0.1-bs10000-semi1-ep100-ft50,accuracy_drop_selector_one_sample_endpoint,1,50,0.6379446387290955,-0.31012260913848877,3031.0,821.8165893554688,797.9979248046875,True,0.1,accuracy_drop_selector,10000,100,50,WeightOnly,100000,True,tanhMargin,one_sample,2000,5000,endpoint,0.001,0.001,10,0,0.8,1000,2000000,True,False,200,extendedPlotting/lpEndpointHitRate
1779624137-accuracy_drop_selector_one_sample_endpoint-seed1-eps0.1-bs10000-semi1-ep100-ft50,accuracy_drop_selector_one_sample_endpoint,1,51,0.6379446387290955,-0.30872711539268494,2969.0,821.6305541992188,798.0022583007812,True,0.1,accuracy_drop_selector,10000,100,50,WeightOnly,100000,True,tanhMargin,one_sample,2000,5000,endpoint,0.001,0.001,10,0,0.8,1000,2000000,True,False,200,extendedPlotting/lpEndpointHitRate
1779624137-accuracy_drop_selector_one_sample_endpoint-seed1-eps0.1-bs10000-semi1-ep100-ft50,accuracy_drop_selector_one_sample_endpoint,1,52,0.6375494003295898,-0.30743804574012756,2931.0,814.5775146484375,797.9927978515625,True,0.1,accuracy_drop_selector,10000,100,50,WeightOnly,100000,True,tanhMargin,one_sample,2000,5000,endpoint,0.001,0.001,10,0,0.8,1000,2000000,True,False,200,extendedPlotting/lpEndpointHitRate
1779624137-accuracy_drop_selector_one_sample_endpoint-seed1-eps0.1-bs10000-semi1-ep100-ft50,accuracy_drop_selector_one_sample_endpoint,1,53,0.6371541619300842,-0.3066624701023102,2902.0,811.459228515625,797.9923706054688,True,0.1,accuracy_drop_selector,10000,100,50,WeightOnly,100000,True,tanhMargin,one_sample,2000,5000,endpoint,0.001,0.001,10,0,0.8,1000,2000000,True,False,200,extendedPlotting/lpEndpointHitRate
1779624137-accuracy_drop_selector_one_sample_endpoint-seed1-eps0.1-bs10000-semi1-ep100-ft50,accuracy_drop_selector_one_sample_endpoint,1,54,0.6371541619300842,-0.30593618750572205,2882.0,809.6026611328125,797.998779296875,True,0.1,accuracy_drop_selector,10000,100,50,WeightOnly,100000,True,tanhMargin,one_sample,2000,5000,endpoint,0.001,0.001,10,0,0.8,1000,2000000,True,False,200,extendedPlotting/lpEndpointHitRate
1779624137-accuracy_drop_selector_one_sample_endpoint-seed1-eps0.1-bs10000-semi1-ep100-ft50,accuracy_drop_selector_one_sample_endpoint,1,55,0.6363636255264282,-0.3054134249687195,2851.0,808.3511962890625,798.0059814453125,True,0.1,accuracy_drop_selector,10000,100,50,WeightOnly,100000,True,tanhMargin,one_sample,2000,5000,endpoint,0.001,0.001,10,0,0.8,1000,2000000,True,False,200,extendedPlotting/lpEndpointHitRate
1779624137-accuracy_drop_selector_one_sample_endpoint-seed1-eps0.1-bs10000-semi1-ep100-ft50,accuracy_drop_selector_one_sample_endpoint,1,56,0.6359683871269226,-0.30498337745666504,2832.0,807.4171752929688,797.9978637695312,True,0.1,accuracy_drop_selector,10000,100,50,WeightOnly,100000,True,tanhMargin,one_sample,2000,5000,endpoint,0.001,0.001,10,0,0.8,1000,2000000,True,False,200,extendedPlotting/lpEndpointHitRate
1779624137-accuracy_drop_selector_one_sample_endpoint-seed1-eps0.1-bs10000-semi1-ep100-ft50,accuracy_drop_selector_one_sample_endpoint,1,57,0.6359683871269226,-0.304544061422348,2808.0,806.6947631835938,798.0176391601562,True,0.1,accuracy_drop_selector,10000,100,50,WeightOnly,100000,True,tanhMargin,one_sample,2000,5000,endpoint,0.001,0.001,10,0,0.8,1000,2000000,True,False,200,extendedPlotting/lpEndpointHitRate
1779624137-accuracy_drop_selector_one_sample_endpoint-seed1-eps0.1-bs10000-semi1-ep100-ft50,accuracy_drop_selector_one_sample_endpoint,1,58,0.6359683871269226,-0.3041319251060486,2792.0,806.146240234375,797.9978637695312,True,0.1,accuracy_drop_selector,10000,100,50,WeightOnly,100000,True,tanhMargin,one_sample,2000,5000,endpoint,0.001,0.001,10,0,0.8,1000,2000000,True,False,200,extendedPlotting/lpEndpointHitRate
1779624137-accuracy_drop_selector_one_sample_endpoint-seed1-eps0.1-bs10000-semi1-ep100-ft50,accuracy_drop_selector_one_sample_endpoint,1,59,0.635573148727417,-0.30368873476982117,2770.0,805.640869140625,797.991455078125,True,0.1,accuracy_drop_selector,10000,100,50,WeightOnly,100000,True,tanhMargin,one_sample,2000,5000,endpoint,0.001,0.001,10,0,0.8,1000,2000000,True,False,200,extendedPlotting/lpEndpointHitRate
1779624137-accuracy_drop_selector_one_sample_endpoint-seed1-eps0.1-bs10000-semi1-ep100-ft50,accuracy_drop_selector_one_sample_endpoint,1,60,0.635573148727417,-0.303332656621933,2762.0,805.2250366210938,798.0086669921875,True,0.1,accuracy_drop_selector,10000,100,50,WeightOnly,100000,True,tanhMargin,one_sample,2000,5000,endpoint,0.001,0.001,10,0,0.8,1000,2000000,True,False,200,extendedPlotting/lpEndpointHitRate
1779624137-accuracy_drop_selector_one_sample_endpoint-seed1-eps0.1-bs10000-semi1-ep100-ft50,accuracy_drop_selector_one_sample_endpoint,1,61,0.635573148727417,-0.3030238449573517,2743.0,804.8863525390625,798.0135498046875,True,0.1,accuracy_drop_selector,10000,100,50,WeightOnly,100000,True,tanhMargin,one_sample,2000,5000,endpoint,0.001,0.001,10,0,0.8,1000,2000000,True,False,200,extendedPlotting/lpEndpointHitRate
1779624137-accuracy_drop_selector_one_sample_endpoint-seed1-eps0.1-bs10000-semi1-ep100-ft50,accuracy_drop_selector_one_sample_endpoint,1,62,0.635573148727417,-0.3027724027633667,2732.0,804.59130859375,797.9989013671875,True,0.1,accuracy_drop_selector,10000,100,50,WeightOnly,100000,True,tanhMargin,one_sample,2000,5000,endpoint,0.001,0.001,10,0,0.8,1000,2000000,True,False,200,extendedPlotting/lpEndpointHitRate
1779624137-accuracy_drop_selector_one_sample_endpoint-seed1-eps0.1-bs10000-semi1-ep100-ft50,accuracy_drop_selector_one_sample_endpoint,1,63,0.635573148727417,-0.30247360467910767,2718.0,804.3067626953125,798.0198364257812,True,0.1,accuracy_drop_selector,10000,100,50,WeightOnly,100000,True,tanhMargin,one_sample,2000,5000,endpoint,0.001,0.001,10,0,0.8,1000,2000000,True,False,200,extendedPlotting/lpEndpointHitRate
1779624137-accuracy_drop_selector_one_sample_endpoint-seed1-eps0.1-bs10000-semi1-ep100-ft50,accuracy_drop_selector_one_sample_endpoint,1,64,0.6351778507232666,-0.3022024631500244,2706.0,804.0806884765625,797.9886474609375,True,0.1,accuracy_drop_selector,10000,100,50,WeightOnly,100000,True,tanhMargin,one_sample,2000,5000,endpoint,0.001,0.001,10,0,0.8,1000,2000000,True,False,200,extendedPlotting/lpEndpointHitRate
1779624137-accuracy_drop_selector_one_sample_endpoint-seed1-eps0.1-bs10000-semi1-ep100-ft50,accuracy_drop_selector_one_sample_endpoint,1,65,0.6351778507232666,-0.30197611451148987,2693.0,803.8360595703125,798.0108642578125,True,0.1,accuracy_drop_selector,10000,100,50,WeightOnly,100000,True,tanhMargin,one_sample,2000,5000,endpoint,0.001,0.001,10,0,0.8,1000,2000000,True,False,200,extendedPlotting/lpEndpointHitRate
1779624137-accuracy_drop_selector_one_sample_endpoint-seed1-eps0.1-bs10000-semi1-ep100-ft50,accuracy_drop_selector_one_sample_endpoint,1,66,0.6351778507232666,-0.30170774459838867,2684.0,803.6618041992188,798.0038452148438,True,0.1,accuracy_drop_selector,10000,100,50,WeightOnly,100000,True,tanhMargin,one_sample,2000,5000,endpoint,0.001,0.001,10,0,0.8,1000,2000000,True,False,200,extendedPlotting/lpEndpointHitRate
1779624137-accuracy_drop_selector_one_sample_endpoint-seed1-eps0.1-bs10000-semi1-ep100-ft50,accuracy_drop_selector_one_sample_endpoint,1,67,0.6351778507232666,-0.30146175622940063,2673.0,803.4805908203125,797.9912719726562,True,0.1,accuracy_drop_selector,10000,100,50,WeightOnly,100000,True,tanhMargin,one_sample,2000,5000,endpoint,0.001,0.001,10,0,0.8,1000,2000000,True,False,200,extendedPlotting/lpEndpointHitRate
1779624137-accuracy_drop_selector_one_sample_endpoint-seed1-eps0.1-bs10000-semi1-ep100-ft50,accuracy_drop_selector_one_sample_endpoint,1,68,0.6351778507232666,-0.3012528717517853,2664.0,803.3047485351562,797.9937133789062,True,0.1,accuracy_drop_selector,10000,100,50,WeightOnly,100000,True,tanhMargin,one_sample,2000,5000,endpoint,0.001,0.001,10,0,0.8,1000,2000000,True,False,200,extendedPlotting/lpEndpointHitRate
1779624137-accuracy_drop_selector_one_sample_endpoint-seed1-eps0.1-bs10000-semi1-ep100-ft50,accuracy_drop_selector_one_sample_endpoint,1,69,0.6351778507232666,-0.3010581433773041,2655.0,803.164306640625,797.9989624023438,True,0.1,accuracy_drop_selector,10000,100,50,WeightOnly,100000,True,tanhMargin,one_sample,2000,5000,endpoint,0.001,0.001,10,0,0.8,1000,2000000,True,False,200,extendedPlotting/lpEndpointHitRate
1779624137-accuracy_drop_selector_one_sample_endpoint-seed1-eps0.1-bs10000-semi1-ep100-ft50,accuracy_drop_selector_one_sample_endpoint,1,70,0.6351778507232666,-0.3008457124233246,2648.0,803.0361938476562,797.9907836914062,True,0.1,accuracy_drop_selector,10000,100,50,WeightOnly,100000,True,tanhMargin,one_sample,2000,5000,endpoint,0.001,0.001,10,0,0.8,1000,2000000,True,False,200,extendedPlotting/lpEndpointHitRate
1779624137-accuracy_drop_selector_one_sample_endpoint-seed1-eps0.1-bs10000-semi1-ep100-ft50,accuracy_drop_selector_one_sample_endpoint,1,71,0.634782612323761,-0.30067500472068787,2634.0,802.902587890625,797.9964599609375,True,0.1,accuracy_drop_selector,10000,100,50,WeightOnly,100000,True,tanhMargin,one_sample,2000,5000,endpoint,0.001,0.001,10,0,0.8,1000,2000000,True,False,200,extendedPlotting/lpEndpointHitRate
1779624137-accuracy_drop_selector_one_sample_endpoint-seed1-eps0.1-bs10000-semi1-ep100-ft50,accuracy_drop_selector_one_sample_endpoint,1,72,0.634782612323761,-0.3005141615867615,2624.0,802.7913818359375,797.9920654296875,True,0.1,accuracy_drop_selector,10000,100,50,WeightOnly,100000,True,tanhMargin,one_sample,2000,5000,endpoint,0.001,0.001,10,0,0.8,1000,2000000,True,False,200,extendedPlotting/lpEndpointHitRate
1779624137-accuracy_drop_selector_one_sample_endpoint-seed1-eps0.1-bs10000-semi1-ep100-ft50,accuracy_drop_selector_one_sample_endpoint,1,73,0.634782612323761,-0.300353467464447,2618.0,802.67919921875,797.986083984375,True,0.1,accuracy_drop_selector,10000,100,50,WeightOnly,100000,True,tanhMargin,one_sample,2000,5000,endpoint,0.001,0.001,10,0,0.8,1000,2000000,True,False,200,extendedPlotting/lpEndpointHitRate
1779624137-accuracy_drop_selector_one_sample_endpoint-seed1-eps0.1-bs10000-semi1-ep100-ft50,accuracy_drop_selector_one_sample_endpoint,1,74,0.634782612323761,-0.300218790769577,2613.0,802.5641479492188,798.0075073242188,True,0.1,accuracy_drop_selector,10000,100,50,WeightOnly,100000,True,tanhMargin,one_sample,2000,5000,endpoint,0.001,0.001,10,0,0.8,1000,2000000,True,False,200,extendedPlotting/lpEndpointHitRate
1779624137-accuracy_drop_selector_one_sample_endpoint-seed1-eps0.1-bs10000-semi1-ep100-ft50,accuracy_drop_selector_one_sample_endpoint,1,75,0.634782612323761,-0.300076961517334,2605.0,802.490234375,798.0118408203125,True,0.1,accuracy_drop_selector,10000,100,50,WeightOnly,100000,True,tanhMargin,one_sample,2000,5000,endpoint,0.001,0.001,10,0,0.8,1000,2000000,True,False,200,extendedPlotting/lpEndpointHitRate
1779624137-accuracy_drop_selector_one_sample_endpoint-seed1-eps0.1-bs10000-semi1-ep100-ft50,accuracy_drop_selector_one_sample_endpoint,1,76,0.634782612323761,-0.2999385893344879,2600.0,802.405517578125,798.0118408203125,True,0.1,accuracy_drop_selector,10000,100,50,WeightOnly,100000,True,tanhMargin,one_sample,2000,5000,endpoint,0.001,0.001,10,0,0.8,1000,2000000,True,False,200,extendedPlotting/lpEndpointHitRate
1779624137-accuracy_drop_selector_one_sample_endpoint-seed1-eps0.1-bs10000-semi1-ep100-ft50,accuracy_drop_selector_one_sample_endpoint,1,77,0.6343873739242554,-0.29980096220970154,2585.0,802.3211059570312,798.0157470703125,True,0.1,accuracy_drop_selector,10000,100,50,WeightOnly,100000,True,tanhMargin,one_sample,2000,5000,endpoint,0.001,0.001,10,0,0.8,1000,2000000,True,False,200,extendedPlotting/lpEndpointHitRate
1779624137-accuracy_drop_selector_one_sample_endpoint-seed1-eps0.1-bs10000-semi1-ep100-ft50,accuracy_drop_selector_one_sample_endpoint,1,78,0.6343873739242554,-0.29965922236442566,2577.0,802.238525390625,797.9989624023438,True,0.1,accuracy_drop_selector,10000,100,50,WeightOnly,100000,True,tanhMargin,one_sample,2000,5000,endpoint,0.001,0.001,10,0,0.8,1000,2000000,True,False,200,extendedPlotting/lpEndpointHitRate
1779624137-accuracy_drop_selector_one_sample_endpoint-seed1-eps0.1-bs10000-semi1-ep100-ft50,accuracy_drop_selector_one_sample_endpoint,1,79,0.6343873739242554,-0.2995072901248932,2568.0,802.1488037109375,798.0057983398438,True,0.1,accuracy_drop_selector,10000,100,50,WeightOnly,100000,True,tanhMargin,one_sample,2000,5000,endpoint,0.001,0.001,10,0,0.8,1000,2000000,True,False,200,extendedPlotting/lpEndpointHitRate
1779624137-accuracy_drop_selector_one_sample_endpoint-seed1-eps0.1-bs10000-semi1-ep100-ft50,accuracy_drop_selector_one_sample_endpoint,1,80,0.633992075920105,-0.2993444800376892,2564.0,802.0814819335938,798.0137939453125,True,0.1,accuracy_drop_selector,10000,100,50,WeightOnly,100000,True,tanhMargin,one_sample,2000,5000,endpoint,0.001,0.001,10,0,0.8,1000,2000000,True,False,200,extendedPlotting/lpEndpointHitRate
1779624137-accuracy_drop_selector_one_sample_endpoint-seed1-eps0.1-bs10000-semi1-ep100-ft50,accuracy_drop_selector_one_sample_endpoint,1,81,0.633992075920105,-0.2992420196533203,2555.0,802.0217895507812,798.0145263671875,True,0.1,accuracy_drop_selector,10000,100,50,WeightOnly,100000,True,tanhMargin,one_sample,2000,5000,endpoint,0.001,0.001,10,0,0.8,1000,2000000,True,False,200,extendedPlotting/lpEndpointHitRate
1779624137-accuracy_drop_selector_one_sample_endpoint-seed1-eps0.1-bs10000-semi1-ep100-ft50,accuracy_drop_selector_one_sample_endpoint,1,82,0.633992075920105,-0.2991321086883545,2551.0,801.95361328125,798.0142822265625,True,0.1,accuracy_drop_selector,10000,100,50,WeightOnly,100000,True,tanhMargin,one_sample,2000,5000,endpoint,0.001,0.001,10,0,0.8,1000,2000000,True,False,200,extendedPlotting/lpEndpointHitRate
1779624137-accuracy_drop_selector_one_sample_endpoint-seed1-eps0.1-bs10000-semi1-ep100-ft50,accuracy_drop_selector_one_sample_endpoint,1,83,0.633992075920105,-0.2990137040615082,2543.0,801.8935546875,797.984130859375,True,0.1,accuracy_drop_selector,10000,100,50,WeightOnly,100000,True,tanhMargin,one_sample,2000,5000,endpoint,0.001,0.001,10,0,0.8,1000,2000000,True,False,200,extendedPlotting/lpEndpointHitRate
1779624137-accuracy_drop_selector_one_sample_endpoint-seed1-eps0.1-bs10000-semi1-ep100-ft50,accuracy_drop_selector_one_sample_endpoint,1,84,0.633992075920105,-0.2989172339439392,2538.0,801.8067016601562,797.987060546875,True,0.1,accuracy_drop_selector,10000,100,50,WeightOnly,100000,True,tanhMargin,one_sample,2000,5000,endpoint,0.001,0.001,10,0,0.8,1000,2000000,True,False,200,extendedPlotting/lpEndpointHitRate
1779624137-accuracy_drop_selector_one_sample_endpoint-seed1-eps0.1-bs10000-semi1-ep100-ft50,accuracy_drop_selector_one_sample_endpoint,1,85,0.6335968375205994,-0.2987977862358093,2534.0,801.749267578125,798.0087890625,True,0.1,accuracy_drop_selector,10000,100,50,WeightOnly,100000,True,tanhMargin,one_sample,2000,5000,endpoint,0.001,0.001,10,0,0.8,1000,2000000,True,False,200,extendedPlotting/lpEndpointHitRate
1779624137-accuracy_drop_selector_one_sample_endpoint-seed1-eps0.1-bs10000-semi1-ep100-ft50,accuracy_drop_selector_one_sample_endpoint,1,86,0.6335968375205994,-0.29869088530540466,2531.0,801.7128295898438,798.0010375976562,True,0.1,accuracy_drop_selector,10000,100,50,WeightOnly,100000,True,tanhMargin,one_sample,2000,5000,endpoint,0.001,0.001,10,0,0.8,1000,2000000,True,False,200,extendedPlotting/lpEndpointHitRate
1779624137-accuracy_drop_selector_one_sample_endpoint-seed1-eps0.1-bs10000-semi1-ep100-ft50,accuracy_drop_selector_one_sample_endpoint,1,87,0.6335968375205994,-0.29858729243278503,2525.0,801.6536254882812,798.0087890625,True,0.1,accuracy_drop_selector,10000,100,50,WeightOnly,100000,True,tanhMargin,one_sample,2000,5000,endpoint,0.001,0.001,10,0,0.8,1000,2000000,True,False,200,extendedPlotting/lpEndpointHitRate
1779624137-accuracy_drop_selector_one_sample_endpoint-seed1-eps0.1-bs10000-semi1-ep100-ft50,accuracy_drop_selector_one_sample_endpoint,1,88,0.6335968375205994,-0.29846301674842834,2519.0,801.6057739257812,797.9957275390625,True,0.1,accuracy_drop_selector,10000,100,50,WeightOnly,100000,True,tanhMargin,one_sample,2000,5000,endpoint,0.001,0.001,10,0,0.8,1000,2000000,True,False,200,extendedPlotting/lpEndpointHitRate
1779624137-accuracy_drop_selector_one_sample_endpoint-seed1-eps0.1-bs10000-semi1-ep100-ft50,accuracy_drop_selector_one_sample_endpoint,1,89,0.6335968375205994,-0.29835957288742065,2513.0,801.5489501953125,798.01904296875,True,0.1,accuracy_drop_selector,10000,100,50,WeightOnly,100000,True,tanhMargin,one_sample,2000,5000,endpoint,0.001,0.001,10,0,0.8,1000,2000000,True,False,200,extendedPlotting/lpEndpointHitRate
1779624137-accuracy_drop_selector_one_sample_endpoint-seed1-eps0.1-bs10000-semi1-ep100-ft50,accuracy_drop_selector_one_sample_endpoint,1,90,0.6335968375205994,-0.2982226610183716,2512.0,801.521728515625,797.99853515625,True,0.1,accuracy_drop_selector,10000,100,50,WeightOnly,100000,True,tanhMargin,one_sample,2000,5000,endpoint,0.001,0.001,10,0,0.8,1000,2000000,True,False,200,extendedPlotting/lpEndpointHitRate
1779624137-accuracy_drop_selector_one_sample_endpoint-seed1-eps0.1-bs10000-semi1-ep100-ft50,accuracy_drop_selector_one_sample_endpoint,1,91,0.6335968375205994,-0.2981063425540924,2505.0,801.455078125,798.00048828125,True,0.1,accuracy_drop_selector,10000,100,50,WeightOnly,100000,True,tanhMargin,one_sample,2000,5000,endpoint,0.001,0.001,10,0,0.8,1000,2000000,True,False,200,extendedPlotting/lpEndpointHitRate
1779624137-accuracy_drop_selector_one_sample_endpoint-seed1-eps0.1-bs10000-semi1-ep100-ft50,accuracy_drop_selector_one_sample_endpoint,1,92,0.6335968375205994,-0.2979966998100281,2504.0,801.4137573242188,797.9839477539062,True,0.1,accuracy_drop_selector,10000,100,50,WeightOnly,100000,True,tanhMargin,one_sample,2000,5000,endpoint,0.001,0.001,10,0,0.8,1000,2000000,True,False,200,extendedPlotting/lpEndpointHitRate
1779624137-accuracy_drop_selector_one_sample_endpoint-seed1-eps0.1-bs10000-semi1-ep100-ft50,accuracy_drop_selector_one_sample_endpoint,1,93,0.6335968375205994,-0.29792290925979614,2497.0,801.3543090820312,797.98779296875,True,0.1,accuracy_drop_selector,10000,100,50,WeightOnly,100000,True,tanhMargin,one_sample,2000,5000,endpoint,0.001,0.001,10,0,0.8,1000,2000000,True,False,200,extendedPlotting/lpEndpointHitRate
1779624137-accuracy_drop_selector_one_sample_endpoint-seed1-eps0.1-bs10000-semi1-ep100-ft50,accuracy_drop_selector_one_sample_endpoint,1,94,0.6335968375205994,-0.29784414172172546,2497.0,801.32958984375,798.01416015625,True,0.1,accuracy_drop_selector,10000,100,50,WeightOnly,100000,True,tanhMargin,one_sample,2000,5000,endpoint,0.001,0.001,10,0,0.8,1000,2000000,True,False,200,extendedPlotting/lpEndpointHitRate
1779624137-accuracy_drop_selector_one_sample_endpoint-seed1-eps0.1-bs10000-semi1-ep100-ft50,accuracy_drop_selector_one_sample_endpoint,1,95,0.6335968375205994,-0.29769712686538696,2494.0,801.3121337890625,798.0066528320312,True,0.1,accuracy_drop_selector,10000,100,50,WeightOnly,100000,True,tanhMargin,one_sample,2000,5000,endpoint,0.001,0.001,10,0,0.8,1000,2000000,True,False,200,extendedPlotting/lpEndpointHitRate
1779624137-accuracy_drop_selector_one_sample_endpoint-seed1-eps0.1-bs10000-semi1-ep100-ft50,accuracy_drop_selector_one_sample_endpoint,1,96,0.6335968375205994,-0.2976057827472687,2490.0,801.2684326171875,798.006103515625,True,0.1,accuracy_drop_selector,10000,100,50,WeightOnly,100000,True,tanhMargin,one_sample,2000,5000,endpoint,0.001,0.001,10,0,0.8,1000,2000000,True,False,200,extendedPlotting/lpEndpointHitRate
1779624137-accuracy_drop_selector_one_sample_endpoint-seed1-eps0.1-bs10000-semi1-ep100-ft50,accuracy_drop_selector_one_sample_endpoint,1,97,0.6335968375205994,-0.29749131202697754,2488.0,801.2313232421875,798.0096435546875,True,0.1,accuracy_drop_selector,10000,100,50,WeightOnly,100000,True,tanhMargin,one_sample,2000,5000,endpoint,0.001,0.001,10,0,0.8,1000,2000000,True,False,200,extendedPlotting/lpEndpointHitRate
1779624137-accuracy_drop_selector_one_sample_endpoint-seed1-eps0.1-bs10000-semi1-ep100-ft50,accuracy_drop_selector_one_sample_endpoint,1,98,0.6335968375205994,-0.297396183013916,2481.0,801.1988525390625,798.0031127929688,True,0.1,accuracy_drop_selector,10000,100,50,WeightOnly,100000,True,tanhMargin,one_sample,2000,5000,endpoint,0.001,0.001,10,0,0.8,1000,2000000,True,False,200,extendedPlotting/lpEndpointHitRate
1779624137-accuracy_drop_selector_one_sample_endpoint-seed1-eps0.1-bs10000-semi1-ep100-ft50,accuracy_drop_selector_one_sample_endpoint,1,99,0.6332015991210938,-0.2973012924194336,2481.0,801.1559448242188,798.0149536132812,True,0.1,accuracy_drop_selector,10000,100,50,WeightOnly,100000,True,tanhMargin,one_sample,2000,5000,endpoint,0.001,0.001,10,0,0.8,1000,2000000,True,False,200,extendedPlotting/lpEndpointHitRate
1779624137-accuracy_drop_selector_one_sample_endpoint-seed1-eps0.1-bs10000-semi1-ep100-ft50,accuracy_drop_selector_one_sample_endpoint,1,100,0.6332015991210938,-0.29721760749816895,2477.0,801.1340942382812,798.0183715820312,True,0.1,accuracy_drop_selector,10000,100,50,WeightOnly,100000,True,tanhMargin,one_sample,2000,5000,endpoint,0.001,0.001,10,0,0.8,1000,2000000,True,False,200,extendedPlotting/lpEndpointHitRate
1779624222-accuracy_drop_selector_one_sample_endpoint-seed1-eps0.1-bs10000-semi1-ep100-ft50,accuracy_drop_selector_one_sample_endpoint_nc15,1,0,0.8324110507965088,-0.6408612132072449,0.0,0.0,0.0,True,0.1,accuracy_drop_selector,10000,100,50,WeightOnly,100000,True,tanhMargin,one_sample,2000,5000,endpoint,0.001,0.001,10,15,0.8,1000,2000000,True,False,200,extendedPlotting/lpEndpointHitRate
1779624222-accuracy_drop_selector_one_sample_endpoint-seed1-eps0.1-bs10000-semi1-ep100-ft50,accuracy_drop_selector_one_sample_endpoint_nc15,1,1,0.8233201503753662,-0.6408519148826599,5327.0,35.79438781738281,35.79438781738281,True,0.1,accuracy_drop_selector,10000,100,50,WeightOnly,100000,True,tanhMargin,one_sample,2000,5000,endpoint,0.001,0.001,10,15,0.8,1000,2000000,True,False,200,extendedPlotting/lpEndpointHitRate
1779624222-accuracy_drop_selector_one_sample_endpoint-seed1-eps0.1-bs10000-semi1-ep100-ft50,accuracy_drop_selector_one_sample_endpoint_nc15,1,2,0.7948616743087769,-0.6303878426551819,7325.0,109.88346862792969,109.88346862792969,True,0.1,accuracy_drop_selector,10000,100,50,WeightOnly,100000,True,tanhMargin,one_sample,2000,5000,endpoint,0.001,0.001,10,15,0.8,1000,2000000,True,False,200,extendedPlotting/lpEndpointHitRate
1779624222-accuracy_drop_selector_one_sample_endpoint-seed1-eps0.1-bs10000-semi1-ep100-ft50,accuracy_drop_selector_one_sample_endpoint_nc15,1,3,0.783399224281311,-0.5907376408576965,6999.0,154.75274658203125,154.75274658203125,True,0.1,accuracy_drop_selector,10000,100,50,WeightOnly,100000,True,tanhMargin,one_sample,2000,5000,endpoint,0.001,0.001,10,15,0.8,1000,2000000,True,False,200,extendedPlotting/lpEndpointHitRate
1779624222-accuracy_drop_selector_one_sample_endpoint-seed1-eps0.1-bs10000-semi1-ep100-ft50,accuracy_drop_selector_one_sample_endpoint_nc15,1,4,0.7735177874565125,-0.5681561231613159,6956.0,198.66885375976562,198.66885375976562,True,0.1,accuracy_drop_selector,10000,100,50,WeightOnly,100000,True,tanhMargin,one_sample,2000,5000,endpoint,0.001,0.001,10,15,0.8,1000,2000000,True,False,200,extendedPlotting/lpEndpointHitRate
1779624222-accuracy_drop_selector_one_sample_endpoint-seed1-eps0.1-bs10000-semi1-ep100-ft50,accuracy_drop_selector_one_sample_endpoint_nc15,1,5,0.7644268870353699,-0.5485703349113464,6978.0,240.21182250976562,240.21182250976562,True,0.1,accuracy_drop_selector,10000,100,50,WeightOnly,100000,True,tanhMargin,one_sample,2000,5000,endpoint,0.001,0.001,10,15,0.8,1000,2000000,True,False,200,extendedPlotting/lpEndpointHitRate
1779624222-accuracy_drop_selector_one_sample_endpoint-seed1-eps0.1-bs10000-semi1-ep100-ft50,accuracy_drop_selector_one_sample_endpoint_nc15,1,6,0.7573122382164001,-0.5307285189628601,6745.0,277.1872253417969,277.1872253417969,True,0.1,accuracy_drop_selector,10000,100,50,WeightOnly,100000,True,tanhMargin,one_sample,2000,5000,endpoint,0.001,0.001,10,15,0.8,1000,2000000,True,False,200,extendedPlotting/lpEndpointHitRate
1779624222-accuracy_drop_selector_one_sample_endpoint-seed1-eps0.1-bs10000-semi1-ep100-ft50,accuracy_drop_selector_one_sample_endpoint_nc15,1,7,0.7458497881889343,-0.5142590403556824,6684.0,313.72625732421875,313.72625732421875,True,0.1,accuracy_drop_selector,10000,100,50,WeightOnly,100000,True,tanhMargin,one_sample,2000,5000,endpoint,0.001,0.001,10,15,0.8,1000,2000000,True,False,200,extendedPlotting/lpEndpointHitRate
1779624222-accuracy_drop_selector_one_sample_endpoint-seed1-eps0.1-bs10000-semi1-ep100-ft50,accuracy_drop_selector_one_sample_endpoint_nc15,1,8,0.738339900970459,-0.4995972514152527,6656.0,345.67578125,345.67578125,True,0.1,accuracy_drop_selector,10000,100,50,WeightOnly,100000,True,tanhMargin,one_sample,2000,5000,endpoint,0.001,0.001,10,15,0.8,1000,2000000,True,False,200,extendedPlotting/lpEndpointHitRate
1779624222-accuracy_drop_selector_one_sample_endpoint-seed1-eps0.1-bs10000-semi1-ep100-ft50,accuracy_drop_selector_one_sample_endpoint_nc15,1,9,0.7339920997619629,-0.4880439043045044,6497.0,376.4601745605469,376.4601745605469,True,0.1,accuracy_drop_selector,10000,100,50,WeightOnly,100000,True,tanhMargin,one_sample,2000,5000,endpoint,0.001,0.001,10,15,0.8,1000,2000000,True,False,200,extendedPlotting/lpEndpointHitRate
1779624222-accuracy_drop_selector_one_sample_endpoint-seed1-eps0.1-bs10000-semi1-ep100-ft50,accuracy_drop_selector_one_sample_endpoint_nc15,1,10,0.7268774509429932,-0.47803905606269836,6455.0,404.85443115234375,404.85443115234375,True,0.1,accuracy_drop_selector,10000,100,50,WeightOnly,100000,True,tanhMargin,one_sample,2000,5000,endpoint,0.001,0.001,10,15,0.8,1000,2000000,True,False,200,extendedPlotting/lpEndpointHitRate
1779624222-accuracy_drop_selector_one_sample_endpoint-seed1-eps0.1-bs10000-semi1-ep100-ft50,accuracy_drop_selector_one_sample_endpoint_nc15,1,11,0.7241106629371643,-0.4693797528743744,6484.0,432.35107421875,432.34014892578125,True,0.1,accuracy_drop_selector,10000,100,50,WeightOnly,100000,True,tanhMargin,one_sample,2000,5000,endpoint,0.001,0.001,10,15,0.8,1000,2000000,True,False,200,extendedPlotting/lpEndpointHitRate
1779624222-accuracy_drop_selector_one_sample_endpoint-seed1-eps0.1-bs10000-semi1-ep100-ft50,accuracy_drop_selector_one_sample_endpoint_nc15,1,12,0.7213438749313354,-0.46127375960350037,6379.0,459.1060791015625,459.0055236816406,True,0.1,accuracy_drop_selector,10000,100,50,WeightOnly,100000,True,tanhMargin,one_sample,2000,5000,endpoint,0.001,0.001,10,15,0.8,1000,2000000,True,False,200,extendedPlotting/lpEndpointHitRate
1779624222-accuracy_drop_selector_one_sample_endpoint-seed1-eps0.1-bs10000-semi1-ep100-ft50,accuracy_drop_selector_one_sample_endpoint_nc15,1,13,0.7162055373191833,-0.4528391659259796,6392.0,486.0687255859375,485.9220275878906,True,0.1,accuracy_drop_selector,10000,100,50,WeightOnly,100000,True,tanhMargin,one_sample,2000,5000,endpoint,0.001,0.001,10,15,0.8,1000,2000000,True,False,200,extendedPlotting/lpEndpointHitRate
1779624222-accuracy_drop_selector_one_sample_endpoint-seed1-eps0.1-bs10000-semi1-ep100-ft50,accuracy_drop_selector_one_sample_endpoint_nc15,1,14,0.7130434513092041,-0.44433361291885376,6351.0,511.1094055175781,510.9681701660156,True,0.1,accuracy_drop_selector,10000,100,50,WeightOnly,100000,True,tanhMargin,one_sample,2000,5000,endpoint,0.001,0.001,10,15,0.8,1000,2000000,True,False,200,extendedPlotting/lpEndpointHitRate
1779624222-accuracy_drop_selector_one_sample_endpoint-seed1-eps0.1-bs10000-semi1-ep100-ft50,accuracy_drop_selector_one_sample_endpoint_nc15,1,15,0.707905113697052,-0.4370817244052887,6398.0,536.54248046875,536.31494140625,True,0.1,accuracy_drop_selector,10000,100,50,WeightOnly,100000,True,tanhMargin,one_sample,2000,5000,endpoint,0.001,0.001,10,15,0.8,1000,2000000,True,False,200,extendedPlotting/lpEndpointHitRate
1779624222-accuracy_drop_selector_one_sample_endpoint-seed1-eps0.1-bs10000-semi1-ep100-ft50,accuracy_drop_selector_one_sample_endpoint_nc15,1,16,0.7035573124885559,-0.4294642508029938,6322.0,560.9351196289062,560.6716918945312,True,0.1,accuracy_drop_selector,10000,100,50,WeightOnly,100000,True,tanhMargin,one_sample,2000,5000,endpoint,0.001,0.001,10,15,0.8,1000,2000000,True,False,200,extendedPlotting/lpEndpointHitRate
1779624222-accuracy_drop_selector_one_sample_endpoint-seed1-eps0.1-bs10000-semi1-ep100-ft50,accuracy_drop_selector_one_sample_endpoint_nc15,1,17,0.6988142132759094,-0.421991229057312,6268.0,584.84033203125,584.5869140625,True,0.1,accuracy_drop_selector,10000,100,50,WeightOnly,100000,True,tanhMargin,one_sample,2000,5000,endpoint,0.001,0.001,10,15,0.8,1000,2000000,True,False,200,extendedPlotting/lpEndpointHitRate
1779624222-accuracy_drop_selector_one_sample_endpoint-seed1-eps0.1-bs10000-semi1-ep100-ft50,accuracy_drop_selector_one_sample_endpoint_nc15,1,18,0.6940711736679077,-0.4147932231426239,6257.0,608.231689453125,607.9454956054688,True,0.1,accuracy_drop_selector,10000,100,50,WeightOnly,100000,True,tanhMargin,one_sample,2000,5000,endpoint,0.001,0.001,10,15,0.8,1000,2000000,True,False,200,extendedPlotting/lpEndpointHitRate
1779624222-accuracy_drop_selector_one_sample_endpoint-seed1-eps0.1-bs10000-semi1-ep100-ft50,accuracy_drop_selector_one_sample_endpoint_nc15,1,19,0.6905138492584229,-0.4083292484283447,6220.0,630.8845825195312,630.5656127929688,True,0.1,accuracy_drop_selector,10000,100,50,WeightOnly,100000,True,tanhMargin,one_sample,2000,5000,endpoint,0.001,0.001,10,15,0.8,1000,2000000,True,False,200,extendedPlotting/lpEndpointHitRate
1779624222-accuracy_drop_selector_one_sample_endpoint-seed1-eps0.1-bs10000-semi1-ep100-ft50,accuracy_drop_selector_one_sample_endpoint_nc15,1,20,0.6873517632484436,-0.40254300832748413,6156.0,653.668212890625,653.2753295898438,True,0.1,accuracy_drop_selector,10000,100,50,WeightOnly,100000,True,tanhMargin,one_sample,2000,5000,endpoint,0.001,0.001,10,15,0.8,1000,2000000,True,False,200,extendedPlotting/lpEndpointHitRate
1779624222-accuracy_drop_selector_one_sample_endpoint-seed1-eps0.1-bs10000-semi1-ep100-ft50,accuracy_drop_selector_one_sample_endpoint_nc15,1,21,0.6837944388389587,-0.39622268080711365,6132.0,676.2425537109375,675.734375,True,0.1,accuracy_drop_selector,10000,100,50,WeightOnly,100000,True,tanhMargin,one_sample,2000,5000,endpoint,0.001,0.001,10,15,0.8,1000,2000000,True,False,200,extendedPlotting/lpEndpointHitRate
1779624222-accuracy_drop_selector_one_sample_endpoint-seed1-eps0.1-bs10000-semi1-ep100-ft50,accuracy_drop_selector_one_sample_endpoint_nc15,1,22,0.6794466376304626,-0.390076607465744,6046.0,698.2576904296875,697.6539916992188,True,0.1,accuracy_drop_selector,10000,100,50,WeightOnly,100000,True,tanhMargin,one_sample,2000,5000,endpoint,0.001,0.001,10,15,0.8,1000,2000000,True,False,200,extendedPlotting/lpEndpointHitRate
1779624222-accuracy_drop_selector_one_sample_endpoint-seed1-eps0.1-bs10000-semi1-ep100-ft50,accuracy_drop_selector_one_sample_endpoint_nc15,1,23,0.6766798496246338,-0.38347357511520386,6026.0,720.2498779296875,719.5951538085938,True,0.1,accuracy_drop_selector,10000,100,50,WeightOnly,100000,True,tanhMargin,one_sample,2000,5000,endpoint,0.001,0.001,10,15,0.8,1000,2000000,True,False,200,extendedPlotting/lpEndpointHitRate
1779624222-accuracy_drop_selector_one_sample_endpoint-seed1-eps0.1-bs10000-semi1-ep100-ft50,accuracy_drop_selector_one_sample_endpoint_nc15,1,24,0.6739130616188049,-0.37695327401161194,5981.0,741.810791015625,740.9971313476562,True,0.1,accuracy_drop_selector,10000,100,50,WeightOnly,100000,True,tanhMargin,one_sample,2000,5000,endpoint,0.001,0.001,10,15,0.8,1000,2000000,True,False,200,extendedPlotting/lpEndpointHitRate
1779624222-accuracy_drop_selector_one_sample_endpoint-seed1-eps0.1-bs10000-semi1-ep100-ft50,accuracy_drop_selector_one_sample_endpoint_nc15,1,25,0.6719367504119873,-0.37112945318222046,6025.0,762.4117431640625,761.527587890625,True,0.1,accuracy_drop_selector,10000,100,50,WeightOnly,100000,True,tanhMargin,one_sample,2000,5000,endpoint,0.001,0.001,10,15,0.8,1000,2000000,True,False,200,extendedPlotting/lpEndpointHitRate
1779624222-accuracy_drop_selector_one_sample_endpoint-seed1-eps0.1-bs10000-semi1-ep100-ft50,accuracy_drop_selector_one_sample_endpoint_nc15,1,26,0.6679841876029968,-0.3660110831260681,5931.0,782.5130004882812,781.594482421875,True,0.1,accuracy_drop_selector,10000,100,50,WeightOnly,100000,True,tanhMargin,one_sample,2000,5000,endpoint,0.001,0.001,10,15,0.8,1000,2000000,True,False,200,extendedPlotting/lpEndpointHitRate
1779624222-accuracy_drop_selector_one_sample_endpoint-seed1-eps0.1-bs10000-semi1-ep100-ft50,accuracy_drop_selector_one_sample_endpoint_nc15,1,27,0.6656126379966736,-0.36110684275627136,5570.0,802.4943237304688,797.99560546875,True,0.1,accuracy_drop_selector,10000,100,50,WeightOnly,100000,True,tanhMargin,one_sample,2000,5000,endpoint,0.001,0.001,10,15,0.8,1000,2000000,True,False,200,extendedPlotting/lpEndpointHitRate
1779624222-accuracy_drop_selector_one_sample_endpoint-seed1-eps0.1-bs10000-semi1-ep100-ft50,accuracy_drop_selector_one_sample_endpoint_nc15,1,28,0.6636363863945007,-0.35624590516090393,4992.0,818.8807983398438,797.9745483398438,True,0.1,accuracy_drop_selector,10000,100,50,WeightOnly,100000,True,tanhMargin,one_sample,2000,5000,endpoint,0.001,0.001,10,15,0.8,1000,2000000,True,False,200,extendedPlotting/lpEndpointHitRate
1779624222-accuracy_drop_selector_one_sample_endpoint-seed1-eps0.1-bs10000-semi1-ep100-ft50,accuracy_drop_selector_one_sample_endpoint_nc15,1,29,0.6612648367881775,-0.35241833329200745,4881.0,820.0609130859375,797.9962768554688,True,0.1,accuracy_drop_selector,10000,100,50,WeightOnly,100000,True,tanhMargin,one_sample,2000,5000,endpoint,0.001,0.001,10,15,0.8,1000,2000000,True,False,200,extendedPlotting/lpEndpointHitRate
1779624222-accuracy_drop_selector_one_sample_endpoint-seed1-eps0.1-bs10000-semi1-ep100-ft50,accuracy_drop_selector_one_sample_endpoint_nc15,1,30,0.6581027507781982,-0.34882688522338867,4740.0,820.6244506835938,798.0338745117188,True,0.1,accuracy_drop_selector,10000,100,50,WeightOnly,100000,True,tanhMargin,one_sample,2000,5000,endpoint,0.001,0.001,10,15,0.8,1000,2000000,True,False,200,extendedPlotting/lpEndpointHitRate
1779624222-accuracy_drop_selector_one_sample_endpoint-seed1-eps0.1-bs10000-semi1-ep100-ft50,accuracy_drop_selector_one_sample_endpoint_nc15,1,31,0.6553359627723694,-0.3450893461704254,4577.0,820.88134765625,798.0026245117188,True,0.1,accuracy_drop_selector,10000,100,50,WeightOnly,100000,True,tanhMargin,one_sample,2000,5000,endpoint,0.001,0.001,10,15,0.8,1000,2000000,True,False,200,extendedPlotting/lpEndpointHitRate
1779624222-accuracy_drop_selector_one_sample_endpoint-seed1-eps0.1-bs10000-semi1-ep100-ft50,accuracy_drop_selector_one_sample_endpoint_nc15,1,32,0.6533597111701965,-0.34155264496803284,4443.0,821.1842041015625,798.0342407226562,True,0.1,accuracy_drop_selector,10000,100,50,WeightOnly,100000,True,tanhMargin,one_sample,2000,5000,endpoint,0.001,0.001,10,15,0.8,1000,2000000,True,False,200,extendedPlotting/lpEndpointHitRate
1779624222-accuracy_drop_selector_one_sample_endpoint-seed1-eps0.1-bs10000-semi1-ep100-ft50,accuracy_drop_selector_one_sample_endpoint_nc15,1,33,0.6505928635597229,-0.3380727469921112,4298.0,821.1633911132812,798.0159912109375,True,0.1,accuracy_drop_selector,10000,100,50,WeightOnly,100000,True,tanhMargin,one_sample,2000,5000,endpoint,0.001,0.001,10,15,0.8,1000,2000000,True,False,200,extendedPlotting/lpEndpointHitRate
1779624222-accuracy_drop_selector_one_sample_endpoint-seed1-eps0.1-bs10000-semi1-ep100-ft50,accuracy_drop_selector_one_sample_endpoint_nc15,1,34,0.6482213735580444,-0.33485180139541626,4129.0,821.15625,797.9898681640625,True,0.1,accuracy_drop_selector,10000,100,50,WeightOnly,100000,True,tanhMargin,one_sample,2000,5000,endpoint,0.001,0.001,10,15,0.8,1000,2000000,True,False,200,extendedPlotting/lpEndpointHitRate
1779624222-accuracy_drop_selector_one_sample_endpoint-seed1-eps0.1-bs10000-semi1-ep100-ft50,accuracy_drop_selector_one_sample_endpoint_nc15,1,35,0.6470355987548828,-0.3320164084434509,3996.0,821.2720947265625,798.018310546875,True,0.1,accuracy_drop_selector,10000,100,50,WeightOnly,100000,True,tanhMargin,one_sample,2000,5000,endpoint,0.001,0.001,10,15,0.8,1000,2000000,True,False,200,extendedPlotting/lpEndpointHitRate
1779624222-accuracy_drop_selector_one_sample_endpoint-seed1-eps0.1-bs10000-semi1-ep100-ft50,accuracy_drop_selector_one_sample_endpoint_nc15,1,36,0.6462450623512268,-0.32953304052352905,3869.0,821.1673583984375,798.0029907226562,True,0.1,accuracy_drop_selector,10000,100,50,WeightOnly,100000,True,tanhMargin,one_sample,2000,5000,endpoint,0.001,0.001,10,15,0.8,1000,2000000,True,False,200,extendedPlotting/lpEndpointHitRate
1779624222-accuracy_drop_selector_one_sample_endpoint-seed1-eps0.1-bs10000-semi1-ep100-ft50,accuracy_drop_selector_one_sample_endpoint_nc15,1,37,0.6450592875480652,-0.32730382680892944,3772.0,821.4895629882812,798.0122680664062,True,0.1,accuracy_drop_selector,10000,100,50,WeightOnly,100000,True,tanhMargin,one_sample,2000,5000,endpoint,0.001,0.001,10,15,0.8,1000,2000000,True,False,200,extendedPlotting/lpEndpointHitRate
1779624222-accuracy_drop_selector_one_sample_endpoint-seed1-eps0.1-bs10000-semi1-ep100-ft50,accuracy_drop_selector_one_sample_endpoint_nc15,1,38,0.6438735127449036,-0.32488930225372314,3675.0,821.62109375,797.9882202148438,True,0.1,accuracy_drop_selector,10000,100,50,WeightOnly,100000,True,tanhMargin,one_sample,2000,5000,endpoint,0.001,0.001,10,15,0.8,1000,2000000,True,False,200,extendedPlotting/lpEndpointHitRate
1779624222-accuracy_drop_selector_one_sample_endpoint-seed1-eps0.1-bs10000-semi1-ep100-ft50,accuracy_drop_selector_one_sample_endpoint_nc15,1,39,0.6418972611427307,-0.32274410128593445,3579.0,821.5752563476562,798.0106811523438,True,0.1,accuracy_drop_selector,10000,100,50,WeightOnly,100000,True,tanhMargin,one_sample,2000,5000,endpoint,0.001,0.001,10,15,0.8,1000,2000000,True,False,200,extendedPlotting/lpEndpointHitRate
1779624222-accuracy_drop_selector_one_sample_endpoint-seed1-eps0.1-bs10000-semi1-ep100-ft50,accuracy_drop_selector_one_sample_endpoint_nc15,1,40,0.6411067247390747,-0.32063478231430054,3491.0,821.7753295898438,798.0006103515625,True,0.1,accuracy_drop_selector,10000,100,50,WeightOnly,100000,True,tanhMargin,one_sample,2000,5000,endpoint,0.001,0.001,10,15,0.8,1000,2000000,True,False,200,extendedPlotting/lpEndpointHitRate
1779624222-accuracy_drop_selector_one_sample_endpoint-seed1-eps0.1-bs10000-semi1-ep100-ft50,accuracy_drop_selector_one_sample_endpoint_nc15,1,41,0.6403161883354187,-0.3186008036136627,3392.0,821.97265625,798.00439453125,True,0.1,accuracy_drop_selector,10000,100,50,WeightOnly,100000,True,tanhMargin,one_sample,2000,5000,endpoint,0.001,0.001,10,15,0.8,1000,2000000,True,False,200,extendedPlotting/lpEndpointHitRate
1779624222-accuracy_drop_selector_one_sample_endpoint-seed1-eps0.1-bs10000-semi1-ep100-ft50,accuracy_drop_selector_one_sample_endpoint_nc15,1,42,0.6399209499359131,-0.31659308075904846,3320.0,821.9647216796875,798.002197265625,True,0.1,accuracy_drop_selector,10000,100,50,WeightOnly,100000,True,tanhMargin,one_sample,2000,5000,endpoint,0.001,0.001,10,15,0.8,1000,2000000,True,False,200,extendedPlotting/lpEndpointHitRate
1779624222-accuracy_drop_selector_one_sample_endpoint-seed1-eps0.1-bs10000-semi1-ep100-ft50,accuracy_drop_selector_one_sample_endpoint_nc15,1,43,0.6387351751327515,-0.31459841132164,3247.0,821.9710083007812,797.9902954101562,True,0.1,accuracy_drop_selector,10000,100,50,WeightOnly,100000,True,tanhMargin,one_sample,2000,5000,endpoint,0.001,0.001,10,15,0.8,1000,2000000,True,False,200,extendedPlotting/lpEndpointHitRate
1779624222-accuracy_drop_selector_one_sample_endpoint-seed1-eps0.1-bs10000-semi1-ep100-ft50,accuracy_drop_selector_one_sample_endpoint_nc15,1,44,0.6387351751327515,-0.3127176761627197,3189.0,822.05224609375,798.0167236328125,True,0.1,accuracy_drop_selector,10000,100,50,WeightOnly,100000,True,tanhMargin,one_sample,2000,5000,endpoint,0.001,0.001,10,15,0.8,1000,2000000,True,False,200,extendedPlotting/lpEndpointHitRate
1779624222-accuracy_drop_selector_one_sample_endpoint-seed1-eps0.1-bs10000-semi1-ep100-ft50,accuracy_drop_selector_one_sample_endpoint_nc15,1,45,0.6379446387290955,-0.3109331429004669,3103.0,822.1127319335938,798.0006103515625,True,0.1,accuracy_drop_selector,10000,100,50,WeightOnly,100000,True,tanhMargin,one_sample,2000,5000,endpoint,0.001,0.001,10,15,0.8,1000,2000000,True,False,200,extendedPlotting/lpEndpointHitRate
1779624222-accuracy_drop_selector_one_sample_endpoint-seed1-eps0.1-bs10000-semi1-ep100-ft50,accuracy_drop_selector_one_sample_endpoint_nc15,1,46,0.6379446387290955,-0.3092283010482788,3038.0,822.0687866210938,798.00830078125,True,0.1,accuracy_drop_selector,10000,100,50,WeightOnly,100000,True,tanhMargin,one_sample,2000,5000,endpoint,0.001,0.001,10,15,0.8,1000,2000000,True,False,200,extendedPlotting/lpEndpointHitRate
1779624222-accuracy_drop_selector_one_sample_endpoint-seed1-eps0.1-bs10000-semi1-ep100-ft50,accuracy_drop_selector_one_sample_endpoint_nc15,1,47,0.6371541619300842,-0.30742260813713074,2969.0,822.2182006835938,797.9976196289062,True,0.1,accuracy_drop_selector,10000,100,50,WeightOnly,100000,True,tanhMargin,one_sample,2000,5000,endpoint,0.001,0.001,10,15,0.8,1000,2000000,True,False,200,extendedPlotting/lpEndpointHitRate
1779624222-accuracy_drop_selector_one_sample_endpoint-seed1-eps0.1-bs10000-semi1-ep100-ft50,accuracy_drop_selector_one_sample_endpoint_nc15,1,48,0.6359683871269226,-0.30565816164016724,2920.0,822.0101928710938,797.9855346679688,True,0.1,accuracy_drop_selector,10000,100,50,WeightOnly,100000,True,tanhMargin,one_sample,2000,5000,endpoint,0.001,0.001,10,15,0.8,1000,2000000,True,False,200,extendedPlotting/lpEndpointHitRate
1779624222-accuracy_drop_selector_one_sample_endpoint-seed1-eps0.1-bs10000-semi1-ep100-ft50,accuracy_drop_selector_one_sample_endpoint_nc15,1,49,0.6328063011169434,-0.30393707752227783,2863.0,822.0691528320312,798.018310546875,True,0.1,accuracy_drop_selector,10000,100,50,WeightOnly,100000,True,tanhMargin,one_sample,2000,5000,endpoint,0.001,0.001,10,15,0.8,1000,2000000,True,False,200,extendedPlotting/lpEndpointHitRate
1779624222-accuracy_drop_selector_one_sample_endpoint-seed1-eps0.1-bs10000-semi1-ep100-ft50,accuracy_drop_selector_one_sample_endpoint_nc15,1,50,0.6316205263137817,-0.30207306146621704,2823.0,822.275390625,798.0171508789062,True,0.1,accuracy_drop_selector,10000,100,50,WeightOnly,100000,True,tanhMargin,one_sample,2000,5000,endpoint,0.001,0.001,10,15,0.8,1000,2000000,True,False,200,extendedPlotting/lpEndpointHitRate
1779624222-accuracy_drop_selector_one_sample_endpoint-seed1-eps0.1-bs10000-semi1-ep100-ft50,accuracy_drop_selector_one_sample_endpoint_nc15,1,51,0.6312252879142761,-0.3005063831806183,2768.0,821.98974609375,798.0101318359375,True,0.1,accuracy_drop_selector,10000,100,50,WeightOnly,100000,True,tanhMargin,one_sample,2000,5000,endpoint,0.001,0.001,10,15,0.8,1000,2000000,True,False,200,extendedPlotting/lpEndpointHitRate
1779624222-accuracy_drop_selector_one_sample_endpoint-seed1-eps0.1-bs10000-semi1-ep100-ft50,accuracy_drop_selector_one_sample_endpoint_nc15,1,52,0.6304348111152649,-0.29880139231681824,2725.0,814.8082885742188,798.0137939453125,True,0.1,accuracy_drop_selector,10000,100,50,WeightOnly,100000,True,tanhMargin,one_sample,2000,5000,endpoint,0.001,0.001,10,15,0.8,1000,2000000,True,False,200,extendedPlotting/lpEndpointHitRate
1779624222-accuracy_drop_selector_one_sample_endpoint-seed1-eps0.1-bs10000-semi1-ep100-ft50,accuracy_drop_selector_one_sample_endpoint_nc15,1,53,0.6300395131111145,-0.29772451519966125,2692.0,811.6965942382812,798.0115356445312,True,0.1,accuracy_drop_selector,10000,100,50,WeightOnly,100000,True,tanhMargin,one_sample,2000,5000,endpoint,0.001,0.001,10,15,0.8,1000,2000000,True,False,200,extendedPlotting/lpEndpointHitRate
1779624222-accuracy_drop_selector_one_sample_endpoint-seed1-eps0.1-bs10000-semi1-ep100-ft50,accuracy_drop_selector_one_sample_endpoint_nc15,1,54,0.6296442747116089,-0.2968730628490448,2669.0,809.8140869140625,798.0135498046875,True,0.1,accuracy_drop_selector,10000,100,50,WeightOnly,100000,True,tanhMargin,one_sample,2000,5000,endpoint,0.001,0.001,10,15,0.8,1000,2000000,True,False,200,extendedPlotting/lpEndpointHitRate
1779624222-accuracy_drop_selector_one_sample_endpoint-seed1-eps0.1-bs10000-semi1-ep100-ft50,accuracy_drop_selector_one_sample_endpoint_nc15,1,55,0.6288537383079529,-0.296207994222641,2648.0,808.5316162109375,797.9926147460938,True,0.1,accuracy_drop_selector,10000,100,50,WeightOnly,100000,True,tanhMargin,one_sample,2000,5000,endpoint,0.001,0.001,10,15,0.8,1000,2000000,True,False,200,extendedPlotting/lpEndpointHitRate
1779624222-accuracy_drop_selector_one_sample_endpoint-seed1-eps0.1-bs10000-semi1-ep100-ft50,accuracy_drop_selector_one_sample_endpoint_nc15,1,56,0.6284584999084473,-0.2956133186817169,2621.0,807.559326171875,797.988037109375,True,0.1,accuracy_drop_selector,10000,100,50,WeightOnly,100000,True,tanhMargin,one_sample,2000,5000,endpoint,0.001,0.001,10,15,0.8,1000,2000000,True,False,200,extendedPlotting/lpEndpointHitRate
1779624222-accuracy_drop_selector_one_sample_endpoint-seed1-eps0.1-bs10000-semi1-ep100-ft50,accuracy_drop_selector_one_sample_endpoint_nc15,1,57,0.6284584999084473,-0.29510343074798584,2599.0,806.8350219726562,797.9998779296875,True,0.1,accuracy_drop_selector,10000,100,50,WeightOnly,100000,True,tanhMargin,one_sample,2000,5000,endpoint,0.001,0.001,10,15,0.8,1000,2000000,True,False,200,extendedPlotting/lpEndpointHitRate
1779624222-accuracy_drop_selector_one_sample_endpoint-seed1-eps0.1-bs10000-semi1-ep100-ft50,accuracy_drop_selector_one_sample_endpoint_nc15,1,58,0.6284584999084473,-0.29462486505508423,2579.0,806.2638549804688,797.9978637695312,True,0.1,accuracy_drop_selector,10000,100,50,WeightOnly,100000,True,tanhMargin,one_sample,2000,5000,endpoint,0.001,0.001,10,15,0.8,1000,2000000,True,False,200,extendedPlotting/lpEndpointHitRate
1779624222-accuracy_drop_selector_one_sample_endpoint-seed1-eps0.1-bs10000-semi1-ep100-ft50,accuracy_drop_selector_one_sample_endpoint_nc15,1,59,0.6280632615089417,-0.2941623032093048,2557.0,805.7700805664062,798.01513671875,True,0.1,accuracy_drop_selector,10000,100,50,WeightOnly,100000,True,tanhMargin,one_sample,2000,5000,endpoint,0.001,0.001,10,15,0.8,1000,2000000,True,False,200,extendedPlotting/lpEndpointHitRate
1779624222-accuracy_drop_selector_one_sample_endpoint-seed1-eps0.1-bs10000-semi1-ep100-ft50,accuracy_drop_selector_one_sample_endpoint_nc15,1,60,0.6276679635047913,-0.293728232383728,2547.0,805.3761596679688,797.9907836914062,True,0.1,accuracy_drop_selector,10000,100,50,WeightOnly,100000,True,tanhMargin,one_sample,2000,5000,endpoint,0.001,0.001,10,15,0.8,1000,2000000,True,False,200,extendedPlotting/lpEndpointHitRate
1779624222-accuracy_drop_selector_one_sample_endpoint-seed1-eps0.1-bs10000-semi1-ep100-ft50,accuracy_drop_selector_one_sample_endpoint_nc15,1,61,0.6272727251052856,-0.29339635372161865,2535.0,804.9764404296875,798.0120239257812,True,0.1,accuracy_drop_selector,10000,100,50,WeightOnly,100000,True,tanhMargin,one_sample,2000,5000,endpoint,0.001,0.001,10,15,0.8,1000,2000000,True,False,200,extendedPlotting/lpEndpointHitRate
1779624222-accuracy_drop_selector_one_sample_endpoint-seed1-eps0.1-bs10000-semi1-ep100-ft50,accuracy_drop_selector_one_sample_endpoint_nc15,1,62,0.62687748670578,-0.2930126190185547,2526.0,804.6845703125,798.0023803710938,True,0.1,accuracy_drop_selector,10000,100,50,WeightOnly,100000,True,tanhMargin,one_sample,2000,5000,endpoint,0.001,0.001,10,15,0.8,1000,2000000,True,False,200,extendedPlotting/lpEndpointHitRate
1779624222-accuracy_drop_selector_one_sample_endpoint-seed1-eps0.1-bs10000-semi1-ep100-ft50,accuracy_drop_selector_one_sample_endpoint_nc15,1,63,0.6264821887016296,-0.2927378714084625,2521.0,804.3963623046875,797.997802734375,True,0.1,accuracy_drop_selector,10000,100,50,WeightOnly,100000,True,tanhMargin,one_sample,2000,5000,endpoint,0.001,0.001,10,15,0.8,1000,2000000,True,False,200,extendedPlotting/lpEndpointHitRate
1779624222-accuracy_drop_selector_one_sample_endpoint-seed1-eps0.1-bs10000-semi1-ep100-ft50,accuracy_drop_selector_one_sample_endpoint_nc15,1,64,0.626086950302124,-0.2924259603023529,2513.0,804.14111328125,797.9935302734375,True,0.1,accuracy_drop_selector,10000,100,50,WeightOnly,100000,True,tanhMargin,one_sample,2000,5000,endpoint,0.001,0.001,10,15,0.8,1000,2000000,True,False,200,extendedPlotting/lpEndpointHitRate
1779624222-accuracy_drop_selector_one_sample_endpoint-seed1-eps0.1-bs10000-semi1-ep100-ft50,accuracy_drop_selector_one_sample_endpoint_nc15,1,65,0.6256917119026184,-0.2921285331249237,2506.0,803.9251708984375,797.9912109375,True,0.1,accuracy_drop_selector,10000,100,50,WeightOnly,100000,True,tanhMargin,one_sample,2000,5000,endpoint,0.001,0.001,10,15,0.8,1000,2000000,True,False,200,extendedPlotting/lpEndpointHitRate
1779624222-accuracy_drop_selector_one_sample_endpoint-seed1-eps0.1-bs10000-semi1-ep100-ft50,accuracy_drop_selector_one_sample_endpoint_nc15,1,66,0.6256917119026184,-0.2918755114078522,2495.0,803.72119140625,797.9982299804688,True,0.1,accuracy_drop_selector,10000,100,50,WeightOnly,100000,True,tanhMargin,one_sample,2000,5000,endpoint,0.001,0.001,10,15,0.8,1000,2000000,True,False,200,extendedPlotting/lpEndpointHitRate
1779624222-accuracy_drop_selector_one_sample_endpoint-seed1-eps0.1-bs10000-semi1-ep100-ft50,accuracy_drop_selector_one_sample_endpoint_nc15,1,67,0.625296413898468,-0.2916002869606018,2485.0,803.5534057617188,797.9893798828125,True,0.1,accuracy_drop_selector,10000,100,50,WeightOnly,100000,True,tanhMargin,one_sample,2000,5000,endpoint,0.001,0.001,10,15,0.8,1000,2000000,True,False,200,extendedPlotting/lpEndpointHitRate
1779624222-accuracy_drop_selector_one_sample_endpoint-seed1-eps0.1-bs10000-semi1-ep100-ft50,accuracy_drop_selector_one_sample_endpoint_nc15,1,68,0.625296413898468,-0.2913450598716736,2476.0,803.3785400390625,798.0040283203125,True,0.1,accuracy_drop_selector,10000,100,50,WeightOnly,100000,True,tanhMargin,one_sample,2000,5000,endpoint,0.001,0.001,10,15,0.8,1000,2000000,True,False,200,extendedPlotting/lpEndpointHitRate
1779624222-accuracy_drop_selector_one_sample_endpoint-seed1-eps0.1-bs10000-semi1-ep100-ft50,accuracy_drop_selector_one_sample_endpoint_nc15,1,69,0.625296413898468,-0.2911146581172943,2467.0,803.241455078125,798.011474609375,True,0.1,accuracy_drop_selector,10000,100,50,WeightOnly,100000,True,tanhMargin,one_sample,2000,5000,endpoint,0.001,0.001,10,15,0.8,1000,2000000,True,False,200,extendedPlotting/lpEndpointHitRate
1779624222-accuracy_drop_selector_one_sample_endpoint-seed1-eps0.1-bs10000-semi1-ep100-ft50,accuracy_drop_selector_one_sample_endpoint_nc15,1,70,0.625296413898468,-0.2908611595630646,2459.0,803.1051025390625,798.005126953125,True,0.1,accuracy_drop_selector,10000,100,50,WeightOnly,100000,True,tanhMargin,one_sample,2000,5000,endpoint,0.001,0.001,10,15,0.8,1000,2000000,True,False,200,extendedPlotting/lpEndpointHitRate
1779624222-accuracy_drop_selector_one_sample_endpoint-seed1-eps0.1-bs10000-semi1-ep100-ft50,accuracy_drop_selector_one_sample_endpoint_nc15,1,71,0.625296413898468,-0.29067009687423706,2453.0,802.964599609375,797.9891967773438,True,0.1,accuracy_drop_selector,10000,100,50,WeightOnly,100000,True,tanhMargin,one_sample,2000,5000,endpoint,0.001,0.001,10,15,0.8,1000,2000000,True,False,200,extendedPlotting/lpEndpointHitRate
1779624222-accuracy_drop_selector_one_sample_endpoint-seed1-eps0.1-bs10000-semi1-ep100-ft50,accuracy_drop_selector_one_sample_endpoint_nc15,1,72,0.625296413898468,-0.2904658913612366,2447.0,802.8309936523438,797.9925537109375,True,0.1,accuracy_drop_selector,10000,100,50,WeightOnly,100000,True,tanhMargin,one_sample,2000,5000,endpoint,0.001,0.001,10,15,0.8,1000,2000000,True,False,200,extendedPlotting/lpEndpointHitRate
1779624222-accuracy_drop_selector_one_sample_endpoint-seed1-eps0.1-bs10000-semi1-ep100-ft50,accuracy_drop_selector_one_sample_endpoint_nc15,1,73,0.625296413898468,-0.2902520000934601,2442.0,802.7230224609375,797.9961547851562,True,0.1,accuracy_drop_selector,10000,100,50,WeightOnly,100000,True,tanhMargin,one_sample,2000,5000,endpoint,0.001,0.001,10,15,0.8,1000,2000000,True,False,200,extendedPlotting/lpEndpointHitRate
1779624222-accuracy_drop_selector_one_sample_endpoint-seed1-eps0.1-bs10000-semi1-ep100-ft50,accuracy_drop_selector_one_sample_endpoint_nc15,1,74,0.6249011754989624,-0.2900470197200775,2429.0,802.6181030273438,797.986328125,True,0.1,accuracy_drop_selector,10000,100,50,WeightOnly,100000,True,tanhMargin,one_sample,2000,5000,endpoint,0.001,0.001,10,15,0.8,1000,2000000,True,False,200,extendedPlotting/lpEndpointHitRate
1779624222-accuracy_drop_selector_one_sample_endpoint-seed1-eps0.1-bs10000-semi1-ep100-ft50,accuracy_drop_selector_one_sample_endpoint_nc15,1,75,0.6249011754989624,-0.2898790240287781,2424.0,802.5049438476562,797.9913330078125,True,0.1,accuracy_drop_selector,10000,100,50,WeightOnly,100000,True,tanhMargin,one_sample,2000,5000,endpoint,0.001,0.001,10,15,0.8,1000,2000000,True,False,200,extendedPlotting/lpEndpointHitRate
1779624222-accuracy_drop_selector_one_sample_endpoint-seed1-eps0.1-bs10000-semi1-ep100-ft50,accuracy_drop_selector_one_sample_endpoint_nc15,1,76,0.6249011754989624,-0.2897367775440216,2414.0,802.4238891601562,797.9866943359375,True,0.1,accuracy_drop_selector,10000,100,50,WeightOnly,100000,True,tanhMargin,one_sample,2000,5000,endpoint,0.001,0.001,10,15,0.8,1000,2000000,True,False,200,extendedPlotting/lpEndpointHitRate
1779624222-accuracy_drop_selector_one_sample_endpoint-seed1-eps0.1-bs10000-semi1-ep100-ft50,accuracy_drop_selector_one_sample_endpoint_nc15,1,77,0.6241106986999512,-0.2895573079586029,2409.0,802.3370971679688,797.9989013671875,True,0.1,accuracy_drop_selector,10000,100,50,WeightOnly,100000,True,tanhMargin,one_sample,2000,5000,endpoint,0.001,0.001,10,15,0.8,1000,2000000,True,False,200,extendedPlotting/lpEndpointHitRate
1779624222-accuracy_drop_selector_one_sample_endpoint-seed1-eps0.1-bs10000-semi1-ep100-ft50,accuracy_drop_selector_one_sample_endpoint_nc15,1,78,0.6241106986999512,-0.2893418073654175,2401.0,802.2625732421875,798.0071411132812,True,0.1,accuracy_drop_selector,10000,100,50,WeightOnly,100000,True,tanhMargin,one_sample,2000,5000,endpoint,0.001,0.001,10,15,0.8,1000,2000000,True,False,200,extendedPlotting/lpEndpointHitRate
1779624222-accuracy_drop_selector_one_sample_endpoint-seed1-eps0.1-bs10000-semi1-ep100-ft50,accuracy_drop_selector_one_sample_endpoint_nc15,1,79,0.6241106986999512,-0.28919777274131775,2394.0,802.1868896484375,797.9844360351562,True,0.1,accuracy_drop_selector,10000,100,50,WeightOnly,100000,True,tanhMargin,one_sample,2000,5000,endpoint,0.001,0.001,10,15,0.8,1000,2000000,True,False,200,extendedPlotting/lpEndpointHitRate
1779624222-accuracy_drop_selector_one_sample_endpoint-seed1-eps0.1-bs10000-semi1-ep100-ft50,accuracy_drop_selector_one_sample_endpoint_nc15,1,80,0.6241106986999512,-0.28905922174453735,2388.0,802.0924072265625,797.997314453125,True,0.1,accuracy_drop_selector,10000,100,50,WeightOnly,100000,True,tanhMargin,one_sample,2000,5000,endpoint,0.001,0.001,10,15,0.8,1000,2000000,True,False,200,extendedPlotting/lpEndpointHitRate
1779624222-accuracy_drop_selector_one_sample_endpoint-seed1-eps0.1-bs10000-semi1-ep100-ft50,accuracy_drop_selector_one_sample_endpoint_nc15,1,81,0.6241106986999512,-0.2889229953289032,2385.0,802.0380249023438,797.9963989257812,True,0.1,accuracy_drop_selector,10000,100,50,WeightOnly,100000,True,tanhMargin,one_sample,2000,5000,endpoint,0.001,0.001,10,15,0.8,1000,2000000,True,False,200,extendedPlotting/lpEndpointHitRate
1779624222-accuracy_drop_selector_one_sample_endpoint-seed1-eps0.1-bs10000-semi1-ep100-ft50,accuracy_drop_selector_one_sample_endpoint_nc15,1,82,0.6241106986999512,-0.2887570261955261,2382.0,801.9703369140625,797.9931640625,True,0.1,accuracy_drop_selector,10000,100,50,WeightOnly,100000,True,tanhMargin,one_sample,2000,5000,endpoint,0.001,0.001,10,15,0.8,1000,2000000,True,False,200,extendedPlotting/lpEndpointHitRate
1779624222-accuracy_drop_selector_one_sample_endpoint-seed1-eps0.1-bs10000-semi1-ep100-ft50,accuracy_drop_selector_one_sample_endpoint_nc15,1,83,0.6237154006958008,-0.28862622380256653,2376.0,801.8999633789062,797.985107421875,True,0.1,accuracy_drop_selector,10000,100,50,WeightOnly,100000,True,tanhMargin,one_sample,2000,5000,endpoint,0.001,0.001,10,15,0.8,1000,2000000,True,False,200,extendedPlotting/lpEndpointHitRate
1779624222-accuracy_drop_selector_one_sample_endpoint-seed1-eps0.1-bs10000-semi1-ep100-ft50,accuracy_drop_selector_one_sample_endpoint_nc15,1,84,0.6237154006958008,-0.2884775400161743,2369.0,801.8306274414062,798.0134887695312,True,0.1,accuracy_drop_selector,10000,100,50,WeightOnly,100000,True,tanhMargin,one_sample,2000,5000,endpoint,0.001,0.001,10,15,0.8,1000,2000000,True,False,200,extendedPlotting/lpEndpointHitRate
1779624222-accuracy_drop_selector_one_sample_endpoint-seed1-eps0.1-bs10000-semi1-ep100-ft50,accuracy_drop_selector_one_sample_endpoint_nc15,1,85,0.6237154006958008,-0.2883452773094177,2364.0,801.80029296875,797.9982299804688,True,0.1,accuracy_drop_selector,10000,100,50,WeightOnly,100000,True,tanhMargin,one_sample,2000,5000,endpoint,0.001,0.001,10,15,0.8,1000,2000000,True,False,200,extendedPlotting/lpEndpointHitRate
1779624222-accuracy_drop_selector_one_sample_endpoint-seed1-eps0.1-bs10000-semi1-ep100-ft50,accuracy_drop_selector_one_sample_endpoint_nc15,1,86,0.6237154006958008,-0.2882177531719208,2353.0,801.7272338867188,798.004150390625,True,0.1,accuracy_drop_selector,10000,100,50,WeightOnly,100000,True,tanhMargin,one_sample,2000,5000,endpoint,0.001,0.001,10,15,0.8,1000,2000000,True,False,200,extendedPlotting/lpEndpointHitRate
1779624222-accuracy_drop_selector_one_sample_endpoint-seed1-eps0.1-bs10000-semi1-ep100-ft50,accuracy_drop_selector_one_sample_endpoint_nc15,1,87,0.6237154006958008,-0.28806161880493164,2345.0,801.6829833984375,798.0081787109375,True,0.1,accuracy_drop_selector,10000,100,50,WeightOnly,100000,True,tanhMargin,one_sample,2000,5000,endpoint,0.001,0.001,10,15,0.8,1000,2000000,True,False,200,extendedPlotting/lpEndpointHitRate
1779624222-accuracy_drop_selector_one_sample_endpoint-seed1-eps0.1-bs10000-semi1-ep100-ft50,accuracy_drop_selector_one_sample_endpoint_nc15,1,88,0.6237154006958008,-0.2878974378108978,2339.0,801.6353149414062,797.9917602539062,True,0.1,accuracy_drop_selector,10000,100,50,WeightOnly,100000,True,tanhMargin,one_sample,2000,5000,endpoint,0.001,0.001,10,15,0.8,1000,2000000,True,False,200,extendedPlotting/lpEndpointHitRate
1779624222-accuracy_drop_selector_one_sample_endpoint-seed1-eps0.1-bs10000-semi1-ep100-ft50,accuracy_drop_selector_one_sample_endpoint_nc15,1,89,0.6241106986999512,-0.2877506613731384,2332.0,801.5698852539062,797.9865112304688,True,0.1,accuracy_drop_selector,10000,100,50,WeightOnly,100000,True,tanhMargin,one_sample,2000,5000,endpoint,0.001,0.001,10,15,0.8,1000,2000000,True,False,200,extendedPlotting/lpEndpointHitRate
1779624222-accuracy_drop_selector_one_sample_endpoint-seed1-eps0.1-bs10000-semi1-ep100-ft50,accuracy_drop_selector_one_sample_endpoint_nc15,1,90,0.6241106986999512,-0.2875964045524597,2326.0,801.516357421875,797.9865112304688,True,0.1,accuracy_drop_selector,10000,100,50,WeightOnly,100000,True,tanhMargin,one_sample,2000,5000,endpoint,0.001,0.001,10,15,0.8,1000,2000000,True,False,200,extendedPlotting/lpEndpointHitRate
1779624222-accuracy_drop_selector_one_sample_endpoint-seed1-eps0.1-bs10000-semi1-ep100-ft50,accuracy_drop_selector_one_sample_endpoint_nc15,1,91,0.6241106986999512,-0.28746992349624634,2321.0,801.4701538085938,797.9861450195312,True,0.1,accuracy_drop_selector,10000,100,50,WeightOnly,100000,True,tanhMargin,one_sample,2000,5000,endpoint,0.001,0.001,10,15,0.8,1000,2000000,True,False,200,extendedPlotting/lpEndpointHitRate
1779624222-accuracy_drop_selector_one_sample_endpoint-seed1-eps0.1-bs10000-semi1-ep100-ft50,accuracy_drop_selector_one_sample_endpoint_nc15,1,92,0.6241106986999512,-0.287347674369812,2317.0,801.4285278320312,797.9874267578125,True,0.1,accuracy_drop_selector,10000,100,50,WeightOnly,100000,True,tanhMargin,one_sample,2000,5000,endpoint,0.001,0.001,10,15,0.8,1000,2000000,True,False,200,extendedPlotting/lpEndpointHitRate
1779624222-accuracy_drop_selector_one_sample_endpoint-seed1-eps0.1-bs10000-semi1-ep100-ft50,accuracy_drop_selector_one_sample_endpoint_nc15,1,93,0.6241106986999512,-0.28721383213996887,2313.0,801.385009765625,797.9866333007812,True,0.1,accuracy_drop_selector,10000,100,50,WeightOnly,100000,True,tanhMargin,one_sample,2000,5000,endpoint,0.001,0.001,10,15,0.8,1000,2000000,True,False,200,extendedPlotting/lpEndpointHitRate
1779624222-accuracy_drop_selector_one_sample_endpoint-seed1-eps0.1-bs10000-semi1-ep100-ft50,accuracy_drop_selector_one_sample_endpoint_nc15,1,94,0.6241106986999512,-0.28711026906967163,2310.0,801.3458251953125,798.0155029296875,True,0.1,accuracy_drop_selector,10000,100,50,WeightOnly,100000,True,tanhMargin,one_sample,2000,5000,endpoint,0.001,0.001,10,15,0.8,1000,2000000,True,False,200,extendedPlotting/lpEndpointHitRate
1779624222-accuracy_drop_selector_one_sample_endpoint-seed1-eps0.1-bs10000-semi1-ep100-ft50,accuracy_drop_selector_one_sample_endpoint_nc15,1,95,0.6241106986999512,-0.2869797945022583,2308.0,801.335693359375,797.9889526367188,True,0.1,accuracy_drop_selector,10000,100,50,WeightOnly,100000,True,tanhMargin,one_sample,2000,5000,endpoint,0.001,0.001,10,15,0.8,1000,2000000,True,False,200,extendedPlotting/lpEndpointHitRate
1779624222-accuracy_drop_selector_one_sample_endpoint-seed1-eps0.1-bs10000-semi1-ep100-ft50,accuracy_drop_selector_one_sample_endpoint_nc15,1,96,0.6241106986999512,-0.28688281774520874,2301.0,801.2666015625,798.014404296875,True,0.1,accuracy_drop_selector,10000,100,50,WeightOnly,100000,True,tanhMargin,one_sample,2000,5000,endpoint,0.001,0.001,10,15,0.8,1000,2000000,True,False,200,extendedPlotting/lpEndpointHitRate
1779624222-accuracy_drop_selector_one_sample_endpoint-seed1-eps0.1-bs10000-semi1-ep100-ft50,accuracy_drop_selector_one_sample_endpoint_nc15,1,97,0.6241106986999512,-0.28675058484077454,2297.0,801.2532958984375,797.9976806640625,True,0.1,accuracy_drop_selector,10000,100,50,WeightOnly,100000,True,tanhMargin,one_sample,2000,5000,endpoint,0.001,0.001,10,15,0.8,1000,2000000,True,False,200,extendedPlotting/lpEndpointHitRate
1779624222-accuracy_drop_selector_one_sample_endpoint-seed1-eps0.1-bs10000-semi1-ep100-ft50,accuracy_drop_selector_one_sample_endpoint_nc15,1,98,0.6237154006958008,-0.2866402864456177,2291.0,801.1991577148438,798.0051879882812,True,0.1,accuracy_drop_selector,10000,100,50,WeightOnly,100000,True,tanhMargin,one_sample,2000,5000,endpoint,0.001,0.001,10,15,0.8,1000,2000000,True,False,200,extendedPlotting/lpEndpointHitRate
1779624222-accuracy_drop_selector_one_sample_endpoint-seed1-eps0.1-bs10000-semi1-ep100-ft50,accuracy_drop_selector_one_sample_endpoint_nc15,1,99,0.6237154006958008,-0.28650540113449097,2288.0,801.171142578125,797.994384765625,True,0.1,accuracy_drop_selector,10000,100,50,WeightOnly,100000,True,tanhMargin,one_sample,2000,5000,endpoint,0.001,0.001,10,15,0.8,1000,2000000,True,False,200,extendedPlotting/lpEndpointHitRate
1779624222-accuracy_drop_selector_one_sample_endpoint-seed1-eps0.1-bs10000-semi1-ep100-ft50,accuracy_drop_selector_one_sample_endpoint_nc15,1,100,0.6237154006958008,-0.28637051582336426,2286.0,801.1288452148438,798.005126953125,True,0.1,accuracy_drop_selector,10000,100,50,WeightOnly,100000,True,tanhMargin,one_sample,2000,5000,endpoint,0.001,0.001,10,15,0.8,1000,2000000,True,False,200,extendedPlotting/lpEndpointHitRate
1779643004-none-seed1-eps0.1-bs10000-semi1-ep100-ft50,none,1,0,0.8324110507965088,-0.6408612132072449,0.0,0.0,0.0,True,0.1,none,10000,100,50,WeightOnly,100000,True,tanhMargin,,,,,,,,,0.8,1000,2000000,True,False,200,extendedPlotting/lpEndpointHitRate
1779643004-none-seed1-eps0.1-bs10000-semi1-ep100-ft50,none,1,1,0.8292490243911743,-0.6408650279045105,5693.0,24.934825897216797,24.934825897216797,True,0.1,none,10000,100,50,WeightOnly,100000,True,tanhMargin,,,,,,,,,0.8,1000,2000000,True,False,200,extendedPlotting/lpEndpointHitRate
1779643004-none-seed1-eps0.1-bs10000-semi1-ep100-ft50,none,1,2,0.8173912763595581,-0.6361047625541687,7696.0,68.2998275756836,68.2998275756836,True,0.1,none,10000,100,50,WeightOnly,100000,True,tanhMargin,,,,,,,,,0.8,1000,2000000,True,False,200,extendedPlotting/lpEndpointHitRate
1779643004-none-seed1-eps0.1-bs10000-semi1-ep100-ft50,none,1,3,0.8055335879325867,-0.6196273565292358,7344.0,114.65582275390625,114.65582275390625,True,0.1,none,10000,100,50,WeightOnly,100000,True,tanhMargin,,,,,,,,,0.8,1000,2000000,True,False,200,extendedPlotting/lpEndpointHitRate
1779643004-none-seed1-eps0.1-bs10000-semi1-ep100-ft50,none,1,4,0.7936758995056152,-0.5994557738304138,7213.0,160.58798217773438,160.58798217773438,True,0.1,none,10000,100,50,WeightOnly,100000,True,tanhMargin,,,,,,,,,0.8,1000,2000000,True,False,200,extendedPlotting/lpEndpointHitRate
1779643004-none-seed1-eps0.1-bs10000-semi1-ep100-ft50,none,1,5,0.7830039262771606,-0.5786830186843872,7110.0,206.09010314941406,206.09010314941406,True,0.1,none,10000,100,50,WeightOnly,100000,True,tanhMargin,,,,,,,,,0.8,1000,2000000,True,False,200,extendedPlotting/lpEndpointHitRate
1779643004-none-seed1-eps0.1-bs10000-semi1-ep100-ft50,none,1,6,0.7683794498443604,-0.559576153755188,6958.0,247.8978271484375,247.8978271484375,True,0.1,none,10000,100,50,WeightOnly,100000,True,tanhMargin,,,,,,,,,0.8,1000,2000000,True,False,200,extendedPlotting/lpEndpointHitRate
1779643004-none-seed1-eps0.1-bs10000-semi1-ep100-ft50,none,1,7,0.7592885494232178,-0.5425813794136047,6734.0,286.6429443359375,286.6429443359375,True,0.1,none,10000,100,50,WeightOnly,100000,True,tanhMargin,,,,,,,,,0.8,1000,2000000,True,False,200,extendedPlotting/lpEndpointHitRate
1779643004-none-seed1-eps0.1-bs10000-semi1-ep100-ft50,none,1,8,0.7525691986083984,-0.527921199798584,6676.0,322.3492126464844,322.3492126464844,True,0.1,none,10000,100,50,WeightOnly,100000,True,tanhMargin,,,,,,,,,0.8,1000,2000000,True,False,200,extendedPlotting/lpEndpointHitRate
1779643004-none-seed1-eps0.1-bs10000-semi1-ep100-ft50,none,1,9,0.7458497881889343,-0.5155184864997864,6555.0,357.04736328125,357.04736328125,True,0.1,none,10000,100,50,WeightOnly,100000,True,tanhMargin,,,,,,,,,0.8,1000,2000000,True,False,200,extendedPlotting/lpEndpointHitRate
1779643004-none-seed1-eps0.1-bs10000-semi1-ep100-ft50,none,1,10,0.7418972253799438,-0.5032876133918762,6540.0,389.5269775390625,389.5269775390625,True,0.1,none,10000,100,50,WeightOnly,100000,True,tanhMargin,,,,,,,,,0.8,1000,2000000,True,False,200,extendedPlotting/lpEndpointHitRate
1779643004-none-seed1-eps0.1-bs10000-semi1-ep100-ft50,none,1,11,0.7363636493682861,-0.49304884672164917,6510.0,420.1003112792969,420.1003112792969,True,0.1,none,10000,100,50,WeightOnly,100000,True,tanhMargin,,,,,,,,,0.8,1000,2000000,True,False,200,extendedPlotting/lpEndpointHitRate
1779643004-none-seed1-eps0.1-bs10000-semi1-ep100-ft50,none,1,12,0.7320157885551453,-0.4835628569126129,6487.0,449.9246520996094,449.9246520996094,True,0.1,none,10000,100,50,WeightOnly,100000,True,tanhMargin,,,,,,,,,0.8,1000,2000000,True,False,200,extendedPlotting/lpEndpointHitRate
1779643004-none-seed1-eps0.1-bs10000-semi1-ep100-ft50,none,1,13,0.7280632257461548,-0.47425854206085205,6404.0,478.13128662109375,478.13128662109375,True,0.1,none,10000,100,50,WeightOnly,100000,True,tanhMargin,,,,,,,,,0.8,1000,2000000,True,False,200,extendedPlotting/lpEndpointHitRate
1779643004-none-seed1-eps0.1-bs10000-semi1-ep100-ft50,none,1,14,0.7229248881340027,-0.4650915563106537,6332.0,505.3386535644531,505.3386535644531,True,0.1,none,10000,100,50,WeightOnly,100000,True,tanhMargin,,,,,,,,,0.8,1000,2000000,True,False,200,extendedPlotting/lpEndpointHitRate
1779643004-none-seed1-eps0.1-bs10000-semi1-ep100-ft50,none,1,15,0.717391312122345,-0.4563289284706116,6293.0,532.4374389648438,532.4364624023438,True,0.1,none,10000,100,50,WeightOnly,100000,True,tanhMargin,,,,,,,,,0.8,1000,2000000,True,False,200,extendedPlotting/lpEndpointHitRate
1779643004-none-seed1-eps0.1-bs10000-semi1-ep100-ft50,none,1,16,0.7122529745101929,-0.4474625289440155,6233.0,558.721435546875,558.6932373046875,True,0.1,none,10000,100,50,WeightOnly,100000,True,tanhMargin,,,,,,,,,0.8,1000,2000000,True,False,200,extendedPlotting/lpEndpointHitRate
1779643004-none-seed1-eps0.1-bs10000-semi1-ep100-ft50,none,1,17,0.7090908885002136,-0.4402397871017456,6238.0,584.1141357421875,584.0518798828125,True,0.1,none,10000,100,50,WeightOnly,100000,True,tanhMargin,,,,,,,,,0.8,1000,2000000,True,False,200,extendedPlotting/lpEndpointHitRate
1779643004-none-seed1-eps0.1-bs10000-semi1-ep100-ft50,none,1,18,0.7063241004943848,-0.4335136115550995,6220.0,608.336181640625,608.2030029296875,True,0.1,none,10000,100,50,WeightOnly,100000,True,tanhMargin,,,,,,,,,0.8,1000,2000000,True,False,200,extendedPlotting/lpEndpointHitRate
1779643004-none-seed1-eps0.1-bs10000-semi1-ep100-ft50,none,1,19,0.7031620740890503,-0.42766186594963074,6162.0,631.9815063476562,631.8270263671875,True,0.1,none,10000,100,50,WeightOnly,100000,True,tanhMargin,,,,,,,,,0.8,1000,2000000,True,False,200,extendedPlotting/lpEndpointHitRate
1779643004-none-seed1-eps0.1-bs10000-semi1-ep100-ft50,none,1,20,0.6992095112800598,-0.42184484004974365,6178.0,655.9276733398438,655.6509399414062,True,0.1,none,10000,100,50,WeightOnly,100000,True,tanhMargin,,,,,,,,,0.8,1000,2000000,True,False,200,extendedPlotting/lpEndpointHitRate
1779643004-none-seed1-eps0.1-bs10000-semi1-ep100-ft50,none,1,21,0.6964426636695862,-0.4163631498813629,6140.0,679.1826782226562,678.8572387695312,True,0.1,none,10000,100,50,WeightOnly,100000,True,tanhMargin,,,,,,,,,0.8,1000,2000000,True,False,200,extendedPlotting/lpEndpointHitRate
1779643004-none-seed1-eps0.1-bs10000-semi1-ep100-ft50,none,1,22,0.6952568888664246,-0.4112154543399811,6109.0,702.3162841796875,701.958740234375,True,0.1,none,10000,100,50,WeightOnly,100000,True,tanhMargin,,,,,,,,,0.8,1000,2000000,True,False,200,extendedPlotting/lpEndpointHitRate
1779643004-none-seed1-eps0.1-bs10000-semi1-ep100-ft50,none,1,23,0.6944664120674133,-0.40609899163246155,6092.0,725.71337890625,725.296142578125,True,0.1,none,10000,100,50,WeightOnly,100000,True,tanhMargin,,,,,,,,,0.8,1000,2000000,True,False,200,extendedPlotting/lpEndpointHitRate
1779643004-none-seed1-eps0.1-bs10000-semi1-ep100-ft50,none,1,24,0.6913043260574341,-0.40057891607284546,6047.0,749.261474609375,748.7525634765625,True,0.1,none,10000,100,50,WeightOnly,100000,True,tanhMargin,,,,,,,,,0.8,1000,2000000,True,False,200,extendedPlotting/lpEndpointHitRate
1779643004-none-seed1-eps0.1-bs10000-semi1-ep100-ft50,none,1,25,0.6897233128547668,-0.39496302604675293,6126.0,773.0201416015625,772.4286499023438,True,0.1,none,10000,100,50,WeightOnly,100000,True,tanhMargin,,,,,,,,,0.8,1000,2000000,True,False,200,extendedPlotting/lpEndpointHitRate
1779643004-none-seed1-eps0.1-bs10000-semi1-ep100-ft50,none,1,26,0.6853755116462708,-0.38935762643814087,6045.0,796.5338745117188,795.8346557617188,True,0.1,none,10000,100,50,WeightOnly,100000,True,tanhMargin,,,,,,,,,0.8,1000,2000000,True,False,200,extendedPlotting/lpEndpointHitRate
1779643004-none-seed1-eps0.1-bs10000-semi1-ep100-ft50,none,1,27,0.6822134256362915,-0.3832416236400604,5036.0,820.5487670898438,798.0101928710938,True,0.1,none,10000,100,50,WeightOnly,100000,True,tanhMargin,,,,,,,,,0.8,1000,2000000,True,False,200,extendedPlotting/lpEndpointHitRate
1779643004-none-seed1-eps0.1-bs10000-semi1-ep100-ft50,none,1,28,0.6786561012268066,-0.37809160351753235,4925.0,824.804443359375,797.9667358398438,True,0.1,none,10000,100,50,WeightOnly,100000,True,tanhMargin,,,,,,,,,0.8,1000,2000000,True,False,200,extendedPlotting/lpEndpointHitRate
1779643004-none-seed1-eps0.1-bs10000-semi1-ep100-ft50,none,1,29,0.6750988364219666,-0.37350791692733765,4772.0,824.9461059570312,798.0272827148438,True,0.1,none,10000,100,50,WeightOnly,100000,True,tanhMargin,,,,,,,,,0.8,1000,2000000,True,False,200,extendedPlotting/lpEndpointHitRate
1779643004-none-seed1-eps0.1-bs10000-semi1-ep100-ft50,none,1,30,0.6723319888114929,-0.3692050874233246,4634.0,825.77734375,797.9691772460938,True,0.1,none,10000,100,50,WeightOnly,100000,True,tanhMargin,,,,,,,,,0.8,1000,2000000,True,False,200,extendedPlotting/lpEndpointHitRate
1779643004-none-seed1-eps0.1-bs10000-semi1-ep100-ft50,none,1,31,0.6695652008056641,-0.3649502098560333,4490.0,825.530517578125,798.023681640625,True,0.1,none,10000,100,50,WeightOnly,100000,True,tanhMargin,,,,,,,,,0.8,1000,2000000,True,False,200,extendedPlotting/lpEndpointHitRate
1779643004-none-seed1-eps0.1-bs10000-semi1-ep100-ft50,none,1,32,0.6675889492034912,-0.36052611470222473,4344.0,825.8755493164062,797.9700927734375,True,0.1,none,10000,100,50,WeightOnly,100000,True,tanhMargin,,,,,,,,,0.8,1000,2000000,True,False,200,extendedPlotting/lpEndpointHitRate
1779643004-none-seed1-eps0.1-bs10000-semi1-ep100-ft50,none,1,33,0.6656126379966736,-0.35637813806533813,4190.0,825.767333984375,797.9972534179688,True,0.1,none,10000,100,50,WeightOnly,100000,True,tanhMargin,,,,,,,,,0.8,1000,2000000,True,False,200,extendedPlotting/lpEndpointHitRate
1779643004-none-seed1-eps0.1-bs10000-semi1-ep100-ft50,none,1,34,0.665217399597168,-0.35254988074302673,4017.0,825.915771484375,797.9927978515625,True,0.1,none,10000,100,50,WeightOnly,100000,True,tanhMargin,,,,,,,,,0.8,1000,2000000,True,False,200,extendedPlotting/lpEndpointHitRate
1779643004-none-seed1-eps0.1-bs10000-semi1-ep100-ft50,none,1,35,0.6636363863945007,-0.3491283357143402,3871.0,826.0843505859375,798.0228271484375,True,0.1,none,10000,100,50,WeightOnly,100000,True,tanhMargin,,,,,,,,,0.8,1000,2000000,True,False,200,extendedPlotting/lpEndpointHitRate
1779643004-none-seed1-eps0.1-bs10000-semi1-ep100-ft50,none,1,36,0.6616600751876831,-0.3459573984146118,3747.0,826.361083984375,798.0169677734375,True,0.1,none,10000,100,50,WeightOnly,100000,True,tanhMargin,,,,,,,,,0.8,1000,2000000,True,False,200,extendedPlotting/lpEndpointHitRate
1779643004-none-seed1-eps0.1-bs10000-semi1-ep100-ft50,none,1,37,0.6588932871818542,-0.34261268377304077,3625.0,826.569580078125,798.0018920898438,True,0.1,none,10000,100,50,WeightOnly,100000,True,tanhMargin,,,,,,,,,0.8,1000,2000000,True,False,200,extendedPlotting/lpEndpointHitRate
1779643004-none-seed1-eps0.1-bs10000-semi1-ep100-ft50,none,1,38,0.6561264991760254,-0.33932337164878845,3505.0,826.807373046875,797.9818115234375,True,0.1,none,10000,100,50,WeightOnly,100000,True,tanhMargin,,,,,,,,,0.8,1000,2000000,True,False,200,extendedPlotting/lpEndpointHitRate
1779643004-none-seed1-eps0.1-bs10000-semi1-ep100-ft50,none,1,39,0.6549407243728638,-0.33611318469047546,3379.0,827.078125,797.9904174804688,True,0.1,none,10000,100,50,WeightOnly,100000,True,tanhMargin,,,,,,,,,0.8,1000,2000000,True,False,200,extendedPlotting/lpEndpointHitRate
1779643004-none-seed1-eps0.1-bs10000-semi1-ep100-ft50,none,1,40,0.6529644131660461,-0.332951158285141,3263.0,827.09619140625,797.9986572265625,True,0.1,none,10000,100,50,WeightOnly,100000,True,tanhMargin,,,,,,,,,0.8,1000,2000000,True,False,200,extendedPlotting/lpEndpointHitRate
1779643004-none-seed1-eps0.1-bs10000-semi1-ep100-ft50,none,1,41,0.64861661195755,-0.32975324988365173,3172.0,827.2349853515625,798.0220947265625,True,0.1,none,10000,100,50,WeightOnly,100000,True,tanhMargin,,,,,,,,,0.8,1000,2000000,True,False,200,extendedPlotting/lpEndpointHitRate
1779643004-none-seed1-eps0.1-bs10000-semi1-ep100-ft50,none,1,42,0.6470355987548828,-0.3268691599369049,3079.0,827.618408203125,797.9812622070312,True,0.1,none,10000,100,50,WeightOnly,100000,True,tanhMargin,,,,,,,,,0.8,1000,2000000,True,False,200,extendedPlotting/lpEndpointHitRate
1779643004-none-seed1-eps0.1-bs10000-semi1-ep100-ft50,none,1,43,0.6450592875480652,-0.32373809814453125,2978.0,826.9175415039062,798.005859375,True,0.1,none,10000,100,50,WeightOnly,100000,True,tanhMargin,,,,,,,,,0.8,1000,2000000,True,False,200,extendedPlotting/lpEndpointHitRate
1779643004-none-seed1-eps0.1-bs10000-semi1-ep100-ft50,none,1,44,0.643478274345398,-0.3211323916912079,2911.0,826.7816162109375,798.01611328125,True,0.1,none,10000,100,50,WeightOnly,100000,True,tanhMargin,,,,,,,,,0.8,1000,2000000,True,False,200,extendedPlotting/lpEndpointHitRate
1779643004-none-seed1-eps0.1-bs10000-semi1-ep100-ft50,none,1,45,0.6418972611427307,-0.31868019700050354,2855.0,826.9992065429688,797.9838256835938,True,0.1,none,10000,100,50,WeightOnly,100000,True,tanhMargin,,,,,,,,,0.8,1000,2000000,True,False,200,extendedPlotting/lpEndpointHitRate
1779643004-none-seed1-eps0.1-bs10000-semi1-ep100-ft50,none,1,46,0.6383399367332458,-0.31603553891181946,2783.0,826.5348510742188,798.012939453125,True,0.1,none,10000,100,50,WeightOnly,100000,True,tanhMargin,,,,,,,,,0.8,1000,2000000,True,False,200,extendedPlotting/lpEndpointHitRate
1779643004-none-seed1-eps0.1-bs10000-semi1-ep100-ft50,none,1,47,0.6379446387290955,-0.31351906061172485,2742.0,826.598388671875,797.9854125976562,True,0.1,none,10000,100,50,WeightOnly,100000,True,tanhMargin,,,,,,,,,0.8,1000,2000000,True,False,200,extendedPlotting/lpEndpointHitRate
1779643004-none-seed1-eps0.1-bs10000-semi1-ep100-ft50,none,1,48,0.6371541619300842,-0.3112109899520874,2693.0,826.2402954101562,797.9903564453125,True,0.1,none,10000,100,50,WeightOnly,100000,True,tanhMargin,,,,,,,,,0.8,1000,2000000,True,False,200,extendedPlotting/lpEndpointHitRate
1779643004-none-seed1-eps0.1-bs10000-semi1-ep100-ft50,none,1,49,0.6363636255264282,-0.30929481983184814,2646.0,826.1172485351562,797.9817504882812,True,0.1,none,10000,100,50,WeightOnly,100000,True,tanhMargin,,,,,,,,,0.8,1000,2000000,True,False,200,extendedPlotting/lpEndpointHitRate
1779643004-none-seed1-eps0.1-bs10000-semi1-ep100-ft50,none,1,50,0.6335968375205994,-0.307352751493454,2593.0,826.11376953125,797.9989624023438,True,0.1,none,10000,100,50,WeightOnly,100000,True,tanhMargin,,,,,,,,,0.8,1000,2000000,True,False,200,extendedPlotting/lpEndpointHitRate
1779643004-none-seed1-eps0.1-bs10000-semi1-ep100-ft50,none,1,51,0.6332015991210938,-0.3056127429008484,2524.0,825.817626953125,798.008544921875,True,0.1,none,10000,100,50,WeightOnly,100000,True,tanhMargin,,,,,,,,,0.8,1000,2000000,True,False,200,extendedPlotting/lpEndpointHitRate
1779643004-none-seed1-eps0.1-bs10000-semi1-ep100-ft50,none,1,52,0.6332015991210938,-0.30404767394065857,2499.0,817.4932861328125,798.0106201171875,True,0.1,none,10000,100,50,WeightOnly,100000,True,tanhMargin,,,,,,,,,0.8,1000,2000000,True,False,200,extendedPlotting/lpEndpointHitRate
1779643004-none-seed1-eps0.1-bs10000-semi1-ep100-ft50,none,1,53,0.6332015991210938,-0.3029489517211914,2474.0,813.7831420898438,797.9931030273438,True,0.1,none,10000,100,50,WeightOnly,100000,True,tanhMargin,,,,,,,,,0.8,1000,2000000,True,False,200,extendedPlotting/lpEndpointHitRate
1779643004-none-seed1-eps0.1-bs10000-semi1-ep100-ft50,none,1,54,0.6328063011169434,-0.30216893553733826,2457.0,811.5914306640625,797.988525390625,True,0.1,none,10000,100,50,WeightOnly,100000,True,tanhMargin,,,,,,,,,0.8,1000,2000000,True,False,200,extendedPlotting/lpEndpointHitRate
1779643004-none-seed1-eps0.1-bs10000-semi1-ep100-ft50,none,1,55,0.6320158243179321,-0.3015094995498657,2432.0,810.0972290039062,797.9915161132812,True,0.1,none,10000,100,50,WeightOnly,100000,True,tanhMargin,,,,,,,,,0.8,1000,2000000,True,False,200,extendedPlotting/lpEndpointHitRate
1779643004-none-seed1-eps0.1-bs10000-semi1-ep100-ft50,none,1,56,0.6320158243179321,-0.3009505271911621,2413.0,809.0208129882812,798.00439453125,True,0.1,none,10000,100,50,WeightOnly,100000,True,tanhMargin,,,,,,,,,0.8,1000,2000000,True,False,200,extendedPlotting/lpEndpointHitRate
1779643004-none-seed1-eps0.1-bs10000-semi1-ep100-ft50,none,1,57,0.6320158243179321,-0.3004211187362671,2395.0,808.1857299804688,798.00048828125,True,0.1,none,10000,100,50,WeightOnly,100000,True,tanhMargin,,,,,,,,,0.8,1000,2000000,True,False,200,extendedPlotting/lpEndpointHitRate
1779643004-none-seed1-eps0.1-bs10000-semi1-ep100-ft50,none,1,58,0.6320158243179321,-0.2998622953891754,2381.0,807.5114135742188,797.9912109375,True,0.1,none,10000,100,50,WeightOnly,100000,True,tanhMargin,,,,,,,,,0.8,1000,2000000,True,False,200,extendedPlotting/lpEndpointHitRate
1779643004-none-seed1-eps0.1-bs10000-semi1-ep100-ft50,none,1,59,0.6316205263137817,-0.2994549870491028,2369.0,806.936279296875,797.9998168945312,True,0.1,none,10000,100,50,WeightOnly,100000,True,tanhMargin,,,,,,,,,0.8,1000,2000000,True,False,200,extendedPlotting/lpEndpointHitRate
1779643004-none-seed1-eps0.1-bs10000-semi1-ep100-ft50,none,1,60,0.6316205263137817,-0.2990083694458008,2358.0,806.4515991210938,798.0029296875,True,0.1,none,10000,100,50,WeightOnly,100000,True,tanhMargin,,,,,,,,,0.8,1000,2000000,True,False,200,extendedPlotting/lpEndpointHitRate
1779643004-none-seed1-eps0.1-bs10000-semi1-ep100-ft50,none,1,61,0.6312252879142761,-0.2986653745174408,2350.0,806.0504150390625,797.9974365234375,True,0.1,none,10000,100,50,WeightOnly,100000,True,tanhMargin,,,,,,,,,0.8,1000,2000000,True,False,200,extendedPlotting/lpEndpointHitRate
1779643004-none-seed1-eps0.1-bs10000-semi1-ep100-ft50,none,1,62,0.6312252879142761,-0.2982022762298584,2339.0,805.6670532226562,798.0052490234375,True,0.1,none,10000,100,50,WeightOnly,100000,True,tanhMargin,,,,,,,,,0.8,1000,2000000,True,False,200,extendedPlotting/lpEndpointHitRate
1779643004-none-seed1-eps0.1-bs10000-semi1-ep100-ft50,none,1,63,0.6304348111152649,-0.29781198501586914,2328.0,805.3665161132812,797.9857177734375,True,0.1,none,10000,100,50,WeightOnly,100000,True,tanhMargin,,,,,,,,,0.8,1000,2000000,True,False,200,extendedPlotting/lpEndpointHitRate
1779643004-none-seed1-eps0.1-bs10000-semi1-ep100-ft50,none,1,64,0.6304348111152649,-0.2974426746368408,2320.0,805.054443359375,797.996826171875,True,0.1,none,10000,100,50,WeightOnly,100000,True,tanhMargin,,,,,,,,,0.8,1000,2000000,True,False,200,extendedPlotting/lpEndpointHitRate
1779643004-none-seed1-eps0.1-bs10000-semi1-ep100-ft50,none,1,65,0.6304348111152649,-0.29722902178764343,2314.0,804.8036499023438,797.99560546875,True,0.1,none,10000,100,50,WeightOnly,100000,True,tanhMargin,,,,,,,,,0.8,1000,2000000,True,False,200,extendedPlotting/lpEndpointHitRate
1779643004-none-seed1-eps0.1-bs10000-semi1-ep100-ft50,none,1,66,0.6304348111152649,-0.2968790531158447,2309.0,804.5783081054688,798.0108032226562,True,0.1,none,10000,100,50,WeightOnly,100000,True,tanhMargin,,,,,,,,,0.8,1000,2000000,True,False,200,extendedPlotting/lpEndpointHitRate
1779643004-none-seed1-eps0.1-bs10000-semi1-ep100-ft50,none,1,67,0.6300395131111145,-0.2966068685054779,2301.0,804.3651733398438,797.9889526367188,True,0.1,none,10000,100,50,WeightOnly,100000,True,tanhMargin,,,,,,,,,0.8,1000,2000000,True,False,200,extendedPlotting/lpEndpointHitRate
1779643004-none-seed1-eps0.1-bs10000-semi1-ep100-ft50,none,1,68,0.6296442747116089,-0.2963384687900543,2292.0,804.1658935546875,798.005615234375,True,0.1,none,10000,100,50,WeightOnly,100000,True,tanhMargin,,,,,,,,,0.8,1000,2000000,True,False,200,extendedPlotting/lpEndpointHitRate
1779643004-none-seed1-eps0.1-bs10000-semi1-ep100-ft50,none,1,69,0.6292490363121033,-0.2961095869541168,2282.0,803.9868774414062,798.0007934570312,True,0.1,none,10000,100,50,WeightOnly,100000,True,tanhMargin,,,,,,,,,0.8,1000,2000000,True,False,200,extendedPlotting/lpEndpointHitRate
1779643004-none-seed1-eps0.1-bs10000-semi1-ep100-ft50,none,1,70,0.6292490363121033,-0.29588520526885986,2273.0,803.8233642578125,798.0120849609375,True,0.1,none,10000,100,50,WeightOnly,100000,True,tanhMargin,,,,,,,,,0.8,1000,2000000,True,False,200,extendedPlotting/lpEndpointHitRate
1779643004-none-seed1-eps0.1-bs10000-semi1-ep100-ft50,none,1,71,0.6292490363121033,-0.2956559956073761,2268.0,803.6760864257812,798.0010375976562,True,0.1,none,10000,100,50,WeightOnly,100000,True,tanhMargin,,,,,,,,,0.8,1000,2000000,True,False,200,extendedPlotting/lpEndpointHitRate
1779643004-none-seed1-eps0.1-bs10000-semi1-ep100-ft50,none,1,72,0.6292490363121033,-0.2954575717449188,2262.0,803.5267333984375,797.99267578125,True,0.1,none,10000,100,50,WeightOnly,100000,True,tanhMargin,,,,,,,,,0.8,1000,2000000,True,False,200,extendedPlotting/lpEndpointHitRate
1779643004-none-seed1-eps0.1-bs10000-semi1-ep100-ft50,none,1,73,0.6292490363121033,-0.2952690124511719,2258.0,803.3817749023438,797.998046875,True,0.1,none,10000,100,50,WeightOnly,100000,True,tanhMargin,,,,,,,,,0.8,1000,2000000,True,False,200,extendedPlotting/lpEndpointHitRate
1779643004-none-seed1-eps0.1-bs10000-semi1-ep100-ft50,none,1,74,0.6292490363121033,-0.29512178897857666,2247.0,803.2603759765625,798.0083618164062,True,0.1,none,10000,100,50,WeightOnly,100000,True,tanhMargin,,,,,,,,,0.8,1000,2000000,True,False,200,extendedPlotting/lpEndpointHitRate
1779643004-none-seed1-eps0.1-bs10000-semi1-ep100-ft50,none,1,75,0.6288537383079529,-0.2949359714984894,2246.0,803.1668701171875,797.9909057617188,True,0.1,none,10000,100,50,WeightOnly,100000,True,tanhMargin,,,,,,,,,0.8,1000,2000000,True,False,200,extendedPlotting/lpEndpointHitRate
1779643004-none-seed1-eps0.1-bs10000-semi1-ep100-ft50,none,1,76,0.6288537383079529,-0.294785737991333,2241.0,803.035888671875,798.0130615234375,True,0.1,none,10000,100,50,WeightOnly,100000,True,tanhMargin,,,,,,,,,0.8,1000,2000000,True,False,200,extendedPlotting/lpEndpointHitRate
1779643004-none-seed1-eps0.1-bs10000-semi1-ep100-ft50,none,1,77,0.6288537383079529,-0.29463478922843933,2230.0,802.96337890625,797.9881591796875,True,0.1,none,10000,100,50,WeightOnly,100000,True,tanhMargin,,,,,,,,,0.8,1000,2000000,True,False,200,extendedPlotting/lpEndpointHitRate
1779643004-none-seed1-eps0.1-bs10000-semi1-ep100-ft50,none,1,78,0.6292490363121033,-0.2944939136505127,2227.0,802.8433227539062,797.9962158203125,True,0.1,none,10000,100,50,WeightOnly,100000,True,tanhMargin,,,,,,,,,0.8,1000,2000000,True,False,200,extendedPlotting/lpEndpointHitRate
1779643004-none-seed1-eps0.1-bs10000-semi1-ep100-ft50,none,1,79,0.6288537383079529,-0.2943848967552185,2222.0,802.7576904296875,797.9906005859375,True,0.1,none,10000,100,50,WeightOnly,100000,True,tanhMargin,,,,,,,,,0.8,1000,2000000,True,False,200,extendedPlotting/lpEndpointHitRate
1779643004-none-seed1-eps0.1-bs10000-semi1-ep100-ft50,none,1,80,0.6288537383079529,-0.29420748353004456,2208.0,802.6661987304688,798.0017700195312,True,0.1,none,10000,100,50,WeightOnly,100000,True,tanhMargin,,,,,,,,,0.8,1000,2000000,True,False,200,extendedPlotting/lpEndpointHitRate
1779643004-none-seed1-eps0.1-bs10000-semi1-ep100-ft50,none,1,81,0.6288537383079529,-0.2940647304058075,2200.0,802.5992431640625,798.00048828125,True,0.1,none,10000,100,50,WeightOnly,100000,True,tanhMargin,,,,,,,,,0.8,1000,2000000,True,False,200,extendedPlotting/lpEndpointHitRate
1779643004-none-seed1-eps0.1-bs10000-semi1-ep100-ft50,none,1,82,0.6288537383079529,-0.29395678639411926,2196.0,802.5223388671875,798.0037841796875,True,0.1,none,10000,100,50,WeightOnly,100000,True,tanhMargin,,,,,,,,,0.8,1000,2000000,True,False,200,extendedPlotting/lpEndpointHitRate
1779643004-none-seed1-eps0.1-bs10000-semi1-ep100-ft50,none,1,83,0.6288537383079529,-0.2938060462474823,2192.0,802.450439453125,798.0003662109375,True,0.1,none,10000,100,50,WeightOnly,100000,True,tanhMargin,,,,,,,,,0.8,1000,2000000,True,False,200,extendedPlotting/lpEndpointHitRate
1779643004-none-seed1-eps0.1-bs10000-semi1-ep100-ft50,none,1,84,0.6288537383079529,-0.29369667172431946,2187.0,802.3775024414062,797.9913330078125,True,0.1,none,10000,100,50,WeightOnly,100000,True,tanhMargin,,,,,,,,,0.8,1000,2000000,True,False,200,extendedPlotting/lpEndpointHitRate
1779643004-none-seed1-eps0.1-bs10000-semi1-ep100-ft50,none,1,85,0.6288537383079529,-0.2935084104537964,2181.0,802.2982788085938,798.009033203125,True,0.1,none,10000,100,50,WeightOnly,100000,True,tanhMargin,,,,,,,,,0.8,1000,2000000,True,False,200,extendedPlotting/lpEndpointHitRate
1779643004-none-seed1-eps0.1-bs10000-semi1-ep100-ft50,none,1,86,0.6288537383079529,-0.2933945655822754,2175.0,802.2561645507812,798.014404296875,True,0.1,none,10000,100,50,WeightOnly,100000,True,tanhMargin,,,,,,,,,0.8,1000,2000000,True,False,200,extendedPlotting/lpEndpointHitRate
1779643004-none-seed1-eps0.1-bs10000-semi1-ep100-ft50,none,1,87,0.6288537383079529,-0.2932693064212799,2169.0,802.199462890625,797.99853515625,True,0.1,none,10000,100,50,WeightOnly,100000,True,tanhMargin,,,,,,,,,0.8,1000,2000000,True,False,200,extendedPlotting/lpEndpointHitRate
1779643004-none-seed1-eps0.1-bs10000-semi1-ep100-ft50,none,1,88,0.6288537383079529,-0.29317229986190796,2167.0,802.1323852539062,797.99853515625,True,0.1,none,10000,100,50,WeightOnly,100000,True,tanhMargin,,,,,,,,,0.8,1000,2000000,True,False,200,extendedPlotting/lpEndpointHitRate
1779643004-none-seed1-eps0.1-bs10000-semi1-ep100-ft50,none,1,89,0.6288537383079529,-0.29307886958122253,2164.0,802.0677490234375,797.9862670898438,True,0.1,none,10000,100,50,WeightOnly,100000,True,tanhMargin,,,,,,,,,0.8,1000,2000000,True,False,200,extendedPlotting/lpEndpointHitRate
1779643004-none-seed1-eps0.1-bs10000-semi1-ep100-ft50,none,1,90,0.6288537383079529,-0.29293158650398254,2156.0,802.0112915039062,798.0155029296875,True,0.1,none,10000,100,50,WeightOnly,100000,True,tanhMargin,,,,,,,,,0.8,1000,2000000,True,False,200,extendedPlotting/lpEndpointHitRate
1779643004-none-seed1-eps0.1-bs10000-semi1-ep100-ft50,none,1,91,0.6288537383079529,-0.2928290367126465,2154.0,801.9905395507812,798.008056640625,True,0.1,none,10000,100,50,WeightOnly,100000,True,tanhMargin,,,,,,,,,0.8,1000,2000000,True,False,200,extendedPlotting/lpEndpointHitRate
1779643004-none-seed1-eps0.1-bs10000-semi1-ep100-ft50,none,1,92,0.6288537383079529,-0.2927058935165405,2150.0,801.9228515625,798.01318359375,True,0.1,none,10000,100,50,WeightOnly,100000,True,tanhMargin,,,,,,,,,0.8,1000,2000000,True,False,200,extendedPlotting/lpEndpointHitRate
1779643004-none-seed1-eps0.1-bs10000-semi1-ep100-ft50,none,1,93,0.6288537383079529,-0.29263997077941895,2148.0,801.8849487304688,798.0086059570312,True,0.1,none,10000,100,50,WeightOnly,100000,True,tanhMargin,,,,,,,,,0.8,1000,2000000,True,False,200,extendedPlotting/lpEndpointHitRate
1779643004-none-seed1-eps0.1-bs10000-semi1-ep100-ft50,none,1,94,0.6288537383079529,-0.2925361096858978,2144.0,801.8328857421875,798.0140991210938,True,0.1,none,10000,100,50,WeightOnly,100000,True,tanhMargin,,,,,,,,,0.8,1000,2000000,True,False,200,extendedPlotting/lpEndpointHitRate
1779643004-none-seed1-eps0.1-bs10000-semi1-ep100-ft50,none,1,95,0.6288537383079529,-0.2924287021160126,2139.0,801.7950439453125,798.005859375,True,0.1,none,10000,100,50,WeightOnly,100000,True,tanhMargin,,,,,,,,,0.8,1000,2000000,True,False,200,extendedPlotting/lpEndpointHitRate
1779643004-none-seed1-eps0.1-bs10000-semi1-ep100-ft50,none,1,96,0.6288537383079529,-0.29235824942588806,2134.0,801.7394409179688,798.0040893554688,True,0.1,none,10000,100,50,WeightOnly,100000,True,tanhMargin,,,,,,,,,0.8,1000,2000000,True,False,200,extendedPlotting/lpEndpointHitRate
1779643004-none-seed1-eps0.1-bs10000-semi1-ep100-ft50,none,1,97,0.6288537383079529,-0.2922818064689636,2129.0,801.7066650390625,797.9942016601562,True,0.1,none,10000,100,50,WeightOnly,100000,True,tanhMargin,,,,,,,,,0.8,1000,2000000,True,False,200,extendedPlotting/lpEndpointHitRate
1779643004-none-seed1-eps0.1-bs10000-semi1-ep100-ft50,none,1,98,0.6288537383079529,-0.292220801115036,2128.0,801.6532592773438,797.9859619140625,True,0.1,none,10000,100,50,WeightOnly,100000,True,tanhMargin,,,,,,,,,0.8,1000,2000000,True,False,200,extendedPlotting/lpEndpointHitRate
1779643004-none-seed1-eps0.1-bs10000-semi1-ep100-ft50,none,1,99,0.6288537383079529,-0.2921128273010254,2126.0,801.60400390625,798.0073852539062,True,0.1,none,10000,100,50,WeightOnly,100000,True,tanhMargin,,,,,,,,,0.8,1000,2000000,True,False,200,extendedPlotting/lpEndpointHitRate
1779643004-none-seed1-eps0.1-bs10000-semi1-ep100-ft50,none,1,100,0.6288537383079529,-0.29200661182403564,2124.0,801.5942993164062,797.9955444335938,True,0.1,none,10000,100,50,WeightOnly,100000,True,tanhMargin,,,,,,,,,0.8,1000,2000000,True,False,200,extendedPlotting/lpEndpointHitRate
