seed,repeat,sampling_seed,small_block_size,condition,injection_epoch,n_injected,baseline_accuracy,final_accuracy,accuracy_effect,runtime_seconds,diagnostics_path
0,0,730000,250,baseline,0,0,0.8173912763595581,0.8173912763595581,0.0,76.78591842763126,
0,0,730000,250,large_final_missed,0,10,0.8173912763595581,0.813834011554718,0.003557264804840088,73.36739564314485,/home/hschult5/AttackerGNN/notebooks/prbcd_miss_condition_updated/outputs/prbcd_miss_condition_experiments/cora_ml__20260724_160453/raw_diagnostics/inject_large_final_missed_epoch0_seed0_rep0_B250.pt
0,0,730000,250,large_top_signal,0,10,0.8173912763595581,0.812252938747406,0.0051383376121521,73.57671703957021,/home/hschult5/AttackerGNN/notebooks/prbcd_miss_condition_updated/outputs/prbcd_miss_condition_experiments/cora_ml__20260724_160453/raw_diagnostics/inject_large_top_signal_epoch0_seed0_rep0_B250.pt
0,0,730000,250,large_only_random,0,10,0.8173912763595581,0.8177865743637085,-0.0003952980041503906,73.32305920869112,/home/hschult5/AttackerGNN/notebooks/prbcd_miss_condition_updated/outputs/prbcd_miss_condition_experiments/cora_ml__20260724_160453/raw_diagnostics/inject_large_only_random_epoch0_seed0_rep0_B250.pt
0,0,730000,250,random_unseen_control,0,10,0.8173912763595581,0.8173912763595581,0.0,73.28929539583623,/home/hschult5/AttackerGNN/notebooks/prbcd_miss_condition_updated/outputs/prbcd_miss_condition_experiments/cora_ml__20260724_160453/raw_diagnostics/inject_random_unseen_control_epoch0_seed0_rep0_B250.pt
0,0,730000,250,baseline,9,0,0.8173912763595581,0.8173912763595581,0.0,76.78591842763126,
0,0,730000,250,large_final_missed,9,10,0.8173912763595581,0.8169960379600525,0.00039523839950561523,73.37874082289636,/home/hschult5/AttackerGNN/notebooks/prbcd_miss_condition_updated/outputs/prbcd_miss_condition_experiments/cora_ml__20260724_160453/raw_diagnostics/inject_large_final_missed_epoch9_seed0_rep0_B250.pt
0,0,730000,250,large_top_signal,9,10,0.8173912763595581,0.8150197863578796,0.002371490001678467,75.03871568106115,/home/hschult5/AttackerGNN/notebooks/prbcd_miss_condition_updated/outputs/prbcd_miss_condition_experiments/cora_ml__20260724_160453/raw_diagnostics/inject_large_top_signal_epoch9_seed0_rep0_B250.pt
0,0,730000,250,large_only_random,9,10,0.8173912763595581,0.8173912763595581,0.0,83.34591725096107,/home/hschult5/AttackerGNN/notebooks/prbcd_miss_condition_updated/outputs/prbcd_miss_condition_experiments/cora_ml__20260724_160453/raw_diagnostics/inject_large_only_random_epoch9_seed0_rep0_B250.pt
0,0,730000,250,random_unseen_control,9,10,0.8173912763595581,0.8173912763595581,0.0,81.44855445250869,/home/hschult5/AttackerGNN/notebooks/prbcd_miss_condition_updated/outputs/prbcd_miss_condition_experiments/cora_ml__20260724_160453/raw_diagnostics/inject_random_unseen_control_epoch9_seed0_rep0_B250.pt
0,0,730000,250,baseline,24,0,0.8173912763595581,0.8173912763595581,0.0,76.78591842763126,
0,0,730000,250,large_final_missed,24,10,0.8173912763595581,0.8173912763595581,0.0,82.14815306477249,/home/hschult5/AttackerGNN/notebooks/prbcd_miss_condition_updated/outputs/prbcd_miss_condition_experiments/cora_ml__20260724_160453/raw_diagnostics/inject_large_final_missed_epoch24_seed0_rep0_B250.pt
0,0,730000,250,large_top_signal,24,10,0.8173912763595581,0.8162055611610413,0.0011857151985168457,82.41084967181087,/home/hschult5/AttackerGNN/notebooks/prbcd_miss_condition_updated/outputs/prbcd_miss_condition_experiments/cora_ml__20260724_160453/raw_diagnostics/inject_large_top_signal_epoch24_seed0_rep0_B250.pt
0,0,730000,250,large_only_random,24,10,0.8173912763595581,0.8173912763595581,0.0,83.10179141908884,/home/hschult5/AttackerGNN/notebooks/prbcd_miss_condition_updated/outputs/prbcd_miss_condition_experiments/cora_ml__20260724_160453/raw_diagnostics/inject_large_only_random_epoch24_seed0_rep0_B250.pt
0,0,730000,250,random_unseen_control,24,10,0.8173912763595581,0.8173912763595581,0.0,82.84307687357068,/home/hschult5/AttackerGNN/notebooks/prbcd_miss_condition_updated/outputs/prbcd_miss_condition_experiments/cora_ml__20260724_160453/raw_diagnostics/inject_random_unseen_control_epoch24_seed0_rep0_B250.pt
0,0,730000,250,baseline,49,0,0.8173912763595581,0.8173912763595581,0.0,76.78591842763126,
0,0,730000,250,large_final_missed,49,10,0.8173912763595581,0.8154150247573853,0.0019762516021728516,81.87708308734,/home/hschult5/AttackerGNN/notebooks/prbcd_miss_condition_updated/outputs/prbcd_miss_condition_experiments/cora_ml__20260724_160453/raw_diagnostics/inject_large_final_missed_epoch49_seed0_rep0_B250.pt
0,0,730000,250,large_top_signal,49,10,0.8173912763595581,0.813043475151062,0.004347801208496094,81.75762897543609,/home/hschult5/AttackerGNN/notebooks/prbcd_miss_condition_updated/outputs/prbcd_miss_condition_experiments/cora_ml__20260724_160453/raw_diagnostics/inject_large_top_signal_epoch49_seed0_rep0_B250.pt
0,0,730000,250,large_only_random,49,10,0.8173912763595581,0.8181818127632141,-0.0007905364036560059,80.85755181871355,/home/hschult5/AttackerGNN/notebooks/prbcd_miss_condition_updated/outputs/prbcd_miss_condition_experiments/cora_ml__20260724_160453/raw_diagnostics/inject_large_only_random_epoch49_seed0_rep0_B250.pt
0,0,730000,250,random_unseen_control,49,10,0.8173912763595581,0.8177865743637085,-0.0003952980041503906,81.74407306499779,/home/hschult5/AttackerGNN/notebooks/prbcd_miss_condition_updated/outputs/prbcd_miss_condition_experiments/cora_ml__20260724_160453/raw_diagnostics/inject_random_unseen_control_epoch49_seed0_rep0_B250.pt
0,0,730000,250,baseline,99,0,0.8173912763595581,0.8173912763595581,0.0,76.78591842763126,
0,0,730000,250,large_final_missed,99,10,0.8173912763595581,0.8146244883537292,0.0027667880058288574,82.96228868700564,/home/hschult5/AttackerGNN/notebooks/prbcd_miss_condition_updated/outputs/prbcd_miss_condition_experiments/cora_ml__20260724_160453/raw_diagnostics/inject_large_final_missed_epoch99_seed0_rep0_B250.pt
0,0,730000,250,large_top_signal,99,10,0.8173912763595581,0.8134387135505676,0.0039525628089904785,81.76757370494306,/home/hschult5/AttackerGNN/notebooks/prbcd_miss_condition_updated/outputs/prbcd_miss_condition_experiments/cora_ml__20260724_160453/raw_diagnostics/inject_large_top_signal_epoch99_seed0_rep0_B250.pt
0,0,730000,250,large_only_random,99,10,0.8173912763595581,0.8173912763595581,0.0,83.08364553377032,/home/hschult5/AttackerGNN/notebooks/prbcd_miss_condition_updated/outputs/prbcd_miss_condition_experiments/cora_ml__20260724_160453/raw_diagnostics/inject_large_only_random_epoch99_seed0_rep0_B250.pt
0,0,730000,250,random_unseen_control,99,10,0.8173912763595581,0.8173912763595581,0.0,80.68081039190292,/home/hschult5/AttackerGNN/notebooks/prbcd_miss_condition_updated/outputs/prbcd_miss_condition_experiments/cora_ml__20260724_160453/raw_diagnostics/inject_random_unseen_control_epoch99_seed0_rep0_B250.pt
0,0,730000,250,baseline,299,0,0.8173912763595581,0.8173912763595581,0.0,76.78591842763126,
0,0,730000,250,large_final_missed,299,10,0.8173912763595581,0.8173912763595581,0.0,81.79922606050968,/home/hschult5/AttackerGNN/notebooks/prbcd_miss_condition_updated/outputs/prbcd_miss_condition_experiments/cora_ml__20260724_160453/raw_diagnostics/inject_large_final_missed_epoch299_seed0_rep0_B250.pt
0,0,730000,250,large_top_signal,299,10,0.8173912763595581,0.8173912763595581,0.0,82.5543723795563,/home/hschult5/AttackerGNN/notebooks/prbcd_miss_condition_updated/outputs/prbcd_miss_condition_experiments/cora_ml__20260724_160453/raw_diagnostics/inject_large_top_signal_epoch299_seed0_rep0_B250.pt
0,0,730000,250,large_only_random,299,10,0.8173912763595581,0.8173912763595581,0.0,81.68835803307593,/home/hschult5/AttackerGNN/notebooks/prbcd_miss_condition_updated/outputs/prbcd_miss_condition_experiments/cora_ml__20260724_160453/raw_diagnostics/inject_large_only_random_epoch299_seed0_rep0_B250.pt
0,0,730000,250,random_unseen_control,299,10,0.8173912763595581,0.8173912763595581,0.0,81.63794987276196,/home/hschult5/AttackerGNN/notebooks/prbcd_miss_condition_updated/outputs/prbcd_miss_condition_experiments/cora_ml__20260724_160453/raw_diagnostics/inject_random_unseen_control_epoch299_seed0_rep0_B250.pt
0,0,730000,500,baseline,0,0,0.8126482367515564,0.8126482367515564,0.0,76.9115307983011,
0,0,730000,500,large_final_missed,0,10,0.8126482367515564,0.8098814487457275,0.0027667880058288574,84.18249625898898,/home/hschult5/AttackerGNN/notebooks/prbcd_miss_condition_updated/outputs/prbcd_miss_condition_experiments/cora_ml__20260724_160453/raw_diagnostics/inject_large_final_missed_epoch0_seed0_rep0_B500.pt
0,0,730000,500,large_top_signal,0,10,0.8126482367515564,0.8086956739425659,0.0039525628089904785,84.39407505653799,/home/hschult5/AttackerGNN/notebooks/prbcd_miss_condition_updated/outputs/prbcd_miss_condition_experiments/cora_ml__20260724_160453/raw_diagnostics/inject_large_top_signal_epoch0_seed0_rep0_B500.pt
0,0,730000,500,large_only_random,0,10,0.8126482367515564,0.812252938747406,0.0003952980041503906,83.69179432466626,/home/hschult5/AttackerGNN/notebooks/prbcd_miss_condition_updated/outputs/prbcd_miss_condition_experiments/cora_ml__20260724_160453/raw_diagnostics/inject_large_only_random_epoch0_seed0_rep0_B500.pt
0,0,730000,500,random_unseen_control,0,10,0.8126482367515564,0.812252938747406,0.0003952980041503906,84.31613682024181,/home/hschult5/AttackerGNN/notebooks/prbcd_miss_condition_updated/outputs/prbcd_miss_condition_experiments/cora_ml__20260724_160453/raw_diagnostics/inject_random_unseen_control_epoch0_seed0_rep0_B500.pt
0,0,730000,500,baseline,9,0,0.8126482367515564,0.8126482367515564,0.0,76.9115307983011,
0,0,730000,500,large_final_missed,9,10,0.8126482367515564,0.812252938747406,0.0003952980041503906,83.38260034285486,/home/hschult5/AttackerGNN/notebooks/prbcd_miss_condition_updated/outputs/prbcd_miss_condition_experiments/cora_ml__20260724_160453/raw_diagnostics/inject_large_final_missed_epoch9_seed0_rep0_B500.pt
0,0,730000,500,large_top_signal,9,10,0.8126482367515564,0.8106719255447388,0.001976311206817627,82.68273918889463,/home/hschult5/AttackerGNN/notebooks/prbcd_miss_condition_updated/outputs/prbcd_miss_condition_experiments/cora_ml__20260724_160453/raw_diagnostics/inject_large_top_signal_epoch9_seed0_rep0_B500.pt
0,0,730000,500,large_only_random,9,10,0.8126482367515564,0.8126482367515564,0.0,83.76996649615467,/home/hschult5/AttackerGNN/notebooks/prbcd_miss_condition_updated/outputs/prbcd_miss_condition_experiments/cora_ml__20260724_160453/raw_diagnostics/inject_large_only_random_epoch9_seed0_rep0_B500.pt
0,0,730000,500,random_unseen_control,9,10,0.8126482367515564,0.8126482367515564,0.0,82.5920040551573,/home/hschult5/AttackerGNN/notebooks/prbcd_miss_condition_updated/outputs/prbcd_miss_condition_experiments/cora_ml__20260724_160453/raw_diagnostics/inject_random_unseen_control_epoch9_seed0_rep0_B500.pt
0,0,730000,500,baseline,24,0,0.8126482367515564,0.8126482367515564,0.0,76.9115307983011,
0,0,730000,500,large_final_missed,24,10,0.8126482367515564,0.8118577003479004,0.0007905364036560059,83.69246061518788,/home/hschult5/AttackerGNN/notebooks/prbcd_miss_condition_updated/outputs/prbcd_miss_condition_experiments/cora_ml__20260724_160453/raw_diagnostics/inject_large_final_missed_epoch24_seed0_rep0_B500.pt
0,0,730000,500,large_top_signal,24,10,0.8126482367515564,0.8118577003479004,0.0007905364036560059,84.38814710266888,/home/hschult5/AttackerGNN/notebooks/prbcd_miss_condition_updated/outputs/prbcd_miss_condition_experiments/cora_ml__20260724_160453/raw_diagnostics/inject_large_top_signal_epoch24_seed0_rep0_B500.pt
0,0,730000,500,large_only_random,24,10,0.8126482367515564,0.8126482367515564,0.0,82.04055720381439,/home/hschult5/AttackerGNN/notebooks/prbcd_miss_condition_updated/outputs/prbcd_miss_condition_experiments/cora_ml__20260724_160453/raw_diagnostics/inject_large_only_random_epoch24_seed0_rep0_B500.pt
0,0,730000,500,random_unseen_control,24,10,0.8126482367515564,0.8126482367515564,0.0,86.77371265925467,/home/hschult5/AttackerGNN/notebooks/prbcd_miss_condition_updated/outputs/prbcd_miss_condition_experiments/cora_ml__20260724_160453/raw_diagnostics/inject_random_unseen_control_epoch24_seed0_rep0_B500.pt
0,0,730000,500,baseline,49,0,0.8126482367515564,0.8126482367515564,0.0,76.9115307983011,
0,0,730000,500,large_final_missed,49,10,0.8126482367515564,0.8098814487457275,0.0027667880058288574,83.90294517949224,/home/hschult5/AttackerGNN/notebooks/prbcd_miss_condition_updated/outputs/prbcd_miss_condition_experiments/cora_ml__20260724_160453/raw_diagnostics/inject_large_final_missed_epoch49_seed0_rep0_B500.pt
0,0,730000,500,large_top_signal,49,10,0.8126482367515564,0.8083003759384155,0.004347860813140869,82.81425792723894,/home/hschult5/AttackerGNN/notebooks/prbcd_miss_condition_updated/outputs/prbcd_miss_condition_experiments/cora_ml__20260724_160453/raw_diagnostics/inject_large_top_signal_epoch49_seed0_rep0_B500.pt
0,0,730000,500,large_only_random,49,10,0.8126482367515564,0.8126482367515564,0.0,82.84176837094128,/home/hschult5/AttackerGNN/notebooks/prbcd_miss_condition_updated/outputs/prbcd_miss_condition_experiments/cora_ml__20260724_160453/raw_diagnostics/inject_large_only_random_epoch49_seed0_rep0_B500.pt
0,0,730000,500,random_unseen_control,49,10,0.8126482367515564,0.8126482367515564,0.0,83.43639122880995,/home/hschult5/AttackerGNN/notebooks/prbcd_miss_condition_updated/outputs/prbcd_miss_condition_experiments/cora_ml__20260724_160453/raw_diagnostics/inject_random_unseen_control_epoch49_seed0_rep0_B500.pt
0,0,730000,500,baseline,99,0,0.8126482367515564,0.8126482367515564,0.0,76.9115307983011,
0,0,730000,500,large_final_missed,99,10,0.8126482367515564,0.8106719255447388,0.001976311206817627,83.28185011446476,/home/hschult5/AttackerGNN/notebooks/prbcd_miss_condition_updated/outputs/prbcd_miss_condition_experiments/cora_ml__20260724_160453/raw_diagnostics/inject_large_final_missed_epoch99_seed0_rep0_B500.pt
0,0,730000,500,large_top_signal,99,10,0.8126482367515564,0.8083003759384155,0.004347860813140869,83.2118349969387,/home/hschult5/AttackerGNN/notebooks/prbcd_miss_condition_updated/outputs/prbcd_miss_condition_experiments/cora_ml__20260724_160453/raw_diagnostics/inject_large_top_signal_epoch99_seed0_rep0_B500.pt
0,0,730000,500,large_only_random,99,10,0.8126482367515564,0.8126482367515564,0.0,84.13106584362686,/home/hschult5/AttackerGNN/notebooks/prbcd_miss_condition_updated/outputs/prbcd_miss_condition_experiments/cora_ml__20260724_160453/raw_diagnostics/inject_large_only_random_epoch99_seed0_rep0_B500.pt
0,0,730000,500,random_unseen_control,99,10,0.8126482367515564,0.8126482367515564,0.0,83.67603781633079,/home/hschult5/AttackerGNN/notebooks/prbcd_miss_condition_updated/outputs/prbcd_miss_condition_experiments/cora_ml__20260724_160453/raw_diagnostics/inject_random_unseen_control_epoch99_seed0_rep0_B500.pt
0,0,730000,500,baseline,299,0,0.8126482367515564,0.8126482367515564,0.0,76.9115307983011,
0,0,730000,500,large_final_missed,299,10,0.8126482367515564,0.8126482367515564,0.0,82.46559704653919,/home/hschult5/AttackerGNN/notebooks/prbcd_miss_condition_updated/outputs/prbcd_miss_condition_experiments/cora_ml__20260724_160453/raw_diagnostics/inject_large_final_missed_epoch299_seed0_rep0_B500.pt
0,0,730000,500,large_top_signal,299,10,0.8126482367515564,0.8126482367515564,0.0,83.37616504356265,/home/hschult5/AttackerGNN/notebooks/prbcd_miss_condition_updated/outputs/prbcd_miss_condition_experiments/cora_ml__20260724_160453/raw_diagnostics/inject_large_top_signal_epoch299_seed0_rep0_B500.pt
0,0,730000,500,large_only_random,299,10,0.8126482367515564,0.8126482367515564,0.0,83.60898518189788,/home/hschult5/AttackerGNN/notebooks/prbcd_miss_condition_updated/outputs/prbcd_miss_condition_experiments/cora_ml__20260724_160453/raw_diagnostics/inject_large_only_random_epoch299_seed0_rep0_B500.pt
0,0,730000,500,random_unseen_control,299,10,0.8126482367515564,0.8126482367515564,0.0,82.79873849079013,/home/hschult5/AttackerGNN/notebooks/prbcd_miss_condition_updated/outputs/prbcd_miss_condition_experiments/cora_ml__20260724_160453/raw_diagnostics/inject_random_unseen_control_epoch299_seed0_rep0_B500.pt
0,0,730000,1000,baseline,0,0,0.8015810251235962,0.8015810251235962,0.0,76.54377780854702,
0,0,730000,1000,large_final_missed,0,10,0.8015810251235962,0.800000011920929,0.0015810132026672363,84.52049128711224,/home/hschult5/AttackerGNN/notebooks/prbcd_miss_condition_updated/outputs/prbcd_miss_condition_experiments/cora_ml__20260724_160453/raw_diagnostics/inject_large_final_missed_epoch0_seed0_rep0_B1000.pt
0,0,730000,1000,large_top_signal,0,10,0.8015810251235962,0.7988142371177673,0.0027667880058288574,84.28216928429902,/home/hschult5/AttackerGNN/notebooks/prbcd_miss_condition_updated/outputs/prbcd_miss_condition_experiments/cora_ml__20260724_160453/raw_diagnostics/inject_large_top_signal_epoch0_seed0_rep0_B1000.pt
0,0,730000,1000,large_only_random,0,10,0.8015810251235962,0.8015810251235962,0.0,83.49847535789013,/home/hschult5/AttackerGNN/notebooks/prbcd_miss_condition_updated/outputs/prbcd_miss_condition_experiments/cora_ml__20260724_160453/raw_diagnostics/inject_large_only_random_epoch0_seed0_rep0_B1000.pt
0,0,730000,1000,random_unseen_control,0,10,0.8015810251235962,0.8007904887199402,0.0007905364036560059,82.34758430346847,/home/hschult5/AttackerGNN/notebooks/prbcd_miss_condition_updated/outputs/prbcd_miss_condition_experiments/cora_ml__20260724_160453/raw_diagnostics/inject_random_unseen_control_epoch0_seed0_rep0_B1000.pt
0,0,730000,1000,baseline,9,0,0.8015810251235962,0.8015810251235962,0.0,76.54377780854702,
0,0,730000,1000,large_final_missed,9,10,0.8015810251235962,0.8007904887199402,0.0007905364036560059,82.99845824763179,/home/hschult5/AttackerGNN/notebooks/prbcd_miss_condition_updated/outputs/prbcd_miss_condition_experiments/cora_ml__20260724_160453/raw_diagnostics/inject_large_final_missed_epoch9_seed0_rep0_B1000.pt
0,0,730000,1000,large_top_signal,9,10,0.8015810251235962,0.800000011920929,0.0015810132026672363,82.26392107829452,/home/hschult5/AttackerGNN/notebooks/prbcd_miss_condition_updated/outputs/prbcd_miss_condition_experiments/cora_ml__20260724_160453/raw_diagnostics/inject_large_top_signal_epoch9_seed0_rep0_B1000.pt
0,0,730000,1000,large_only_random,9,10,0.8015810251235962,0.8015810251235962,0.0,83.06874607130885,/home/hschult5/AttackerGNN/notebooks/prbcd_miss_condition_updated/outputs/prbcd_miss_condition_experiments/cora_ml__20260724_160453/raw_diagnostics/inject_large_only_random_epoch9_seed0_rep0_B1000.pt
0,0,730000,1000,random_unseen_control,9,10,0.8015810251235962,0.8015810251235962,0.0,82.23086695931852,/home/hschult5/AttackerGNN/notebooks/prbcd_miss_condition_updated/outputs/prbcd_miss_condition_experiments/cora_ml__20260724_160453/raw_diagnostics/inject_random_unseen_control_epoch9_seed0_rep0_B1000.pt
0,0,730000,1000,baseline,24,0,0.8015810251235962,0.8015810251235962,0.0,76.54377780854702,
0,0,730000,1000,large_final_missed,24,10,0.8015810251235962,0.8011857867240906,0.00039523839950561523,82.57442446611822,/home/hschult5/AttackerGNN/notebooks/prbcd_miss_condition_updated/outputs/prbcd_miss_condition_experiments/cora_ml__20260724_160453/raw_diagnostics/inject_large_final_missed_epoch24_seed0_rep0_B1000.pt
0,0,730000,1000,large_top_signal,24,10,0.8015810251235962,0.8011857867240906,0.00039523839950561523,82.56193483062088,/home/hschult5/AttackerGNN/notebooks/prbcd_miss_condition_updated/outputs/prbcd_miss_condition_experiments/cora_ml__20260724_160453/raw_diagnostics/inject_large_top_signal_epoch24_seed0_rep0_B1000.pt
0,0,730000,1000,large_only_random,24,10,0.8015810251235962,0.8015810251235962,0.0,83.11803787201643,/home/hschult5/AttackerGNN/notebooks/prbcd_miss_condition_updated/outputs/prbcd_miss_condition_experiments/cora_ml__20260724_160453/raw_diagnostics/inject_large_only_random_epoch24_seed0_rep0_B1000.pt
0,0,730000,1000,random_unseen_control,24,10,0.8015810251235962,0.8015810251235962,0.0,83.4654702115804,/home/hschult5/AttackerGNN/notebooks/prbcd_miss_condition_updated/outputs/prbcd_miss_condition_experiments/cora_ml__20260724_160453/raw_diagnostics/inject_random_unseen_control_epoch24_seed0_rep0_B1000.pt
0,0,730000,1000,baseline,49,0,0.8015810251235962,0.8015810251235962,0.0,76.54377780854702,
0,0,730000,1000,large_final_missed,49,10,0.8015810251235962,0.8003952503204346,0.001185774803161621,83.63133595883846,/home/hschult5/AttackerGNN/notebooks/prbcd_miss_condition_updated/outputs/prbcd_miss_condition_experiments/cora_ml__20260724_160453/raw_diagnostics/inject_large_final_missed_epoch49_seed0_rep0_B1000.pt
0,0,730000,1000,large_top_signal,49,10,0.8015810251235962,0.7996047139167786,0.001976311206817627,83.13495581783354,/home/hschult5/AttackerGNN/notebooks/prbcd_miss_condition_updated/outputs/prbcd_miss_condition_experiments/cora_ml__20260724_160453/raw_diagnostics/inject_large_top_signal_epoch49_seed0_rep0_B1000.pt
0,0,730000,1000,large_only_random,49,10,0.8015810251235962,0.8015810251235962,0.0,81.467529470101,/home/hschult5/AttackerGNN/notebooks/prbcd_miss_condition_updated/outputs/prbcd_miss_condition_experiments/cora_ml__20260724_160453/raw_diagnostics/inject_large_only_random_epoch49_seed0_rep0_B1000.pt
0,0,730000,1000,random_unseen_control,49,10,0.8015810251235962,0.8015810251235962,0.0,83.47623487189412,/home/hschult5/AttackerGNN/notebooks/prbcd_miss_condition_updated/outputs/prbcd_miss_condition_experiments/cora_ml__20260724_160453/raw_diagnostics/inject_random_unseen_control_epoch49_seed0_rep0_B1000.pt
0,0,730000,1000,baseline,99,0,0.8015810251235962,0.8015810251235962,0.0,76.54377780854702,
0,0,730000,1000,large_final_missed,99,10,0.8015810251235962,0.8015810251235962,0.0,83.30162480473518,/home/hschult5/AttackerGNN/notebooks/prbcd_miss_condition_updated/outputs/prbcd_miss_condition_experiments/cora_ml__20260724_160453/raw_diagnostics/inject_large_final_missed_epoch99_seed0_rep0_B1000.pt
0,0,730000,1000,large_top_signal,99,10,0.8015810251235962,0.800000011920929,0.0015810132026672363,81.8921413756907,/home/hschult5/AttackerGNN/notebooks/prbcd_miss_condition_updated/outputs/prbcd_miss_condition_experiments/cora_ml__20260724_160453/raw_diagnostics/inject_large_top_signal_epoch99_seed0_rep0_B1000.pt
0,0,730000,1000,large_only_random,99,10,0.8015810251235962,0.8015810251235962,0.0,85.16542703658342,/home/hschult5/AttackerGNN/notebooks/prbcd_miss_condition_updated/outputs/prbcd_miss_condition_experiments/cora_ml__20260724_160453/raw_diagnostics/inject_large_only_random_epoch99_seed0_rep0_B1000.pt
0,0,730000,1000,random_unseen_control,99,10,0.8015810251235962,0.8015810251235962,0.0,82.14677487686276,/home/hschult5/AttackerGNN/notebooks/prbcd_miss_condition_updated/outputs/prbcd_miss_condition_experiments/cora_ml__20260724_160453/raw_diagnostics/inject_random_unseen_control_epoch99_seed0_rep0_B1000.pt
0,0,730000,1000,baseline,299,0,0.8015810251235962,0.8015810251235962,0.0,76.54377780854702,
0,0,730000,1000,large_final_missed,299,10,0.8015810251235962,0.8015810251235962,0.0,82.95549535006285,/home/hschult5/AttackerGNN/notebooks/prbcd_miss_condition_updated/outputs/prbcd_miss_condition_experiments/cora_ml__20260724_160453/raw_diagnostics/inject_large_final_missed_epoch299_seed0_rep0_B1000.pt
0,0,730000,1000,large_top_signal,299,10,0.8015810251235962,0.8015810251235962,0.0,82.73199122026563,/home/hschult5/AttackerGNN/notebooks/prbcd_miss_condition_updated/outputs/prbcd_miss_condition_experiments/cora_ml__20260724_160453/raw_diagnostics/inject_large_top_signal_epoch299_seed0_rep0_B1000.pt
0,0,730000,1000,large_only_random,299,10,0.8015810251235962,0.8015810251235962,0.0,82.69381471537054,/home/hschult5/AttackerGNN/notebooks/prbcd_miss_condition_updated/outputs/prbcd_miss_condition_experiments/cora_ml__20260724_160453/raw_diagnostics/inject_large_only_random_epoch299_seed0_rep0_B1000.pt
0,0,730000,1000,random_unseen_control,299,10,0.8015810251235962,0.8015810251235962,0.0,81.65697503089905,/home/hschult5/AttackerGNN/notebooks/prbcd_miss_condition_updated/outputs/prbcd_miss_condition_experiments/cora_ml__20260724_160453/raw_diagnostics/inject_random_unseen_control_epoch299_seed0_rep0_B1000.pt
0,0,730000,2000,baseline,0,0,0.7996047139167786,0.7996047139167786,0.0,77.5491992700845,
0,0,730000,2000,large_final_missed,0,10,0.7996047139167786,0.800000011920929,-0.0003952980041503906,83.27203059196472,/home/hschult5/AttackerGNN/notebooks/prbcd_miss_condition_updated/outputs/prbcd_miss_condition_experiments/cora_ml__20260724_160453/raw_diagnostics/inject_large_final_missed_epoch0_seed0_rep0_B2000.pt
0,0,730000,2000,large_top_signal,0,10,0.7996047139167786,0.7964426875114441,0.0031620264053344727,74.36006530746818,/home/hschult5/AttackerGNN/notebooks/prbcd_miss_condition_updated/outputs/prbcd_miss_condition_experiments/cora_ml__20260724_160453/raw_diagnostics/inject_large_top_signal_epoch0_seed0_rep0_B2000.pt
0,0,730000,2000,large_only_random,0,10,0.7996047139167786,0.7996047139167786,0.0,74.42235420271754,/home/hschult5/AttackerGNN/notebooks/prbcd_miss_condition_updated/outputs/prbcd_miss_condition_experiments/cora_ml__20260724_160453/raw_diagnostics/inject_large_only_random_epoch0_seed0_rep0_B2000.pt
0,0,730000,2000,random_unseen_control,0,10,0.7996047139167786,0.7996047139167786,0.0,76.10700406506658,/home/hschult5/AttackerGNN/notebooks/prbcd_miss_condition_updated/outputs/prbcd_miss_condition_experiments/cora_ml__20260724_160453/raw_diagnostics/inject_random_unseen_control_epoch0_seed0_rep0_B2000.pt
0,0,730000,2000,baseline,9,0,0.7996047139167786,0.7996047139167786,0.0,77.5491992700845,
0,0,730000,2000,large_final_missed,9,10,0.7996047139167786,0.799209475517273,0.00039523839950561523,75.6149697508663,/home/hschult5/AttackerGNN/notebooks/prbcd_miss_condition_updated/outputs/prbcd_miss_condition_experiments/cora_ml__20260724_160453/raw_diagnostics/inject_large_final_missed_epoch9_seed0_rep0_B2000.pt
0,0,730000,2000,large_top_signal,9,10,0.7996047139167786,0.7988142371177673,0.0007904767990112305,76.69314240477979,/home/hschult5/AttackerGNN/notebooks/prbcd_miss_condition_updated/outputs/prbcd_miss_condition_experiments/cora_ml__20260724_160453/raw_diagnostics/inject_large_top_signal_epoch9_seed0_rep0_B2000.pt
0,0,730000,2000,large_only_random,9,10,0.7996047139167786,0.7996047139167786,0.0,75.68340149708092,/home/hschult5/AttackerGNN/notebooks/prbcd_miss_condition_updated/outputs/prbcd_miss_condition_experiments/cora_ml__20260724_160453/raw_diagnostics/inject_large_only_random_epoch9_seed0_rep0_B2000.pt
0,0,730000,2000,random_unseen_control,9,10,0.7996047139167786,0.7996047139167786,0.0,75.36847391724586,/home/hschult5/AttackerGNN/notebooks/prbcd_miss_condition_updated/outputs/prbcd_miss_condition_experiments/cora_ml__20260724_160453/raw_diagnostics/inject_random_unseen_control_epoch9_seed0_rep0_B2000.pt
0,0,730000,2000,baseline,24,0,0.7996047139167786,0.7996047139167786,0.0,77.5491992700845,
0,0,730000,2000,large_final_missed,24,10,0.7996047139167786,0.799209475517273,0.00039523839950561523,75.49436239153147,/home/hschult5/AttackerGNN/notebooks/prbcd_miss_condition_updated/outputs/prbcd_miss_condition_experiments/cora_ml__20260724_160453/raw_diagnostics/inject_large_final_missed_epoch24_seed0_rep0_B2000.pt
0,0,730000,2000,large_top_signal,24,10,0.7996047139167786,0.7996047139167786,0.0,74.74222488701344,/home/hschult5/AttackerGNN/notebooks/prbcd_miss_condition_updated/outputs/prbcd_miss_condition_experiments/cora_ml__20260724_160453/raw_diagnostics/inject_large_top_signal_epoch24_seed0_rep0_B2000.pt
0,0,730000,2000,large_only_random,24,10,0.7996047139167786,0.7996047139167786,0.0,76.35725719109178,/home/hschult5/AttackerGNN/notebooks/prbcd_miss_condition_updated/outputs/prbcd_miss_condition_experiments/cora_ml__20260724_160453/raw_diagnostics/inject_large_only_random_epoch24_seed0_rep0_B2000.pt
0,0,730000,2000,random_unseen_control,24,10,0.7996047139167786,0.7996047139167786,0.0,75.51165886595845,/home/hschult5/AttackerGNN/notebooks/prbcd_miss_condition_updated/outputs/prbcd_miss_condition_experiments/cora_ml__20260724_160453/raw_diagnostics/inject_random_unseen_control_epoch24_seed0_rep0_B2000.pt
0,0,730000,2000,baseline,49,0,0.7996047139167786,0.7996047139167786,0.0,77.5491992700845,
0,0,730000,2000,large_final_missed,49,10,0.7996047139167786,0.7996047139167786,0.0,76.49479449167848,/home/hschult5/AttackerGNN/notebooks/prbcd_miss_condition_updated/outputs/prbcd_miss_condition_experiments/cora_ml__20260724_160453/raw_diagnostics/inject_large_final_missed_epoch49_seed0_rep0_B2000.pt
0,0,730000,2000,large_top_signal,49,10,0.7996047139167786,0.7988142371177673,0.0007904767990112305,75.93408468738198,/home/hschult5/AttackerGNN/notebooks/prbcd_miss_condition_updated/outputs/prbcd_miss_condition_experiments/cora_ml__20260724_160453/raw_diagnostics/inject_large_top_signal_epoch49_seed0_rep0_B2000.pt
0,0,730000,2000,large_only_random,49,10,0.7996047139167786,0.7996047139167786,0.0,75.77678688056767,/home/hschult5/AttackerGNN/notebooks/prbcd_miss_condition_updated/outputs/prbcd_miss_condition_experiments/cora_ml__20260724_160453/raw_diagnostics/inject_large_only_random_epoch49_seed0_rep0_B2000.pt
0,0,730000,2000,random_unseen_control,49,10,0.7996047139167786,0.7996047139167786,0.0,76.11129850894213,/home/hschult5/AttackerGNN/notebooks/prbcd_miss_condition_updated/outputs/prbcd_miss_condition_experiments/cora_ml__20260724_160453/raw_diagnostics/inject_random_unseen_control_epoch49_seed0_rep0_B2000.pt
0,0,730000,2000,baseline,99,0,0.7996047139167786,0.7996047139167786,0.0,77.5491992700845,
0,0,730000,2000,large_final_missed,99,10,0.7996047139167786,0.7996047139167786,0.0,75.29952098801732,/home/hschult5/AttackerGNN/notebooks/prbcd_miss_condition_updated/outputs/prbcd_miss_condition_experiments/cora_ml__20260724_160453/raw_diagnostics/inject_large_final_missed_epoch99_seed0_rep0_B2000.pt
0,0,730000,2000,large_top_signal,99,10,0.7996047139167786,0.7988142371177673,0.0007904767990112305,76.51808827742934,/home/hschult5/AttackerGNN/notebooks/prbcd_miss_condition_updated/outputs/prbcd_miss_condition_experiments/cora_ml__20260724_160453/raw_diagnostics/inject_large_top_signal_epoch99_seed0_rep0_B2000.pt
0,0,730000,2000,large_only_random,99,10,0.7996047139167786,0.7996047139167786,0.0,76.05371289141476,/home/hschult5/AttackerGNN/notebooks/prbcd_miss_condition_updated/outputs/prbcd_miss_condition_experiments/cora_ml__20260724_160453/raw_diagnostics/inject_large_only_random_epoch99_seed0_rep0_B2000.pt
0,0,730000,2000,random_unseen_control,99,10,0.7996047139167786,0.7996047139167786,0.0,74.93993869051337,/home/hschult5/AttackerGNN/notebooks/prbcd_miss_condition_updated/outputs/prbcd_miss_condition_experiments/cora_ml__20260724_160453/raw_diagnostics/inject_random_unseen_control_epoch99_seed0_rep0_B2000.pt
0,0,730000,2000,baseline,299,0,0.7996047139167786,0.7996047139167786,0.0,77.5491992700845,
0,0,730000,2000,large_final_missed,299,10,0.7996047139167786,0.7996047139167786,0.0,75.90107307769358,/home/hschult5/AttackerGNN/notebooks/prbcd_miss_condition_updated/outputs/prbcd_miss_condition_experiments/cora_ml__20260724_160453/raw_diagnostics/inject_large_final_missed_epoch299_seed0_rep0_B2000.pt
0,0,730000,2000,large_top_signal,299,10,0.7996047139167786,0.7996047139167786,0.0,75.22014224343002,/home/hschult5/AttackerGNN/notebooks/prbcd_miss_condition_updated/outputs/prbcd_miss_condition_experiments/cora_ml__20260724_160453/raw_diagnostics/inject_large_top_signal_epoch299_seed0_rep0_B2000.pt
0,0,730000,2000,large_only_random,299,10,0.7996047139167786,0.7996047139167786,0.0,76.9954340942204,/home/hschult5/AttackerGNN/notebooks/prbcd_miss_condition_updated/outputs/prbcd_miss_condition_experiments/cora_ml__20260724_160453/raw_diagnostics/inject_large_only_random_epoch299_seed0_rep0_B2000.pt
0,0,730000,2000,random_unseen_control,299,10,0.7996047139167786,0.7996047139167786,0.0,76.32089939899743,/home/hschult5/AttackerGNN/notebooks/prbcd_miss_condition_updated/outputs/prbcd_miss_condition_experiments/cora_ml__20260724_160453/raw_diagnostics/inject_random_unseen_control_epoch299_seed0_rep0_B2000.pt
0,0,730000,3000,baseline,0,0,0.7932806611061096,0.7932806611061096,0.0,78.36057386547327,
0,0,730000,3000,large_final_missed,0,10,0.7932806611061096,0.7944663763046265,-0.0011857151985168457,76.29653040878475,/home/hschult5/AttackerGNN/notebooks/prbcd_miss_condition_updated/outputs/prbcd_miss_condition_experiments/cora_ml__20260724_160453/raw_diagnostics/inject_large_final_missed_epoch0_seed0_rep0_B3000.pt
0,0,730000,3000,large_top_signal,0,10,0.7932806611061096,0.7893280386924744,0.003952622413635254,76.52516362816095,/home/hschult5/AttackerGNN/notebooks/prbcd_miss_condition_updated/outputs/prbcd_miss_condition_experiments/cora_ml__20260724_160453/raw_diagnostics/inject_large_top_signal_epoch0_seed0_rep0_B3000.pt
0,0,730000,3000,large_only_random,0,10,0.7932806611061096,0.7932806611061096,0.0,75.33570608869195,/home/hschult5/AttackerGNN/notebooks/prbcd_miss_condition_updated/outputs/prbcd_miss_condition_experiments/cora_ml__20260724_160453/raw_diagnostics/inject_large_only_random_epoch0_seed0_rep0_B3000.pt
0,0,730000,3000,random_unseen_control,0,10,0.7932806611061096,0.7936758995056152,-0.00039523839950561523,75.04367519542575,/home/hschult5/AttackerGNN/notebooks/prbcd_miss_condition_updated/outputs/prbcd_miss_condition_experiments/cora_ml__20260724_160453/raw_diagnostics/inject_random_unseen_control_epoch0_seed0_rep0_B3000.pt
0,0,730000,3000,baseline,9,0,0.7932806611061096,0.7932806611061096,0.0,78.36057386547327,
0,0,730000,3000,large_final_missed,9,10,0.7932806611061096,0.7932806611061096,0.0,74.90017456747591,/home/hschult5/AttackerGNN/notebooks/prbcd_miss_condition_updated/outputs/prbcd_miss_condition_experiments/cora_ml__20260724_160453/raw_diagnostics/inject_large_final_missed_epoch9_seed0_rep0_B3000.pt
0,0,730000,3000,large_top_signal,9,10,0.7932806611061096,0.792094886302948,0.001185774803161621,72.75137866102159,/home/hschult5/AttackerGNN/notebooks/prbcd_miss_condition_updated/outputs/prbcd_miss_condition_experiments/cora_ml__20260724_160453/raw_diagnostics/inject_large_top_signal_epoch9_seed0_rep0_B3000.pt
0,0,730000,3000,large_only_random,9,10,0.7932806611061096,0.7932806611061096,0.0,73.46767329983413,/home/hschult5/AttackerGNN/notebooks/prbcd_miss_condition_updated/outputs/prbcd_miss_condition_experiments/cora_ml__20260724_160453/raw_diagnostics/inject_large_only_random_epoch9_seed0_rep0_B3000.pt
0,0,730000,3000,random_unseen_control,9,10,0.7932806611061096,0.7932806611061096,0.0,72.81151107698679,/home/hschult5/AttackerGNN/notebooks/prbcd_miss_condition_updated/outputs/prbcd_miss_condition_experiments/cora_ml__20260724_160453/raw_diagnostics/inject_random_unseen_control_epoch9_seed0_rep0_B3000.pt
0,0,730000,3000,baseline,24,0,0.7932806611061096,0.7932806611061096,0.0,78.36057386547327,
0,0,730000,3000,large_final_missed,24,10,0.7932806611061096,0.7932806611061096,0.0,73.85462289489806,/home/hschult5/AttackerGNN/notebooks/prbcd_miss_condition_updated/outputs/prbcd_miss_condition_experiments/cora_ml__20260724_160453/raw_diagnostics/inject_large_final_missed_epoch24_seed0_rep0_B3000.pt
0,0,730000,3000,large_top_signal,24,10,0.7932806611061096,0.7924901247024536,0.0007905364036560059,74.35205443017185,/home/hschult5/AttackerGNN/notebooks/prbcd_miss_condition_updated/outputs/prbcd_miss_condition_experiments/cora_ml__20260724_160453/raw_diagnostics/inject_large_top_signal_epoch24_seed0_rep0_B3000.pt
0,0,730000,3000,large_only_random,24,10,0.7932806611061096,0.7932806611061096,0.0,73.03267490491271,/home/hschult5/AttackerGNN/notebooks/prbcd_miss_condition_updated/outputs/prbcd_miss_condition_experiments/cora_ml__20260724_160453/raw_diagnostics/inject_large_only_random_epoch24_seed0_rep0_B3000.pt
0,0,730000,3000,random_unseen_control,24,10,0.7932806611061096,0.7932806611061096,0.0,73.91423888131976,/home/hschult5/AttackerGNN/notebooks/prbcd_miss_condition_updated/outputs/prbcd_miss_condition_experiments/cora_ml__20260724_160453/raw_diagnostics/inject_random_unseen_control_epoch24_seed0_rep0_B3000.pt
0,0,730000,3000,baseline,49,0,0.7932806611061096,0.7932806611061096,0.0,78.36057386547327,
0,0,730000,3000,large_final_missed,49,10,0.7932806611061096,0.7932806611061096,0.0,72.55648422986269,/home/hschult5/AttackerGNN/notebooks/prbcd_miss_condition_updated/outputs/prbcd_miss_condition_experiments/cora_ml__20260724_160453/raw_diagnostics/inject_large_final_missed_epoch49_seed0_rep0_B3000.pt
0,0,730000,3000,large_top_signal,49,10,0.7932806611061096,0.7924901247024536,0.0007905364036560059,74.22880519367754,/home/hschult5/AttackerGNN/notebooks/prbcd_miss_condition_updated/outputs/prbcd_miss_condition_experiments/cora_ml__20260724_160453/raw_diagnostics/inject_large_top_signal_epoch49_seed0_rep0_B3000.pt
0,0,730000,3000,large_only_random,49,10,0.7932806611061096,0.7932806611061096,0.0,74.0981654562056,/home/hschult5/AttackerGNN/notebooks/prbcd_miss_condition_updated/outputs/prbcd_miss_condition_experiments/cora_ml__20260724_160453/raw_diagnostics/inject_large_only_random_epoch49_seed0_rep0_B3000.pt
0,0,730000,3000,random_unseen_control,49,10,0.7932806611061096,0.7932806611061096,0.0,75.60726699605584,/home/hschult5/AttackerGNN/notebooks/prbcd_miss_condition_updated/outputs/prbcd_miss_condition_experiments/cora_ml__20260724_160453/raw_diagnostics/inject_random_unseen_control_epoch49_seed0_rep0_B3000.pt
0,0,730000,3000,baseline,99,0,0.7932806611061096,0.7932806611061096,0.0,78.36057386547327,
0,0,730000,3000,large_final_missed,99,10,0.7932806611061096,0.7932806611061096,0.0,76.08304734900594,/home/hschult5/AttackerGNN/notebooks/prbcd_miss_condition_updated/outputs/prbcd_miss_condition_experiments/cora_ml__20260724_160453/raw_diagnostics/inject_large_final_missed_epoch99_seed0_rep0_B3000.pt
0,0,730000,3000,large_top_signal,99,10,0.7932806611061096,0.7932806611061096,0.0,76.04849734716117,/home/hschult5/AttackerGNN/notebooks/prbcd_miss_condition_updated/outputs/prbcd_miss_condition_experiments/cora_ml__20260724_160453/raw_diagnostics/inject_large_top_signal_epoch99_seed0_rep0_B3000.pt
0,0,730000,3000,large_only_random,99,10,0.7932806611061096,0.7932806611061096,0.0,76.43958466500044,/home/hschult5/AttackerGNN/notebooks/prbcd_miss_condition_updated/outputs/prbcd_miss_condition_experiments/cora_ml__20260724_160453/raw_diagnostics/inject_large_only_random_epoch99_seed0_rep0_B3000.pt
0,0,730000,3000,random_unseen_control,99,10,0.7932806611061096,0.7932806611061096,0.0,76.15541857294738,/home/hschult5/AttackerGNN/notebooks/prbcd_miss_condition_updated/outputs/prbcd_miss_condition_experiments/cora_ml__20260724_160453/raw_diagnostics/inject_random_unseen_control_epoch99_seed0_rep0_B3000.pt
0,0,730000,3000,baseline,299,0,0.7932806611061096,0.7932806611061096,0.0,78.36057386547327,
0,0,730000,3000,large_final_missed,299,10,0.7932806611061096,0.7932806611061096,0.0,74.87099278718233,/home/hschult5/AttackerGNN/notebooks/prbcd_miss_condition_updated/outputs/prbcd_miss_condition_experiments/cora_ml__20260724_160453/raw_diagnostics/inject_large_final_missed_epoch299_seed0_rep0_B3000.pt
0,0,730000,3000,large_top_signal,299,10,0.7932806611061096,0.7932806611061096,0.0,77.19142242334783,/home/hschult5/AttackerGNN/notebooks/prbcd_miss_condition_updated/outputs/prbcd_miss_condition_experiments/cora_ml__20260724_160453/raw_diagnostics/inject_large_top_signal_epoch299_seed0_rep0_B3000.pt
0,0,730000,3000,large_only_random,299,10,0.7932806611061096,0.7932806611061096,0.0,75.69602598063648,/home/hschult5/AttackerGNN/notebooks/prbcd_miss_condition_updated/outputs/prbcd_miss_condition_experiments/cora_ml__20260724_160453/raw_diagnostics/inject_large_only_random_epoch299_seed0_rep0_B3000.pt
0,0,730000,3000,random_unseen_control,299,10,0.7932806611061096,0.7932806611061096,0.0,76.252266228199,/home/hschult5/AttackerGNN/notebooks/prbcd_miss_condition_updated/outputs/prbcd_miss_condition_experiments/cora_ml__20260724_160453/raw_diagnostics/inject_random_unseen_control_epoch299_seed0_rep0_B3000.pt
0,0,730000,4000,baseline,0,0,0.790513813495636,0.790513813495636,0.0,79.29805187694728,
0,0,730000,4000,large_final_missed,0,10,0.790513813495636,0.7901185750961304,0.00039523839950561523,76.44401528127491,/home/hschult5/AttackerGNN/notebooks/prbcd_miss_condition_updated/outputs/prbcd_miss_condition_experiments/cora_ml__20260724_160453/raw_diagnostics/inject_large_final_missed_epoch0_seed0_rep0_B4000.pt
0,0,730000,4000,large_top_signal,0,10,0.790513813495636,0.7885375618934631,0.0019762516021728516,75.92462278343737,/home/hschult5/AttackerGNN/notebooks/prbcd_miss_condition_updated/outputs/prbcd_miss_condition_experiments/cora_ml__20260724_160453/raw_diagnostics/inject_large_top_signal_epoch0_seed0_rep0_B4000.pt
0,0,730000,4000,large_only_random,0,10,0.790513813495636,0.7909091114997864,-0.0003952980041503906,77.03556713834405,/home/hschult5/AttackerGNN/notebooks/prbcd_miss_condition_updated/outputs/prbcd_miss_condition_experiments/cora_ml__20260724_160453/raw_diagnostics/inject_large_only_random_epoch0_seed0_rep0_B4000.pt
0,0,730000,4000,random_unseen_control,0,10,0.790513813495636,0.790513813495636,0.0,75.43152754753828,/home/hschult5/AttackerGNN/notebooks/prbcd_miss_condition_updated/outputs/prbcd_miss_condition_experiments/cora_ml__20260724_160453/raw_diagnostics/inject_random_unseen_control_epoch0_seed0_rep0_B4000.pt
0,0,730000,4000,baseline,9,0,0.790513813495636,0.790513813495636,0.0,79.29805187694728,
0,0,730000,4000,large_final_missed,9,10,0.790513813495636,0.7909091114997864,-0.0003952980041503906,75.08623192459345,/home/hschult5/AttackerGNN/notebooks/prbcd_miss_condition_updated/outputs/prbcd_miss_condition_experiments/cora_ml__20260724_160453/raw_diagnostics/inject_large_final_missed_epoch9_seed0_rep0_B4000.pt
0,0,730000,4000,large_top_signal,9,10,0.790513813495636,0.790513813495636,0.0,74.17487810179591,/home/hschult5/AttackerGNN/notebooks/prbcd_miss_condition_updated/outputs/prbcd_miss_condition_experiments/cora_ml__20260724_160453/raw_diagnostics/inject_large_top_signal_epoch9_seed0_rep0_B4000.pt
0,0,730000,4000,large_only_random,9,10,0.790513813495636,0.790513813495636,0.0,74.96464578434825,/home/hschult5/AttackerGNN/notebooks/prbcd_miss_condition_updated/outputs/prbcd_miss_condition_experiments/cora_ml__20260724_160453/raw_diagnostics/inject_large_only_random_epoch9_seed0_rep0_B4000.pt
0,0,730000,4000,random_unseen_control,9,10,0.790513813495636,0.790513813495636,0.0,75.15423782356083,/home/hschult5/AttackerGNN/notebooks/prbcd_miss_condition_updated/outputs/prbcd_miss_condition_experiments/cora_ml__20260724_160453/raw_diagnostics/inject_random_unseen_control_epoch9_seed0_rep0_B4000.pt
0,0,730000,4000,baseline,24,0,0.790513813495636,0.790513813495636,0.0,79.29805187694728,
0,0,730000,4000,large_final_missed,24,10,0.790513813495636,0.7909091114997864,-0.0003952980041503906,75.64946179836988,/home/hschult5/AttackerGNN/notebooks/prbcd_miss_condition_updated/outputs/prbcd_miss_condition_experiments/cora_ml__20260724_160453/raw_diagnostics/inject_large_final_missed_epoch24_seed0_rep0_B4000.pt
0,0,730000,4000,large_top_signal,24,10,0.790513813495636,0.7893280386924744,0.001185774803161621,77.2604751624167,/home/hschult5/AttackerGNN/notebooks/prbcd_miss_condition_updated/outputs/prbcd_miss_condition_experiments/cora_ml__20260724_160453/raw_diagnostics/inject_large_top_signal_epoch24_seed0_rep0_B4000.pt
0,0,730000,4000,large_only_random,24,10,0.790513813495636,0.790513813495636,0.0,76.09466191753745,/home/hschult5/AttackerGNN/notebooks/prbcd_miss_condition_updated/outputs/prbcd_miss_condition_experiments/cora_ml__20260724_160453/raw_diagnostics/inject_large_only_random_epoch24_seed0_rep0_B4000.pt
0,0,730000,4000,random_unseen_control,24,10,0.790513813495636,0.790513813495636,0.0,75.47485530376434,/home/hschult5/AttackerGNN/notebooks/prbcd_miss_condition_updated/outputs/prbcd_miss_condition_experiments/cora_ml__20260724_160453/raw_diagnostics/inject_random_unseen_control_epoch24_seed0_rep0_B4000.pt
0,0,730000,4000,baseline,49,0,0.790513813495636,0.790513813495636,0.0,79.29805187694728,
0,0,730000,4000,large_final_missed,49,10,0.790513813495636,0.790513813495636,0.0,75.0653463806957,/home/hschult5/AttackerGNN/notebooks/prbcd_miss_condition_updated/outputs/prbcd_miss_condition_experiments/cora_ml__20260724_160453/raw_diagnostics/inject_large_final_missed_epoch49_seed0_rep0_B4000.pt
0,0,730000,4000,large_top_signal,49,10,0.790513813495636,0.790513813495636,0.0,74.461022708565,/home/hschult5/AttackerGNN/notebooks/prbcd_miss_condition_updated/outputs/prbcd_miss_condition_experiments/cora_ml__20260724_160453/raw_diagnostics/inject_large_top_signal_epoch49_seed0_rep0_B4000.pt
0,0,730000,4000,large_only_random,49,10,0.790513813495636,0.790513813495636,0.0,75.12397418357432,/home/hschult5/AttackerGNN/notebooks/prbcd_miss_condition_updated/outputs/prbcd_miss_condition_experiments/cora_ml__20260724_160453/raw_diagnostics/inject_large_only_random_epoch49_seed0_rep0_B4000.pt
0,0,730000,4000,random_unseen_control,49,10,0.790513813495636,0.790513813495636,0.0,76.8741154987365,/home/hschult5/AttackerGNN/notebooks/prbcd_miss_condition_updated/outputs/prbcd_miss_condition_experiments/cora_ml__20260724_160453/raw_diagnostics/inject_random_unseen_control_epoch49_seed0_rep0_B4000.pt
0,0,730000,4000,baseline,99,0,0.790513813495636,0.790513813495636,0.0,79.29805187694728,
0,0,730000,4000,large_final_missed,99,10,0.790513813495636,0.790513813495636,0.0,77.86150098405778,/home/hschult5/AttackerGNN/notebooks/prbcd_miss_condition_updated/outputs/prbcd_miss_condition_experiments/cora_ml__20260724_160453/raw_diagnostics/inject_large_final_missed_epoch99_seed0_rep0_B4000.pt
0,0,730000,4000,large_top_signal,99,10,0.790513813495636,0.7909091114997864,-0.0003952980041503906,77.04847417213023,/home/hschult5/AttackerGNN/notebooks/prbcd_miss_condition_updated/outputs/prbcd_miss_condition_experiments/cora_ml__20260724_160453/raw_diagnostics/inject_large_top_signal_epoch99_seed0_rep0_B4000.pt
0,0,730000,4000,large_only_random,99,10,0.790513813495636,0.790513813495636,0.0,76.14538907073438,/home/hschult5/AttackerGNN/notebooks/prbcd_miss_condition_updated/outputs/prbcd_miss_condition_experiments/cora_ml__20260724_160453/raw_diagnostics/inject_large_only_random_epoch99_seed0_rep0_B4000.pt
0,0,730000,4000,random_unseen_control,99,10,0.790513813495636,0.790513813495636,0.0,76.93543816357851,/home/hschult5/AttackerGNN/notebooks/prbcd_miss_condition_updated/outputs/prbcd_miss_condition_experiments/cora_ml__20260724_160453/raw_diagnostics/inject_random_unseen_control_epoch99_seed0_rep0_B4000.pt
0,0,730000,4000,baseline,299,0,0.790513813495636,0.790513813495636,0.0,79.29805187694728,
0,0,730000,4000,large_final_missed,299,10,0.790513813495636,0.790513813495636,0.0,75.91338317655027,/home/hschult5/AttackerGNN/notebooks/prbcd_miss_condition_updated/outputs/prbcd_miss_condition_experiments/cora_ml__20260724_160453/raw_diagnostics/inject_large_final_missed_epoch299_seed0_rep0_B4000.pt
0,0,730000,4000,large_top_signal,299,10,0.790513813495636,0.790513813495636,0.0,76.82893732376397,/home/hschult5/AttackerGNN/notebooks/prbcd_miss_condition_updated/outputs/prbcd_miss_condition_experiments/cora_ml__20260724_160453/raw_diagnostics/inject_large_top_signal_epoch299_seed0_rep0_B4000.pt
0,0,730000,4000,large_only_random,299,10,0.790513813495636,0.790513813495636,0.0,76.76565900072455,/home/hschult5/AttackerGNN/notebooks/prbcd_miss_condition_updated/outputs/prbcd_miss_condition_experiments/cora_ml__20260724_160453/raw_diagnostics/inject_large_only_random_epoch299_seed0_rep0_B4000.pt
0,0,730000,4000,random_unseen_control,299,10,0.790513813495636,0.790513813495636,0.0,74.31468558125198,/home/hschult5/AttackerGNN/notebooks/prbcd_miss_condition_updated/outputs/prbcd_miss_condition_experiments/cora_ml__20260724_160453/raw_diagnostics/inject_random_unseen_control_epoch299_seed0_rep0_B4000.pt
1,0,740000,250,baseline,0,0,0.813834011554718,0.813834011554718,0.0,75.94473915733397,
1,0,740000,250,large_final_missed,0,10,0.813834011554718,0.8059288263320923,0.007905185222625732,73.56841391697526,/home/hschult5/AttackerGNN/notebooks/prbcd_miss_condition_updated/outputs/prbcd_miss_condition_experiments/cora_ml__20260724_160453/raw_diagnostics/inject_large_final_missed_epoch0_seed1_rep0_B250.pt
1,0,740000,250,large_top_signal,0,10,0.813834011554718,0.8106719255447388,0.003162086009979248,72.1012257244438,/home/hschult5/AttackerGNN/notebooks/prbcd_miss_condition_updated/outputs/prbcd_miss_condition_experiments/cora_ml__20260724_160453/raw_diagnostics/inject_large_top_signal_epoch0_seed1_rep0_B250.pt
1,0,740000,250,large_only_random,0,10,0.813834011554718,0.8142292499542236,-0.00039523839950561523,73.3546017576009,/home/hschult5/AttackerGNN/notebooks/prbcd_miss_condition_updated/outputs/prbcd_miss_condition_experiments/cora_ml__20260724_160453/raw_diagnostics/inject_large_only_random_epoch0_seed1_rep0_B250.pt
1,0,740000,250,random_unseen_control,0,10,0.813834011554718,0.813834011554718,0.0,73.73482775315642,/home/hschult5/AttackerGNN/notebooks/prbcd_miss_condition_updated/outputs/prbcd_miss_condition_experiments/cora_ml__20260724_160453/raw_diagnostics/inject_random_unseen_control_epoch0_seed1_rep0_B250.pt
1,0,740000,250,baseline,9,0,0.813834011554718,0.813834011554718,0.0,75.94473915733397,
1,0,740000,250,large_final_missed,9,10,0.813834011554718,0.812252938747406,0.0015810728073120117,75.04459358938038,/home/hschult5/AttackerGNN/notebooks/prbcd_miss_condition_updated/outputs/prbcd_miss_condition_experiments/cora_ml__20260724_160453/raw_diagnostics/inject_large_final_missed_epoch9_seed1_rep0_B250.pt
1,0,740000,250,large_top_signal,9,10,0.813834011554718,0.8126482367515564,0.001185774803161621,74.52482596412301,/home/hschult5/AttackerGNN/notebooks/prbcd_miss_condition_updated/outputs/prbcd_miss_condition_experiments/cora_ml__20260724_160453/raw_diagnostics/inject_large_top_signal_epoch9_seed1_rep0_B250.pt
1,0,740000,250,large_only_random,9,10,0.813834011554718,0.813834011554718,0.0,73.7460626680404,/home/hschult5/AttackerGNN/notebooks/prbcd_miss_condition_updated/outputs/prbcd_miss_condition_experiments/cora_ml__20260724_160453/raw_diagnostics/inject_large_only_random_epoch9_seed1_rep0_B250.pt
1,0,740000,250,random_unseen_control,9,10,0.813834011554718,0.813834011554718,0.0,74.7924732863903,/home/hschult5/AttackerGNN/notebooks/prbcd_miss_condition_updated/outputs/prbcd_miss_condition_experiments/cora_ml__20260724_160453/raw_diagnostics/inject_random_unseen_control_epoch9_seed1_rep0_B250.pt
1,0,740000,250,baseline,24,0,0.813834011554718,0.813834011554718,0.0,75.94473915733397,
1,0,740000,250,large_final_missed,24,10,0.813834011554718,0.8126482367515564,0.001185774803161621,74.58946183137596,/home/hschult5/AttackerGNN/notebooks/prbcd_miss_condition_updated/outputs/prbcd_miss_condition_experiments/cora_ml__20260724_160453/raw_diagnostics/inject_large_final_missed_epoch24_seed1_rep0_B250.pt
1,0,740000,250,large_top_signal,24,10,0.813834011554718,0.813043475151062,0.0007905364036560059,74.48326761461794,/home/hschult5/AttackerGNN/notebooks/prbcd_miss_condition_updated/outputs/prbcd_miss_condition_experiments/cora_ml__20260724_160453/raw_diagnostics/inject_large_top_signal_epoch24_seed1_rep0_B250.pt
1,0,740000,250,large_only_random,24,10,0.813834011554718,0.813834011554718,0.0,73.70057940296829,/home/hschult5/AttackerGNN/notebooks/prbcd_miss_condition_updated/outputs/prbcd_miss_condition_experiments/cora_ml__20260724_160453/raw_diagnostics/inject_large_only_random_epoch24_seed1_rep0_B250.pt
1,0,740000,250,random_unseen_control,24,10,0.813834011554718,0.813834011554718,0.0,73.81340756826103,/home/hschult5/AttackerGNN/notebooks/prbcd_miss_condition_updated/outputs/prbcd_miss_condition_experiments/cora_ml__20260724_160453/raw_diagnostics/inject_random_unseen_control_epoch24_seed1_rep0_B250.pt
1,0,740000,250,baseline,49,0,0.813834011554718,0.813834011554718,0.0,75.94473915733397,
1,0,740000,250,large_final_missed,49,10,0.813834011554718,0.8071146011352539,0.006719410419464111,73.42542778514326,/home/hschult5/AttackerGNN/notebooks/prbcd_miss_condition_updated/outputs/prbcd_miss_condition_experiments/cora_ml__20260724_160453/raw_diagnostics/inject_large_final_missed_epoch49_seed1_rep0_B250.pt
1,0,740000,250,large_top_signal,49,10,0.813834011554718,0.8106719255447388,0.003162086009979248,72.18560753948987,/home/hschult5/AttackerGNN/notebooks/prbcd_miss_condition_updated/outputs/prbcd_miss_condition_experiments/cora_ml__20260724_160453/raw_diagnostics/inject_large_top_signal_epoch49_seed1_rep0_B250.pt
1,0,740000,250,large_only_random,49,10,0.813834011554718,0.813834011554718,0.0,73.11178484000266,/home/hschult5/AttackerGNN/notebooks/prbcd_miss_condition_updated/outputs/prbcd_miss_condition_experiments/cora_ml__20260724_160453/raw_diagnostics/inject_large_only_random_epoch49_seed1_rep0_B250.pt
1,0,740000,250,random_unseen_control,49,10,0.813834011554718,0.813834011554718,0.0,73.67276071198285,/home/hschult5/AttackerGNN/notebooks/prbcd_miss_condition_updated/outputs/prbcd_miss_condition_experiments/cora_ml__20260724_160453/raw_diagnostics/inject_random_unseen_control_epoch49_seed1_rep0_B250.pt
1,0,740000,250,baseline,99,0,0.813834011554718,0.813834011554718,0.0,75.94473915733397,
1,0,740000,250,large_final_missed,99,10,0.813834011554718,0.8071146011352539,0.006719410419464111,73.68948878906667,/home/hschult5/AttackerGNN/notebooks/prbcd_miss_condition_updated/outputs/prbcd_miss_condition_experiments/cora_ml__20260724_160453/raw_diagnostics/inject_large_final_missed_epoch99_seed1_rep0_B250.pt
1,0,740000,250,large_top_signal,99,10,0.813834011554718,0.8106719255447388,0.003162086009979248,72.74450623057783,/home/hschult5/AttackerGNN/notebooks/prbcd_miss_condition_updated/outputs/prbcd_miss_condition_experiments/cora_ml__20260724_160453/raw_diagnostics/inject_large_top_signal_epoch99_seed1_rep0_B250.pt
1,0,740000,250,large_only_random,99,10,0.813834011554718,0.813834011554718,0.0,73.68422442860901,/home/hschult5/AttackerGNN/notebooks/prbcd_miss_condition_updated/outputs/prbcd_miss_condition_experiments/cora_ml__20260724_160453/raw_diagnostics/inject_large_only_random_epoch99_seed1_rep0_B250.pt
1,0,740000,250,random_unseen_control,99,10,0.813834011554718,0.813834011554718,0.0,73.28822397068143,/home/hschult5/AttackerGNN/notebooks/prbcd_miss_condition_updated/outputs/prbcd_miss_condition_experiments/cora_ml__20260724_160453/raw_diagnostics/inject_random_unseen_control_epoch99_seed1_rep0_B250.pt
1,0,740000,250,baseline,299,0,0.813834011554718,0.813834011554718,0.0,75.94473915733397,
1,0,740000,250,large_final_missed,299,10,0.813834011554718,0.813834011554718,0.0,72.06081688404083,/home/hschult5/AttackerGNN/notebooks/prbcd_miss_condition_updated/outputs/prbcd_miss_condition_experiments/cora_ml__20260724_160453/raw_diagnostics/inject_large_final_missed_epoch299_seed1_rep0_B250.pt
1,0,740000,250,large_top_signal,299,10,0.813834011554718,0.813834011554718,0.0,74.2747604995966,/home/hschult5/AttackerGNN/notebooks/prbcd_miss_condition_updated/outputs/prbcd_miss_condition_experiments/cora_ml__20260724_160453/raw_diagnostics/inject_large_top_signal_epoch299_seed1_rep0_B250.pt
1,0,740000,250,large_only_random,299,10,0.813834011554718,0.813834011554718,0.0,74.48772709257901,/home/hschult5/AttackerGNN/notebooks/prbcd_miss_condition_updated/outputs/prbcd_miss_condition_experiments/cora_ml__20260724_160453/raw_diagnostics/inject_large_only_random_epoch299_seed1_rep0_B250.pt
1,0,740000,250,random_unseen_control,299,10,0.813834011554718,0.813834011554718,0.0,75.50564684532583,/home/hschult5/AttackerGNN/notebooks/prbcd_miss_condition_updated/outputs/prbcd_miss_condition_experiments/cora_ml__20260724_160453/raw_diagnostics/inject_random_unseen_control_epoch299_seed1_rep0_B250.pt
1,0,740000,500,baseline,0,0,0.8023715615272522,0.8023715615272522,0.0,76.99941766448319,
1,0,740000,500,large_final_missed,0,10,0.8023715615272522,0.7980237007141113,0.004347860813140869,75.65246355161071,/home/hschult5/AttackerGNN/notebooks/prbcd_miss_condition_updated/outputs/prbcd_miss_condition_experiments/cora_ml__20260724_160453/raw_diagnostics/inject_large_final_missed_epoch0_seed1_rep0_B500.pt
1,0,740000,500,large_top_signal,0,10,0.8023715615272522,0.8015810251235962,0.0007905364036560059,74.15297044068575,/home/hschult5/AttackerGNN/notebooks/prbcd_miss_condition_updated/outputs/prbcd_miss_condition_experiments/cora_ml__20260724_160453/raw_diagnostics/inject_large_top_signal_epoch0_seed1_rep0_B500.pt
1,0,740000,500,large_only_random,0,10,0.8023715615272522,0.8015810251235962,0.0007905364036560059,74.27977649495006,/home/hschult5/AttackerGNN/notebooks/prbcd_miss_condition_updated/outputs/prbcd_miss_condition_experiments/cora_ml__20260724_160453/raw_diagnostics/inject_large_only_random_epoch0_seed1_rep0_B500.pt
1,0,740000,500,random_unseen_control,0,10,0.8023715615272522,0.8023715615272522,0.0,72.68692382238805,/home/hschult5/AttackerGNN/notebooks/prbcd_miss_condition_updated/outputs/prbcd_miss_condition_experiments/cora_ml__20260724_160453/raw_diagnostics/inject_random_unseen_control_epoch0_seed1_rep0_B500.pt
1,0,740000,500,baseline,9,0,0.8023715615272522,0.8023715615272522,0.0,76.99941766448319,
1,0,740000,500,large_final_missed,9,10,0.8023715615272522,0.8011857867240906,0.001185774803161621,75.25281713530421,/home/hschult5/AttackerGNN/notebooks/prbcd_miss_condition_updated/outputs/prbcd_miss_condition_experiments/cora_ml__20260724_160453/raw_diagnostics/inject_large_final_missed_epoch9_seed1_rep0_B500.pt
1,0,740000,500,large_top_signal,9,10,0.8023715615272522,0.8019762635231018,0.0003952980041503906,74.32003070600331,/home/hschult5/AttackerGNN/notebooks/prbcd_miss_condition_updated/outputs/prbcd_miss_condition_experiments/cora_ml__20260724_160453/raw_diagnostics/inject_large_top_signal_epoch9_seed1_rep0_B500.pt
1,0,740000,500,large_only_random,9,10,0.8023715615272522,0.8023715615272522,0.0,74.84513006359339,/home/hschult5/AttackerGNN/notebooks/prbcd_miss_condition_updated/outputs/prbcd_miss_condition_experiments/cora_ml__20260724_160453/raw_diagnostics/inject_large_only_random_epoch9_seed1_rep0_B500.pt
1,0,740000,500,random_unseen_control,9,10,0.8023715615272522,0.8023715615272522,0.0,73.88930897042155,/home/hschult5/AttackerGNN/notebooks/prbcd_miss_condition_updated/outputs/prbcd_miss_condition_experiments/cora_ml__20260724_160453/raw_diagnostics/inject_random_unseen_control_epoch9_seed1_rep0_B500.pt
1,0,740000,500,baseline,24,0,0.8023715615272522,0.8023715615272522,0.0,76.99941766448319,
1,0,740000,500,large_final_missed,24,10,0.8023715615272522,0.8011857867240906,0.001185774803161621,74.1811009682715,/home/hschult5/AttackerGNN/notebooks/prbcd_miss_condition_updated/outputs/prbcd_miss_condition_experiments/cora_ml__20260724_160453/raw_diagnostics/inject_large_final_missed_epoch24_seed1_rep0_B500.pt
1,0,740000,500,large_top_signal,24,10,0.8023715615272522,0.8027667999267578,-0.00039523839950561523,75.1036240812391,/home/hschult5/AttackerGNN/notebooks/prbcd_miss_condition_updated/outputs/prbcd_miss_condition_experiments/cora_ml__20260724_160453/raw_diagnostics/inject_large_top_signal_epoch24_seed1_rep0_B500.pt
1,0,740000,500,large_only_random,24,10,0.8023715615272522,0.8023715615272522,0.0,75.01459943689406,/home/hschult5/AttackerGNN/notebooks/prbcd_miss_condition_updated/outputs/prbcd_miss_condition_experiments/cora_ml__20260724_160453/raw_diagnostics/inject_large_only_random_epoch24_seed1_rep0_B500.pt
1,0,740000,500,random_unseen_control,24,10,0.8023715615272522,0.8023715615272522,0.0,76.36329164355993,/home/hschult5/AttackerGNN/notebooks/prbcd_miss_condition_updated/outputs/prbcd_miss_condition_experiments/cora_ml__20260724_160453/raw_diagnostics/inject_random_unseen_control_epoch24_seed1_rep0_B500.pt
1,0,740000,500,baseline,49,0,0.8023715615272522,0.8023715615272522,0.0,76.99941766448319,
1,0,740000,500,large_final_missed,49,10,0.8023715615272522,0.7980237007141113,0.004347860813140869,74.23918539099395,/home/hschult5/AttackerGNN/notebooks/prbcd_miss_condition_updated/outputs/prbcd_miss_condition_experiments/cora_ml__20260724_160453/raw_diagnostics/inject_large_final_missed_epoch49_seed1_rep0_B500.pt
1,0,740000,500,large_top_signal,49,10,0.8023715615272522,0.8015810251235962,0.0007905364036560059,75.79267155751586,/home/hschult5/AttackerGNN/notebooks/prbcd_miss_condition_updated/outputs/prbcd_miss_condition_experiments/cora_ml__20260724_160453/raw_diagnostics/inject_large_top_signal_epoch49_seed1_rep0_B500.pt
1,0,740000,500,large_only_random,49,10,0.8023715615272522,0.8023715615272522,0.0,75.45711837150156,/home/hschult5/AttackerGNN/notebooks/prbcd_miss_condition_updated/outputs/prbcd_miss_condition_experiments/cora_ml__20260724_160453/raw_diagnostics/inject_large_only_random_epoch49_seed1_rep0_B500.pt
1,0,740000,500,random_unseen_control,49,10,0.8023715615272522,0.8023715615272522,0.0,75.15563307143748,/home/hschult5/AttackerGNN/notebooks/prbcd_miss_condition_updated/outputs/prbcd_miss_condition_experiments/cora_ml__20260724_160453/raw_diagnostics/inject_random_unseen_control_epoch49_seed1_rep0_B500.pt
1,0,740000,500,baseline,99,0,0.8023715615272522,0.8023715615272522,0.0,76.99941766448319,
1,0,740000,500,large_final_missed,99,10,0.8023715615272522,0.7984189987182617,0.0039525628089904785,73.79741809144616,/home/hschult5/AttackerGNN/notebooks/prbcd_miss_condition_updated/outputs/prbcd_miss_condition_experiments/cora_ml__20260724_160453/raw_diagnostics/inject_large_final_missed_epoch99_seed1_rep0_B500.pt
1,0,740000,500,large_top_signal,99,10,0.8023715615272522,0.8019762635231018,0.0003952980041503906,73.6666633952409,/home/hschult5/AttackerGNN/notebooks/prbcd_miss_condition_updated/outputs/prbcd_miss_condition_experiments/cora_ml__20260724_160453/raw_diagnostics/inject_large_top_signal_epoch99_seed1_rep0_B500.pt
1,0,740000,500,large_only_random,99,10,0.8023715615272522,0.8023715615272522,0.0,75.1457156650722,/home/hschult5/AttackerGNN/notebooks/prbcd_miss_condition_updated/outputs/prbcd_miss_condition_experiments/cora_ml__20260724_160453/raw_diagnostics/inject_large_only_random_epoch99_seed1_rep0_B500.pt
1,0,740000,500,random_unseen_control,99,10,0.8023715615272522,0.8023715615272522,0.0,75.09834215603769,/home/hschult5/AttackerGNN/notebooks/prbcd_miss_condition_updated/outputs/prbcd_miss_condition_experiments/cora_ml__20260724_160453/raw_diagnostics/inject_random_unseen_control_epoch99_seed1_rep0_B500.pt
1,0,740000,500,baseline,299,0,0.8023715615272522,0.8023715615272522,0.0,76.99941766448319,
1,0,740000,500,large_final_missed,299,10,0.8023715615272522,0.8023715615272522,0.0,75.43471410870552,/home/hschult5/AttackerGNN/notebooks/prbcd_miss_condition_updated/outputs/prbcd_miss_condition_experiments/cora_ml__20260724_160453/raw_diagnostics/inject_large_final_missed_epoch299_seed1_rep0_B500.pt
1,0,740000,500,large_top_signal,299,10,0.8023715615272522,0.8023715615272522,0.0,75.329130763188,/home/hschult5/AttackerGNN/notebooks/prbcd_miss_condition_updated/outputs/prbcd_miss_condition_experiments/cora_ml__20260724_160453/raw_diagnostics/inject_large_top_signal_epoch299_seed1_rep0_B500.pt
1,0,740000,500,large_only_random,299,10,0.8023715615272522,0.8023715615272522,0.0,73.67298744805157,/home/hschult5/AttackerGNN/notebooks/prbcd_miss_condition_updated/outputs/prbcd_miss_condition_experiments/cora_ml__20260724_160453/raw_diagnostics/inject_large_only_random_epoch299_seed1_rep0_B500.pt
1,0,740000,500,random_unseen_control,299,10,0.8023715615272522,0.8023715615272522,0.0,74.81444806978106,/home/hschult5/AttackerGNN/notebooks/prbcd_miss_condition_updated/outputs/prbcd_miss_condition_experiments/cora_ml__20260724_160453/raw_diagnostics/inject_random_unseen_control_epoch299_seed1_rep0_B500.pt
1,0,740000,1000,baseline,0,0,0.799209475517273,0.799209475517273,0.0,76.47521494887769,
1,0,740000,1000,large_final_missed,0,10,0.799209475517273,0.7952569127082825,0.0039525628089904785,74.82227757945657,/home/hschult5/AttackerGNN/notebooks/prbcd_miss_condition_updated/outputs/prbcd_miss_condition_experiments/cora_ml__20260724_160453/raw_diagnostics/inject_large_final_missed_epoch0_seed1_rep0_B1000.pt
1,0,740000,1000,large_top_signal,0,10,0.799209475517273,0.7964426875114441,0.0027667880058288574,75.15041401982307,/home/hschult5/AttackerGNN/notebooks/prbcd_miss_condition_updated/outputs/prbcd_miss_condition_experiments/cora_ml__20260724_160453/raw_diagnostics/inject_large_top_signal_epoch0_seed1_rep0_B1000.pt
1,0,740000,1000,large_only_random,0,10,0.799209475517273,0.799209475517273,0.0,74.34515147097409,/home/hschult5/AttackerGNN/notebooks/prbcd_miss_condition_updated/outputs/prbcd_miss_condition_experiments/cora_ml__20260724_160453/raw_diagnostics/inject_large_only_random_epoch0_seed1_rep0_B1000.pt
1,0,740000,1000,random_unseen_control,0,10,0.799209475517273,0.799209475517273,0.0,225.6997752878815,/home/hschult5/AttackerGNN/notebooks/prbcd_miss_condition_updated/outputs/prbcd_miss_condition_experiments/cora_ml__20260724_160453/raw_diagnostics/inject_random_unseen_control_epoch0_seed1_rep0_B1000.pt
1,0,740000,1000,baseline,9,0,0.799209475517273,0.799209475517273,0.0,76.47521494887769,
1,0,740000,1000,large_final_missed,9,10,0.799209475517273,0.7964426875114441,0.0027667880058288574,72.83429368771613,/home/hschult5/AttackerGNN/notebooks/prbcd_miss_condition_updated/outputs/prbcd_miss_condition_experiments/cora_ml__20260724_160453/raw_diagnostics/inject_large_final_missed_epoch9_seed1_rep0_B1000.pt
1,0,740000,1000,large_top_signal,9,10,0.799209475517273,0.7996047139167786,-0.00039523839950561523,73.04334816336632,/home/hschult5/AttackerGNN/notebooks/prbcd_miss_condition_updated/outputs/prbcd_miss_condition_experiments/cora_ml__20260724_160453/raw_diagnostics/inject_large_top_signal_epoch9_seed1_rep0_B1000.pt
1,0,740000,1000,large_only_random,9,10,0.799209475517273,0.799209475517273,0.0,72.68341295234859,/home/hschult5/AttackerGNN/notebooks/prbcd_miss_condition_updated/outputs/prbcd_miss_condition_experiments/cora_ml__20260724_160453/raw_diagnostics/inject_large_only_random_epoch9_seed1_rep0_B1000.pt
1,0,740000,1000,random_unseen_control,9,10,0.799209475517273,0.799209475517273,0.0,72.12684721313417,/home/hschult5/AttackerGNN/notebooks/prbcd_miss_condition_updated/outputs/prbcd_miss_condition_experiments/cora_ml__20260724_160453/raw_diagnostics/inject_random_unseen_control_epoch9_seed1_rep0_B1000.pt
1,0,740000,1000,baseline,24,0,0.799209475517273,0.799209475517273,0.0,76.47521494887769,
1,0,740000,1000,large_final_missed,24,10,0.799209475517273,0.7972332239151001,0.0019762516021728516,72.38495741970837,/home/hschult5/AttackerGNN/notebooks/prbcd_miss_condition_updated/outputs/prbcd_miss_condition_experiments/cora_ml__20260724_160453/raw_diagnostics/inject_large_final_missed_epoch24_seed1_rep0_B1000.pt
1,0,740000,1000,large_top_signal,24,10,0.799209475517273,0.799209475517273,0.0,72.12927022017539,/home/hschult5/AttackerGNN/notebooks/prbcd_miss_condition_updated/outputs/prbcd_miss_condition_experiments/cora_ml__20260724_160453/raw_diagnostics/inject_large_top_signal_epoch24_seed1_rep0_B1000.pt
1,0,740000,1000,large_only_random,24,10,0.799209475517273,0.799209475517273,0.0,72.19418404065073,/home/hschult5/AttackerGNN/notebooks/prbcd_miss_condition_updated/outputs/prbcd_miss_condition_experiments/cora_ml__20260724_160453/raw_diagnostics/inject_large_only_random_epoch24_seed1_rep0_B1000.pt
1,0,740000,1000,random_unseen_control,24,10,0.799209475517273,0.799209475517273,0.0,72.32703968696296,/home/hschult5/AttackerGNN/notebooks/prbcd_miss_condition_updated/outputs/prbcd_miss_condition_experiments/cora_ml__20260724_160453/raw_diagnostics/inject_random_unseen_control_epoch24_seed1_rep0_B1000.pt
1,0,740000,1000,baseline,49,0,0.799209475517273,0.799209475517273,0.0,76.47521494887769,
1,0,740000,1000,large_final_missed,49,10,0.799209475517273,0.7952569127082825,0.0039525628089904785,72.41923322714865,/home/hschult5/AttackerGNN/notebooks/prbcd_miss_condition_updated/outputs/prbcd_miss_condition_experiments/cora_ml__20260724_160453/raw_diagnostics/inject_large_final_missed_epoch49_seed1_rep0_B1000.pt
1,0,740000,1000,large_top_signal,49,10,0.799209475517273,0.7980237007141113,0.001185774803161621,72.57650830224156,/home/hschult5/AttackerGNN/notebooks/prbcd_miss_condition_updated/outputs/prbcd_miss_condition_experiments/cora_ml__20260724_160453/raw_diagnostics/inject_large_top_signal_epoch49_seed1_rep0_B1000.pt
1,0,740000,1000,large_only_random,49,10,0.799209475517273,0.799209475517273,0.0,72.32221573404968,/home/hschult5/AttackerGNN/notebooks/prbcd_miss_condition_updated/outputs/prbcd_miss_condition_experiments/cora_ml__20260724_160453/raw_diagnostics/inject_large_only_random_epoch49_seed1_rep0_B1000.pt
1,0,740000,1000,random_unseen_control,49,10,0.799209475517273,0.799209475517273,0.0,72.06901780888438,/home/hschult5/AttackerGNN/notebooks/prbcd_miss_condition_updated/outputs/prbcd_miss_condition_experiments/cora_ml__20260724_160453/raw_diagnostics/inject_random_unseen_control_epoch49_seed1_rep0_B1000.pt
1,0,740000,1000,baseline,99,0,0.799209475517273,0.799209475517273,0.0,76.47521494887769,
1,0,740000,1000,large_final_missed,99,10,0.799209475517273,0.7972332239151001,0.0019762516021728516,72.33888332732022,/home/hschult5/AttackerGNN/notebooks/prbcd_miss_condition_updated/outputs/prbcd_miss_condition_experiments/cora_ml__20260724_160453/raw_diagnostics/inject_large_final_missed_epoch99_seed1_rep0_B1000.pt
1,0,740000,1000,large_top_signal,99,10,0.799209475517273,0.7984189987182617,0.0007904767990112305,72.35428159870207,/home/hschult5/AttackerGNN/notebooks/prbcd_miss_condition_updated/outputs/prbcd_miss_condition_experiments/cora_ml__20260724_160453/raw_diagnostics/inject_large_top_signal_epoch99_seed1_rep0_B1000.pt
1,0,740000,1000,large_only_random,99,10,0.799209475517273,0.799209475517273,0.0,72.43784838542342,/home/hschult5/AttackerGNN/notebooks/prbcd_miss_condition_updated/outputs/prbcd_miss_condition_experiments/cora_ml__20260724_160453/raw_diagnostics/inject_large_only_random_epoch99_seed1_rep0_B1000.pt
1,0,740000,1000,random_unseen_control,99,10,0.799209475517273,0.799209475517273,0.0,72.11045718565583,/home/hschult5/AttackerGNN/notebooks/prbcd_miss_condition_updated/outputs/prbcd_miss_condition_experiments/cora_ml__20260724_160453/raw_diagnostics/inject_random_unseen_control_epoch99_seed1_rep0_B1000.pt
1,0,740000,1000,baseline,299,0,0.799209475517273,0.799209475517273,0.0,76.47521494887769,
1,0,740000,1000,large_final_missed,299,10,0.799209475517273,0.799209475517273,0.0,72.10694292373955,/home/hschult5/AttackerGNN/notebooks/prbcd_miss_condition_updated/outputs/prbcd_miss_condition_experiments/cora_ml__20260724_160453/raw_diagnostics/inject_large_final_missed_epoch299_seed1_rep0_B1000.pt
1,0,740000,1000,large_top_signal,299,10,0.799209475517273,0.799209475517273,0.0,72.1324065439403,/home/hschult5/AttackerGNN/notebooks/prbcd_miss_condition_updated/outputs/prbcd_miss_condition_experiments/cora_ml__20260724_160453/raw_diagnostics/inject_large_top_signal_epoch299_seed1_rep0_B1000.pt
1,0,740000,1000,large_only_random,299,10,0.799209475517273,0.799209475517273,0.0,71.7632140852511,/home/hschult5/AttackerGNN/notebooks/prbcd_miss_condition_updated/outputs/prbcd_miss_condition_experiments/cora_ml__20260724_160453/raw_diagnostics/inject_large_only_random_epoch299_seed1_rep0_B1000.pt
1,0,740000,1000,random_unseen_control,299,10,0.799209475517273,0.799209475517273,0.0,71.77320154942572,/home/hschult5/AttackerGNN/notebooks/prbcd_miss_condition_updated/outputs/prbcd_miss_condition_experiments/cora_ml__20260724_160453/raw_diagnostics/inject_random_unseen_control_epoch299_seed1_rep0_B1000.pt
1,0,740000,2000,baseline,0,0,0.791304349899292,0.791304349899292,0.0,77.1878018528223,
1,0,740000,2000,large_final_missed,0,10,0.791304349899292,0.7881422638893127,0.003162086009979248,73.81503280438483,/home/hschult5/AttackerGNN/notebooks/prbcd_miss_condition_updated/outputs/prbcd_miss_condition_experiments/cora_ml__20260724_160453/raw_diagnostics/inject_large_final_missed_epoch0_seed1_rep0_B2000.pt
1,0,740000,2000,large_top_signal,0,10,0.791304349899292,0.792094886302948,-0.0007905364036560059,75.80397254787385,/home/hschult5/AttackerGNN/notebooks/prbcd_miss_condition_updated/outputs/prbcd_miss_condition_experiments/cora_ml__20260724_160453/raw_diagnostics/inject_large_top_signal_epoch0_seed1_rep0_B2000.pt
1,0,740000,2000,large_only_random,0,10,0.791304349899292,0.791304349899292,0.0,76.16107387654483,/home/hschult5/AttackerGNN/notebooks/prbcd_miss_condition_updated/outputs/prbcd_miss_condition_experiments/cora_ml__20260724_160453/raw_diagnostics/inject_large_only_random_epoch0_seed1_rep0_B2000.pt
1,0,740000,2000,random_unseen_control,0,10,0.791304349899292,0.7909091114997864,0.00039523839950561523,76.49398262239993,/home/hschult5/AttackerGNN/notebooks/prbcd_miss_condition_updated/outputs/prbcd_miss_condition_experiments/cora_ml__20260724_160453/raw_diagnostics/inject_random_unseen_control_epoch0_seed1_rep0_B2000.pt
1,0,740000,2000,baseline,9,0,0.791304349899292,0.791304349899292,0.0,77.1878018528223,
1,0,740000,2000,large_final_missed,9,10,0.791304349899292,0.790513813495636,0.0007905364036560059,74.83710387162864,/home/hschult5/AttackerGNN/notebooks/prbcd_miss_condition_updated/outputs/prbcd_miss_condition_experiments/cora_ml__20260724_160453/raw_diagnostics/inject_large_final_missed_epoch9_seed1_rep0_B2000.pt
1,0,740000,2000,large_top_signal,9,10,0.791304349899292,0.7909091114997864,0.00039523839950561523,75.0011110175401,/home/hschult5/AttackerGNN/notebooks/prbcd_miss_condition_updated/outputs/prbcd_miss_condition_experiments/cora_ml__20260724_160453/raw_diagnostics/inject_large_top_signal_epoch9_seed1_rep0_B2000.pt
1,0,740000,2000,large_only_random,9,10,0.791304349899292,0.791304349899292,0.0,75.08532704412937,/home/hschult5/AttackerGNN/notebooks/prbcd_miss_condition_updated/outputs/prbcd_miss_condition_experiments/cora_ml__20260724_160453/raw_diagnostics/inject_large_only_random_epoch9_seed1_rep0_B2000.pt
1,0,740000,2000,random_unseen_control,9,10,0.791304349899292,0.791304349899292,0.0,76.04687343537807,/home/hschult5/AttackerGNN/notebooks/prbcd_miss_condition_updated/outputs/prbcd_miss_condition_experiments/cora_ml__20260724_160453/raw_diagnostics/inject_random_unseen_control_epoch9_seed1_rep0_B2000.pt
1,0,740000,2000,baseline,24,0,0.791304349899292,0.791304349899292,0.0,77.1878018528223,
1,0,740000,2000,large_final_missed,24,10,0.791304349899292,0.790513813495636,0.0007905364036560059,75.03049181774259,/home/hschult5/AttackerGNN/notebooks/prbcd_miss_condition_updated/outputs/prbcd_miss_condition_experiments/cora_ml__20260724_160453/raw_diagnostics/inject_large_final_missed_epoch24_seed1_rep0_B2000.pt
1,0,740000,2000,large_top_signal,24,10,0.791304349899292,0.7909091114997864,0.00039523839950561523,75.16386938467622,/home/hschult5/AttackerGNN/notebooks/prbcd_miss_condition_updated/outputs/prbcd_miss_condition_experiments/cora_ml__20260724_160453/raw_diagnostics/inject_large_top_signal_epoch24_seed1_rep0_B2000.pt
1,0,740000,2000,large_only_random,24,10,0.791304349899292,0.791304349899292,0.0,75.21447716839612,/home/hschult5/AttackerGNN/notebooks/prbcd_miss_condition_updated/outputs/prbcd_miss_condition_experiments/cora_ml__20260724_160453/raw_diagnostics/inject_large_only_random_epoch24_seed1_rep0_B2000.pt
1,0,740000,2000,random_unseen_control,24,10,0.791304349899292,0.791304349899292,0.0,75.91517521999776,/home/hschult5/AttackerGNN/notebooks/prbcd_miss_condition_updated/outputs/prbcd_miss_condition_experiments/cora_ml__20260724_160453/raw_diagnostics/inject_random_unseen_control_epoch24_seed1_rep0_B2000.pt
1,0,740000,2000,baseline,49,0,0.791304349899292,0.791304349899292,0.0,77.1878018528223,
1,0,740000,2000,large_final_missed,49,10,0.791304349899292,0.7909091114997864,0.00039523839950561523,75.87614206038415,/home/hschult5/AttackerGNN/notebooks/prbcd_miss_condition_updated/outputs/prbcd_miss_condition_experiments/cora_ml__20260724_160453/raw_diagnostics/inject_large_final_missed_epoch49_seed1_rep0_B2000.pt
1,0,740000,2000,large_top_signal,49,10,0.791304349899292,0.790513813495636,0.0007905364036560059,75.77425349503756,/home/hschult5/AttackerGNN/notebooks/prbcd_miss_condition_updated/outputs/prbcd_miss_condition_experiments/cora_ml__20260724_160453/raw_diagnostics/inject_large_top_signal_epoch49_seed1_rep0_B2000.pt
1,0,740000,2000,large_only_random,49,10,0.791304349899292,0.791304349899292,0.0,75.69373310729861,/home/hschult5/AttackerGNN/notebooks/prbcd_miss_condition_updated/outputs/prbcd_miss_condition_experiments/cora_ml__20260724_160453/raw_diagnostics/inject_large_only_random_epoch49_seed1_rep0_B2000.pt
1,0,740000,2000,random_unseen_control,49,10,0.791304349899292,0.791304349899292,0.0,76.14066817238927,/home/hschult5/AttackerGNN/notebooks/prbcd_miss_condition_updated/outputs/prbcd_miss_condition_experiments/cora_ml__20260724_160453/raw_diagnostics/inject_random_unseen_control_epoch49_seed1_rep0_B2000.pt
1,0,740000,2000,baseline,99,0,0.791304349899292,0.791304349899292,0.0,77.1878018528223,
1,0,740000,2000,large_final_missed,99,10,0.791304349899292,0.791304349899292,0.0,76.03018936514854,/home/hschult5/AttackerGNN/notebooks/prbcd_miss_condition_updated/outputs/prbcd_miss_condition_experiments/cora_ml__20260724_160453/raw_diagnostics/inject_large_final_missed_epoch99_seed1_rep0_B2000.pt
1,0,740000,2000,large_top_signal,99,10,0.791304349899292,0.7901185750961304,0.001185774803161621,76.15611631982028,/home/hschult5/AttackerGNN/notebooks/prbcd_miss_condition_updated/outputs/prbcd_miss_condition_experiments/cora_ml__20260724_160453/raw_diagnostics/inject_large_top_signal_epoch99_seed1_rep0_B2000.pt
1,0,740000,2000,large_only_random,99,10,0.791304349899292,0.791304349899292,0.0,76.17099931649864,/home/hschult5/AttackerGNN/notebooks/prbcd_miss_condition_updated/outputs/prbcd_miss_condition_experiments/cora_ml__20260724_160453/raw_diagnostics/inject_large_only_random_epoch99_seed1_rep0_B2000.pt
1,0,740000,2000,random_unseen_control,99,10,0.791304349899292,0.791304349899292,0.0,76.17059274017811,/home/hschult5/AttackerGNN/notebooks/prbcd_miss_condition_updated/outputs/prbcd_miss_condition_experiments/cora_ml__20260724_160453/raw_diagnostics/inject_random_unseen_control_epoch99_seed1_rep0_B2000.pt
1,0,740000,2000,baseline,299,0,0.791304349899292,0.791304349899292,0.0,77.1878018528223,
1,0,740000,2000,large_final_missed,299,10,0.791304349899292,0.791304349899292,0.0,76.71580021455884,/home/hschult5/AttackerGNN/notebooks/prbcd_miss_condition_updated/outputs/prbcd_miss_condition_experiments/cora_ml__20260724_160453/raw_diagnostics/inject_large_final_missed_epoch299_seed1_rep0_B2000.pt
1,0,740000,2000,large_top_signal,299,10,0.791304349899292,0.791304349899292,0.0,76.58459192700684,/home/hschult5/AttackerGNN/notebooks/prbcd_miss_condition_updated/outputs/prbcd_miss_condition_experiments/cora_ml__20260724_160453/raw_diagnostics/inject_large_top_signal_epoch299_seed1_rep0_B2000.pt
1,0,740000,2000,large_only_random,299,10,0.791304349899292,0.791304349899292,0.0,76.24618981592357,/home/hschult5/AttackerGNN/notebooks/prbcd_miss_condition_updated/outputs/prbcd_miss_condition_experiments/cora_ml__20260724_160453/raw_diagnostics/inject_large_only_random_epoch299_seed1_rep0_B2000.pt
1,0,740000,2000,random_unseen_control,299,10,0.791304349899292,0.791304349899292,0.0,75.77461279928684,/home/hschult5/AttackerGNN/notebooks/prbcd_miss_condition_updated/outputs/prbcd_miss_condition_experiments/cora_ml__20260724_160453/raw_diagnostics/inject_random_unseen_control_epoch299_seed1_rep0_B2000.pt
1,0,740000,3000,baseline,0,0,0.7877470254898071,0.7877470254898071,0.0,76.90524771809578,
1,0,740000,3000,large_final_missed,0,10,0.7877470254898071,0.7861660122871399,0.0015810132026672363,76.96372385881841,/home/hschult5/AttackerGNN/notebooks/prbcd_miss_condition_updated/outputs/prbcd_miss_condition_experiments/cora_ml__20260724_160453/raw_diagnostics/inject_large_final_missed_epoch0_seed1_rep0_B3000.pt
1,0,740000,3000,large_top_signal,0,10,0.7877470254898071,0.7865612506866455,0.001185774803161621,77.2141775842756,/home/hschult5/AttackerGNN/notebooks/prbcd_miss_condition_updated/outputs/prbcd_miss_condition_experiments/cora_ml__20260724_160453/raw_diagnostics/inject_large_top_signal_epoch0_seed1_rep0_B3000.pt
1,0,740000,3000,large_only_random,0,10,0.7877470254898071,0.7877470254898071,0.0,76.88572582602501,/home/hschult5/AttackerGNN/notebooks/prbcd_miss_condition_updated/outputs/prbcd_miss_condition_experiments/cora_ml__20260724_160453/raw_diagnostics/inject_large_only_random_epoch0_seed1_rep0_B3000.pt
1,0,740000,3000,random_unseen_control,0,10,0.7877470254898071,0.7873517870903015,0.00039523839950561523,76.73858846724033,/home/hschult5/AttackerGNN/notebooks/prbcd_miss_condition_updated/outputs/prbcd_miss_condition_experiments/cora_ml__20260724_160453/raw_diagnostics/inject_random_unseen_control_epoch0_seed1_rep0_B3000.pt
1,0,740000,3000,baseline,9,0,0.7877470254898071,0.7877470254898071,0.0,76.90524771809578,
1,0,740000,3000,large_final_missed,9,10,0.7877470254898071,0.7869565486907959,0.0007904767990112305,76.30093085952103,/home/hschult5/AttackerGNN/notebooks/prbcd_miss_condition_updated/outputs/prbcd_miss_condition_experiments/cora_ml__20260724_160453/raw_diagnostics/inject_large_final_missed_epoch9_seed1_rep0_B3000.pt
1,0,740000,3000,large_top_signal,9,10,0.7877470254898071,0.7873517870903015,0.00039523839950561523,76.37542637065053,/home/hschult5/AttackerGNN/notebooks/prbcd_miss_condition_updated/outputs/prbcd_miss_condition_experiments/cora_ml__20260724_160453/raw_diagnostics/inject_large_top_signal_epoch9_seed1_rep0_B3000.pt
1,0,740000,3000,large_only_random,9,10,0.7877470254898071,0.7877470254898071,0.0,76.34142477996647,/home/hschult5/AttackerGNN/notebooks/prbcd_miss_condition_updated/outputs/prbcd_miss_condition_experiments/cora_ml__20260724_160453/raw_diagnostics/inject_large_only_random_epoch9_seed1_rep0_B3000.pt
1,0,740000,3000,random_unseen_control,9,10,0.7877470254898071,0.7877470254898071,0.0,76.51055557280779,/home/hschult5/AttackerGNN/notebooks/prbcd_miss_condition_updated/outputs/prbcd_miss_condition_experiments/cora_ml__20260724_160453/raw_diagnostics/inject_random_unseen_control_epoch9_seed1_rep0_B3000.pt
1,0,740000,3000,baseline,24,0,0.7877470254898071,0.7877470254898071,0.0,76.90524771809578,
1,0,740000,3000,large_final_missed,24,10,0.7877470254898071,0.7869565486907959,0.0007904767990112305,77.13581240735948,/home/hschult5/AttackerGNN/notebooks/prbcd_miss_condition_updated/outputs/prbcd_miss_condition_experiments/cora_ml__20260724_160453/raw_diagnostics/inject_large_final_missed_epoch24_seed1_rep0_B3000.pt
1,0,740000,3000,large_top_signal,24,10,0.7877470254898071,0.7877470254898071,0.0,77.14531131647527,/home/hschult5/AttackerGNN/notebooks/prbcd_miss_condition_updated/outputs/prbcd_miss_condition_experiments/cora_ml__20260724_160453/raw_diagnostics/inject_large_top_signal_epoch24_seed1_rep0_B3000.pt
1,0,740000,3000,large_only_random,24,10,0.7877470254898071,0.7877470254898071,0.0,76.47823521122336,/home/hschult5/AttackerGNN/notebooks/prbcd_miss_condition_updated/outputs/prbcd_miss_condition_experiments/cora_ml__20260724_160453/raw_diagnostics/inject_large_only_random_epoch24_seed1_rep0_B3000.pt
1,0,740000,3000,random_unseen_control,24,10,0.7877470254898071,0.7877470254898071,0.0,76.26191720180213,/home/hschult5/AttackerGNN/notebooks/prbcd_miss_condition_updated/outputs/prbcd_miss_condition_experiments/cora_ml__20260724_160453/raw_diagnostics/inject_random_unseen_control_epoch24_seed1_rep0_B3000.pt
1,0,740000,3000,baseline,49,0,0.7877470254898071,0.7877470254898071,0.0,76.90524771809578,
1,0,740000,3000,large_final_missed,49,10,0.7877470254898071,0.7873517870903015,0.00039523839950561523,76.29323919303715,/home/hschult5/AttackerGNN/notebooks/prbcd_miss_condition_updated/outputs/prbcd_miss_condition_experiments/cora_ml__20260724_160453/raw_diagnostics/inject_large_final_missed_epoch49_seed1_rep0_B3000.pt
1,0,740000,3000,large_top_signal,49,10,0.7877470254898071,0.7873517870903015,0.00039523839950561523,76.44515511579812,/home/hschult5/AttackerGNN/notebooks/prbcd_miss_condition_updated/outputs/prbcd_miss_condition_experiments/cora_ml__20260724_160453/raw_diagnostics/inject_large_top_signal_epoch49_seed1_rep0_B3000.pt
1,0,740000,3000,large_only_random,49,10,0.7877470254898071,0.7877470254898071,0.0,76.39636907353997,/home/hschult5/AttackerGNN/notebooks/prbcd_miss_condition_updated/outputs/prbcd_miss_condition_experiments/cora_ml__20260724_160453/raw_diagnostics/inject_large_only_random_epoch49_seed1_rep0_B3000.pt
1,0,740000,3000,random_unseen_control,49,10,0.7877470254898071,0.7877470254898071,0.0,76.34073819220066,/home/hschult5/AttackerGNN/notebooks/prbcd_miss_condition_updated/outputs/prbcd_miss_condition_experiments/cora_ml__20260724_160453/raw_diagnostics/inject_random_unseen_control_epoch49_seed1_rep0_B3000.pt
1,0,740000,3000,baseline,99,0,0.7877470254898071,0.7877470254898071,0.0,76.90524771809578,
1,0,740000,3000,large_final_missed,99,10,0.7877470254898071,0.7877470254898071,0.0,76.47558670118451,/home/hschult5/AttackerGNN/notebooks/prbcd_miss_condition_updated/outputs/prbcd_miss_condition_experiments/cora_ml__20260724_160453/raw_diagnostics/inject_large_final_missed_epoch99_seed1_rep0_B3000.pt
1,0,740000,3000,large_top_signal,99,10,0.7877470254898071,0.7877470254898071,0.0,76.51771739497781,/home/hschult5/AttackerGNN/notebooks/prbcd_miss_condition_updated/outputs/prbcd_miss_condition_experiments/cora_ml__20260724_160453/raw_diagnostics/inject_large_top_signal_epoch99_seed1_rep0_B3000.pt
1,0,740000,3000,large_only_random,99,10,0.7877470254898071,0.7877470254898071,0.0,76.41744399815798,/home/hschult5/AttackerGNN/notebooks/prbcd_miss_condition_updated/outputs/prbcd_miss_condition_experiments/cora_ml__20260724_160453/raw_diagnostics/inject_large_only_random_epoch99_seed1_rep0_B3000.pt
1,0,740000,3000,random_unseen_control,99,10,0.7877470254898071,0.7877470254898071,0.0,76.49984294176102,/home/hschult5/AttackerGNN/notebooks/prbcd_miss_condition_updated/outputs/prbcd_miss_condition_experiments/cora_ml__20260724_160453/raw_diagnostics/inject_random_unseen_control_epoch99_seed1_rep0_B3000.pt
1,0,740000,3000,baseline,299,0,0.7877470254898071,0.7877470254898071,0.0,76.90524771809578,
1,0,740000,3000,large_final_missed,299,10,0.7877470254898071,0.7877470254898071,0.0,76.2130993232131,/home/hschult5/AttackerGNN/notebooks/prbcd_miss_condition_updated/outputs/prbcd_miss_condition_experiments/cora_ml__20260724_160453/raw_diagnostics/inject_large_final_missed_epoch299_seed1_rep0_B3000.pt
1,0,740000,3000,large_top_signal,299,10,0.7877470254898071,0.7877470254898071,0.0,76.67176158167422,/home/hschult5/AttackerGNN/notebooks/prbcd_miss_condition_updated/outputs/prbcd_miss_condition_experiments/cora_ml__20260724_160453/raw_diagnostics/inject_large_top_signal_epoch299_seed1_rep0_B3000.pt
1,0,740000,3000,large_only_random,299,10,0.7877470254898071,0.7877470254898071,0.0,76.35026904009283,/home/hschult5/AttackerGNN/notebooks/prbcd_miss_condition_updated/outputs/prbcd_miss_condition_experiments/cora_ml__20260724_160453/raw_diagnostics/inject_large_only_random_epoch299_seed1_rep0_B3000.pt
1,0,740000,3000,random_unseen_control,299,10,0.7877470254898071,0.7877470254898071,0.0,76.4841132722795,/home/hschult5/AttackerGNN/notebooks/prbcd_miss_condition_updated/outputs/prbcd_miss_condition_experiments/cora_ml__20260724_160453/raw_diagnostics/inject_random_unseen_control_epoch299_seed1_rep0_B3000.pt
1,0,740000,4000,baseline,0,0,0.7853754758834839,0.7853754758834839,0.0,77.97448995523155,
1,0,740000,4000,large_final_missed,0,10,0.7853754758834839,0.7814229130744934,0.0039525628089904785,77.42243872210383,/home/hschult5/AttackerGNN/notebooks/prbcd_miss_condition_updated/outputs/prbcd_miss_condition_experiments/cora_ml__20260724_160453/raw_diagnostics/inject_large_final_missed_epoch0_seed1_rep0_B4000.pt
1,0,740000,4000,large_top_signal,0,10,0.7853754758834839,0.7814229130744934,0.0039525628089904785,75.97243502736092,/home/hschult5/AttackerGNN/notebooks/prbcd_miss_condition_updated/outputs/prbcd_miss_condition_experiments/cora_ml__20260724_160453/raw_diagnostics/inject_large_top_signal_epoch0_seed1_rep0_B4000.pt
1,0,740000,4000,large_only_random,0,10,0.7853754758834839,0.7861660122871399,-0.0007905364036560059,74.59816014580429,/home/hschult5/AttackerGNN/notebooks/prbcd_miss_condition_updated/outputs/prbcd_miss_condition_experiments/cora_ml__20260724_160453/raw_diagnostics/inject_large_only_random_epoch0_seed1_rep0_B4000.pt
1,0,740000,4000,random_unseen_control,0,10,0.7853754758834839,0.7853754758834839,0.0,74.66845382004976,/home/hschult5/AttackerGNN/notebooks/prbcd_miss_condition_updated/outputs/prbcd_miss_condition_experiments/cora_ml__20260724_160453/raw_diagnostics/inject_random_unseen_control_epoch0_seed1_rep0_B4000.pt
1,0,740000,4000,baseline,9,0,0.7853754758834839,0.7853754758834839,0.0,77.97448995523155,
1,0,740000,4000,large_final_missed,9,10,0.7853754758834839,0.783399224281311,0.0019762516021728516,74.83525431156158,/home/hschult5/AttackerGNN/notebooks/prbcd_miss_condition_updated/outputs/prbcd_miss_condition_experiments/cora_ml__20260724_160453/raw_diagnostics/inject_large_final_missed_epoch9_seed1_rep0_B4000.pt
1,0,740000,4000,large_top_signal,9,10,0.7853754758834839,0.7830039262771606,0.002371549606323242,74.8795083258301,/home/hschult5/AttackerGNN/notebooks/prbcd_miss_condition_updated/outputs/prbcd_miss_condition_experiments/cora_ml__20260724_160453/raw_diagnostics/inject_large_top_signal_epoch9_seed1_rep0_B4000.pt
1,0,740000,4000,large_only_random,9,10,0.7853754758834839,0.7853754758834839,0.0,74.41666129231453,/home/hschult5/AttackerGNN/notebooks/prbcd_miss_condition_updated/outputs/prbcd_miss_condition_experiments/cora_ml__20260724_160453/raw_diagnostics/inject_large_only_random_epoch9_seed1_rep0_B4000.pt
1,0,740000,4000,random_unseen_control,9,10,0.7853754758834839,0.7853754758834839,0.0,74.69087251462042,/home/hschult5/AttackerGNN/notebooks/prbcd_miss_condition_updated/outputs/prbcd_miss_condition_experiments/cora_ml__20260724_160453/raw_diagnostics/inject_random_unseen_control_epoch9_seed1_rep0_B4000.pt
1,0,740000,4000,baseline,24,0,0.7853754758834839,0.7853754758834839,0.0,77.97448995523155,
1,0,740000,4000,large_final_missed,24,10,0.7853754758834839,0.7849802374839783,0.00039523839950561523,74.55167140625417,/home/hschult5/AttackerGNN/notebooks/prbcd_miss_condition_updated/outputs/prbcd_miss_condition_experiments/cora_ml__20260724_160453/raw_diagnostics/inject_large_final_missed_epoch24_seed1_rep0_B4000.pt
1,0,740000,4000,large_top_signal,24,10,0.7853754758834839,0.7849802374839783,0.00039523839950561523,74.49997418746352,/home/hschult5/AttackerGNN/notebooks/prbcd_miss_condition_updated/outputs/prbcd_miss_condition_experiments/cora_ml__20260724_160453/raw_diagnostics/inject_large_top_signal_epoch24_seed1_rep0_B4000.pt
1,0,740000,4000,large_only_random,24,10,0.7853754758834839,0.7853754758834839,0.0,74.34928003698587,/home/hschult5/AttackerGNN/notebooks/prbcd_miss_condition_updated/outputs/prbcd_miss_condition_experiments/cora_ml__20260724_160453/raw_diagnostics/inject_large_only_random_epoch24_seed1_rep0_B4000.pt
1,0,740000,4000,random_unseen_control,24,10,0.7853754758834839,0.7853754758834839,0.0,74.4703218434006,/home/hschult5/AttackerGNN/notebooks/prbcd_miss_condition_updated/outputs/prbcd_miss_condition_experiments/cora_ml__20260724_160453/raw_diagnostics/inject_random_unseen_control_epoch24_seed1_rep0_B4000.pt
1,0,740000,4000,baseline,49,0,0.7853754758834839,0.7853754758834839,0.0,77.97448995523155,
1,0,740000,4000,large_final_missed,49,10,0.7853754758834839,0.7853754758834839,0.0,74.88026886805892,/home/hschult5/AttackerGNN/notebooks/prbcd_miss_condition_updated/outputs/prbcd_miss_condition_experiments/cora_ml__20260724_160453/raw_diagnostics/inject_large_final_missed_epoch49_seed1_rep0_B4000.pt
1,0,740000,4000,large_top_signal,49,10,0.7853754758834839,0.7853754758834839,0.0,74.57787276990712,/home/hschult5/AttackerGNN/notebooks/prbcd_miss_condition_updated/outputs/prbcd_miss_condition_experiments/cora_ml__20260724_160453/raw_diagnostics/inject_large_top_signal_epoch49_seed1_rep0_B4000.pt
1,0,740000,4000,large_only_random,49,10,0.7853754758834839,0.7853754758834839,0.0,74.6128812301904,/home/hschult5/AttackerGNN/notebooks/prbcd_miss_condition_updated/outputs/prbcd_miss_condition_experiments/cora_ml__20260724_160453/raw_diagnostics/inject_large_only_random_epoch49_seed1_rep0_B4000.pt
1,0,740000,4000,random_unseen_control,49,10,0.7853754758834839,0.7853754758834839,0.0,74.66267193295062,/home/hschult5/AttackerGNN/notebooks/prbcd_miss_condition_updated/outputs/prbcd_miss_condition_experiments/cora_ml__20260724_160453/raw_diagnostics/inject_random_unseen_control_epoch49_seed1_rep0_B4000.pt
1,0,740000,4000,baseline,99,0,0.7853754758834839,0.7853754758834839,0.0,77.97448995523155,
1,0,740000,4000,large_final_missed,99,10,0.7853754758834839,0.7853754758834839,0.0,74.4203680306673,/home/hschult5/AttackerGNN/notebooks/prbcd_miss_condition_updated/outputs/prbcd_miss_condition_experiments/cora_ml__20260724_160453/raw_diagnostics/inject_large_final_missed_epoch99_seed1_rep0_B4000.pt
1,0,740000,4000,large_top_signal,99,10,0.7853754758834839,0.7853754758834839,0.0,74.73791048675776,/home/hschult5/AttackerGNN/notebooks/prbcd_miss_condition_updated/outputs/prbcd_miss_condition_experiments/cora_ml__20260724_160453/raw_diagnostics/inject_large_top_signal_epoch99_seed1_rep0_B4000.pt
1,0,740000,4000,large_only_random,99,10,0.7853754758834839,0.7853754758834839,0.0,74.76701482757926,/home/hschult5/AttackerGNN/notebooks/prbcd_miss_condition_updated/outputs/prbcd_miss_condition_experiments/cora_ml__20260724_160453/raw_diagnostics/inject_large_only_random_epoch99_seed1_rep0_B4000.pt
1,0,740000,4000,random_unseen_control,99,10,0.7853754758834839,0.7853754758834839,0.0,74.81639130041003,/home/hschult5/AttackerGNN/notebooks/prbcd_miss_condition_updated/outputs/prbcd_miss_condition_experiments/cora_ml__20260724_160453/raw_diagnostics/inject_random_unseen_control_epoch99_seed1_rep0_B4000.pt
1,0,740000,4000,baseline,299,0,0.7853754758834839,0.7853754758834839,0.0,77.97448995523155,
1,0,740000,4000,large_final_missed,299,10,0.7853754758834839,0.7853754758834839,0.0,74.65639350563288,/home/hschult5/AttackerGNN/notebooks/prbcd_miss_condition_updated/outputs/prbcd_miss_condition_experiments/cora_ml__20260724_160453/raw_diagnostics/inject_large_final_missed_epoch299_seed1_rep0_B4000.pt
1,0,740000,4000,large_top_signal,299,10,0.7853754758834839,0.7853754758834839,0.0,74.98742027953267,/home/hschult5/AttackerGNN/notebooks/prbcd_miss_condition_updated/outputs/prbcd_miss_condition_experiments/cora_ml__20260724_160453/raw_diagnostics/inject_large_top_signal_epoch299_seed1_rep0_B4000.pt
1,0,740000,4000,large_only_random,299,10,0.7853754758834839,0.7853754758834839,0.0,74.82713846862316,/home/hschult5/AttackerGNN/notebooks/prbcd_miss_condition_updated/outputs/prbcd_miss_condition_experiments/cora_ml__20260724_160453/raw_diagnostics/inject_large_only_random_epoch299_seed1_rep0_B4000.pt
1,0,740000,4000,random_unseen_control,299,10,0.7853754758834839,0.7853754758834839,0.0,74.62670276500285,/home/hschult5/AttackerGNN/notebooks/prbcd_miss_condition_updated/outputs/prbcd_miss_condition_experiments/cora_ml__20260724_160453/raw_diagnostics/inject_random_unseen_control_epoch299_seed1_rep0_B4000.pt
2,0,750000,250,baseline,0,0,0.8363636136054993,0.8363636136054993,0.0,76.74640959873796,
2,0,750000,250,large_final_missed,0,10,0.8363636136054993,0.8324110507965088,0.0039525628089904785,73.13231934793293,/home/hschult5/AttackerGNN/notebooks/prbcd_miss_condition_updated/outputs/prbcd_miss_condition_experiments/cora_ml__20260724_160453/raw_diagnostics/inject_large_final_missed_epoch0_seed2_rep0_B250.pt
2,0,750000,250,large_top_signal,0,10,0.8363636136054993,0.834782600402832,0.0015810132026672363,73.12048705294728,/home/hschult5/AttackerGNN/notebooks/prbcd_miss_condition_updated/outputs/prbcd_miss_condition_experiments/cora_ml__20260724_160453/raw_diagnostics/inject_large_top_signal_epoch0_seed2_rep0_B250.pt
2,0,750000,250,large_only_random,0,10,0.8363636136054993,0.8363636136054993,0.0,73.15760710649192,/home/hschult5/AttackerGNN/notebooks/prbcd_miss_condition_updated/outputs/prbcd_miss_condition_experiments/cora_ml__20260724_160453/raw_diagnostics/inject_large_only_random_epoch0_seed2_rep0_B250.pt
2,0,750000,250,random_unseen_control,0,10,0.8363636136054993,0.8359683752059937,0.00039523839950561523,72.98112906329334,/home/hschult5/AttackerGNN/notebooks/prbcd_miss_condition_updated/outputs/prbcd_miss_condition_experiments/cora_ml__20260724_160453/raw_diagnostics/inject_random_unseen_control_epoch0_seed2_rep0_B250.pt
2,0,750000,250,baseline,9,0,0.8363636136054993,0.8363636136054993,0.0,76.74640959873796,
2,0,750000,250,large_final_missed,9,10,0.8363636136054993,0.8339921236038208,0.002371490001678467,72.80598722957075,/home/hschult5/AttackerGNN/notebooks/prbcd_miss_condition_updated/outputs/prbcd_miss_condition_experiments/cora_ml__20260724_160453/raw_diagnostics/inject_large_final_missed_epoch9_seed2_rep0_B250.pt
2,0,750000,250,large_top_signal,9,10,0.8363636136054993,0.8375493884086609,-0.001185774803161621,73.09722446836531,/home/hschult5/AttackerGNN/notebooks/prbcd_miss_condition_updated/outputs/prbcd_miss_condition_experiments/cora_ml__20260724_160453/raw_diagnostics/inject_large_top_signal_epoch9_seed2_rep0_B250.pt
2,0,750000,250,large_only_random,9,10,0.8363636136054993,0.8363636136054993,0.0,73.28143168054521,/home/hschult5/AttackerGNN/notebooks/prbcd_miss_condition_updated/outputs/prbcd_miss_condition_experiments/cora_ml__20260724_160453/raw_diagnostics/inject_large_only_random_epoch9_seed2_rep0_B250.pt
2,0,750000,250,random_unseen_control,9,10,0.8363636136054993,0.8363636136054993,0.0,73.16864980012178,/home/hschult5/AttackerGNN/notebooks/prbcd_miss_condition_updated/outputs/prbcd_miss_condition_experiments/cora_ml__20260724_160453/raw_diagnostics/inject_random_unseen_control_epoch9_seed2_rep0_B250.pt
2,0,750000,250,baseline,24,0,0.8363636136054993,0.8363636136054993,0.0,76.74640959873796,
2,0,750000,250,large_final_missed,24,10,0.8363636136054993,0.8359683752059937,0.00039523839950561523,72.81762811169028,/home/hschult5/AttackerGNN/notebooks/prbcd_miss_condition_updated/outputs/prbcd_miss_condition_experiments/cora_ml__20260724_160453/raw_diagnostics/inject_large_final_missed_epoch24_seed2_rep0_B250.pt
2,0,750000,250,large_top_signal,24,10,0.8363636136054993,0.8371541500091553,-0.0007905364036560059,72.84547804296017,/home/hschult5/AttackerGNN/notebooks/prbcd_miss_condition_updated/outputs/prbcd_miss_condition_experiments/cora_ml__20260724_160453/raw_diagnostics/inject_large_top_signal_epoch24_seed2_rep0_B250.pt
2,0,750000,250,large_only_random,24,10,0.8363636136054993,0.8363636136054993,0.0,72.79684699326754,/home/hschult5/AttackerGNN/notebooks/prbcd_miss_condition_updated/outputs/prbcd_miss_condition_experiments/cora_ml__20260724_160453/raw_diagnostics/inject_large_only_random_epoch24_seed2_rep0_B250.pt
2,0,750000,250,random_unseen_control,24,10,0.8363636136054993,0.8363636136054993,0.0,72.52158382721245,/home/hschult5/AttackerGNN/notebooks/prbcd_miss_condition_updated/outputs/prbcd_miss_condition_experiments/cora_ml__20260724_160453/raw_diagnostics/inject_random_unseen_control_epoch24_seed2_rep0_B250.pt
2,0,750000,250,baseline,49,0,0.8363636136054993,0.8363636136054993,0.0,76.74640959873796,
2,0,750000,250,large_final_missed,49,10,0.8363636136054993,0.8324110507965088,0.0039525628089904785,72.75539619103074,/home/hschult5/AttackerGNN/notebooks/prbcd_miss_condition_updated/outputs/prbcd_miss_condition_experiments/cora_ml__20260724_160453/raw_diagnostics/inject_large_final_missed_epoch49_seed2_rep0_B250.pt
2,0,750000,250,large_top_signal,49,10,0.8363636136054993,0.8332015872001648,0.0031620264053344727,72.72590214945376,/home/hschult5/AttackerGNN/notebooks/prbcd_miss_condition_updated/outputs/prbcd_miss_condition_experiments/cora_ml__20260724_160453/raw_diagnostics/inject_large_top_signal_epoch49_seed2_rep0_B250.pt
2,0,750000,250,large_only_random,49,10,0.8363636136054993,0.8371541500091553,-0.0007905364036560059,72.70101925358176,/home/hschult5/AttackerGNN/notebooks/prbcd_miss_condition_updated/outputs/prbcd_miss_condition_experiments/cora_ml__20260724_160453/raw_diagnostics/inject_large_only_random_epoch49_seed2_rep0_B250.pt
2,0,750000,250,random_unseen_control,49,10,0.8363636136054993,0.8371541500091553,-0.0007905364036560059,72.66012186184525,/home/hschult5/AttackerGNN/notebooks/prbcd_miss_condition_updated/outputs/prbcd_miss_condition_experiments/cora_ml__20260724_160453/raw_diagnostics/inject_random_unseen_control_epoch49_seed2_rep0_B250.pt
2,0,750000,250,baseline,99,0,0.8363636136054993,0.8363636136054993,0.0,76.74640959873796,
2,0,750000,250,large_final_missed,99,10,0.8363636136054993,0.8320158123970032,0.004347801208496094,72.79085073620081,/home/hschult5/AttackerGNN/notebooks/prbcd_miss_condition_updated/outputs/prbcd_miss_condition_experiments/cora_ml__20260724_160453/raw_diagnostics/inject_large_final_missed_epoch99_seed2_rep0_B250.pt
2,0,750000,250,large_top_signal,99,10,0.8363636136054993,0.8332015872001648,0.0031620264053344727,72.69970206730068,/home/hschult5/AttackerGNN/notebooks/prbcd_miss_condition_updated/outputs/prbcd_miss_condition_experiments/cora_ml__20260724_160453/raw_diagnostics/inject_large_top_signal_epoch99_seed2_rep0_B250.pt
2,0,750000,250,large_only_random,99,10,0.8363636136054993,0.8363636136054993,0.0,72.61808058433235,/home/hschult5/AttackerGNN/notebooks/prbcd_miss_condition_updated/outputs/prbcd_miss_condition_experiments/cora_ml__20260724_160453/raw_diagnostics/inject_large_only_random_epoch99_seed2_rep0_B250.pt
2,0,750000,250,random_unseen_control,99,10,0.8363636136054993,0.8363636136054993,0.0,72.58941737934947,/home/hschult5/AttackerGNN/notebooks/prbcd_miss_condition_updated/outputs/prbcd_miss_condition_experiments/cora_ml__20260724_160453/raw_diagnostics/inject_random_unseen_control_epoch99_seed2_rep0_B250.pt
2,0,750000,250,baseline,299,0,0.8363636136054993,0.8363636136054993,0.0,76.74640959873796,
2,0,750000,250,large_final_missed,299,10,0.8363636136054993,0.8363636136054993,0.0,72.62312440387905,/home/hschult5/AttackerGNN/notebooks/prbcd_miss_condition_updated/outputs/prbcd_miss_condition_experiments/cora_ml__20260724_160453/raw_diagnostics/inject_large_final_missed_epoch299_seed2_rep0_B250.pt
2,0,750000,250,large_top_signal,299,10,0.8363636136054993,0.8363636136054993,0.0,72.44558305852115,/home/hschult5/AttackerGNN/notebooks/prbcd_miss_condition_updated/outputs/prbcd_miss_condition_experiments/cora_ml__20260724_160453/raw_diagnostics/inject_large_top_signal_epoch299_seed2_rep0_B250.pt
2,0,750000,250,large_only_random,299,10,0.8363636136054993,0.8363636136054993,0.0,72.42297922447324,/home/hschult5/AttackerGNN/notebooks/prbcd_miss_condition_updated/outputs/prbcd_miss_condition_experiments/cora_ml__20260724_160453/raw_diagnostics/inject_large_only_random_epoch299_seed2_rep0_B250.pt
2,0,750000,250,random_unseen_control,299,10,0.8363636136054993,0.8363636136054993,0.0,72.61250792630017,/home/hschult5/AttackerGNN/notebooks/prbcd_miss_condition_updated/outputs/prbcd_miss_condition_experiments/cora_ml__20260724_160453/raw_diagnostics/inject_random_unseen_control_epoch299_seed2_rep0_B250.pt
2,0,750000,500,baseline,0,0,0.8284584879875183,0.8284584879875183,0.0,74.4098804127425,
2,0,750000,500,large_final_missed,0,10,0.8284584879875183,0.8276680111885071,0.0007904767990112305,72.7340039331466,/home/hschult5/AttackerGNN/notebooks/prbcd_miss_condition_updated/outputs/prbcd_miss_condition_experiments/cora_ml__20260724_160453/raw_diagnostics/inject_large_final_missed_epoch0_seed2_rep0_B500.pt
2,0,750000,500,large_top_signal,0,10,0.8284584879875183,0.8284584879875183,0.0,72.85879493504763,/home/hschult5/AttackerGNN/notebooks/prbcd_miss_condition_updated/outputs/prbcd_miss_condition_experiments/cora_ml__20260724_160453/raw_diagnostics/inject_large_top_signal_epoch0_seed2_rep0_B500.pt
2,0,750000,500,large_only_random,0,10,0.8284584879875183,0.8284584879875183,0.0,72.74012385122478,/home/hschult5/AttackerGNN/notebooks/prbcd_miss_condition_updated/outputs/prbcd_miss_condition_experiments/cora_ml__20260724_160453/raw_diagnostics/inject_large_only_random_epoch0_seed2_rep0_B500.pt
2,0,750000,500,random_unseen_control,0,10,0.8284584879875183,0.8284584879875183,0.0,72.71451227925718,/home/hschult5/AttackerGNN/notebooks/prbcd_miss_condition_updated/outputs/prbcd_miss_condition_experiments/cora_ml__20260724_160453/raw_diagnostics/inject_random_unseen_control_epoch0_seed2_rep0_B500.pt
2,0,750000,500,baseline,9,0,0.8284584879875183,0.8284584879875183,0.0,74.4098804127425,
2,0,750000,500,large_final_missed,9,10,0.8284584879875183,0.8268774747848511,0.0015810132026672363,72.65874987281859,/home/hschult5/AttackerGNN/notebooks/prbcd_miss_condition_updated/outputs/prbcd_miss_condition_experiments/cora_ml__20260724_160453/raw_diagnostics/inject_large_final_missed_epoch9_seed2_rep0_B500.pt
2,0,750000,500,large_top_signal,9,10,0.8284584879875183,0.8284584879875183,0.0,72.69263484328985,/home/hschult5/AttackerGNN/notebooks/prbcd_miss_condition_updated/outputs/prbcd_miss_condition_experiments/cora_ml__20260724_160453/raw_diagnostics/inject_large_top_signal_epoch9_seed2_rep0_B500.pt
2,0,750000,500,large_only_random,9,10,0.8284584879875183,0.8284584879875183,0.0,72.50558755360544,/home/hschult5/AttackerGNN/notebooks/prbcd_miss_condition_updated/outputs/prbcd_miss_condition_experiments/cora_ml__20260724_160453/raw_diagnostics/inject_large_only_random_epoch9_seed2_rep0_B500.pt
2,0,750000,500,random_unseen_control,9,10,0.8284584879875183,0.8284584879875183,0.0,72.61827711202204,/home/hschult5/AttackerGNN/notebooks/prbcd_miss_condition_updated/outputs/prbcd_miss_condition_experiments/cora_ml__20260724_160453/raw_diagnostics/inject_random_unseen_control_epoch9_seed2_rep0_B500.pt
2,0,750000,500,baseline,24,0,0.8284584879875183,0.8284584879875183,0.0,74.4098804127425,
2,0,750000,500,large_final_missed,24,10,0.8284584879875183,0.8268774747848511,0.0015810132026672363,72.72204347513616,/home/hschult5/AttackerGNN/notebooks/prbcd_miss_condition_updated/outputs/prbcd_miss_condition_experiments/cora_ml__20260724_160453/raw_diagnostics/inject_large_final_missed_epoch24_seed2_rep0_B500.pt
2,0,750000,500,large_top_signal,24,10,0.8284584879875183,0.8284584879875183,0.0,74.55237994156778,/home/hschult5/AttackerGNN/notebooks/prbcd_miss_condition_updated/outputs/prbcd_miss_condition_experiments/cora_ml__20260724_160453/raw_diagnostics/inject_large_top_signal_epoch24_seed2_rep0_B500.pt
2,0,750000,500,large_only_random,24,10,0.8284584879875183,0.8284584879875183,0.0,72.45337759144604,/home/hschult5/AttackerGNN/notebooks/prbcd_miss_condition_updated/outputs/prbcd_miss_condition_experiments/cora_ml__20260724_160453/raw_diagnostics/inject_large_only_random_epoch24_seed2_rep0_B500.pt
2,0,750000,500,random_unseen_control,24,10,0.8284584879875183,0.8284584879875183,0.0,72.44132084399462,/home/hschult5/AttackerGNN/notebooks/prbcd_miss_condition_updated/outputs/prbcd_miss_condition_experiments/cora_ml__20260724_160453/raw_diagnostics/inject_random_unseen_control_epoch24_seed2_rep0_B500.pt
2,0,750000,500,baseline,49,0,0.8284584879875183,0.8284584879875183,0.0,74.4098804127425,
2,0,750000,500,large_final_missed,49,10,0.8284584879875183,0.8280632495880127,0.00039523839950561523,72.44454224780202,/home/hschult5/AttackerGNN/notebooks/prbcd_miss_condition_updated/outputs/prbcd_miss_condition_experiments/cora_ml__20260724_160453/raw_diagnostics/inject_large_final_missed_epoch49_seed2_rep0_B500.pt
2,0,750000,500,large_top_signal,49,10,0.8284584879875183,0.8276680111885071,0.0007904767990112305,72.45559304021299,/home/hschult5/AttackerGNN/notebooks/prbcd_miss_condition_updated/outputs/prbcd_miss_condition_experiments/cora_ml__20260724_160453/raw_diagnostics/inject_large_top_signal_epoch49_seed2_rep0_B500.pt
2,0,750000,500,large_only_random,49,10,0.8284584879875183,0.8284584879875183,0.0,72.51650011725724,/home/hschult5/AttackerGNN/notebooks/prbcd_miss_condition_updated/outputs/prbcd_miss_condition_experiments/cora_ml__20260724_160453/raw_diagnostics/inject_large_only_random_epoch49_seed2_rep0_B500.pt
2,0,750000,500,random_unseen_control,49,10,0.8284584879875183,0.8284584879875183,0.0,72.4336110111326,/home/hschult5/AttackerGNN/notebooks/prbcd_miss_condition_updated/outputs/prbcd_miss_condition_experiments/cora_ml__20260724_160453/raw_diagnostics/inject_random_unseen_control_epoch49_seed2_rep0_B500.pt
2,0,750000,500,baseline,99,0,0.8284584879875183,0.8284584879875183,0.0,74.4098804127425,
2,0,750000,500,large_final_missed,99,10,0.8284584879875183,0.8276680111885071,0.0007904767990112305,72.41343657486141,/home/hschult5/AttackerGNN/notebooks/prbcd_miss_condition_updated/outputs/prbcd_miss_condition_experiments/cora_ml__20260724_160453/raw_diagnostics/inject_large_final_missed_epoch99_seed2_rep0_B500.pt
2,0,750000,500,large_top_signal,99,10,0.8284584879875183,0.8280632495880127,0.00039523839950561523,72.50350000523031,/home/hschult5/AttackerGNN/notebooks/prbcd_miss_condition_updated/outputs/prbcd_miss_condition_experiments/cora_ml__20260724_160453/raw_diagnostics/inject_large_top_signal_epoch99_seed2_rep0_B500.pt
2,0,750000,500,large_only_random,99,10,0.8284584879875183,0.8284584879875183,0.0,72.63075078837574,/home/hschult5/AttackerGNN/notebooks/prbcd_miss_condition_updated/outputs/prbcd_miss_condition_experiments/cora_ml__20260724_160453/raw_diagnostics/inject_large_only_random_epoch99_seed2_rep0_B500.pt
2,0,750000,500,random_unseen_control,99,10,0.8284584879875183,0.8284584879875183,0.0,72.38193516805768,/home/hschult5/AttackerGNN/notebooks/prbcd_miss_condition_updated/outputs/prbcd_miss_condition_experiments/cora_ml__20260724_160453/raw_diagnostics/inject_random_unseen_control_epoch99_seed2_rep0_B500.pt
2,0,750000,500,baseline,299,0,0.8284584879875183,0.8284584879875183,0.0,74.4098804127425,
2,0,750000,500,large_final_missed,299,10,0.8284584879875183,0.8284584879875183,0.0,72.54884536750615,/home/hschult5/AttackerGNN/notebooks/prbcd_miss_condition_updated/outputs/prbcd_miss_condition_experiments/cora_ml__20260724_160453/raw_diagnostics/inject_large_final_missed_epoch299_seed2_rep0_B500.pt
2,0,750000,500,large_top_signal,299,10,0.8284584879875183,0.8284584879875183,0.0,72.49057580903172,/home/hschult5/AttackerGNN/notebooks/prbcd_miss_condition_updated/outputs/prbcd_miss_condition_experiments/cora_ml__20260724_160453/raw_diagnostics/inject_large_top_signal_epoch299_seed2_rep0_B500.pt
2,0,750000,500,large_only_random,299,10,0.8284584879875183,0.8284584879875183,0.0,72.54915677942336,/home/hschult5/AttackerGNN/notebooks/prbcd_miss_condition_updated/outputs/prbcd_miss_condition_experiments/cora_ml__20260724_160453/raw_diagnostics/inject_large_only_random_epoch299_seed2_rep0_B500.pt
2,0,750000,500,random_unseen_control,299,10,0.8284584879875183,0.8284584879875183,0.0,72.41097766906023,/home/hschult5/AttackerGNN/notebooks/prbcd_miss_condition_updated/outputs/prbcd_miss_condition_experiments/cora_ml__20260724_160453/raw_diagnostics/inject_random_unseen_control_epoch299_seed2_rep0_B500.pt
2,0,750000,1000,baseline,0,0,0.8264822363853455,0.8264822363853455,0.0,73.94678692519665,
2,0,750000,1000,large_final_missed,0,10,0.8264822363853455,0.8213438987731934,0.0051383376121521,72.2190124578774,/home/hschult5/AttackerGNN/notebooks/prbcd_miss_condition_updated/outputs/prbcd_miss_condition_experiments/cora_ml__20260724_160453/raw_diagnostics/inject_large_final_missed_epoch0_seed2_rep0_B1000.pt
2,0,750000,1000,large_top_signal,0,10,0.8264822363853455,0.822529673576355,0.0039525628089904785,72.06822818517685,/home/hschult5/AttackerGNN/notebooks/prbcd_miss_condition_updated/outputs/prbcd_miss_condition_experiments/cora_ml__20260724_160453/raw_diagnostics/inject_large_top_signal_epoch0_seed2_rep0_B1000.pt
2,0,750000,1000,large_only_random,0,10,0.8264822363853455,0.8264822363853455,0.0,71.8638074323535,/home/hschult5/AttackerGNN/notebooks/prbcd_miss_condition_updated/outputs/prbcd_miss_condition_experiments/cora_ml__20260724_160453/raw_diagnostics/inject_large_only_random_epoch0_seed2_rep0_B1000.pt
2,0,750000,1000,random_unseen_control,0,10,0.8264822363853455,0.8264822363853455,0.0,72.31265143677592,/home/hschult5/AttackerGNN/notebooks/prbcd_miss_condition_updated/outputs/prbcd_miss_condition_experiments/cora_ml__20260724_160453/raw_diagnostics/inject_random_unseen_control_epoch0_seed2_rep0_B1000.pt
2,0,750000,1000,baseline,9,0,0.8264822363853455,0.8264822363853455,0.0,73.94678692519665,
2,0,750000,1000,large_final_missed,9,10,0.8264822363853455,0.8233201503753662,0.003162086009979248,72.19747888669372,/home/hschult5/AttackerGNN/notebooks/prbcd_miss_condition_updated/outputs/prbcd_miss_condition_experiments/cora_ml__20260724_160453/raw_diagnostics/inject_large_final_missed_epoch9_seed2_rep0_B1000.pt
2,0,750000,1000,large_top_signal,9,10,0.8264822363853455,0.8241106867790222,0.002371549606323242,72.18943557143211,/home/hschult5/AttackerGNN/notebooks/prbcd_miss_condition_updated/outputs/prbcd_miss_condition_experiments/cora_ml__20260724_160453/raw_diagnostics/inject_large_top_signal_epoch9_seed2_rep0_B1000.pt
2,0,750000,1000,large_only_random,9,10,0.8264822363853455,0.8264822363853455,0.0,71.80696357227862,/home/hschult5/AttackerGNN/notebooks/prbcd_miss_condition_updated/outputs/prbcd_miss_condition_experiments/cora_ml__20260724_160453/raw_diagnostics/inject_large_only_random_epoch9_seed2_rep0_B1000.pt
2,0,750000,1000,random_unseen_control,9,10,0.8264822363853455,0.8264822363853455,0.0,71.85696629621089,/home/hschult5/AttackerGNN/notebooks/prbcd_miss_condition_updated/outputs/prbcd_miss_condition_experiments/cora_ml__20260724_160453/raw_diagnostics/inject_random_unseen_control_epoch9_seed2_rep0_B1000.pt
2,0,750000,1000,baseline,24,0,0.8264822363853455,0.8264822363853455,0.0,73.94678692519665,
2,0,750000,1000,large_final_missed,24,10,0.8264822363853455,0.8233201503753662,0.003162086009979248,72.17179051227868,/home/hschult5/AttackerGNN/notebooks/prbcd_miss_condition_updated/outputs/prbcd_miss_condition_experiments/cora_ml__20260724_160453/raw_diagnostics/inject_large_final_missed_epoch24_seed2_rep0_B1000.pt
2,0,750000,1000,large_top_signal,24,10,0.8264822363853455,0.8252964615821838,0.001185774803161621,72.03400955162942,/home/hschult5/AttackerGNN/notebooks/prbcd_miss_condition_updated/outputs/prbcd_miss_condition_experiments/cora_ml__20260724_160453/raw_diagnostics/inject_large_top_signal_epoch24_seed2_rep0_B1000.pt
2,0,750000,1000,large_only_random,24,10,0.8264822363853455,0.8264822363853455,0.0,71.9664360769093,/home/hschult5/AttackerGNN/notebooks/prbcd_miss_condition_updated/outputs/prbcd_miss_condition_experiments/cora_ml__20260724_160453/raw_diagnostics/inject_large_only_random_epoch24_seed2_rep0_B1000.pt
2,0,750000,1000,random_unseen_control,24,10,0.8264822363853455,0.8264822363853455,0.0,71.95829993486404,/home/hschult5/AttackerGNN/notebooks/prbcd_miss_condition_updated/outputs/prbcd_miss_condition_experiments/cora_ml__20260724_160453/raw_diagnostics/inject_random_unseen_control_epoch24_seed2_rep0_B1000.pt
2,0,750000,1000,baseline,49,0,0.8264822363853455,0.8264822363853455,0.0,73.94678692519665,
2,0,750000,1000,large_final_missed,49,10,0.8264822363853455,0.8229249119758606,0.0035573244094848633,71.87653702497482,/home/hschult5/AttackerGNN/notebooks/prbcd_miss_condition_updated/outputs/prbcd_miss_condition_experiments/cora_ml__20260724_160453/raw_diagnostics/inject_large_final_missed_epoch49_seed2_rep0_B1000.pt
2,0,750000,1000,large_top_signal,49,10,0.8264822363853455,0.8233201503753662,0.003162086009979248,72.0137786064297,/home/hschult5/AttackerGNN/notebooks/prbcd_miss_condition_updated/outputs/prbcd_miss_condition_experiments/cora_ml__20260724_160453/raw_diagnostics/inject_large_top_signal_epoch49_seed2_rep0_B1000.pt
2,0,750000,1000,large_only_random,49,10,0.8264822363853455,0.8264822363853455,0.0,72.14103654958308,/home/hschult5/AttackerGNN/notebooks/prbcd_miss_condition_updated/outputs/prbcd_miss_condition_experiments/cora_ml__20260724_160453/raw_diagnostics/inject_large_only_random_epoch49_seed2_rep0_B1000.pt
2,0,750000,1000,random_unseen_control,49,10,0.8264822363853455,0.8264822363853455,0.0,71.72333925403655,/home/hschult5/AttackerGNN/notebooks/prbcd_miss_condition_updated/outputs/prbcd_miss_condition_experiments/cora_ml__20260724_160453/raw_diagnostics/inject_random_unseen_control_epoch49_seed2_rep0_B1000.pt
2,0,750000,1000,baseline,99,0,0.8264822363853455,0.8264822363853455,0.0,73.94678692519665,
2,0,750000,1000,large_final_missed,99,10,0.8264822363853455,0.8229249119758606,0.0035573244094848633,71.18520074523985,/home/hschult5/AttackerGNN/notebooks/prbcd_miss_condition_updated/outputs/prbcd_miss_condition_experiments/cora_ml__20260724_160453/raw_diagnostics/inject_large_final_missed_epoch99_seed2_rep0_B1000.pt
2,0,750000,1000,large_top_signal,99,10,0.8264822363853455,0.8249011635780334,0.0015810728073120117,71.6448585819453,/home/hschult5/AttackerGNN/notebooks/prbcd_miss_condition_updated/outputs/prbcd_miss_condition_experiments/cora_ml__20260724_160453/raw_diagnostics/inject_large_top_signal_epoch99_seed2_rep0_B1000.pt
2,0,750000,1000,large_only_random,99,10,0.8264822363853455,0.8264822363853455,0.0,71.74461610242724,/home/hschult5/AttackerGNN/notebooks/prbcd_miss_condition_updated/outputs/prbcd_miss_condition_experiments/cora_ml__20260724_160453/raw_diagnostics/inject_large_only_random_epoch99_seed2_rep0_B1000.pt
2,0,750000,1000,random_unseen_control,99,10,0.8264822363853455,0.8264822363853455,0.0,71.29733778722584,/home/hschult5/AttackerGNN/notebooks/prbcd_miss_condition_updated/outputs/prbcd_miss_condition_experiments/cora_ml__20260724_160453/raw_diagnostics/inject_random_unseen_control_epoch99_seed2_rep0_B1000.pt
2,0,750000,1000,baseline,299,0,0.8264822363853455,0.8264822363853455,0.0,73.94678692519665,
2,0,750000,1000,large_final_missed,299,10,0.8264822363853455,0.8264822363853455,0.0,72.0101383458823,/home/hschult5/AttackerGNN/notebooks/prbcd_miss_condition_updated/outputs/prbcd_miss_condition_experiments/cora_ml__20260724_160453/raw_diagnostics/inject_large_final_missed_epoch299_seed2_rep0_B1000.pt
2,0,750000,1000,large_top_signal,299,10,0.8264822363853455,0.8264822363853455,0.0,72.07006520777941,/home/hschult5/AttackerGNN/notebooks/prbcd_miss_condition_updated/outputs/prbcd_miss_condition_experiments/cora_ml__20260724_160453/raw_diagnostics/inject_large_top_signal_epoch299_seed2_rep0_B1000.pt
2,0,750000,1000,large_only_random,299,10,0.8264822363853455,0.8264822363853455,0.0,72.18437122926116,/home/hschult5/AttackerGNN/notebooks/prbcd_miss_condition_updated/outputs/prbcd_miss_condition_experiments/cora_ml__20260724_160453/raw_diagnostics/inject_large_only_random_epoch299_seed2_rep0_B1000.pt
2,0,750000,1000,random_unseen_control,299,10,0.8264822363853455,0.8264822363853455,0.0,71.86283783987164,/home/hschult5/AttackerGNN/notebooks/prbcd_miss_condition_updated/outputs/prbcd_miss_condition_experiments/cora_ml__20260724_160453/raw_diagnostics/inject_random_unseen_control_epoch299_seed2_rep0_B1000.pt
2,0,750000,2000,baseline,0,0,0.8213438987731934,0.8213438987731934,0.0,77.99936396814883,
2,0,750000,2000,large_final_missed,0,10,0.8213438987731934,0.8181818127632141,0.003162086009979248,76.29307857900858,/home/hschult5/AttackerGNN/notebooks/prbcd_miss_condition_updated/outputs/prbcd_miss_condition_experiments/cora_ml__20260724_160453/raw_diagnostics/inject_large_final_missed_epoch0_seed2_rep0_B2000.pt
2,0,750000,2000,large_top_signal,0,10,0.8213438987731934,0.8173912763595581,0.003952622413635254,76.98756507225335,/home/hschult5/AttackerGNN/notebooks/prbcd_miss_condition_updated/outputs/prbcd_miss_condition_experiments/cora_ml__20260724_160453/raw_diagnostics/inject_large_top_signal_epoch0_seed2_rep0_B2000.pt
2,0,750000,2000,large_only_random,0,10,0.8213438987731934,0.8213438987731934,0.0,76.32576175965369,/home/hschult5/AttackerGNN/notebooks/prbcd_miss_condition_updated/outputs/prbcd_miss_condition_experiments/cora_ml__20260724_160453/raw_diagnostics/inject_large_only_random_epoch0_seed2_rep0_B2000.pt
2,0,750000,2000,random_unseen_control,0,10,0.8213438987731934,0.8213438987731934,0.0,75.70108864828944,/home/hschult5/AttackerGNN/notebooks/prbcd_miss_condition_updated/outputs/prbcd_miss_condition_experiments/cora_ml__20260724_160453/raw_diagnostics/inject_random_unseen_control_epoch0_seed2_rep0_B2000.pt
2,0,750000,2000,baseline,9,0,0.8213438987731934,0.8213438987731934,0.0,77.99936396814883,
2,0,750000,2000,large_final_missed,9,10,0.8213438987731934,0.8193675875663757,0.001976311206817627,76.77826334163547,/home/hschult5/AttackerGNN/notebooks/prbcd_miss_condition_updated/outputs/prbcd_miss_condition_experiments/cora_ml__20260724_160453/raw_diagnostics/inject_large_final_missed_epoch9_seed2_rep0_B2000.pt
2,0,750000,2000,large_top_signal,9,10,0.8213438987731934,0.8205533623695374,0.0007905364036560059,75.85518276691437,/home/hschult5/AttackerGNN/notebooks/prbcd_miss_condition_updated/outputs/prbcd_miss_condition_experiments/cora_ml__20260724_160453/raw_diagnostics/inject_large_top_signal_epoch9_seed2_rep0_B2000.pt
2,0,750000,2000,large_only_random,9,10,0.8213438987731934,0.8213438987731934,0.0,77.04316383972764,/home/hschult5/AttackerGNN/notebooks/prbcd_miss_condition_updated/outputs/prbcd_miss_condition_experiments/cora_ml__20260724_160453/raw_diagnostics/inject_large_only_random_epoch9_seed2_rep0_B2000.pt
2,0,750000,2000,random_unseen_control,9,10,0.8213438987731934,0.8213438987731934,0.0,76.92518604360521,/home/hschult5/AttackerGNN/notebooks/prbcd_miss_condition_updated/outputs/prbcd_miss_condition_experiments/cora_ml__20260724_160453/raw_diagnostics/inject_random_unseen_control_epoch9_seed2_rep0_B2000.pt
2,0,750000,2000,baseline,24,0,0.8213438987731934,0.8213438987731934,0.0,77.99936396814883,
2,0,750000,2000,large_final_missed,24,10,0.8213438987731934,0.8189723491668701,0.002371549606323242,76.77931002900004,/home/hschult5/AttackerGNN/notebooks/prbcd_miss_condition_updated/outputs/prbcd_miss_condition_experiments/cora_ml__20260724_160453/raw_diagnostics/inject_large_final_missed_epoch24_seed2_rep0_B2000.pt
2,0,750000,2000,large_top_signal,24,10,0.8213438987731934,0.8205533623695374,0.0007905364036560059,77.03345004096627,/home/hschult5/AttackerGNN/notebooks/prbcd_miss_condition_updated/outputs/prbcd_miss_condition_experiments/cora_ml__20260724_160453/raw_diagnostics/inject_large_top_signal_epoch24_seed2_rep0_B2000.pt
2,0,750000,2000,large_only_random,24,10,0.8213438987731934,0.8213438987731934,0.0,76.39876261726022,/home/hschult5/AttackerGNN/notebooks/prbcd_miss_condition_updated/outputs/prbcd_miss_condition_experiments/cora_ml__20260724_160453/raw_diagnostics/inject_large_only_random_epoch24_seed2_rep0_B2000.pt
2,0,750000,2000,random_unseen_control,24,10,0.8213438987731934,0.8213438987731934,0.0,76.9610000345856,/home/hschult5/AttackerGNN/notebooks/prbcd_miss_condition_updated/outputs/prbcd_miss_condition_experiments/cora_ml__20260724_160453/raw_diagnostics/inject_random_unseen_control_epoch24_seed2_rep0_B2000.pt
2,0,750000,2000,baseline,49,0,0.8213438987731934,0.8213438987731934,0.0,77.99936396814883,
2,0,750000,2000,large_final_missed,49,10,0.8213438987731934,0.8193675875663757,0.001976311206817627,76.73190024495125,/home/hschult5/AttackerGNN/notebooks/prbcd_miss_condition_updated/outputs/prbcd_miss_condition_experiments/cora_ml__20260724_160453/raw_diagnostics/inject_large_final_missed_epoch49_seed2_rep0_B2000.pt
2,0,750000,2000,large_top_signal,49,10,0.8213438987731934,0.8213438987731934,0.0,76.2686503212899,/home/hschult5/AttackerGNN/notebooks/prbcd_miss_condition_updated/outputs/prbcd_miss_condition_experiments/cora_ml__20260724_160453/raw_diagnostics/inject_large_top_signal_epoch49_seed2_rep0_B2000.pt
2,0,750000,2000,large_only_random,49,10,0.8213438987731934,0.8213438987731934,0.0,76.17512766644359,/home/hschult5/AttackerGNN/notebooks/prbcd_miss_condition_updated/outputs/prbcd_miss_condition_experiments/cora_ml__20260724_160453/raw_diagnostics/inject_large_only_random_epoch49_seed2_rep0_B2000.pt
2,0,750000,2000,random_unseen_control,49,10,0.8213438987731934,0.8213438987731934,0.0,76.3573680408299,/home/hschult5/AttackerGNN/notebooks/prbcd_miss_condition_updated/outputs/prbcd_miss_condition_experiments/cora_ml__20260724_160453/raw_diagnostics/inject_random_unseen_control_epoch49_seed2_rep0_B2000.pt
2,0,750000,2000,baseline,99,0,0.8213438987731934,0.8213438987731934,0.0,77.99936396814883,
2,0,750000,2000,large_final_missed,99,10,0.8213438987731934,0.8197628259658813,0.0015810728073120117,76.75017847493291,/home/hschult5/AttackerGNN/notebooks/prbcd_miss_condition_updated/outputs/prbcd_miss_condition_experiments/cora_ml__20260724_160453/raw_diagnostics/inject_large_final_missed_epoch99_seed2_rep0_B2000.pt
2,0,750000,2000,large_top_signal,99,10,0.8213438987731934,0.8213438987731934,0.0,76.32405929453671,/home/hschult5/AttackerGNN/notebooks/prbcd_miss_condition_updated/outputs/prbcd_miss_condition_experiments/cora_ml__20260724_160453/raw_diagnostics/inject_large_top_signal_epoch99_seed2_rep0_B2000.pt
2,0,750000,2000,large_only_random,99,10,0.8213438987731934,0.8213438987731934,0.0,76.45502820238471,/home/hschult5/AttackerGNN/notebooks/prbcd_miss_condition_updated/outputs/prbcd_miss_condition_experiments/cora_ml__20260724_160453/raw_diagnostics/inject_large_only_random_epoch99_seed2_rep0_B2000.pt
2,0,750000,2000,random_unseen_control,99,10,0.8213438987731934,0.8213438987731934,0.0,75.92759777233005,/home/hschult5/AttackerGNN/notebooks/prbcd_miss_condition_updated/outputs/prbcd_miss_condition_experiments/cora_ml__20260724_160453/raw_diagnostics/inject_random_unseen_control_epoch99_seed2_rep0_B2000.pt
2,0,750000,2000,baseline,299,0,0.8213438987731934,0.8213438987731934,0.0,77.99936396814883,
2,0,750000,2000,large_final_missed,299,10,0.8213438987731934,0.8213438987731934,0.0,76.60390258766711,/home/hschult5/AttackerGNN/notebooks/prbcd_miss_condition_updated/outputs/prbcd_miss_condition_experiments/cora_ml__20260724_160453/raw_diagnostics/inject_large_final_missed_epoch299_seed2_rep0_B2000.pt
2,0,750000,2000,large_top_signal,299,10,0.8213438987731934,0.8213438987731934,0.0,76.68342750519514,/home/hschult5/AttackerGNN/notebooks/prbcd_miss_condition_updated/outputs/prbcd_miss_condition_experiments/cora_ml__20260724_160453/raw_diagnostics/inject_large_top_signal_epoch299_seed2_rep0_B2000.pt
2,0,750000,2000,large_only_random,299,10,0.8213438987731934,0.8213438987731934,0.0,75.37339447438717,/home/hschult5/AttackerGNN/notebooks/prbcd_miss_condition_updated/outputs/prbcd_miss_condition_experiments/cora_ml__20260724_160453/raw_diagnostics/inject_large_only_random_epoch299_seed2_rep0_B2000.pt
2,0,750000,2000,random_unseen_control,299,10,0.8213438987731934,0.8213438987731934,0.0,76.57625629939139,/home/hschult5/AttackerGNN/notebooks/prbcd_miss_condition_updated/outputs/prbcd_miss_condition_experiments/cora_ml__20260724_160453/raw_diagnostics/inject_random_unseen_control_epoch299_seed2_rep0_B2000.pt
2,0,750000,3000,baseline,0,0,0.8173912763595581,0.8173912763595581,0.0,78.1950000077486,
2,0,750000,3000,large_final_missed,0,10,0.8173912763595581,0.8154150247573853,0.0019762516021728516,77.03379519842565,/home/hschult5/AttackerGNN/notebooks/prbcd_miss_condition_updated/outputs/prbcd_miss_condition_experiments/cora_ml__20260724_160453/raw_diagnostics/inject_large_final_missed_epoch0_seed2_rep0_B3000.pt
2,0,750000,3000,large_top_signal,0,10,0.8173912763595581,0.8154150247573853,0.0019762516021728516,76.5869658216834,/home/hschult5/AttackerGNN/notebooks/prbcd_miss_condition_updated/outputs/prbcd_miss_condition_experiments/cora_ml__20260724_160453/raw_diagnostics/inject_large_top_signal_epoch0_seed2_rep0_B3000.pt
2,0,750000,3000,large_only_random,0,10,0.8173912763595581,0.8173912763595581,0.0,76.73991680704057,/home/hschult5/AttackerGNN/notebooks/prbcd_miss_condition_updated/outputs/prbcd_miss_condition_experiments/cora_ml__20260724_160453/raw_diagnostics/inject_large_only_random_epoch0_seed2_rep0_B3000.pt
2,0,750000,3000,random_unseen_control,0,10,0.8173912763595581,0.8173912763595581,0.0,76.84762283042073,/home/hschult5/AttackerGNN/notebooks/prbcd_miss_condition_updated/outputs/prbcd_miss_condition_experiments/cora_ml__20260724_160453/raw_diagnostics/inject_random_unseen_control_epoch0_seed2_rep0_B3000.pt
2,0,750000,3000,baseline,9,0,0.8173912763595581,0.8173912763595581,0.0,78.1950000077486,
2,0,750000,3000,large_final_missed,9,10,0.8173912763595581,0.8154150247573853,0.0019762516021728516,76.63599750213325,/home/hschult5/AttackerGNN/notebooks/prbcd_miss_condition_updated/outputs/prbcd_miss_condition_experiments/cora_ml__20260724_160453/raw_diagnostics/inject_large_final_missed_epoch9_seed2_rep0_B3000.pt
2,0,750000,3000,large_top_signal,9,10,0.8173912763595581,0.8166007995605469,0.0007904767990112305,76.76287281885743,/home/hschult5/AttackerGNN/notebooks/prbcd_miss_condition_updated/outputs/prbcd_miss_condition_experiments/cora_ml__20260724_160453/raw_diagnostics/inject_large_top_signal_epoch9_seed2_rep0_B3000.pt
2,0,750000,3000,large_only_random,9,10,0.8173912763595581,0.8173912763595581,0.0,76.96607203222811,/home/hschult5/AttackerGNN/notebooks/prbcd_miss_condition_updated/outputs/prbcd_miss_condition_experiments/cora_ml__20260724_160453/raw_diagnostics/inject_large_only_random_epoch9_seed2_rep0_B3000.pt
2,0,750000,3000,random_unseen_control,9,10,0.8173912763595581,0.8173912763595581,0.0,76.91206470504403,/home/hschult5/AttackerGNN/notebooks/prbcd_miss_condition_updated/outputs/prbcd_miss_condition_experiments/cora_ml__20260724_160453/raw_diagnostics/inject_random_unseen_control_epoch9_seed2_rep0_B3000.pt
2,0,750000,3000,baseline,24,0,0.8173912763595581,0.8173912763595581,0.0,78.1950000077486,
2,0,750000,3000,large_final_missed,24,10,0.8173912763595581,0.8150197863578796,0.002371490001678467,76.38643906079233,/home/hschult5/AttackerGNN/notebooks/prbcd_miss_condition_updated/outputs/prbcd_miss_condition_experiments/cora_ml__20260724_160453/raw_diagnostics/inject_large_final_missed_epoch24_seed2_rep0_B3000.pt
2,0,750000,3000,large_top_signal,24,10,0.8173912763595581,0.8169960379600525,0.00039523839950561523,76.69241651147604,/home/hschult5/AttackerGNN/notebooks/prbcd_miss_condition_updated/outputs/prbcd_miss_condition_experiments/cora_ml__20260724_160453/raw_diagnostics/inject_large_top_signal_epoch24_seed2_rep0_B3000.pt
2,0,750000,3000,large_only_random,24,10,0.8173912763595581,0.8173912763595581,0.0,77.02818980254233,/home/hschult5/AttackerGNN/notebooks/prbcd_miss_condition_updated/outputs/prbcd_miss_condition_experiments/cora_ml__20260724_160453/raw_diagnostics/inject_large_only_random_epoch24_seed2_rep0_B3000.pt
2,0,750000,3000,random_unseen_control,24,10,0.8173912763595581,0.8173912763595581,0.0,76.68058682791889,/home/hschult5/AttackerGNN/notebooks/prbcd_miss_condition_updated/outputs/prbcd_miss_condition_experiments/cora_ml__20260724_160453/raw_diagnostics/inject_random_unseen_control_epoch24_seed2_rep0_B3000.pt
2,0,750000,3000,baseline,49,0,0.8173912763595581,0.8173912763595581,0.0,78.1950000077486,
2,0,750000,3000,large_final_missed,49,10,0.8173912763595581,0.8154150247573853,0.0019762516021728516,76.68186150677502,/home/hschult5/AttackerGNN/notebooks/prbcd_miss_condition_updated/outputs/prbcd_miss_condition_experiments/cora_ml__20260724_160453/raw_diagnostics/inject_large_final_missed_epoch49_seed2_rep0_B3000.pt
2,0,750000,3000,large_top_signal,49,10,0.8173912763595581,0.8173912763595581,0.0,76.4131009336561,/home/hschult5/AttackerGNN/notebooks/prbcd_miss_condition_updated/outputs/prbcd_miss_condition_experiments/cora_ml__20260724_160453/raw_diagnostics/inject_large_top_signal_epoch49_seed2_rep0_B3000.pt
2,0,750000,3000,large_only_random,49,10,0.8173912763595581,0.8173912763595581,0.0,76.64933971874416,/home/hschult5/AttackerGNN/notebooks/prbcd_miss_condition_updated/outputs/prbcd_miss_condition_experiments/cora_ml__20260724_160453/raw_diagnostics/inject_large_only_random_epoch49_seed2_rep0_B3000.pt
2,0,750000,3000,random_unseen_control,49,10,0.8173912763595581,0.8173912763595581,0.0,76.75137867592275,/home/hschult5/AttackerGNN/notebooks/prbcd_miss_condition_updated/outputs/prbcd_miss_condition_experiments/cora_ml__20260724_160453/raw_diagnostics/inject_random_unseen_control_epoch49_seed2_rep0_B3000.pt
2,0,750000,3000,baseline,99,0,0.8173912763595581,0.8173912763595581,0.0,78.1950000077486,
2,0,750000,3000,large_final_missed,99,10,0.8173912763595581,0.8166007995605469,0.0007904767990112305,76.7813019528985,/home/hschult5/AttackerGNN/notebooks/prbcd_miss_condition_updated/outputs/prbcd_miss_condition_experiments/cora_ml__20260724_160453/raw_diagnostics/inject_large_final_missed_epoch99_seed2_rep0_B3000.pt
2,0,750000,3000,large_top_signal,99,10,0.8173912763595581,0.8166007995605469,0.0007904767990112305,76.41862623021007,/home/hschult5/AttackerGNN/notebooks/prbcd_miss_condition_updated/outputs/prbcd_miss_condition_experiments/cora_ml__20260724_160453/raw_diagnostics/inject_large_top_signal_epoch99_seed2_rep0_B3000.pt
2,0,750000,3000,large_only_random,99,10,0.8173912763595581,0.8173912763595581,0.0,76.71588867716491,/home/hschult5/AttackerGNN/notebooks/prbcd_miss_condition_updated/outputs/prbcd_miss_condition_experiments/cora_ml__20260724_160453/raw_diagnostics/inject_large_only_random_epoch99_seed2_rep0_B3000.pt
2,0,750000,3000,random_unseen_control,99,10,0.8173912763595581,0.8173912763595581,0.0,77.07273387163877,/home/hschult5/AttackerGNN/notebooks/prbcd_miss_condition_updated/outputs/prbcd_miss_condition_experiments/cora_ml__20260724_160453/raw_diagnostics/inject_random_unseen_control_epoch99_seed2_rep0_B3000.pt
2,0,750000,3000,baseline,299,0,0.8173912763595581,0.8173912763595581,0.0,78.1950000077486,
2,0,750000,3000,large_final_missed,299,10,0.8173912763595581,0.8173912763595581,0.0,76.94011001102626,/home/hschult5/AttackerGNN/notebooks/prbcd_miss_condition_updated/outputs/prbcd_miss_condition_experiments/cora_ml__20260724_160453/raw_diagnostics/inject_large_final_missed_epoch299_seed2_rep0_B3000.pt
2,0,750000,3000,large_top_signal,299,10,0.8173912763595581,0.8173912763595581,0.0,76.66508177667856,/home/hschult5/AttackerGNN/notebooks/prbcd_miss_condition_updated/outputs/prbcd_miss_condition_experiments/cora_ml__20260724_160453/raw_diagnostics/inject_large_top_signal_epoch299_seed2_rep0_B3000.pt
2,0,750000,3000,large_only_random,299,10,0.8173912763595581,0.8173912763595581,0.0,76.89057864621282,/home/hschult5/AttackerGNN/notebooks/prbcd_miss_condition_updated/outputs/prbcd_miss_condition_experiments/cora_ml__20260724_160453/raw_diagnostics/inject_large_only_random_epoch299_seed2_rep0_B3000.pt
2,0,750000,3000,random_unseen_control,299,10,0.8173912763595581,0.8173912763595581,0.0,76.99057732522488,/home/hschult5/AttackerGNN/notebooks/prbcd_miss_condition_updated/outputs/prbcd_miss_condition_experiments/cora_ml__20260724_160453/raw_diagnostics/inject_random_unseen_control_epoch299_seed2_rep0_B3000.pt
2,0,750000,4000,baseline,0,0,0.8134387135505676,0.8134387135505676,0.0,76.8572948295623,
2,0,750000,4000,large_final_missed,0,10,0.8134387135505676,0.813043475151062,0.00039523839950561523,77.35201939754188,/home/hschult5/AttackerGNN/notebooks/prbcd_miss_condition_updated/outputs/prbcd_miss_condition_experiments/cora_ml__20260724_160453/raw_diagnostics/inject_large_final_missed_epoch0_seed2_rep0_B4000.pt
2,0,750000,4000,large_top_signal,0,10,0.8134387135505676,0.8118577003479004,0.0015810132026672363,77.45161209069192,/home/hschult5/AttackerGNN/notebooks/prbcd_miss_condition_updated/outputs/prbcd_miss_condition_experiments/cora_ml__20260724_160453/raw_diagnostics/inject_large_top_signal_epoch0_seed2_rep0_B4000.pt
2,0,750000,4000,large_only_random,0,10,0.8134387135505676,0.8134387135505676,0.0,77.4632530938834,/home/hschult5/AttackerGNN/notebooks/prbcd_miss_condition_updated/outputs/prbcd_miss_condition_experiments/cora_ml__20260724_160453/raw_diagnostics/inject_large_only_random_epoch0_seed2_rep0_B4000.pt
2,0,750000,4000,random_unseen_control,0,10,0.8134387135505676,0.8134387135505676,0.0,77.83919060789049,/home/hschult5/AttackerGNN/notebooks/prbcd_miss_condition_updated/outputs/prbcd_miss_condition_experiments/cora_ml__20260724_160453/raw_diagnostics/inject_random_unseen_control_epoch0_seed2_rep0_B4000.pt
2,0,750000,4000,baseline,9,0,0.8134387135505676,0.8134387135505676,0.0,76.8572948295623,
2,0,750000,4000,large_final_missed,9,10,0.8134387135505676,0.8150197863578796,-0.0015810728073120117,77.88877022266388,/home/hschult5/AttackerGNN/notebooks/prbcd_miss_condition_updated/outputs/prbcd_miss_condition_experiments/cora_ml__20260724_160453/raw_diagnostics/inject_large_final_missed_epoch9_seed2_rep0_B4000.pt
2,0,750000,4000,large_top_signal,9,10,0.8134387135505676,0.8126482367515564,0.0007904767990112305,77.84383592382073,/home/hschult5/AttackerGNN/notebooks/prbcd_miss_condition_updated/outputs/prbcd_miss_condition_experiments/cora_ml__20260724_160453/raw_diagnostics/inject_large_top_signal_epoch9_seed2_rep0_B4000.pt
2,0,750000,4000,large_only_random,9,10,0.8134387135505676,0.8134387135505676,0.0,77.48724256828427,/home/hschult5/AttackerGNN/notebooks/prbcd_miss_condition_updated/outputs/prbcd_miss_condition_experiments/cora_ml__20260724_160453/raw_diagnostics/inject_large_only_random_epoch9_seed2_rep0_B4000.pt
2,0,750000,4000,random_unseen_control,9,10,0.8134387135505676,0.8134387135505676,0.0,77.48444358631968,/home/hschult5/AttackerGNN/notebooks/prbcd_miss_condition_updated/outputs/prbcd_miss_condition_experiments/cora_ml__20260724_160453/raw_diagnostics/inject_random_unseen_control_epoch9_seed2_rep0_B4000.pt
2,0,750000,4000,baseline,24,0,0.8134387135505676,0.8134387135505676,0.0,76.8572948295623,
2,0,750000,4000,large_final_missed,24,10,0.8134387135505676,0.8114624619483948,0.0019762516021728516,77.36159526370466,/home/hschult5/AttackerGNN/notebooks/prbcd_miss_condition_updated/outputs/prbcd_miss_condition_experiments/cora_ml__20260724_160453/raw_diagnostics/inject_large_final_missed_epoch24_seed2_rep0_B4000.pt
2,0,750000,4000,large_top_signal,24,10,0.8134387135505676,0.8126482367515564,0.0007904767990112305,77.62653226032853,/home/hschult5/AttackerGNN/notebooks/prbcd_miss_condition_updated/outputs/prbcd_miss_condition_experiments/cora_ml__20260724_160453/raw_diagnostics/inject_large_top_signal_epoch24_seed2_rep0_B4000.pt
2,0,750000,4000,large_only_random,24,10,0.8134387135505676,0.8134387135505676,0.0,77.8148725386709,/home/hschult5/AttackerGNN/notebooks/prbcd_miss_condition_updated/outputs/prbcd_miss_condition_experiments/cora_ml__20260724_160453/raw_diagnostics/inject_large_only_random_epoch24_seed2_rep0_B4000.pt
2,0,750000,4000,random_unseen_control,24,10,0.8134387135505676,0.8134387135505676,0.0,77.81802470982075,/home/hschult5/AttackerGNN/notebooks/prbcd_miss_condition_updated/outputs/prbcd_miss_condition_experiments/cora_ml__20260724_160453/raw_diagnostics/inject_random_unseen_control_epoch24_seed2_rep0_B4000.pt
2,0,750000,4000,baseline,49,0,0.8134387135505676,0.8134387135505676,0.0,76.8572948295623,
2,0,750000,4000,large_final_missed,49,10,0.8134387135505676,0.8126482367515564,0.0007904767990112305,77.80445848405361,/home/hschult5/AttackerGNN/notebooks/prbcd_miss_condition_updated/outputs/prbcd_miss_condition_experiments/cora_ml__20260724_160453/raw_diagnostics/inject_large_final_missed_epoch49_seed2_rep0_B4000.pt
2,0,750000,4000,large_top_signal,49,10,0.8134387135505676,0.8134387135505676,0.0,77.88647137582302,/home/hschult5/AttackerGNN/notebooks/prbcd_miss_condition_updated/outputs/prbcd_miss_condition_experiments/cora_ml__20260724_160453/raw_diagnostics/inject_large_top_signal_epoch49_seed2_rep0_B4000.pt
2,0,750000,4000,large_only_random,49,10,0.8134387135505676,0.8134387135505676,0.0,77.15674005262554,/home/hschult5/AttackerGNN/notebooks/prbcd_miss_condition_updated/outputs/prbcd_miss_condition_experiments/cora_ml__20260724_160453/raw_diagnostics/inject_large_only_random_epoch49_seed2_rep0_B4000.pt
2,0,750000,4000,random_unseen_control,49,10,0.8134387135505676,0.8134387135505676,0.0,77.83313859440386,/home/hschult5/AttackerGNN/notebooks/prbcd_miss_condition_updated/outputs/prbcd_miss_condition_experiments/cora_ml__20260724_160453/raw_diagnostics/inject_random_unseen_control_epoch49_seed2_rep0_B4000.pt
2,0,750000,4000,baseline,99,0,0.8134387135505676,0.8134387135505676,0.0,76.8572948295623,
2,0,750000,4000,large_final_missed,99,10,0.8134387135505676,0.8134387135505676,0.0,78.06789534725249,/home/hschult5/AttackerGNN/notebooks/prbcd_miss_condition_updated/outputs/prbcd_miss_condition_experiments/cora_ml__20260724_160453/raw_diagnostics/inject_large_final_missed_epoch99_seed2_rep0_B4000.pt
2,0,750000,4000,large_top_signal,99,10,0.8134387135505676,0.8134387135505676,0.0,77.78262941166759,/home/hschult5/AttackerGNN/notebooks/prbcd_miss_condition_updated/outputs/prbcd_miss_condition_experiments/cora_ml__20260724_160453/raw_diagnostics/inject_large_top_signal_epoch99_seed2_rep0_B4000.pt
2,0,750000,4000,large_only_random,99,10,0.8134387135505676,0.8134387135505676,0.0,77.2314768359065,/home/hschult5/AttackerGNN/notebooks/prbcd_miss_condition_updated/outputs/prbcd_miss_condition_experiments/cora_ml__20260724_160453/raw_diagnostics/inject_large_only_random_epoch99_seed2_rep0_B4000.pt
2,0,750000,4000,random_unseen_control,99,10,0.8134387135505676,0.8134387135505676,0.0,77.93033466115594,/home/hschult5/AttackerGNN/notebooks/prbcd_miss_condition_updated/outputs/prbcd_miss_condition_experiments/cora_ml__20260724_160453/raw_diagnostics/inject_random_unseen_control_epoch99_seed2_rep0_B4000.pt
2,0,750000,4000,baseline,299,0,0.8134387135505676,0.8134387135505676,0.0,76.8572948295623,
2,0,750000,4000,large_final_missed,299,10,0.8134387135505676,0.8134387135505676,0.0,77.65600753389299,/home/hschult5/AttackerGNN/notebooks/prbcd_miss_condition_updated/outputs/prbcd_miss_condition_experiments/cora_ml__20260724_160453/raw_diagnostics/inject_large_final_missed_epoch299_seed2_rep0_B4000.pt
2,0,750000,4000,large_top_signal,299,10,0.8134387135505676,0.8134387135505676,0.0,77.99808942712843,/home/hschult5/AttackerGNN/notebooks/prbcd_miss_condition_updated/outputs/prbcd_miss_condition_experiments/cora_ml__20260724_160453/raw_diagnostics/inject_large_top_signal_epoch299_seed2_rep0_B4000.pt
2,0,750000,4000,large_only_random,299,10,0.8134387135505676,0.8134387135505676,0.0,77.64976946078241,/home/hschult5/AttackerGNN/notebooks/prbcd_miss_condition_updated/outputs/prbcd_miss_condition_experiments/cora_ml__20260724_160453/raw_diagnostics/inject_large_only_random_epoch299_seed2_rep0_B4000.pt
2,0,750000,4000,random_unseen_control,299,10,0.8134387135505676,0.8134387135505676,0.0,77.93106770887971,/home/hschult5/AttackerGNN/notebooks/prbcd_miss_condition_updated/outputs/prbcd_miss_condition_experiments/cora_ml__20260724_160453/raw_diagnostics/inject_random_unseen_control_epoch299_seed2_rep0_B4000.pt
3,0,760000,250,baseline,0,0,0.8146244883537292,0.8146244883537292,0.0,73.78502343222499,
3,0,760000,250,large_final_missed,0,10,0.8146244883537292,0.812252938747406,0.002371549606323242,75.00983894430101,/home/hschult5/AttackerGNN/notebooks/prbcd_miss_condition_updated/outputs/prbcd_miss_condition_experiments/cora_ml__20260724_160453/raw_diagnostics/inject_large_final_missed_epoch0_seed3_rep0_B250.pt
3,0,760000,250,large_top_signal,0,10,0.8146244883537292,0.8126482367515564,0.0019762516021728516,74.54981862008572,/home/hschult5/AttackerGNN/notebooks/prbcd_miss_condition_updated/outputs/prbcd_miss_condition_experiments/cora_ml__20260724_160453/raw_diagnostics/inject_large_top_signal_epoch0_seed3_rep0_B250.pt
3,0,760000,250,large_only_random,0,10,0.8146244883537292,0.8150197863578796,-0.0003952980041503906,73.62940062023699,/home/hschult5/AttackerGNN/notebooks/prbcd_miss_condition_updated/outputs/prbcd_miss_condition_experiments/cora_ml__20260724_160453/raw_diagnostics/inject_large_only_random_epoch0_seed3_rep0_B250.pt
3,0,760000,250,random_unseen_control,0,10,0.8146244883537292,0.8146244883537292,0.0,75.03522871807218,/home/hschult5/AttackerGNN/notebooks/prbcd_miss_condition_updated/outputs/prbcd_miss_condition_experiments/cora_ml__20260724_160453/raw_diagnostics/inject_random_unseen_control_epoch0_seed3_rep0_B250.pt
3,0,760000,250,baseline,9,0,0.8146244883537292,0.8146244883537292,0.0,73.78502343222499,
3,0,760000,250,large_final_missed,9,10,0.8146244883537292,0.813834011554718,0.0007904767990112305,75.18059090152383,/home/hschult5/AttackerGNN/notebooks/prbcd_miss_condition_updated/outputs/prbcd_miss_condition_experiments/cora_ml__20260724_160453/raw_diagnostics/inject_large_final_missed_epoch9_seed3_rep0_B250.pt
3,0,760000,250,large_top_signal,9,10,0.8146244883537292,0.8134387135505676,0.001185774803161621,74.92189908027649,/home/hschult5/AttackerGNN/notebooks/prbcd_miss_condition_updated/outputs/prbcd_miss_condition_experiments/cora_ml__20260724_160453/raw_diagnostics/inject_large_top_signal_epoch9_seed3_rep0_B250.pt
3,0,760000,250,large_only_random,9,10,0.8146244883537292,0.8146244883537292,0.0,75.00384326837957,/home/hschult5/AttackerGNN/notebooks/prbcd_miss_condition_updated/outputs/prbcd_miss_condition_experiments/cora_ml__20260724_160453/raw_diagnostics/inject_large_only_random_epoch9_seed3_rep0_B250.pt
3,0,760000,250,random_unseen_control,9,10,0.8146244883537292,0.8146244883537292,0.0,75.06082773953676,/home/hschult5/AttackerGNN/notebooks/prbcd_miss_condition_updated/outputs/prbcd_miss_condition_experiments/cora_ml__20260724_160453/raw_diagnostics/inject_random_unseen_control_epoch9_seed3_rep0_B250.pt
3,0,760000,250,baseline,24,0,0.8146244883537292,0.8146244883537292,0.0,73.78502343222499,
3,0,760000,250,large_final_missed,24,10,0.8146244883537292,0.813834011554718,0.0007904767990112305,75.08275930024683,/home/hschult5/AttackerGNN/notebooks/prbcd_miss_condition_updated/outputs/prbcd_miss_condition_experiments/cora_ml__20260724_160453/raw_diagnostics/inject_large_final_missed_epoch24_seed3_rep0_B250.pt
3,0,760000,250,large_top_signal,24,10,0.8146244883537292,0.8134387135505676,0.001185774803161621,75.02391442097723,/home/hschult5/AttackerGNN/notebooks/prbcd_miss_condition_updated/outputs/prbcd_miss_condition_experiments/cora_ml__20260724_160453/raw_diagnostics/inject_large_top_signal_epoch24_seed3_rep0_B250.pt
3,0,760000,250,large_only_random,24,10,0.8146244883537292,0.8146244883537292,0.0,75.0289218723774,/home/hschult5/AttackerGNN/notebooks/prbcd_miss_condition_updated/outputs/prbcd_miss_condition_experiments/cora_ml__20260724_160453/raw_diagnostics/inject_large_only_random_epoch24_seed3_rep0_B250.pt
3,0,760000,250,random_unseen_control,24,10,0.8146244883537292,0.8146244883537292,0.0,74.88461902178824,/home/hschult5/AttackerGNN/notebooks/prbcd_miss_condition_updated/outputs/prbcd_miss_condition_experiments/cora_ml__20260724_160453/raw_diagnostics/inject_random_unseen_control_epoch24_seed3_rep0_B250.pt
3,0,760000,250,baseline,49,0,0.8146244883537292,0.8146244883537292,0.0,73.78502343222499,
3,0,760000,250,large_final_missed,49,10,0.8146244883537292,0.812252938747406,0.002371549606323242,74.94401554018259,/home/hschult5/AttackerGNN/notebooks/prbcd_miss_condition_updated/outputs/prbcd_miss_condition_experiments/cora_ml__20260724_160453/raw_diagnostics/inject_large_final_missed_epoch49_seed3_rep0_B250.pt
3,0,760000,250,large_top_signal,49,10,0.8146244883537292,0.8118577003479004,0.0027667880058288574,74.90690635330975,/home/hschult5/AttackerGNN/notebooks/prbcd_miss_condition_updated/outputs/prbcd_miss_condition_experiments/cora_ml__20260724_160453/raw_diagnostics/inject_large_top_signal_epoch49_seed3_rep0_B250.pt
3,0,760000,250,large_only_random,49,10,0.8146244883537292,0.8146244883537292,0.0,74.84110700339079,/home/hschult5/AttackerGNN/notebooks/prbcd_miss_condition_updated/outputs/prbcd_miss_condition_experiments/cora_ml__20260724_160453/raw_diagnostics/inject_large_only_random_epoch49_seed3_rep0_B250.pt
3,0,760000,250,random_unseen_control,49,10,0.8146244883537292,0.8146244883537292,0.0,74.61680630221963,/home/hschult5/AttackerGNN/notebooks/prbcd_miss_condition_updated/outputs/prbcd_miss_condition_experiments/cora_ml__20260724_160453/raw_diagnostics/inject_random_unseen_control_epoch49_seed3_rep0_B250.pt
3,0,760000,250,baseline,99,0,0.8146244883537292,0.8146244883537292,0.0,73.78502343222499,
3,0,760000,250,large_final_missed,99,10,0.8146244883537292,0.812252938747406,0.002371549606323242,74.69904667325318,/home/hschult5/AttackerGNN/notebooks/prbcd_miss_condition_updated/outputs/prbcd_miss_condition_experiments/cora_ml__20260724_160453/raw_diagnostics/inject_large_final_missed_epoch99_seed3_rep0_B250.pt
3,0,760000,250,large_top_signal,99,10,0.8146244883537292,0.812252938747406,0.002371549606323242,74.63166427239776,/home/hschult5/AttackerGNN/notebooks/prbcd_miss_condition_updated/outputs/prbcd_miss_condition_experiments/cora_ml__20260724_160453/raw_diagnostics/inject_large_top_signal_epoch99_seed3_rep0_B250.pt
3,0,760000,250,large_only_random,99,10,0.8146244883537292,0.8146244883537292,0.0,74.57257651537657,/home/hschult5/AttackerGNN/notebooks/prbcd_miss_condition_updated/outputs/prbcd_miss_condition_experiments/cora_ml__20260724_160453/raw_diagnostics/inject_large_only_random_epoch99_seed3_rep0_B250.pt
3,0,760000,250,random_unseen_control,99,10,0.8146244883537292,0.8146244883537292,0.0,74.41912022046745,/home/hschult5/AttackerGNN/notebooks/prbcd_miss_condition_updated/outputs/prbcd_miss_condition_experiments/cora_ml__20260724_160453/raw_diagnostics/inject_random_unseen_control_epoch99_seed3_rep0_B250.pt
3,0,760000,250,baseline,299,0,0.8146244883537292,0.8146244883537292,0.0,73.78502343222499,
3,0,760000,250,large_final_missed,299,10,0.8146244883537292,0.8146244883537292,0.0,74.56433712691069,/home/hschult5/AttackerGNN/notebooks/prbcd_miss_condition_updated/outputs/prbcd_miss_condition_experiments/cora_ml__20260724_160453/raw_diagnostics/inject_large_final_missed_epoch299_seed3_rep0_B250.pt
3,0,760000,250,large_top_signal,299,10,0.8146244883537292,0.8146244883537292,0.0,74.51218687742949,/home/hschult5/AttackerGNN/notebooks/prbcd_miss_condition_updated/outputs/prbcd_miss_condition_experiments/cora_ml__20260724_160453/raw_diagnostics/inject_large_top_signal_epoch299_seed3_rep0_B250.pt
3,0,760000,250,large_only_random,299,10,0.8146244883537292,0.8146244883537292,0.0,74.67795222811401,/home/hschult5/AttackerGNN/notebooks/prbcd_miss_condition_updated/outputs/prbcd_miss_condition_experiments/cora_ml__20260724_160453/raw_diagnostics/inject_large_only_random_epoch299_seed3_rep0_B250.pt
3,0,760000,250,random_unseen_control,299,10,0.8146244883537292,0.8146244883537292,0.0,74.79954043589532,/home/hschult5/AttackerGNN/notebooks/prbcd_miss_condition_updated/outputs/prbcd_miss_condition_experiments/cora_ml__20260724_160453/raw_diagnostics/inject_random_unseen_control_epoch299_seed3_rep0_B250.pt
3,0,760000,500,baseline,0,0,0.8106719255447388,0.8106719255447388,0.0,74.26027164794505,
3,0,760000,500,large_final_missed,0,10,0.8106719255447388,0.8090909123420715,0.0015810132026672363,75.14822155237198,/home/hschult5/AttackerGNN/notebooks/prbcd_miss_condition_updated/outputs/prbcd_miss_condition_experiments/cora_ml__20260724_160453/raw_diagnostics/inject_large_final_missed_epoch0_seed3_rep0_B500.pt
3,0,760000,500,large_top_signal,0,10,0.8106719255447388,0.8083003759384155,0.002371549606323242,75.06337371654809,/home/hschult5/AttackerGNN/notebooks/prbcd_miss_condition_updated/outputs/prbcd_miss_condition_experiments/cora_ml__20260724_160453/raw_diagnostics/inject_large_top_signal_epoch0_seed3_rep0_B500.pt
3,0,760000,500,large_only_random,0,10,0.8106719255447388,0.8106719255447388,0.0,75.21118538826704,/home/hschult5/AttackerGNN/notebooks/prbcd_miss_condition_updated/outputs/prbcd_miss_condition_experiments/cora_ml__20260724_160453/raw_diagnostics/inject_large_only_random_epoch0_seed3_rep0_B500.pt
3,0,760000,500,random_unseen_control,0,10,0.8106719255447388,0.8106719255447388,0.0,75.56979352422059,/home/hschult5/AttackerGNN/notebooks/prbcd_miss_condition_updated/outputs/prbcd_miss_condition_experiments/cora_ml__20260724_160453/raw_diagnostics/inject_random_unseen_control_epoch0_seed3_rep0_B500.pt
3,0,760000,500,baseline,9,0,0.8106719255447388,0.8106719255447388,0.0,74.26027164794505,
3,0,760000,500,large_final_missed,9,10,0.8106719255447388,0.8094861507415771,0.001185774803161621,75.16288876347244,/home/hschult5/AttackerGNN/notebooks/prbcd_miss_condition_updated/outputs/prbcd_miss_condition_experiments/cora_ml__20260724_160453/raw_diagnostics/inject_large_final_missed_epoch9_seed3_rep0_B500.pt
3,0,760000,500,large_top_signal,9,10,0.8106719255447388,0.8083003759384155,0.002371549606323242,75.39298666454852,/home/hschult5/AttackerGNN/notebooks/prbcd_miss_condition_updated/outputs/prbcd_miss_condition_experiments/cora_ml__20260724_160453/raw_diagnostics/inject_large_top_signal_epoch9_seed3_rep0_B500.pt
3,0,760000,500,large_only_random,9,10,0.8106719255447388,0.8106719255447388,0.0,75.34378458186984,/home/hschult5/AttackerGNN/notebooks/prbcd_miss_condition_updated/outputs/prbcd_miss_condition_experiments/cora_ml__20260724_160453/raw_diagnostics/inject_large_only_random_epoch9_seed3_rep0_B500.pt
3,0,760000,500,random_unseen_control,9,10,0.8106719255447388,0.8106719255447388,0.0,75.41010648012161,/home/hschult5/AttackerGNN/notebooks/prbcd_miss_condition_updated/outputs/prbcd_miss_condition_experiments/cora_ml__20260724_160453/raw_diagnostics/inject_random_unseen_control_epoch9_seed3_rep0_B500.pt
3,0,760000,500,baseline,24,0,0.8106719255447388,0.8106719255447388,0.0,74.26027164794505,
3,0,760000,500,large_final_missed,24,10,0.8106719255447388,0.8098814487457275,0.0007904767990112305,75.20284777320921,/home/hschult5/AttackerGNN/notebooks/prbcd_miss_condition_updated/outputs/prbcd_miss_condition_experiments/cora_ml__20260724_160453/raw_diagnostics/inject_large_final_missed_epoch24_seed3_rep0_B500.pt
3,0,760000,500,large_top_signal,24,10,0.8106719255447388,0.8086956739425659,0.0019762516021728516,75.4773627333343,/home/hschult5/AttackerGNN/notebooks/prbcd_miss_condition_updated/outputs/prbcd_miss_condition_experiments/cora_ml__20260724_160453/raw_diagnostics/inject_large_top_signal_epoch24_seed3_rep0_B500.pt
3,0,760000,500,large_only_random,24,10,0.8106719255447388,0.8106719255447388,0.0,75.17322851531208,/home/hschult5/AttackerGNN/notebooks/prbcd_miss_condition_updated/outputs/prbcd_miss_condition_experiments/cora_ml__20260724_160453/raw_diagnostics/inject_large_only_random_epoch24_seed3_rep0_B500.pt
3,0,760000,500,random_unseen_control,24,10,0.8106719255447388,0.8106719255447388,0.0,75.11401099339128,/home/hschult5/AttackerGNN/notebooks/prbcd_miss_condition_updated/outputs/prbcd_miss_condition_experiments/cora_ml__20260724_160453/raw_diagnostics/inject_random_unseen_control_epoch24_seed3_rep0_B500.pt
3,0,760000,500,baseline,49,0,0.8106719255447388,0.8106719255447388,0.0,74.26027164794505,
3,0,760000,500,large_final_missed,49,10,0.8106719255447388,0.8079051375389099,0.0027667880058288574,75.34864950552583,/home/hschult5/AttackerGNN/notebooks/prbcd_miss_condition_updated/outputs/prbcd_miss_condition_experiments/cora_ml__20260724_160453/raw_diagnostics/inject_large_final_missed_epoch49_seed3_rep0_B500.pt
3,0,760000,500,large_top_signal,49,10,0.8106719255447388,0.8071146011352539,0.0035573244094848633,75.28067244775593,/home/hschult5/AttackerGNN/notebooks/prbcd_miss_condition_updated/outputs/prbcd_miss_condition_experiments/cora_ml__20260724_160453/raw_diagnostics/inject_large_top_signal_epoch49_seed3_rep0_B500.pt
3,0,760000,500,large_only_random,49,10,0.8106719255447388,0.8106719255447388,0.0,75.10775946266949,/home/hschult5/AttackerGNN/notebooks/prbcd_miss_condition_updated/outputs/prbcd_miss_condition_experiments/cora_ml__20260724_160453/raw_diagnostics/inject_large_only_random_epoch49_seed3_rep0_B500.pt
3,0,760000,500,random_unseen_control,49,10,0.8106719255447388,0.8106719255447388,0.0,74.81734296493232,/home/hschult5/AttackerGNN/notebooks/prbcd_miss_condition_updated/outputs/prbcd_miss_condition_experiments/cora_ml__20260724_160453/raw_diagnostics/inject_random_unseen_control_epoch49_seed3_rep0_B500.pt
3,0,760000,500,baseline,99,0,0.8106719255447388,0.8106719255447388,0.0,74.26027164794505,
3,0,760000,500,large_final_missed,99,10,0.8106719255447388,0.8083003759384155,0.002371549606323242,74.77015254832804,/home/hschult5/AttackerGNN/notebooks/prbcd_miss_condition_updated/outputs/prbcd_miss_condition_experiments/cora_ml__20260724_160453/raw_diagnostics/inject_large_final_missed_epoch99_seed3_rep0_B500.pt
3,0,760000,500,large_top_signal,99,10,0.8106719255447388,0.8083003759384155,0.002371549606323242,74.73012891039252,/home/hschult5/AttackerGNN/notebooks/prbcd_miss_condition_updated/outputs/prbcd_miss_condition_experiments/cora_ml__20260724_160453/raw_diagnostics/inject_large_top_signal_epoch99_seed3_rep0_B500.pt
3,0,760000,500,large_only_random,99,10,0.8106719255447388,0.8106719255447388,0.0,74.77991384454072,/home/hschult5/AttackerGNN/notebooks/prbcd_miss_condition_updated/outputs/prbcd_miss_condition_experiments/cora_ml__20260724_160453/raw_diagnostics/inject_large_only_random_epoch99_seed3_rep0_B500.pt
3,0,760000,500,random_unseen_control,99,10,0.8106719255447388,0.8106719255447388,0.0,74.72650020942092,/home/hschult5/AttackerGNN/notebooks/prbcd_miss_condition_updated/outputs/prbcd_miss_condition_experiments/cora_ml__20260724_160453/raw_diagnostics/inject_random_unseen_control_epoch99_seed3_rep0_B500.pt
3,0,760000,500,baseline,299,0,0.8106719255447388,0.8106719255447388,0.0,74.26027164794505,
3,0,760000,500,large_final_missed,299,10,0.8106719255447388,0.8106719255447388,0.0,74.81855430826545,/home/hschult5/AttackerGNN/notebooks/prbcd_miss_condition_updated/outputs/prbcd_miss_condition_experiments/cora_ml__20260724_160453/raw_diagnostics/inject_large_final_missed_epoch299_seed3_rep0_B500.pt
3,0,760000,500,large_top_signal,299,10,0.8106719255447388,0.8106719255447388,0.0,74.72184278815985,/home/hschult5/AttackerGNN/notebooks/prbcd_miss_condition_updated/outputs/prbcd_miss_condition_experiments/cora_ml__20260724_160453/raw_diagnostics/inject_large_top_signal_epoch299_seed3_rep0_B500.pt
3,0,760000,500,large_only_random,299,10,0.8106719255447388,0.8106719255447388,0.0,74.91166133247316,/home/hschult5/AttackerGNN/notebooks/prbcd_miss_condition_updated/outputs/prbcd_miss_condition_experiments/cora_ml__20260724_160453/raw_diagnostics/inject_large_only_random_epoch299_seed3_rep0_B500.pt
3,0,760000,500,random_unseen_control,299,10,0.8106719255447388,0.8106719255447388,0.0,75.160659044981,/home/hschult5/AttackerGNN/notebooks/prbcd_miss_condition_updated/outputs/prbcd_miss_condition_experiments/cora_ml__20260724_160453/raw_diagnostics/inject_random_unseen_control_epoch299_seed3_rep0_B500.pt
3,0,760000,1000,baseline,0,0,0.8019762635231018,0.8019762635231018,0.0,73.19327848404646,
3,0,760000,1000,large_final_missed,0,10,0.8019762635231018,0.7996047139167786,0.002371549606323242,74.00605982914567,/home/hschult5/AttackerGNN/notebooks/prbcd_miss_condition_updated/outputs/prbcd_miss_condition_experiments/cora_ml__20260724_160453/raw_diagnostics/inject_large_final_missed_epoch0_seed3_rep0_B1000.pt
3,0,760000,1000,large_top_signal,0,10,0.8019762635231018,0.7984189987182617,0.003557264804840088,74.2298146598041,/home/hschult5/AttackerGNN/notebooks/prbcd_miss_condition_updated/outputs/prbcd_miss_condition_experiments/cora_ml__20260724_160453/raw_diagnostics/inject_large_top_signal_epoch0_seed3_rep0_B1000.pt
3,0,760000,1000,large_only_random,0,10,0.8019762635231018,0.8019762635231018,0.0,73.98884241655469,/home/hschult5/AttackerGNN/notebooks/prbcd_miss_condition_updated/outputs/prbcd_miss_condition_experiments/cora_ml__20260724_160453/raw_diagnostics/inject_large_only_random_epoch0_seed3_rep0_B1000.pt
3,0,760000,1000,random_unseen_control,0,10,0.8019762635231018,0.8023715615272522,-0.0003952980041503906,74.0191253721714,/home/hschult5/AttackerGNN/notebooks/prbcd_miss_condition_updated/outputs/prbcd_miss_condition_experiments/cora_ml__20260724_160453/raw_diagnostics/inject_random_unseen_control_epoch0_seed3_rep0_B1000.pt
3,0,760000,1000,baseline,9,0,0.8019762635231018,0.8019762635231018,0.0,73.19327848404646,
3,0,760000,1000,large_final_missed,9,10,0.8019762635231018,0.8003952503204346,0.0015810132026672363,73.64858256094158,/home/hschult5/AttackerGNN/notebooks/prbcd_miss_condition_updated/outputs/prbcd_miss_condition_experiments/cora_ml__20260724_160453/raw_diagnostics/inject_large_final_missed_epoch9_seed3_rep0_B1000.pt
3,0,760000,1000,large_top_signal,9,10,0.8019762635231018,0.8003952503204346,0.0015810132026672363,73.82979330793023,/home/hschult5/AttackerGNN/notebooks/prbcd_miss_condition_updated/outputs/prbcd_miss_condition_experiments/cora_ml__20260724_160453/raw_diagnostics/inject_large_top_signal_epoch9_seed3_rep0_B1000.pt
3,0,760000,1000,large_only_random,9,10,0.8019762635231018,0.8019762635231018,0.0,73.65761299058795,/home/hschult5/AttackerGNN/notebooks/prbcd_miss_condition_updated/outputs/prbcd_miss_condition_experiments/cora_ml__20260724_160453/raw_diagnostics/inject_large_only_random_epoch9_seed3_rep0_B1000.pt
3,0,760000,1000,random_unseen_control,9,10,0.8019762635231018,0.8019762635231018,0.0,73.59156127460301,/home/hschult5/AttackerGNN/notebooks/prbcd_miss_condition_updated/outputs/prbcd_miss_condition_experiments/cora_ml__20260724_160453/raw_diagnostics/inject_random_unseen_control_epoch9_seed3_rep0_B1000.pt
3,0,760000,1000,baseline,24,0,0.8019762635231018,0.8019762635231018,0.0,73.19327848404646,
3,0,760000,1000,large_final_missed,24,10,0.8019762635231018,0.8007904887199402,0.001185774803161621,73.49312904290855,/home/hschult5/AttackerGNN/notebooks/prbcd_miss_condition_updated/outputs/prbcd_miss_condition_experiments/cora_ml__20260724_160453/raw_diagnostics/inject_large_final_missed_epoch24_seed3_rep0_B1000.pt
3,0,760000,1000,large_top_signal,24,10,0.8019762635231018,0.8003952503204346,0.0015810132026672363,73.83554075658321,/home/hschult5/AttackerGNN/notebooks/prbcd_miss_condition_updated/outputs/prbcd_miss_condition_experiments/cora_ml__20260724_160453/raw_diagnostics/inject_large_top_signal_epoch24_seed3_rep0_B1000.pt
3,0,760000,1000,large_only_random,24,10,0.8019762635231018,0.8019762635231018,0.0,73.76010411791503,/home/hschult5/AttackerGNN/notebooks/prbcd_miss_condition_updated/outputs/prbcd_miss_condition_experiments/cora_ml__20260724_160453/raw_diagnostics/inject_large_only_random_epoch24_seed3_rep0_B1000.pt
3,0,760000,1000,random_unseen_control,24,10,0.8019762635231018,0.8019762635231018,0.0,73.76397884637117,/home/hschult5/AttackerGNN/notebooks/prbcd_miss_condition_updated/outputs/prbcd_miss_condition_experiments/cora_ml__20260724_160453/raw_diagnostics/inject_random_unseen_control_epoch24_seed3_rep0_B1000.pt
3,0,760000,1000,baseline,49,0,0.8019762635231018,0.8019762635231018,0.0,73.19327848404646,
3,0,760000,1000,large_final_missed,49,10,0.8019762635231018,0.7996047139167786,0.002371549606323242,73.64859263412654,/home/hschult5/AttackerGNN/notebooks/prbcd_miss_condition_updated/outputs/prbcd_miss_condition_experiments/cora_ml__20260724_160453/raw_diagnostics/inject_large_final_missed_epoch49_seed3_rep0_B1000.pt
3,0,760000,1000,large_top_signal,49,10,0.8019762635231018,0.7984189987182617,0.003557264804840088,74.10591741278768,/home/hschult5/AttackerGNN/notebooks/prbcd_miss_condition_updated/outputs/prbcd_miss_condition_experiments/cora_ml__20260724_160453/raw_diagnostics/inject_large_top_signal_epoch49_seed3_rep0_B1000.pt
3,0,760000,1000,large_only_random,49,10,0.8019762635231018,0.8019762635231018,0.0,74.14701348543167,/home/hschult5/AttackerGNN/notebooks/prbcd_miss_condition_updated/outputs/prbcd_miss_condition_experiments/cora_ml__20260724_160453/raw_diagnostics/inject_large_only_random_epoch49_seed3_rep0_B1000.pt
3,0,760000,1000,random_unseen_control,49,10,0.8019762635231018,0.8019762635231018,0.0,73.93387750908732,/home/hschult5/AttackerGNN/notebooks/prbcd_miss_condition_updated/outputs/prbcd_miss_condition_experiments/cora_ml__20260724_160453/raw_diagnostics/inject_random_unseen_control_epoch49_seed3_rep0_B1000.pt
3,0,760000,1000,baseline,99,0,0.8019762635231018,0.8019762635231018,0.0,73.19327848404646,
3,0,760000,1000,large_final_missed,99,10,0.8019762635231018,0.8011857867240906,0.0007904767990112305,74.32276439107955,/home/hschult5/AttackerGNN/notebooks/prbcd_miss_condition_updated/outputs/prbcd_miss_condition_experiments/cora_ml__20260724_160453/raw_diagnostics/inject_large_final_missed_epoch99_seed3_rep0_B1000.pt
3,0,760000,1000,large_top_signal,99,10,0.8019762635231018,0.8003952503204346,0.0015810132026672363,74.37069876492023,/home/hschult5/AttackerGNN/notebooks/prbcd_miss_condition_updated/outputs/prbcd_miss_condition_experiments/cora_ml__20260724_160453/raw_diagnostics/inject_large_top_signal_epoch99_seed3_rep0_B1000.pt
3,0,760000,1000,large_only_random,99,10,0.8019762635231018,0.8019762635231018,0.0,73.9670179206878,/home/hschult5/AttackerGNN/notebooks/prbcd_miss_condition_updated/outputs/prbcd_miss_condition_experiments/cora_ml__20260724_160453/raw_diagnostics/inject_large_only_random_epoch99_seed3_rep0_B1000.pt
3,0,760000,1000,random_unseen_control,99,10,0.8019762635231018,0.8019762635231018,0.0,74.06065763346851,/home/hschult5/AttackerGNN/notebooks/prbcd_miss_condition_updated/outputs/prbcd_miss_condition_experiments/cora_ml__20260724_160453/raw_diagnostics/inject_random_unseen_control_epoch99_seed3_rep0_B1000.pt
3,0,760000,1000,baseline,299,0,0.8019762635231018,0.8019762635231018,0.0,73.19327848404646,
3,0,760000,1000,large_final_missed,299,10,0.8019762635231018,0.8019762635231018,0.0,73.37314169481397,/home/hschult5/AttackerGNN/notebooks/prbcd_miss_condition_updated/outputs/prbcd_miss_condition_experiments/cora_ml__20260724_160453/raw_diagnostics/inject_large_final_missed_epoch299_seed3_rep0_B1000.pt
3,0,760000,1000,large_top_signal,299,10,0.8019762635231018,0.8019762635231018,0.0,73.56510646268725,/home/hschult5/AttackerGNN/notebooks/prbcd_miss_condition_updated/outputs/prbcd_miss_condition_experiments/cora_ml__20260724_160453/raw_diagnostics/inject_large_top_signal_epoch299_seed3_rep0_B1000.pt
3,0,760000,1000,large_only_random,299,10,0.8019762635231018,0.8019762635231018,0.0,73.65380178764462,/home/hschult5/AttackerGNN/notebooks/prbcd_miss_condition_updated/outputs/prbcd_miss_condition_experiments/cora_ml__20260724_160453/raw_diagnostics/inject_large_only_random_epoch299_seed3_rep0_B1000.pt
3,0,760000,1000,random_unseen_control,299,10,0.8019762635231018,0.8019762635231018,0.0,74.01200013794005,/home/hschult5/AttackerGNN/notebooks/prbcd_miss_condition_updated/outputs/prbcd_miss_condition_experiments/cora_ml__20260724_160453/raw_diagnostics/inject_random_unseen_control_epoch299_seed3_rep0_B1000.pt
3,0,760000,2000,baseline,0,0,0.800000011920929,0.800000011920929,0.0,77.44069812819362,
3,0,760000,2000,large_final_missed,0,10,0.800000011920929,0.7976284623146057,0.002371549606323242,76.97004388086498,/home/hschult5/AttackerGNN/notebooks/prbcd_miss_condition_updated/outputs/prbcd_miss_condition_experiments/cora_ml__20260724_160453/raw_diagnostics/inject_large_final_missed_epoch0_seed3_rep0_B2000.pt
3,0,760000,2000,large_top_signal,0,10,0.800000011920929,0.7976284623146057,0.002371549606323242,75.48613377474248,/home/hschult5/AttackerGNN/notebooks/prbcd_miss_condition_updated/outputs/prbcd_miss_condition_experiments/cora_ml__20260724_160453/raw_diagnostics/inject_large_top_signal_epoch0_seed3_rep0_B2000.pt
3,0,760000,2000,large_only_random,0,10,0.800000011920929,0.7996047139167786,0.0003952980041503906,75.64740834012628,/home/hschult5/AttackerGNN/notebooks/prbcd_miss_condition_updated/outputs/prbcd_miss_condition_experiments/cora_ml__20260724_160453/raw_diagnostics/inject_large_only_random_epoch0_seed3_rep0_B2000.pt
3,0,760000,2000,random_unseen_control,0,10,0.800000011920929,0.7996047139167786,0.0003952980041503906,76.14651824720204,/home/hschult5/AttackerGNN/notebooks/prbcd_miss_condition_updated/outputs/prbcd_miss_condition_experiments/cora_ml__20260724_160453/raw_diagnostics/inject_random_unseen_control_epoch0_seed3_rep0_B2000.pt
3,0,760000,2000,baseline,9,0,0.800000011920929,0.800000011920929,0.0,77.44069812819362,
3,0,760000,2000,large_final_missed,9,10,0.800000011920929,0.7988142371177673,0.001185774803161621,75.54235074296594,/home/hschult5/AttackerGNN/notebooks/prbcd_miss_condition_updated/outputs/prbcd_miss_condition_experiments/cora_ml__20260724_160453/raw_diagnostics/inject_large_final_missed_epoch9_seed3_rep0_B2000.pt
3,0,760000,2000,large_top_signal,9,10,0.800000011920929,0.7996047139167786,0.0003952980041503906,75.24144292622805,/home/hschult5/AttackerGNN/notebooks/prbcd_miss_condition_updated/outputs/prbcd_miss_condition_experiments/cora_ml__20260724_160453/raw_diagnostics/inject_large_top_signal_epoch9_seed3_rep0_B2000.pt
3,0,760000,2000,large_only_random,9,10,0.800000011920929,0.800000011920929,0.0,76.28765795379877,/home/hschult5/AttackerGNN/notebooks/prbcd_miss_condition_updated/outputs/prbcd_miss_condition_experiments/cora_ml__20260724_160453/raw_diagnostics/inject_large_only_random_epoch9_seed3_rep0_B2000.pt
3,0,760000,2000,random_unseen_control,9,10,0.800000011920929,0.800000011920929,0.0,75.68843070790172,/home/hschult5/AttackerGNN/notebooks/prbcd_miss_condition_updated/outputs/prbcd_miss_condition_experiments/cora_ml__20260724_160453/raw_diagnostics/inject_random_unseen_control_epoch9_seed3_rep0_B2000.pt
3,0,760000,2000,baseline,24,0,0.800000011920929,0.800000011920929,0.0,77.44069812819362,
3,0,760000,2000,large_final_missed,24,10,0.800000011920929,0.799209475517273,0.0007905364036560059,75.644756289199,/home/hschult5/AttackerGNN/notebooks/prbcd_miss_condition_updated/outputs/prbcd_miss_condition_experiments/cora_ml__20260724_160453/raw_diagnostics/inject_large_final_missed_epoch24_seed3_rep0_B2000.pt
3,0,760000,2000,large_top_signal,24,10,0.800000011920929,0.7996047139167786,0.0003952980041503906,76.7432195097208,/home/hschult5/AttackerGNN/notebooks/prbcd_miss_condition_updated/outputs/prbcd_miss_condition_experiments/cora_ml__20260724_160453/raw_diagnostics/inject_large_top_signal_epoch24_seed3_rep0_B2000.pt
3,0,760000,2000,large_only_random,24,10,0.800000011920929,0.800000011920929,0.0,76.61475521698594,/home/hschult5/AttackerGNN/notebooks/prbcd_miss_condition_updated/outputs/prbcd_miss_condition_experiments/cora_ml__20260724_160453/raw_diagnostics/inject_large_only_random_epoch24_seed3_rep0_B2000.pt
3,0,760000,2000,random_unseen_control,24,10,0.800000011920929,0.800000011920929,0.0,75.78759288229048,/home/hschult5/AttackerGNN/notebooks/prbcd_miss_condition_updated/outputs/prbcd_miss_condition_experiments/cora_ml__20260724_160453/raw_diagnostics/inject_random_unseen_control_epoch24_seed3_rep0_B2000.pt
3,0,760000,2000,baseline,49,0,0.800000011920929,0.800000011920929,0.0,77.44069812819362,
3,0,760000,2000,large_final_missed,49,10,0.800000011920929,0.7996047139167786,0.0003952980041503906,76.30163333564997,/home/hschult5/AttackerGNN/notebooks/prbcd_miss_condition_updated/outputs/prbcd_miss_condition_experiments/cora_ml__20260724_160453/raw_diagnostics/inject_large_final_missed_epoch49_seed3_rep0_B2000.pt
3,0,760000,2000,large_top_signal,49,10,0.800000011920929,0.800000011920929,0.0,76.81739800050855,/home/hschult5/AttackerGNN/notebooks/prbcd_miss_condition_updated/outputs/prbcd_miss_condition_experiments/cora_ml__20260724_160453/raw_diagnostics/inject_large_top_signal_epoch49_seed3_rep0_B2000.pt
3,0,760000,2000,large_only_random,49,10,0.800000011920929,0.800000011920929,0.0,76.2865091804415,/home/hschult5/AttackerGNN/notebooks/prbcd_miss_condition_updated/outputs/prbcd_miss_condition_experiments/cora_ml__20260724_160453/raw_diagnostics/inject_large_only_random_epoch49_seed3_rep0_B2000.pt
3,0,760000,2000,random_unseen_control,49,10,0.800000011920929,0.800000011920929,0.0,76.49562785960734,/home/hschult5/AttackerGNN/notebooks/prbcd_miss_condition_updated/outputs/prbcd_miss_condition_experiments/cora_ml__20260724_160453/raw_diagnostics/inject_random_unseen_control_epoch49_seed3_rep0_B2000.pt
3,0,760000,2000,baseline,99,0,0.800000011920929,0.800000011920929,0.0,77.44069812819362,
3,0,760000,2000,large_final_missed,99,10,0.800000011920929,0.800000011920929,0.0,76.27394223958254,/home/hschult5/AttackerGNN/notebooks/prbcd_miss_condition_updated/outputs/prbcd_miss_condition_experiments/cora_ml__20260724_160453/raw_diagnostics/inject_large_final_missed_epoch99_seed3_rep0_B2000.pt
3,0,760000,2000,large_top_signal,99,10,0.800000011920929,0.800000011920929,0.0,76.22983139753342,/home/hschult5/AttackerGNN/notebooks/prbcd_miss_condition_updated/outputs/prbcd_miss_condition_experiments/cora_ml__20260724_160453/raw_diagnostics/inject_large_top_signal_epoch99_seed3_rep0_B2000.pt
3,0,760000,2000,large_only_random,99,10,0.800000011920929,0.800000011920929,0.0,76.24527919478714,/home/hschult5/AttackerGNN/notebooks/prbcd_miss_condition_updated/outputs/prbcd_miss_condition_experiments/cora_ml__20260724_160453/raw_diagnostics/inject_large_only_random_epoch99_seed3_rep0_B2000.pt
3,0,760000,2000,random_unseen_control,99,10,0.800000011920929,0.800000011920929,0.0,76.0397451017052,/home/hschult5/AttackerGNN/notebooks/prbcd_miss_condition_updated/outputs/prbcd_miss_condition_experiments/cora_ml__20260724_160453/raw_diagnostics/inject_random_unseen_control_epoch99_seed3_rep0_B2000.pt
3,0,760000,2000,baseline,299,0,0.800000011920929,0.800000011920929,0.0,77.44069812819362,
3,0,760000,2000,large_final_missed,299,10,0.800000011920929,0.800000011920929,0.0,76.61791131645441,/home/hschult5/AttackerGNN/notebooks/prbcd_miss_condition_updated/outputs/prbcd_miss_condition_experiments/cora_ml__20260724_160453/raw_diagnostics/inject_large_final_missed_epoch299_seed3_rep0_B2000.pt
3,0,760000,2000,large_top_signal,299,10,0.800000011920929,0.800000011920929,0.0,75.78421368636191,/home/hschult5/AttackerGNN/notebooks/prbcd_miss_condition_updated/outputs/prbcd_miss_condition_experiments/cora_ml__20260724_160453/raw_diagnostics/inject_large_top_signal_epoch299_seed3_rep0_B2000.pt
3,0,760000,2000,large_only_random,299,10,0.800000011920929,0.800000011920929,0.0,75.88706250488758,/home/hschult5/AttackerGNN/notebooks/prbcd_miss_condition_updated/outputs/prbcd_miss_condition_experiments/cora_ml__20260724_160453/raw_diagnostics/inject_large_only_random_epoch299_seed3_rep0_B2000.pt
3,0,760000,2000,random_unseen_control,299,10,0.800000011920929,0.800000011920929,0.0,76.48439671471715,/home/hschult5/AttackerGNN/notebooks/prbcd_miss_condition_updated/outputs/prbcd_miss_condition_experiments/cora_ml__20260724_160453/raw_diagnostics/inject_random_unseen_control_epoch299_seed3_rep0_B2000.pt
3,0,760000,3000,baseline,0,0,0.7964426875114441,0.7964426875114441,0.0,77.79489180631936,
3,0,760000,3000,large_final_missed,0,10,0.7964426875114441,0.7944663763046265,0.001976311206817627,76.76958079077303,/home/hschult5/AttackerGNN/notebooks/prbcd_miss_condition_updated/outputs/prbcd_miss_condition_experiments/cora_ml__20260724_160453/raw_diagnostics/inject_large_final_missed_epoch0_seed3_rep0_B3000.pt
3,0,760000,3000,large_top_signal,0,10,0.7964426875114441,0.7944663763046265,0.001976311206817627,76.48492593504488,/home/hschult5/AttackerGNN/notebooks/prbcd_miss_condition_updated/outputs/prbcd_miss_condition_experiments/cora_ml__20260724_160453/raw_diagnostics/inject_large_top_signal_epoch0_seed3_rep0_B3000.pt
3,0,760000,3000,large_only_random,0,10,0.7964426875114441,0.7972332239151001,-0.0007905364036560059,76.769596375525,/home/hschult5/AttackerGNN/notebooks/prbcd_miss_condition_updated/outputs/prbcd_miss_condition_experiments/cora_ml__20260724_160453/raw_diagnostics/inject_large_only_random_epoch0_seed3_rep0_B3000.pt
3,0,760000,3000,random_unseen_control,0,10,0.7964426875114441,0.7964426875114441,0.0,76.5399210266769,/home/hschult5/AttackerGNN/notebooks/prbcd_miss_condition_updated/outputs/prbcd_miss_condition_experiments/cora_ml__20260724_160453/raw_diagnostics/inject_random_unseen_control_epoch0_seed3_rep0_B3000.pt
3,0,760000,3000,baseline,9,0,0.7964426875114441,0.7964426875114441,0.0,77.79489180631936,
3,0,760000,3000,large_final_missed,9,10,0.7964426875114441,0.7956521511077881,0.0007905364036560059,76.90771335177124,/home/hschult5/AttackerGNN/notebooks/prbcd_miss_condition_updated/outputs/prbcd_miss_condition_experiments/cora_ml__20260724_160453/raw_diagnostics/inject_large_final_missed_epoch9_seed3_rep0_B3000.pt
3,0,760000,3000,large_top_signal,9,10,0.7964426875114441,0.7964426875114441,0.0,76.48139106296003,/home/hschult5/AttackerGNN/notebooks/prbcd_miss_condition_updated/outputs/prbcd_miss_condition_experiments/cora_ml__20260724_160453/raw_diagnostics/inject_large_top_signal_epoch9_seed3_rep0_B3000.pt
3,0,760000,3000,large_only_random,9,10,0.7964426875114441,0.7964426875114441,0.0,75.73734503053129,/home/hschult5/AttackerGNN/notebooks/prbcd_miss_condition_updated/outputs/prbcd_miss_condition_experiments/cora_ml__20260724_160453/raw_diagnostics/inject_large_only_random_epoch9_seed3_rep0_B3000.pt
3,0,760000,3000,random_unseen_control,9,10,0.7964426875114441,0.7964426875114441,0.0,75.85976659879088,/home/hschult5/AttackerGNN/notebooks/prbcd_miss_condition_updated/outputs/prbcd_miss_condition_experiments/cora_ml__20260724_160453/raw_diagnostics/inject_random_unseen_control_epoch9_seed3_rep0_B3000.pt
3,0,760000,3000,baseline,24,0,0.7964426875114441,0.7964426875114441,0.0,77.79489180631936,
3,0,760000,3000,large_final_missed,24,10,0.7964426875114441,0.7964426875114441,0.0,76.93032426387072,/home/hschult5/AttackerGNN/notebooks/prbcd_miss_condition_updated/outputs/prbcd_miss_condition_experiments/cora_ml__20260724_160453/raw_diagnostics/inject_large_final_missed_epoch24_seed3_rep0_B3000.pt
3,0,760000,3000,large_top_signal,24,10,0.7964426875114441,0.7972332239151001,-0.0007905364036560059,76.97162551246583,/home/hschult5/AttackerGNN/notebooks/prbcd_miss_condition_updated/outputs/prbcd_miss_condition_experiments/cora_ml__20260724_160453/raw_diagnostics/inject_large_top_signal_epoch24_seed3_rep0_B3000.pt
3,0,760000,3000,large_only_random,24,10,0.7964426875114441,0.7964426875114441,0.0,76.79156823083758,/home/hschult5/AttackerGNN/notebooks/prbcd_miss_condition_updated/outputs/prbcd_miss_condition_experiments/cora_ml__20260724_160453/raw_diagnostics/inject_large_only_random_epoch24_seed3_rep0_B3000.pt
3,0,760000,3000,random_unseen_control,24,10,0.7964426875114441,0.7964426875114441,0.0,76.48057094216347,/home/hschult5/AttackerGNN/notebooks/prbcd_miss_condition_updated/outputs/prbcd_miss_condition_experiments/cora_ml__20260724_160453/raw_diagnostics/inject_random_unseen_control_epoch24_seed3_rep0_B3000.pt
3,0,760000,3000,baseline,49,0,0.7964426875114441,0.7964426875114441,0.0,77.79489180631936,
3,0,760000,3000,large_final_missed,49,10,0.7964426875114441,0.7964426875114441,0.0,76.789515838027,/home/hschult5/AttackerGNN/notebooks/prbcd_miss_condition_updated/outputs/prbcd_miss_condition_experiments/cora_ml__20260724_160453/raw_diagnostics/inject_large_final_missed_epoch49_seed3_rep0_B3000.pt
3,0,760000,3000,large_top_signal,49,10,0.7964426875114441,0.7960474491119385,0.00039523839950561523,76.46371226385236,/home/hschult5/AttackerGNN/notebooks/prbcd_miss_condition_updated/outputs/prbcd_miss_condition_experiments/cora_ml__20260724_160453/raw_diagnostics/inject_large_top_signal_epoch49_seed3_rep0_B3000.pt
3,0,760000,3000,large_only_random,49,10,0.7964426875114441,0.7964426875114441,0.0,76.47901812009513,/home/hschult5/AttackerGNN/notebooks/prbcd_miss_condition_updated/outputs/prbcd_miss_condition_experiments/cora_ml__20260724_160453/raw_diagnostics/inject_large_only_random_epoch49_seed3_rep0_B3000.pt
3,0,760000,3000,random_unseen_control,49,10,0.7964426875114441,0.7964426875114441,0.0,76.45291701890528,/home/hschult5/AttackerGNN/notebooks/prbcd_miss_condition_updated/outputs/prbcd_miss_condition_experiments/cora_ml__20260724_160453/raw_diagnostics/inject_random_unseen_control_epoch49_seed3_rep0_B3000.pt
3,0,760000,3000,baseline,99,0,0.7964426875114441,0.7964426875114441,0.0,77.79489180631936,
3,0,760000,3000,large_final_missed,99,10,0.7964426875114441,0.7964426875114441,0.0,76.37212656065822,/home/hschult5/AttackerGNN/notebooks/prbcd_miss_condition_updated/outputs/prbcd_miss_condition_experiments/cora_ml__20260724_160453/raw_diagnostics/inject_large_final_missed_epoch99_seed3_rep0_B3000.pt
3,0,760000,3000,large_top_signal,99,10,0.7964426875114441,0.7960474491119385,0.00039523839950561523,76.40558884851635,/home/hschult5/AttackerGNN/notebooks/prbcd_miss_condition_updated/outputs/prbcd_miss_condition_experiments/cora_ml__20260724_160453/raw_diagnostics/inject_large_top_signal_epoch99_seed3_rep0_B3000.pt
3,0,760000,3000,large_only_random,99,10,0.7964426875114441,0.7964426875114441,0.0,76.33821647800505,/home/hschult5/AttackerGNN/notebooks/prbcd_miss_condition_updated/outputs/prbcd_miss_condition_experiments/cora_ml__20260724_160453/raw_diagnostics/inject_large_only_random_epoch99_seed3_rep0_B3000.pt
3,0,760000,3000,random_unseen_control,99,10,0.7964426875114441,0.7964426875114441,0.0,76.97461157478392,/home/hschult5/AttackerGNN/notebooks/prbcd_miss_condition_updated/outputs/prbcd_miss_condition_experiments/cora_ml__20260724_160453/raw_diagnostics/inject_random_unseen_control_epoch99_seed3_rep0_B3000.pt
3,0,760000,3000,baseline,299,0,0.7964426875114441,0.7964426875114441,0.0,77.79489180631936,
3,0,760000,3000,large_final_missed,299,10,0.7964426875114441,0.7964426875114441,0.0,76.41817234270275,/home/hschult5/AttackerGNN/notebooks/prbcd_miss_condition_updated/outputs/prbcd_miss_condition_experiments/cora_ml__20260724_160453/raw_diagnostics/inject_large_final_missed_epoch299_seed3_rep0_B3000.pt
3,0,760000,3000,large_top_signal,299,10,0.7964426875114441,0.7964426875114441,0.0,76.63081180676818,/home/hschult5/AttackerGNN/notebooks/prbcd_miss_condition_updated/outputs/prbcd_miss_condition_experiments/cora_ml__20260724_160453/raw_diagnostics/inject_large_top_signal_epoch299_seed3_rep0_B3000.pt
3,0,760000,3000,large_only_random,299,10,0.7964426875114441,0.7964426875114441,0.0,80.72006276808679,/home/hschult5/AttackerGNN/notebooks/prbcd_miss_condition_updated/outputs/prbcd_miss_condition_experiments/cora_ml__20260724_160453/raw_diagnostics/inject_large_only_random_epoch299_seed3_rep0_B3000.pt
3,0,760000,3000,random_unseen_control,299,10,0.7964426875114441,0.7964426875114441,0.0,76.61123747378588,/home/hschult5/AttackerGNN/notebooks/prbcd_miss_condition_updated/outputs/prbcd_miss_condition_experiments/cora_ml__20260724_160453/raw_diagnostics/inject_random_unseen_control_epoch299_seed3_rep0_B3000.pt
3,0,760000,4000,baseline,0,0,0.7952569127082825,0.7952569127082825,0.0,78.02039375528693,
3,0,760000,4000,large_final_missed,0,10,0.7952569127082825,0.7932806611061096,0.0019762516021728516,77.43146356195211,/home/hschult5/AttackerGNN/notebooks/prbcd_miss_condition_updated/outputs/prbcd_miss_condition_experiments/cora_ml__20260724_160453/raw_diagnostics/inject_large_final_missed_epoch0_seed3_rep0_B4000.pt
3,0,760000,4000,large_top_signal,0,10,0.7952569127082825,0.7944663763046265,0.0007905364036560059,76.13143361918628,/home/hschult5/AttackerGNN/notebooks/prbcd_miss_condition_updated/outputs/prbcd_miss_condition_experiments/cora_ml__20260724_160453/raw_diagnostics/inject_large_top_signal_epoch0_seed3_rep0_B4000.pt
3,0,760000,4000,large_only_random,0,10,0.7952569127082825,0.7952569127082825,0.0,74.3551792241633,/home/hschult5/AttackerGNN/notebooks/prbcd_miss_condition_updated/outputs/prbcd_miss_condition_experiments/cora_ml__20260724_160453/raw_diagnostics/inject_large_only_random_epoch0_seed3_rep0_B4000.pt
3,0,760000,4000,random_unseen_control,0,10,0.7952569127082825,0.7952569127082825,0.0,76.88048963621259,/home/hschult5/AttackerGNN/notebooks/prbcd_miss_condition_updated/outputs/prbcd_miss_condition_experiments/cora_ml__20260724_160453/raw_diagnostics/inject_random_unseen_control_epoch0_seed3_rep0_B4000.pt
3,0,760000,4000,baseline,9,0,0.7952569127082825,0.7952569127082825,0.0,78.02039375528693,
3,0,760000,4000,large_final_missed,9,10,0.7952569127082825,0.7948616743087769,0.00039523839950561523,77.3800288643688,/home/hschult5/AttackerGNN/notebooks/prbcd_miss_condition_updated/outputs/prbcd_miss_condition_experiments/cora_ml__20260724_160453/raw_diagnostics/inject_large_final_missed_epoch9_seed3_rep0_B4000.pt
3,0,760000,4000,large_top_signal,9,10,0.7952569127082825,0.7952569127082825,0.0,77.3560840357095,/home/hschult5/AttackerGNN/notebooks/prbcd_miss_condition_updated/outputs/prbcd_miss_condition_experiments/cora_ml__20260724_160453/raw_diagnostics/inject_large_top_signal_epoch9_seed3_rep0_B4000.pt
3,0,760000,4000,large_only_random,9,10,0.7952569127082825,0.7952569127082825,0.0,77.69838954135776,/home/hschult5/AttackerGNN/notebooks/prbcd_miss_condition_updated/outputs/prbcd_miss_condition_experiments/cora_ml__20260724_160453/raw_diagnostics/inject_large_only_random_epoch9_seed3_rep0_B4000.pt
3,0,760000,4000,random_unseen_control,9,10,0.7952569127082825,0.7952569127082825,0.0,75.86501104384661,/home/hschult5/AttackerGNN/notebooks/prbcd_miss_condition_updated/outputs/prbcd_miss_condition_experiments/cora_ml__20260724_160453/raw_diagnostics/inject_random_unseen_control_epoch9_seed3_rep0_B4000.pt
3,0,760000,4000,baseline,24,0,0.7952569127082825,0.7952569127082825,0.0,78.02039375528693,
3,0,760000,4000,large_final_missed,24,10,0.7952569127082825,0.7952569127082825,0.0,75.78192961402237,/home/hschult5/AttackerGNN/notebooks/prbcd_miss_condition_updated/outputs/prbcd_miss_condition_experiments/cora_ml__20260724_160453/raw_diagnostics/inject_large_final_missed_epoch24_seed3_rep0_B4000.pt
3,0,760000,4000,large_top_signal,24,10,0.7952569127082825,0.7956521511077881,-0.00039523839950561523,75.81261737272143,/home/hschult5/AttackerGNN/notebooks/prbcd_miss_condition_updated/outputs/prbcd_miss_condition_experiments/cora_ml__20260724_160453/raw_diagnostics/inject_large_top_signal_epoch24_seed3_rep0_B4000.pt
3,0,760000,4000,large_only_random,24,10,0.7952569127082825,0.7952569127082825,0.0,76.06902712956071,/home/hschult5/AttackerGNN/notebooks/prbcd_miss_condition_updated/outputs/prbcd_miss_condition_experiments/cora_ml__20260724_160453/raw_diagnostics/inject_large_only_random_epoch24_seed3_rep0_B4000.pt
3,0,760000,4000,random_unseen_control,24,10,0.7952569127082825,0.7952569127082825,0.0,75.84456367231905,/home/hschult5/AttackerGNN/notebooks/prbcd_miss_condition_updated/outputs/prbcd_miss_condition_experiments/cora_ml__20260724_160453/raw_diagnostics/inject_random_unseen_control_epoch24_seed3_rep0_B4000.pt
3,0,760000,4000,baseline,49,0,0.7952569127082825,0.7952569127082825,0.0,78.02039375528693,
3,0,760000,4000,large_final_missed,49,10,0.7952569127082825,0.7952569127082825,0.0,75.58331074565649,/home/hschult5/AttackerGNN/notebooks/prbcd_miss_condition_updated/outputs/prbcd_miss_condition_experiments/cora_ml__20260724_160453/raw_diagnostics/inject_large_final_missed_epoch49_seed3_rep0_B4000.pt
3,0,760000,4000,large_top_signal,49,10,0.7952569127082825,0.7956521511077881,-0.00039523839950561523,75.64094626531005,/home/hschult5/AttackerGNN/notebooks/prbcd_miss_condition_updated/outputs/prbcd_miss_condition_experiments/cora_ml__20260724_160453/raw_diagnostics/inject_large_top_signal_epoch49_seed3_rep0_B4000.pt
3,0,760000,4000,large_only_random,49,10,0.7952569127082825,0.7952569127082825,0.0,76.11344776116312,/home/hschult5/AttackerGNN/notebooks/prbcd_miss_condition_updated/outputs/prbcd_miss_condition_experiments/cora_ml__20260724_160453/raw_diagnostics/inject_large_only_random_epoch49_seed3_rep0_B4000.pt
3,0,760000,4000,random_unseen_control,49,10,0.7952569127082825,0.7952569127082825,0.0,75.57324052602053,/home/hschult5/AttackerGNN/notebooks/prbcd_miss_condition_updated/outputs/prbcd_miss_condition_experiments/cora_ml__20260724_160453/raw_diagnostics/inject_random_unseen_control_epoch49_seed3_rep0_B4000.pt
3,0,760000,4000,baseline,99,0,0.7952569127082825,0.7952569127082825,0.0,78.02039375528693,
3,0,760000,4000,large_final_missed,99,10,0.7952569127082825,0.7952569127082825,0.0,75.68417220935225,/home/hschult5/AttackerGNN/notebooks/prbcd_miss_condition_updated/outputs/prbcd_miss_condition_experiments/cora_ml__20260724_160453/raw_diagnostics/inject_large_final_missed_epoch99_seed3_rep0_B4000.pt
3,0,760000,4000,large_top_signal,99,10,0.7952569127082825,0.7956521511077881,-0.00039523839950561523,75.5743358079344,/home/hschult5/AttackerGNN/notebooks/prbcd_miss_condition_updated/outputs/prbcd_miss_condition_experiments/cora_ml__20260724_160453/raw_diagnostics/inject_large_top_signal_epoch99_seed3_rep0_B4000.pt
3,0,760000,4000,large_only_random,99,10,0.7952569127082825,0.7952569127082825,0.0,76.38603631220758,/home/hschult5/AttackerGNN/notebooks/prbcd_miss_condition_updated/outputs/prbcd_miss_condition_experiments/cora_ml__20260724_160453/raw_diagnostics/inject_large_only_random_epoch99_seed3_rep0_B4000.pt
3,0,760000,4000,random_unseen_control,99,10,0.7952569127082825,0.7952569127082825,0.0,75.66569886542857,/home/hschult5/AttackerGNN/notebooks/prbcd_miss_condition_updated/outputs/prbcd_miss_condition_experiments/cora_ml__20260724_160453/raw_diagnostics/inject_random_unseen_control_epoch99_seed3_rep0_B4000.pt
3,0,760000,4000,baseline,299,0,0.7952569127082825,0.7952569127082825,0.0,78.02039375528693,
3,0,760000,4000,large_final_missed,299,10,0.7952569127082825,0.7952569127082825,0.0,75.40383146330714,/home/hschult5/AttackerGNN/notebooks/prbcd_miss_condition_updated/outputs/prbcd_miss_condition_experiments/cora_ml__20260724_160453/raw_diagnostics/inject_large_final_missed_epoch299_seed3_rep0_B4000.pt
3,0,760000,4000,large_top_signal,299,10,0.7952569127082825,0.7952569127082825,0.0,75.75763731077313,/home/hschult5/AttackerGNN/notebooks/prbcd_miss_condition_updated/outputs/prbcd_miss_condition_experiments/cora_ml__20260724_160453/raw_diagnostics/inject_large_top_signal_epoch299_seed3_rep0_B4000.pt
3,0,760000,4000,large_only_random,299,10,0.7952569127082825,0.7952569127082825,0.0,76.05511366389692,/home/hschult5/AttackerGNN/notebooks/prbcd_miss_condition_updated/outputs/prbcd_miss_condition_experiments/cora_ml__20260724_160453/raw_diagnostics/inject_large_only_random_epoch299_seed3_rep0_B4000.pt
3,0,760000,4000,random_unseen_control,299,10,0.7952569127082825,0.7952569127082825,0.0,75.56094889715314,/home/hschult5/AttackerGNN/notebooks/prbcd_miss_condition_updated/outputs/prbcd_miss_condition_experiments/cora_ml__20260724_160453/raw_diagnostics/inject_random_unseen_control_epoch299_seed3_rep0_B4000.pt
4,0,770000,250,baseline,0,0,0.8320158123970032,0.8320158123970032,0.0,73.25565828755498,
4,0,770000,250,large_final_missed,0,10,0.8320158123970032,0.8276680111885071,0.004347801208496094,73.46144411340356,/home/hschult5/AttackerGNN/notebooks/prbcd_miss_condition_updated/outputs/prbcd_miss_condition_experiments/cora_ml__20260724_160453/raw_diagnostics/inject_large_final_missed_epoch0_seed4_rep0_B250.pt
4,0,770000,250,large_top_signal,0,10,0.8320158123970032,0.8264822363853455,0.005533576011657715,73.6547046545893,/home/hschult5/AttackerGNN/notebooks/prbcd_miss_condition_updated/outputs/prbcd_miss_condition_experiments/cora_ml__20260724_160453/raw_diagnostics/inject_large_top_signal_epoch0_seed4_rep0_B250.pt
4,0,770000,250,large_only_random,0,10,0.8320158123970032,0.8320158123970032,0.0,73.40151725709438,/home/hschult5/AttackerGNN/notebooks/prbcd_miss_condition_updated/outputs/prbcd_miss_condition_experiments/cora_ml__20260724_160453/raw_diagnostics/inject_large_only_random_epoch0_seed4_rep0_B250.pt
4,0,770000,250,random_unseen_control,0,10,0.8320158123970032,0.8320158123970032,0.0,73.3211300522089,/home/hschult5/AttackerGNN/notebooks/prbcd_miss_condition_updated/outputs/prbcd_miss_condition_experiments/cora_ml__20260724_160453/raw_diagnostics/inject_random_unseen_control_epoch0_seed4_rep0_B250.pt
4,0,770000,250,baseline,9,0,0.8320158123970032,0.8320158123970032,0.0,73.25565828755498,
4,0,770000,250,large_final_missed,9,10,0.8320158123970032,0.8320158123970032,0.0,73.61772236414254,/home/hschult5/AttackerGNN/notebooks/prbcd_miss_condition_updated/outputs/prbcd_miss_condition_experiments/cora_ml__20260724_160453/raw_diagnostics/inject_large_final_missed_epoch9_seed4_rep0_B250.pt
4,0,770000,250,large_top_signal,9,10,0.8320158123970032,0.8316205739974976,0.00039523839950561523,73.5029363706708,/home/hschult5/AttackerGNN/notebooks/prbcd_miss_condition_updated/outputs/prbcd_miss_condition_experiments/cora_ml__20260724_160453/raw_diagnostics/inject_large_top_signal_epoch9_seed4_rep0_B250.pt
4,0,770000,250,large_only_random,9,10,0.8320158123970032,0.8320158123970032,0.0,73.67527639865875,/home/hschult5/AttackerGNN/notebooks/prbcd_miss_condition_updated/outputs/prbcd_miss_condition_experiments/cora_ml__20260724_160453/raw_diagnostics/inject_large_only_random_epoch9_seed4_rep0_B250.pt
4,0,770000,250,random_unseen_control,9,10,0.8320158123970032,0.8320158123970032,0.0,73.42703082598746,/home/hschult5/AttackerGNN/notebooks/prbcd_miss_condition_updated/outputs/prbcd_miss_condition_experiments/cora_ml__20260724_160453/raw_diagnostics/inject_random_unseen_control_epoch9_seed4_rep0_B250.pt
4,0,770000,250,baseline,24,0,0.8320158123970032,0.8320158123970032,0.0,73.25565828755498,
4,0,770000,250,large_final_missed,24,10,0.8320158123970032,0.8316205739974976,0.00039523839950561523,73.68928188830614,/home/hschult5/AttackerGNN/notebooks/prbcd_miss_condition_updated/outputs/prbcd_miss_condition_experiments/cora_ml__20260724_160453/raw_diagnostics/inject_large_final_missed_epoch24_seed4_rep0_B250.pt
4,0,770000,250,large_top_signal,24,10,0.8320158123970032,0.8316205739974976,0.00039523839950561523,73.72530279681087,/home/hschult5/AttackerGNN/notebooks/prbcd_miss_condition_updated/outputs/prbcd_miss_condition_experiments/cora_ml__20260724_160453/raw_diagnostics/inject_large_top_signal_epoch24_seed4_rep0_B250.pt
4,0,770000,250,large_only_random,24,10,0.8320158123970032,0.8320158123970032,0.0,73.47735482640564,/home/hschult5/AttackerGNN/notebooks/prbcd_miss_condition_updated/outputs/prbcd_miss_condition_experiments/cora_ml__20260724_160453/raw_diagnostics/inject_large_only_random_epoch24_seed4_rep0_B250.pt
4,0,770000,250,random_unseen_control,24,10,0.8320158123970032,0.8320158123970032,0.0,73.49797772057354,/home/hschult5/AttackerGNN/notebooks/prbcd_miss_condition_updated/outputs/prbcd_miss_condition_experiments/cora_ml__20260724_160453/raw_diagnostics/inject_random_unseen_control_epoch24_seed4_rep0_B250.pt
4,0,770000,250,baseline,49,0,0.8320158123970032,0.8320158123970032,0.0,73.25565828755498,
4,0,770000,250,large_final_missed,49,10,0.8320158123970032,0.8284584879875183,0.0035573244094848633,73.59935100376606,/home/hschult5/AttackerGNN/notebooks/prbcd_miss_condition_updated/outputs/prbcd_miss_condition_experiments/cora_ml__20260724_160453/raw_diagnostics/inject_large_final_missed_epoch49_seed4_rep0_B250.pt
4,0,770000,250,large_top_signal,49,10,0.8320158123970032,0.8260869383811951,0.0059288740158081055,73.5077467635274,/home/hschult5/AttackerGNN/notebooks/prbcd_miss_condition_updated/outputs/prbcd_miss_condition_experiments/cora_ml__20260724_160453/raw_diagnostics/inject_large_top_signal_epoch49_seed4_rep0_B250.pt
4,0,770000,250,large_only_random,49,10,0.8320158123970032,0.8320158123970032,0.0,73.55928942002356,/home/hschult5/AttackerGNN/notebooks/prbcd_miss_condition_updated/outputs/prbcd_miss_condition_experiments/cora_ml__20260724_160453/raw_diagnostics/inject_large_only_random_epoch49_seed4_rep0_B250.pt
4,0,770000,250,random_unseen_control,49,10,0.8320158123970032,0.8320158123970032,0.0,73.4440883193165,/home/hschult5/AttackerGNN/notebooks/prbcd_miss_condition_updated/outputs/prbcd_miss_condition_experiments/cora_ml__20260724_160453/raw_diagnostics/inject_random_unseen_control_epoch49_seed4_rep0_B250.pt
4,0,770000,250,baseline,99,0,0.8320158123970032,0.8320158123970032,0.0,73.25565828755498,
4,0,770000,250,large_final_missed,99,10,0.8320158123970032,0.8284584879875183,0.0035573244094848633,73.48057134449482,/home/hschult5/AttackerGNN/notebooks/prbcd_miss_condition_updated/outputs/prbcd_miss_condition_experiments/cora_ml__20260724_160453/raw_diagnostics/inject_large_final_missed_epoch99_seed4_rep0_B250.pt
4,0,770000,250,large_top_signal,99,10,0.8320158123970032,0.8264822363853455,0.005533576011657715,73.5658801253885,/home/hschult5/AttackerGNN/notebooks/prbcd_miss_condition_updated/outputs/prbcd_miss_condition_experiments/cora_ml__20260724_160453/raw_diagnostics/inject_large_top_signal_epoch99_seed4_rep0_B250.pt
4,0,770000,250,large_only_random,99,10,0.8320158123970032,0.8320158123970032,0.0,73.48857630044222,/home/hschult5/AttackerGNN/notebooks/prbcd_miss_condition_updated/outputs/prbcd_miss_condition_experiments/cora_ml__20260724_160453/raw_diagnostics/inject_large_only_random_epoch99_seed4_rep0_B250.pt
4,0,770000,250,random_unseen_control,99,10,0.8320158123970032,0.8320158123970032,0.0,73.6276841815561,/home/hschult5/AttackerGNN/notebooks/prbcd_miss_condition_updated/outputs/prbcd_miss_condition_experiments/cora_ml__20260724_160453/raw_diagnostics/inject_random_unseen_control_epoch99_seed4_rep0_B250.pt
4,0,770000,250,baseline,299,0,0.8320158123970032,0.8320158123970032,0.0,73.25565828755498,
4,0,770000,250,large_final_missed,299,10,0.8320158123970032,0.8320158123970032,0.0,73.58533578552306,/home/hschult5/AttackerGNN/notebooks/prbcd_miss_condition_updated/outputs/prbcd_miss_condition_experiments/cora_ml__20260724_160453/raw_diagnostics/inject_large_final_missed_epoch299_seed4_rep0_B250.pt
4,0,770000,250,large_top_signal,299,10,0.8320158123970032,0.8320158123970032,0.0,73.52004923671484,/home/hschult5/AttackerGNN/notebooks/prbcd_miss_condition_updated/outputs/prbcd_miss_condition_experiments/cora_ml__20260724_160453/raw_diagnostics/inject_large_top_signal_epoch299_seed4_rep0_B250.pt
4,0,770000,250,large_only_random,299,10,0.8320158123970032,0.8320158123970032,0.0,73.55867789499462,/home/hschult5/AttackerGNN/notebooks/prbcd_miss_condition_updated/outputs/prbcd_miss_condition_experiments/cora_ml__20260724_160453/raw_diagnostics/inject_large_only_random_epoch299_seed4_rep0_B250.pt
4,0,770000,250,random_unseen_control,299,10,0.8320158123970032,0.8320158123970032,0.0,73.56344759836793,/home/hschult5/AttackerGNN/notebooks/prbcd_miss_condition_updated/outputs/prbcd_miss_condition_experiments/cora_ml__20260724_160453/raw_diagnostics/inject_random_unseen_control_epoch299_seed4_rep0_B250.pt
4,0,770000,500,baseline,0,0,0.8197628259658813,0.8197628259658813,0.0,75.28188529796898,
4,0,770000,500,large_final_missed,0,10,0.8197628259658813,0.8158102631568909,0.0039525628089904785,75.0721832998097,/home/hschult5/AttackerGNN/notebooks/prbcd_miss_condition_updated/outputs/prbcd_miss_condition_experiments/cora_ml__20260724_160453/raw_diagnostics/inject_large_final_missed_epoch0_seed4_rep0_B500.pt
4,0,770000,500,large_top_signal,0,10,0.8197628259658813,0.8158102631568909,0.0039525628089904785,75.68009104020894,/home/hschult5/AttackerGNN/notebooks/prbcd_miss_condition_updated/outputs/prbcd_miss_condition_experiments/cora_ml__20260724_160453/raw_diagnostics/inject_large_top_signal_epoch0_seed4_rep0_B500.pt
4,0,770000,500,large_only_random,0,10,0.8197628259658813,0.8197628259658813,0.0,75.34288167022169,/home/hschult5/AttackerGNN/notebooks/prbcd_miss_condition_updated/outputs/prbcd_miss_condition_experiments/cora_ml__20260724_160453/raw_diagnostics/inject_large_only_random_epoch0_seed4_rep0_B500.pt
4,0,770000,500,random_unseen_control,0,10,0.8197628259658813,0.8197628259658813,0.0,75.76000113040209,/home/hschult5/AttackerGNN/notebooks/prbcd_miss_condition_updated/outputs/prbcd_miss_condition_experiments/cora_ml__20260724_160453/raw_diagnostics/inject_random_unseen_control_epoch0_seed4_rep0_B500.pt
4,0,770000,500,baseline,9,0,0.8197628259658813,0.8197628259658813,0.0,75.28188529796898,
4,0,770000,500,large_final_missed,9,10,0.8197628259658813,0.8201581239700317,-0.0003952980041503906,75.39806282147765,/home/hschult5/AttackerGNN/notebooks/prbcd_miss_condition_updated/outputs/prbcd_miss_condition_experiments/cora_ml__20260724_160453/raw_diagnostics/inject_large_final_missed_epoch9_seed4_rep0_B500.pt
4,0,770000,500,large_top_signal,9,10,0.8197628259658813,0.8197628259658813,0.0,75.30222967453301,/home/hschult5/AttackerGNN/notebooks/prbcd_miss_condition_updated/outputs/prbcd_miss_condition_experiments/cora_ml__20260724_160453/raw_diagnostics/inject_large_top_signal_epoch9_seed4_rep0_B500.pt
4,0,770000,500,large_only_random,9,10,0.8197628259658813,0.8201581239700317,-0.0003952980041503906,75.03890375234187,/home/hschult5/AttackerGNN/notebooks/prbcd_miss_condition_updated/outputs/prbcd_miss_condition_experiments/cora_ml__20260724_160453/raw_diagnostics/inject_large_only_random_epoch9_seed4_rep0_B500.pt
4,0,770000,500,random_unseen_control,9,10,0.8197628259658813,0.8201581239700317,-0.0003952980041503906,75.00671014003456,/home/hschult5/AttackerGNN/notebooks/prbcd_miss_condition_updated/outputs/prbcd_miss_condition_experiments/cora_ml__20260724_160453/raw_diagnostics/inject_random_unseen_control_epoch9_seed4_rep0_B500.pt
4,0,770000,500,baseline,24,0,0.8197628259658813,0.8197628259658813,0.0,75.28188529796898,
4,0,770000,500,large_final_missed,24,10,0.8197628259658813,0.8197628259658813,0.0,75.00608505867422,/home/hschult5/AttackerGNN/notebooks/prbcd_miss_condition_updated/outputs/prbcd_miss_condition_experiments/cora_ml__20260724_160453/raw_diagnostics/inject_large_final_missed_epoch24_seed4_rep0_B500.pt
4,0,770000,500,large_top_signal,24,10,0.8197628259658813,0.8197628259658813,0.0,75.08234912715852,/home/hschult5/AttackerGNN/notebooks/prbcd_miss_condition_updated/outputs/prbcd_miss_condition_experiments/cora_ml__20260724_160453/raw_diagnostics/inject_large_top_signal_epoch24_seed4_rep0_B500.pt
4,0,770000,500,large_only_random,24,10,0.8197628259658813,0.8197628259658813,0.0,75.08826798014343,/home/hschult5/AttackerGNN/notebooks/prbcd_miss_condition_updated/outputs/prbcd_miss_condition_experiments/cora_ml__20260724_160453/raw_diagnostics/inject_large_only_random_epoch24_seed4_rep0_B500.pt
4,0,770000,500,random_unseen_control,24,10,0.8197628259658813,0.8197628259658813,0.0,75.11051399074495,/home/hschult5/AttackerGNN/notebooks/prbcd_miss_condition_updated/outputs/prbcd_miss_condition_experiments/cora_ml__20260724_160453/raw_diagnostics/inject_random_unseen_control_epoch24_seed4_rep0_B500.pt
4,0,770000,500,baseline,49,0,0.8197628259658813,0.8197628259658813,0.0,75.28188529796898,
4,0,770000,500,large_final_missed,49,10,0.8197628259658813,0.8169960379600525,0.0027667880058288574,74.72421871870756,/home/hschult5/AttackerGNN/notebooks/prbcd_miss_condition_updated/outputs/prbcd_miss_condition_experiments/cora_ml__20260724_160453/raw_diagnostics/inject_large_final_missed_epoch49_seed4_rep0_B500.pt
4,0,770000,500,large_top_signal,49,10,0.8197628259658813,0.8166007995605469,0.0031620264053344727,74.48521405644715,/home/hschult5/AttackerGNN/notebooks/prbcd_miss_condition_updated/outputs/prbcd_miss_condition_experiments/cora_ml__20260724_160453/raw_diagnostics/inject_large_top_signal_epoch49_seed4_rep0_B500.pt
4,0,770000,500,large_only_random,49,10,0.8197628259658813,0.8197628259658813,0.0,74.75687540136278,/home/hschult5/AttackerGNN/notebooks/prbcd_miss_condition_updated/outputs/prbcd_miss_condition_experiments/cora_ml__20260724_160453/raw_diagnostics/inject_large_only_random_epoch49_seed4_rep0_B500.pt
4,0,770000,500,random_unseen_control,49,10,0.8197628259658813,0.8197628259658813,0.0,74.5657778903842,/home/hschult5/AttackerGNN/notebooks/prbcd_miss_condition_updated/outputs/prbcd_miss_condition_experiments/cora_ml__20260724_160453/raw_diagnostics/inject_random_unseen_control_epoch49_seed4_rep0_B500.pt
4,0,770000,500,baseline,99,0,0.8197628259658813,0.8197628259658813,0.0,75.28188529796898,
4,0,770000,500,large_final_missed,99,10,0.8197628259658813,0.8169960379600525,0.0027667880058288574,75.23654368706048,/home/hschult5/AttackerGNN/notebooks/prbcd_miss_condition_updated/outputs/prbcd_miss_condition_experiments/cora_ml__20260724_160453/raw_diagnostics/inject_large_final_missed_epoch99_seed4_rep0_B500.pt
4,0,770000,500,large_top_signal,99,10,0.8197628259658813,0.8169960379600525,0.0027667880058288574,74.14007786661386,/home/hschult5/AttackerGNN/notebooks/prbcd_miss_condition_updated/outputs/prbcd_miss_condition_experiments/cora_ml__20260724_160453/raw_diagnostics/inject_large_top_signal_epoch99_seed4_rep0_B500.pt
4,0,770000,500,large_only_random,99,10,0.8197628259658813,0.8197628259658813,0.0,73.8208182696253,/home/hschult5/AttackerGNN/notebooks/prbcd_miss_condition_updated/outputs/prbcd_miss_condition_experiments/cora_ml__20260724_160453/raw_diagnostics/inject_large_only_random_epoch99_seed4_rep0_B500.pt
4,0,770000,500,random_unseen_control,99,10,0.8197628259658813,0.8197628259658813,0.0,73.58550000377,/home/hschult5/AttackerGNN/notebooks/prbcd_miss_condition_updated/outputs/prbcd_miss_condition_experiments/cora_ml__20260724_160453/raw_diagnostics/inject_random_unseen_control_epoch99_seed4_rep0_B500.pt
4,0,770000,500,baseline,299,0,0.8197628259658813,0.8197628259658813,0.0,75.28188529796898,
4,0,770000,500,large_final_missed,299,10,0.8197628259658813,0.8197628259658813,0.0,74.11764348484576,/home/hschult5/AttackerGNN/notebooks/prbcd_miss_condition_updated/outputs/prbcd_miss_condition_experiments/cora_ml__20260724_160453/raw_diagnostics/inject_large_final_missed_epoch299_seed4_rep0_B500.pt
4,0,770000,500,large_top_signal,299,10,0.8197628259658813,0.8197628259658813,0.0,74.28888463415205,/home/hschult5/AttackerGNN/notebooks/prbcd_miss_condition_updated/outputs/prbcd_miss_condition_experiments/cora_ml__20260724_160453/raw_diagnostics/inject_large_top_signal_epoch299_seed4_rep0_B500.pt
4,0,770000,500,large_only_random,299,10,0.8197628259658813,0.8197628259658813,0.0,74.55318744853139,/home/hschult5/AttackerGNN/notebooks/prbcd_miss_condition_updated/outputs/prbcd_miss_condition_experiments/cora_ml__20260724_160453/raw_diagnostics/inject_large_only_random_epoch299_seed4_rep0_B500.pt
4,0,770000,500,random_unseen_control,299,10,0.8197628259658813,0.8197628259658813,0.0,74.49425093829632,/home/hschult5/AttackerGNN/notebooks/prbcd_miss_condition_updated/outputs/prbcd_miss_condition_experiments/cora_ml__20260724_160453/raw_diagnostics/inject_random_unseen_control_epoch299_seed4_rep0_B500.pt
4,0,770000,1000,baseline,0,0,0.8169960379600525,0.8169960379600525,0.0,75.80089861899614,
4,0,770000,1000,large_final_missed,0,10,0.8169960379600525,0.813043475151062,0.0039525628089904785,74.01829857379198,/home/hschult5/AttackerGNN/notebooks/prbcd_miss_condition_updated/outputs/prbcd_miss_condition_experiments/cora_ml__20260724_160453/raw_diagnostics/inject_large_final_missed_epoch0_seed4_rep0_B1000.pt
4,0,770000,1000,large_top_signal,0,10,0.8169960379600525,0.813834011554718,0.0031620264053344727,74.3161395099014,/home/hschult5/AttackerGNN/notebooks/prbcd_miss_condition_updated/outputs/prbcd_miss_condition_experiments/cora_ml__20260724_160453/raw_diagnostics/inject_large_top_signal_epoch0_seed4_rep0_B1000.pt
4,0,770000,1000,large_only_random,0,10,0.8169960379600525,0.8169960379600525,0.0,73.95611382648349,/home/hschult5/AttackerGNN/notebooks/prbcd_miss_condition_updated/outputs/prbcd_miss_condition_experiments/cora_ml__20260724_160453/raw_diagnostics/inject_large_only_random_epoch0_seed4_rep0_B1000.pt
4,0,770000,1000,random_unseen_control,0,10,0.8169960379600525,0.8169960379600525,0.0,73.70651322603226,/home/hschult5/AttackerGNN/notebooks/prbcd_miss_condition_updated/outputs/prbcd_miss_condition_experiments/cora_ml__20260724_160453/raw_diagnostics/inject_random_unseen_control_epoch0_seed4_rep0_B1000.pt
4,0,770000,1000,baseline,9,0,0.8169960379600525,0.8169960379600525,0.0,75.80089861899614,
4,0,770000,1000,large_final_missed,9,10,0.8169960379600525,0.8169960379600525,0.0,74.4517745487392,/home/hschult5/AttackerGNN/notebooks/prbcd_miss_condition_updated/outputs/prbcd_miss_condition_experiments/cora_ml__20260724_160453/raw_diagnostics/inject_large_final_missed_epoch9_seed4_rep0_B1000.pt
4,0,770000,1000,large_top_signal,9,10,0.8169960379600525,0.8166007995605469,0.00039523839950561523,75.72384759411216,/home/hschult5/AttackerGNN/notebooks/prbcd_miss_condition_updated/outputs/prbcd_miss_condition_experiments/cora_ml__20260724_160453/raw_diagnostics/inject_large_top_signal_epoch9_seed4_rep0_B1000.pt
4,0,770000,1000,large_only_random,9,10,0.8169960379600525,0.8173912763595581,-0.00039523839950561523,74.96608611941338,/home/hschult5/AttackerGNN/notebooks/prbcd_miss_condition_updated/outputs/prbcd_miss_condition_experiments/cora_ml__20260724_160453/raw_diagnostics/inject_large_only_random_epoch9_seed4_rep0_B1000.pt
4,0,770000,1000,random_unseen_control,9,10,0.8169960379600525,0.8173912763595581,-0.00039523839950561523,74.9048240147531,/home/hschult5/AttackerGNN/notebooks/prbcd_miss_condition_updated/outputs/prbcd_miss_condition_experiments/cora_ml__20260724_160453/raw_diagnostics/inject_random_unseen_control_epoch9_seed4_rep0_B1000.pt
4,0,770000,1000,baseline,24,0,0.8169960379600525,0.8169960379600525,0.0,75.80089861899614,
4,0,770000,1000,large_final_missed,24,10,0.8169960379600525,0.8169960379600525,0.0,75.14383406750858,/home/hschult5/AttackerGNN/notebooks/prbcd_miss_condition_updated/outputs/prbcd_miss_condition_experiments/cora_ml__20260724_160453/raw_diagnostics/inject_large_final_missed_epoch24_seed4_rep0_B1000.pt
4,0,770000,1000,large_top_signal,24,10,0.8169960379600525,0.8166007995605469,0.00039523839950561523,74.8020597435534,/home/hschult5/AttackerGNN/notebooks/prbcd_miss_condition_updated/outputs/prbcd_miss_condition_experiments/cora_ml__20260724_160453/raw_diagnostics/inject_large_top_signal_epoch24_seed4_rep0_B1000.pt
4,0,770000,1000,large_only_random,24,10,0.8169960379600525,0.8169960379600525,0.0,74.68071253597736,/home/hschult5/AttackerGNN/notebooks/prbcd_miss_condition_updated/outputs/prbcd_miss_condition_experiments/cora_ml__20260724_160453/raw_diagnostics/inject_large_only_random_epoch24_seed4_rep0_B1000.pt
4,0,770000,1000,random_unseen_control,24,10,0.8169960379600525,0.8169960379600525,0.0,74.63944199495018,/home/hschult5/AttackerGNN/notebooks/prbcd_miss_condition_updated/outputs/prbcd_miss_condition_experiments/cora_ml__20260724_160453/raw_diagnostics/inject_random_unseen_control_epoch24_seed4_rep0_B1000.pt
4,0,770000,1000,baseline,49,0,0.8169960379600525,0.8169960379600525,0.0,75.80089861899614,
4,0,770000,1000,large_final_missed,49,10,0.8169960379600525,0.813834011554718,0.0031620264053344727,75.0494479443878,/home/hschult5/AttackerGNN/notebooks/prbcd_miss_condition_updated/outputs/prbcd_miss_condition_experiments/cora_ml__20260724_160453/raw_diagnostics/inject_large_final_missed_epoch49_seed4_rep0_B1000.pt
4,0,770000,1000,large_top_signal,49,10,0.8169960379600525,0.8154150247573853,0.0015810132026672363,74.82048577256501,/home/hschult5/AttackerGNN/notebooks/prbcd_miss_condition_updated/outputs/prbcd_miss_condition_experiments/cora_ml__20260724_160453/raw_diagnostics/inject_large_top_signal_epoch49_seed4_rep0_B1000.pt
4,0,770000,1000,large_only_random,49,10,0.8169960379600525,0.8169960379600525,0.0,74.92522520385683,/home/hschult5/AttackerGNN/notebooks/prbcd_miss_condition_updated/outputs/prbcd_miss_condition_experiments/cora_ml__20260724_160453/raw_diagnostics/inject_large_only_random_epoch49_seed4_rep0_B1000.pt
4,0,770000,1000,random_unseen_control,49,10,0.8169960379600525,0.8169960379600525,0.0,75.1393369473517,/home/hschult5/AttackerGNN/notebooks/prbcd_miss_condition_updated/outputs/prbcd_miss_condition_experiments/cora_ml__20260724_160453/raw_diagnostics/inject_random_unseen_control_epoch49_seed4_rep0_B1000.pt
4,0,770000,1000,baseline,99,0,0.8169960379600525,0.8169960379600525,0.0,75.80089861899614,
4,0,770000,1000,large_final_missed,99,10,0.8169960379600525,0.8150197863578796,0.0019762516021728516,75.61837301775813,/home/hschult5/AttackerGNN/notebooks/prbcd_miss_condition_updated/outputs/prbcd_miss_condition_experiments/cora_ml__20260724_160453/raw_diagnostics/inject_large_final_missed_epoch99_seed4_rep0_B1000.pt
4,0,770000,1000,large_top_signal,99,10,0.8169960379600525,0.8166007995605469,0.00039523839950561523,75.01767299696803,/home/hschult5/AttackerGNN/notebooks/prbcd_miss_condition_updated/outputs/prbcd_miss_condition_experiments/cora_ml__20260724_160453/raw_diagnostics/inject_large_top_signal_epoch99_seed4_rep0_B1000.pt
4,0,770000,1000,large_only_random,99,10,0.8169960379600525,0.8169960379600525,0.0,76.04123914986849,/home/hschult5/AttackerGNN/notebooks/prbcd_miss_condition_updated/outputs/prbcd_miss_condition_experiments/cora_ml__20260724_160453/raw_diagnostics/inject_large_only_random_epoch99_seed4_rep0_B1000.pt
4,0,770000,1000,random_unseen_control,99,10,0.8169960379600525,0.8169960379600525,0.0,76.04844246432185,/home/hschult5/AttackerGNN/notebooks/prbcd_miss_condition_updated/outputs/prbcd_miss_condition_experiments/cora_ml__20260724_160453/raw_diagnostics/inject_random_unseen_control_epoch99_seed4_rep0_B1000.pt
4,0,770000,1000,baseline,299,0,0.8169960379600525,0.8169960379600525,0.0,75.80089861899614,
4,0,770000,1000,large_final_missed,299,10,0.8169960379600525,0.8169960379600525,0.0,75.46788856759667,/home/hschult5/AttackerGNN/notebooks/prbcd_miss_condition_updated/outputs/prbcd_miss_condition_experiments/cora_ml__20260724_160453/raw_diagnostics/inject_large_final_missed_epoch299_seed4_rep0_B1000.pt
4,0,770000,1000,large_top_signal,299,10,0.8169960379600525,0.8169960379600525,0.0,75.69228839874268,/home/hschult5/AttackerGNN/notebooks/prbcd_miss_condition_updated/outputs/prbcd_miss_condition_experiments/cora_ml__20260724_160453/raw_diagnostics/inject_large_top_signal_epoch299_seed4_rep0_B1000.pt
4,0,770000,1000,large_only_random,299,10,0.8169960379600525,0.8169960379600525,0.0,74.97079855203629,/home/hschult5/AttackerGNN/notebooks/prbcd_miss_condition_updated/outputs/prbcd_miss_condition_experiments/cora_ml__20260724_160453/raw_diagnostics/inject_large_only_random_epoch299_seed4_rep0_B1000.pt
4,0,770000,1000,random_unseen_control,299,10,0.8169960379600525,0.8169960379600525,0.0,75.41752212494612,/home/hschult5/AttackerGNN/notebooks/prbcd_miss_condition_updated/outputs/prbcd_miss_condition_experiments/cora_ml__20260724_160453/raw_diagnostics/inject_random_unseen_control_epoch299_seed4_rep0_B1000.pt
4,0,770000,2000,baseline,0,0,0.8083003759384155,0.8083003759384155,0.0,77.9335278980434,
4,0,770000,2000,large_final_missed,0,10,0.8083003759384155,0.8071146011352539,0.001185774803161621,77.86895852722228,/home/hschult5/AttackerGNN/notebooks/prbcd_miss_condition_updated/outputs/prbcd_miss_condition_experiments/cora_ml__20260724_160453/raw_diagnostics/inject_large_final_missed_epoch0_seed4_rep0_B2000.pt
4,0,770000,2000,large_top_signal,0,10,0.8083003759384155,0.8067193627357483,0.0015810132026672363,76.44258026406169,/home/hschult5/AttackerGNN/notebooks/prbcd_miss_condition_updated/outputs/prbcd_miss_condition_experiments/cora_ml__20260724_160453/raw_diagnostics/inject_large_top_signal_epoch0_seed4_rep0_B2000.pt
4,0,770000,2000,large_only_random,0,10,0.8083003759384155,0.8083003759384155,0.0,75.6043674312532,/home/hschult5/AttackerGNN/notebooks/prbcd_miss_condition_updated/outputs/prbcd_miss_condition_experiments/cora_ml__20260724_160453/raw_diagnostics/inject_large_only_random_epoch0_seed4_rep0_B2000.pt
4,0,770000,2000,random_unseen_control,0,10,0.8083003759384155,0.8083003759384155,0.0,76.57157102972269,/home/hschult5/AttackerGNN/notebooks/prbcd_miss_condition_updated/outputs/prbcd_miss_condition_experiments/cora_ml__20260724_160453/raw_diagnostics/inject_random_unseen_control_epoch0_seed4_rep0_B2000.pt
4,0,770000,2000,baseline,9,0,0.8083003759384155,0.8083003759384155,0.0,77.9335278980434,
4,0,770000,2000,large_final_missed,9,10,0.8083003759384155,0.8075098991394043,0.0007904767990112305,75.30448479391634,/home/hschult5/AttackerGNN/notebooks/prbcd_miss_condition_updated/outputs/prbcd_miss_condition_experiments/cora_ml__20260724_160453/raw_diagnostics/inject_large_final_missed_epoch9_seed4_rep0_B2000.pt
4,0,770000,2000,large_top_signal,9,10,0.8083003759384155,0.8083003759384155,0.0,76.74988530948758,/home/hschult5/AttackerGNN/notebooks/prbcd_miss_condition_updated/outputs/prbcd_miss_condition_experiments/cora_ml__20260724_160453/raw_diagnostics/inject_large_top_signal_epoch9_seed4_rep0_B2000.pt
4,0,770000,2000,large_only_random,9,10,0.8083003759384155,0.8083003759384155,0.0,76.77169778384268,/home/hschult5/AttackerGNN/notebooks/prbcd_miss_condition_updated/outputs/prbcd_miss_condition_experiments/cora_ml__20260724_160453/raw_diagnostics/inject_large_only_random_epoch9_seed4_rep0_B2000.pt
4,0,770000,2000,random_unseen_control,9,10,0.8083003759384155,0.8083003759384155,0.0,76.25692407228053,/home/hschult5/AttackerGNN/notebooks/prbcd_miss_condition_updated/outputs/prbcd_miss_condition_experiments/cora_ml__20260724_160453/raw_diagnostics/inject_random_unseen_control_epoch9_seed4_rep0_B2000.pt
4,0,770000,2000,baseline,24,0,0.8083003759384155,0.8083003759384155,0.0,77.9335278980434,
4,0,770000,2000,large_final_missed,24,10,0.8083003759384155,0.8079051375389099,0.00039523839950561523,75.50050444342196,/home/hschult5/AttackerGNN/notebooks/prbcd_miss_condition_updated/outputs/prbcd_miss_condition_experiments/cora_ml__20260724_160453/raw_diagnostics/inject_large_final_missed_epoch24_seed4_rep0_B2000.pt
4,0,770000,2000,large_top_signal,24,10,0.8083003759384155,0.8083003759384155,0.0,76.58659880235791,/home/hschult5/AttackerGNN/notebooks/prbcd_miss_condition_updated/outputs/prbcd_miss_condition_experiments/cora_ml__20260724_160453/raw_diagnostics/inject_large_top_signal_epoch24_seed4_rep0_B2000.pt
4,0,770000,2000,large_only_random,24,10,0.8083003759384155,0.8083003759384155,0.0,76.33132906630635,/home/hschult5/AttackerGNN/notebooks/prbcd_miss_condition_updated/outputs/prbcd_miss_condition_experiments/cora_ml__20260724_160453/raw_diagnostics/inject_large_only_random_epoch24_seed4_rep0_B2000.pt
4,0,770000,2000,random_unseen_control,24,10,0.8083003759384155,0.8083003759384155,0.0,76.25496049039066,/home/hschult5/AttackerGNN/notebooks/prbcd_miss_condition_updated/outputs/prbcd_miss_condition_experiments/cora_ml__20260724_160453/raw_diagnostics/inject_random_unseen_control_epoch24_seed4_rep0_B2000.pt
4,0,770000,2000,baseline,49,0,0.8083003759384155,0.8083003759384155,0.0,77.9335278980434,
4,0,770000,2000,large_final_missed,49,10,0.8083003759384155,0.8071146011352539,0.001185774803161621,76.15973591059446,/home/hschult5/AttackerGNN/notebooks/prbcd_miss_condition_updated/outputs/prbcd_miss_condition_experiments/cora_ml__20260724_160453/raw_diagnostics/inject_large_final_missed_epoch49_seed4_rep0_B2000.pt
4,0,770000,2000,large_top_signal,49,10,0.8083003759384155,0.8079051375389099,0.00039523839950561523,75.04619714431465,/home/hschult5/AttackerGNN/notebooks/prbcd_miss_condition_updated/outputs/prbcd_miss_condition_experiments/cora_ml__20260724_160453/raw_diagnostics/inject_large_top_signal_epoch49_seed4_rep0_B2000.pt
4,0,770000,2000,large_only_random,49,10,0.8083003759384155,0.8083003759384155,0.0,76.27839784324169,/home/hschult5/AttackerGNN/notebooks/prbcd_miss_condition_updated/outputs/prbcd_miss_condition_experiments/cora_ml__20260724_160453/raw_diagnostics/inject_large_only_random_epoch49_seed4_rep0_B2000.pt
4,0,770000,2000,random_unseen_control,49,10,0.8083003759384155,0.8083003759384155,0.0,76.55114001780748,/home/hschult5/AttackerGNN/notebooks/prbcd_miss_condition_updated/outputs/prbcd_miss_condition_experiments/cora_ml__20260724_160453/raw_diagnostics/inject_random_unseen_control_epoch49_seed4_rep0_B2000.pt
4,0,770000,2000,baseline,99,0,0.8083003759384155,0.8083003759384155,0.0,77.9335278980434,
4,0,770000,2000,large_final_missed,99,10,0.8083003759384155,0.8083003759384155,0.0,76.2897729780525,/home/hschult5/AttackerGNN/notebooks/prbcd_miss_condition_updated/outputs/prbcd_miss_condition_experiments/cora_ml__20260724_160453/raw_diagnostics/inject_large_final_missed_epoch99_seed4_rep0_B2000.pt
4,0,770000,2000,large_top_signal,99,10,0.8083003759384155,0.8083003759384155,0.0,76.7706837952137,/home/hschult5/AttackerGNN/notebooks/prbcd_miss_condition_updated/outputs/prbcd_miss_condition_experiments/cora_ml__20260724_160453/raw_diagnostics/inject_large_top_signal_epoch99_seed4_rep0_B2000.pt
4,0,770000,2000,large_only_random,99,10,0.8083003759384155,0.8083003759384155,0.0,76.26985668577254,/home/hschult5/AttackerGNN/notebooks/prbcd_miss_condition_updated/outputs/prbcd_miss_condition_experiments/cora_ml__20260724_160453/raw_diagnostics/inject_large_only_random_epoch99_seed4_rep0_B2000.pt
4,0,770000,2000,random_unseen_control,99,10,0.8083003759384155,0.8083003759384155,0.0,76.57268472388387,/home/hschult5/AttackerGNN/notebooks/prbcd_miss_condition_updated/outputs/prbcd_miss_condition_experiments/cora_ml__20260724_160453/raw_diagnostics/inject_random_unseen_control_epoch99_seed4_rep0_B2000.pt
4,0,770000,2000,baseline,299,0,0.8083003759384155,0.8083003759384155,0.0,77.9335278980434,
4,0,770000,2000,large_final_missed,299,10,0.8083003759384155,0.8083003759384155,0.0,76.0056658424437,/home/hschult5/AttackerGNN/notebooks/prbcd_miss_condition_updated/outputs/prbcd_miss_condition_experiments/cora_ml__20260724_160453/raw_diagnostics/inject_large_final_missed_epoch299_seed4_rep0_B2000.pt
4,0,770000,2000,large_top_signal,299,10,0.8083003759384155,0.8083003759384155,0.0,75.65271528437734,/home/hschult5/AttackerGNN/notebooks/prbcd_miss_condition_updated/outputs/prbcd_miss_condition_experiments/cora_ml__20260724_160453/raw_diagnostics/inject_large_top_signal_epoch299_seed4_rep0_B2000.pt
4,0,770000,2000,large_only_random,299,10,0.8083003759384155,0.8083003759384155,0.0,77.00841038301587,/home/hschult5/AttackerGNN/notebooks/prbcd_miss_condition_updated/outputs/prbcd_miss_condition_experiments/cora_ml__20260724_160453/raw_diagnostics/inject_large_only_random_epoch299_seed4_rep0_B2000.pt
4,0,770000,2000,random_unseen_control,299,10,0.8083003759384155,0.8083003759384155,0.0,76.94900894723833,/home/hschult5/AttackerGNN/notebooks/prbcd_miss_condition_updated/outputs/prbcd_miss_condition_experiments/cora_ml__20260724_160453/raw_diagnostics/inject_random_unseen_control_epoch299_seed4_rep0_B2000.pt
4,0,770000,3000,baseline,0,0,0.8011857867240906,0.8011857867240906,0.0,78.31333861127496,
4,0,770000,3000,large_final_missed,0,10,0.8011857867240906,0.8007904887199402,0.0003952980041503906,76.87479844689369,/home/hschult5/AttackerGNN/notebooks/prbcd_miss_condition_updated/outputs/prbcd_miss_condition_experiments/cora_ml__20260724_160453/raw_diagnostics/inject_large_final_missed_epoch0_seed4_rep0_B3000.pt
4,0,770000,3000,large_top_signal,0,10,0.8011857867240906,0.8007904887199402,0.0003952980041503906,76.62777073308825,/home/hschult5/AttackerGNN/notebooks/prbcd_miss_condition_updated/outputs/prbcd_miss_condition_experiments/cora_ml__20260724_160453/raw_diagnostics/inject_large_top_signal_epoch0_seed4_rep0_B3000.pt
4,0,770000,3000,large_only_random,0,10,0.8011857867240906,0.8011857867240906,0.0,76.59379961900413,/home/hschult5/AttackerGNN/notebooks/prbcd_miss_condition_updated/outputs/prbcd_miss_condition_experiments/cora_ml__20260724_160453/raw_diagnostics/inject_large_only_random_epoch0_seed4_rep0_B3000.pt
4,0,770000,3000,random_unseen_control,0,10,0.8011857867240906,0.8011857867240906,0.0,76.34257910773158,/home/hschult5/AttackerGNN/notebooks/prbcd_miss_condition_updated/outputs/prbcd_miss_condition_experiments/cora_ml__20260724_160453/raw_diagnostics/inject_random_unseen_control_epoch0_seed4_rep0_B3000.pt
4,0,770000,3000,baseline,9,0,0.8011857867240906,0.8011857867240906,0.0,78.31333861127496,
4,0,770000,3000,large_final_missed,9,10,0.8011857867240906,0.7996047139167786,0.0015810728073120117,77.16135340183973,/home/hschult5/AttackerGNN/notebooks/prbcd_miss_condition_updated/outputs/prbcd_miss_condition_experiments/cora_ml__20260724_160453/raw_diagnostics/inject_large_final_missed_epoch9_seed4_rep0_B3000.pt
4,0,770000,3000,large_top_signal,9,10,0.8011857867240906,0.8007904887199402,0.0003952980041503906,76.7801506370306,/home/hschult5/AttackerGNN/notebooks/prbcd_miss_condition_updated/outputs/prbcd_miss_condition_experiments/cora_ml__20260724_160453/raw_diagnostics/inject_large_top_signal_epoch9_seed4_rep0_B3000.pt
4,0,770000,3000,large_only_random,9,10,0.8011857867240906,0.8011857867240906,0.0,76.8783453926444,/home/hschult5/AttackerGNN/notebooks/prbcd_miss_condition_updated/outputs/prbcd_miss_condition_experiments/cora_ml__20260724_160453/raw_diagnostics/inject_large_only_random_epoch9_seed4_rep0_B3000.pt
4,0,770000,3000,random_unseen_control,9,10,0.8011857867240906,0.8011857867240906,0.0,76.90836049616337,/home/hschult5/AttackerGNN/notebooks/prbcd_miss_condition_updated/outputs/prbcd_miss_condition_experiments/cora_ml__20260724_160453/raw_diagnostics/inject_random_unseen_control_epoch9_seed4_rep0_B3000.pt
4,0,770000,3000,baseline,24,0,0.8011857867240906,0.8011857867240906,0.0,78.31333861127496,
4,0,770000,3000,large_final_missed,24,10,0.8011857867240906,0.7996047139167786,0.0015810728073120117,76.85430277884007,/home/hschult5/AttackerGNN/notebooks/prbcd_miss_condition_updated/outputs/prbcd_miss_condition_experiments/cora_ml__20260724_160453/raw_diagnostics/inject_large_final_missed_epoch24_seed4_rep0_B3000.pt
4,0,770000,3000,large_top_signal,24,10,0.8011857867240906,0.8015810251235962,-0.00039523839950561523,76.8123517241329,/home/hschult5/AttackerGNN/notebooks/prbcd_miss_condition_updated/outputs/prbcd_miss_condition_experiments/cora_ml__20260724_160453/raw_diagnostics/inject_large_top_signal_epoch24_seed4_rep0_B3000.pt
4,0,770000,3000,large_only_random,24,10,0.8011857867240906,0.8011857867240906,0.0,76.766078626737,/home/hschult5/AttackerGNN/notebooks/prbcd_miss_condition_updated/outputs/prbcd_miss_condition_experiments/cora_ml__20260724_160453/raw_diagnostics/inject_large_only_random_epoch24_seed4_rep0_B3000.pt
4,0,770000,3000,random_unseen_control,24,10,0.8011857867240906,0.8011857867240906,0.0,76.90581408515573,/home/hschult5/AttackerGNN/notebooks/prbcd_miss_condition_updated/outputs/prbcd_miss_condition_experiments/cora_ml__20260724_160453/raw_diagnostics/inject_random_unseen_control_epoch24_seed4_rep0_B3000.pt
4,0,770000,3000,baseline,49,0,0.8011857867240906,0.8011857867240906,0.0,78.31333861127496,
4,0,770000,3000,large_final_missed,49,10,0.8011857867240906,0.8011857867240906,0.0,76.65014407038689,/home/hschult5/AttackerGNN/notebooks/prbcd_miss_condition_updated/outputs/prbcd_miss_condition_experiments/cora_ml__20260724_160453/raw_diagnostics/inject_large_final_missed_epoch49_seed4_rep0_B3000.pt
4,0,770000,3000,large_top_signal,49,10,0.8011857867240906,0.8011857867240906,0.0,76.51734848693013,/home/hschult5/AttackerGNN/notebooks/prbcd_miss_condition_updated/outputs/prbcd_miss_condition_experiments/cora_ml__20260724_160453/raw_diagnostics/inject_large_top_signal_epoch49_seed4_rep0_B3000.pt
4,0,770000,3000,large_only_random,49,10,0.8011857867240906,0.8011857867240906,0.0,76.35802816040814,/home/hschult5/AttackerGNN/notebooks/prbcd_miss_condition_updated/outputs/prbcd_miss_condition_experiments/cora_ml__20260724_160453/raw_diagnostics/inject_large_only_random_epoch49_seed4_rep0_B3000.pt
4,0,770000,3000,random_unseen_control,49,10,0.8011857867240906,0.8011857867240906,0.0,76.25853603333235,/home/hschult5/AttackerGNN/notebooks/prbcd_miss_condition_updated/outputs/prbcd_miss_condition_experiments/cora_ml__20260724_160453/raw_diagnostics/inject_random_unseen_control_epoch49_seed4_rep0_B3000.pt
4,0,770000,3000,baseline,99,0,0.8011857867240906,0.8011857867240906,0.0,78.31333861127496,
4,0,770000,3000,large_final_missed,99,10,0.8011857867240906,0.8011857867240906,0.0,76.34925094246864,/home/hschult5/AttackerGNN/notebooks/prbcd_miss_condition_updated/outputs/prbcd_miss_condition_experiments/cora_ml__20260724_160453/raw_diagnostics/inject_large_final_missed_epoch99_seed4_rep0_B3000.pt
4,0,770000,3000,large_top_signal,99,10,0.8011857867240906,0.8011857867240906,0.0,76.26513283140957,/home/hschult5/AttackerGNN/notebooks/prbcd_miss_condition_updated/outputs/prbcd_miss_condition_experiments/cora_ml__20260724_160453/raw_diagnostics/inject_large_top_signal_epoch99_seed4_rep0_B3000.pt
4,0,770000,3000,large_only_random,99,10,0.8011857867240906,0.8011857867240906,0.0,76.24797764979303,/home/hschult5/AttackerGNN/notebooks/prbcd_miss_condition_updated/outputs/prbcd_miss_condition_experiments/cora_ml__20260724_160453/raw_diagnostics/inject_large_only_random_epoch99_seed4_rep0_B3000.pt
4,0,770000,3000,random_unseen_control,99,10,0.8011857867240906,0.8011857867240906,0.0,76.20962092652917,/home/hschult5/AttackerGNN/notebooks/prbcd_miss_condition_updated/outputs/prbcd_miss_condition_experiments/cora_ml__20260724_160453/raw_diagnostics/inject_random_unseen_control_epoch99_seed4_rep0_B3000.pt
4,0,770000,3000,baseline,299,0,0.8011857867240906,0.8011857867240906,0.0,78.31333861127496,
4,0,770000,3000,large_final_missed,299,10,0.8011857867240906,0.8011857867240906,0.0,74.54893480800092,/home/hschult5/AttackerGNN/notebooks/prbcd_miss_condition_updated/outputs/prbcd_miss_condition_experiments/cora_ml__20260724_160453/raw_diagnostics/inject_large_final_missed_epoch299_seed4_rep0_B3000.pt
4,0,770000,3000,large_top_signal,299,10,0.8011857867240906,0.8011857867240906,0.0,73.73000222817063,/home/hschult5/AttackerGNN/notebooks/prbcd_miss_condition_updated/outputs/prbcd_miss_condition_experiments/cora_ml__20260724_160453/raw_diagnostics/inject_large_top_signal_epoch299_seed4_rep0_B3000.pt
4,0,770000,3000,large_only_random,299,10,0.8011857867240906,0.8011857867240906,0.0,73.85163821838796,/home/hschult5/AttackerGNN/notebooks/prbcd_miss_condition_updated/outputs/prbcd_miss_condition_experiments/cora_ml__20260724_160453/raw_diagnostics/inject_large_only_random_epoch299_seed4_rep0_B3000.pt
4,0,770000,3000,random_unseen_control,299,10,0.8011857867240906,0.8011857867240906,0.0,73.47957810945809,/home/hschult5/AttackerGNN/notebooks/prbcd_miss_condition_updated/outputs/prbcd_miss_condition_experiments/cora_ml__20260724_160453/raw_diagnostics/inject_random_unseen_control_epoch299_seed4_rep0_B3000.pt
4,0,770000,4000,baseline,0,0,0.7996047139167786,0.7996047139167786,0.0,78.25503102689981,
4,0,770000,4000,large_final_missed,0,10,0.7996047139167786,0.7964426875114441,0.0031620264053344727,74.92854298092425,/home/hschult5/AttackerGNN/notebooks/prbcd_miss_condition_updated/outputs/prbcd_miss_condition_experiments/cora_ml__20260724_160453/raw_diagnostics/inject_large_final_missed_epoch0_seed4_rep0_B4000.pt
4,0,770000,4000,large_top_signal,0,10,0.7996047139167786,0.7976284623146057,0.0019762516021728516,74.62862345390022,/home/hschult5/AttackerGNN/notebooks/prbcd_miss_condition_updated/outputs/prbcd_miss_condition_experiments/cora_ml__20260724_160453/raw_diagnostics/inject_large_top_signal_epoch0_seed4_rep0_B4000.pt
4,0,770000,4000,large_only_random,0,10,0.7996047139167786,0.7996047139167786,0.0,74.77227838896215,/home/hschult5/AttackerGNN/notebooks/prbcd_miss_condition_updated/outputs/prbcd_miss_condition_experiments/cora_ml__20260724_160453/raw_diagnostics/inject_large_only_random_epoch0_seed4_rep0_B4000.pt
4,0,770000,4000,random_unseen_control,0,10,0.7996047139167786,0.7996047139167786,0.0,74.3059524409473,/home/hschult5/AttackerGNN/notebooks/prbcd_miss_condition_updated/outputs/prbcd_miss_condition_experiments/cora_ml__20260724_160453/raw_diagnostics/inject_random_unseen_control_epoch0_seed4_rep0_B4000.pt
4,0,770000,4000,baseline,9,0,0.7996047139167786,0.7996047139167786,0.0,78.25503102689981,
4,0,770000,4000,large_final_missed,9,10,0.7996047139167786,0.7996047139167786,0.0,74.45668022707105,/home/hschult5/AttackerGNN/notebooks/prbcd_miss_condition_updated/outputs/prbcd_miss_condition_experiments/cora_ml__20260724_160453/raw_diagnostics/inject_large_final_missed_epoch9_seed4_rep0_B4000.pt
4,0,770000,4000,large_top_signal,9,10,0.7996047139167786,0.800000011920929,-0.0003952980041503906,74.50509208068252,/home/hschult5/AttackerGNN/notebooks/prbcd_miss_condition_updated/outputs/prbcd_miss_condition_experiments/cora_ml__20260724_160453/raw_diagnostics/inject_large_top_signal_epoch9_seed4_rep0_B4000.pt
4,0,770000,4000,large_only_random,9,10,0.7996047139167786,0.7996047139167786,0.0,74.65030760318041,/home/hschult5/AttackerGNN/notebooks/prbcd_miss_condition_updated/outputs/prbcd_miss_condition_experiments/cora_ml__20260724_160453/raw_diagnostics/inject_large_only_random_epoch9_seed4_rep0_B4000.pt
4,0,770000,4000,random_unseen_control,9,10,0.7996047139167786,0.7996047139167786,0.0,74.43751937523484,/home/hschult5/AttackerGNN/notebooks/prbcd_miss_condition_updated/outputs/prbcd_miss_condition_experiments/cora_ml__20260724_160453/raw_diagnostics/inject_random_unseen_control_epoch9_seed4_rep0_B4000.pt
4,0,770000,4000,baseline,24,0,0.7996047139167786,0.7996047139167786,0.0,78.25503102689981,
4,0,770000,4000,large_final_missed,24,10,0.7996047139167786,0.7980237007141113,0.0015810132026672363,76.62928308919072,/home/hschult5/AttackerGNN/notebooks/prbcd_miss_condition_updated/outputs/prbcd_miss_condition_experiments/cora_ml__20260724_160453/raw_diagnostics/inject_large_final_missed_epoch24_seed4_rep0_B4000.pt
4,0,770000,4000,large_top_signal,24,10,0.7996047139167786,0.7996047139167786,0.0,76.48580464348197,/home/hschult5/AttackerGNN/notebooks/prbcd_miss_condition_updated/outputs/prbcd_miss_condition_experiments/cora_ml__20260724_160453/raw_diagnostics/inject_large_top_signal_epoch24_seed4_rep0_B4000.pt
4,0,770000,4000,large_only_random,24,10,0.7996047139167786,0.7996047139167786,0.0,76.55819706991315,/home/hschult5/AttackerGNN/notebooks/prbcd_miss_condition_updated/outputs/prbcd_miss_condition_experiments/cora_ml__20260724_160453/raw_diagnostics/inject_large_only_random_epoch24_seed4_rep0_B4000.pt
4,0,770000,4000,random_unseen_control,24,10,0.7996047139167786,0.7996047139167786,0.0,76.76735298894346,/home/hschult5/AttackerGNN/notebooks/prbcd_miss_condition_updated/outputs/prbcd_miss_condition_experiments/cora_ml__20260724_160453/raw_diagnostics/inject_random_unseen_control_epoch24_seed4_rep0_B4000.pt
4,0,770000,4000,baseline,49,0,0.7996047139167786,0.7996047139167786,0.0,78.25503102689981,
4,0,770000,4000,large_final_missed,49,10,0.7996047139167786,0.7980237007141113,0.0015810132026672363,76.66302787512541,/home/hschult5/AttackerGNN/notebooks/prbcd_miss_condition_updated/outputs/prbcd_miss_condition_experiments/cora_ml__20260724_160453/raw_diagnostics/inject_large_final_missed_epoch49_seed4_rep0_B4000.pt
4,0,770000,4000,large_top_signal,49,10,0.7996047139167786,0.7996047139167786,0.0,76.51905477419496,/home/hschult5/AttackerGNN/notebooks/prbcd_miss_condition_updated/outputs/prbcd_miss_condition_experiments/cora_ml__20260724_160453/raw_diagnostics/inject_large_top_signal_epoch49_seed4_rep0_B4000.pt
4,0,770000,4000,large_only_random,49,10,0.7996047139167786,0.7996047139167786,0.0,76.64970849640667,/home/hschult5/AttackerGNN/notebooks/prbcd_miss_condition_updated/outputs/prbcd_miss_condition_experiments/cora_ml__20260724_160453/raw_diagnostics/inject_large_only_random_epoch49_seed4_rep0_B4000.pt
4,0,770000,4000,random_unseen_control,49,10,0.7996047139167786,0.7996047139167786,0.0,76.42978418432176,/home/hschult5/AttackerGNN/notebooks/prbcd_miss_condition_updated/outputs/prbcd_miss_condition_experiments/cora_ml__20260724_160453/raw_diagnostics/inject_random_unseen_control_epoch49_seed4_rep0_B4000.pt
4,0,770000,4000,baseline,99,0,0.7996047139167786,0.7996047139167786,0.0,78.25503102689981,
4,0,770000,4000,large_final_missed,99,10,0.7996047139167786,0.7996047139167786,0.0,76.39584043994546,/home/hschult5/AttackerGNN/notebooks/prbcd_miss_condition_updated/outputs/prbcd_miss_condition_experiments/cora_ml__20260724_160453/raw_diagnostics/inject_large_final_missed_epoch99_seed4_rep0_B4000.pt
4,0,770000,4000,large_top_signal,99,10,0.7996047139167786,0.7996047139167786,0.0,76.56841673329473,/home/hschult5/AttackerGNN/notebooks/prbcd_miss_condition_updated/outputs/prbcd_miss_condition_experiments/cora_ml__20260724_160453/raw_diagnostics/inject_large_top_signal_epoch99_seed4_rep0_B4000.pt
4,0,770000,4000,large_only_random,99,10,0.7996047139167786,0.7996047139167786,0.0,76.56493550911546,/home/hschult5/AttackerGNN/notebooks/prbcd_miss_condition_updated/outputs/prbcd_miss_condition_experiments/cora_ml__20260724_160453/raw_diagnostics/inject_large_only_random_epoch99_seed4_rep0_B4000.pt
4,0,770000,4000,random_unseen_control,99,10,0.7996047139167786,0.7996047139167786,0.0,76.93294587731361,/home/hschult5/AttackerGNN/notebooks/prbcd_miss_condition_updated/outputs/prbcd_miss_condition_experiments/cora_ml__20260724_160453/raw_diagnostics/inject_random_unseen_control_epoch99_seed4_rep0_B4000.pt
4,0,770000,4000,baseline,299,0,0.7996047139167786,0.7996047139167786,0.0,78.25503102689981,
4,0,770000,4000,large_final_missed,299,10,0.7996047139167786,0.7996047139167786,0.0,76.9325113799423,/home/hschult5/AttackerGNN/notebooks/prbcd_miss_condition_updated/outputs/prbcd_miss_condition_experiments/cora_ml__20260724_160453/raw_diagnostics/inject_large_final_missed_epoch299_seed4_rep0_B4000.pt
4,0,770000,4000,large_top_signal,299,10,0.7996047139167786,0.7996047139167786,0.0,76.56827356293797,/home/hschult5/AttackerGNN/notebooks/prbcd_miss_condition_updated/outputs/prbcd_miss_condition_experiments/cora_ml__20260724_160453/raw_diagnostics/inject_large_top_signal_epoch299_seed4_rep0_B4000.pt
4,0,770000,4000,large_only_random,299,10,0.7996047139167786,0.7996047139167786,0.0,75.31747614406049,/home/hschult5/AttackerGNN/notebooks/prbcd_miss_condition_updated/outputs/prbcd_miss_condition_experiments/cora_ml__20260724_160453/raw_diagnostics/inject_large_only_random_epoch299_seed4_rep0_B4000.pt
4,0,770000,4000,random_unseen_control,299,10,0.7996047139167786,0.7996047139167786,0.0,75.12049111165106,/home/hschult5/AttackerGNN/notebooks/prbcd_miss_condition_updated/outputs/prbcd_miss_condition_experiments/cora_ml__20260724_160453/raw_diagnostics/inject_random_unseen_control_epoch299_seed4_rep0_B4000.pt
