candidate_set_size,scoring_mode,block,resampling_enabled,prbcd_epoch,block_size_mean,block_size_std,accuracy_drop_mean,accuracy_drop_std,fraction_retained_mean,fraction_retained_std
2500,endpoint,group_harmful,False,-1,334.2,41.3726963104896,0.0,0.0,1.0,0.0
2500,endpoint,group_harmful,False,0,334.2,41.3726963104896,7.905960083007813e-05,0.00017678264173005349,1.0,0.0
2500,endpoint,group_harmful,False,1,334.2,41.3726963104896,0.0011067152023315429,0.0007070389372379285,1.0,0.0
2500,endpoint,group_harmful,False,2,334.2,41.3726963104896,0.0026877403259277345,0.0020614027292265164,1.0,0.0
2500,endpoint,group_harmful,False,3,334.2,41.3726963104896,0.004664039611816407,0.0033932280477298633,1.0,0.0
2500,endpoint,group_harmful,False,4,334.2,41.3726963104896,0.005770754814147949,0.0035528859515734563,1.0,0.0
2500,endpoint,group_harmful,False,5,334.2,41.3726963104896,0.006482219696044922,0.0031570964246243234,1.0,0.0
2500,endpoint,group_harmful,False,6,334.2,41.3726963104896,0.007747042179107666,0.003157097917010723,1.0,0.0
2500,endpoint,group_harmful,False,7,334.2,41.3726963104896,0.009090912342071534,0.003330479426045141,1.0,0.0
2500,endpoint,group_harmful,False,8,334.2,41.3726963104896,0.009802377223968506,0.00350644349748448,1.0,0.0
2500,endpoint,group_harmful,False,9,334.2,41.3726963104896,0.010592889785766602,0.0031793007952816343,1.0,0.0
2500,endpoint,group_harmful,False,10,334.2,41.3726963104896,0.011620557308197022,0.0034751264429498403,1.0,0.0
2500,endpoint,group_harmful,False,11,334.2,41.3726963104896,0.012252962589263916,0.003174388365594822,1.0,0.0
2500,endpoint,group_harmful,False,12,334.2,41.3726963104896,0.013359689712524414,0.0037539090620651344,1.0,0.0
2500,endpoint,group_harmful,False,13,334.2,41.3726963104896,0.013754940032958985,0.003764306203882663,1.0,0.0
2500,endpoint,group_harmful,False,14,334.2,41.3726963104896,0.014229238033294678,0.0040405381592201065,1.0,0.0
2500,endpoint,group_harmful,False,15,334.2,41.3726963104896,0.01517786979675293,0.003429872129338449,1.0,0.0
2500,endpoint,group_harmful,False,16,334.2,41.3726963104896,0.0158893346786499,0.0034616006653089117,1.0,0.0
2500,endpoint,group_harmful,False,17,334.2,41.3726963104896,0.01620553731918335,0.003770508983383733,1.0,0.0
2500,endpoint,group_harmful,False,18,334.2,41.3726963104896,0.016996049880981447,0.003676115456263214,1.0,0.0
2500,endpoint,group_harmful,False,19,334.2,41.3726963104896,0.017549407482147217,0.004055976775134769,1.0,0.0
2500,endpoint,group_harmful,False,20,334.2,41.3726963104896,0.017865610122680665,0.003986044545542315,1.0,0.0
2500,endpoint,group_harmful,False,21,334.2,41.3726963104896,0.01810276508331299,0.003906848386447239,1.0,0.0
2500,endpoint,group_harmful,False,22,334.2,41.3726963104896,0.018577075004577635,0.0037393260436660125,1.0,0.0
2500,endpoint,group_harmful,False,23,334.2,41.3726963104896,0.019446635246276857,0.004044383241402606,1.0,0.0
2500,endpoint,group_harmful,False,24,334.2,41.3726963104896,0.019762861728668212,0.00395258069052323,1.0,0.0
2500,endpoint,group_harmful,False,25,334.2,41.3726963104896,0.02007904052734375,0.0041774039648635256,1.0,0.0
2500,endpoint,group_harmful,False,26,334.2,41.3726963104896,0.020474302768707275,0.0040055578362782245,1.0,0.0
2500,endpoint,group_harmful,False,27,334.2,41.3726963104896,0.021027660369873045,0.0037746616005304716,1.0,0.0
2500,endpoint,group_harmful,False,28,334.2,41.3726963104896,0.02134387493133545,0.003922827300102753,1.0,0.0
2500,endpoint,group_harmful,False,29,334.2,41.3726963104896,0.021739137172698975,0.003306949523644535,1.0,0.0
2500,endpoint,group_harmful,False,30,334.2,41.3726963104896,0.022292494773864746,0.004132288213616698,1.0,0.0
2500,endpoint,group_harmful,False,31,334.2,41.3726963104896,0.02237154245376587,0.0038787445841522634,1.0,0.0
2500,endpoint,group_harmful,False,32,334.2,41.3726963104896,0.022687757015228273,0.004084739656742227,1.0,0.0
2500,endpoint,group_harmful,False,33,334.2,41.3726963104896,0.023241114616394044,0.004387163395323767,1.0,0.0
2500,endpoint,group_harmful,False,34,334.2,41.3726963104896,0.023636364936828615,0.004621286191069589,1.0,0.0
2500,endpoint,group_harmful,False,35,334.2,41.3726963104896,0.02371542453765869,0.0046263696506147305,1.0,0.0
2500,endpoint,group_harmful,False,36,334.2,41.3726963104896,0.023952579498291014,0.004299064151351032,1.0,0.0
2500,endpoint,group_harmful,False,37,334.2,41.3726963104896,0.02411067485809326,0.004463091581185331,1.0,0.0
2500,endpoint,group_harmful,False,38,334.2,41.3726963104896,0.02411067485809326,0.00423868196782004,1.0,0.0
2500,endpoint,group_harmful,False,39,334.2,41.3726963104896,0.024189722537994385,0.004233150222539903,1.0,0.0
2500,endpoint,group_harmful,False,40,334.2,41.3726963104896,0.02466404438018799,0.004380048861420272,1.0,0.0
2500,endpoint,group_harmful,False,41,334.2,41.3726963104896,0.024822139739990236,0.004324412167914215,1.0,0.0
2500,endpoint,group_harmful,False,42,334.2,41.3726963104896,0.024901199340820312,0.004427952086221169,1.0,0.0
2500,endpoint,group_harmful,False,43,334.2,41.3726963104896,0.02505929470062256,0.004529111301540502,1.0,0.0
2500,endpoint,group_harmful,False,44,334.2,41.3726963104896,0.025217390060424803,0.004449070146898189,1.0,0.0
2500,endpoint,group_harmful,False,45,334.2,41.3726963104896,0.025296437740325927,0.004558335114524777,1.0,0.0
2500,endpoint,group_harmful,False,46,334.2,41.3726963104896,0.02553359270095825,0.004529112081878857,1.0,0.0
2500,endpoint,group_harmful,False,47,334.2,41.3726963104896,0.02632410526275635,0.004563456174415221,1.0,0.0
2500,endpoint,group_harmful,False,48,334.2,41.3726963104896,0.02664031982421875,0.0045720328046789825,1.0,0.0
2500,endpoint,group_harmful,False,49,334.2,41.3726963104896,0.02664031982421875,0.0045720328046789825,1.0,0.0
2500,endpoint,group_harmful,False,50,334.2,41.3726963104896,0.026798415184020995,0.00475460749146059,1.0,0.0
2500,endpoint,group_harmful,False,51,334.2,41.3726963104896,0.026798415184020995,0.00475460749146059,1.0,0.0
2500,endpoint,group_harmful,False,52,334.2,41.3726963104896,0.02703557014465332,0.004681742535541666,1.0,0.0
2500,endpoint,group_harmful,False,53,334.2,41.3726963104896,0.027351772785186766,0.0047216312862991385,1.0,0.0
2500,endpoint,group_harmful,False,54,334.2,41.3726963104896,0.027351772785186766,0.0047216312862991385,1.0,0.0
2500,endpoint,group_harmful,False,55,334.2,41.3726963104896,0.02750988006591797,0.0045634755340664655,1.0,0.0
2500,endpoint,group_harmful,False,56,334.2,41.3726963104896,0.027588927745819093,0.004587377896914289,1.0,0.0
2500,endpoint,group_harmful,False,57,334.2,41.3726963104896,0.027667975425720213,0.004660019509214443,1.0,0.0
2500,endpoint,group_harmful,False,58,334.2,41.3726963104896,0.027905142307281493,0.004706713903137892,1.0,0.0
2500,endpoint,group_harmful,False,59,334.2,41.3726963104896,0.027905142307281493,0.004706713903137892,1.0,0.0
2500,endpoint,group_harmful,False,60,334.2,41.3726963104896,0.027984201908111572,0.004819875044047512,1.0,0.0
2500,endpoint,group_harmful,False,61,334.2,41.3726963104896,0.027984201908111572,0.004787352618859412,1.0,0.0
2500,endpoint,group_harmful,False,62,334.2,41.3726963104896,0.028063249588012696,0.004897045303570737,1.0,0.0
2500,endpoint,group_harmful,False,63,334.2,41.3726963104896,0.028300392627716064,0.0049887014551981065,1.0,0.0
2500,endpoint,group_harmful,False,64,334.2,41.3726963104896,0.02822134494781494,0.004996523917797455,1.0,0.0
2500,endpoint,group_harmful,False,65,334.2,41.3726963104896,0.028300392627716064,0.005074086243315441,1.0,0.0
2500,endpoint,group_harmful,False,66,334.2,41.3726963104896,0.028300392627716064,0.005074086243315441,1.0,0.0
2500,endpoint,group_harmful,False,67,334.2,41.3726963104896,0.028300392627716064,0.005074086243315441,1.0,0.0
2500,endpoint,group_harmful,False,68,334.2,41.3726963104896,0.028379452228546143,0.0050338964955485895,1.0,0.0
2500,endpoint,group_harmful,False,69,334.2,41.3726963104896,0.028616607189178467,0.0048778605557310275,1.0,0.0
2500,endpoint,group_harmful,False,70,334.2,41.3726963104896,0.028616607189178467,0.0048778605557310275,1.0,0.0
2500,endpoint,group_harmful,False,71,334.2,41.3726963104896,0.028616607189178467,0.0048778605557310275,1.0,0.0
2500,endpoint,group_harmful,False,72,334.2,41.3726963104896,0.02869565486907959,0.004739793645598964,1.0,0.0
2500,endpoint,group_harmful,False,73,334.2,41.3726963104896,0.02869565486907959,0.004739793645598964,1.0,0.0
2500,endpoint,group_harmful,False,74,334.2,41.3726963104896,0.028774702548980714,0.004852171476609204,1.0,0.0
2500,endpoint,group_harmful,False,75,334.2,41.3726963104896,0.028853750228881835,0.004848951440418854,1.0,0.0
2500,endpoint,group_harmful,False,76,334.2,41.3726963104896,0.028774702548980714,0.004852171476609204,1.0,0.0
2500,endpoint,group_harmful,False,77,334.2,41.3726963104896,0.028774702548980714,0.004852171476609204,1.0,0.0
2500,endpoint,group_harmful,False,78,334.2,41.3726963104896,0.028774702548980714,0.004852171476609204,1.0,0.0
2500,endpoint,group_harmful,False,79,334.2,41.3726963104896,0.028774702548980714,0.004852171476609204,1.0,0.0
2500,endpoint,group_harmful,False,80,334.2,41.3726963104896,0.028774702548980714,0.004852171476609204,1.0,0.0
2500,endpoint,group_harmful,False,81,334.2,41.3726963104896,0.028774702548980714,0.004852171476609204,1.0,0.0
2500,endpoint,group_harmful,False,82,334.2,41.3726963104896,0.028774702548980714,0.004852171476609204,1.0,0.0
2500,endpoint,group_harmful,False,83,334.2,41.3726963104896,0.02893279790878296,0.0048521724476400995,1.0,0.0
2500,endpoint,group_harmful,False,84,334.2,41.3726963104896,0.028853750228881835,0.004848951440418854,1.0,0.0
2500,endpoint,group_harmful,False,85,334.2,41.3726963104896,0.02893279790878296,0.004803635469752261,1.0,0.0
2500,endpoint,group_harmful,False,86,334.2,41.3726963104896,0.02893279790878296,0.004654988992482686,1.0,0.0
2500,endpoint,group_harmful,False,87,334.2,41.3726963104896,0.029011845588684082,0.004656667109745792,1.0,0.0
2500,endpoint,group_harmful,False,88,334.2,41.3726963104896,0.029011845588684082,0.004656667109745792,1.0,0.0
2500,endpoint,group_harmful,False,89,334.2,41.3726963104896,0.029011845588684082,0.004656667109745792,1.0,0.0
2500,endpoint,group_harmful,False,90,334.2,41.3726963104896,0.029011845588684082,0.004656667109745792,1.0,0.0
2500,endpoint,group_harmful,False,91,334.2,41.3726963104896,0.029090893268585206,0.004731547009873032,1.0,0.0
2500,endpoint,group_harmful,False,92,334.2,41.3726963104896,0.029090893268585206,0.004731547009873032,1.0,0.0
2500,endpoint,group_harmful,False,93,334.2,41.3726963104896,0.029169952869415282,0.004811770064151695,1.0,0.0
2500,endpoint,group_harmful,False,94,334.2,41.3726963104896,0.029249000549316406,0.0049129751673049745,1.0,0.0
2500,endpoint,group_harmful,False,95,334.2,41.3726963104896,0.02916994094848633,0.004836047419740234,1.0,0.0
2500,endpoint,group_harmful,False,96,334.2,41.3726963104896,0.029249000549316406,0.0049129751673049745,1.0,0.0
2500,endpoint,group_harmful,False,97,334.2,41.3726963104896,0.02932804822921753,0.0049949646973861525,1.0,0.0
2500,endpoint,group_harmful,False,98,334.2,41.3726963104896,0.02932804822921753,0.0049949646973861525,1.0,0.0
2500,endpoint,group_harmful,False,99,334.2,41.3726963104896,0.02932804822921753,0.0049949646973861525,1.0,0.0
2500,endpoint,group_harmful,True,-1,334.2,41.3726963104896,0.0,0.0,1.0,0.0
2500,endpoint,group_harmful,True,0,334.2,41.3726963104896,7.905960083007813e-05,0.00017678264173005349,1.0,0.0
2500,endpoint,group_harmful,True,1,334.2,41.3726963104896,0.001185762882232666,0.0006249456295265594,0.5008850066101355,0.0008119627044084923
2500,endpoint,group_harmful,True,2,334.2,41.3726963104896,0.0027667880058288574,0.0019762843848151147,0.3931770731826229,0.028454563270040017
2500,endpoint,group_harmful,True,3,334.2,41.3726963104896,0.004743099212646484,0.003318736215552835,0.34629963739970737,0.026819022403780937
2500,endpoint,group_harmful,True,4,334.2,41.3726963104896,0.0060078978538513185,0.003381698563802683,0.3252426030413541,0.02408702179829391
2500,endpoint,group_harmful,True,5,334.2,41.3726963104896,0.0071936845779418945,0.003358514896491676,0.31689307805574085,0.02434673901434929
2500,endpoint,group_harmful,True,6,334.2,41.3726963104896,0.008063244819641113,0.003325771887468268,0.3094559175164756,0.02185033563001951
2500,endpoint,group_harmful,True,7,334.2,41.3726963104896,0.009090912342071534,0.0036760818104739786,0.3032644855074775,0.018645549081954847
2500,endpoint,group_harmful,True,8,334.2,41.3726963104896,0.009881424903869628,0.0038827756810411694,0.3003075494459443,0.0163266611007598
2500,endpoint,group_harmful,True,9,334.2,41.3726963104896,0.010592889785766602,0.003427579347077773,0.29749282130010624,0.013838459625687851
2500,endpoint,group_harmful,True,10,334.2,41.3726963104896,0.011936748027801513,0.0039367279316497045,0.295687662906306,0.014241001982588708
2500,endpoint,group_harmful,True,11,334.2,41.3726963104896,0.012806332111358643,0.003383995628603936,0.29377081305774444,0.0131718134955031
2500,endpoint,group_harmful,True,12,334.2,41.3726963104896,0.014071142673492432,0.0040366482684784715,0.29240190841466246,0.01341890232372638
2500,endpoint,group_harmful,True,13,334.2,41.3726963104896,0.014624512195587159,0.004229443054684274,0.2918699935210455,0.014105451904165655
2500,endpoint,group_harmful,True,14,334.2,41.3726963104896,0.015335965156555175,0.004233108481947558,0.29133807862742844,0.01485563670154425
2500,endpoint,group_harmful,True,15,334.2,41.3726963104896,0.015810286998748778,0.004676739163367367,0.29069910099164564,0.01495643904789247
2500,endpoint,group_harmful,True,16,334.2,41.3726963104896,0.016679847240448,0.0047298879878644035,0.2899691739843464,0.015188756702467119
2500,endpoint,group_harmful,True,17,334.2,41.3726963104896,0.017312252521514894,0.004721618812251553,0.28923924697704717,0.01558940427662344
2500,endpoint,group_harmful,True,18,334.2,41.3726963104896,0.017865610122680665,0.004963582270173172,0.28693731886315915,0.015274093903426458
2500,endpoint,group_harmful,True,19,334.2,41.3726963104896,0.018893277645111083,0.005386218096914634,0.28507635627137173,0.014631986236842618
2500,endpoint,group_harmful,True,20,334.2,41.3726963104896,0.019051384925842286,0.005141375722112079,0.2843464292640724,0.015192680908641756
2500,endpoint,group_harmful,True,21,334.2,41.3726963104896,0.019604742527008057,0.0051882574391607025,0.2848943744695519,0.016337003802729753
2500,endpoint,group_harmful,True,22,334.2,41.3726963104896,0.020079052448272704,0.005010571036526821,0.28361650225677315,0.015901824408171304
2500,endpoint,group_harmful,True,23,334.2,41.3726963104896,0.020790505409240722,0.005431010322275797,0.28365164743030247,0.014835673504032304
2500,endpoint,group_harmful,True,24,334.2,41.3726963104896,0.02134387493133545,0.005554729440510318,0.2807666289374057,0.014210804251015246
2500,endpoint,group_harmful,True,25,334.2,41.3726963104896,0.021897244453430175,0.00550954335493658,0.2807666289374057,0.014210804251015246
2500,endpoint,group_harmful,True,26,334.2,41.3726963104896,0.022213447093963622,0.005349860507286794,0.28023471404378875,0.014816140452118471
2500,endpoint,group_harmful,True,27,334.2,41.3726963104896,0.022608697414398193,0.0055715755423567815,0.28023471404378875,0.014816140452118471
2500,endpoint,group_harmful,True,28,334.2,41.3726963104896,0.023241102695465088,0.005771283490220033,0.28023471404378875,0.014816140452118471
2500,endpoint,group_harmful,True,29,334.2,41.3726963104896,0.023636364936828615,0.005371703669909919,0.279737944323701,0.01451714985627962
2500,endpoint,group_harmful,True,30,334.2,41.3726963104896,0.02418973445892334,0.00564123775344445,0.27915485394469225,0.01442170842376155
2500,endpoint,group_harmful,True,31,334.2,41.3726963104896,0.02442687749862671,0.005825163633207401,0.27798396141529247,0.015115922769513191
2500,endpoint,group_harmful,True,32,334.2,41.3726963104896,0.024664020538330077,0.005879884889293068,0.277436016209813,0.014069714256987416
2500,endpoint,group_harmful,True,33,334.2,41.3726963104896,0.025059306621551515,0.005985237207395971,0.277436016209813,0.014069714256987416
2500,endpoint,group_harmful,True,34,334.2,41.3726963104896,0.025691699981689454,0.005902450343619024,0.277436016209813,0.014069714256987416
2500,endpoint,group_harmful,True,35,334.2,41.3726963104896,0.025928854942321777,0.0057387093052853905,0.277436016209813,0.014069714256987416
2500,endpoint,group_harmful,True,36,334.2,41.3726963104896,0.026086962223052977,0.005842570493063321,0.2768880710043336,0.013054694054428918
2500,endpoint,group_harmful,True,37,334.2,41.3726963104896,0.02632410526275635,0.005879885490305534,0.27634012579885414,0.012078727330240038
2500,endpoint,group_harmful,True,38,334.2,41.3726963104896,0.026482212543487548,0.0058625920371084585,0.27634012579885414,0.012078727330240038
2500,endpoint,group_harmful,True,39,334.2,41.3726963104896,0.026561272144317628,0.005898461156027328,0.27634012579885414,0.012078727330240038
2500,endpoint,group_harmful,True,40,334.2,41.3726963104896,0.027272725105285646,0.005842592670838616,0.2757011481630714,0.012056409538287433
2500,endpoint,group_harmful,True,41,334.2,41.3726963104896,0.027588951587677,0.005764516561656722,0.2757011481630714,0.012056409538287433
2500,endpoint,group_harmful,True,42,334.2,41.3726963104896,0.027984201908111572,0.005730544793022822,0.2757011481630714,0.012056409538287433
2500,endpoint,group_harmful,True,43,334.2,41.3726963104896,0.02822134494781494,0.005919615815412727,0.2745302556336716,0.013019087570720829
2500,endpoint,group_harmful,True,44,334.2,41.3726963104896,0.028300392627716064,0.005886535805220966,0.2745302556336716,0.013019087570720829
2500,endpoint,group_harmful,True,45,334.2,41.3726963104896,0.028537559509277343,0.006093879523831726,0.2733433327924094,0.012304170545198495
2500,endpoint,group_harmful,True,46,334.2,41.3726963104896,0.02909090518951416,0.006376992101269257,0.27480318680700794,0.012252058347280912
2500,endpoint,group_harmful,True,47,334.2,41.3726963104896,0.02940711975097656,0.006309279494314721,0.2733433327924094,0.012304170545198495
2500,endpoint,group_harmful,True,48,334.2,41.3726963104896,0.029565227031707764,0.0061703056295378264,0.27222832751978365,0.012830819458892492
2500,endpoint,group_harmful,True,49,334.2,41.3726963104896,0.029565227031707764,0.0061703056295378264,0.27222832751978365,0.012830819458892492
2500,endpoint,group_harmful,True,50,334.2,41.3726963104896,0.02948617935180664,0.006190526447841499,0.27222832751978365,0.012830819458892492
2500,endpoint,group_harmful,True,51,334.2,41.3726963104896,0.029644274711608888,0.006167772076916133,0.27222832751978365,0.012830819458892492
2500,endpoint,group_harmful,True,52,334.2,41.3726963104896,0.029881417751312256,0.006127112176475756,0.27222832751978365,0.012830819458892492
2500,endpoint,group_harmful,True,53,334.2,41.3726963104896,0.030039525032043456,0.0062370560971036675,0.27222832751978365,0.012830819458892492
2500,endpoint,group_harmful,True,54,334.2,41.3726963104896,0.03011857271194458,0.00618927945110001,0.27222832751978365,0.012830819458892492
2500,endpoint,group_harmful,True,55,334.2,41.3726963104896,0.03011857271194458,0.00618927945110001,0.27222832751978365,0.012830819458892492
2500,endpoint,group_harmful,True,56,334.2,41.3726963104896,0.030197620391845703,0.006184229901809944,0.27222832751978365,0.012830819458892492
2500,endpoint,group_harmful,True,57,334.2,41.3726963104896,0.030355727672576903,0.006189281734974037,0.27222832751978365,0.012830819458892492
2500,endpoint,group_harmful,True,58,334.2,41.3726963104896,0.030276668071746827,0.006184230282747329,0.27222832751978365,0.012830819458892492
2500,endpoint,group_harmful,True,59,334.2,41.3726963104896,0.03035571575164795,0.006314221951848565,0.27222832751978365,0.012830819458892492
2500,endpoint,group_harmful,True,60,334.2,41.3726963104896,0.030434775352478027,0.006317933156261754,0.27222832751978365,0.012830819458892492
2500,endpoint,group_harmful,True,61,334.2,41.3726963104896,0.03035571575164795,0.006314221951848565,0.27222832751978365,0.012830819458892492
2500,endpoint,group_harmful,True,62,334.2,41.3726963104896,0.030434775352478027,0.006317933156261754,0.27222832751978365,0.012830819458892492
2500,endpoint,group_harmful,True,63,334.2,41.3726963104896,0.030434775352478027,0.006330285642645186,0.27222832751978365,0.012830819458892492
2500,endpoint,group_harmful,True,64,334.2,41.3726963104896,0.030434775352478027,0.006330285642645186,0.27222832751978365,0.012830819458892492
2500,endpoint,group_harmful,True,65,334.2,41.3726963104896,0.030513834953308106,0.006332753806682883,0.27222832751978365,0.012830819458892492
2500,endpoint,group_harmful,True,66,334.2,41.3726963104896,0.030513834953308106,0.006332753806682883,0.27222832751978365,0.012830819458892492
2500,endpoint,group_harmful,True,67,334.2,41.3726963104896,0.03059288263320923,0.006340150675697305,0.27222832751978365,0.012830819458892492
2500,endpoint,group_harmful,True,68,334.2,41.3726963104896,0.03059288263320923,0.006340150675697305,0.27222832751978365,0.012830819458892492
2500,endpoint,group_harmful,True,69,334.2,41.3726963104896,0.03059288263320923,0.006340150675697305,0.27222832751978365,0.012830819458892492
2500,endpoint,group_harmful,True,70,334.2,41.3726963104896,0.03059288263320923,0.006340150675697305,0.27222832751978365,0.012830819458892492
2500,endpoint,group_harmful,True,71,334.2,41.3726963104896,0.03075098991394043,0.006201869002730961,0.27222832751978365,0.012830819458892492
2500,endpoint,group_harmful,True,72,334.2,41.3726963104896,0.03075098991394043,0.006201869002730961,0.27222832751978365,0.012830819458892492
2500,endpoint,group_harmful,True,73,334.2,41.3726963104896,0.03075098991394043,0.006201869002730961,0.27222832751978365,0.012830819458892492
2500,endpoint,group_harmful,True,74,334.2,41.3726963104896,0.03075098991394043,0.006201869002730961,0.27222832751978365,0.012830819458892492
2500,endpoint,group_harmful,True,75,334.2,41.3726963104896,0.03075098991394043,0.006201869002730961,0.27222832751978365,0.012830819458892492
2500,endpoint,group_harmful,True,76,334.2,41.3726963104896,0.030830037593841553,0.006330264243105071,0.27222832751978365,0.012830819458892492
2500,endpoint,group_harmful,True,77,334.2,41.3726963104896,0.030909085273742677,0.006182947723193072,0.27222832751978365,0.012830819458892492
2500,endpoint,group_harmful,True,78,334.2,41.3726963104896,0.030909085273742677,0.006182947723193072,0.27222832751978365,0.012830819458892492
2500,endpoint,group_harmful,True,79,334.2,41.3726963104896,0.031146252155303956,0.006442802973240684,0.27222832751978365,0.012830819458892492
2500,endpoint,group_harmful,True,80,334.2,41.3726963104896,0.031067204475402833,0.006309271652783697,0.27222832751978365,0.012830819458892492
2500,endpoint,group_harmful,True,81,334.2,41.3726963104896,0.031225299835205077,0.0064403782641331815,0.27222832751978365,0.012830819458892492
2500,endpoint,group_harmful,True,82,334.2,41.3726963104896,0.031225299835205077,0.0064403782641331815,0.27222832751978365,0.012830819458892492
2500,endpoint,group_harmful,True,83,334.2,41.3726963104896,0.031225299835205077,0.0064403782641331815,0.27222832751978365,0.012830819458892492
2500,endpoint,group_harmful,True,84,334.2,41.3726963104896,0.031225299835205077,0.0064403782641331815,0.27222832751978365,0.012830819458892492
2500,endpoint,group_harmful,True,85,334.2,41.3726963104896,0.031225299835205077,0.0064403782641331815,0.27222832751978365,0.012830819458892492
2500,endpoint,group_harmful,True,86,334.2,41.3726963104896,0.031225299835205077,0.0064403782641331815,0.27222832751978365,0.012830819458892492
2500,endpoint,group_harmful,True,87,334.2,41.3726963104896,0.031225299835205077,0.0064403782641331815,0.27222832751978365,0.012830819458892492
2500,endpoint,group_harmful,True,88,334.2,41.3726963104896,0.031225299835205077,0.0064403782641331815,0.27222832751978365,0.012830819458892492
2500,endpoint,group_harmful,True,89,334.2,41.3726963104896,0.031304347515106204,0.006295638540586174,0.27222832751978365,0.012830819458892492
2500,endpoint,group_harmful,True,90,334.2,41.3726963104896,0.031304347515106204,0.006295638540586174,0.27222832751978365,0.012830819458892492
2500,endpoint,group_harmful,True,91,334.2,41.3726963104896,0.031383395195007324,0.006303078405096129,0.27222832751978365,0.012830819458892492
2500,endpoint,group_harmful,True,92,334.2,41.3726963104896,0.031304347515106204,0.006301838726112871,0.27222832751978365,0.012830819458892492
2500,endpoint,group_harmful,True,93,334.2,41.3726963104896,0.031383395195007324,0.006158916230596768,0.27222832751978365,0.012830819458892492
2500,endpoint,group_harmful,True,94,334.2,41.3726963104896,0.031462442874908444,0.006296877943721933,0.27222832751978365,0.012830819458892492
2500,endpoint,group_harmful,True,95,334.2,41.3726963104896,0.031462442874908444,0.006296877943721933,0.27222832751978365,0.012830819458892492
2500,endpoint,group_harmful,True,96,334.2,41.3726963104896,0.031462442874908444,0.006296877943721933,0.27222832751978365,0.012830819458892492
2500,endpoint,group_harmful,True,97,334.2,41.3726963104896,0.031462442874908444,0.006296877943721933,0.27222832751978365,0.012830819458892492
2500,endpoint,group_harmful,True,98,334.2,41.3726963104896,0.031462442874908444,0.006296877943721933,0.27222832751978365,0.012830819458892492
2500,endpoint,group_harmful,True,99,334.2,41.3726963104896,0.031462442874908444,0.006296877943721933,0.27222832751978365,0.012830819458892492
2500,endpoint,group_nonharmful,False,-1,334.2,41.3726963104896,0.0,0.0,1.0,0.0
2500,endpoint,group_nonharmful,False,0,334.2,41.3726963104896,0.0,0.0,1.0,0.0
2500,endpoint,group_nonharmful,False,1,334.2,41.3726963104896,0.00023715496063232423,0.0005302946131751635,1.0,0.0
2500,endpoint,group_nonharmful,False,2,334.2,41.3726963104896,0.00031621456146240233,0.0007070772549052169,1.0,0.0
2500,endpoint,group_nonharmful,False,3,334.2,41.3726963104896,0.0003952741622924805,0.0006846246083122226,1.0,0.0
2500,endpoint,group_nonharmful,False,4,334.2,41.3726963104896,0.00031621456146240233,0.0007070772549052169,1.0,0.0
2500,endpoint,group_nonharmful,False,5,334.2,41.3726963104896,0.0003952741622924805,0.0006846246083122226,1.0,0.0
2500,endpoint,group_nonharmful,False,6,334.2,41.3726963104896,0.00031621456146240233,0.0007070772549052169,1.0,0.0
2500,endpoint,group_nonharmful,False,7,334.2,41.3726963104896,0.0004743218421936035,0.0006494919315589801,1.0,0.0
2500,endpoint,group_nonharmful,False,8,334.2,41.3726963104896,0.0004743218421936035,0.0006494919315589801,1.0,0.0
2500,endpoint,group_nonharmful,False,9,334.2,41.3726963104896,0.0004743218421936035,0.0007070772549052169,1.0,0.0
2500,endpoint,group_nonharmful,False,10,334.2,41.3726963104896,0.0004743218421936035,0.0007070772549052169,1.0,0.0
2500,endpoint,group_nonharmful,False,11,334.2,41.3726963104896,0.0007114648818969726,0.0007070705913743942,1.0,0.0
2500,endpoint,group_nonharmful,False,12,334.2,41.3726963104896,0.0007905125617980957,0.0006249739027052106,1.0,0.0
2500,endpoint,group_nonharmful,False,13,334.2,41.3726963104896,0.0007905125617980957,0.0006249739027052106,1.0,0.0
2500,endpoint,group_nonharmful,False,14,334.2,41.3726963104896,0.0007905244827270507,0.0007394870587062589,1.0,0.0
2500,endpoint,group_nonharmful,False,15,334.2,41.3726963104896,0.0008695721626281738,0.0008569196670360582,1.0,0.0
2500,endpoint,group_nonharmful,False,16,334.2,41.3726963104896,0.00102766752243042,0.0009519195129054799,1.0,0.0
2500,endpoint,group_nonharmful,False,17,334.2,41.3726963104896,0.00102766752243042,0.0009519195129054799,1.0,0.0
2500,endpoint,group_nonharmful,False,18,334.2,41.3726963104896,0.001106727123260498,0.0009013344975301254,1.0,0.0
2500,endpoint,group_nonharmful,False,19,334.2,41.3726963104896,0.001106727123260498,0.0009013344975301254,1.0,0.0
2500,endpoint,group_nonharmful,False,20,334.2,41.3726963104896,0.001106727123260498,0.0009013344975301254,1.0,0.0
2500,endpoint,group_nonharmful,False,21,334.2,41.3726963104896,0.001106727123260498,0.0009013344975301254,1.0,0.0
2500,endpoint,group_nonharmful,False,22,334.2,41.3726963104896,0.0011857867240905762,0.0010457757314235984,1.0,0.0
2500,endpoint,group_nonharmful,False,23,334.2,41.3726963104896,0.0013438820838928222,0.0010679448424702513,1.0,0.0
2500,endpoint,group_nonharmful,False,24,334.2,41.3726963104896,0.0014229297637939453,0.001138740094235876,1.0,0.0
2500,endpoint,group_nonharmful,False,25,334.2,41.3726963104896,0.0015019893646240235,0.001231046250090561,1.0,0.0
2500,endpoint,group_nonharmful,False,26,334.2,41.3726963104896,0.0015810370445251466,0.0013404021123141832,1.0,0.0
2500,endpoint,group_nonharmful,False,27,334.2,41.3726963104896,0.0015810370445251466,0.0013974672708813214,1.0,0.0
2500,endpoint,group_nonharmful,False,28,334.2,41.3726963104896,0.0015810370445251466,0.0013974672708813214,1.0,0.0
2500,endpoint,group_nonharmful,False,29,334.2,41.3726963104896,0.0015810370445251466,0.0013974672708813214,1.0,0.0
2500,endpoint,group_nonharmful,False,30,334.2,41.3726963104896,0.0016600847244262694,0.001489461777547314,1.0,0.0
2500,endpoint,group_nonharmful,False,31,334.2,41.3726963104896,0.0016600847244262694,0.001489461777547314,1.0,0.0
2500,endpoint,group_nonharmful,False,32,334.2,41.3726963104896,0.0016600847244262694,0.001489461777547314,1.0,0.0
2500,endpoint,group_nonharmful,False,33,334.2,41.3726963104896,0.0017391324043273925,0.0015957955249159663,1.0,0.0
2500,endpoint,group_nonharmful,False,34,334.2,41.3726963104896,0.0018181920051574707,0.0015205907242946798,1.0,0.0
2500,endpoint,group_nonharmful,False,35,334.2,41.3726963104896,0.001976299285888672,0.0017228999618798043,1.0,0.0
2500,endpoint,group_nonharmful,False,36,334.2,41.3726963104896,0.00205533504486084,0.0015909090148539015,1.0,0.0
2500,endpoint,group_nonharmful,False,37,334.2,41.3726963104896,0.002371549606323242,0.001700095497716093,1.0,0.0
2500,endpoint,group_nonharmful,False,38,334.2,41.3726963104896,0.0025296449661254884,0.0019079297946133624,1.0,0.0
2500,endpoint,group_nonharmful,False,39,334.2,41.3726963104896,0.002450597286224365,0.0017983374885641478,1.0,0.0
2500,endpoint,group_nonharmful,False,40,334.2,41.3726963104896,0.00245058536529541,0.001964419589847037,1.0,0.0
2500,endpoint,group_nonharmful,False,41,334.2,41.3726963104896,0.0026877403259277345,0.0017543638594400093,1.0,0.0
2500,endpoint,group_nonharmful,False,42,334.2,41.3726963104896,0.0026086807250976563,0.0018242226194212945,1.0,0.0
2500,endpoint,group_nonharmful,False,43,334.2,41.3726963104896,0.0026877403259277345,0.0017983342135857296,1.0,0.0
2500,endpoint,group_nonharmful,False,44,334.2,41.3726963104896,0.0027667880058288574,0.0018539404340355962,1.0,0.0
2500,endpoint,group_nonharmful,False,45,334.2,41.3726963104896,0.0027667880058288574,0.0018539404340355962,1.0,0.0
2500,endpoint,group_nonharmful,False,46,334.2,41.3726963104896,0.0026877403259277345,0.0017764817670071714,1.0,0.0
2500,endpoint,group_nonharmful,False,47,334.2,41.3726963104896,0.0027667999267578123,0.0017000781756735038,1.0,0.0
2500,endpoint,group_nonharmful,False,48,334.2,41.3726963104896,0.0029248952865600585,0.0015460771901583796,1.0,0.0
2500,endpoint,group_nonharmful,False,49,334.2,41.3726963104896,0.0030829906463623047,0.001709246213018108,1.0,0.0
2500,endpoint,group_nonharmful,False,50,334.2,41.3726963104896,0.0030829906463623047,0.0015410192750569267,1.0,0.0
2500,endpoint,group_nonharmful,False,51,334.2,41.3726963104896,0.0029248952865600585,0.0015460771901583796,1.0,0.0
2500,endpoint,group_nonharmful,False,52,334.2,41.3726963104896,0.003241109848022461,0.0014894768043213988,1.0,0.0
2500,endpoint,group_nonharmful,False,53,334.2,41.3726963104896,0.003241109848022461,0.0014894768043213988,1.0,0.0
2500,endpoint,group_nonharmful,False,54,334.2,41.3726963104896,0.003241109848022461,0.0014894768043213988,1.0,0.0
2500,endpoint,group_nonharmful,False,55,334.2,41.3726963104896,0.003241109848022461,0.0014894768043213988,1.0,0.0
2500,endpoint,group_nonharmful,False,56,334.2,41.3726963104896,0.003083014488220215,0.0016392739309870738,1.0,0.0
2500,endpoint,group_nonharmful,False,57,334.2,41.3726963104896,0.003162050247192383,0.0016769704187076962,1.0,0.0
2500,endpoint,group_nonharmful,False,58,334.2,41.3726963104896,0.003162050247192383,0.0016769704187076962,1.0,0.0
2500,endpoint,group_nonharmful,False,59,334.2,41.3726963104896,0.0032410979270935058,0.0017543692310373498,1.0,0.0
2500,endpoint,group_nonharmful,False,60,334.2,41.3726963104896,0.003162050247192383,0.001832760757938808,1.0,0.0
2500,endpoint,group_nonharmful,False,61,334.2,41.3726963104896,0.0032410979270935058,0.0017543692310373498,1.0,0.0
2500,endpoint,group_nonharmful,False,62,334.2,41.3726963104896,0.0032410979270935058,0.0017543692310373498,1.0,0.0
2500,endpoint,group_nonharmful,False,63,334.2,41.3726963104896,0.0032410979270935058,0.0017543692310373498,1.0,0.0
2500,endpoint,group_nonharmful,False,64,334.2,41.3726963104896,0.0032410979270935058,0.0017543692310373498,1.0,0.0
2500,endpoint,group_nonharmful,False,65,334.2,41.3726963104896,0.003162050247192383,0.001832760757938808,1.0,0.0
2500,endpoint,group_nonharmful,False,66,334.2,41.3726963104896,0.0032410979270935058,0.0017764903869800315,1.0,0.0
2500,endpoint,group_nonharmful,False,67,334.2,41.3726963104896,0.0032410979270935058,0.0017764903869800315,1.0,0.0
2500,endpoint,group_nonharmful,False,68,334.2,41.3726963104896,0.0032410979270935058,0.0017764903869800315,1.0,0.0
2500,endpoint,group_nonharmful,False,69,334.2,41.3726963104896,0.0032410979270935058,0.0017764903869800315,1.0,0.0
2500,endpoint,group_nonharmful,False,70,334.2,41.3726963104896,0.003162050247192383,0.001832760757938808,1.0,0.0
2500,endpoint,group_nonharmful,False,71,334.2,41.3726963104896,0.0032410979270935058,0.0017764903869800315,1.0,0.0
2500,endpoint,group_nonharmful,False,72,334.2,41.3726963104896,0.0032410979270935058,0.0017764903869800315,1.0,0.0
2500,endpoint,group_nonharmful,False,73,334.2,41.3726963104896,0.0032410979270935058,0.0017764903869800315,1.0,0.0
2500,endpoint,group_nonharmful,False,74,334.2,41.3726963104896,0.0032410979270935058,0.0017764903869800315,1.0,0.0
2500,endpoint,group_nonharmful,False,75,334.2,41.3726963104896,0.003162050247192383,0.001832760757938808,1.0,0.0
2500,endpoint,group_nonharmful,False,76,334.2,41.3726963104896,0.0032410979270935058,0.0017764903869800315,1.0,0.0
2500,endpoint,group_nonharmful,False,77,334.2,41.3726963104896,0.0032410979270935058,0.0017764903869800315,1.0,0.0
2500,endpoint,group_nonharmful,False,78,334.2,41.3726963104896,0.0032410979270935058,0.0017764903869800315,1.0,0.0
2500,endpoint,group_nonharmful,False,79,334.2,41.3726963104896,0.003320145606994629,0.0016908862051475358,1.0,0.0
2500,endpoint,group_nonharmful,False,80,334.2,41.3726963104896,0.0032410979270935058,0.0017543692310373498,1.0,0.0
2500,endpoint,group_nonharmful,False,81,334.2,41.3726963104896,0.003320145606994629,0.0016908862051475358,1.0,0.0
2500,endpoint,group_nonharmful,False,82,334.2,41.3726963104896,0.003320145606994629,0.0016908862051475358,1.0,0.0
2500,endpoint,group_nonharmful,False,83,334.2,41.3726963104896,0.003320145606994629,0.0016908862051475358,1.0,0.0
2500,endpoint,group_nonharmful,False,84,334.2,41.3726963104896,0.0032410979270935058,0.0017543692310373498,1.0,0.0
2500,endpoint,group_nonharmful,False,85,334.2,41.3726963104896,0.003320145606994629,0.0016908862051475358,1.0,0.0
2500,endpoint,group_nonharmful,False,86,334.2,41.3726963104896,0.003320145606994629,0.0016908862051475358,1.0,0.0
2500,endpoint,group_nonharmful,False,87,334.2,41.3726963104896,0.003320145606994629,0.0016908862051475358,1.0,0.0
2500,endpoint,group_nonharmful,False,88,334.2,41.3726963104896,0.003320145606994629,0.0016908862051475358,1.0,0.0
2500,endpoint,group_nonharmful,False,89,334.2,41.3726963104896,0.0032410979270935058,0.0017543692310373498,1.0,0.0
2500,endpoint,group_nonharmful,False,90,334.2,41.3726963104896,0.003320145606994629,0.0016908862051475358,1.0,0.0
2500,endpoint,group_nonharmful,False,91,334.2,41.3726963104896,0.003320145606994629,0.0016908862051475358,1.0,0.0
2500,endpoint,group_nonharmful,False,92,334.2,41.3726963104896,0.003320145606994629,0.0016908862051475358,1.0,0.0
2500,endpoint,group_nonharmful,False,93,334.2,41.3726963104896,0.0032410979270935058,0.0017543692310373498,1.0,0.0
2500,endpoint,group_nonharmful,False,94,334.2,41.3726963104896,0.003320145606994629,0.0016908862051475358,1.0,0.0
2500,endpoint,group_nonharmful,False,95,334.2,41.3726963104896,0.003320145606994629,0.0016908862051475358,1.0,0.0
2500,endpoint,group_nonharmful,False,96,334.2,41.3726963104896,0.003320145606994629,0.0016908862051475358,1.0,0.0
2500,endpoint,group_nonharmful,False,97,334.2,41.3726963104896,0.003320145606994629,0.0016908862051475358,1.0,0.0
2500,endpoint,group_nonharmful,False,98,334.2,41.3726963104896,0.0032410979270935058,0.0017543692310373498,1.0,0.0
2500,endpoint,group_nonharmful,False,99,334.2,41.3726963104896,0.003320145606994629,0.0016908862051475358,1.0,0.0
2500,endpoint,group_nonharmful,True,-1,334.2,41.3726963104896,0.0,0.0,1.0,0.0
2500,endpoint,group_nonharmful,True,0,334.2,41.3726963104896,0.0,0.0,1.0,0.0
2500,endpoint,group_nonharmful,True,1,334.2,41.3726963104896,0.0003952741622924805,0.0006846246083122226,0.5008850066101355,0.0008119627044084923
2500,endpoint,group_nonharmful,True,2,334.2,41.3726963104896,0.0004743218421936035,0.0008569072949229337,0.3690166387128881,0.02088817976734993
2500,endpoint,group_nonharmful,True,3,334.2,41.3726963104896,0.0004743218421936035,0.0008569072949229337,0.309721009021096,0.021748766850346823
2500,endpoint,group_nonharmful,True,4,334.2,41.3726963104896,0.0005533695220947266,0.0008196326541209265,0.27947546012764446,0.0163666787751235
2500,endpoint,group_nonharmful,True,5,334.2,41.3726963104896,0.001185762882232666,0.001007710913679592,0.26608119645094164,0.016701707102237073
2500,endpoint,group_nonharmful,True,6,334.2,41.3726963104896,0.001185762882232666,0.001007710913679592,0.2575802061244423,0.017947648740425474
2500,endpoint,group_nonharmful,True,7,334.2,41.3726963104896,0.0015810251235961914,0.0011523642693521184,0.2512625965116116,0.017519450162372052
2500,endpoint,group_nonharmful,True,8,334.2,41.3726963104896,0.001976275444030762,0.0012499383804846068,0.24740006889040184,0.016162171900185537
2500,endpoint,group_nonharmful,True,9,334.2,41.3726963104896,0.002213442325592041,0.0010679393276476934,0.24451042168490966,0.016931640002332944
2500,endpoint,group_nonharmful,True,10,334.2,41.3726963104896,0.0026877522468566895,0.0013227750011639307,0.2426654894049846,0.018568142999342566
2500,endpoint,group_nonharmful,True,11,334.2,41.3726963104896,0.003399205207824707,0.0015711060449288,0.24202651176920184,0.017485848801882697
2500,endpoint,group_nonharmful,True,12,334.2,41.3726963104896,0.004031634330749512,0.001462962786942727,0.24010966192064043,0.01702496885525353
2500,endpoint,group_nonharmful,True,13,334.2,41.3726963104896,0.004505932331085205,0.001824165148310378,0.2384115662690059,0.017878968318907056
2500,endpoint,group_nonharmful,True,14,334.2,41.3726963104896,0.0047430872917175295,0.002128509698914544,0.23733170616990945,0.017777474089939748
2500,endpoint,group_nonharmful,True,15,334.2,41.3726963104896,0.005375492572784424,0.0025858273945514156,0.23733170616990945,0.017777474089939748
2500,endpoint,group_nonharmful,True,16,334.2,41.3726963104896,0.0059288620948791506,0.0027948881802388184,0.23678376096442996,0.017352931738849223
2500,endpoint,group_nonharmful,True,17,334.2,41.3726963104896,0.0064031720161437985,0.0031172651991915722,0.23678376096442996,0.017352931738849223
2500,endpoint,group_nonharmful,True,18,334.2,41.3726963104896,0.006482219696044922,0.0031939982844244753,0.23623581575895053,0.017006243980665504
2500,endpoint,group_nonharmful,True,19,334.2,41.3726963104896,0.006561267375946045,0.003119769053908697,0.2351047801744623,0.017024297470520998
2500,endpoint,group_nonharmful,True,20,334.2,41.3726963104896,0.006719362735748291,0.0031496720253217482,0.2351047801744623,0.017024297470520998
2500,endpoint,group_nonharmful,True,21,334.2,41.3726963104896,0.007035565376281738,0.0028557152260765928,0.23437485316716306,0.017942098986526236
2500,endpoint,group_nonharmful,True,22,334.2,41.3726963104896,0.007351768016815185,0.0031322466462576654,0.23437485316716306,0.017942098986526236
2500,endpoint,group_nonharmful,True,23,334.2,41.3726963104896,0.008063244819641113,0.0033140262139584016,0.23382690796168357,0.017726060911815077
2500,endpoint,group_nonharmful,True,24,334.2,41.3726963104896,0.008458495140075684,0.003349188194777871,0.23324381758267484,0.01803536049055147
2500,endpoint,group_nonharmful,True,25,334.2,41.3726963104896,0.008616602420806885,0.003472868286210024,0.23324381758267484,0.01803536049055147
2500,endpoint,group_nonharmful,True,26,334.2,41.3726963104896,0.009090900421142578,0.003501980916651279,0.23324381758267484,0.01803536049055147
2500,endpoint,group_nonharmful,True,27,334.2,41.3726963104896,0.00924900770187378,0.0034751179688755664,0.23207292505327506,0.017074036941834778
2500,endpoint,group_nonharmful,True,28,334.2,41.3726963104896,0.009328055381774902,0.0035197859146160197,0.23207292505327506,0.017074036941834778
2500,endpoint,group_nonharmful,True,29,334.2,41.3726963104896,0.009486162662506103,0.0038727060402535935,0.23207292505327506,0.017074036941834778
2500,endpoint,group_nonharmful,True,30,334.2,41.3726963104896,0.00964428186416626,0.004207203406147566,0.23152497984779563,0.016864660686399895
2500,endpoint,group_nonharmful,True,31,334.2,41.3726963104896,0.010039520263671876,0.004280823449704663,0.23152497984779563,0.016864660686399895
2500,endpoint,group_nonharmful,True,32,334.2,41.3726963104896,0.010197627544403075,0.004177390429733117,0.23152497984779563,0.016864660686399895
2500,endpoint,group_nonharmful,True,33,334.2,41.3726963104896,0.010513830184936523,0.004597561655395966,0.23152497984779563,0.016864660686399895
2500,endpoint,group_nonharmful,True,34,334.2,41.3726963104896,0.010988140106201172,0.004536007104789396,0.23094188946878685,0.017215461718390866
2500,endpoint,group_nonharmful,True,35,334.2,41.3726963104896,0.011304342746734619,0.00455491796224047,0.23040997457516985,0.017544521626841558
2500,endpoint,group_nonharmful,True,36,334.2,41.3726963104896,0.011541509628295898,0.004771001605068008,0.23040997457516985,0.017544521626841558
2500,endpoint,group_nonharmful,True,37,334.2,41.3726963104896,0.011699604988098144,0.004681758638341977,0.22913210236239112,0.018203416789300188
2500,endpoint,group_nonharmful,True,38,334.2,41.3726963104896,0.011936748027801513,0.004868242371360826,0.22913210236239112,0.018203416789300188
2500,endpoint,group_nonharmful,True,39,334.2,41.3726963104896,0.012411057949066162,0.004681755367467517,0.2285490119833824,0.01854943382401192
2500,endpoint,group_nonharmful,True,40,334.2,41.3726963104896,0.012885367870330811,0.004563457206957977,0.22796592160437362,0.01897889753064557
2500,endpoint,group_nonharmful,True,41,334.2,41.3726963104896,0.01312253475189209,0.004233106534047393,0.22796592160437362,0.01897889753064557
2500,endpoint,group_nonharmful,True,42,334.2,41.3726963104896,0.013280642032623292,0.004280817671219716,0.2272359945970744,0.019813719612351694
2500,endpoint,group_nonharmful,True,43,334.2,41.3726963104896,0.013675904273986817,0.004371123847332872,0.2272359945970744,0.019813719612351694
2500,endpoint,group_nonharmful,True,44,334.2,41.3726963104896,0.013833999633789062,0.0045411523063601175,0.2272359945970744,0.019813719612351694
2500,endpoint,group_nonharmful,True,45,334.2,41.3726963104896,0.01415020227432251,0.004518728444948842,0.2272359945970744,0.019813719612351694
2500,endpoint,group_nonharmful,True,46,334.2,41.3726963104896,0.01438734531402588,0.004433218978435153,0.2266880493915949,0.019655983669777756
2500,endpoint,group_nonharmful,True,47,334.2,41.3726963104896,0.014387369155883789,0.004388947943068473,0.2266880493915949,0.019655983669777756
2500,endpoint,group_nonharmful,True,48,334.2,41.3726963104896,0.014624512195587159,0.0045152685351430985,0.22555701380710672,0.019999745033889044
2500,endpoint,group_nonharmful,True,49,334.2,41.3726963104896,0.014940714836120606,0.004688406313878617,0.22555701380710672,0.019999745033889044
2500,endpoint,group_nonharmful,True,50,334.2,41.3726963104896,0.015177857875823975,0.004656645102084209,0.22555701380710672,0.019999745033889044
2500,endpoint,group_nonharmful,True,51,334.2,41.3726963104896,0.015335965156555175,0.0047791804074419795,0.22555701380710672,0.019999745033889044
2500,endpoint,group_nonharmful,True,52,334.2,41.3726963104896,0.015494072437286377,0.004932010907512092,0.22555701380710672,0.019999745033889044
2500,endpoint,group_nonharmful,True,53,334.2,41.3726963104896,0.0155731201171875,0.004988700510742046,0.22555701380710672,0.019999745033889044
2500,endpoint,group_nonharmful,True,54,334.2,41.3726963104896,0.015652167797088622,0.0051200589020983425,0.22555701380710672,0.019999745033889044
2500,endpoint,group_nonharmful,True,55,334.2,41.3726963104896,0.015810275077819826,0.005310293287305106,0.22555701380710672,0.019999745033889044
2500,endpoint,group_nonharmful,True,56,334.2,41.3726963104896,0.015889322757720946,0.005186769710831065,0.22555701380710672,0.019999745033889044
2500,endpoint,group_nonharmful,True,57,334.2,41.3726963104896,0.015889322757720946,0.005186769710831065,0.22555701380710672,0.019999745033889044
2500,endpoint,group_nonharmful,True,58,334.2,41.3726963104896,0.01596837043762207,0.005322047337910207,0.22555701380710672,0.019999745033889044
2500,endpoint,group_nonharmful,True,59,334.2,41.3726963104896,0.01596837043762207,0.005322047337910207,0.22555701380710672,0.019999745033889044
2500,endpoint,group_nonharmful,True,60,334.2,41.3726963104896,0.01596837043762207,0.005322047337910207,0.22555701380710672,0.019999745033889044
2500,endpoint,group_nonharmful,True,61,334.2,41.3726963104896,0.01596837043762207,0.005322047337910207,0.22555701380710672,0.019999745033889044
2500,endpoint,group_nonharmful,True,62,334.2,41.3726963104896,0.015889322757720946,0.005443936440683763,0.22555701380710672,0.019999745033889044
2500,endpoint,group_nonharmful,True,63,334.2,41.3726963104896,0.015889322757720946,0.005443936440683763,0.22555701380710672,0.019999745033889044
2500,endpoint,group_nonharmful,True,64,334.2,41.3726963104896,0.01596837043762207,0.005423812359325722,0.22555701380710672,0.019999745033889044
2500,endpoint,group_nonharmful,True,65,334.2,41.3726963104896,0.016047418117523193,0.0055589417787843855,0.22555701380710672,0.019999745033889044
2500,endpoint,group_nonharmful,True,66,334.2,41.3726963104896,0.016047418117523193,0.0055589417787843855,0.22555701380710672,0.019999745033889044
2500,endpoint,group_nonharmful,True,67,334.2,41.3726963104896,0.016126477718353273,0.005613483156580593,0.22555701380710672,0.019999745033889044
2500,endpoint,group_nonharmful,True,68,334.2,41.3726963104896,0.016126477718353273,0.005613483156580593,0.22555701380710672,0.019999745033889044
2500,endpoint,group_nonharmful,True,69,334.2,41.3726963104896,0.01604743003845215,0.005635702409153394,0.22555701380710672,0.019999745033889044
2500,endpoint,group_nonharmful,True,70,334.2,41.3726963104896,0.01604743003845215,0.005635702409153394,0.22555701380710672,0.019999745033889044
2500,endpoint,group_nonharmful,True,71,334.2,41.3726963104896,0.01604743003845215,0.005635702409153394,0.22555701380710672,0.019999745033889044
2500,endpoint,group_nonharmful,True,72,334.2,41.3726963104896,0.016126477718353273,0.005515218989940172,0.22555701380710672,0.019999745033889044
2500,endpoint,group_nonharmful,True,73,334.2,41.3726963104896,0.016126477718353273,0.005515218989940172,0.22555701380710672,0.019999745033889044
2500,endpoint,group_nonharmful,True,74,334.2,41.3726963104896,0.016126477718353273,0.005515218989940172,0.22555701380710672,0.019999745033889044
2500,endpoint,group_nonharmful,True,75,334.2,41.3726963104896,0.016126477718353273,0.005515218989940172,0.22555701380710672,0.019999745033889044
2500,endpoint,group_nonharmful,True,76,334.2,41.3726963104896,0.016126477718353273,0.005515218989940172,0.22555701380710672,0.019999745033889044
2500,endpoint,group_nonharmful,True,77,334.2,41.3726963104896,0.01596837043762207,0.005579978360190031,0.22555701380710672,0.019999745033889044
2500,endpoint,group_nonharmful,True,78,334.2,41.3726963104896,0.016047418117523193,0.005718247842403384,0.22555701380710672,0.019999745033889044
2500,endpoint,group_nonharmful,True,79,334.2,41.3726963104896,0.016126465797424317,0.0055995410173883655,0.22555701380710672,0.019999745033889044
2500,endpoint,group_nonharmful,True,80,334.2,41.3726963104896,0.016047418117523193,0.005718247842403384,0.22555701380710672,0.019999745033889044
2500,endpoint,group_nonharmful,True,81,334.2,41.3726963104896,0.01596837043762207,0.005579978360190031,0.22555701380710672,0.019999745033889044
2500,endpoint,group_nonharmful,True,82,334.2,41.3726963104896,0.01596837043762207,0.005579978360190031,0.22555701380710672,0.019999745033889044
2500,endpoint,group_nonharmful,True,83,334.2,41.3726963104896,0.01596837043762207,0.005579978360190031,0.22555701380710672,0.019999745033889044
2500,endpoint,group_nonharmful,True,84,334.2,41.3726963104896,0.01596837043762207,0.005579978360190031,0.22555701380710672,0.019999745033889044
2500,endpoint,group_nonharmful,True,85,334.2,41.3726963104896,0.01596837043762207,0.005579978360190031,0.22555701380710672,0.019999745033889044
2500,endpoint,group_nonharmful,True,86,334.2,41.3726963104896,0.01596837043762207,0.005579978360190031,0.22555701380710672,0.019999745033889044
2500,endpoint,group_nonharmful,True,87,334.2,41.3726963104896,0.01596837043762207,0.005579978360190031,0.22555701380710672,0.019999745033889044
2500,endpoint,group_nonharmful,True,88,334.2,41.3726963104896,0.015968382358551025,0.005502458614983102,0.22555701380710672,0.019999745033889044
2500,endpoint,group_nonharmful,True,89,334.2,41.3726963104896,0.01604743003845215,0.005481124305607635,0.22555701380710672,0.019999745033889044
2500,endpoint,group_nonharmful,True,90,334.2,41.3726963104896,0.01604743003845215,0.005481124305607635,0.22555701380710672,0.019999745033889044
2500,endpoint,group_nonharmful,True,91,334.2,41.3726963104896,0.01604743003845215,0.005481124305607635,0.22555701380710672,0.019999745033889044
2500,endpoint,group_nonharmful,True,92,334.2,41.3726963104896,0.01604743003845215,0.005481124305607635,0.22555701380710672,0.019999745033889044
2500,endpoint,group_nonharmful,True,93,334.2,41.3726963104896,0.01604743003845215,0.005481124305607635,0.22555701380710672,0.019999745033889044
2500,endpoint,group_nonharmful,True,94,334.2,41.3726963104896,0.016047441959381105,0.005459699079654521,0.22555701380710672,0.019999745033889044
2500,endpoint,group_nonharmful,True,95,334.2,41.3726963104896,0.016047441959381105,0.005459699079654521,0.22555701380710672,0.019999745033889044
2500,endpoint,group_nonharmful,True,96,334.2,41.3726963104896,0.016047441959381105,0.005459699079654521,0.22555701380710672,0.019999745033889044
2500,endpoint,group_nonharmful,True,97,334.2,41.3726963104896,0.016126489639282225,0.005592564812343906,0.22555701380710672,0.019999745033889044
2500,endpoint,group_nonharmful,True,98,334.2,41.3726963104896,0.016126489639282225,0.005592564812343906,0.22555701380710672,0.019999745033889044
2500,endpoint,group_nonharmful,True,99,334.2,41.3726963104896,0.016126489639282225,0.005592564812343906,0.22555701380710672,0.019999745033889044
2500,endpoint,group_random,False,-1,334.2,41.3726963104896,0.0,0.0,1.0,0.0
2500,endpoint,group_random,False,0,334.2,41.3726963104896,0.0,0.0,1.0,0.0
2500,endpoint,group_random,False,1,334.2,41.3726963104896,0.00015810728073120117,0.00021649731143132486,1.0,0.0
2500,endpoint,group_random,False,2,334.2,41.3726963104896,0.00031620264053344727,0.0005153301113552124,1.0,0.0
2500,endpoint,group_random,False,3,334.2,41.3726963104896,0.00102766752243042,0.0011038866622707095,1.0,0.0
2500,endpoint,group_random,False,4,334.2,41.3726963104896,0.0010276556015014649,0.001205379623786036,1.0,0.0
2500,endpoint,group_random,False,5,334.2,41.3726963104896,0.001185762882232666,0.001505101251974277,1.0,0.0
2500,endpoint,group_random,False,6,334.2,41.3726963104896,0.0013438582420349122,0.0015957888816339678,1.0,0.0
2500,endpoint,group_random,False,7,334.2,41.3726963104896,0.0014229297637939453,0.0017364483896055755,1.0,0.0
2500,endpoint,group_random,False,8,334.2,41.3726963104896,0.0016600728034973145,0.0017983270083158807,1.0,0.0
2500,endpoint,group_random,False,9,334.2,41.3726963104896,0.0018181681632995605,0.00190792176848262,1.0,0.0
2500,endpoint,group_random,False,10,334.2,41.3726963104896,0.001976275444030762,0.0020915120374965387,1.0,0.0
2500,endpoint,group_random,False,11,334.2,41.3726963104896,0.0022134304046630858,0.0024461397326461533,1.0,0.0
2500,endpoint,group_random,False,12,334.2,41.3726963104896,0.0022134304046630858,0.0023649639175891443,1.0,0.0
2500,endpoint,group_random,False,13,334.2,41.3726963104896,0.0022134304046630858,0.0025706980566515087,1.0,0.0
2500,endpoint,group_random,False,14,334.2,41.3726963104896,0.002292478084564209,0.0025216145627649966,1.0,0.0
2500,endpoint,group_random,False,15,334.2,41.3726963104896,0.0026087045669555666,0.002703980402444755,1.0,0.0
2500,endpoint,group_random,False,16,334.2,41.3726963104896,0.002924907207489014,0.0026009108461765014,1.0,0.0
2500,endpoint,group_random,False,17,334.2,41.3726963104896,0.0029248952865600585,0.0025091987178452986,1.0,0.0
2500,endpoint,group_random,False,18,334.2,41.3726963104896,0.003003942966461182,0.0026749408227398413,1.0,0.0
2500,endpoint,group_random,False,19,334.2,41.3726963104896,0.0030830025672912596,0.002842031687296195,1.0,0.0
2500,endpoint,group_random,False,20,334.2,41.3726963104896,0.003320157527923584,0.0031571210500912776,1.0,0.0
2500,endpoint,group_random,False,21,334.2,41.3726963104896,0.003320157527923584,0.0031571210500912776,1.0,0.0
2500,endpoint,group_random,False,22,334.2,41.3726963104896,0.003320157527923584,0.0031571210500912776,1.0,0.0
2500,endpoint,group_random,False,23,334.2,41.3726963104896,0.0036363601684570312,0.0030794619406152492,1.0,0.0
2500,endpoint,group_random,False,24,334.2,41.3726963104896,0.0036363601684570312,0.0030794619406152492,1.0,0.0
2500,endpoint,group_random,False,25,334.2,41.3726963104896,0.0037154197692871095,0.0032425767390445973,1.0,0.0
2500,endpoint,group_random,False,26,334.2,41.3726963104896,0.0037944674491882323,0.003407030459331179,1.0,0.0
2500,endpoint,group_random,False,27,334.2,41.3726963104896,0.0038735270500183105,0.003335198685668455,1.0,0.0
2500,endpoint,group_random,False,28,334.2,41.3726963104896,0.003952574729919433,0.003342216619971434,1.0,0.0
2500,endpoint,group_random,False,29,334.2,41.3726963104896,0.004189729690551758,0.0033375408132182527,1.0,0.0
2500,endpoint,group_random,False,30,334.2,41.3726963104896,0.004347836971282959,0.0032713382525025097,1.0,0.0
2500,endpoint,group_random,False,31,334.2,41.3726963104896,0.00450594425201416,0.003360852341551684,1.0,0.0
2500,endpoint,group_random,False,32,334.2,41.3726963104896,0.004664039611816407,0.0033701362777044824,1.0,0.0
2500,endpoint,group_random,False,33,334.2,41.3726963104896,0.0047430872917175295,0.003513120034184537,1.0,0.0
2500,endpoint,group_random,False,34,334.2,41.3726963104896,0.0047430872917175295,0.003513120034184537,1.0,0.0
2500,endpoint,group_random,False,35,334.2,41.3726963104896,0.0047430872917175295,0.003513120034184537,1.0,0.0
2500,endpoint,group_random,False,36,334.2,41.3726963104896,0.0047430872917175295,0.003513120034184537,1.0,0.0
2500,endpoint,group_random,False,37,334.2,41.3726963104896,0.0048221230506896974,0.0036376622377703024,1.0,0.0
2500,endpoint,group_random,False,38,334.2,41.3726963104896,0.0048221230506896974,0.0036376622377703024,1.0,0.0
2500,endpoint,group_random,False,39,334.2,41.3726963104896,0.00490117073059082,0.0037767243444454023,1.0,0.0
2500,endpoint,group_random,False,40,334.2,41.3726963104896,0.005059278011322022,0.0036909501445347177,1.0,0.0
2500,endpoint,group_random,False,41,334.2,41.3726963104896,0.0051383376121521,0.003644087702738356,1.0,0.0
2500,endpoint,group_random,False,42,334.2,41.3726963104896,0.005217397212982177,0.00378499862470692,1.0,0.0
2500,endpoint,group_random,False,43,334.2,41.3726963104896,0.005217397212982177,0.00378499862470692,1.0,0.0
2500,endpoint,group_random,False,44,334.2,41.3726963104896,0.005217397212982177,0.00378499862470692,1.0,0.0
2500,endpoint,group_random,False,45,334.2,41.3726963104896,0.0051383376121521,0.003644087702738356,1.0,0.0
2500,endpoint,group_random,False,46,334.2,41.3726963104896,0.0051383376121521,0.003644087702738356,1.0,0.0
2500,endpoint,group_random,False,47,334.2,41.3726963104896,0.005217397212982177,0.00378499862470692,1.0,0.0
2500,endpoint,group_random,False,48,334.2,41.3726963104896,0.005296444892883301,0.0038382781077723914,1.0,0.0
2500,endpoint,group_random,False,49,334.2,41.3726963104896,0.005454540252685547,0.003946642286210298,1.0,0.0
2500,endpoint,group_random,False,50,334.2,41.3726963104896,0.005533599853515625,0.003644090935248341,1.0,0.0
2500,endpoint,group_random,False,51,334.2,41.3726963104896,0.005612647533416748,0.003605301394797566,1.0,0.0
2500,endpoint,group_random,False,52,334.2,41.3726963104896,0.005612647533416748,0.003605301394797566,1.0,0.0
2500,endpoint,group_random,False,53,334.2,41.3726963104896,0.005612647533416748,0.003605301394797566,1.0,0.0
2500,endpoint,group_random,False,54,334.2,41.3726963104896,0.005612647533416748,0.003605301394797566,1.0,0.0
2500,endpoint,group_random,False,55,334.2,41.3726963104896,0.005612647533416748,0.003438947820871269,1.0,0.0
2500,endpoint,group_random,False,56,334.2,41.3726963104896,0.005770754814147949,0.003452569850549975,1.0,0.0
2500,endpoint,group_random,False,57,334.2,41.3726963104896,0.005770754814147949,0.003452569850549975,1.0,0.0
2500,endpoint,group_random,False,58,334.2,41.3726963104896,0.005770754814147949,0.003452569850549975,1.0,0.0
2500,endpoint,group_random,False,59,334.2,41.3726963104896,0.005849802494049072,0.0035944479565385885,1.0,0.0
2500,endpoint,group_random,False,60,334.2,41.3726963104896,0.005770754814147949,0.003452569850549975,1.0,0.0
2500,endpoint,group_random,False,61,334.2,41.3726963104896,0.005770754814147949,0.003452569850549975,1.0,0.0
2500,endpoint,group_random,False,62,334.2,41.3726963104896,0.005849802494049072,0.003416180627192207,1.0,0.0
2500,endpoint,group_random,False,63,334.2,41.3726963104896,0.005770754814147949,0.0033724590316787117,1.0,0.0
2500,endpoint,group_random,False,64,334.2,41.3726963104896,0.005770742893218994,0.0032784821101431885,1.0,0.0
2500,endpoint,group_random,False,65,334.2,41.3726963104896,0.005849802494049072,0.003416180627192207,1.0,0.0
2500,endpoint,group_random,False,66,334.2,41.3726963104896,0.005849802494049072,0.003335179966433459,1.0,0.0
2500,endpoint,group_random,False,67,334.2,41.3726963104896,0.0059288620948791506,0.0034683777891638284,1.0,0.0
2500,endpoint,group_random,False,68,334.2,41.3726963104896,0.0059288620948791506,0.0034683777891638284,1.0,0.0
2500,endpoint,group_random,False,69,334.2,41.3726963104896,0.0059288620948791506,0.0034683777891638284,1.0,0.0
2500,endpoint,group_random,False,70,334.2,41.3726963104896,0.0059288620948791506,0.0034683777891638284,1.0,0.0
2500,endpoint,group_random,False,71,334.2,41.3726963104896,0.0059288620948791506,0.0034683777891638284,1.0,0.0
2500,endpoint,group_random,False,72,334.2,41.3726963104896,0.0059288620948791506,0.0034683777891638284,1.0,0.0
2500,endpoint,group_random,False,73,334.2,41.3726963104896,0.0059288620948791506,0.0034683777891638284,1.0,0.0
2500,endpoint,group_random,False,74,334.2,41.3726963104896,0.005849802494049072,0.003335179966433459,1.0,0.0
2500,endpoint,group_random,False,75,334.2,41.3726963104896,0.005849802494049072,0.003335179966433459,1.0,0.0
2500,endpoint,group_random,False,76,334.2,41.3726963104896,0.005849802494049072,0.003335179966433459,1.0,0.0
2500,endpoint,group_random,False,77,334.2,41.3726963104896,0.0059288620948791506,0.0034683777891638284,1.0,0.0
2500,endpoint,group_random,False,78,334.2,41.3726963104896,0.0060079097747802734,0.003528659062985508,1.0,0.0
2500,endpoint,group_random,False,79,334.2,41.3726963104896,0.0060079097747802734,0.003528659062985508,1.0,0.0
2500,endpoint,group_random,False,80,334.2,41.3726963104896,0.0060079097747802734,0.003528659062985508,1.0,0.0
2500,endpoint,group_random,False,81,334.2,41.3726963104896,0.0060079097747802734,0.003528659062985508,1.0,0.0
2500,endpoint,group_random,False,82,334.2,41.3726963104896,0.0060079097747802734,0.003528659062985508,1.0,0.0
2500,endpoint,group_random,False,83,334.2,41.3726963104896,0.0060079097747802734,0.003528659062985508,1.0,0.0
2500,endpoint,group_random,False,84,334.2,41.3726963104896,0.0060079097747802734,0.003528659062985508,1.0,0.0
2500,endpoint,group_random,False,85,334.2,41.3726963104896,0.006086957454681396,0.0036612000694567276,1.0,0.0
2500,endpoint,group_random,False,86,334.2,41.3726963104896,0.006086957454681396,0.0036612000694567276,1.0,0.0
2500,endpoint,group_random,False,87,334.2,41.3726963104896,0.006166005134582519,0.0037973441339135485,1.0,0.0
2500,endpoint,group_random,False,88,334.2,41.3726963104896,0.006166005134582519,0.0037973441339135485,1.0,0.0
2500,endpoint,group_random,False,89,334.2,41.3726963104896,0.006166005134582519,0.0037973441339135485,1.0,0.0
2500,endpoint,group_random,False,90,334.2,41.3726963104896,0.006166005134582519,0.0037973441339135485,1.0,0.0
2500,endpoint,group_random,False,91,334.2,41.3726963104896,0.006166005134582519,0.0037973441339135485,1.0,0.0
2500,endpoint,group_random,False,92,334.2,41.3726963104896,0.006166005134582519,0.0037973441339135485,1.0,0.0
2500,endpoint,group_random,False,93,334.2,41.3726963104896,0.006166005134582519,0.0037973441339135485,1.0,0.0
2500,endpoint,group_random,False,94,334.2,41.3726963104896,0.006166005134582519,0.0037973441339135485,1.0,0.0
2500,endpoint,group_random,False,95,334.2,41.3726963104896,0.006166005134582519,0.0037973441339135485,1.0,0.0
2500,endpoint,group_random,False,96,334.2,41.3726963104896,0.006166005134582519,0.0037973441339135485,1.0,0.0
2500,endpoint,group_random,False,97,334.2,41.3726963104896,0.006166005134582519,0.0037973441339135485,1.0,0.0
2500,endpoint,group_random,False,98,334.2,41.3726963104896,0.006166005134582519,0.0037973441339135485,1.0,0.0
2500,endpoint,group_random,False,99,334.2,41.3726963104896,0.006166005134582519,0.0037973441339135485,1.0,0.0
2500,endpoint,group_random,True,-1,334.2,41.3726963104896,0.0,0.0,1.0,0.0
2500,endpoint,group_random,True,0,334.2,41.3726963104896,0.0,0.0,1.0,0.0
2500,endpoint,group_random,True,1,334.2,41.3726963104896,0.0002371668815612793,0.00021650275290791075,0.5008850066101355,0.0008119627044084923
2500,endpoint,group_random,True,2,334.2,41.3726963104896,0.0003952503204345703,0.0005589620421998844,0.372278732689056,0.025344142042179118
2500,endpoint,group_random,True,3,334.2,41.3726963104896,0.001185774803161621,0.0013692148038235005,0.31059720485939946,0.025847436281966826
2500,endpoint,group_random,True,4,334.2,41.3726963104896,0.001264810562133789,0.001515449303675293,0.28290431584170095,0.022970818567714116
2500,endpoint,group_random,True,5,334.2,41.3726963104896,0.0018972277641296387,0.0022774615674122116,0.2684622526896264,0.026641620005676984
2500,endpoint,group_random,True,6,334.2,41.3726963104896,0.002134394645690918,0.002228901717593187,0.2602201630246211,0.03149449241531188
2500,endpoint,group_random,True,7,334.2,41.3726963104896,0.0026877522468566895,0.002490443759597552,0.2549216080218619,0.03153251464830142
2500,endpoint,group_random,True,8,334.2,41.3726963104896,0.0035573124885559084,0.002808849624104827,0.2514999628639659,0.031536181953495085
2500,endpoint,group_random,True,9,334.2,41.3726963104896,0.004268777370452881,0.002882924238894168,0.2495991433272669,0.032497099618467896
2500,endpoint,group_random,True,10,334.2,41.3726963104896,0.004822134971618652,0.0034275824401719564,0.2467141248343702,0.03162983766177238
2500,endpoint,group_random,True,11,334.2,41.3726963104896,0.005612647533416748,0.003764280856671474,0.2467141248343702,0.03162983766177238
2500,endpoint,group_random,True,12,334.2,41.3726963104896,0.006640315055847168,0.004025022181859246,0.2455479440763527,0.0315522066168966
2500,endpoint,group_random,True,13,334.2,41.3726963104896,0.007035577297210693,0.004680071395864622,0.24499999887087323,0.030770861630747576
2500,endpoint,group_random,True,14,334.2,41.3726963104896,0.0076679825782775875,0.005004308495596137,0.2444520536653938,0.030019202988819854
2500,endpoint,group_random,True,15,334.2,41.3726963104896,0.008063232898712159,0.005089444877125609,0.2444520536653938,0.030019202988819854
2500,endpoint,group_random,True,16,334.2,41.3726963104896,0.008932816982269286,0.005188243362588799,0.2432651308241316,0.02857123647097169
2500,endpoint,group_random,True,17,334.2,41.3726963104896,0.009011852741241454,0.005194275981164156,0.24273321593051458,0.029356844182100036
2500,endpoint,group_random,True,18,334.2,41.3726963104896,0.009565234184265137,0.005564557503530826,0.2420942382947318,0.028686433440709872
2500,endpoint,group_random,True,19,334.2,41.3726963104896,0.009960484504699708,0.005675760069055452,0.2420942382947318,0.028686433440709872
2500,endpoint,group_random,True,20,334.2,41.3726963104896,0.010197627544403075,0.005871920687740825,0.24145526065894907,0.028072790223893987
2500,endpoint,group_random,True,21,334.2,41.3726963104896,0.010750985145568848,0.0059380743380577075,0.24037540055985263,0.02812380644086043
2500,endpoint,group_random,True,22,334.2,41.3726963104896,0.010750997066497802,0.005944632410040347,0.23979231018084385,0.028036686851664782
2500,endpoint,group_random,True,23,334.2,41.3726963104896,0.011304354667663575,0.005879897310124314,0.23979231018084385,0.028036686851664782
2500,endpoint,group_random,True,24,334.2,41.3726963104896,0.011541509628295898,0.005791544971846784,0.23915333254506113,0.027434510216200133
2500,endpoint,group_random,True,25,334.2,41.3726963104896,0.011699604988098144,0.005826505541721648,0.23915333254506113,0.027434510216200133
2500,endpoint,group_random,True,26,334.2,41.3726963104896,0.011857712268829345,0.006026845346215421,0.23915333254506113,0.027434510216200133
2500,endpoint,group_random,True,27,334.2,41.3726963104896,0.012015819549560547,0.006240798467097817,0.23851435490927836,0.02689482879993052
2500,endpoint,group_random,True,28,334.2,41.3726963104896,0.012173914909362793,0.006332741343947584,0.23851435490927836,0.02689482879993052
2500,endpoint,group_random,True,29,334.2,41.3726963104896,0.012411069869995118,0.006564118488358172,0.23787537727349561,0.026421472437066412
2500,endpoint,group_random,True,30,334.2,41.3726963104896,0.012569177150726318,0.0067216945186481785,0.23714545026619635,0.027115350846752873
2500,endpoint,group_random,True,31,334.2,41.3726963104896,0.012569165229797364,0.006562928835632005,0.2365975050607169,0.02626877169878356
2500,endpoint,group_random,True,32,334.2,41.3726963104896,0.012885379791259765,0.00660564721243855,0.2365975050607169,0.02626877169878356
2500,endpoint,group_random,True,33,334.2,41.3726963104896,0.013201582431793212,0.006468221928638311,0.2365975050607169,0.02626877169878356
2500,endpoint,group_random,True,34,334.2,41.3726963104896,0.01351778507232666,0.006332747668431382,0.2360144146817081,0.02615145275196358
2500,endpoint,group_random,True,35,334.2,41.3726963104896,0.013675880432128907,0.006203145371478291,0.2354824997880911,0.026959945372302428
2500,endpoint,group_random,True,36,334.2,41.3726963104896,0.013913047313690186,0.006338923264243254,0.23493455458261164,0.026136560686074818
2500,endpoint,group_random,True,37,334.2,41.3726963104896,0.014229249954223634,0.006409975473512887,0.23493455458261164,0.026136560686074818
2500,endpoint,group_random,True,38,334.2,41.3726963104896,0.014387357234954833,0.006486310722267733,0.2343866093771322,0.02534567801417612
2500,endpoint,group_random,True,39,334.2,41.3726963104896,0.014624512195587159,0.006403896540892238,0.2343866093771322,0.02534567801417612
2500,endpoint,group_random,True,40,334.2,41.3726963104896,0.014861679077148438,0.006486311448715183,0.2338035189981235,0.025244416379559917
2500,endpoint,group_random,True,41,334.2,41.3726963104896,0.015098822116851807,0.006663326629270511,0.2338035189981235,0.025244416379559917
2500,endpoint,group_random,True,42,334.2,41.3726963104896,0.015256917476654053,0.006576009089727056,0.2338035189981235,0.025244416379559917
2500,endpoint,group_random,True,43,334.2,41.3726963104896,0.015415024757385255,0.006607997017920033,0.2338035189981235,0.025244416379559917
2500,endpoint,group_random,True,44,334.2,41.3726963104896,0.0155731201171875,0.006711211263687596,0.2338035189981235,0.025244416379559917
2500,endpoint,group_random,True,45,334.2,41.3726963104896,0.015889322757720946,0.00651514182206292,0.23316454136234072,0.02469051044763729
2500,endpoint,group_random,True,46,334.2,41.3726963104896,0.016205525398254393,0.006759925956670732,0.23316454136234072,0.02469051044763729
2500,endpoint,group_random,True,47,334.2,41.3726963104896,0.01644268035888672,0.00665863852745534,0.23316454136234072,0.02469051044763729
2500,endpoint,group_random,True,48,334.2,41.3726963104896,0.016679847240448,0.00659263076591866,0.23316454136234072,0.02469051044763729
2500,endpoint,group_random,True,49,334.2,41.3726963104896,0.016837942600250243,0.006462157867951931,0.23316454136234072,0.02469051044763729
2500,endpoint,group_random,True,50,334.2,41.3726963104896,0.01715414524078369,0.006769152875660167,0.23316454136234072,0.02469051044763729
2500,endpoint,group_random,True,51,334.2,41.3726963104896,0.017233216762542726,0.006872229941493985,0.23316454136234072,0.02469051044763729
2500,endpoint,group_random,True,52,334.2,41.3726963104896,0.017312264442443846,0.006733295659914523,0.23316454136234072,0.02469051044763729
2500,endpoint,group_random,True,53,334.2,41.3726963104896,0.017470359802246094,0.006663328573969713,0.23316454136234072,0.02469051044763729
2500,endpoint,group_random,True,54,334.2,41.3726963104896,0.017470359802246094,0.006663328573969713,0.23316454136234072,0.02469051044763729
2500,endpoint,group_random,True,55,334.2,41.3726963104896,0.017549419403076173,0.006528304471392771,0.23316454136234072,0.02469051044763729
2500,endpoint,group_random,True,56,334.2,41.3726963104896,0.017549419403076173,0.006528304471392771,0.23316454136234072,0.02469051044763729
2500,endpoint,group_random,True,57,334.2,41.3726963104896,0.017707514762878417,0.006345063516948136,0.23316454136234072,0.02469051044763729
2500,endpoint,group_random,True,58,334.2,41.3726963104896,0.017707514762878417,0.006345063516948136,0.23316454136234072,0.02469051044763729
2500,endpoint,group_random,True,59,334.2,41.3726963104896,0.017707514762878417,0.006345063516948136,0.23316454136234072,0.02469051044763729
2500,endpoint,group_random,True,60,334.2,41.3726963104896,0.01778656244277954,0.006416067006069128,0.23316454136234072,0.02469051044763729
2500,endpoint,group_random,True,61,334.2,41.3726963104896,0.01778656244277954,0.006416067006069128,0.23316454136234072,0.02469051044763729
2500,endpoint,group_random,True,62,334.2,41.3726963104896,0.01778656244277954,0.006299350595420129,0.23316454136234072,0.02469051044763729
2500,endpoint,group_random,True,63,334.2,41.3726963104896,0.017865610122680665,0.006369637460408415,0.23316454136234072,0.02469051044763729
2500,endpoint,group_random,True,64,334.2,41.3726963104896,0.017865610122680665,0.006369637460408415,0.23316454136234072,0.02469051044763729
2500,endpoint,group_random,True,65,334.2,41.3726963104896,0.01778656244277954,0.006299350595420129,0.23316454136234072,0.02469051044763729
2500,endpoint,group_random,True,66,334.2,41.3726963104896,0.01794466972351074,0.006486310177445785,0.23316454136234072,0.02469051044763729
2500,endpoint,group_random,True,67,334.2,41.3726963104896,0.018023717403411865,0.006480286310496662,0.23316454136234072,0.02469051044763729
2500,endpoint,group_random,True,68,334.2,41.3726963104896,0.017865610122680665,0.006295629746600954,0.23316454136234072,0.02469051044763729
2500,endpoint,group_random,True,69,334.2,41.3726963104896,0.01794465780258179,0.006364730632168235,0.23316454136234072,0.02469051044763729
2500,endpoint,group_random,True,70,334.2,41.3726963104896,0.01794465780258179,0.006364730632168235,0.23316454136234072,0.02469051044763729
2500,endpoint,group_random,True,71,334.2,41.3726963104896,0.01794465780258179,0.006364730632168235,0.23316454136234072,0.02469051044763729
2500,endpoint,group_random,True,72,334.2,41.3726963104896,0.017865610122680665,0.006295629746600954,0.23316454136234072,0.02469051044763729
2500,endpoint,group_random,True,73,334.2,41.3726963104896,0.018023717403411865,0.006480286310496662,0.23316454136234072,0.02469051044763729
2500,endpoint,group_random,True,74,334.2,41.3726963104896,0.018023717403411865,0.006480286310496662,0.23316454136234072,0.02469051044763729
2500,endpoint,group_random,True,75,334.2,41.3726963104896,0.018023717403411865,0.006413648719058517,0.23316454136234072,0.02469051044763729
2500,endpoint,group_random,True,76,334.2,41.3726963104896,0.01794466972351074,0.00641364890271407,0.23316454136234072,0.02469051044763729
2500,endpoint,group_random,True,77,334.2,41.3726963104896,0.018102777004241944,0.006436741134985595,0.23316454136234072,0.02469051044763729
2500,endpoint,group_random,True,78,334.2,41.3726963104896,0.018102777004241944,0.006436741134985595,0.23316454136234072,0.02469051044763729
2500,endpoint,group_random,True,79,334.2,41.3726963104896,0.018102777004241944,0.006436741134985595,0.23316454136234072,0.02469051044763729
2500,endpoint,group_random,True,80,334.2,41.3726963104896,0.018181824684143068,0.006434313409270488,0.23316454136234072,0.02469051044763729
2500,endpoint,group_random,True,81,334.2,41.3726963104896,0.018260872364044188,0.006394127646757025,0.23316454136234072,0.02469051044763729
2500,endpoint,group_random,True,82,334.2,41.3726963104896,0.018181824684143068,0.006434313409270488,0.23316454136234072,0.02469051044763729
2500,endpoint,group_random,True,83,334.2,41.3726963104896,0.018260872364044188,0.006394127646757025,0.23316454136234072,0.02469051044763729
2500,endpoint,group_random,True,84,334.2,41.3726963104896,0.018339920043945312,0.0063586030725548935,0.23316454136234072,0.02469051044763729
2500,endpoint,group_random,True,85,334.2,41.3726963104896,0.018339920043945312,0.0063586030725548935,0.23316454136234072,0.02469051044763729
2500,endpoint,group_random,True,86,334.2,41.3726963104896,0.018339920043945312,0.0063586030725548935,0.23316454136234072,0.02469051044763729
2500,endpoint,group_random,True,87,334.2,41.3726963104896,0.018260872364044188,0.006295641534296678,0.23316454136234072,0.02469051044763729
2500,endpoint,group_random,True,88,334.2,41.3726963104896,0.018339920043945312,0.0063586030725548935,0.23316454136234072,0.02469051044763729
2500,endpoint,group_random,True,89,334.2,41.3726963104896,0.018339920043945312,0.0063586030725548935,0.23316454136234072,0.02469051044763729
2500,endpoint,group_random,True,90,334.2,41.3726963104896,0.018418967723846436,0.006358602702064004,0.23316454136234072,0.02469051044763729
2500,endpoint,group_random,True,91,334.2,41.3726963104896,0.018339920043945312,0.006296881685088018,0.23316454136234072,0.02469051044763729
2500,endpoint,group_random,True,92,334.2,41.3726963104896,0.018418967723846436,0.006358602702064004,0.23316454136234072,0.02469051044763729
2500,endpoint,group_random,True,93,334.2,41.3726963104896,0.018418967723846436,0.006358602702064004,0.23316454136234072,0.02469051044763729
2500,endpoint,group_random,True,94,334.2,41.3726963104896,0.018339920043945312,0.006296881685088018,0.23316454136234072,0.02469051044763729
2500,endpoint,group_random,True,95,334.2,41.3726963104896,0.018339920043945312,0.006296881685088018,0.23316454136234072,0.02469051044763729
2500,endpoint,group_random,True,96,334.2,41.3726963104896,0.018339920043945312,0.006395348699692458,0.23316454136234072,0.02469051044763729
2500,endpoint,group_random,True,97,334.2,41.3726963104896,0.018339920043945312,0.006395348699692458,0.23316454136234072,0.02469051044763729
2500,endpoint,group_random,True,98,334.2,41.3726963104896,0.018418967723846436,0.006462174638121336,0.23316454136234072,0.02469051044763729
2500,endpoint,group_random,True,99,334.2,41.3726963104896,0.018418967723846436,0.006462174638121336,0.23316454136234072,0.02469051044763729
2500,subset_accuracy_drop,group_harmful,False,-1,250.0,0.0,0.0,0.0,1.0,0.0
2500,subset_accuracy_drop,group_harmful,False,0,250.0,0.0,7.905960083007813e-05,0.00017678264173005349,1.0,0.0
2500,subset_accuracy_drop,group_harmful,False,1,250.0,0.0,0.001185774803161621,0.0010077109142084212,1.0,0.0
2500,subset_accuracy_drop,group_harmful,False,2,250.0,0.0,0.002529633045196533,0.0018026343611351006,1.0,0.0
2500,subset_accuracy_drop,group_harmful,False,3,250.0,0.0,0.004268777370452881,0.0027010706509433082,1.0,0.0
2500,subset_accuracy_drop,group_harmful,False,4,250.0,0.0,0.005217397212982177,0.002909891797112204,1.0,0.0
2500,subset_accuracy_drop,group_harmful,False,5,250.0,0.0,0.005770754814147949,0.00278927685614084,1.0,0.0
2500,subset_accuracy_drop,group_harmful,False,6,250.0,0.0,0.006877481937408447,0.002600905411261418,1.0,0.0
2500,subset_accuracy_drop,group_harmful,False,7,250.0,0.0,0.007430839538574219,0.003053975127597892,1.0,0.0
2500,subset_accuracy_drop,group_harmful,False,8,250.0,0.0,0.008221352100372314,0.003323451593310149,1.0,0.0
2500,subset_accuracy_drop,group_harmful,False,9,250.0,0.0,0.009090924263000488,0.003162056207684949,1.0,0.0
2500,subset_accuracy_drop,group_harmful,False,10,250.0,0.0,0.00980236530303955,0.0032998626548405383,1.0,0.0
2500,subset_accuracy_drop,group_harmful,False,11,250.0,0.0,0.010592889785766602,0.0029233153282067228,1.0,0.0
2500,subset_accuracy_drop,group_harmful,False,12,250.0,0.0,0.010909080505371094,0.0031197830242500274,1.0,0.0
2500,subset_accuracy_drop,group_harmful,False,13,250.0,0.0,0.011067187786102295,0.0032232342388038154,1.0,0.0
2500,subset_accuracy_drop,group_harmful,False,14,250.0,0.0,0.011541497707366944,0.0027011068477104322,1.0,0.0
2500,subset_accuracy_drop,group_harmful,False,15,250.0,0.0,0.01209486722946167,0.002925967442580219,1.0,0.0
2500,subset_accuracy_drop,group_harmful,False,16,250.0,0.0,0.012411057949066162,0.002991962199390953,1.0,0.0
2500,subset_accuracy_drop,group_harmful,False,17,250.0,0.0,0.01272726058959961,0.003015382032934472,1.0,0.0
2500,subset_accuracy_drop,group_harmful,False,18,250.0,0.0,0.013201570510864258,0.002978898247126217,1.0,0.0
2500,subset_accuracy_drop,group_harmful,False,19,250.0,0.0,0.013596844673156739,0.002939296719654679,1.0,0.0
2500,subset_accuracy_drop,group_harmful,False,20,250.0,0.0,0.014229249954223634,0.0028088496241048264,1.0,0.0
2500,subset_accuracy_drop,group_harmful,False,21,250.0,0.0,0.014387357234954833,0.0028584712718925953,1.0,0.0
2500,subset_accuracy_drop,group_harmful,False,22,250.0,0.0,0.014861667156219482,0.002689496959910098,1.0,0.0
2500,subset_accuracy_drop,group_harmful,False,23,250.0,0.0,0.014861667156219482,0.002689496959910098,1.0,0.0
2500,subset_accuracy_drop,group_harmful,False,24,250.0,0.0,0.015177857875823975,0.002885646541557152,1.0,0.0
2500,subset_accuracy_drop,group_harmful,False,25,250.0,0.0,0.015335953235626221,0.0027298568754855566,1.0,0.0
2500,subset_accuracy_drop,group_harmful,False,26,250.0,0.0,0.015494048595428467,0.002582829687365591,1.0,0.0
2500,subset_accuracy_drop,group_harmful,False,27,250.0,0.0,0.015810275077819826,0.0027809074739311448,1.0,0.0
2500,subset_accuracy_drop,group_harmful,False,28,250.0,0.0,0.01596837043762207,0.002912613969304789,1.0,0.0
2500,subset_accuracy_drop,group_harmful,False,29,250.0,0.0,0.01620553731918335,0.0028365103039851387,1.0,0.0
2500,subset_accuracy_drop,group_harmful,False,30,250.0,0.0,0.016363632678985596,0.002965746961057096,1.0,0.0
2500,subset_accuracy_drop,group_harmful,False,31,250.0,0.0,0.016679835319519044,0.0031915600467799406,1.0,0.0
2500,subset_accuracy_drop,group_harmful,False,32,250.0,0.0,0.017075097560882567,0.0033817180705344473,1.0,0.0
2500,subset_accuracy_drop,group_harmful,False,33,250.0,0.0,0.01723320484161377,0.0034525749683054882,1.0,0.0
2500,subset_accuracy_drop,group_harmful,False,34,250.0,0.0,0.017470359802246094,0.0038260391276184556,1.0,0.0
2500,subset_accuracy_drop,group_harmful,False,35,250.0,0.0,0.017628467082977294,0.00377674025132688,1.0,0.0
2500,subset_accuracy_drop,group_harmful,False,36,250.0,0.0,0.017549419403076173,0.0037455887465530414,1.0,0.0
2500,subset_accuracy_drop,group_harmful,False,37,250.0,0.0,0.017707514762878417,0.0037120724469455824,1.0,0.0
2500,subset_accuracy_drop,group_harmful,False,38,250.0,0.0,0.01794466972351074,0.003552926400181825,1.0,0.0
2500,subset_accuracy_drop,group_harmful,False,39,250.0,0.0,0.018181824684143068,0.0034001494220383187,1.0,0.0
2500,subset_accuracy_drop,group_harmful,False,40,250.0,0.0,0.01841897964477539,0.003144727546277491,1.0,0.0
2500,subset_accuracy_drop,group_harmful,False,41,250.0,0.0,0.018498027324676515,0.003264168655563981,1.0,0.0
2500,subset_accuracy_drop,group_harmful,False,42,250.0,0.0,0.01865612268447876,0.00316700450399782,1.0,0.0
2500,subset_accuracy_drop,group_harmful,False,43,250.0,0.0,0.01913043260574341,0.0031447178071424514,1.0,0.0
2500,subset_accuracy_drop,group_harmful,False,44,250.0,0.0,0.01913043260574341,0.0031447178071424514,1.0,0.0
2500,subset_accuracy_drop,group_harmful,False,45,250.0,0.0,0.01913043260574341,0.0031447178071424514,1.0,0.0
2500,subset_accuracy_drop,group_harmful,False,46,250.0,0.0,0.01920948028564453,0.0032062138303164747,1.0,0.0
2500,subset_accuracy_drop,group_harmful,False,47,250.0,0.0,0.01920948028564453,0.0032062138303164747,1.0,0.0
2500,subset_accuracy_drop,group_harmful,False,48,250.0,0.0,0.01928853988647461,0.0031422240857656397,1.0,0.0
2500,subset_accuracy_drop,group_harmful,False,49,250.0,0.0,0.01936759948730469,0.0032593783557703596,1.0,0.0
2500,subset_accuracy_drop,group_harmful,False,50,250.0,0.0,0.01968381404876709,0.0034728733740530065,1.0,0.0
2500,subset_accuracy_drop,group_harmful,False,51,250.0,0.0,0.019841909408569336,0.003539702580888185,1.0,0.0
2500,subset_accuracy_drop,group_harmful,False,52,250.0,0.0,0.019841909408569336,0.003539702580888185,1.0,0.0
2500,subset_accuracy_drop,group_harmful,False,53,250.0,0.0,0.019841909408569336,0.003539702580888185,1.0,0.0
2500,subset_accuracy_drop,group_harmful,False,54,250.0,0.0,0.020079052448272704,0.0035726507380721734,1.0,0.0
2500,subset_accuracy_drop,group_harmful,False,55,250.0,0.0,0.020158112049102783,0.0036117955196280803,1.0,0.0
2500,subset_accuracy_drop,group_harmful,False,56,250.0,0.0,0.020158112049102783,0.0036117955196280803,1.0,0.0
2500,subset_accuracy_drop,group_harmful,False,57,250.0,0.0,0.020158112049102783,0.0036117955196280803,1.0,0.0
2500,subset_accuracy_drop,group_harmful,False,58,250.0,0.0,0.020158112049102783,0.0036117955196280803,1.0,0.0
2500,subset_accuracy_drop,group_harmful,False,59,250.0,0.0,0.020237159729003907,0.0036590638308184715,1.0,0.0
2500,subset_accuracy_drop,group_harmful,False,60,250.0,0.0,0.02031620740890503,0.0035308698625830088,1.0,0.0
2500,subset_accuracy_drop,group_harmful,False,61,250.0,0.0,0.02039525508880615,0.0035857477946208876,1.0,0.0
2500,subset_accuracy_drop,group_harmful,False,62,250.0,0.0,0.02031620740890503,0.0035308698625830088,1.0,0.0
2500,subset_accuracy_drop,group_harmful,False,63,250.0,0.0,0.02047431468963623,0.0036483819559034957,1.0,0.0
2500,subset_accuracy_drop,group_harmful,False,64,250.0,0.0,0.02047431468963623,0.0036483819559034957,1.0,0.0
2500,subset_accuracy_drop,group_harmful,False,65,250.0,0.0,0.02047431468963623,0.0036483819559034957,1.0,0.0
2500,subset_accuracy_drop,group_harmful,False,66,250.0,0.0,0.02047431468963623,0.0036483819559034957,1.0,0.0
2500,subset_accuracy_drop,group_harmful,False,67,250.0,0.0,0.02039525508880615,0.0035857477946208876,1.0,0.0
2500,subset_accuracy_drop,group_harmful,False,68,250.0,0.0,0.02039525508880615,0.0035857477946208876,1.0,0.0
2500,subset_accuracy_drop,group_harmful,False,69,250.0,0.0,0.02039525508880615,0.0035857477946208876,1.0,0.0
2500,subset_accuracy_drop,group_harmful,False,70,250.0,0.0,0.02039525508880615,0.0035857477946208876,1.0,0.0
2500,subset_accuracy_drop,group_harmful,False,71,250.0,0.0,0.020474302768707275,0.0036376534945673404,1.0,0.0
2500,subset_accuracy_drop,group_harmful,False,72,250.0,0.0,0.02039525508880615,0.0035857477946208876,1.0,0.0
2500,subset_accuracy_drop,group_harmful,False,73,250.0,0.0,0.02039525508880615,0.0035857477946208876,1.0,0.0
2500,subset_accuracy_drop,group_harmful,False,74,250.0,0.0,0.02039525508880615,0.0035857477946208876,1.0,0.0
2500,subset_accuracy_drop,group_harmful,False,75,250.0,0.0,0.02039525508880615,0.0035857477946208876,1.0,0.0
2500,subset_accuracy_drop,group_harmful,False,76,250.0,0.0,0.02047431468963623,0.0036909603572424965,1.0,0.0
2500,subset_accuracy_drop,group_harmful,False,77,250.0,0.0,0.020395267009735107,0.003650528963157607,1.0,0.0
2500,subset_accuracy_drop,group_harmful,False,78,250.0,0.0,0.02047431468963623,0.0036909603572424965,1.0,0.0
2500,subset_accuracy_drop,group_harmful,False,79,250.0,0.0,0.02047431468963623,0.0036909603572424965,1.0,0.0
2500,subset_accuracy_drop,group_harmful,False,80,250.0,0.0,0.020395267009735107,0.003650528963157607,1.0,0.0
2500,subset_accuracy_drop,group_harmful,False,81,250.0,0.0,0.020632410049438478,0.003795299425003828,1.0,0.0
2500,subset_accuracy_drop,group_harmful,False,82,250.0,0.0,0.020553362369537354,0.0037393181682756384,1.0,0.0
2500,subset_accuracy_drop,group_harmful,False,83,250.0,0.0,0.02047431468963623,0.0036909603572424965,1.0,0.0
2500,subset_accuracy_drop,group_harmful,False,84,250.0,0.0,0.020553362369537354,0.0037393181682756384,1.0,0.0
2500,subset_accuracy_drop,group_harmful,False,85,250.0,0.0,0.02063242197036743,0.003795306873873652,1.0,0.0
2500,subset_accuracy_drop,group_harmful,False,86,250.0,0.0,0.02063242197036743,0.003795306873873652,1.0,0.0
2500,subset_accuracy_drop,group_harmful,False,87,250.0,0.0,0.020711469650268554,0.0038484448721089783,1.0,0.0
2500,subset_accuracy_drop,group_harmful,False,88,250.0,0.0,0.02063242197036743,0.003795306873873652,1.0,0.0
2500,subset_accuracy_drop,group_harmful,False,89,250.0,0.0,0.02063242197036743,0.003795306873873652,1.0,0.0
2500,subset_accuracy_drop,group_harmful,False,90,250.0,0.0,0.02063242197036743,0.003795306873873652,1.0,0.0
2500,subset_accuracy_drop,group_harmful,False,91,250.0,0.0,0.020711469650268554,0.0038484448721089783,1.0,0.0
2500,subset_accuracy_drop,group_harmful,False,92,250.0,0.0,0.02063242197036743,0.003795306873873652,1.0,0.0
2500,subset_accuracy_drop,group_harmful,False,93,250.0,0.0,0.020711469650268554,0.0038484448721089783,1.0,0.0
2500,subset_accuracy_drop,group_harmful,False,94,250.0,0.0,0.020711469650268554,0.00371417470869218,1.0,0.0
2500,subset_accuracy_drop,group_harmful,False,95,250.0,0.0,0.02063242197036743,0.0036697447862380325,1.0,0.0
2500,subset_accuracy_drop,group_harmful,False,96,250.0,0.0,0.020790517330169678,0.003766383689194923,1.0,0.0
2500,subset_accuracy_drop,group_harmful,False,97,250.0,0.0,0.020711469650268554,0.00371417470869218,1.0,0.0
2500,subset_accuracy_drop,group_harmful,False,98,250.0,0.0,0.020711469650268554,0.00371417470869218,1.0,0.0
2500,subset_accuracy_drop,group_harmful,False,99,250.0,0.0,0.020711469650268554,0.00371417470869218,1.0,0.0
2500,subset_accuracy_drop,group_harmful,True,-1,250.0,0.0,0.0,0.0,1.0,0.0
2500,subset_accuracy_drop,group_harmful,True,0,250.0,0.0,7.905960083007813e-05,0.00017678264173005349,1.0,0.0
2500,subset_accuracy_drop,group_harmful,True,1,250.0,0.0,0.0012648224830627442,0.0009436686773755733,0.5,0.0
2500,subset_accuracy_drop,group_harmful,True,2,250.0,0.0,0.0026086807250976563,0.0016908423154208642,0.4176,0.018889150324988148
2500,subset_accuracy_drop,group_harmful,True,3,250.0,0.0,0.0043478250503540036,0.0026068892450416816,0.3776,0.01458766602304839
2500,subset_accuracy_drop,group_harmful,True,4,250.0,0.0,0.005375492572784424,0.002978889943093239,0.35919999999999996,0.015073154945133437
2500,subset_accuracy_drop,group_harmful,True,5,250.0,0.0,0.0060079097747802734,0.002537025942675939,0.3504,0.014587666023048354
2500,subset_accuracy_drop,group_harmful,True,6,250.0,0.0,0.006640315055847168,0.0027298491083536987,0.344,0.016733200530681485
2500,subset_accuracy_drop,group_harmful,True,7,250.0,0.0,0.007509887218475342,0.0028910581953310527,0.3376,0.016149303390549048
2500,subset_accuracy_drop,group_harmful,True,8,250.0,0.0,0.008221352100372314,0.0031915648448254215,0.33599999999999997,0.014142135623730926
2500,subset_accuracy_drop,group_harmful,True,9,250.0,0.0,0.00924900770187378,0.003043732798584219,0.33280000000000004,0.016099689437998457
2500,subset_accuracy_drop,group_harmful,True,10,250.0,0.0,0.009960472583770752,0.00265735633196725,0.3304,0.01663730747446832
2500,subset_accuracy_drop,group_harmful,True,11,250.0,0.0,0.010434770584106445,0.0026603001703978434,0.328,0.017435595774162687
2500,subset_accuracy_drop,group_harmful,True,12,250.0,0.0,0.010988152027130127,0.002800475641880745,0.32720000000000005,0.01841738309315413
2500,subset_accuracy_drop,group_harmful,True,13,250.0,0.0,0.011620545387268066,0.0028720965846862003,0.3264,0.017343586710943024
2500,subset_accuracy_drop,group_harmful,True,14,250.0,0.0,0.01225295066833496,0.002666156888956807,0.3256,0.017111399708965944
2500,subset_accuracy_drop,group_harmful,True,15,250.0,0.0,0.012648224830627441,0.0029578426980839214,0.3256,0.017111399708965944
2500,subset_accuracy_drop,group_harmful,True,16,250.0,0.0,0.012964427471160889,0.0028282232206770824,0.3256,0.017111399708965944
2500,subset_accuracy_drop,group_harmful,True,17,250.0,0.0,0.013438737392425537,0.0027667965209117575,0.32480000000000003,0.018198901065723715
2500,subset_accuracy_drop,group_harmful,True,18,250.0,0.0,0.013913047313690186,0.0027864980280699904,0.32480000000000003,0.018198901065723715
2500,subset_accuracy_drop,group_harmful,True,19,250.0,0.0,0.01415020227432251,0.00294990248101951,0.32320000000000004,0.01841738309315413
2500,subset_accuracy_drop,group_harmful,True,20,250.0,0.0,0.01454545259475708,0.003252174786519765,0.32320000000000004,0.01841738309315413
2500,subset_accuracy_drop,group_harmful,True,21,250.0,0.0,0.014861655235290528,0.002885640010207202,0.3224,0.017798876369029576
2500,subset_accuracy_drop,group_harmful,True,22,250.0,0.0,0.015415024757385255,0.002621827269630972,0.3224,0.017798876369029576
2500,subset_accuracy_drop,group_harmful,True,23,250.0,0.0,0.015810286998748778,0.0028226940238075984,0.32080000000000003,0.019879637823662664
2500,subset_accuracy_drop,group_harmful,True,24,250.0,0.0,0.015968382358551025,0.002718379312411785,0.3184,0.020899760764181034
2500,subset_accuracy_drop,group_harmful,True,25,250.0,0.0,0.016442692279815672,0.002570704471972791,0.3176,0.020317480158720497
2500,subset_accuracy_drop,group_harmful,True,26,250.0,0.0,0.01660078763961792,0.0026367030027326524,0.3176,0.020317480158720497
2500,subset_accuracy_drop,group_harmful,True,27,250.0,0.0,0.016758906841278075,0.0025706911832479766,0.3176,0.020317480158720497
2500,subset_accuracy_drop,group_harmful,True,28,250.0,0.0,0.0168379545211792,0.00300499836547246,0.3168,0.019879637823662706
2500,subset_accuracy_drop,group_harmful,True,29,250.0,0.0,0.01723320484161377,0.0032425571219507755,0.316,0.02097617696340305
2500,subset_accuracy_drop,group_harmful,True,30,250.0,0.0,0.017391300201416014,0.003490809628816088,0.3168,0.021428952377566216
2500,subset_accuracy_drop,group_harmful,True,31,250.0,0.0,0.017865610122680665,0.0036590734886976337,0.31520000000000004,0.022163032283512126
2500,subset_accuracy_drop,group_harmful,True,32,250.0,0.0,0.018260872364044188,0.0034728798186263675,0.3144,0.023082460874005627
2500,subset_accuracy_drop,group_harmful,True,33,250.0,0.0,0.018498027324676515,0.0037120511856194934,0.312,0.019595917942265447
2500,subset_accuracy_drop,group_harmful,True,34,250.0,0.0,0.018814241886138915,0.0038076260763069084,0.31120000000000003,0.02066881709242212
2500,subset_accuracy_drop,group_harmful,True,35,250.0,0.0,0.01873518228530884,0.0037973531299115605,0.31120000000000003,0.02066881709242212
2500,subset_accuracy_drop,group_harmful,True,36,250.0,0.0,0.018814229965209962,0.0036182831979138155,0.3104,0.0218357505023299
2500,subset_accuracy_drop,group_harmful,True,37,250.0,0.0,0.01889328956604004,0.003826044977413874,0.3096,0.02273323558141253
2500,subset_accuracy_drop,group_harmful,True,38,250.0,0.0,0.018893277645111083,0.003906846275741849,0.3088,0.023731835158706135
2500,subset_accuracy_drop,group_harmful,True,39,250.0,0.0,0.01913043260574341,0.0034751084775607012,0.3088,0.023731835158706135
2500,subset_accuracy_drop,group_harmful,True,40,250.0,0.0,0.019446635246276857,0.0029893465682219412,0.308,0.024819347291981715
2500,subset_accuracy_drop,group_harmful,True,41,250.0,0.0,0.01968379020690918,0.0026573390437991656,0.308,0.024819347291981715
2500,subset_accuracy_drop,group_harmful,True,42,250.0,0.0,0.019920945167541504,0.002844725627131869,0.308,0.024819347291981715
2500,subset_accuracy_drop,group_harmful,True,43,250.0,0.0,0.020158100128173827,0.0033421813750470057,0.30720000000000003,0.024560130292814
2500,subset_accuracy_drop,group_harmful,True,44,250.0,0.0,0.020395278930664062,0.003452555520742731,0.30720000000000003,0.024560130292814
2500,subset_accuracy_drop,group_harmful,True,45,250.0,0.0,0.02063242197036743,0.0032998608700654406,0.30720000000000003,0.024560130292814
2500,subset_accuracy_drop,group_harmful,True,46,250.0,0.0,0.02063242197036743,0.0032998608700654406,0.30720000000000003,0.024560130292814
2500,subset_accuracy_drop,group_harmful,True,47,250.0,0.0,0.020553362369537354,0.0033069548667582055,0.30720000000000003,0.024560130292814
2500,subset_accuracy_drop,group_harmful,True,48,250.0,0.0,0.02063242197036743,0.0032998608700654406,0.30720000000000003,0.024560130292814
2500,subset_accuracy_drop,group_harmful,True,49,250.0,0.0,0.020711469650268554,0.003266552696917149,0.30720000000000003,0.024560130292814
2500,subset_accuracy_drop,group_harmful,True,50,250.0,0.0,0.021027660369873045,0.0034502904442582933,0.30720000000000003,0.024560130292814
2500,subset_accuracy_drop,group_harmful,True,51,250.0,0.0,0.021106719970703125,0.00360746914351326,0.30720000000000003,0.024560130292814
2500,subset_accuracy_drop,group_harmful,True,52,250.0,0.0,0.021264815330505372,0.003764288679789409,0.30720000000000003,0.024560130292814
2500,subset_accuracy_drop,group_harmful,True,53,250.0,0.0,0.021264815330505372,0.003764288679789409,0.30720000000000003,0.024560130292814
2500,subset_accuracy_drop,group_harmful,True,54,250.0,0.0,0.021343863010406493,0.0037601371381787156,0.30720000000000003,0.024560130292814
2500,subset_accuracy_drop,group_harmful,True,55,250.0,0.0,0.02134387493133545,0.0036118004118664945,0.30720000000000003,0.024560130292814
2500,subset_accuracy_drop,group_harmful,True,56,250.0,0.0,0.021501970291137696,0.003776722161205428,0.30720000000000003,0.024560130292814
2500,subset_accuracy_drop,group_harmful,True,57,250.0,0.0,0.021581029891967772,0.0037767230970008033,0.30720000000000003,0.024560130292814
2500,subset_accuracy_drop,group_harmful,True,58,250.0,0.0,0.021660077571868896,0.0039267879458397,0.30720000000000003,0.024560130292814
2500,subset_accuracy_drop,group_harmful,True,59,250.0,0.0,0.021660077571868896,0.0037849880432332993,0.30720000000000003,0.024560130292814
2500,subset_accuracy_drop,group_harmful,True,60,250.0,0.0,0.021818172931671143,0.0038260403592161657,0.30720000000000003,0.024560130292814
2500,subset_accuracy_drop,group_harmful,True,61,250.0,0.0,0.021897220611572267,0.0038382710489020208,0.30720000000000003,0.024560130292814
2500,subset_accuracy_drop,group_harmful,True,62,250.0,0.0,0.021818172931671143,0.0038260403592161657,0.30720000000000003,0.024560130292814
2500,subset_accuracy_drop,group_harmful,True,63,250.0,0.0,0.021897220611572267,0.0038382710489020208,0.30720000000000003,0.024560130292814
2500,subset_accuracy_drop,group_harmful,True,64,250.0,0.0,0.021818172931671143,0.0038260403592161657,0.30720000000000003,0.024560130292814
2500,subset_accuracy_drop,group_harmful,True,65,250.0,0.0,0.021897220611572267,0.0038382710489020208,0.30720000000000003,0.024560130292814
2500,subset_accuracy_drop,group_harmful,True,66,250.0,0.0,0.021976268291473387,0.0037141617054307226,0.30720000000000003,0.024560130292814
2500,subset_accuracy_drop,group_harmful,True,67,250.0,0.0,0.021897220611572267,0.0037036304754718675,0.30720000000000003,0.024560130292814
2500,subset_accuracy_drop,group_harmful,True,68,250.0,0.0,0.022055327892303467,0.003743493742199854,0.30720000000000003,0.024560130292814
2500,subset_accuracy_drop,group_harmful,True,69,250.0,0.0,0.022055327892303467,0.003743493742199854,0.30720000000000003,0.024560130292814
2500,subset_accuracy_drop,group_harmful,True,70,250.0,0.0,0.022055339813232423,0.0036161137880224336,0.30720000000000003,0.024560130292814
2500,subset_accuracy_drop,group_harmful,True,71,250.0,0.0,0.022134387493133546,0.0036225888550969186,0.30720000000000003,0.024560130292814
2500,subset_accuracy_drop,group_harmful,True,72,250.0,0.0,0.022134387493133546,0.0036547888968803993,0.30720000000000003,0.024560130292814
2500,subset_accuracy_drop,group_harmful,True,73,250.0,0.0,0.022213435173034667,0.003659061577325848,0.30720000000000003,0.024560130292814
2500,subset_accuracy_drop,group_harmful,True,74,250.0,0.0,0.022213435173034667,0.003659061577325848,0.30720000000000003,0.024560130292814
2500,subset_accuracy_drop,group_harmful,True,75,250.0,0.0,0.022134387493133546,0.0036547888968803993,0.30720000000000003,0.024560130292814
2500,subset_accuracy_drop,group_harmful,True,76,250.0,0.0,0.02229248285293579,0.003671847863071385,0.30720000000000003,0.024560130292814
2500,subset_accuracy_drop,group_harmful,True,77,250.0,0.0,0.022213435173034667,0.003659061577325848,0.30720000000000003,0.024560130292814
2500,subset_accuracy_drop,group_harmful,True,78,250.0,0.0,0.022213435173034667,0.003659061577325848,0.30720000000000003,0.024560130292814
2500,subset_accuracy_drop,group_harmful,True,79,250.0,0.0,0.02229248285293579,0.003671847863071385,0.30720000000000003,0.024560130292814
2500,subset_accuracy_drop,group_harmful,True,80,250.0,0.0,0.02229248285293579,0.003671847863071385,0.30720000000000003,0.024560130292814
2500,subset_accuracy_drop,group_harmful,True,81,250.0,0.0,0.022450590133666994,0.003722557011098818,0.30720000000000003,0.024560130292814
2500,subset_accuracy_drop,group_harmful,True,82,250.0,0.0,0.022529637813568114,0.003760137138178716,0.30720000000000003,0.024560130292814
2500,subset_accuracy_drop,group_harmful,True,83,250.0,0.0,0.022450590133666994,0.003722557011098818,0.30720000000000003,0.024560130292814
2500,subset_accuracy_drop,group_harmful,True,84,250.0,0.0,0.022608685493469238,0.0038867974451645437,0.30720000000000003,0.024560130292814
2500,subset_accuracy_drop,group_harmful,True,85,250.0,0.0,0.022687745094299317,0.0038178479317962665,0.30720000000000003,0.024560130292814
2500,subset_accuracy_drop,group_harmful,True,86,250.0,0.0,0.022608697414398193,0.003784971237352323,0.30720000000000003,0.024560130292814
2500,subset_accuracy_drop,group_harmful,True,87,250.0,0.0,0.022687745094299317,0.0038178479317962665,0.30720000000000003,0.024560130292814
2500,subset_accuracy_drop,group_harmful,True,88,250.0,0.0,0.022766804695129393,0.003948613100744224,0.30720000000000003,0.024560130292814
2500,subset_accuracy_drop,group_harmful,True,89,250.0,0.0,0.022687757015228273,0.0039188280839660555,0.30720000000000003,0.024560130292814
2500,subset_accuracy_drop,group_harmful,True,90,250.0,0.0,0.022845852375030517,0.0038868059309346606,0.30720000000000003,0.024560130292814
2500,subset_accuracy_drop,group_harmful,True,91,250.0,0.0,0.022924911975860596,0.00392281829157884,0.30720000000000003,0.024560130292814
2500,subset_accuracy_drop,group_harmful,True,92,250.0,0.0,0.022845852375030517,0.0038868059309346606,0.30720000000000003,0.024560130292814
2500,subset_accuracy_drop,group_harmful,True,93,250.0,0.0,0.022924911975860596,0.00392281829157884,0.30720000000000003,0.024560130292814
2500,subset_accuracy_drop,group_harmful,True,94,250.0,0.0,0.022924911975860596,0.00392281829157884,0.30720000000000003,0.024560130292814
2500,subset_accuracy_drop,group_harmful,True,95,250.0,0.0,0.022845852375030517,0.0038868059309346606,0.30720000000000003,0.024560130292814
2500,subset_accuracy_drop,group_harmful,True,96,250.0,0.0,0.023083019256591796,0.003978185780055418,0.30720000000000003,0.024560130292814
2500,subset_accuracy_drop,group_harmful,True,97,250.0,0.0,0.02300395965576172,0.0039466401967871104,0.30720000000000003,0.024560130292814
2500,subset_accuracy_drop,group_harmful,True,98,250.0,0.0,0.023083019256591796,0.003978185780055418,0.30720000000000003,0.024560130292814
2500,subset_accuracy_drop,group_harmful,True,99,250.0,0.0,0.02316206693649292,0.004103826452958204,0.30720000000000003,0.024560130292814
2500,subset_accuracy_drop,group_nonharmful,False,-1,250.0,0.0,0.0,0.0,1.0,0.0
2500,subset_accuracy_drop,group_nonharmful,False,0,250.0,0.0,0.0,0.0,1.0,0.0
2500,subset_accuracy_drop,group_nonharmful,False,1,250.0,0.0,-7.904767990112305e-05,0.00017675598572255497,1.0,0.0
2500,subset_accuracy_drop,group_nonharmful,False,2,250.0,0.0,-7.904767990112305e-05,0.00017675598572255497,1.0,0.0
2500,subset_accuracy_drop,group_nonharmful,False,3,250.0,0.0,-7.904767990112305e-05,0.00017675598572255497,1.0,0.0
2500,subset_accuracy_drop,group_nonharmful,False,4,250.0,0.0,-7.904767990112305e-05,0.00017675598572255497,1.0,0.0
2500,subset_accuracy_drop,group_nonharmful,False,5,250.0,0.0,-7.904767990112305e-05,0.00017675598572255497,1.0,0.0
2500,subset_accuracy_drop,group_nonharmful,False,6,250.0,0.0,0.0,0.0002794757524757383,1.0,0.0
2500,subset_accuracy_drop,group_nonharmful,False,7,250.0,0.0,7.904767990112305e-05,0.00017675598572255497,1.0,0.0
2500,subset_accuracy_drop,group_nonharmful,False,8,250.0,0.0,-7.904767990112305e-05,0.00017675598572255497,1.0,0.0
2500,subset_accuracy_drop,group_nonharmful,False,9,250.0,0.0,7.904767990112305e-05,0.000176755985722555,1.0,0.0
2500,subset_accuracy_drop,group_nonharmful,False,10,250.0,0.0,0.0,0.0002794757524757383,1.0,0.0
2500,subset_accuracy_drop,group_nonharmful,False,11,250.0,0.0,7.904767990112305e-05,0.000176755985722555,1.0,0.0
2500,subset_accuracy_drop,group_nonharmful,False,12,250.0,0.0,0.0,0.0002794757524757383,1.0,0.0
2500,subset_accuracy_drop,group_nonharmful,False,13,250.0,0.0,7.904767990112305e-05,0.000176755985722555,1.0,0.0
2500,subset_accuracy_drop,group_nonharmful,False,14,250.0,0.0,0.0,0.0002794757524757383,1.0,0.0
2500,subset_accuracy_drop,group_nonharmful,False,15,250.0,0.0,0.0,0.0002794757524757383,1.0,0.0
2500,subset_accuracy_drop,group_nonharmful,False,16,250.0,0.0,7.904767990112305e-05,0.000176755985722555,1.0,0.0
2500,subset_accuracy_drop,group_nonharmful,False,17,250.0,0.0,0.00015810728073120117,0.00021649731143132486,1.0,0.0
2500,subset_accuracy_drop,group_nonharmful,False,18,250.0,0.0,7.904767990112305e-05,0.000176755985722555,1.0,0.0
2500,subset_accuracy_drop,group_nonharmful,False,19,250.0,0.0,0.00015810728073120117,0.00021649731143132486,1.0,0.0
2500,subset_accuracy_drop,group_nonharmful,False,20,250.0,0.0,0.00015810728073120117,0.00021649731143132486,1.0,0.0
2500,subset_accuracy_drop,group_nonharmful,False,21,250.0,0.0,0.00015810728073120117,0.00021649731143132486,1.0,0.0
2500,subset_accuracy_drop,group_nonharmful,False,22,250.0,0.0,0.0002371668815612793,0.00021650275290791075,1.0,0.0
2500,subset_accuracy_drop,group_nonharmful,False,23,250.0,0.0,0.00023715496063232423,0.0003535352956871971,1.0,0.0
2500,subset_accuracy_drop,group_nonharmful,False,24,250.0,0.0,7.905960083007813e-05,0.0003306944188203614,1.0,0.0
2500,subset_accuracy_drop,group_nonharmful,False,25,250.0,0.0,0.0002371668815612793,0.00021650275290791075,1.0,0.0
2500,subset_accuracy_drop,group_nonharmful,False,26,250.0,0.0,7.905960083007813e-05,0.0003306944188203614,1.0,0.0
2500,subset_accuracy_drop,group_nonharmful,False,27,250.0,0.0,0.00015810728073120117,0.00021649731143132486,1.0,0.0
2500,subset_accuracy_drop,group_nonharmful,False,28,250.0,0.0,0.00015810728073120117,0.00021649731143132486,1.0,0.0
2500,subset_accuracy_drop,group_nonharmful,False,29,250.0,0.0,0.00015810728073120117,0.00021649731143132486,1.0,0.0
2500,subset_accuracy_drop,group_nonharmful,False,30,250.0,0.0,0.00015810728073120117,0.00021649731143132486,1.0,0.0
2500,subset_accuracy_drop,group_nonharmful,False,31,250.0,0.0,0.00015810728073120117,0.00021649731143132486,1.0,0.0
2500,subset_accuracy_drop,group_nonharmful,False,32,250.0,0.0,0.00015810728073120117,0.00021649731143132486,1.0,0.0
2500,subset_accuracy_drop,group_nonharmful,False,33,250.0,0.0,0.0002371668815612793,0.00021650275290791075,1.0,0.0
2500,subset_accuracy_drop,group_nonharmful,False,34,250.0,0.0,0.00031621456146240233,0.00017676931623855706,1.0,0.0
2500,subset_accuracy_drop,group_nonharmful,False,35,250.0,0.0,0.0003952741622924805,0.0002794968270122155,1.0,0.0
2500,subset_accuracy_drop,group_nonharmful,False,36,250.0,0.0,0.0004743218421936035,0.00043298101878651605,1.0,0.0
2500,subset_accuracy_drop,group_nonharmful,False,37,250.0,0.0,0.0004743218421936035,0.00043298101878651605,1.0,0.0
2500,subset_accuracy_drop,group_nonharmful,False,38,250.0,0.0,0.0004743218421936035,0.00043298101878651605,1.0,0.0
2500,subset_accuracy_drop,group_nonharmful,False,39,250.0,0.0,0.0004743218421936035,0.00043298101878651605,1.0,0.0
2500,subset_accuracy_drop,group_nonharmful,False,40,250.0,0.0,0.0005533695220947266,0.00045066463526958296,1.0,0.0
2500,subset_accuracy_drop,group_nonharmful,False,41,250.0,0.0,0.0004743218421936035,0.00043298101878651605,1.0,0.0
2500,subset_accuracy_drop,group_nonharmful,False,42,250.0,0.0,0.0004743218421936035,0.00043298101878651605,1.0,0.0
2500,subset_accuracy_drop,group_nonharmful,False,43,250.0,0.0,0.0004743218421936035,0.00043298101878651605,1.0,0.0
2500,subset_accuracy_drop,group_nonharmful,False,44,250.0,0.0,0.0004743218421936035,0.00043298101878651605,1.0,0.0
2500,subset_accuracy_drop,group_nonharmful,False,45,250.0,0.0,0.0004743218421936035,0.00043298101878651605,1.0,0.0
2500,subset_accuracy_drop,group_nonharmful,False,46,250.0,0.0,0.0004743218421936035,0.00043298101878651605,1.0,0.0
2500,subset_accuracy_drop,group_nonharmful,False,47,250.0,0.0,0.0005533695220947266,0.00045066463526958296,1.0,0.0
2500,subset_accuracy_drop,group_nonharmful,False,48,250.0,0.0,0.0005533695220947266,0.000353525300705033,1.0,0.0
2500,subset_accuracy_drop,group_nonharmful,False,49,250.0,0.0,0.0005533695220947266,0.000353525300705033,1.0,0.0
2500,subset_accuracy_drop,group_nonharmful,False,50,250.0,0.0,0.0005533695220947266,0.000353525300705033,1.0,0.0
2500,subset_accuracy_drop,group_nonharmful,False,51,250.0,0.0,0.0005533695220947266,0.000353525300705033,1.0,0.0
2500,subset_accuracy_drop,group_nonharmful,False,52,250.0,0.0,0.0006324172019958497,0.0005302812860088739,1.0,0.0
2500,subset_accuracy_drop,group_nonharmful,False,53,250.0,0.0,0.0006324172019958497,0.0005302812860088739,1.0,0.0
2500,subset_accuracy_drop,group_nonharmful,False,54,250.0,0.0,0.0006324172019958497,0.0005302812860088739,1.0,0.0
2500,subset_accuracy_drop,group_nonharmful,False,55,250.0,0.0,0.0007114648818969726,0.0005153461115170366,1.0,0.0
2500,subset_accuracy_drop,group_nonharmful,False,56,250.0,0.0,0.0006324172019958497,0.0003535319643928464,1.0,0.0
2500,subset_accuracy_drop,group_nonharmful,False,57,250.0,0.0,0.0007114648818969726,0.0005153461115170366,1.0,0.0
2500,subset_accuracy_drop,group_nonharmful,False,58,250.0,0.0,0.0007114648818969726,0.0005153461115170366,1.0,0.0
2500,subset_accuracy_drop,group_nonharmful,False,59,250.0,0.0,0.0007114648818969726,0.0005153461115170366,1.0,0.0
2500,subset_accuracy_drop,group_nonharmful,False,60,250.0,0.0,0.0007114648818969726,0.0005153461115170366,1.0,0.0
2500,subset_accuracy_drop,group_nonharmful,False,61,250.0,0.0,0.0006324172019958497,0.0003535319643928464,1.0,0.0
2500,subset_accuracy_drop,group_nonharmful,False,62,250.0,0.0,0.0006324172019958497,0.0003535319643928464,1.0,0.0
2500,subset_accuracy_drop,group_nonharmful,False,63,250.0,0.0,0.0006324172019958497,0.0003535319643928464,1.0,0.0
2500,subset_accuracy_drop,group_nonharmful,False,64,250.0,0.0,0.0006324172019958497,0.0003535319643928464,1.0,0.0
2500,subset_accuracy_drop,group_nonharmful,False,65,250.0,0.0,0.0006324172019958497,0.0003535319643928464,1.0,0.0
2500,subset_accuracy_drop,group_nonharmful,False,66,250.0,0.0,0.0007114648818969726,0.0005153461115170366,1.0,0.0
2500,subset_accuracy_drop,group_nonharmful,False,67,250.0,0.0,0.0006324172019958497,0.0003535319643928464,1.0,0.0
2500,subset_accuracy_drop,group_nonharmful,False,68,250.0,0.0,0.0005533576011657714,0.0004506698626395458,1.0,0.0
2500,subset_accuracy_drop,group_nonharmful,False,69,250.0,0.0,0.0006324052810668945,0.0005994362225863804,1.0,0.0
2500,subset_accuracy_drop,group_nonharmful,False,70,250.0,0.0,0.0006324052810668945,0.0005994362225863804,1.0,0.0
2500,subset_accuracy_drop,group_nonharmful,False,71,250.0,0.0,0.0006324052810668945,0.0005994362225863804,1.0,0.0
2500,subset_accuracy_drop,group_nonharmful,False,72,250.0,0.0,0.0006324052810668945,0.0005994362225863804,1.0,0.0
2500,subset_accuracy_drop,group_nonharmful,False,73,250.0,0.0,0.0006324052810668945,0.0005994362225863804,1.0,0.0
2500,subset_accuracy_drop,group_nonharmful,False,74,250.0,0.0,0.0006324052810668945,0.0005994362225863804,1.0,0.0
2500,subset_accuracy_drop,group_nonharmful,False,75,250.0,0.0,0.0007114648818969726,0.0005153461115170366,1.0,0.0
2500,subset_accuracy_drop,group_nonharmful,False,76,250.0,0.0,0.0007114648818969726,0.0005153461115170366,1.0,0.0
2500,subset_accuracy_drop,group_nonharmful,False,77,250.0,0.0,0.0007114648818969726,0.0005153461115170366,1.0,0.0
2500,subset_accuracy_drop,group_nonharmful,False,78,250.0,0.0,0.0006324052810668945,0.0005994362225863804,1.0,0.0
2500,subset_accuracy_drop,group_nonharmful,False,79,250.0,0.0,0.0006324052810668945,0.0005994362225863804,1.0,0.0
2500,subset_accuracy_drop,group_nonharmful,False,80,250.0,0.0,0.0006324052810668945,0.0005994362225863804,1.0,0.0
2500,subset_accuracy_drop,group_nonharmful,False,81,250.0,0.0,0.0006324052810668945,0.0005994362225863804,1.0,0.0
2500,subset_accuracy_drop,group_nonharmful,False,82,250.0,0.0,0.0005533576011657714,0.0007180124574137066,1.0,0.0
2500,subset_accuracy_drop,group_nonharmful,False,83,250.0,0.0,0.0005533576011657714,0.0007180124574137066,1.0,0.0
2500,subset_accuracy_drop,group_nonharmful,False,84,250.0,0.0,0.0005533576011657714,0.0007180124574137066,1.0,0.0
2500,subset_accuracy_drop,group_nonharmful,False,85,250.0,0.0,0.0005533576011657714,0.0007180124574137066,1.0,0.0
2500,subset_accuracy_drop,group_nonharmful,False,86,250.0,0.0,0.0005533576011657714,0.0007180124574137066,1.0,0.0
2500,subset_accuracy_drop,group_nonharmful,False,87,250.0,0.0,0.0005533576011657714,0.0007180124574137066,1.0,0.0
2500,subset_accuracy_drop,group_nonharmful,False,88,250.0,0.0,0.0005533576011657714,0.0007180124574137066,1.0,0.0
2500,subset_accuracy_drop,group_nonharmful,False,89,250.0,0.0,0.0005533576011657714,0.0007180124574137066,1.0,0.0
2500,subset_accuracy_drop,group_nonharmful,False,90,250.0,0.0,0.0005533576011657714,0.0007180124574137066,1.0,0.0
2500,subset_accuracy_drop,group_nonharmful,False,91,250.0,0.0,0.0005533576011657714,0.0007180124574137066,1.0,0.0
2500,subset_accuracy_drop,group_nonharmful,False,92,250.0,0.0,0.0005533576011657714,0.0007180124574137066,1.0,0.0
2500,subset_accuracy_drop,group_nonharmful,False,93,250.0,0.0,0.0005533576011657714,0.0007180124574137066,1.0,0.0
2500,subset_accuracy_drop,group_nonharmful,False,94,250.0,0.0,0.0005533576011657714,0.0007180124574137066,1.0,0.0
2500,subset_accuracy_drop,group_nonharmful,False,95,250.0,0.0,0.0005533576011657714,0.0007180124574137066,1.0,0.0
2500,subset_accuracy_drop,group_nonharmful,False,96,250.0,0.0,0.0005533576011657714,0.0007180124574137066,1.0,0.0
2500,subset_accuracy_drop,group_nonharmful,False,97,250.0,0.0,0.0005533576011657714,0.0007180124574137066,1.0,0.0
2500,subset_accuracy_drop,group_nonharmful,False,98,250.0,0.0,0.0005533576011657714,0.0007180124574137066,1.0,0.0
2500,subset_accuracy_drop,group_nonharmful,False,99,250.0,0.0,0.0005533576011657714,0.0007180124574137066,1.0,0.0
2500,subset_accuracy_drop,group_nonharmful,True,-1,250.0,0.0,0.0,0.0,1.0,0.0
2500,subset_accuracy_drop,group_nonharmful,True,0,250.0,0.0,0.0,0.0,1.0,0.0
2500,subset_accuracy_drop,group_nonharmful,True,1,250.0,0.0,1.1920928955078126e-08,0.00027949682637666025,0.484,0.026076809620810593
2500,subset_accuracy_drop,group_nonharmful,True,2,250.0,0.0,7.905960083007813e-05,0.00017678264173005349,0.3472,0.015849290204927136
2500,subset_accuracy_drop,group_nonharmful,True,3,250.0,0.0,0.00015810728073120117,0.00021649731143132486,0.2848,0.024232209969377545
2500,subset_accuracy_drop,group_nonharmful,True,4,250.0,0.0,7.904767990112305e-05,0.0004330027826417232,0.2552,0.023220680437920003
2500,subset_accuracy_drop,group_nonharmful,True,5,250.0,0.0,0.00039526224136352537,0.0002794757543825479,0.2392,0.02389979079406345
2500,subset_accuracy_drop,group_nonharmful,True,6,250.0,0.0,0.00047429800033569334,0.00043297285695620316,0.2304,0.030146309890266842
2500,subset_accuracy_drop,group_nonharmful,True,7,250.0,0.0,0.0009486079216003418,0.0007180091763984559,0.22400000000000003,0.02925747767665559
2500,subset_accuracy_drop,group_nonharmful,True,8,250.0,0.0,0.0012648224830627442,0.0007602794820885778,0.22160000000000002,0.026922109872742146
2500,subset_accuracy_drop,group_nonharmful,True,9,250.0,0.0,0.0013438701629638673,0.0008196125336848714,0.22000000000000003,0.025768197453450242
2500,subset_accuracy_drop,group_nonharmful,True,10,250.0,0.0,0.0018181920051574707,0.0012685055427617024,0.21680000000000002,0.026892378102354578
2500,subset_accuracy_drop,group_nonharmful,True,11,250.0,0.0,0.002213442325592041,0.001328672846708209,0.2152,0.025518620652378518
2500,subset_accuracy_drop,group_nonharmful,True,12,250.0,0.0,0.002924907207489014,0.0018873223745012066,0.2136,0.024429490375363957
2500,subset_accuracy_drop,group_nonharmful,True,13,250.0,0.0,0.0035573244094848633,0.0016769071986467916,0.21200000000000002,0.025768197453450235
2500,subset_accuracy_drop,group_nonharmful,True,14,250.0,0.0,0.0037154316902160644,0.0019683449653429756,0.2104,0.02459268183830303
2500,subset_accuracy_drop,group_nonharmful,True,15,250.0,0.0,0.0037944793701171877,0.0021211451328483027,0.20800000000000002,0.024000000000000004
2500,subset_accuracy_drop,group_nonharmful,True,16,250.0,0.0,0.004268777370452881,0.002225397336841885,0.2064,0.0235966099260042
2500,subset_accuracy_drop,group_nonharmful,True,17,250.0,0.0,0.004584980010986328,0.002193589350052123,0.2064,0.0235966099260042
2500,subset_accuracy_drop,group_nonharmful,True,18,250.0,0.0,0.004505932331085205,0.0022979323881326228,0.2048,0.023220680437919992
2500,subset_accuracy_drop,group_nonharmful,True,19,250.0,0.0,0.004822134971618652,0.002260222188880333,0.20400000000000001,0.022090722034374514
2500,subset_accuracy_drop,group_nonharmful,True,20,250.0,0.0,0.005375504493713379,0.0026602620900664266,0.20400000000000001,0.022090722034374514
2500,subset_accuracy_drop,group_nonharmful,True,21,250.0,0.0,0.005770754814147949,0.0025091649170524096,0.2032,0.02179908254950193
2500,subset_accuracy_drop,group_nonharmful,True,22,250.0,0.0,0.0060078978538513185,0.0026719862222803806,0.2024,0.021651789764358966
2500,subset_accuracy_drop,group_nonharmful,True,23,250.0,0.0,0.006245064735412598,0.002909904346444582,0.2024,0.021651789764358966
2500,subset_accuracy_drop,group_nonharmful,True,24,250.0,0.0,0.006482219696044922,0.0028309885546662084,0.2016,0.020513410247932934
2500,subset_accuracy_drop,group_nonharmful,True,25,250.0,0.0,0.006719374656677246,0.0027526346279555807,0.2016,0.020513410247932934
2500,subset_accuracy_drop,group_nonharmful,True,26,250.0,0.0,0.006640315055847168,0.0027155010403447093,0.2016,0.020513410247932934
2500,subset_accuracy_drop,group_nonharmful,True,27,250.0,0.0,0.0067984223365783695,0.0028143712805584046,0.2016,0.020513410247932934
2500,subset_accuracy_drop,group_nonharmful,True,28,250.0,0.0,0.007035565376281738,0.002772429126300954,0.2008,0.020474374227311565
2500,subset_accuracy_drop,group_nonharmful,True,29,250.0,0.0,0.00719367265701294,0.002800472697687224,0.2008,0.020474374227311565
2500,subset_accuracy_drop,group_nonharmful,True,30,250.0,0.0,0.007272732257843017,0.0029393007270807053,0.2008,0.020474374227311565
2500,subset_accuracy_drop,group_nonharmful,True,31,250.0,0.0,0.00735177993774414,0.0030050038534376973,0.2008,0.020474374227311565
2500,subset_accuracy_drop,group_nonharmful,True,32,250.0,0.0,0.007826077938079833,0.003323432807963107,0.2008,0.020474374227311565
2500,subset_accuracy_drop,group_nonharmful,True,33,250.0,0.0,0.00798417329788208,0.003346853866022761,0.1992,0.01947305831142094
2500,subset_accuracy_drop,group_nonharmful,True,34,250.0,0.0,0.008300375938415528,0.0036972759927585567,0.1984,0.019718012070185982
2500,subset_accuracy_drop,group_nonharmful,True,35,250.0,0.0,0.008458483219146728,0.0035418901909004003,0.1984,0.019718012070185982
2500,subset_accuracy_drop,group_nonharmful,True,36,250.0,0.0,0.008695638179779053,0.0033304776574639688,0.1984,0.019718012070185982
2500,subset_accuracy_drop,group_nonharmful,True,37,250.0,0.0,0.00861659049987793,0.0035175564279708066,0.1984,0.019718012070185982
2500,subset_accuracy_drop,group_nonharmful,True,38,250.0,0.0,0.00861659049987793,0.0033932068715419638,0.1984,0.019718012070185982
2500,subset_accuracy_drop,group_nonharmful,True,39,250.0,0.0,0.00877469778060913,0.00328799863363111,0.1984,0.019718012070185982
2500,subset_accuracy_drop,group_nonharmful,True,40,250.0,0.0,0.008853745460510255,0.003360836569246495,0.1976,0.02127909772523262
2500,subset_accuracy_drop,group_nonharmful,True,41,250.0,0.0,0.009169960021972656,0.0035835554013833237,0.1976,0.02127909772523262
2500,subset_accuracy_drop,group_nonharmful,True,42,250.0,0.0,0.009090912342071534,0.003535276318644323,0.1968,0.021614809737770076
2500,subset_accuracy_drop,group_nonharmful,True,43,250.0,0.0,0.009328055381774902,0.0034638546051954902,0.19519999999999998,0.021799082549501945
2500,subset_accuracy_drop,group_nonharmful,True,44,250.0,0.0,0.009407114982604981,0.0032280686872542103,0.19519999999999998,0.021799082549501945
2500,subset_accuracy_drop,group_nonharmful,True,45,250.0,0.0,0.009565210342407227,0.0033468690002330485,0.1944,0.022378561169118988
2500,subset_accuracy_drop,group_nonharmful,True,46,250.0,0.0,0.009802353382110596,0.003461593859510664,0.1936,0.021835750502329894
2500,subset_accuracy_drop,group_nonharmful,True,47,250.0,0.0,0.00980236530303955,0.0033468566817258312,0.1936,0.021835750502329894
2500,subset_accuracy_drop,group_nonharmful,True,48,250.0,0.0,0.009881424903869628,0.0033187291168860606,0.1936,0.021835750502329894
2500,subset_accuracy_drop,group_nonharmful,True,49,250.0,0.0,0.010039520263671876,0.0032903646929970387,0.1936,0.021835750502329894
2500,subset_accuracy_drop,group_nonharmful,True,50,250.0,0.0,0.0104347825050354,0.003817866752716407,0.1936,0.021835750502329894
2500,subset_accuracy_drop,group_nonharmful,True,51,250.0,0.0,0.010513830184936523,0.00378705480512591,0.1936,0.021835750502329894
2500,subset_accuracy_drop,group_nonharmful,True,52,250.0,0.0,0.010513830184936523,0.00378705480512591,0.1936,0.021835750502329894
2500,subset_accuracy_drop,group_nonharmful,True,53,250.0,0.0,0.010592889785766602,0.003815826249276681,0.1936,0.021835750502329894
2500,subset_accuracy_drop,group_nonharmful,True,54,250.0,0.0,0.010592889785766602,0.003815826249276681,0.1936,0.021835750502329894
2500,subset_accuracy_drop,group_nonharmful,True,55,250.0,0.0,0.010750997066497802,0.003648377435721113,0.1936,0.021835750502329894
2500,subset_accuracy_drop,group_nonharmful,True,56,250.0,0.0,0.01106719970703125,0.003633348506556459,0.1936,0.021835750502329894
2500,subset_accuracy_drop,group_nonharmful,True,57,250.0,0.0,0.01106719970703125,0.003633348506556459,0.1936,0.021835750502329894
2500,subset_accuracy_drop,group_nonharmful,True,58,250.0,0.0,0.010909104347229004,0.0035638914158044903,0.1936,0.021835750502329894
2500,subset_accuracy_drop,group_nonharmful,True,59,250.0,0.0,0.011067211627960205,0.0036972775858348517,0.1936,0.021835750502329894
2500,subset_accuracy_drop,group_nonharmful,True,60,250.0,0.0,0.011146259307861329,0.0036052889790059842,0.1936,0.021835750502329894
2500,subset_accuracy_drop,group_nonharmful,True,61,250.0,0.0,0.011146259307861329,0.0036052889790059842,0.1936,0.021835750502329894
2500,subset_accuracy_drop,group_nonharmful,True,62,250.0,0.0,0.01122530698776245,0.0036290432806529538,0.1936,0.021835750502329894
2500,subset_accuracy_drop,group_nonharmful,True,63,250.0,0.0,0.011304354667663575,0.0035419014986318724,0.1936,0.021835750502329894
2500,subset_accuracy_drop,group_nonharmful,True,64,250.0,0.0,0.01122530698776245,0.003384010248627444,0.1936,0.021835750502329894
2500,subset_accuracy_drop,group_nonharmful,True,65,250.0,0.0,0.011304354667663575,0.0035419014986318724,0.1936,0.021835750502329894
2500,subset_accuracy_drop,group_nonharmful,True,66,250.0,0.0,0.011304354667663575,0.0035419014986318724,0.1936,0.021835750502329894
2500,subset_accuracy_drop,group_nonharmful,True,67,250.0,0.0,0.01146245002746582,0.003676089821434023,0.1936,0.021835750502329894
2500,subset_accuracy_drop,group_nonharmful,True,68,250.0,0.0,0.011620557308197022,0.0035748162084666287,0.1936,0.021835750502329894
2500,subset_accuracy_drop,group_nonharmful,True,69,250.0,0.0,0.011620557308197022,0.0035748162084666287,0.1936,0.021835750502329894
2500,subset_accuracy_drop,group_nonharmful,True,70,250.0,0.0,0.011541509628295898,0.003416160282785434,0.1936,0.021835750502329894
2500,subset_accuracy_drop,group_nonharmful,True,71,250.0,0.0,0.011620557308197022,0.0035748162084666287,0.1936,0.021835750502329894
2500,subset_accuracy_drop,group_nonharmful,True,72,250.0,0.0,0.011462461948394776,0.003622566093158395,0.1936,0.021835750502329894
2500,subset_accuracy_drop,group_nonharmful,True,73,250.0,0.0,0.011383414268493652,0.003461586713369616,0.1936,0.021835750502329894
2500,subset_accuracy_drop,group_nonharmful,True,74,250.0,0.0,0.011383414268493652,0.003461586713369616,0.1936,0.021835750502329894
2500,subset_accuracy_drop,group_nonharmful,True,75,250.0,0.0,0.011304366588592529,0.0033022212836257272,0.1936,0.021835750502329894
2500,subset_accuracy_drop,group_nonharmful,True,76,250.0,0.0,0.011383414268493652,0.003461586713369616,0.1936,0.021835750502329894
2500,subset_accuracy_drop,group_nonharmful,True,77,250.0,0.0,0.011383414268493652,0.003461586713369616,0.1936,0.021835750502329894
2500,subset_accuracy_drop,group_nonharmful,True,78,250.0,0.0,0.011383414268493652,0.003461586713369616,0.1936,0.021835750502329894
2500,subset_accuracy_drop,group_nonharmful,True,79,250.0,0.0,0.011383414268493652,0.003461586713369616,0.1936,0.021835750502329894
2500,subset_accuracy_drop,group_nonharmful,True,80,250.0,0.0,0.011462461948394776,0.003622566093158395,0.1936,0.021835750502329894
2500,subset_accuracy_drop,group_nonharmful,True,81,250.0,0.0,0.011304366588592529,0.0033022212836257272,0.1936,0.021835750502329894
2500,subset_accuracy_drop,group_nonharmful,True,82,250.0,0.0,0.011383414268493652,0.003461586713369616,0.1936,0.021835750502329894
2500,subset_accuracy_drop,group_nonharmful,True,83,250.0,0.0,0.011383414268493652,0.003461586713369616,0.1936,0.021835750502329894
2500,subset_accuracy_drop,group_nonharmful,True,84,250.0,0.0,0.011383414268493652,0.003461586713369616,0.1936,0.021835750502329894
2500,subset_accuracy_drop,group_nonharmful,True,85,250.0,0.0,0.011462461948394776,0.003622566093158395,0.1936,0.021835750502329894
2500,subset_accuracy_drop,group_nonharmful,True,86,250.0,0.0,0.011383414268493652,0.003461586713369616,0.1936,0.021835750502329894
2500,subset_accuracy_drop,group_nonharmful,True,87,250.0,0.0,0.011383414268493652,0.003461586713369616,0.1936,0.021835750502329894
2500,subset_accuracy_drop,group_nonharmful,True,88,250.0,0.0,0.011541521549224854,0.0037849780841391523,0.1936,0.021835750502329894
2500,subset_accuracy_drop,group_nonharmful,True,89,250.0,0.0,0.011541521549224854,0.0037849780841391523,0.1936,0.021835750502329894
2500,subset_accuracy_drop,group_nonharmful,True,90,250.0,0.0,0.011541521549224854,0.0037849780841391523,0.1936,0.021835750502329894
2500,subset_accuracy_drop,group_nonharmful,True,91,250.0,0.0,0.011462461948394776,0.003622566093158395,0.1936,0.021835750502329894
2500,subset_accuracy_drop,group_nonharmful,True,92,250.0,0.0,0.011462461948394776,0.003622566093158395,0.1936,0.021835750502329894
2500,subset_accuracy_drop,group_nonharmful,True,93,250.0,0.0,0.011541521549224854,0.0037849780841391523,0.1936,0.021835750502329894
2500,subset_accuracy_drop,group_nonharmful,True,94,250.0,0.0,0.011620569229125976,0.003807610917165139,0.1936,0.021835750502329894
2500,subset_accuracy_drop,group_nonharmful,True,95,250.0,0.0,0.011620557308197022,0.0036182522698431966,0.1936,0.021835750502329894
2500,subset_accuracy_drop,group_nonharmful,True,96,250.0,0.0,0.0116996169090271,0.003776714987425001,0.1936,0.021835750502329894
2500,subset_accuracy_drop,group_nonharmful,True,97,250.0,0.0,0.011778664588928223,0.0037015104503148174,0.1936,0.021835750502329894
2500,subset_accuracy_drop,group_nonharmful,True,98,250.0,0.0,0.011699604988098144,0.0035418888605973286,0.1936,0.021835750502329894
2500,subset_accuracy_drop,group_nonharmful,True,99,250.0,0.0,0.011699604988098144,0.0035418888605973286,0.1936,0.021835750502329894
2500,subset_accuracy_drop,group_random,False,-1,250.0,0.0,0.0,0.0,1.0,0.0
2500,subset_accuracy_drop,group_random,False,0,250.0,0.0,-7.904767990112305e-05,0.00017675598572255497,1.0,0.0
2500,subset_accuracy_drop,group_random,False,1,250.0,0.0,0.0,0.0,1.0,0.0
2500,subset_accuracy_drop,group_random,False,2,250.0,0.0,0.0,0.0,1.0,0.0
2500,subset_accuracy_drop,group_random,False,3,250.0,0.0,7.905960083007813e-05,0.00017678264173005349,1.0,0.0
2500,subset_accuracy_drop,group_random,False,4,250.0,0.0,0.00015810728073120117,0.00021649731143132486,1.0,0.0
2500,subset_accuracy_drop,group_random,False,5,250.0,0.0,0.0003952503204345703,0.0003952533012847649,1.0,0.0
2500,subset_accuracy_drop,group_random,False,6,250.0,0.0,0.0007905006408691406,0.0002794968270122155,1.0,0.0
2500,subset_accuracy_drop,group_random,False,7,250.0,0.0,0.0007905125617980957,0.0002794968270122155,1.0,0.0
2500,subset_accuracy_drop,group_random,False,8,250.0,0.0,0.0007905125617980957,0.0002794968270122155,1.0,0.0
2500,subset_accuracy_drop,group_random,False,9,250.0,0.0,0.0007905125617980957,0.0003952682020527056,1.0,0.0
2500,subset_accuracy_drop,group_random,False,10,250.0,0.0,0.0012648224830627442,0.0005153506834914974,1.0,0.0
2500,subset_accuracy_drop,group_random,False,11,250.0,0.0,0.0016600728034973145,0.00033069441882036145,1.0,0.0
2500,subset_accuracy_drop,group_random,False,12,250.0,0.0,0.0018181681632995605,0.0003535186363891327,1.0,0.0
2500,subset_accuracy_drop,group_random,False,13,250.0,0.0,0.0018181800842285156,0.00045065156657939646,1.0,0.0
2500,subset_accuracy_drop,group_random,False,14,250.0,0.0,0.002134382724761963,0.0005994460490712968,1.0,0.0
2500,subset_accuracy_drop,group_random,False,15,250.0,0.0,0.0022134304046630858,0.0007180124574137066,1.0,0.0
2500,subset_accuracy_drop,group_random,False,16,250.0,0.0,0.002371525764465332,0.0008838065848212628,1.0,0.0
2500,subset_accuracy_drop,group_random,False,17,250.0,0.0,0.0026087045669555666,0.0009920844417925748,1.0,0.0
2500,subset_accuracy_drop,group_random,False,18,250.0,0.0,0.0028458476066589356,0.0012929032199096402,1.0,0.0
2500,subset_accuracy_drop,group_random,False,19,250.0,0.0,0.0028458476066589356,0.0012929032199096402,1.0,0.0
2500,subset_accuracy_drop,group_random,False,20,250.0,0.0,0.0030039548873901367,0.0012053434652087996,1.0,0.0
2500,subset_accuracy_drop,group_random,False,21,250.0,0.0,0.0030039548873901367,0.0010679018237702538,1.0,0.0
2500,subset_accuracy_drop,group_random,False,22,250.0,0.0,0.0030039548873901367,0.0010679018237702538,1.0,0.0
2500,subset_accuracy_drop,group_random,False,23,250.0,0.0,0.003083014488220215,0.0012310137152696504,1.0,0.0
2500,subset_accuracy_drop,group_random,False,24,250.0,0.0,0.003241109848022461,0.0012310127584137978,1.0,0.0
2500,subset_accuracy_drop,group_random,False,25,250.0,0.0,0.003320157527923584,0.0013862047909174197,1.0,0.0
2500,subset_accuracy_drop,group_random,False,26,250.0,0.0,0.003399217128753662,0.0013577474838133842,1.0,0.0
2500,subset_accuracy_drop,group_random,False,27,250.0,0.0,0.00347825288772583,0.0014629668126794376,1.0,0.0
2500,subset_accuracy_drop,group_random,False,28,250.0,0.0,0.0037154197692871095,0.0015711202904879955,1.0,0.0
2500,subset_accuracy_drop,group_random,False,29,250.0,0.0,0.0037944674491882323,0.0015957874051474295,1.0,0.0
2500,subset_accuracy_drop,group_random,False,30,250.0,0.0,0.0037944793701171877,0.0014946760428172056,1.0,0.0
2500,subset_accuracy_drop,group_random,False,31,250.0,0.0,0.0037944793701171877,0.0014946760428172056,1.0,0.0
2500,subset_accuracy_drop,group_random,False,32,250.0,0.0,0.003952574729919433,0.0018327125533063563,1.0,0.0
2500,subset_accuracy_drop,group_random,False,33,250.0,0.0,0.004031622409820556,0.0018412189996720155,1.0,0.0
2500,subset_accuracy_drop,group_random,False,34,250.0,0.0,0.00411067008972168,0.0018665007000902075,1.0,0.0
2500,subset_accuracy_drop,group_random,False,35,250.0,0.0,0.004189729690551758,0.001736412435275185,1.0,0.0
2500,subset_accuracy_drop,group_random,False,36,250.0,0.0,0.00450592041015625,0.001643990897815331,1.0,0.0
2500,subset_accuracy_drop,group_random,False,37,250.0,0.0,0.0047430872917175295,0.001789583787247957,1.0,0.0
2500,subset_accuracy_drop,group_random,False,38,250.0,0.0,0.004822146892547607,0.0017092007277040525,1.0,0.0
2500,subset_accuracy_drop,group_random,False,39,250.0,0.0,0.00490119457244873,0.0016439758511427704,1.0,0.0
2500,subset_accuracy_drop,group_random,False,40,250.0,0.0,0.004822134971618652,0.0016152112432646578,1.0,0.0
2500,subset_accuracy_drop,group_random,False,41,250.0,0.0,0.004980254173278809,0.0018026376283011385,1.0,0.0
2500,subset_accuracy_drop,group_random,False,42,250.0,0.0,0.004980254173278809,0.0018026376283011385,1.0,0.0
2500,subset_accuracy_drop,group_random,False,43,250.0,0.0,0.004980254173278809,0.0018026376283011385,1.0,0.0
2500,subset_accuracy_drop,group_random,False,44,250.0,0.0,0.004980242252349854,0.0017364232891089338,1.0,0.0
2500,subset_accuracy_drop,group_random,False,45,250.0,0.0,0.0051383495330810545,0.0017000573889476268,1.0,0.0
2500,subset_accuracy_drop,group_random,False,46,250.0,0.0,0.005217397212982177,0.0018623119717161513,1.0,0.0
2500,subset_accuracy_drop,group_random,False,47,250.0,0.0,0.005296444892883301,0.001887311139871038,1.0,0.0
2500,subset_accuracy_drop,group_random,False,48,250.0,0.0,0.005375492572784424,0.001928254691253943,1.0,0.0
2500,subset_accuracy_drop,group_random,False,49,250.0,0.0,0.005375492572784424,0.001928254691253943,1.0,0.0
2500,subset_accuracy_drop,group_random,False,50,250.0,0.0,0.00553358793258667,0.0017895936602053963,1.0,0.0
2500,subset_accuracy_drop,group_random,False,51,250.0,0.0,0.005454540252685547,0.0017543276009555847,1.0,0.0
2500,subset_accuracy_drop,group_random,False,52,250.0,0.0,0.005454540252685547,0.0017543276009555847,1.0,0.0
2500,subset_accuracy_drop,group_random,False,53,250.0,0.0,0.005454540252685547,0.0017543276009555847,1.0,0.0
2500,subset_accuracy_drop,group_random,False,54,250.0,0.0,0.00553358793258667,0.0019160630013130649,1.0,0.0
2500,subset_accuracy_drop,group_random,False,55,250.0,0.0,0.005612635612487793,0.0019443909645257109,1.0,0.0
2500,subset_accuracy_drop,group_random,False,56,250.0,0.0,0.005612635612487793,0.0019443909645257109,1.0,0.0
2500,subset_accuracy_drop,group_random,False,57,250.0,0.0,0.005612635612487793,0.0019443909645257109,1.0,0.0
2500,subset_accuracy_drop,group_random,False,58,250.0,0.0,0.005612635612487793,0.0019443909645257109,1.0,0.0
2500,subset_accuracy_drop,group_random,False,59,250.0,0.0,0.005612635612487793,0.0019443909645257109,1.0,0.0
2500,subset_accuracy_drop,group_random,False,60,250.0,0.0,0.005770742893218994,0.002046184239145058,1.0,0.0
2500,subset_accuracy_drop,group_random,False,61,250.0,0.0,0.005770742893218994,0.002046184239145058,1.0,0.0
2500,subset_accuracy_drop,group_random,False,62,250.0,0.0,0.005849790573120117,0.0020037541009885976,1.0,0.0
2500,subset_accuracy_drop,group_random,False,63,250.0,0.0,0.005849790573120117,0.0020037541009885976,1.0,0.0
2500,subset_accuracy_drop,group_random,False,64,250.0,0.0,0.005928850173950196,0.0019762754443363676,1.0,0.0
2500,subset_accuracy_drop,group_random,False,65,250.0,0.0,0.005928850173950196,0.0019762754443363676,1.0,0.0
2500,subset_accuracy_drop,group_random,False,66,250.0,0.0,0.0060078978538513185,0.0020423623306534966,1.0,0.0
2500,subset_accuracy_drop,group_random,False,67,250.0,0.0,0.00592883825302124,0.002072735740528183,1.0,0.0
2500,subset_accuracy_drop,group_random,False,68,250.0,0.0,0.0060078978538513185,0.0020423623306534966,1.0,0.0
2500,subset_accuracy_drop,group_random,False,69,250.0,0.0,0.006086957454681396,0.0021211701231006754,1.0,0.0
2500,subset_accuracy_drop,group_random,False,70,250.0,0.0,0.0060078978538513185,0.0020423623306534966,1.0,0.0
2500,subset_accuracy_drop,group_random,False,71,250.0,0.0,0.005928850173950196,0.0019762754443363676,1.0,0.0
2500,subset_accuracy_drop,group_random,False,72,250.0,0.0,0.0060078978538513185,0.002154060886496478,1.0,0.0
2500,subset_accuracy_drop,group_random,False,73,250.0,0.0,0.00592883825302124,0.002072735740528183,1.0,0.0
2500,subset_accuracy_drop,group_random,False,74,250.0,0.0,0.00592883825302124,0.002072735740528183,1.0,0.0
2500,subset_accuracy_drop,group_random,False,75,250.0,0.0,0.006086957454681396,0.0022808885395671557,1.0,0.0
2500,subset_accuracy_drop,group_random,False,76,250.0,0.0,0.0060078978538513185,0.002207789330635113,1.0,0.0
2500,subset_accuracy_drop,group_random,False,77,250.0,0.0,0.0060078978538513185,0.002207789330635113,1.0,0.0
2500,subset_accuracy_drop,group_random,False,78,250.0,0.0,0.006086957454681396,0.0022808885395671557,1.0,0.0
2500,subset_accuracy_drop,group_random,False,79,250.0,0.0,0.0060078978538513185,0.002207789330635113,1.0,0.0
2500,subset_accuracy_drop,group_random,False,80,250.0,0.0,0.006086957454681396,0.0022808885395671557,1.0,0.0
2500,subset_accuracy_drop,group_random,False,81,250.0,0.0,0.0060078978538513185,0.002207789330635113,1.0,0.0
2500,subset_accuracy_drop,group_random,False,82,250.0,0.0,0.005928850173950196,0.002146800985345583,1.0,0.0
2500,subset_accuracy_drop,group_random,False,83,250.0,0.0,0.0060078978538513185,0.002207789330635113,1.0,0.0
2500,subset_accuracy_drop,group_random,False,84,250.0,0.0,0.005928850173950196,0.002146800985345583,1.0,0.0
2500,subset_accuracy_drop,group_random,False,85,250.0,0.0,0.0060079097747802734,0.002117489682178055,1.0,0.0
2500,subset_accuracy_drop,group_random,False,86,250.0,0.0,0.0060078978538513185,0.002207789330635113,1.0,0.0
2500,subset_accuracy_drop,group_random,False,87,250.0,0.0,0.0060078978538513185,0.002207789330635113,1.0,0.0
2500,subset_accuracy_drop,group_random,False,88,250.0,0.0,0.0060078978538513185,0.002207789330635113,1.0,0.0
2500,subset_accuracy_drop,group_random,False,89,250.0,0.0,0.006086957454681396,0.0022808885395671557,1.0,0.0
2500,subset_accuracy_drop,group_random,False,90,250.0,0.0,0.0060078978538513185,0.002207789330635113,1.0,0.0
2500,subset_accuracy_drop,group_random,False,91,250.0,0.0,0.0060078978538513185,0.002207789330635113,1.0,0.0
2500,subset_accuracy_drop,group_random,False,92,250.0,0.0,0.006086957454681396,0.0022808885395671557,1.0,0.0
2500,subset_accuracy_drop,group_random,False,93,250.0,0.0,0.0060078978538513185,0.002207789330635113,1.0,0.0
2500,subset_accuracy_drop,group_random,False,94,250.0,0.0,0.006166005134582519,0.0020840257756366202,1.0,0.0
2500,subset_accuracy_drop,group_random,False,95,250.0,0.0,0.006086945533752441,0.0021211795633952566,1.0,0.0
2500,subset_accuracy_drop,group_random,False,96,250.0,0.0,0.0060078978538513185,0.0020614181578769,1.0,0.0
2500,subset_accuracy_drop,group_random,False,97,250.0,0.0,0.006166005134582519,0.0020840257756366202,1.0,0.0
2500,subset_accuracy_drop,group_random,False,98,250.0,0.0,0.006166005134582519,0.0021936038490528386,1.0,0.0
2500,subset_accuracy_drop,group_random,False,99,250.0,0.0,0.006166005134582519,0.0020840257756366202,1.0,0.0
2500,subset_accuracy_drop,group_random,True,-1,250.0,0.0,0.0,0.0,1.0,0.0
2500,subset_accuracy_drop,group_random,True,0,250.0,0.0,-7.904767990112305e-05,0.00017675598572255497,1.0,0.0
2500,subset_accuracy_drop,group_random,True,1,250.0,0.0,7.905960083007813e-05,0.00017678264173005349,0.5,0.0
2500,subset_accuracy_drop,group_random,True,2,250.0,0.0,0.00015811920166015626,0.00021651363380993975,0.368,0.006324555320336764
2500,subset_accuracy_drop,group_random,True,3,250.0,0.0,0.00015810728073120117,0.00021649731143132486,0.3096,0.012837445228704985
2500,subset_accuracy_drop,group_random,True,4,250.0,0.0,0.0003952503204345703,0.0006249739024209816,0.28559999999999997,0.010039920318408892
2500,subset_accuracy_drop,group_random,True,5,250.0,0.0,0.0006324052810668945,0.00021650275290791075,0.272,0.0116619037896906
2500,subset_accuracy_drop,group_random,True,6,250.0,0.0,0.001264810562133789,0.0009013292695537564,0.26480000000000004,0.010733126291999
2500,subset_accuracy_drop,group_random,True,7,250.0,0.0,0.0015810132026672363,0.0011523642690438205,0.2592,0.012457929201917956
2500,subset_accuracy_drop,group_random,True,8,250.0,0.0,0.0017391204833984374,0.0012053571469920474,0.2552,0.01308434178703691
2500,subset_accuracy_drop,group_random,True,9,250.0,0.0,0.0018972396850585938,0.0011988744103360728,0.2544,0.014028542333400161
2500,subset_accuracy_drop,group_random,True,10,250.0,0.0,0.002371549606323242,0.0011523744913827536,0.2536,0.014028542333400154
2500,subset_accuracy_drop,group_random,True,11,250.0,0.0,0.0026877403259277345,0.0014085761515437699,0.252,0.014142135623730963
2500,subset_accuracy_drop,group_random,True,12,250.0,0.0,0.003399205207824707,0.0014141111940141522,0.2512,0.01533623161014466
2500,subset_accuracy_drop,group_random,True,13,250.0,0.0,0.003952574729919433,0.0014789183624027038,0.2504,0.014587666023048387
2500,subset_accuracy_drop,group_random,True,14,250.0,0.0,0.00411067008972168,0.0014414651839401535,0.2504,0.014587666023048387
2500,subset_accuracy_drop,group_random,True,15,250.0,0.0,0.004505932331085205,0.001494669737806681,0.2496,0.014587666023048384
2500,subset_accuracy_drop,group_random,True,16,250.0,0.0,0.00490119457244873,0.0013862056409051978,0.2496,0.014587666023048384
2500,subset_accuracy_drop,group_random,True,17,250.0,0.0,0.005059278011322022,0.0018831655732354442,0.2488,0.015336231610144661
2500,subset_accuracy_drop,group_random,True,18,250.0,0.0,0.005375492572784424,0.0019078908981120374,0.2488,0.015336231610144661
2500,subset_accuracy_drop,group_random,True,19,250.0,0.0,0.005691695213317871,0.0021026553217199434,0.2488,0.015336231610144661
2500,subset_accuracy_drop,group_random,True,20,250.0,0.0,0.006324100494384766,0.002651444188622758,0.248,0.015491933384829678
2500,subset_accuracy_drop,group_random,True,21,250.0,0.0,0.006561267375946045,0.002645573600161858,0.24559999999999998,0.014310835055998658
2500,subset_accuracy_drop,group_random,True,22,250.0,0.0,0.0067984223365783695,0.002772431675477056,0.24559999999999998,0.014310835055998658
2500,subset_accuracy_drop,group_random,True,23,250.0,0.0,0.007272732257843017,0.0030050015015551596,0.2448,0.0130843417870369
2500,subset_accuracy_drop,group_random,True,24,250.0,0.0,0.0077470183372497555,0.0030692754949556353,0.2448,0.0130843417870369
2500,subset_accuracy_drop,group_random,True,25,250.0,0.0,0.007747030258178711,0.003193993490090145,0.2448,0.0130843417870369
2500,subset_accuracy_drop,group_random,True,26,250.0,0.0,0.008063244819641113,0.003218368005524541,0.2448,0.0130843417870369
2500,subset_accuracy_drop,group_random,True,27,250.0,0.0,0.008063232898712159,0.0029919519631065724,0.2448,0.0130843417870369
2500,subset_accuracy_drop,group_random,True,28,250.0,0.0,0.00837944746017456,0.00317929153271465,0.2448,0.0130843417870369
2500,subset_accuracy_drop,group_random,True,29,250.0,0.0,0.00861659049987793,0.0034615822895459596,0.244,0.011999999999999999
2500,subset_accuracy_drop,group_random,True,30,250.0,0.0,0.008932805061340332,0.00375597567634425,0.244,0.011999999999999999
2500,subset_accuracy_drop,group_random,True,31,250.0,0.0,0.009090900421142578,0.0036761026387984812,0.244,0.011999999999999999
2500,subset_accuracy_drop,group_random,True,32,250.0,0.0,0.009565210342407227,0.004111427880716091,0.2432,0.011099549540409285
2500,subset_accuracy_drop,group_random,True,33,250.0,0.0,0.01003953218460083,0.004326219877513223,0.24159999999999998,0.009208691546577072
2500,subset_accuracy_drop,group_random,True,34,250.0,0.0,0.010355734825134277,0.00454458680785302,0.24159999999999998,0.009208691546577072
2500,subset_accuracy_drop,group_random,True,35,250.0,0.0,0.010513830184936523,0.004388951432360598,0.24159999999999998,0.009208691546577072
2500,subset_accuracy_drop,group_random,True,36,250.0,0.0,0.01083003282546997,0.004326199728543051,0.24159999999999998,0.009208691546577072
2500,subset_accuracy_drop,group_random,True,37,250.0,0.0,0.011146247386932373,0.004466587952478979,0.24159999999999998,0.009208691546577072
2500,subset_accuracy_drop,group_random,True,38,250.0,0.0,0.01122530698776245,0.004326219877513223,0.2424,0.010039920318408904
2500,subset_accuracy_drop,group_random,True,39,250.0,0.0,0.011699604988098144,0.004026972773215125,0.2424,0.009633275663033835
2500,subset_accuracy_drop,group_random,True,40,250.0,0.0,0.011699604988098144,0.004026972773215125,0.2408,0.008197560612767675
2500,subset_accuracy_drop,group_random,True,41,250.0,0.0,0.011778664588928223,0.003946632138035982,0.2408,0.008197560612767675
2500,subset_accuracy_drop,group_random,True,42,250.0,0.0,0.011778664588928223,0.0038464012964969036,0.24159999999999998,0.009208691546577072
2500,subset_accuracy_drop,group_random,True,43,250.0,0.0,0.011778664588928223,0.0038464012964969036,0.2392,0.007155417527999322
2500,subset_accuracy_drop,group_random,True,44,250.0,0.0,0.011857712268829345,0.003892828352592654,0.2384,0.008294576541331084
2500,subset_accuracy_drop,group_random,True,45,250.0,0.0,0.011857712268829345,0.003892828352592654,0.2384,0.008294576541331084
2500,subset_accuracy_drop,group_random,True,46,250.0,0.0,0.01209486722946167,0.003724655568980663,0.23759999999999998,0.008294576541331087
2500,subset_accuracy_drop,group_random,True,47,250.0,0.0,0.012173914909362793,0.0038767370351005474,0.23759999999999998,0.008294576541331087
2500,subset_accuracy_drop,group_random,True,48,250.0,0.0,0.012252962589263916,0.0038423326514960237,0.2384,0.007797435475847169
2500,subset_accuracy_drop,group_random,True,49,250.0,0.0,0.012569165229797364,0.0037642780401468392,0.23759999999999998,0.008294576541331087
2500,subset_accuracy_drop,group_random,True,50,250.0,0.0,0.012648224830627441,0.0038927980929349,0.23759999999999998,0.008294576541331087
2500,subset_accuracy_drop,group_random,True,51,250.0,0.0,0.012648224830627441,0.0038927980929349,0.23759999999999998,0.008294576541331087
2500,subset_accuracy_drop,group_random,True,52,250.0,0.0,0.012806332111358643,0.003878733043741705,0.23759999999999998,0.008294576541331087
2500,subset_accuracy_drop,group_random,True,53,250.0,0.0,0.013122546672821044,0.0039367183565618994,0.23759999999999998,0.008294576541331087
2500,subset_accuracy_drop,group_random,True,54,250.0,0.0,0.013201594352722168,0.0039188202686878506,0.23759999999999998,0.008294576541331087
2500,subset_accuracy_drop,group_random,True,55,250.0,0.0,0.013280642032623292,0.004075157820934852,0.23759999999999998,0.008294576541331087
2500,subset_accuracy_drop,group_random,True,56,250.0,0.0,0.013280642032623292,0.004075157820934852,0.23759999999999998,0.008294576541331087
2500,subset_accuracy_drop,group_random,True,57,250.0,0.0,0.013280642032623292,0.004075157820934852,0.23759999999999998,0.008294576541331087
2500,subset_accuracy_drop,group_random,True,58,250.0,0.0,0.013517796993255615,0.003976201182991026,0.23759999999999998,0.008294576541331087
2500,subset_accuracy_drop,group_random,True,59,250.0,0.0,0.013517796993255615,0.003976201182991026,0.23759999999999998,0.008294576541331087
2500,subset_accuracy_drop,group_random,True,60,250.0,0.0,0.013596844673156739,0.003978165348834567,0.23759999999999998,0.008294576541331087
2500,subset_accuracy_drop,group_random,True,61,250.0,0.0,0.013675904273986817,0.003987972553364838,0.23759999999999998,0.008294576541331087
2500,subset_accuracy_drop,group_random,True,62,250.0,0.0,0.013833999633789062,0.003912836648399799,0.23759999999999998,0.008294576541331087
2500,subset_accuracy_drop,group_random,True,63,250.0,0.0,0.013833999633789062,0.003912836648399799,0.23759999999999998,0.008294576541331087
2500,subset_accuracy_drop,group_random,True,64,250.0,0.0,0.013833999633789062,0.003912836648399799,0.23759999999999998,0.008294576541331087
2500,subset_accuracy_drop,group_random,True,65,250.0,0.0,0.013833999633789062,0.003912836648399799,0.23759999999999998,0.008294576541331087
2500,subset_accuracy_drop,group_random,True,66,250.0,0.0,0.013913047313690186,0.0038260342016879305,0.23759999999999998,0.008294576541331087
2500,subset_accuracy_drop,group_random,True,67,250.0,0.0,0.013913047313690186,0.0038260342016879305,0.23759999999999998,0.008294576541331087
2500,subset_accuracy_drop,group_random,True,68,250.0,0.0,0.013992094993591308,0.0038382649109948443,0.23759999999999998,0.008294576541331087
2500,subset_accuracy_drop,group_random,True,69,250.0,0.0,0.013992094993591308,0.0038382649109948443,0.23759999999999998,0.008294576541331087
2500,subset_accuracy_drop,group_random,True,70,250.0,0.0,0.013992094993591308,0.0038382649109948443,0.23759999999999998,0.008294576541331087
2500,subset_accuracy_drop,group_random,True,71,250.0,0.0,0.013992094993591308,0.0038382649109948443,0.23759999999999998,0.008294576541331087
2500,subset_accuracy_drop,group_random,True,72,250.0,0.0,0.014071142673492432,0.0038585622579453372,0.23759999999999998,0.008294576541331087
2500,subset_accuracy_drop,group_random,True,73,250.0,0.0,0.014071142673492432,0.0038585622579453372,0.23759999999999998,0.008294576541331087
2500,subset_accuracy_drop,group_random,True,74,250.0,0.0,0.014071142673492432,0.0038585622579453372,0.23759999999999998,0.008294576541331087
2500,subset_accuracy_drop,group_random,True,75,250.0,0.0,0.014071142673492432,0.0038585622579453372,0.23759999999999998,0.008294576541331087
2500,subset_accuracy_drop,group_random,True,76,250.0,0.0,0.014071142673492432,0.0038585622579453372,0.23759999999999998,0.008294576541331087
2500,subset_accuracy_drop,group_random,True,77,250.0,0.0,0.014071142673492432,0.0038585622579453372,0.23759999999999998,0.008294576541331087
2500,subset_accuracy_drop,group_random,True,78,250.0,0.0,0.014071142673492432,0.0038585622579453372,0.23759999999999998,0.008294576541331087
2500,subset_accuracy_drop,group_random,True,79,250.0,0.0,0.014308297634124756,0.0039367264356072245,0.23759999999999998,0.008294576541331087
2500,subset_accuracy_drop,group_random,True,80,250.0,0.0,0.014308297634124756,0.0039367264356072245,0.23759999999999998,0.008294576541331087
2500,subset_accuracy_drop,group_random,True,81,250.0,0.0,0.014308297634124756,0.0039367264356072245,0.23759999999999998,0.008294576541331087
2500,subset_accuracy_drop,group_random,True,82,250.0,0.0,0.014308297634124756,0.0039367264356072245,0.23759999999999998,0.008294576541331087
2500,subset_accuracy_drop,group_random,True,83,250.0,0.0,0.01438734531402588,0.0038382719696451015,0.23759999999999998,0.008294576541331087
2500,subset_accuracy_drop,group_random,True,84,250.0,0.0,0.01438734531402588,0.0038382719696451015,0.23759999999999998,0.008294576541331087
2500,subset_accuracy_drop,group_random,True,85,250.0,0.0,0.01438734531402588,0.0038382719696451015,0.23759999999999998,0.008294576541331087
2500,subset_accuracy_drop,group_random,True,86,250.0,0.0,0.01438734531402588,0.0038382719696451015,0.23759999999999998,0.008294576541331087
2500,subset_accuracy_drop,group_random,True,87,250.0,0.0,0.01438734531402588,0.0038382719696451015,0.23759999999999998,0.008294576541331087
2500,subset_accuracy_drop,group_random,True,88,250.0,0.0,0.014466392993927001,0.003745575223392973,0.23759999999999998,0.008294576541331087
2500,subset_accuracy_drop,group_random,True,89,250.0,0.0,0.014466392993927001,0.003745575223392973,0.23759999999999998,0.008294576541331087
2500,subset_accuracy_drop,group_random,True,90,250.0,0.0,0.014466392993927001,0.003745575223392973,0.23759999999999998,0.008294576541331087
2500,subset_accuracy_drop,group_random,True,91,250.0,0.0,0.01454545259475708,0.0037643008841606877,0.23759999999999998,0.008294576541331087
2500,subset_accuracy_drop,group_random,True,92,250.0,0.0,0.014624500274658203,0.0038014686766205544,0.23759999999999998,0.008294576541331087
2500,subset_accuracy_drop,group_random,True,93,250.0,0.0,0.014624500274658203,0.0038014686766205544,0.23759999999999998,0.008294576541331087
2500,subset_accuracy_drop,group_random,True,94,250.0,0.0,0.014624500274658203,0.0038014686766205544,0.23759999999999998,0.008294576541331087
2500,subset_accuracy_drop,group_random,True,95,250.0,0.0,0.014624500274658203,0.0038014686766205544,0.23759999999999998,0.008294576541331087
2500,subset_accuracy_drop,group_random,True,96,250.0,0.0,0.014624500274658203,0.0038014686766205544,0.23759999999999998,0.008294576541331087
2500,subset_accuracy_drop,group_random,True,97,250.0,0.0,0.014624500274658203,0.0038014686766205544,0.23759999999999998,0.008294576541331087
2500,subset_accuracy_drop,group_random,True,98,250.0,0.0,0.014624500274658203,0.0038014686766205544,0.23759999999999998,0.008294576541331087
2500,subset_accuracy_drop,group_random,True,99,250.0,0.0,0.014703547954559327,0.003936729128754015,0.23759999999999998,0.008294576541331087
5000,endpoint,group_harmful,False,-1,652.8,68.78735348884997,0.0,0.0,1.0,0.0
5000,endpoint,group_harmful,False,0,652.8,68.78735348884997,0.00023714303970336914,0.00035351197144510994,1.0,0.0
5000,endpoint,group_harmful,False,1,652.8,68.78735348884997,0.0013438582420349122,0.000599422467014938,1.0,0.0
5000,endpoint,group_harmful,False,2,652.8,68.78735348884997,0.0035573244094848633,0.0014251184412017086,1.0,0.0
5000,endpoint,group_harmful,False,3,652.8,68.78735348884997,0.005217397212982177,0.0009436799116280214,1.0,0.0
5000,endpoint,group_harmful,False,4,652.8,68.78735348884997,0.007193660736083985,0.0011318508997720973,1.0,0.0
5000,endpoint,group_harmful,False,5,652.8,68.78735348884997,0.00837944746017456,0.0008569210418194318,1.0,0.0
5000,endpoint,group_harmful,False,6,652.8,68.78735348884997,0.010909080505371094,0.0016908604284993094,1.0,0.0
5000,endpoint,group_harmful,False,7,652.8,68.78735348884997,0.012569177150726318,0.002345066250654902,1.0,0.0
5000,endpoint,group_harmful,False,8,652.8,68.78735348884997,0.013833987712860107,0.0018748840095019104,1.0,0.0
5000,endpoint,group_harmful,False,9,652.8,68.78735348884997,0.015098810195922852,0.0021358477685761313,1.0,0.0
5000,endpoint,group_harmful,False,10,652.8,68.78735348884997,0.016284573078155517,0.002672001652088619,1.0,0.0
5000,endpoint,group_harmful,False,11,652.8,68.78735348884997,0.01810276508331299,0.0032879968424160393,1.0,0.0
5000,endpoint,group_harmful,False,12,652.8,68.78735348884997,0.019051384925842286,0.0032761171772924475,1.0,0.0
5000,endpoint,group_harmful,False,13,652.8,68.78735348884997,0.020395267009735107,0.003372461127514896,1.0,0.0
5000,endpoint,group_harmful,False,14,652.8,68.78735348884997,0.021027660369873045,0.003669733551555629,1.0,0.0
5000,endpoint,group_harmful,False,15,652.8,68.78735348884997,0.02189723253250122,0.0037767177945805903,1.0,0.0
5000,endpoint,group_harmful,False,16,652.8,68.78735348884997,0.022687745094299317,0.004225738767230385,1.0,0.0
5000,endpoint,group_harmful,False,17,652.8,68.78735348884997,0.024031615257263182,0.0037015079044896027,1.0,0.0
5000,endpoint,group_harmful,False,18,652.8,68.78735348884997,0.025454556941986083,0.0043711340878030865,1.0,0.0
5000,endpoint,group_harmful,False,19,652.8,68.78735348884997,0.026482212543487548,0.005213802212589578,1.0,0.0
5000,endpoint,group_harmful,False,20,652.8,68.78735348884997,0.027984189987182616,0.005750963323873899,1.0,0.0
5000,endpoint,group_harmful,False,21,652.8,68.78735348884997,0.028537547588348387,0.0059969849477793345,1.0,0.0
5000,endpoint,group_harmful,False,22,652.8,68.78735348884997,0.02932807207107544,0.005918294421588043,1.0,0.0
5000,endpoint,group_harmful,False,23,652.8,68.78735348884997,0.030276679992675783,0.006498333545975475,1.0,0.0
5000,endpoint,group_harmful,False,24,652.8,68.78735348884997,0.03059288263320923,0.006820892686182798,1.0,0.0
5000,endpoint,group_harmful,False,25,652.8,68.78735348884997,0.031304359436035156,0.006933344695528699,1.0,0.0
5000,endpoint,group_harmful,False,26,652.8,68.78735348884997,0.032252955436706546,0.006956979697906029,1.0,0.0
5000,endpoint,group_harmful,False,27,652.8,68.78735348884997,0.03296442031860351,0.0069738118356576385,1.0,0.0
5000,endpoint,group_harmful,False,28,652.8,68.78735348884997,0.03343873023986817,0.006774956416668264,1.0,0.0
5000,endpoint,group_harmful,False,29,652.8,68.78735348884997,0.034071147441864014,0.007317067684806457,1.0,0.0
5000,endpoint,group_harmful,False,30,652.8,68.78735348884997,0.03478261232376099,0.007659217846225662,1.0,0.0
5000,endpoint,group_harmful,False,31,652.8,68.78735348884997,0.03486167192459107,0.007686718822571376,1.0,0.0
5000,endpoint,group_harmful,False,32,652.8,68.78735348884997,0.035177874565124514,0.007915031961417492,1.0,0.0
5000,endpoint,group_harmful,False,33,652.8,68.78735348884997,0.03581026792526245,0.007808715363148599,1.0,0.0
5000,endpoint,group_harmful,False,34,652.8,68.78735348884997,0.03588932752609253,0.007671447828224234,1.0,0.0
5000,endpoint,group_harmful,False,35,652.8,68.78735348884997,0.03620553016662598,0.0077534994418482495,1.0,0.0
5000,endpoint,group_harmful,False,36,652.8,68.78735348884997,0.036600780487060544,0.007972064119138818,1.0,0.0
5000,endpoint,group_harmful,False,37,652.8,68.78735348884997,0.03707510232925415,0.007671447828224234,1.0,0.0
5000,endpoint,group_harmful,False,38,652.8,68.78735348884997,0.0373913049697876,0.00780868655048814,1.0,0.0
5000,endpoint,group_harmful,False,39,652.8,68.78735348884997,0.03810276985168457,0.007843626471579435,1.0,0.0
5000,endpoint,group_harmful,False,40,652.8,68.78735348884997,0.03857707977294922,0.007723208433286879,1.0,0.0
5000,endpoint,group_harmful,False,41,652.8,68.78735348884997,0.038893282413482666,0.00763675896910023,1.0,0.0
5000,endpoint,group_harmful,False,42,652.8,68.78735348884997,0.03936759233474731,0.007497379715151314,1.0,0.0
5000,endpoint,group_harmful,False,43,652.8,68.78735348884997,0.03944665193557739,0.007465026465279045,1.0,0.0
5000,endpoint,group_harmful,False,44,652.8,68.78735348884997,0.03960474729537964,0.007412524866430093,1.0,0.0
5000,endpoint,group_harmful,False,45,652.8,68.78735348884997,0.03960474729537964,0.007444069911802142,1.0,0.0
5000,endpoint,group_harmful,False,46,652.8,68.78735348884997,0.03968379497528076,0.007523393860065887,1.0,0.0
5000,endpoint,group_harmful,False,47,652.8,68.78735348884997,0.04015810489654541,0.006990576315248784,1.0,0.0
5000,endpoint,group_harmful,False,48,652.8,68.78735348884997,0.040474307537078855,0.006803713751270137,1.0,0.0
5000,endpoint,group_harmful,False,49,652.8,68.78735348884997,0.04102767705917358,0.0066339664451564645,1.0,0.0
5000,endpoint,group_harmful,False,50,652.8,68.78735348884997,0.041264820098876956,0.006641027650457865,1.0,0.0
5000,endpoint,group_harmful,False,51,652.8,68.78735348884997,0.041501975059509276,0.006625719335222582,1.0,0.0
5000,endpoint,group_harmful,False,52,652.8,68.78735348884997,0.041501975059509276,0.006625719335222582,1.0,0.0
5000,endpoint,group_harmful,False,53,652.8,68.78735348884997,0.04189722537994385,0.006947985940889968,1.0,0.0
5000,endpoint,group_harmful,False,54,652.8,68.78735348884997,0.0422134280204773,0.007198673907193971,1.0,0.0
5000,endpoint,group_harmful,False,55,652.8,68.78735348884997,0.04245060682296753,0.007183478130568052,1.0,0.0
5000,endpoint,group_harmful,False,56,652.8,68.78735348884997,0.04260870218276978,0.007105855452729342,1.0,0.0
5000,endpoint,group_harmful,False,57,652.8,68.78735348884997,0.042766797542572024,0.007279610099972613,1.0,0.0
5000,endpoint,group_harmful,False,58,652.8,68.78735348884997,0.042845845222473145,0.0072753165417892614,1.0,0.0
5000,endpoint,group_harmful,False,59,652.8,68.78735348884997,0.04316204786300659,0.007034018268922611,1.0,0.0
5000,endpoint,group_harmful,False,60,652.8,68.78735348884997,0.04316204786300659,0.007039567310903187,1.0,0.0
5000,endpoint,group_harmful,False,61,652.8,68.78735348884997,0.04324110746383667,0.006973807275079501,1.0,0.0
5000,endpoint,group_harmful,False,62,652.8,68.78735348884997,0.04332015514373779,0.00696820417573335,1.0,0.0
5000,endpoint,group_harmful,False,63,652.8,68.78735348884997,0.04347825050354004,0.007042908352320928,1.0,0.0
5000,endpoint,group_harmful,False,64,652.8,68.78735348884997,0.04355731010437012,0.007039579526190914,1.0,0.0
5000,endpoint,group_harmful,False,65,652.8,68.78735348884997,0.04355731010437012,0.007039579526190914,1.0,0.0
5000,endpoint,group_harmful,False,66,652.8,68.78735348884997,0.04379446506500244,0.007022915585896278,1.0,0.0
5000,endpoint,group_harmful,False,67,652.8,68.78735348884997,0.04379446506500244,0.007022915585896278,1.0,0.0
5000,endpoint,group_harmful,False,68,652.8,68.78735348884997,0.043873512744903566,0.007020691398683568,1.0,0.0
5000,endpoint,group_harmful,False,69,652.8,68.78735348884997,0.04387352466583252,0.007103656239513653,1.0,0.0
5000,endpoint,group_harmful,False,70,652.8,68.78735348884997,0.04379446506500244,0.007111349930535198,1.0,0.0
5000,endpoint,group_harmful,False,71,652.8,68.78735348884997,0.043952572345733645,0.006796821389082486,1.0,0.0
5000,endpoint,group_harmful,False,72,652.8,68.78735348884997,0.044031620025634766,0.006883607673695491,1.0,0.0
5000,endpoint,group_harmful,False,73,652.8,68.78735348884997,0.043952572345733645,0.0068881453984182325,1.0,0.0
5000,endpoint,group_harmful,False,74,652.8,68.78735348884997,0.044110679626464845,0.006872249653404012,1.0,0.0
5000,endpoint,group_harmful,False,75,652.8,68.78735348884997,0.04426877498626709,0.0068631506990115875,1.0,0.0
5000,endpoint,group_harmful,False,76,652.8,68.78735348884997,0.04426877498626709,0.0068631506990115875,1.0,0.0
5000,endpoint,group_harmful,False,77,652.8,68.78735348884997,0.044347834587097165,0.006865426439422496,1.0,0.0
5000,endpoint,group_harmful,False,78,652.8,68.78735348884997,0.04434782266616821,0.0067042515649566705,1.0,0.0
5000,endpoint,group_harmful,False,79,652.8,68.78735348884997,0.04450592994689941,0.006951356764891658,1.0,0.0
5000,endpoint,group_harmful,False,80,652.8,68.78735348884997,0.04450592994689941,0.006951356764891658,1.0,0.0
5000,endpoint,group_harmful,False,81,652.8,68.78735348884997,0.04474308490753174,0.006473049033037573,1.0,0.0
5000,endpoint,group_harmful,False,82,652.8,68.78735348884997,0.04474307298660278,0.006622193430164499,1.0,0.0
5000,endpoint,group_harmful,False,83,652.8,68.78735348884997,0.04466402530670166,0.0066198340725448016,1.0,0.0
5000,endpoint,group_harmful,False,84,652.8,68.78735348884997,0.04490118026733399,0.006468220289656366,1.0,0.0
5000,endpoint,group_harmful,False,85,652.8,68.78735348884997,0.04505929946899414,0.006470635475884855,1.0,0.0
5000,endpoint,group_harmful,False,86,652.8,68.78735348884997,0.04513833522796631,0.00629564621202821,1.0,0.0
5000,endpoint,group_harmful,False,87,652.8,68.78735348884997,0.04521739482879639,0.00630308681499137,1.0,0.0
5000,endpoint,group_harmful,False,88,652.8,68.78735348884997,0.04521739482879639,0.00630308681499137,1.0,0.0
5000,endpoint,group_harmful,False,89,652.8,68.78735348884997,0.045375490188598634,0.0063327580849422025,1.0,0.0
5000,endpoint,group_harmful,False,90,652.8,68.78735348884997,0.045375490188598634,0.0063327580849422025,1.0,0.0
5000,endpoint,group_harmful,False,91,652.8,68.78735348884997,0.045454549789428714,0.00635492414572498,1.0,0.0
5000,endpoint,group_harmful,False,92,652.8,68.78735348884997,0.045454537868499754,0.006330291225174476,1.0,0.0
5000,endpoint,group_harmful,False,93,652.8,68.78735348884997,0.04569169282913208,0.00637701057320377,1.0,0.0
5000,endpoint,group_harmful,False,94,652.8,68.78735348884997,0.04569169282913208,0.00637701057320377,1.0,0.0
5000,endpoint,group_harmful,False,95,652.8,68.78735348884997,0.04577075242996216,0.0063819092518953196,1.0,0.0
5000,endpoint,group_harmful,False,96,652.8,68.78735348884997,0.04577075242996216,0.0063819092518953196,1.0,0.0
5000,endpoint,group_harmful,False,97,652.8,68.78735348884997,0.04584980010986328,0.00640999752582401,1.0,0.0
5000,endpoint,group_harmful,False,98,652.8,68.78735348884997,0.04584980010986328,0.00640999752582401,1.0,0.0
5000,endpoint,group_harmful,False,99,652.8,68.78735348884997,0.0459288477897644,0.006479084174023993,1.0,0.0
5000,endpoint,group_harmful,True,-1,652.8,68.78735348884997,0.0,0.0,1.0,0.0
5000,endpoint,group_harmful,True,0,652.8,68.78735348884997,0.00023714303970336914,0.00035351197144510994,1.0,0.0
5000,endpoint,group_harmful,True,1,652.8,68.78735348884997,0.0013438582420349122,0.000599422467014938,0.5002876704685184,0.00039426731809234534
5000,endpoint,group_harmful,True,2,652.8,68.78735348884997,0.0036363601684570312,0.0015661304688980187,0.3921346031458317,0.015114673323076913
5000,endpoint,group_harmful,True,3,652.8,68.78735348884997,0.005691695213317871,0.000992101064932741,0.3471693322368204,0.02348793662237382
5000,endpoint,group_harmful,True,4,652.8,68.78735348884997,0.007509875297546387,0.0013403933238121909,0.33051291040469183,0.024638591605270113
5000,endpoint,group_harmful,True,5,652.8,68.78735348884997,0.009565210342407227,0.0015410093378101786,0.3193519656481098,0.02640966511351113
5000,endpoint,group_harmful,True,6,652.8,68.78735348884997,0.011936759948730469,0.00252160755556957,0.31424729133205537,0.026412121123944275
5000,endpoint,group_harmful,True,7,652.8,68.78735348884997,0.014308309555053711,0.002729843498719418,0.3089887201618496,0.0245242375617966
5000,endpoint,group_harmful,True,8,652.8,68.78735348884997,0.015652179718017578,0.002381414024543156,0.3036650069712721,0.022502054200893382
5000,endpoint,group_harmful,True,9,652.8,68.78735348884997,0.017233216762542726,0.00287207935882021,0.3008968302731816,0.022557278764250503
5000,endpoint,group_harmful,True,10,652.8,68.78735348884997,0.01841897964477539,0.0036718510712394994,0.2987881492358789,0.023097264726440293
5000,endpoint,group_harmful,True,11,652.8,68.78735348884997,0.020000004768371583,0.00444201286674361,0.29657374176262,0.022968401627764118
5000,endpoint,group_harmful,True,12,652.8,68.78735348884997,0.020790517330169678,0.004207210965868904,0.29530547986806605,0.022286542153992832
5000,endpoint,group_harmful,True,13,652.8,68.78735348884997,0.0221343994140625,0.004145470060175127,0.2919344637284713,0.022578680828770084
5000,endpoint,group_harmful,True,14,652.8,68.78735348884997,0.023241102695465088,0.004351411873980683,0.2909127392129077,0.024193163611596673
5000,endpoint,group_harmful,True,15,652.8,68.78735348884997,0.02458498477935791,0.0048360340229782195,0.2886881867282118,0.024204332000442173
5000,endpoint,group_harmful,True,16,652.8,68.78735348884997,0.025691699981689454,0.005554741103944032,0.2875100063496706,0.024842310591913178
5000,endpoint,group_harmful,True,17,652.8,68.78735348884997,0.0269565224647522,0.00496357135330785,0.2863343849799556,0.02459256193642285
5000,endpoint,group_harmful,True,18,652.8,68.78735348884997,0.028300392627716064,0.005195781057654841,0.2860097096552803,0.02426303184798785
5000,endpoint,group_harmful,True,19,652.8,68.78735348884997,0.029169964790344238,0.005682628337483976,0.2844632836438974,0.024125678804335377
5000,endpoint,group_harmful,True,20,652.8,68.78735348884997,0.030434775352478027,0.005755020979698647,0.2835632673821851,0.02426554262771806
5000,endpoint,group_harmful,True,21,652.8,68.78735348884997,0.031067192554473877,0.005859946753233493,0.28318193583822626,0.023240106841000335
5000,endpoint,group_harmful,True,22,652.8,68.78735348884997,0.03177865743637085,0.005959087187010615,0.28201684137080224,0.02412756690740084
5000,endpoint,group_harmful,True,23,652.8,68.78735348884997,0.0320948600769043,0.00604239833947533,0.28201684137080224,0.02412756690740084
5000,endpoint,group_harmful,True,24,652.8,68.78735348884997,0.03288537263870239,0.0062707885173108185,0.2811037391979728,0.02414729519570118
5000,endpoint,group_harmful,True,25,652.8,68.78735348884997,0.03367588520050049,0.006295634985579557,0.27991963202716963,0.024418399185559624
5000,endpoint,group_harmful,True,26,652.8,68.78735348884997,0.03446639776229858,0.006633964314400765,0.2790471142699246,0.02489099231116462
5000,endpoint,group_harmful,True,27,652.8,68.78735348884997,0.03486166000366211,0.006369643563138119,0.27754681757553434,0.024632008384239776
5000,endpoint,group_harmful,True,28,652.8,68.78735348884997,0.03557311296463013,0.00652472682704805,0.2766468013138221,0.024907936087846926
5000,endpoint,group_harmful,True,29,652.8,68.78735348884997,0.036363637447357176,0.006672719608327319,0.2754102561429105,0.023961397885093404
5000,endpoint,group_harmful,True,30,652.8,68.78735348884997,0.03683793544769287,0.0069502366152484904,0.2741479210406185,0.023757989668372028
5000,endpoint,group_harmful,True,31,652.8,68.78735348884997,0.037707507610321045,0.006838068256279693,0.2742130630609902,0.02432159356648769
5000,endpoint,group_harmful,True,32,652.8,68.78735348884997,0.03857709169387817,0.007046223903455302,0.2738697569237896,0.024291656655862838
5000,endpoint,group_harmful,True,33,652.8,68.78735348884997,0.038814234733581546,0.006715894589099359,0.272645065337402,0.024389796002716176
5000,endpoint,group_harmful,True,34,652.8,68.78735348884997,0.039130425453186034,0.006919824792149764,0.2713640994225847,0.024483634336679137
5000,endpoint,group_harmful,True,35,652.8,68.78735348884997,0.03976284265518189,0.006838057575818149,0.2710394240979094,0.024255464171624407
5000,endpoint,group_harmful,True,36,652.8,68.78735348884997,0.040316200256347655,0.0069198213875927,0.27014656695505224,0.024063125730132015
5000,endpoint,group_harmful,True,37,652.8,68.78735348884997,0.0407905101776123,0.0071003419578989915,0.26986840283822333,0.02461224717268269
5000,endpoint,group_harmful,True,38,652.8,68.78735348884997,0.0415810227394104,0.007268874285265929,0.2686437112518357,0.024775054215296105
5000,endpoint,group_harmful,True,39,652.8,68.78735348884997,0.042055344581604,0.007360703711119669,0.26831903592716044,0.024611889388277408
5000,endpoint,group_harmful,True,40,652.8,68.78735348884997,0.042766797542572024,0.007444073551317968,0.26741309287318615,0.024460864255564464
5000,endpoint,group_harmful,True,41,652.8,68.78735348884997,0.042924904823303224,0.007585442358809571,0.266526162522591,0.024873380096284568
5000,endpoint,group_harmful,True,42,652.8,68.78735348884997,0.043003964424133304,0.007732314289221788,0.26616384368201124,0.024323782724091234
5000,endpoint,group_harmful,True,43,652.8,68.78735348884997,0.04339921474456787,0.00793670640328433,0.26558257595271234,0.02432490131911583
5000,endpoint,group_harmful,True,44,652.8,68.78735348884997,0.04363635778427124,0.007818713426215656,0.2650072350156754,0.024861655234099188
5000,endpoint,group_harmful,True,45,652.8,68.78735348884997,0.044110667705535886,0.008025774880535401,0.2635475227368695,0.024994453004590918
5000,endpoint,group_harmful,True,46,652.8,68.78735348884997,0.04450592994689941,0.008050054021259247,0.2632693586200406,0.02550943144233496
5000,endpoint,group_harmful,True,47,652.8,68.78735348884997,0.04442688226699829,0.008025758588882185,0.2622982735456946,0.024796994428763573
5000,endpoint,group_harmful,True,48,652.8,68.78735348884997,0.04474307298660278,0.007941619396314019,0.2620201094288657,0.025317934244648566
5000,endpoint,group_harmful,True,49,652.8,68.78735348884997,0.04505927562713623,0.00818191186033498,0.2617229326086577,0.025355829910583334
5000,endpoint,group_harmful,True,50,652.8,68.78735348884997,0.04584982395172119,0.008056851771912161,0.2617229326086577,0.025355829910583334
5000,endpoint,group_harmful,True,51,652.8,68.78735348884997,0.046403157711029056,0.007947527312431398,0.2617229326086577,0.025355829910583334
5000,endpoint,group_harmful,True,52,652.8,68.78735348884997,0.046877479553222655,0.007828691046969267,0.2617229326086577,0.025355829910583334
5000,endpoint,group_harmful,True,53,652.8,68.78735348884997,0.04711462259292602,0.007807710522665569,0.2617229326086577,0.025355829910583334
5000,endpoint,group_harmful,True,54,652.8,68.78735348884997,0.04719367027282715,0.007848620392961202,0.2617229326086577,0.025355829910583334
5000,endpoint,group_harmful,True,55,652.8,68.78735348884997,0.04735177755355835,0.00793671234009657,0.2617229326086577,0.025355829910583334
5000,endpoint,group_harmful,True,56,652.8,68.78735348884997,0.04743083715438843,0.008052012600135217,0.2617229326086577,0.025355829910583334
5000,endpoint,group_harmful,True,57,652.8,68.78735348884997,0.04750988483428955,0.008058800366981445,0.2617229326086577,0.025355829910583334
5000,endpoint,group_harmful,True,58,652.8,68.78735348884997,0.04735177755355835,0.008015059611950771,0.2617229326086577,0.025355829910583334
5000,endpoint,group_harmful,True,59,652.8,68.78735348884997,0.04750988483428955,0.008058800366981445,0.2617229326086577,0.025355829910583334
5000,endpoint,group_harmful,True,60,652.8,68.78735348884997,0.0476679801940918,0.008180015200941481,0.2617229326086577,0.025355829910583334
5000,endpoint,group_harmful,True,61,652.8,68.78735348884997,0.04766799211502075,0.00810808347395512,0.2617229326086577,0.025355829910583334
5000,endpoint,group_harmful,True,62,652.8,68.78735348884997,0.047826087474823,0.008229521224289603,0.2617229326086577,0.025355829910583334
5000,endpoint,group_harmful,True,63,652.8,68.78735348884997,0.047905135154724124,0.008269289213647696,0.2617229326086577,0.025355829910583334
5000,endpoint,group_harmful,True,64,652.8,68.78735348884997,0.047905135154724124,0.008269289213647696,0.2617229326086577,0.025355829910583334
5000,endpoint,group_harmful,True,65,652.8,68.78735348884997,0.047905147075653076,0.00831169954816172,0.2617229326086577,0.025355829910583334
5000,endpoint,group_harmful,True,66,652.8,68.78735348884997,0.048063242435455324,0.008433910348332586,0.2617229326086577,0.025355829910583334
5000,endpoint,group_harmful,True,67,652.8,68.78735348884997,0.04822133779525757,0.00855985199544814,0.2617229326086577,0.025355829910583334
5000,endpoint,group_harmful,True,68,652.8,68.78735348884997,0.048300397396087644,0.008647927055484637,0.2617229326086577,0.025355829910583334
5000,endpoint,group_harmful,True,69,652.8,68.78735348884997,0.04837944507598877,0.008738677249665453,0.2617229326086577,0.025355829910583334
5000,endpoint,group_harmful,True,70,652.8,68.78735348884997,0.04845850467681885,0.008774363575193917,0.2617229326086577,0.025355829910583334
5000,endpoint,group_harmful,True,71,652.8,68.78735348884997,0.04845850467681885,0.008774363575193917,0.2617229326086577,0.025355829910583334
5000,endpoint,group_harmful,True,72,652.8,68.78735348884997,0.04845850467681885,0.008774363575193917,0.2617229326086577,0.025355829910583334
5000,endpoint,group_harmful,True,73,652.8,68.78735348884997,0.04861660003662109,0.008700162147091668,0.2617229326086577,0.025355829910583334
5000,endpoint,group_harmful,True,74,652.8,68.78735348884997,0.04861660003662109,0.008700162147091668,0.2617229326086577,0.025355829910583334
5000,endpoint,group_harmful,True,75,652.8,68.78735348884997,0.04869565963745117,0.008737793914684289,0.2617229326086577,0.025355829910583334
5000,endpoint,group_harmful,True,76,652.8,68.78735348884997,0.04869565963745117,0.008737793914684289,0.2617229326086577,0.025355829910583334
5000,endpoint,group_harmful,True,77,652.8,68.78735348884997,0.04877471923828125,0.008571705853383495,0.2617229326086577,0.025355829910583334
5000,endpoint,group_harmful,True,78,652.8,68.78735348884997,0.04869565963745117,0.008575350489462464,0.2617229326086577,0.025355829910583334
5000,endpoint,group_harmful,True,79,652.8,68.78735348884997,0.04893280267715454,0.008692957034017032,0.2617229326086577,0.025355829910583334
5000,endpoint,group_harmful,True,80,652.8,68.78735348884997,0.04901186227798462,0.008785034151947514,0.2617229326086577,0.025355829910583334
5000,endpoint,group_harmful,True,81,652.8,68.78735348884997,0.049090909957885745,0.008826723982600971,0.2617229326086577,0.025355829910583334
5000,endpoint,group_harmful,True,82,652.8,68.78735348884997,0.0492490291595459,0.008858529085615574,0.2617229326086577,0.025355829910583334
5000,endpoint,group_harmful,True,83,652.8,68.78735348884997,0.049328076839447024,0.008949761968637357,0.2617229326086577,0.025355829910583334
5000,endpoint,group_harmful,True,84,652.8,68.78735348884997,0.0492490291595459,0.008858529085615574,0.2617229326086577,0.025355829910583334
5000,endpoint,group_harmful,True,85,652.8,68.78735348884997,0.0492490291595459,0.008858529085615574,0.2617229326086577,0.025355829910583334
5000,endpoint,group_harmful,True,86,652.8,68.78735348884997,0.0492490291595459,0.008858529085615574,0.2617229326086577,0.025355829910583334
5000,endpoint,group_harmful,True,87,652.8,68.78735348884997,0.049328076839447024,0.00890162944306917,0.2617229326086577,0.025355829910583334
5000,endpoint,group_harmful,True,88,652.8,68.78735348884997,0.049407124519348145,0.008991556435736922,0.2617229326086577,0.025355829910583334
5000,endpoint,group_harmful,True,89,652.8,68.78735348884997,0.049407124519348145,0.008991556435736922,0.2617229326086577,0.025355829910583334
5000,endpoint,group_harmful,True,90,652.8,68.78735348884997,0.049407124519348145,0.008991556435736922,0.2617229326086577,0.025355829910583334
5000,endpoint,group_harmful,True,91,652.8,68.78735348884997,0.049407124519348145,0.008991556435736922,0.2617229326086577,0.025355829910583334
5000,endpoint,group_harmful,True,92,652.8,68.78735348884997,0.049407124519348145,0.008991556435736922,0.2617229326086577,0.025355829910583334
5000,endpoint,group_harmful,True,93,652.8,68.78735348884997,0.04964426755905151,0.008814331243004864,0.2617229326086577,0.025355829910583334
5000,endpoint,group_harmful,True,94,652.8,68.78735348884997,0.04980237483978271,0.008646125267188366,0.2617229326086577,0.025355829910583334
5000,endpoint,group_harmful,True,95,652.8,68.78735348884997,0.04988142251968384,0.008647932367775526,0.2617229326086577,0.025355829910583334
5000,endpoint,group_harmful,True,96,652.8,68.78735348884997,0.04988142251968384,0.008647932367775526,0.2617229326086577,0.025355829910583334
5000,endpoint,group_harmful,True,97,652.8,68.78735348884997,0.05003951787948609,0.008832037721650822,0.2617229326086577,0.025355829910583334
5000,endpoint,group_harmful,True,98,652.8,68.78735348884997,0.05011857748031616,0.008927931333670395,0.2617229326086577,0.025355829910583334
5000,endpoint,group_harmful,True,99,652.8,68.78735348884997,0.05011857748031616,0.008927931333670395,0.2617229326086577,0.025355829910583334
5000,endpoint,group_nonharmful,False,-1,652.8,68.78735348884997,0.0,0.0,1.0,0.0
5000,endpoint,group_nonharmful,False,0,652.8,68.78735348884997,0.0,0.0,1.0,0.0
5000,endpoint,group_nonharmful,False,1,652.8,68.78735348884997,0.00015811920166015626,0.00021651363380993975,1.0,0.0
5000,endpoint,group_nonharmful,False,2,652.8,68.78735348884997,0.00023715496063232423,0.0005302946131751635,1.0,0.0
5000,endpoint,group_nonharmful,False,3,652.8,68.78735348884997,0.00039526224136352537,0.0005589831151474442,1.0,0.0
5000,endpoint,group_nonharmful,False,4,652.8,68.78735348884997,0.0005533576011657714,0.000599440152607005,1.0,0.0
5000,endpoint,group_nonharmful,False,5,652.8,68.78735348884997,0.0007114768028259278,0.000810061669209467,1.0,0.0
5000,endpoint,group_nonharmful,False,6,652.8,68.78735348884997,0.0007114768028259278,0.000810061669209467,1.0,0.0
5000,endpoint,group_nonharmful,False,7,652.8,68.78735348884997,0.0008695721626281738,0.0010231137076029788,1.0,0.0
5000,endpoint,group_nonharmful,False,8,652.8,68.78735348884997,0.0009486198425292969,0.001138734921490411,1.0,0.0
5000,endpoint,group_nonharmful,False,9,652.8,68.78735348884997,0.0011067390441894531,0.0012310405082302377,1.0,0.0
5000,endpoint,group_nonharmful,False,10,652.8,68.78735348884997,0.001106727123260498,0.001023106799482795,1.0,0.0
5000,endpoint,group_nonharmful,False,11,652.8,68.78735348884997,0.001106727123260498,0.001023106799482795,1.0,0.0
5000,endpoint,group_nonharmful,False,12,652.8,68.78735348884997,0.0012648344039916993,0.0010968161552251845,1.0,0.0
5000,endpoint,group_nonharmful,False,13,652.8,68.78735348884997,0.0013438820838928222,0.0007705042870078792,1.0,0.0
5000,endpoint,group_nonharmful,False,14,652.8,68.78735348884997,0.0014229297637939453,0.0009519306503451428,1.0,0.0
5000,endpoint,group_nonharmful,False,15,652.8,68.78735348884997,0.0013438701629638673,0.0008196340916630405,1.0,0.0
5000,endpoint,group_nonharmful,False,16,652.8,68.78735348884997,0.0013438701629638673,0.0008196340916630405,1.0,0.0
5000,endpoint,group_nonharmful,False,17,652.8,68.78735348884997,0.0014229297637939453,0.0009519306503451428,1.0,0.0
5000,endpoint,group_nonharmful,False,18,652.8,68.78735348884997,0.0015019655227661132,0.0008569114191186879,1.0,0.0
5000,endpoint,group_nonharmful,False,19,652.8,68.78735348884997,0.0016600728034973145,0.0008100471270868548,1.0,0.0
5000,endpoint,group_nonharmful,False,20,652.8,68.78735348884997,0.0016600728034973145,0.0007603011724689005,1.0,0.0
5000,endpoint,group_nonharmful,False,21,652.8,68.78735348884997,0.0019762873649597167,0.0009269797480426582,1.0,0.0
5000,endpoint,group_nonharmful,False,22,652.8,68.78735348884997,0.0018972396850585938,0.0009013449528006585,1.0,0.0
5000,endpoint,group_nonharmful,False,23,652.8,68.78735348884997,0.002134382724761963,0.001067940429949144,1.0,0.0
5000,endpoint,group_nonharmful,False,24,652.8,68.78735348884997,0.0019762873649597167,0.0010077284479199705,1.0,0.0
5000,endpoint,group_nonharmful,False,25,652.8,68.78735348884997,0.0022134304046630858,0.0011387338872504865,1.0,0.0
5000,endpoint,group_nonharmful,False,26,652.8,68.78735348884997,0.00205533504486084,0.0011658433855935993,1.0,0.0
5000,endpoint,group_nonharmful,False,27,652.8,68.78735348884997,0.0022134304046630858,0.0011387287152567996,1.0,0.0
5000,endpoint,group_nonharmful,False,28,652.8,68.78735348884997,0.002292478084564209,0.0012310232845087654,1.0,0.0
5000,endpoint,group_nonharmful,False,29,652.8,68.78735348884997,0.002292490005493164,0.0013519921620269851,1.0,0.0
5000,endpoint,group_nonharmful,False,30,652.8,68.78735348884997,0.002450597286224365,0.0013227919205432194,1.0,0.0
5000,endpoint,group_nonharmful,False,31,652.8,68.78735348884997,0.0022925019264221193,0.0015154368666005142,1.0,0.0
5000,endpoint,group_nonharmful,False,32,652.8,68.78735348884997,0.0026087045669555666,0.0016440023620396022,1.0,0.0
5000,endpoint,group_nonharmful,False,33,652.8,68.78735348884997,0.0025296568870544433,0.0016908457985990299,1.0,0.0
5000,endpoint,group_nonharmful,False,34,652.8,68.78735348884997,0.0026877641677856444,0.001709236564678363,1.0,0.0
5000,endpoint,group_nonharmful,False,35,652.8,68.78735348884997,0.0026877641677856444,0.0018198996934350791,1.0,0.0
5000,endpoint,group_nonharmful,False,36,652.8,68.78735348884997,0.0030039548873901367,0.0017808558483421927,1.0,0.0
5000,endpoint,group_nonharmful,False,37,652.8,68.78735348884997,0.0030039548873901367,0.001948415941321061,1.0,0.0
5000,endpoint,group_nonharmful,False,38,652.8,68.78735348884997,0.003162062168121338,0.0019959623152352142,1.0,0.0
5000,endpoint,group_nonharmful,False,39,652.8,68.78735348884997,0.003241109848022461,0.0020423825171550286,1.0,0.0
5000,endpoint,group_nonharmful,False,40,652.8,68.78735348884997,0.003162062168121338,0.0021100989361147503,1.0,0.0
5000,endpoint,group_nonharmful,False,41,652.8,68.78735348884997,0.003320157527923584,0.0019079230033242957,1.0,0.0
5000,endpoint,group_nonharmful,False,42,652.8,68.78735348884997,0.003241109848022461,0.0019841831315860104,1.0,0.0
5000,endpoint,group_nonharmful,False,43,652.8,68.78735348884997,0.0032410979270935058,0.0018831962235309153,1.0,0.0
5000,endpoint,group_nonharmful,False,44,652.8,68.78735348884997,0.0030830025672912596,0.0019444170149956269,1.0,0.0
5000,endpoint,group_nonharmful,False,45,652.8,68.78735348884997,0.003162050247192383,0.0018748840095966551,1.0,0.0
5000,endpoint,group_nonharmful,False,46,652.8,68.78735348884997,0.0030830025672912596,0.0019444170149956269,1.0,0.0
5000,endpoint,group_nonharmful,False,47,652.8,68.78735348884997,0.0032410979270935058,0.0018831962235309153,1.0,0.0
5000,endpoint,group_nonharmful,False,48,652.8,68.78735348884997,0.0032410979270935058,0.0018831962235309153,1.0,0.0
5000,endpoint,group_nonharmful,False,49,652.8,68.78735348884997,0.003399205207824707,0.001887350460784049,1.0,0.0
5000,endpoint,group_nonharmful,False,50,652.8,68.78735348884997,0.003320145606994629,0.0018242051845368044,1.0,0.0
5000,endpoint,group_nonharmful,False,51,652.8,68.78735348884997,0.0035573124885559084,0.0021468064724483793,1.0,0.0
5000,endpoint,group_nonharmful,False,52,652.8,68.78735348884997,0.0037944555282592774,0.0021757196077423634,1.0,0.0
5000,endpoint,group_nonharmful,False,53,652.8,68.78735348884997,0.003715407848358154,0.0022463730811287485,1.0,0.0
5000,endpoint,group_nonharmful,False,54,652.8,68.78735348884997,0.0037944555282592774,0.0021757196077423634,1.0,0.0
5000,endpoint,group_nonharmful,False,55,652.8,68.78735348884997,0.003715407848358154,0.0022463730811287485,1.0,0.0
5000,endpoint,group_nonharmful,False,56,652.8,68.78735348884997,0.003715407848358154,0.0021576947790380974,1.0,0.0
5000,endpoint,group_nonharmful,False,57,652.8,68.78735348884997,0.003715407848358154,0.0022463730811287485,1.0,0.0
5000,endpoint,group_nonharmful,False,58,652.8,68.78735348884997,0.0037944555282592774,0.0021757196077423634,1.0,0.0
5000,endpoint,group_nonharmful,False,59,652.8,68.78735348884997,0.003715407848358154,0.0022463730811287485,1.0,0.0
5000,endpoint,group_nonharmful,False,60,652.8,68.78735348884997,0.003715407848358154,0.0021576947790380974,1.0,0.0
5000,endpoint,group_nonharmful,False,61,652.8,68.78735348884997,0.0038735270500183105,0.0021900392224172994,1.0,0.0
5000,endpoint,group_nonharmful,False,62,652.8,68.78735348884997,0.0037944674491882323,0.002246387763718982,1.0,0.0
5000,endpoint,group_nonharmful,False,63,652.8,68.78735348884997,0.003952574729919433,0.002200712034241386,1.0,0.0
5000,endpoint,group_nonharmful,False,64,652.8,68.78735348884997,0.0039525628089904785,0.002355029596173009,1.0,0.0
5000,endpoint,group_nonharmful,False,65,652.8,68.78735348884997,0.004031622409820556,0.002294543706163161,1.0,0.0
5000,endpoint,group_nonharmful,False,66,652.8,68.78735348884997,0.0039525628089904785,0.002355029596173009,1.0,0.0
5000,endpoint,group_nonharmful,False,67,652.8,68.78735348884997,0.004031622409820556,0.002294543706163161,1.0,0.0
5000,endpoint,group_nonharmful,False,68,652.8,68.78735348884997,0.0039525628089904785,0.002355029596173009,1.0,0.0
5000,endpoint,group_nonharmful,False,69,652.8,68.78735348884997,0.004031622409820556,0.002294543706163161,1.0,0.0
5000,endpoint,group_nonharmful,False,70,652.8,68.78735348884997,0.0039525628089904785,0.002355029596173009,1.0,0.0
5000,endpoint,group_nonharmful,False,71,652.8,68.78735348884997,0.004031622409820556,0.002294543706163161,1.0,0.0
5000,endpoint,group_nonharmful,False,72,652.8,68.78735348884997,0.00411067008972168,0.002381408583609019,1.0,0.0
5000,endpoint,group_nonharmful,False,73,652.8,68.78735348884997,0.004110658168792724,0.00246205039590168,1.0,0.0
5000,endpoint,group_nonharmful,False,74,652.8,68.78735348884997,0.004268777370452881,0.002260222710103302,1.0,0.0
5000,endpoint,group_nonharmful,False,75,652.8,68.78735348884997,0.004189717769622803,0.00233167616103324,1.0,0.0
5000,endpoint,group_nonharmful,False,76,652.8,68.78735348884997,0.004268777370452881,0.002260222710103302,1.0,0.0
5000,endpoint,group_nonharmful,False,77,652.8,68.78735348884997,0.004189717769622803,0.00233167616103324,1.0,0.0
5000,endpoint,group_nonharmful,False,78,652.8,68.78735348884997,0.004268777370452881,0.002260222710103302,1.0,0.0
5000,endpoint,group_nonharmful,False,79,652.8,68.78735348884997,0.004189717769622803,0.00233167616103324,1.0,0.0
5000,endpoint,group_nonharmful,False,80,652.8,68.78735348884997,0.004268777370452881,0.002260222710103302,1.0,0.0
5000,endpoint,group_nonharmful,False,81,652.8,68.78735348884997,0.004189717769622803,0.00233167616103324,1.0,0.0
5000,endpoint,group_nonharmful,False,82,652.8,68.78735348884997,0.004268777370452881,0.002260222710103302,1.0,0.0
5000,endpoint,group_nonharmful,False,83,652.8,68.78735348884997,0.004268777370452881,0.002260222710103302,1.0,0.0
5000,endpoint,group_nonharmful,False,84,652.8,68.78735348884997,0.004189717769622803,0.00233167616103324,1.0,0.0
5000,endpoint,group_nonharmful,False,85,652.8,68.78735348884997,0.004268777370452881,0.002260222710103302,1.0,0.0
5000,endpoint,group_nonharmful,False,86,652.8,68.78735348884997,0.004189717769622803,0.00233167616103324,1.0,0.0
5000,endpoint,group_nonharmful,False,87,652.8,68.78735348884997,0.004268777370452881,0.002260222710103302,1.0,0.0
5000,endpoint,group_nonharmful,False,88,652.8,68.78735348884997,0.004189717769622803,0.00233167616103324,1.0,0.0
5000,endpoint,group_nonharmful,False,89,652.8,68.78735348884997,0.004268777370452881,0.002260222710103302,1.0,0.0
5000,endpoint,group_nonharmful,False,90,652.8,68.78735348884997,0.004189717769622803,0.00233167616103324,1.0,0.0
5000,endpoint,group_nonharmful,False,91,652.8,68.78735348884997,0.004268777370452881,0.002260222710103302,1.0,0.0
5000,endpoint,group_nonharmful,False,92,652.8,68.78735348884997,0.004189717769622803,0.00233167616103324,1.0,0.0
5000,endpoint,group_nonharmful,False,93,652.8,68.78735348884997,0.004268777370452881,0.002260222710103302,1.0,0.0
5000,endpoint,group_nonharmful,False,94,652.8,68.78735348884997,0.004268777370452881,0.002260222710103302,1.0,0.0
5000,endpoint,group_nonharmful,False,95,652.8,68.78735348884997,0.004189717769622803,0.00233167616103324,1.0,0.0
5000,endpoint,group_nonharmful,False,96,652.8,68.78735348884997,0.0043478250503540036,0.0021285180002930484,1.0,0.0
5000,endpoint,group_nonharmful,False,97,652.8,68.78735348884997,0.004268765449523926,0.0022077861294256575,1.0,0.0
5000,endpoint,group_nonharmful,False,98,652.8,68.78735348884997,0.004426872730255127,0.002225395219641939,1.0,0.0
5000,endpoint,group_nonharmful,False,99,652.8,68.78735348884997,0.004347813129425049,0.002304720871248147,1.0,0.0
5000,endpoint,group_nonharmful,True,-1,652.8,68.78735348884997,0.0,0.0,1.0,0.0
5000,endpoint,group_nonharmful,True,0,652.8,68.78735348884997,0.0,0.0,1.0,0.0
5000,endpoint,group_nonharmful,True,1,652.8,68.78735348884997,0.0002371668815612793,0.0003535419596890673,0.5005658345853474,0.0009087736612374372
5000,endpoint,group_nonharmful,True,2,652.8,68.78735348884997,0.0004743218421936035,0.0006494919315589801,0.36180532191012454,0.00916878330295363
5000,endpoint,group_nonharmful,True,3,652.8,68.78735348884997,0.00102766752243042,0.001414142015065752,0.30216168593582,0.00456038155541272
5000,endpoint,group_nonharmful,True,4,652.8,68.78735348884997,0.0019762873649597167,0.001605550342095798,0.2735632679889785,0.01074363393500537
5000,endpoint,group_nonharmful,True,5,652.8,68.78735348884997,0.002213454246520996,0.0017364436405037204,0.26033166760185195,0.010333844158492216
5000,endpoint,group_nonharmful,True,6,652.8,68.78735348884997,0.0026086926460266112,0.0020076500951602253,0.25451676819798824,0.00927236638642537
5000,endpoint,group_nonharmful,True,7,652.8,68.78735348884997,0.0038735151290893556,0.002098953640157041,0.248349694964982,0.00829860084230027
5000,endpoint,group_nonharmful,True,8,652.8,68.78735348884997,0.004189717769622803,0.002297933925831408,0.24542762141274013,0.01007599765050067
5000,endpoint,group_nonharmful,True,9,652.8,68.78735348884997,0.004980230331420898,0.002446123841136355,0.24295662153485767,0.010754145543685706
5000,endpoint,group_nonharmful,True,10,652.8,68.78735348884997,0.006086969375610351,0.003043721962362215,0.24017986904987518,0.015205220796848166
5000,endpoint,group_nonharmful,True,11,652.8,68.78735348884997,0.006956517696380615,0.0032425345984480975,0.23945523136871577,0.01678307531843454
5000,endpoint,group_nonharmful,True,12,652.8,68.78735348884997,0.00758892297744751,0.00319155303403773,0.23833072131687608,0.016354078041653862
5000,endpoint,group_nonharmful,True,13,652.8,68.78735348884997,0.008300387859344482,0.00336548596063966,0.2367842953054932,0.01648182265844055
5000,endpoint,group_nonharmful,True,14,652.8,68.78735348884997,0.008774709701538087,0.0037849569213290733,0.23617552907172695,0.016059240169777632
5000,endpoint,group_nonharmful,True,15,652.8,68.78735348884997,0.009011852741241454,0.004342411183972302,0.2356132740458071,0.015891046158812715
5000,endpoint,group_nonharmful,True,16,652.8,68.78735348884997,0.009723317623138428,0.0042625480778938464,0.23503793310877014,0.01566317623026546
5000,endpoint,group_nonharmful,True,17,652.8,68.78735348884997,0.010513854026794434,0.0036505028256926483,0.23503793310877014,0.01566317623026546
5000,endpoint,group_nonharmful,True,18,652.8,68.78735348884997,0.010909104347229004,0.003797320868576842,0.23431329542761073,0.01721448479069417
5000,endpoint,group_nonharmful,True,19,652.8,68.78735348884997,0.011857712268829345,0.003942650495474406,0.2340161186074027,0.016991571535566494
5000,endpoint,group_nonharmful,True,20,652.8,68.78735348884997,0.012332010269165038,0.004288112778956885,0.23309747153316515,0.017817323172347115
5000,endpoint,group_nonharmful,True,21,652.8,68.78735348884997,0.013043463230133057,0.004302657949141606,0.23212638645881922,0.018135299971626828
5000,endpoint,group_nonharmful,True,22,652.8,68.78735348884997,0.013280630111694336,0.003978151135776657,0.23180171113414388,0.017893548432795375
5000,endpoint,group_nonharmful,True,23,652.8,68.78735348884997,0.014071142673492432,0.003997765127961306,0.23180171113414388,0.017893548432795375
5000,endpoint,group_nonharmful,True,24,652.8,68.78735348884997,0.014229261875152588,0.003922804778799464,0.23123945610822405,0.017735379353803326
5000,endpoint,group_nonharmful,True,25,652.8,68.78735348884997,0.01454545259475708,0.004177379714317798,0.2309147807835487,0.01750518255006278
5000,endpoint,group_nonharmful,True,26,652.8,68.78735348884997,0.01478261947631836,0.004169898231264647,0.2306366166667198,0.017544580391486854
5000,endpoint,group_nonharmful,True,27,652.8,68.78735348884997,0.015494084358215332,0.0044226285823006795,0.22973067361274552,0.016861374812089366
5000,endpoint,group_nonharmful,True,28,652.8,68.78735348884997,0.016126489639282225,0.0044840152548787406,0.22973067361274552,0.016861374812089366
5000,endpoint,group_nonharmful,True,29,652.8,68.78735348884997,0.016442704200744628,0.004731533566140507,0.22971166090936643,0.016581314279863483
5000,endpoint,group_nonharmful,True,30,652.8,68.78735348884997,0.016521739959716796,0.004754587671356597,0.2291553326757086,0.01663737305360904
5000,endpoint,group_nonharmful,True,31,652.8,68.78735348884997,0.01715414524078369,0.005343997352484705,0.2291553326757086,0.01663737305360904
5000,endpoint,group_nonharmful,True,32,652.8,68.78735348884997,0.01762845516204834,0.00545969476459218,0.2291553326757086,0.01663737305360904
5000,endpoint,group_nonharmful,True,33,652.8,68.78735348884997,0.018023717403411865,0.005344015206944094,0.2284683385104535,0.017187790694255856
5000,endpoint,group_nonharmful,True,34,652.8,68.78735348884997,0.018418967723846436,0.005537826775193264,0.22754376464395398,0.01779349609817698
5000,endpoint,group_nonharmful,True,35,652.8,68.78735348884997,0.01865612268447876,0.005578581796083307,0.22696249691465503,0.017337502203743506
5000,endpoint,group_nonharmful,True,36,652.8,68.78735348884997,0.019288527965545654,0.005771287368155957,0.22696249691465503,0.017337502203743506
5000,endpoint,group_nonharmful,True,37,652.8,68.78735348884997,0.019446635246276857,0.005371706081946151,0.22660017807407534,0.01810981006024962
5000,endpoint,group_nonharmful,True,38,652.8,68.78735348884997,0.02007904052734375,0.00515655495583793,0.22692485339875068,0.018356041132502988
5000,endpoint,group_nonharmful,True,39,652.8,68.78735348884997,0.02039525508880615,0.005081775419032531,0.22631608716498444,0.017939844550921215
5000,endpoint,group_nonharmful,True,40,652.8,68.78735348884997,0.020632410049438478,0.005179211167957672,0.22631608716498444,0.017939844550921215
5000,endpoint,group_nonharmful,True,41,652.8,68.78735348884997,0.021027672290802,0.005378985159877242,0.22601891034477642,0.01768296581370971
5000,endpoint,group_nonharmful,True,42,652.8,68.78735348884997,0.02118576765060425,0.005210796383850036,0.22569423502010108,0.017443926930932135
5000,endpoint,group_nonharmful,True,43,652.8,68.78735348884997,0.021581029891967772,0.0054382089386065865,0.22569423502010108,0.017443926930932135
5000,endpoint,group_nonharmful,True,44,652.8,68.78735348884997,0.021818172931671143,0.005571577445167036,0.22569423502010108,0.017443926930932135
5000,endpoint,group_nonharmful,True,45,652.8,68.78735348884997,0.022055339813232423,0.005771292879017541,0.22445053073033439,0.016539657476849934
5000,endpoint,group_nonharmful,True,46,652.8,68.78735348884997,0.022450590133666994,0.005891845094463263,0.22445053073033439,0.016539657476849934
5000,endpoint,group_nonharmful,True,47,652.8,68.78735348884997,0.022687745094299317,0.006011285621469956,0.22445053073033439,0.016539657476849934
5000,endpoint,group_nonharmful,True,48,652.8,68.78735348884997,0.02292490005493164,0.005974806902898377,0.22472869484716332,0.016569455947004447
5000,endpoint,group_nonharmful,True,49,652.8,68.78735348884997,0.02316206693649292,0.005819818610191843,0.2235636003797392,0.0161347976151374
5000,endpoint,group_nonharmful,True,50,652.8,68.78735348884997,0.023320162296295167,0.005948582317844937,0.2235636003797392,0.0161347976151374
5000,endpoint,group_nonharmful,True,51,652.8,68.78735348884997,0.02371542453765869,0.005875920877286866,0.2235636003797392,0.0161347976151374
5000,endpoint,group_nonharmful,True,52,652.8,68.78735348884997,0.02411067485809326,0.006000884496241894,0.2235636003797392,0.0161347976151374
5000,endpoint,group_nonharmful,True,53,652.8,68.78735348884997,0.02418973445892334,0.005778047997995839,0.2235636003797392,0.0161347976151374
5000,endpoint,group_nonharmful,True,54,652.8,68.78735348884997,0.024426889419555665,0.0057645190139429744,0.2235636003797392,0.0161347976151374
5000,endpoint,group_nonharmful,True,55,652.8,68.78735348884997,0.02442687749862671,0.005571581885055104,0.2235636003797392,0.0161347976151374
5000,endpoint,group_nonharmful,True,56,652.8,68.78735348884997,0.02434781789779663,0.00553076932004418,0.2235636003797392,0.0161347976151374
5000,endpoint,group_nonharmful,True,57,652.8,68.78735348884997,0.024426865577697753,0.005634308785619989,0.2235636003797392,0.0161347976151374
5000,endpoint,group_nonharmful,True,58,652.8,68.78735348884997,0.024664020538330077,0.005965620974609789,0.2235636003797392,0.0161347976151374
5000,endpoint,group_nonharmful,True,59,652.8,68.78735348884997,0.024822139739990236,0.006029448080002863,0.2235636003797392,0.0161347976151374
5000,endpoint,group_nonharmful,True,60,652.8,68.78735348884997,0.024901199340820312,0.006091321918699652,0.2235636003797392,0.0161347976151374
5000,endpoint,group_nonharmful,True,61,652.8,68.78735348884997,0.02521740198135376,0.006245810392267226,0.2235636003797392,0.0161347976151374
5000,endpoint,group_nonharmful,True,62,652.8,68.78735348884997,0.025296449661254883,0.0062745088904884285,0.2235636003797392,0.0161347976151374
5000,endpoint,group_nonharmful,True,63,652.8,68.78735348884997,0.025454556941986083,0.006599725488158536,0.2235636003797392,0.0161347976151374
5000,endpoint,group_nonharmful,True,64,652.8,68.78735348884997,0.02561265230178833,0.006610368797552987,0.2235636003797392,0.0161347976151374
5000,endpoint,group_nonharmful,True,65,652.8,68.78735348884997,0.025533604621887206,0.0064863154440651626,0.2235636003797392,0.0161347976151374
5000,endpoint,group_nonharmful,True,66,652.8,68.78735348884997,0.025533604621887206,0.006492333535497089,0.2235636003797392,0.0161347976151374
5000,endpoint,group_nonharmful,True,67,652.8,68.78735348884997,0.025691699981689454,0.006631604703863226,0.2235636003797392,0.0161347976151374
5000,endpoint,group_nonharmful,True,68,652.8,68.78735348884997,0.025928854942321777,0.006629252960404111,0.2235636003797392,0.0161347976151374
5000,endpoint,group_nonharmful,True,69,652.8,68.78735348884997,0.025849807262420654,0.006611554724716835,0.2235636003797392,0.0161347976151374
5000,endpoint,group_nonharmful,True,70,652.8,68.78735348884997,0.025849807262420654,0.006670365054195543,0.2235636003797392,0.0161347976151374
5000,endpoint,group_nonharmful,True,71,652.8,68.78735348884997,0.025928854942321777,0.006687907661693175,0.2235636003797392,0.0161347976151374
5000,endpoint,group_nonharmful,True,72,652.8,68.78735348884997,0.026086950302124025,0.006701908615990927,0.2235636003797392,0.0161347976151374
5000,endpoint,group_nonharmful,True,73,652.8,68.78735348884997,0.0260079026222229,0.006727500654113739,0.2235636003797392,0.0161347976151374
5000,endpoint,group_nonharmful,True,74,652.8,68.78735348884997,0.0260079026222229,0.006727500654113739,0.2235636003797392,0.0161347976151374
5000,endpoint,group_nonharmful,True,75,652.8,68.78735348884997,0.026086962223052977,0.0065783707354870645,0.2235636003797392,0.0161347976151374
5000,endpoint,group_nonharmful,True,76,652.8,68.78735348884997,0.0261660099029541,0.006598525652848377,0.2235636003797392,0.0161347976151374
5000,endpoint,group_nonharmful,True,77,652.8,68.78735348884997,0.0261660099029541,0.006598525652848377,0.2235636003797392,0.0161347976151374
5000,endpoint,group_nonharmful,True,78,652.8,68.78735348884997,0.0261660099029541,0.006598525652848377,0.2235636003797392,0.0161347976151374
5000,endpoint,group_nonharmful,True,79,652.8,68.78735348884997,0.0261660099029541,0.006598525652848377,0.2235636003797392,0.0161347976151374
5000,endpoint,group_nonharmful,True,80,652.8,68.78735348884997,0.026482212543487548,0.006730978046183633,0.2235636003797392,0.0161347976151374
5000,endpoint,group_nonharmful,True,81,652.8,68.78735348884997,0.026482212543487548,0.006730978046183633,0.2235636003797392,0.0161347976151374
5000,endpoint,group_nonharmful,True,82,652.8,68.78735348884997,0.026482212543487548,0.006730978046183633,0.2235636003797392,0.0161347976151374
5000,endpoint,group_nonharmful,True,83,652.8,68.78735348884997,0.026482212543487548,0.006730978046183633,0.2235636003797392,0.0161347976151374
5000,endpoint,group_nonharmful,True,84,652.8,68.78735348884997,0.026482212543487548,0.006730978046183633,0.2235636003797392,0.0161347976151374
5000,endpoint,group_nonharmful,True,85,652.8,68.78735348884997,0.02664031982421875,0.006629255803377047,0.2235636003797392,0.0161347976151374
5000,endpoint,group_nonharmful,True,86,652.8,68.78735348884997,0.02664031982421875,0.006629255803377047,0.2235636003797392,0.0161347976151374
5000,endpoint,group_nonharmful,True,87,652.8,68.78735348884997,0.02664031982421875,0.006629255803377047,0.2235636003797392,0.0161347976151374
5000,endpoint,group_nonharmful,True,88,652.8,68.78735348884997,0.02664031982421875,0.006629255803377047,0.2235636003797392,0.0161347976151374
5000,endpoint,group_nonharmful,True,89,652.8,68.78735348884997,0.02671936750411987,0.0066469063762246644,0.2235636003797392,0.0161347976151374
5000,endpoint,group_nonharmful,True,90,652.8,68.78735348884997,0.026798415184020995,0.006610376638261699,0.2235636003797392,0.0161347976151374
5000,endpoint,group_nonharmful,True,91,652.8,68.78735348884997,0.02664031982421875,0.006629255803377047,0.2235636003797392,0.0161347976151374
5000,endpoint,group_nonharmful,True,92,652.8,68.78735348884997,0.026798415184020995,0.006610376638261699,0.2235636003797392,0.0161347976151374
5000,endpoint,group_nonharmful,True,93,652.8,68.78735348884997,0.026798415184020995,0.006610376638261699,0.2235636003797392,0.0161347976151374
5000,endpoint,group_nonharmful,True,94,652.8,68.78735348884997,0.026798415184020995,0.0065331190967793315,0.2235636003797392,0.0161347976151374
5000,endpoint,group_nonharmful,True,95,652.8,68.78735348884997,0.02687746286392212,0.0063917029020406895,0.2235636003797392,0.0161347976151374
5000,endpoint,group_nonharmful,True,96,652.8,68.78735348884997,0.026956510543823243,0.006509163277164973,0.2235636003797392,0.0161347976151374
5000,endpoint,group_nonharmful,True,97,652.8,68.78735348884997,0.02687746286392212,0.006494747009610024,0.2235636003797392,0.0161347976151374
5000,endpoint,group_nonharmful,True,98,652.8,68.78735348884997,0.02671936750411987,0.006576019837526703,0.2235636003797392,0.0161347976151374
5000,endpoint,group_nonharmful,True,99,652.8,68.78735348884997,0.026956510543823243,0.006669196473261336,0.2235636003797392,0.0161347976151374
5000,endpoint,group_random,False,-1,652.8,68.78735348884997,0.0,0.0,1.0,0.0
5000,endpoint,group_random,False,0,652.8,68.78735348884997,0.0,0.0,1.0,0.0
5000,endpoint,group_random,False,1,652.8,68.78735348884997,0.00047429800033569334,0.0003306944188203614,1.0,0.0
5000,endpoint,group_random,False,2,652.8,68.78735348884997,0.0007114529609680176,0.0004329674163343095,1.0,0.0
5000,endpoint,group_random,False,3,652.8,68.78735348884997,0.0008695602416992187,0.0005153666837039919,1.0,0.0
5000,endpoint,group_random,False,4,652.8,68.78735348884997,0.001185762882232666,0.000790521502803784,1.0,0.0
5000,endpoint,group_random,False,5,652.8,68.78735348884997,0.0015019774436950684,0.0009436761670175575,1.0,0.0
5000,endpoint,group_random,False,6,652.8,68.78735348884997,0.0017391443252563477,0.000992098690368956,1.0,0.0
5000,endpoint,group_random,False,7,652.8,68.78735348884997,0.00205533504486084,0.0010968032673586388,1.0,0.0
5000,endpoint,group_random,False,8,652.8,68.78735348884997,0.002292490005493164,0.0012310338103694305,1.0,0.0
5000,endpoint,group_random,False,9,652.8,68.78735348884997,0.00245058536529541,0.0010967860831930312,1.0,0.0
5000,endpoint,group_random,False,10,652.8,68.78735348884997,0.0026086926460266112,0.0009920880042244339,1.0,0.0
5000,endpoint,group_random,False,11,652.8,68.78735348884997,0.0026877522468566895,0.0010968075637628658,1.0,0.0
5000,endpoint,group_random,False,12,652.8,68.78735348884997,0.0029248952865600585,0.0012685306152925497,1.0,0.0
5000,endpoint,group_random,False,13,652.8,68.78735348884997,0.0032410979270935058,0.001198874410336073,1.0,0.0
5000,endpoint,group_random,False,14,652.8,68.78735348884997,0.003320145606994629,0.0011725278513512946,1.0,0.0
5000,endpoint,group_random,False,15,652.8,68.78735348884997,0.00347825288772583,0.0011318508997720973,1.0,0.0
5000,endpoint,group_random,False,16,652.8,68.78735348884997,0.003636372089385986,0.0012929405742930723,1.0,0.0
5000,endpoint,group_random,False,17,652.8,68.78735348884997,0.0037154197692871095,0.0012989675392009131,1.0,0.0
5000,endpoint,group_random,False,18,652.8,68.78735348884997,0.0037944674491882323,0.001328692351193291,1.0,0.0
5000,endpoint,group_random,False,19,652.8,68.78735348884997,0.0039525628089904785,0.0014251349723160794,1.0,0.0
5000,endpoint,group_random,False,20,652.8,68.78735348884997,0.004347836971282959,0.0013109158816600392,1.0,0.0
5000,endpoint,group_random,False,21,652.8,68.78735348884997,0.004664039611816407,0.001731928833256314,1.0,0.0
5000,endpoint,group_random,False,22,652.8,68.78735348884997,0.005059301853179932,0.001566145511590763,1.0,0.0
5000,endpoint,group_random,False,23,652.8,68.78735348884997,0.005296444892883301,0.0015206000203490033,1.0,0.0
5000,endpoint,group_random,False,24,652.8,68.78735348884997,0.005612647533416748,0.0014085786599976006,1.0,0.0
5000,endpoint,group_random,False,25,652.8,68.78735348884997,0.005691695213317871,0.0012685287576182608,1.0,0.0
5000,endpoint,group_random,False,26,652.8,68.78735348884997,0.005770742893218994,0.0012685269005013838,1.0,0.0
5000,endpoint,group_random,False,27,652.8,68.78735348884997,0.006245064735412598,0.0015154601856656976,1.0,0.0
5000,endpoint,group_random,False,28,652.8,68.78735348884997,0.006403160095214844,0.0015154601856656976,1.0,0.0
5000,endpoint,group_random,False,29,652.8,68.78735348884997,0.006719362735748291,0.0015561308329835057,1.0,0.0
5000,endpoint,group_random,False,30,652.8,68.78735348884997,0.006877470016479492,0.0013577500865660692,1.0,0.0
5000,endpoint,group_random,False,31,652.8,68.78735348884997,0.007035577297210693,0.0014085953858515075,1.0,0.0
5000,endpoint,group_random,False,32,652.8,68.78735348884997,0.007035577297210693,0.0015661470159088018,1.0,0.0
5000,endpoint,group_random,False,33,652.8,68.78735348884997,0.007035577297210693,0.0015661470159088018,1.0,0.0
5000,endpoint,group_random,False,34,652.8,68.78735348884997,0.00719367265701294,0.0014086029118534867,1.0,0.0
5000,endpoint,group_random,False,35,652.8,68.78735348884997,0.0072727203369140625,0.001571130786889196,1.0,0.0
5000,endpoint,group_random,False,36,652.8,68.78735348884997,0.007667970657348633,0.0014946918046329374,1.0,0.0
5000,endpoint,group_random,False,37,652.8,68.78735348884997,0.007826077938079833,0.0015154562993751116,1.0,0.0
5000,endpoint,group_random,False,38,652.8,68.78735348884997,0.007905125617980957,0.0015810430052705076,1.0,0.0
5000,endpoint,group_random,False,39,652.8,68.78735348884997,0.008063232898712159,0.0015206000203490035,1.0,0.0
5000,endpoint,group_random,False,40,652.8,68.78735348884997,0.008063232898712159,0.0015206000203490035,1.0,0.0
5000,endpoint,group_random,False,41,652.8,68.78735348884997,0.00822134017944336,0.0015661462638066742,1.0,0.0
5000,endpoint,group_random,False,42,652.8,68.78735348884997,0.008616602420806885,0.0016862207836460966,1.0,0.0
5000,endpoint,group_random,False,43,652.8,68.78735348884997,0.0090118408203125,0.0015661364857656088,1.0,0.0
5000,endpoint,group_random,False,44,652.8,68.78735348884997,0.009090900421142578,0.001556127048035987,1.0,0.0
5000,endpoint,group_random,False,45,652.8,68.78735348884997,0.009169960021972656,0.0016392530916783585,1.0,0.0
5000,endpoint,group_random,False,46,652.8,68.78735348884997,0.00924900770187378,0.001736438891798072,1.0,0.0
5000,endpoint,group_random,False,47,652.8,68.78735348884997,0.009328067302703857,0.001713798093669306,1.0,0.0
5000,endpoint,group_random,False,48,652.8,68.78735348884997,0.009565210342407227,0.001798313252397272,1.0,0.0
5000,endpoint,group_random,False,49,652.8,68.78735348884997,0.009802377223968506,0.0014085753149290963,1.0,0.0
5000,endpoint,group_random,False,50,652.8,68.78735348884997,0.009802377223968506,0.001639263870589485,1.0,0.0
5000,endpoint,group_random,False,51,652.8,68.78735348884997,0.009960484504699708,0.0014629885523161907,1.0,0.0
5000,endpoint,group_random,False,52,652.8,68.78735348884997,0.009960484504699708,0.0014629885523161907,1.0,0.0
5000,endpoint,group_random,False,53,652.8,68.78735348884997,0.010197627544403075,0.0016152360386524648,1.0,0.0
5000,endpoint,group_random,False,54,652.8,68.78735348884997,0.010197627544403075,0.0016152360386524648,1.0,0.0
5000,endpoint,group_random,False,55,652.8,68.78735348884997,0.0102766752243042,0.0016769247597196476,1.0,0.0
5000,endpoint,group_random,False,56,652.8,68.78735348884997,0.010592889785766602,0.001776453253783609,1.0,0.0
5000,endpoint,group_random,False,57,652.8,68.78735348884997,0.010513842105865479,0.0017364293945524147,1.0,0.0
5000,endpoint,group_random,False,58,652.8,68.78735348884997,0.010592889785766602,0.001776453253783609,1.0,0.0
5000,endpoint,group_random,False,59,652.8,68.78735348884997,0.010592889785766602,0.001776453253783609,1.0,0.0
5000,endpoint,group_random,False,60,652.8,68.78735348884997,0.010750985145568848,0.0019443903588220281,1.0,0.0
5000,endpoint,group_random,False,61,652.8,68.78735348884997,0.01090909242630005,0.0020461825121704854,1.0,0.0
5000,endpoint,group_random,False,62,652.8,68.78735348884997,0.010988140106201172,0.0020802547050591145,1.0,0.0
5000,endpoint,group_random,False,63,652.8,68.78735348884997,0.010988140106201172,0.0020802547050591145,1.0,0.0
5000,endpoint,group_random,False,64,652.8,68.78735348884997,0.01090909242630005,0.0020270037981879154,1.0,0.0
5000,endpoint,group_random,False,65,652.8,68.78735348884997,0.010988140106201172,0.0020802547050591145,1.0,0.0
5000,endpoint,group_random,False,66,652.8,68.78735348884997,0.010988152027130127,0.0021174802250974335,1.0,0.0
5000,endpoint,group_random,False,67,652.8,68.78735348884997,0.01106719970703125,0.0021649050899940647,1.0,0.0
5000,endpoint,group_random,False,68,652.8,68.78735348884997,0.011146247386932373,0.0022253968074622656,1.0,0.0
5000,endpoint,group_random,False,69,652.8,68.78735348884997,0.01122530698776245,0.0022636825450312948,1.0,0.0
5000,endpoint,group_random,False,70,652.8,68.78735348884997,0.011304366588592529,0.002331683739012148,1.0,0.0
5000,endpoint,group_random,False,71,652.8,68.78735348884997,0.011304366588592529,0.002331683739012148,1.0,0.0
5000,endpoint,group_random,False,72,652.8,68.78735348884997,0.01122530698776245,0.0022636825450312948,1.0,0.0
5000,endpoint,group_random,False,73,652.8,68.78735348884997,0.011383414268493652,0.0023114970619715213,1.0,0.0
5000,endpoint,group_random,False,74,652.8,68.78735348884997,0.011383414268493652,0.0023114970619715213,1.0,0.0
5000,endpoint,group_random,False,75,652.8,68.78735348884997,0.011383402347564697,0.002080272824931763,1.0,0.0
5000,endpoint,group_random,False,76,652.8,68.78735348884997,0.011541509628295898,0.0022254142750873355,1.0,0.0
5000,endpoint,group_random,False,77,652.8,68.78735348884997,0.011541509628295898,0.0022254116286072314,1.0,0.0
5000,endpoint,group_random,False,78,652.8,68.78735348884997,0.011620557308197022,0.0022979395647214373,1.0,0.0
5000,endpoint,group_random,False,79,652.8,68.78735348884997,0.011699604988098144,0.002280880792826716,1.0,0.0
5000,endpoint,group_random,False,80,652.8,68.78735348884997,0.011620557308197022,0.00221132747551292,1.0,0.0
5000,endpoint,group_random,False,81,652.8,68.78735348884997,0.011699604988098144,0.002280880792826716,1.0,0.0
5000,endpoint,group_random,False,82,652.8,68.78735348884997,0.011699604988098144,0.002280880792826716,1.0,0.0
5000,endpoint,group_random,False,83,652.8,68.78735348884997,0.011620557308197022,0.00221132747551292,1.0,0.0
5000,endpoint,group_random,False,84,652.8,68.78735348884997,0.011699604988098144,0.002280880792826716,1.0,0.0
5000,endpoint,group_random,False,85,652.8,68.78735348884997,0.011699604988098144,0.002280880792826716,1.0,0.0
5000,endpoint,group_random,False,86,652.8,68.78735348884997,0.011620557308197022,0.00221132747551292,1.0,0.0
5000,endpoint,group_random,False,87,652.8,68.78735348884997,0.011699604988098144,0.002280880792826716,1.0,0.0
5000,endpoint,group_random,False,88,652.8,68.78735348884997,0.011857712268829345,0.0022359271921281996,1.0,0.0
5000,endpoint,group_random,False,89,652.8,68.78735348884997,0.011936759948730469,0.0022945483263789,1.0,0.0
5000,endpoint,group_random,False,90,652.8,68.78735348884997,0.011936759948730469,0.0022945483263789,1.0,0.0
5000,endpoint,group_random,False,91,652.8,68.78735348884997,0.011857712268829345,0.0022359271921281996,1.0,0.0
5000,endpoint,group_random,False,92,652.8,68.78735348884997,0.011936759948730469,0.0022945483263789,1.0,0.0
5000,endpoint,group_random,False,93,652.8,68.78735348884997,0.012015807628631591,0.00239775569754289,1.0,0.0
5000,endpoint,group_random,False,94,652.8,68.78735348884997,0.011936759948730469,0.002345052688268187,1.0,0.0
5000,endpoint,group_random,False,95,652.8,68.78735348884997,0.012094855308532715,0.0024620475252160414,1.0,0.0
5000,endpoint,group_random,False,96,652.8,68.78735348884997,0.01209486722946167,0.002381410067555629,1.0,0.0
5000,endpoint,group_random,False,97,652.8,68.78735348884997,0.01209486722946167,0.002381410067555629,1.0,0.0
5000,endpoint,group_random,False,98,652.8,68.78735348884997,0.012173914909362793,0.002442935907085885,1.0,0.0
5000,endpoint,group_random,False,99,652.8,68.78735348884997,0.01209486722946167,0.002381410067555629,1.0,0.0
5000,endpoint,group_random,True,-1,652.8,68.78735348884997,0.0,0.0,1.0,0.0
5000,endpoint,group_random,True,0,652.8,68.78735348884997,0.0,0.0,1.0,0.0
5000,endpoint,group_random,True,1,652.8,68.78735348884997,0.0005533456802368164,0.00045066202116769775,0.5002876704685184,0.00039426731809234534
5000,endpoint,group_random,True,2,652.8,68.78735348884997,0.0010276556015014649,0.0005994499790274984,0.3657493043193737,0.009746266535179177
5000,endpoint,group_random,True,3,652.8,68.78735348884997,0.0013438701629638673,0.0010307242221918845,0.3073324460255614,0.012900779961364761
5000,endpoint,group_random,True,4,652.8,68.78735348884997,0.0015810370445251466,0.0014789103972811892,0.28256678081173464,0.01293005182836189
5000,endpoint,group_random,True,5,652.8,68.78735348884997,0.002371549606323242,0.001832731835272713,0.2689132644650649,0.0127318667653436
5000,endpoint,group_random,True,6,652.8,68.78735348884997,0.0030830025672912596,0.0017543417014650978,0.2621721276145167,0.009873003749774727
5000,endpoint,group_random,True,7,652.8,68.78735348884997,0.004268777370452881,0.0021358565929233907,0.25663999243751084,0.010116707284748236
5000,endpoint,group_random,True,8,652.8,68.78735348884997,0.0051383376121521,0.0023879454674603094,0.25505592291022355,0.010168291252003562
5000,endpoint,group_random,True,9,652.8,68.78735348884997,0.006166005134582519,0.0028720711560641992,0.2510951532402418,0.01118219430998623
5000,endpoint,group_random,True,10,652.8,68.78735348884997,0.007035577297210693,0.0029099177049954138,0.24848078341049878,0.01188666278907625
5000,endpoint,group_random,True,11,652.8,68.78735348884997,0.008221352100372314,0.0023944945141807475,0.247134293584456,0.011354949417809028
5000,endpoint,group_random,True,12,652.8,68.78735348884997,0.008537542819976807,0.0024301122973112064,0.2456403055731815,0.011977457909197395
5000,endpoint,group_random,True,13,652.8,68.78735348884997,0.009169971942901612,0.0025060557678103523,0.24408795276953663,0.011892527116414331
5000,endpoint,group_random,True,14,652.8,68.78735348884997,0.009565222263336181,0.0028282173896809625,0.24289075968761634,0.010914320221827712
5000,endpoint,group_random,True,15,652.8,68.78735348884997,0.0104347825050354,0.003144718930951174,0.24231541875057938,0.010798454401244648
5000,endpoint,group_random,True,16,652.8,68.78735348884997,0.010988152027130127,0.0032159339590440163,0.24291825819208362,0.010811799275026636
5000,endpoint,group_random,True,17,652.8,68.78735348884997,0.01146245002746582,0.003557306197074345,0.2413718321807007,0.010772467589478432
5000,endpoint,group_random,True,18,652.8,68.78735348884997,0.012648212909698486,0.0033304794257784593,0.24108774127160984,0.01106470888838855
5000,endpoint,group_random,True,19,652.8,68.78735348884997,0.013280642032623292,0.0035197772132077388,0.2404007471063548,0.010871032384800234
5000,endpoint,group_random,True,20,652.8,68.78735348884997,0.01415020227432251,0.003701506949822692,0.2395413152602269,0.011024942638911708
5000,endpoint,group_random,True,21,652.8,68.78735348884997,0.014782607555389404,0.003948609819266716,0.23866879750298192,0.010529864864217472
5000,endpoint,group_random,True,22,652.8,68.78735348884997,0.015256917476654053,0.003938711782289431,0.238093456565945,0.010521920839916495
5000,endpoint,group_random,True,23,652.8,68.78735348884997,0.01620553731918335,0.00391284116401851,0.238093456565945,0.010521920839916495
5000,endpoint,group_random,True,24,652.8,68.78735348884997,0.0168379545211792,0.003629055939751281,0.2375121888366461,0.010466440893930189
5000,endpoint,group_random,True,25,652.8,68.78735348884997,0.016996049880981447,0.0034570979178316827,0.23780936565685412,0.010806564779047461
5000,endpoint,group_random,True,26,652.8,68.78735348884997,0.017470359802246094,0.00352865739393435,0.23723402471981717,0.010837414698481469
5000,endpoint,group_random,True,27,652.8,68.78735348884997,0.017865610122680665,0.0035064572710432076,0.2369368478996091,0.010530459667773228
5000,endpoint,group_random,True,28,652.8,68.78735348884997,0.018260860443115236,0.004242337746436399,0.2369368478996091,0.010530459667773228
5000,endpoint,group_random,True,29,652.8,68.78735348884997,0.01873518228530884,0.004503158320262117,0.23663967107940106,0.010257423892334019
5000,endpoint,group_random,True,30,652.8,68.78735348884997,0.01873518228530884,0.004631423368335369,0.23636150696257213,0.01065262176123741
5000,endpoint,group_random,True,31,652.8,68.78735348884997,0.019604742527008057,0.004681744045148348,0.23636150696257213,0.01065262176123741
5000,endpoint,group_random,True,32,652.8,68.78735348884997,0.01968379020690918,0.004553161209706206,0.23634249425919304,0.010021080262334019
5000,endpoint,group_random,True,33,652.8,68.78735348884997,0.020158100128173827,0.004668381143993808,0.23573965481768883,0.00988406016164621
5000,endpoint,group_random,True,34,652.8,68.78735348884997,0.020395267009735107,0.004698403439832019,0.23546149070085987,0.010310167852039014
5000,endpoint,group_random,True,35,652.8,68.78735348884997,0.020948624610900878,0.00511548333696951,0.23546149070085987,0.010310167852039014
5000,endpoint,group_random,True,36,652.8,68.78735348884997,0.021581029891967772,0.005225769693373584,0.23541497949301346,0.009378935757155335
5000,endpoint,group_random,True,37,652.8,68.78735348884997,0.02166008949279785,0.005033890411485861,0.23449040562651394,0.010069114281141867
5000,endpoint,group_random,True,38,652.8,68.78735348884997,0.022371554374694826,0.0046817475676252844,0.23359038936480164,0.009731633340418397
5000,endpoint,group_random,True,39,652.8,68.78735348884997,0.02300395965576172,0.004892243348027037,0.23388756618500967,0.010021881631103555
5000,endpoint,group_random,True,40,652.8,68.78735348884997,0.02316204309463501,0.005203299457046024,0.2330281343388818,0.010413564150194126
5000,endpoint,group_random,True,41,652.8,68.78735348884997,0.023399209976196288,0.005072535305541722,0.23244686660958291,0.010414570554756718
5000,endpoint,group_random,True,42,652.8,68.78735348884997,0.02355731725692749,0.00504319735956845,0.23216870249275398,0.010848038059233215
5000,endpoint,group_random,True,43,652.8,68.78735348884997,0.024189722537994385,0.005335225975503826,0.23160052067457215,0.011414200590241043
5000,endpoint,group_random,True,44,652.8,68.78735348884997,0.024743092060089112,0.005466852377944374,0.23123820183399246,0.011359691271605759
5000,endpoint,group_random,True,45,652.8,68.78735348884997,0.02505929470062256,0.00564955322376563,0.23094102501378438,0.011115245800651121
5000,endpoint,group_random,True,46,652.8,68.78735348884997,0.02553359270095825,0.005656465392071678,0.23037876998786455,0.011812368014958398
5000,endpoint,group_random,True,47,652.8,68.78735348884997,0.0260079026222229,0.005298518275375963,0.23008159316765653,0.011597566954595523
5000,endpoint,group_random,True,48,652.8,68.78735348884997,0.026245057582855225,0.0055237184155238865,0.22979750225856566,0.011914120128768853
5000,endpoint,group_random,True,49,652.8,68.78735348884997,0.02632410526275635,0.005544889693519109,0.22979750225856566,0.011914120128768853
5000,endpoint,group_random,True,50,652.8,68.78735348884997,0.026798415184020995,0.005613502462172335,0.22979750225856566,0.011914120128768853
5000,endpoint,group_random,True,51,652.8,68.78735348884997,0.027193677425384522,0.005371723186538997,0.22979750225856566,0.011914120128768853
5000,endpoint,group_random,True,52,652.8,68.78735348884997,0.027272725105285646,0.005397834097639067,0.22979750225856566,0.011914120128768853
5000,endpoint,group_random,True,53,652.8,68.78735348884997,0.02743082046508789,0.005307356533452137,0.22979750225856566,0.011914120128768853
5000,endpoint,group_random,True,54,652.8,68.78735348884997,0.027588915824890137,0.005407954052315393,0.22979750225856566,0.011914120128768853
5000,endpoint,group_random,True,55,652.8,68.78735348884997,0.027826082706451417,0.005423823435727888,0.22979750225856566,0.011914120128768853
5000,endpoint,group_random,True,56,652.8,68.78735348884997,0.027826082706451417,0.005423823435727888,0.22979750225856566,0.011914120128768853
5000,endpoint,group_random,True,57,652.8,68.78735348884997,0.027905142307281493,0.005495368599508876,0.22979750225856566,0.011914120128768853
5000,endpoint,group_random,True,58,652.8,68.78735348884997,0.028063249588012696,0.005638496352556179,0.22979750225856566,0.011914120128768853
5000,endpoint,group_random,True,59,652.8,68.78735348884997,0.02806323766708374,0.005686772037793796,0.22979750225856566,0.011914120128768853
5000,endpoint,group_random,True,60,652.8,68.78735348884997,0.02806323766708374,0.005686772037793796,0.22979750225856566,0.011914120128768853
5000,endpoint,group_random,True,61,652.8,68.78735348884997,0.02822134494781494,0.005704604088453407,0.22979750225856566,0.011914120128768853
5000,endpoint,group_random,True,62,652.8,68.78735348884997,0.028379440307617188,0.005429571753427469,0.22979750225856566,0.011914120128768853
5000,endpoint,group_random,True,63,652.8,68.78735348884997,0.028379440307617188,0.005429571753427469,0.22979750225856566,0.011914120128768853
5000,endpoint,group_random,True,64,652.8,68.78735348884997,0.028537547588348387,0.005349875039440211,0.22979750225856566,0.011914120128768853
5000,endpoint,group_random,True,65,652.8,68.78735348884997,0.028537547588348387,0.005349875039440211,0.22979750225856566,0.011914120128768853
5000,endpoint,group_random,True,66,652.8,68.78735348884997,0.02861659526824951,0.0055237156431847245,0.22979750225856566,0.011914120128768853
5000,endpoint,group_random,True,67,652.8,68.78735348884997,0.02869565486907959,0.00553784102679468,0.22979750225856566,0.011914120128768853
5000,endpoint,group_random,True,68,652.8,68.78735348884997,0.029011869430541994,0.0055589451692989785,0.22979750225856566,0.011914120128768853
5000,endpoint,group_random,True,69,652.8,68.78735348884997,0.02909092903137207,0.00564955322376563,0.22979750225856566,0.011914120128768853
5000,endpoint,group_random,True,70,652.8,68.78735348884997,0.029169976711273193,0.005668876414317007,0.22979750225856566,0.011914120128768853
5000,endpoint,group_random,True,71,652.8,68.78735348884997,0.029407131671905517,0.005839913517851876,0.22979750225856566,0.011914120128768853
5000,endpoint,group_random,True,72,652.8,68.78735348884997,0.029407131671905517,0.005839913517851876,0.22979750225856566,0.011914120128768853
5000,endpoint,group_random,True,73,652.8,68.78735348884997,0.029407131671905517,0.005839913517851876,0.22979750225856566,0.011914120128768853
5000,endpoint,group_random,True,74,652.8,68.78735348884997,0.02948617935180664,0.005919620989145468,0.22979750225856566,0.011914120128768853
5000,endpoint,group_random,True,75,652.8,68.78735348884997,0.029565227031707764,0.0060034757242160616,0.22979750225856566,0.011914120128768853
5000,endpoint,group_random,True,76,652.8,68.78735348884997,0.02964428663253784,0.006084904328132139,0.22979750225856566,0.011914120128768853
5000,endpoint,group_random,True,77,652.8,68.78735348884997,0.02964428663253784,0.006084904328132139,0.22979750225856566,0.011914120128768853
5000,endpoint,group_random,True,78,652.8,68.78735348884997,0.029723334312438964,0.006170310402286899,0.22979750225856566,0.011914120128768853
5000,endpoint,group_random,True,79,652.8,68.78735348884997,0.029881441593170167,0.006278247510218332,0.22979750225856566,0.011914120128768853
5000,endpoint,group_random,True,80,652.8,68.78735348884997,0.03003953695297241,0.0062056677093531975,0.22979750225856566,0.011914120128768853
5000,endpoint,group_random,True,81,652.8,68.78735348884997,0.029960489273071288,0.006125856501308207,0.22979750225856566,0.011914120128768853
5000,endpoint,group_random,True,82,652.8,68.78735348884997,0.029960489273071288,0.006201889515812837,0.22979750225856566,0.011914120128768853
5000,endpoint,group_random,True,83,652.8,68.78735348884997,0.029960489273071288,0.006201889515812837,0.22979750225856566,0.011914120128768853
5000,endpoint,group_random,True,84,652.8,68.78735348884997,0.029960489273071288,0.006201889515812837,0.22979750225856566,0.011914120128768853
5000,endpoint,group_random,True,85,652.8,68.78735348884997,0.029960489273071288,0.006201889515812837,0.22979750225856566,0.011914120128768853
5000,endpoint,group_random,True,86,652.8,68.78735348884997,0.03003953695297241,0.006218241319806808,0.22979750225856566,0.011914120128768853
5000,endpoint,group_random,True,87,652.8,68.78735348884997,0.03003953695297241,0.006218241319806808,0.22979750225856566,0.011914120128768853
5000,endpoint,group_random,True,88,652.8,68.78735348884997,0.030118584632873535,0.006295641160072363,0.22979750225856566,0.011914120128768853
5000,endpoint,group_random,True,89,652.8,68.78735348884997,0.03019763231277466,0.0063154614383379715,0.22979750225856566,0.011914120128768853
5000,endpoint,group_random,True,90,652.8,68.78735348884997,0.03019763231277466,0.0063154614383379715,0.22979750225856566,0.011914120128768853
5000,endpoint,group_random,True,91,652.8,68.78735348884997,0.03019763231277466,0.006377002076087111,0.22979750225856566,0.011914120128768853
5000,endpoint,group_random,True,92,652.8,68.78735348884997,0.030276679992675783,0.006468215008303356,0.22979750225856566,0.011914120128768853
5000,endpoint,group_random,True,93,652.8,68.78735348884997,0.03035573959350586,0.006551022404455851,0.22979750225856566,0.011914120128768853
5000,endpoint,group_random,True,94,652.8,68.78735348884997,0.030513834953308106,0.006727495926534531,0.22979750225856566,0.011914120128768853
5000,endpoint,group_random,True,95,652.8,68.78735348884997,0.03059288263320923,0.006740255777954503,0.22979750225856566,0.011914120128768853
5000,endpoint,group_random,True,96,652.8,68.78735348884997,0.030513834953308106,0.006727495926534531,0.22979750225856566,0.011914120128768853
5000,endpoint,group_random,True,97,652.8,68.78735348884997,0.03059288263320923,0.006815165597344081,0.22979750225856566,0.011914120128768853
5000,endpoint,group_random,True,98,652.8,68.78735348884997,0.030592870712280274,0.006717045225198868,0.22979750225856566,0.011914120128768853
5000,endpoint,group_random,True,99,652.8,68.78735348884997,0.03067193031311035,0.006670361345646703,0.22979750225856566,0.011914120128768853
5000,subset_accuracy_drop,group_harmful,False,-1,500.0,0.0,0.0,0.0,1.0,0.0
5000,subset_accuracy_drop,group_harmful,False,0,500.0,0.0,0.0,0.0,1.0,0.0
5000,subset_accuracy_drop,group_harmful,False,1,500.0,0.0,0.001185774803161621,0.0004841027034716946,1.0,0.0
5000,subset_accuracy_drop,group_harmful,False,2,500.0,0.0,0.003320145606994629,0.0010679260904603277,1.0,0.0
5000,subset_accuracy_drop,group_harmful,False,3,500.0,0.0,0.004426872730255127,0.0013520000032461671,1.0,0.0
5000,subset_accuracy_drop,group_harmful,False,4,500.0,0.0,0.0051383376121521,0.0018327382622912883,1.0,0.0
5000,subset_accuracy_drop,group_harmful,False,5,500.0,0.0,0.005770754814147949,0.0023483975802869226,1.0,0.0
5000,subset_accuracy_drop,group_harmful,False,6,500.0,0.0,0.007035565376281738,0.0024747108923334903,1.0,0.0
5000,subset_accuracy_drop,group_harmful,False,7,500.0,0.0,0.008537542819976807,0.0014946713139429599,1.0,0.0
5000,subset_accuracy_drop,group_harmful,False,8,500.0,0.0,0.00980236530303955,0.0017319349543385898,1.0,0.0
5000,subset_accuracy_drop,group_harmful,False,9,500.0,0.0,0.011067187786102295,0.001832731835078865,1.0,0.0
5000,subset_accuracy_drop,group_harmful,False,10,500.0,0.0,0.01209486722946167,0.002228927613627634,1.0,0.0
5000,subset_accuracy_drop,group_harmful,False,11,500.0,0.0,0.012569177150726318,0.0018831849640964648,1.0,0.0
5000,subset_accuracy_drop,group_harmful,False,12,500.0,0.0,0.01335967779159546,0.001903835931383245,1.0,0.0
5000,subset_accuracy_drop,group_harmful,False,13,500.0,0.0,0.01391303539276123,0.0027155032091926165,1.0,0.0
5000,subset_accuracy_drop,group_harmful,False,14,500.0,0.0,0.01415020227432251,0.0027010898396307523,1.0,0.0
5000,subset_accuracy_drop,group_harmful,False,15,500.0,0.0,0.014782607555389404,0.003302250534292018,1.0,0.0
5000,subset_accuracy_drop,group_harmful,False,16,500.0,0.0,0.015494084358215332,0.002758335014884611,1.0,0.0
5000,subset_accuracy_drop,group_harmful,False,17,500.0,0.0,0.016126489639282225,0.0032280894871788146,1.0,0.0
5000,subset_accuracy_drop,group_harmful,False,18,500.0,0.0,0.016521739959716796,0.0034389793337960173,1.0,0.0
5000,subset_accuracy_drop,group_harmful,False,19,500.0,0.0,0.016917002201080323,0.0033234654162487775,1.0,0.0
5000,subset_accuracy_drop,group_harmful,False,20,500.0,0.0,0.01786562204360962,0.003335199745187371,1.0,0.0
5000,subset_accuracy_drop,group_harmful,False,21,500.0,0.0,0.018577075004577635,0.003590104940559193,1.0,0.0
5000,subset_accuracy_drop,group_harmful,False,22,500.0,0.0,0.018893277645111083,0.0037434883928546677,1.0,0.0
5000,subset_accuracy_drop,group_harmful,False,23,500.0,0.0,0.01928853988647461,0.003358525418638724,1.0,0.0
5000,subset_accuracy_drop,group_harmful,False,24,500.0,0.0,0.019762861728668212,0.003622598610169647,1.0,0.0
5000,subset_accuracy_drop,group_harmful,False,25,500.0,0.0,0.020316195487976075,0.0037767221612054285,1.0,0.0
5000,subset_accuracy_drop,group_harmful,False,26,500.0,0.0,0.020711469650268554,0.0036182858022959187,1.0,0.0
5000,subset_accuracy_drop,group_harmful,False,27,500.0,0.0,0.020790517330169678,0.003629064054371516,1.0,0.0
5000,subset_accuracy_drop,group_harmful,False,28,500.0,0.0,0.021264827251434325,0.003764293686614107,1.0,0.0
5000,subset_accuracy_drop,group_harmful,False,29,500.0,0.0,0.02166008949279785,0.004092397262171451,1.0,0.0
5000,subset_accuracy_drop,group_harmful,False,30,500.0,0.0,0.022055327892303467,0.004342430443958656,1.0,0.0
5000,subset_accuracy_drop,group_harmful,False,31,500.0,0.0,0.022450590133666994,0.004324412167914215,1.0,0.0
5000,subset_accuracy_drop,group_harmful,False,32,500.0,0.0,0.022845864295959473,0.004457834615818119,1.0,0.0
5000,subset_accuracy_drop,group_harmful,False,33,500.0,0.0,0.02308300733566284,0.0043171923142452705,1.0,0.0
5000,subset_accuracy_drop,group_harmful,False,34,500.0,0.0,0.023478269577026367,0.0043352427715110655,1.0,0.0
5000,subset_accuracy_drop,group_harmful,False,35,500.0,0.0,0.02379446029663086,0.0040828564789734045,1.0,0.0
5000,subset_accuracy_drop,group_harmful,False,36,500.0,0.0,0.024110662937164306,0.003622611617039529,1.0,0.0
5000,subset_accuracy_drop,group_harmful,False,37,500.0,0.0,0.024505925178527833,0.0036654877724096465,1.0,0.0
5000,subset_accuracy_drop,group_harmful,False,38,500.0,0.0,0.02466404438018799,0.003519794950502209,1.0,0.0
5000,subset_accuracy_drop,group_harmful,False,39,500.0,0.0,0.024822139739990236,0.003605303028366891,1.0,0.0
5000,subset_accuracy_drop,group_harmful,False,40,500.0,0.0,0.024822139739990236,0.0035507273432664292,1.0,0.0
5000,subset_accuracy_drop,group_harmful,False,41,500.0,0.0,0.024901187419891356,0.003568282512888205,1.0,0.0
5000,subset_accuracy_drop,group_harmful,False,42,500.0,0.0,0.025138342380523683,0.0036930669817785582,1.0,0.0
5000,subset_accuracy_drop,group_harmful,False,43,500.0,0.0,0.02561265230178833,0.0038565438975300143,1.0,0.0
5000,subset_accuracy_drop,group_harmful,False,44,500.0,0.0,0.02577075958251953,0.003986027700653692,1.0,0.0
5000,subset_accuracy_drop,group_harmful,False,45,500.0,0.0,0.026165997982025145,0.004177394095479786,1.0,0.0
5000,subset_accuracy_drop,group_harmful,False,46,500.0,0.0,0.026403164863586424,0.0041960586095201565,1.0,0.0
5000,subset_accuracy_drop,group_harmful,False,47,500.0,0.0,0.026482212543487548,0.004136062810873456,1.0,0.0
5000,subset_accuracy_drop,group_harmful,False,48,500.0,0.0,0.02664031982421875,0.004317183310026184,1.0,0.0
5000,subset_accuracy_drop,group_harmful,False,49,500.0,0.0,0.0269565224647522,0.004484037584392494,1.0,0.0
5000,subset_accuracy_drop,group_harmful,False,50,500.0,0.0,0.027430832386016846,0.004084742252170677,1.0,0.0
5000,subset_accuracy_drop,group_harmful,False,51,500.0,0.0,0.02782607078552246,0.004225729568267448,1.0,0.0
5000,subset_accuracy_drop,group_harmful,False,52,500.0,0.0,0.02782607078552246,0.004225729568267448,1.0,0.0
5000,subset_accuracy_drop,group_harmful,False,53,500.0,0.0,0.02806323766708374,0.004338838096112708,1.0,0.0
5000,subset_accuracy_drop,group_harmful,False,54,500.0,0.0,0.02806323766708374,0.004338838096112708,1.0,0.0
5000,subset_accuracy_drop,group_harmful,False,55,500.0,0.0,0.028142285346984864,0.004404945052255189,1.0,0.0
5000,subset_accuracy_drop,group_harmful,False,56,500.0,0.0,0.028221333026885988,0.004459576884414881,1.0,0.0
5000,subset_accuracy_drop,group_harmful,False,57,500.0,0.0,0.028379440307617188,0.004242353573524678,1.0,0.0
5000,subset_accuracy_drop,group_harmful,False,58,500.0,0.0,0.028379440307617188,0.0042881358540663335,1.0,0.0
5000,subset_accuracy_drop,group_harmful,False,59,500.0,0.0,0.028616607189178467,0.004244177083418707,1.0,0.0
5000,subset_accuracy_drop,group_harmful,False,60,500.0,0.0,0.02861659526824951,0.004084748596442923,1.0,0.0
5000,subset_accuracy_drop,group_harmful,False,61,500.0,0.0,0.02861659526824951,0.004084748596442923,1.0,0.0
5000,subset_accuracy_drop,group_harmful,False,62,500.0,0.0,0.02861659526824951,0.004084748596442923,1.0,0.0
5000,subset_accuracy_drop,group_harmful,False,63,500.0,0.0,0.02861659526824951,0.004084748596442923,1.0,0.0
5000,subset_accuracy_drop,group_harmful,False,64,500.0,0.0,0.02869565486907959,0.004075175164443652,1.0,0.0
5000,subset_accuracy_drop,group_harmful,False,65,500.0,0.0,0.02885376214981079,0.004117133760764213,1.0,0.0
5000,subset_accuracy_drop,group_harmful,False,66,500.0,0.0,0.028853750228881835,0.00410762720453667,1.0,0.0
5000,subset_accuracy_drop,group_harmful,False,67,500.0,0.0,0.02909090518951416,0.004289945120541004,1.0,0.0
5000,subset_accuracy_drop,group_harmful,False,68,500.0,0.0,0.029011857509613038,0.004225737373506731,1.0,0.0
5000,subset_accuracy_drop,group_harmful,False,69,500.0,0.0,0.02909090518951416,0.004289945120541004,1.0,0.0
5000,subset_accuracy_drop,group_harmful,False,70,500.0,0.0,0.02909090518951416,0.004289945120541004,1.0,0.0
5000,subset_accuracy_drop,group_harmful,False,71,500.0,0.0,0.02909090518951416,0.004289945120541004,1.0,0.0
5000,subset_accuracy_drop,group_harmful,False,72,500.0,0.0,0.029249000549316406,0.004410250638492608,1.0,0.0
5000,subset_accuracy_drop,group_harmful,False,73,500.0,0.0,0.029249000549316406,0.004410250638492608,1.0,0.0
5000,subset_accuracy_drop,group_harmful,False,74,500.0,0.0,0.029249000549316406,0.004410250638492608,1.0,0.0
5000,subset_accuracy_drop,group_harmful,False,75,500.0,0.0,0.029249000549316406,0.004410250638492608,1.0,0.0
5000,subset_accuracy_drop,group_harmful,False,76,500.0,0.0,0.029328060150146485,0.004484031279602206,1.0,0.0
5000,subset_accuracy_drop,group_harmful,False,77,500.0,0.0,0.029328060150146485,0.004484031279602206,1.0,0.0
5000,subset_accuracy_drop,group_harmful,False,78,500.0,0.0,0.029328060150146485,0.004484031279602206,1.0,0.0
5000,subset_accuracy_drop,group_harmful,False,79,500.0,0.0,0.029328060150146485,0.004484031279602206,1.0,0.0
5000,subset_accuracy_drop,group_harmful,False,80,500.0,0.0,0.02940711975097656,0.00453771961858386,1.0,0.0
5000,subset_accuracy_drop,group_harmful,False,81,500.0,0.0,0.02940711975097656,0.00453771961858386,1.0,0.0
5000,subset_accuracy_drop,group_harmful,False,82,500.0,0.0,0.029486167430877685,0.004371132470965331,1.0,0.0
5000,subset_accuracy_drop,group_harmful,False,83,500.0,0.0,0.02956521511077881,0.004449064057388047,1.0,0.0
5000,subset_accuracy_drop,group_harmful,False,84,500.0,0.0,0.02956521511077881,0.004449064057388047,1.0,0.0
5000,subset_accuracy_drop,group_harmful,False,85,500.0,0.0,0.029486167430877685,0.004371132470965331,1.0,0.0
5000,subset_accuracy_drop,group_harmful,False,86,500.0,0.0,0.029486167430877685,0.004371132470965331,1.0,0.0
5000,subset_accuracy_drop,group_harmful,False,87,500.0,0.0,0.02956521511077881,0.004360397767114462,1.0,0.0
5000,subset_accuracy_drop,group_harmful,False,88,500.0,0.0,0.02956521511077881,0.004360397767114462,1.0,0.0
5000,subset_accuracy_drop,group_harmful,False,89,500.0,0.0,0.02956521511077881,0.004360397767114462,1.0,0.0
5000,subset_accuracy_drop,group_harmful,False,90,500.0,0.0,0.02956521511077881,0.004360397767114462,1.0,0.0
5000,subset_accuracy_drop,group_harmful,False,91,500.0,0.0,0.02956521511077881,0.004360397767114462,1.0,0.0
5000,subset_accuracy_drop,group_harmful,False,92,500.0,0.0,0.02972332239151001,0.004431472726672295,1.0,0.0
5000,subset_accuracy_drop,group_harmful,False,93,500.0,0.0,0.029802370071411132,0.004485782280636651,1.0,0.0
5000,subset_accuracy_drop,group_harmful,False,94,500.0,0.0,0.029802370071411132,0.004485782280636651,1.0,0.0
5000,subset_accuracy_drop,group_harmful,False,95,500.0,0.0,0.029802370071411132,0.004485782280636651,1.0,0.0
5000,subset_accuracy_drop,group_harmful,False,96,500.0,0.0,0.029802370071411132,0.004485782280636651,1.0,0.0
5000,subset_accuracy_drop,group_harmful,False,97,500.0,0.0,0.029802358150482176,0.004554902445428334,1.0,0.0
5000,subset_accuracy_drop,group_harmful,False,98,500.0,0.0,0.029802358150482176,0.004554902445428334,1.0,0.0
5000,subset_accuracy_drop,group_harmful,False,99,500.0,0.0,0.029802358150482176,0.004554902445428334,1.0,0.0
5000,subset_accuracy_drop,group_harmful,True,-1,500.0,0.0,0.0,0.0,1.0,0.0
5000,subset_accuracy_drop,group_harmful,True,0,500.0,0.0,0.0,0.0,1.0,0.0
5000,subset_accuracy_drop,group_harmful,True,1,500.0,0.0,0.001185774803161621,0.0002795178993242492,0.5,0.0
5000,subset_accuracy_drop,group_harmful,True,2,500.0,0.0,0.003320157527923584,0.0010307002220980245,0.3952,0.005761944116355182
5000,subset_accuracy_drop,group_harmful,True,3,500.0,0.0,0.004664027690887451,0.0015410208039027663,0.3476,0.009736529155710457
5000,subset_accuracy_drop,group_harmful,True,4,500.0,0.0,0.005375492572784424,0.0017364449973912902,0.32880000000000004,0.01237739875741265
5000,subset_accuracy_drop,group_harmful,True,5,500.0,0.0,0.00656125545501709,0.0026603023842490157,0.3216,0.01244186481199664
5000,subset_accuracy_drop,group_harmful,True,6,500.0,0.0,0.007905161380767823,0.003036031189275122,0.31520000000000004,0.013007690033207286
5000,subset_accuracy_drop,group_harmful,True,7,500.0,0.0,0.009881412982940674,0.00322323058411533,0.30920000000000003,0.01154123043700281
5000,subset_accuracy_drop,group_harmful,True,8,500.0,0.0,0.011857700347900391,0.0023383676926079827,0.3076,0.01186591757935307
5000,subset_accuracy_drop,group_harmful,True,9,500.0,0.0,0.013201594352722168,0.002446124322747188,0.306,0.010677078252031326
5000,subset_accuracy_drop,group_harmful,True,10,500.0,0.0,0.014229249954223634,0.003295124245693006,0.3036,0.009939818911831346
5000,subset_accuracy_drop,group_harmful,True,11,500.0,0.0,0.015019762516021728,0.0032473707844104804,0.3016,0.010039920318408911
5000,subset_accuracy_drop,group_harmful,True,12,500.0,0.0,0.016126477718353273,0.0032880047240792043,0.3012,0.010733126291998995
5000,subset_accuracy_drop,group_harmful,True,13,500.0,0.0,0.017154157161712646,0.0031817610151537866,0.2992,0.01221474518768198
5000,subset_accuracy_drop,group_harmful,True,14,500.0,0.0,0.017707514762878417,0.003154637133417461,0.2988,0.01300769003320727
5000,subset_accuracy_drop,group_harmful,True,15,500.0,0.0,0.018577063083648683,0.003697287143797756,0.298,0.012328828005937938
5000,subset_accuracy_drop,group_harmful,True,16,500.0,0.0,0.019288527965545654,0.0034047043042658006,0.2964,0.012992305415129362
5000,subset_accuracy_drop,group_harmful,True,17,500.0,0.0,0.01992095708847046,0.0034863290635503068,0.2952,0.013682105101189636
5000,subset_accuracy_drop,group_harmful,True,18,500.0,0.0,0.020948624610900878,0.0034570791771561305,0.2948,0.013754999091239502
5000,subset_accuracy_drop,group_harmful,True,19,500.0,0.0,0.021581029891967772,0.0032304830162309165,0.2944,0.0136674796506159
5000,subset_accuracy_drop,group_harmful,True,20,500.0,0.0,0.022529637813568114,0.0032232159658710617,0.2932,0.012537942414925963
5000,subset_accuracy_drop,group_harmful,True,21,500.0,0.0,0.023003947734832764,0.0035064555914241344,0.2928,0.012457929201917935
5000,subset_accuracy_drop,group_harmful,True,22,500.0,0.0,0.023399198055267335,0.003774666593596233,0.292,0.012649110640673505
5000,subset_accuracy_drop,group_harmful,True,23,500.0,0.0,0.02418973445892334,0.004120921667280976,0.2912,0.013535139452550913
5000,subset_accuracy_drop,group_harmful,True,24,500.0,0.0,0.024743080139160156,0.003978186668326219,0.2908,0.013971399357258375
5000,subset_accuracy_drop,group_harmful,True,25,500.0,0.0,0.024901187419891356,0.004069436794193278,0.2904,0.013813037319865587
5000,subset_accuracy_drop,group_harmful,True,26,500.0,0.0,0.02553359270095825,0.004335244401815904,0.2904,0.013813037319865587
5000,subset_accuracy_drop,group_harmful,True,27,500.0,0.0,0.026007914543151857,0.004680090273125621,0.28959999999999997,0.013446189051177273
5000,subset_accuracy_drop,group_harmful,True,28,500.0,0.0,0.02664031982421875,0.004648259314701368,0.2892,0.013160547101089689
5000,subset_accuracy_drop,group_harmful,True,29,500.0,0.0,0.026877474784851075,0.004685098615017057,0.2888,0.013007690033207262
5000,subset_accuracy_drop,group_harmful,True,30,500.0,0.0,0.027430832386016846,0.004731568918243433,0.2884,0.012521980673998807
5000,subset_accuracy_drop,group_harmful,True,31,500.0,0.0,0.027747035026550293,0.004342441294519626,0.288,0.013341664064126318
5000,subset_accuracy_drop,group_harmful,True,32,500.0,0.0,0.02822134494781494,0.004622997691184276,0.288,0.013341664064126318
5000,subset_accuracy_drop,group_harmful,True,33,500.0,0.0,0.028300392627716064,0.004656667868747205,0.28759999999999997,0.012915107432770358
5000,subset_accuracy_drop,group_harmful,True,34,500.0,0.0,0.028379452228546143,0.004803650183103874,0.2872,0.01277497553813703
5000,subset_accuracy_drop,group_harmful,True,35,500.0,0.0,0.028853750228881835,0.0044102800189560155,0.2868,0.012853015210447684
5000,subset_accuracy_drop,group_harmful,True,36,500.0,0.0,0.029011845588684082,0.004597581383874162,0.28559999999999997,0.013957077057894297
5000,subset_accuracy_drop,group_harmful,True,37,500.0,0.0,0.029802370071411132,0.004698409456918751,0.2852,0.014737706741552411
5000,subset_accuracy_drop,group_harmful,True,38,500.0,0.0,0.030118584632873535,0.00472989595731648,0.2844,0.015709869509324365
5000,subset_accuracy_drop,group_harmful,True,39,500.0,0.0,0.030276679992675783,0.0047149959779254095,0.2844,0.015709869509324365
5000,subset_accuracy_drop,group_harmful,True,40,500.0,0.0,0.030434787273406982,0.00470173910857948,0.2844,0.015709869509324365
5000,subset_accuracy_drop,group_harmful,True,41,500.0,0.0,0.03106718063354492,0.004546312413116456,0.284,0.015297058540778334
5000,subset_accuracy_drop,group_harmful,True,42,500.0,0.0,0.031146228313446045,0.004663354342724031,0.28359999999999996,0.014926486525636237
5000,subset_accuracy_drop,group_harmful,True,43,500.0,0.0,0.031541502475738524,0.004671719590407143,0.2824,0.014518953130305209
5000,subset_accuracy_drop,group_harmful,True,44,500.0,0.0,0.03162055015563965,0.004634800888984355,0.282,0.014352700094407306
5000,subset_accuracy_drop,group_harmful,True,45,500.0,0.0,0.03177864551544189,0.0046734020342553365,0.282,0.014352700094407306
5000,subset_accuracy_drop,group_harmful,True,46,500.0,0.0,0.0324110746383667,0.004865030308840783,0.2808,0.013754999091239525
5000,subset_accuracy_drop,group_harmful,True,47,500.0,0.0,0.03241108655929566,0.004676737904009226,0.2808,0.013754999091239525
5000,subset_accuracy_drop,group_harmful,True,48,500.0,0.0,0.0325691819190979,0.004772626837148292,0.27999999999999997,0.013266499161421598
5000,subset_accuracy_drop,group_harmful,True,49,500.0,0.0,0.032727277278900145,0.004876246965239341,0.27999999999999997,0.013266499161421598
5000,subset_accuracy_drop,group_harmful,True,50,500.0,0.0,0.03280632495880127,0.004734835943561147,0.27999999999999997,0.013266499161421598
5000,subset_accuracy_drop,group_harmful,True,51,500.0,0.0,0.03304347991943359,0.004957273199983139,0.27999999999999997,0.013266499161421598
5000,subset_accuracy_drop,group_harmful,True,52,500.0,0.0,0.03320158720016479,0.00496043526860511,0.27999999999999997,0.013266499161421598
5000,subset_accuracy_drop,group_harmful,True,53,500.0,0.0,0.03367588520050049,0.004939936971883999,0.27999999999999997,0.013266499161421598
5000,subset_accuracy_drop,group_harmful,True,54,500.0,0.0,0.033754932880401614,0.004885878805619535,0.27999999999999997,0.013266499161421598
5000,subset_accuracy_drop,group_harmful,True,55,500.0,0.0,0.033833980560302734,0.004957299100687695,0.27999999999999997,0.013266499161421598
5000,subset_accuracy_drop,group_harmful,True,56,500.0,0.0,0.033833980560302734,0.004957299100687695,0.27999999999999997,0.013266499161421598
5000,subset_accuracy_drop,group_harmful,True,57,500.0,0.0,0.033913040161132814,0.004884269552250141,0.27999999999999997,0.013266499161421598
5000,subset_accuracy_drop,group_harmful,True,58,500.0,0.0,0.033913040161132814,0.004884269552250141,0.27999999999999997,0.013266499161421598
5000,subset_accuracy_drop,group_harmful,True,59,500.0,0.0,0.03415020704269409,0.005074105511941898,0.27999999999999997,0.013266499161421598
5000,subset_accuracy_drop,group_harmful,True,60,500.0,0.0,0.03430831432342529,0.0050261380576122755,0.27999999999999997,0.013266499161421598
5000,subset_accuracy_drop,group_harmful,True,61,500.0,0.0,0.03430831432342529,0.0050261380576122755,0.27999999999999997,0.013266499161421598
5000,subset_accuracy_drop,group_harmful,True,62,500.0,0.0,0.03438736200332641,0.004897045303570737,0.27999999999999997,0.013266499161421598
5000,subset_accuracy_drop,group_harmful,True,63,500.0,0.0,0.03438736200332641,0.004897045303570737,0.27999999999999997,0.013266499161421598
5000,subset_accuracy_drop,group_harmful,True,64,500.0,0.0,0.03446640968322754,0.004987133648040306,0.27999999999999997,0.013266499161421598
5000,subset_accuracy_drop,group_harmful,True,65,500.0,0.0,0.03438736200332641,0.004897045303570737,0.27999999999999997,0.013266499161421598
5000,subset_accuracy_drop,group_harmful,True,66,500.0,0.0,0.03438736200332641,0.004897045303570737,0.27999999999999997,0.013266499161421598
5000,subset_accuracy_drop,group_harmful,True,67,500.0,0.0,0.03446640968322754,0.004987133648040306,0.27999999999999997,0.013266499161421598
5000,subset_accuracy_drop,group_harmful,True,68,500.0,0.0,0.03438736200332641,0.004897045303570737,0.27999999999999997,0.013266499161421598
5000,subset_accuracy_drop,group_harmful,True,69,500.0,0.0,0.03446640968322754,0.004987133648040306,0.27999999999999997,0.013266499161421598
5000,subset_accuracy_drop,group_harmful,True,70,500.0,0.0,0.03446640968322754,0.004771009012069399,0.27999999999999997,0.013266499161421598
5000,subset_accuracy_drop,group_harmful,True,71,500.0,0.0,0.03454545736312866,0.004805267559628631,0.27999999999999997,0.013266499161421598
5000,subset_accuracy_drop,group_harmful,True,72,500.0,0.0,0.03462450504302979,0.0048938535898943826,0.27999999999999997,0.013266499161421598
5000,subset_accuracy_drop,group_harmful,True,73,500.0,0.0,0.03478261232376099,0.004976165761160978,0.27999999999999997,0.013266499161421598
5000,subset_accuracy_drop,group_harmful,True,74,500.0,0.0,0.03470355272293091,0.004932011385168036,0.27999999999999997,0.013266499161421598
5000,subset_accuracy_drop,group_harmful,True,75,500.0,0.0,0.03478261232376099,0.004976165761160978,0.27999999999999997,0.013266499161421598
5000,subset_accuracy_drop,group_harmful,True,76,500.0,0.0,0.03478261232376099,0.004976165761160978,0.27999999999999997,0.013266499161421598
5000,subset_accuracy_drop,group_harmful,True,77,500.0,0.0,0.03486166000366211,0.005026145557365861,0.27999999999999997,0.013266499161421598
5000,subset_accuracy_drop,group_harmful,True,78,500.0,0.0,0.03486166000366211,0.005026145557365861,0.27999999999999997,0.013266499161421598
5000,subset_accuracy_drop,group_harmful,True,79,500.0,0.0,0.034940707683563235,0.00508178492284786,0.27999999999999997,0.013266499161421598
5000,subset_accuracy_drop,group_harmful,True,80,500.0,0.0,0.035019755363464355,0.00499653122625764,0.27999999999999997,0.013266499161421598
5000,subset_accuracy_drop,group_harmful,True,81,500.0,0.0,0.034940707683563235,0.004941512602023471,0.27999999999999997,0.013266499161421598
5000,subset_accuracy_drop,group_harmful,True,82,500.0,0.0,0.034940707683563235,0.004941512602023471,0.27999999999999997,0.013266499161421598
5000,subset_accuracy_drop,group_harmful,True,83,500.0,0.0,0.034940707683563235,0.004941512602023471,0.27999999999999997,0.013266499161421598
5000,subset_accuracy_drop,group_harmful,True,84,500.0,0.0,0.034940707683563235,0.004941512602023471,0.27999999999999997,0.013266499161421598
5000,subset_accuracy_drop,group_harmful,True,85,500.0,0.0,0.035019755363464355,0.004861835022402806,0.27999999999999997,0.013266499161421598
5000,subset_accuracy_drop,group_harmful,True,86,500.0,0.0,0.035019755363464355,0.004861835022402806,0.27999999999999997,0.013266499161421598
5000,subset_accuracy_drop,group_harmful,True,87,500.0,0.0,0.035019755363464355,0.004861835022402806,0.27999999999999997,0.013266499161421598
5000,subset_accuracy_drop,group_harmful,True,88,500.0,0.0,0.035098803043365476,0.00472990990395675,0.27999999999999997,0.013266499161421598
5000,subset_accuracy_drop,group_harmful,True,89,500.0,0.0,0.035098803043365476,0.00472990990395675,0.27999999999999997,0.013266499161421598
5000,subset_accuracy_drop,group_harmful,True,90,500.0,0.0,0.0351778507232666,0.004784096834311601,0.27999999999999997,0.013266499161421598
5000,subset_accuracy_drop,group_harmful,True,91,500.0,0.0,0.0351778507232666,0.004784096834311601,0.27999999999999997,0.013266499161421598
5000,subset_accuracy_drop,group_harmful,True,92,500.0,0.0,0.03525691032409668,0.004705062147871313,0.27999999999999997,0.013266499161421598
5000,subset_accuracy_drop,group_harmful,True,93,500.0,0.0,0.035335969924926755,0.004572010131913796,0.27999999999999997,0.013266499161421598
5000,subset_accuracy_drop,group_harmful,True,94,500.0,0.0,0.035415029525756835,0.004631429218190345,0.27999999999999997,0.013266499161421598
5000,subset_accuracy_drop,group_harmful,True,95,500.0,0.0,0.035573136806488034,0.004583974428559062,0.27999999999999997,0.013266499161421598
5000,subset_accuracy_drop,group_harmful,True,96,500.0,0.0,0.03565218448638916,0.004646594892497888,0.27999999999999997,0.013266499161421598
5000,subset_accuracy_drop,group_harmful,True,97,500.0,0.0,0.03565218448638916,0.004646594892497888,0.27999999999999997,0.013266499161421598
5000,subset_accuracy_drop,group_harmful,True,98,500.0,0.0,0.03565218448638916,0.004646594892497888,0.27999999999999997,0.013266499161421598
5000,subset_accuracy_drop,group_harmful,True,99,500.0,0.0,0.03573123216629028,0.0047315499973806475,0.27999999999999997,0.013266499161421598
5000,subset_accuracy_drop,group_nonharmful,False,-1,500.0,0.0,0.0,0.0,1.0,0.0
5000,subset_accuracy_drop,group_nonharmful,False,0,500.0,0.0,0.0,0.0,1.0,0.0
5000,subset_accuracy_drop,group_nonharmful,False,1,500.0,0.0,7.905960083007813e-05,0.00033073003864133297,1.0,0.0
5000,subset_accuracy_drop,group_nonharmful,False,2,500.0,0.0,7.904767990112305e-05,0.00033071579117331727,1.0,0.0
5000,subset_accuracy_drop,group_nonharmful,False,3,500.0,0.0,0.00023715496063232423,0.00045068554596223184,1.0,0.0
5000,subset_accuracy_drop,group_nonharmful,False,4,500.0,0.0,0.00015810728073120117,0.0003535552883208413,1.0,0.0
5000,subset_accuracy_drop,group_nonharmful,False,5,500.0,0.0,0.00023715496063232423,0.00045068554596223184,1.0,0.0
5000,subset_accuracy_drop,group_nonharmful,False,6,500.0,0.0,0.00031620264053344727,0.0005153758255239964,1.0,0.0
5000,subset_accuracy_drop,group_nonharmful,False,7,500.0,0.0,0.0003952503204345703,0.0006249739024209816,1.0,0.0
5000,subset_accuracy_drop,group_nonharmful,False,8,500.0,0.0,0.0003952503204345703,0.0006249739024209816,1.0,0.0
5000,subset_accuracy_drop,group_nonharmful,False,9,500.0,0.0,0.00023714303970336914,0.0005994676641042241,1.0,0.0
5000,subset_accuracy_drop,group_nonharmful,False,10,500.0,0.0,0.00023714303970336914,0.0005994676641042241,1.0,0.0
5000,subset_accuracy_drop,group_nonharmful,False,11,500.0,0.0,0.00031620264053344727,0.0005153758255239964,1.0,0.0
5000,subset_accuracy_drop,group_nonharmful,False,12,500.0,0.0,0.00047430992126464846,0.0005153575396537165,1.0,0.0
5000,subset_accuracy_drop,group_nonharmful,False,13,500.0,0.0,0.00047429800033569334,0.0007070722570117602,1.0,0.0
5000,subset_accuracy_drop,group_nonharmful,False,14,500.0,0.0,0.00047429800033569334,0.0007070722570117602,1.0,0.0
5000,subset_accuracy_drop,group_nonharmful,False,15,500.0,0.0,0.00047429800033569334,0.0007070722570117602,1.0,0.0
5000,subset_accuracy_drop,group_nonharmful,False,16,500.0,0.0,0.0006324172019958497,0.0008196499003421864,1.0,0.0
5000,subset_accuracy_drop,group_nonharmful,False,17,500.0,0.0,0.0006324291229248047,0.0010307333648228972,1.0,0.0
5000,subset_accuracy_drop,group_nonharmful,False,18,500.0,0.0,0.0007114768028259278,0.001060612550435396,1.0,0.0
5000,subset_accuracy_drop,group_nonharmful,False,19,500.0,0.0,0.0007114768028259278,0.001060612550435396,1.0,0.0
5000,subset_accuracy_drop,group_nonharmful,False,20,500.0,0.0,0.0007114768028259278,0.001060612550435396,1.0,0.0
5000,subset_accuracy_drop,group_nonharmful,False,21,500.0,0.0,0.0009486198425292969,0.001067949254307793,1.0,0.0
5000,subset_accuracy_drop,group_nonharmful,False,22,500.0,0.0,0.0009486198425292969,0.001067949254307793,1.0,0.0
5000,subset_accuracy_drop,group_nonharmful,False,23,500.0,0.0,0.00102766752243042,0.0009099822100728601,1.0,0.0
5000,subset_accuracy_drop,group_nonharmful,False,24,500.0,0.0,0.001106727123260498,0.0009013541009397177,1.0,0.0
5000,subset_accuracy_drop,group_nonharmful,False,25,500.0,0.0,0.001027679443359375,0.0010679470480586327,1.0,0.0
5000,subset_accuracy_drop,group_nonharmful,False,26,500.0,0.0,0.001106727123260498,0.0009013541009397177,1.0,0.0
5000,subset_accuracy_drop,group_nonharmful,False,27,500.0,0.0,0.001106727123260498,0.0010968118591785246,1.0,0.0
5000,subset_accuracy_drop,group_nonharmful,False,28,500.0,0.0,0.001185774803161621,0.0009269861018451005,1.0,0.0
5000,subset_accuracy_drop,group_nonharmful,False,29,500.0,0.0,0.001106727123260498,0.0010968118591785246,1.0,0.0
5000,subset_accuracy_drop,group_nonharmful,False,30,500.0,0.0,0.001185774803161621,0.0009269861018451005,1.0,0.0
5000,subset_accuracy_drop,group_nonharmful,False,31,500.0,0.0,0.001106727123260498,0.0010968118591785246,1.0,0.0
5000,subset_accuracy_drop,group_nonharmful,False,32,500.0,0.0,0.0012648224830627442,0.0009842015076825515,1.0,0.0
5000,subset_accuracy_drop,group_nonharmful,False,33,500.0,0.0,0.0012648224830627442,0.0009842015076825515,1.0,0.0
5000,subset_accuracy_drop,group_nonharmful,False,34,500.0,0.0,0.001185774803161621,0.0011523744913827536,1.0,0.0
5000,subset_accuracy_drop,group_nonharmful,False,35,500.0,0.0,0.001185774803161621,0.0009269861018451005,1.0,0.0
5000,subset_accuracy_drop,group_nonharmful,False,36,500.0,0.0,0.0012648224830627442,0.0009842015076825515,1.0,0.0
5000,subset_accuracy_drop,group_nonharmful,False,37,500.0,0.0,0.0013438820838928222,0.0008196240311993056,1.0,0.0
5000,subset_accuracy_drop,group_nonharmful,False,38,500.0,0.0,0.0013438820838928222,0.0008196240311993056,1.0,0.0
5000,subset_accuracy_drop,group_nonharmful,False,39,500.0,0.0,0.0012648224830627442,0.0009842015076825515,1.0,0.0
5000,subset_accuracy_drop,group_nonharmful,False,40,500.0,0.0,0.0014229297637939453,0.0006613995230018824,1.0,0.0
5000,subset_accuracy_drop,group_nonharmful,False,41,500.0,0.0,0.0013438820838928222,0.0008196240311993056,1.0,0.0
5000,subset_accuracy_drop,group_nonharmful,False,42,500.0,0.0,0.0014229297637939453,0.0006613995230018824,1.0,0.0
5000,subset_accuracy_drop,group_nonharmful,False,43,500.0,0.0,0.0014229297637939453,0.0006613995230018824,1.0,0.0
5000,subset_accuracy_drop,group_nonharmful,False,44,500.0,0.0,0.0013438820838928222,0.0008196240311993056,1.0,0.0
5000,subset_accuracy_drop,group_nonharmful,False,45,500.0,0.0,0.0014229297637939453,0.0006613995230018824,1.0,0.0
5000,subset_accuracy_drop,group_nonharmful,False,46,500.0,0.0,0.0015810251235961914,0.0007394631641610493,1.0,0.0
5000,subset_accuracy_drop,group_nonharmful,False,47,500.0,0.0,0.0015019774436950684,0.0009013227352797144,1.0,0.0
5000,subset_accuracy_drop,group_nonharmful,False,48,500.0,0.0,0.0015810251235961914,0.0007394631641610493,1.0,0.0
5000,subset_accuracy_drop,group_nonharmful,False,49,500.0,0.0,0.0014229178428649901,0.001172546939344328,1.0,0.0
5000,subset_accuracy_drop,group_nonharmful,False,50,500.0,0.0,0.0015019774436950684,0.0010231079511287709,1.0,0.0
5000,subset_accuracy_drop,group_nonharmful,False,51,500.0,0.0,0.0014229178428649901,0.001172546939344328,1.0,0.0
5000,subset_accuracy_drop,group_nonharmful,False,52,500.0,0.0,0.0015019774436950684,0.0010231079511287709,1.0,0.0
5000,subset_accuracy_drop,group_nonharmful,False,53,500.0,0.0,0.0015019774436950684,0.0010231079511287709,1.0,0.0
5000,subset_accuracy_drop,group_nonharmful,False,54,500.0,0.0,0.0014229178428649901,0.001172546939344328,1.0,0.0
5000,subset_accuracy_drop,group_nonharmful,False,55,500.0,0.0,0.0015019774436950684,0.0010231079511287709,1.0,0.0
5000,subset_accuracy_drop,group_nonharmful,False,56,500.0,0.0,0.0014229178428649901,0.001172546939344328,1.0,0.0
5000,subset_accuracy_drop,group_nonharmful,False,57,500.0,0.0,0.0015019774436950684,0.0010231079511287709,1.0,0.0
5000,subset_accuracy_drop,group_nonharmful,False,58,500.0,0.0,0.0014229178428649901,0.001172546939344328,1.0,0.0
5000,subset_accuracy_drop,group_nonharmful,False,59,500.0,0.0,0.0015019774436950684,0.0010231079511287709,1.0,0.0
5000,subset_accuracy_drop,group_nonharmful,False,60,500.0,0.0,0.0014229178428649901,0.001172546939344328,1.0,0.0
5000,subset_accuracy_drop,group_nonharmful,False,61,500.0,0.0,0.0015019774436950684,0.0010231079511287709,1.0,0.0
5000,subset_accuracy_drop,group_nonharmful,False,62,500.0,0.0,0.0015019774436950684,0.0010231079511287709,1.0,0.0
5000,subset_accuracy_drop,group_nonharmful,False,63,500.0,0.0,0.0015019774436950684,0.0011658676349553402,1.0,0.0
5000,subset_accuracy_drop,group_nonharmful,False,64,500.0,0.0,0.0015810370445251466,0.0010077226035596256,1.0,0.0
5000,subset_accuracy_drop,group_nonharmful,False,65,500.0,0.0,0.0015019774436950684,0.0011658676349553402,1.0,0.0
5000,subset_accuracy_drop,group_nonharmful,False,66,500.0,0.0,0.0015810370445251466,0.0010077226035596256,1.0,0.0
5000,subset_accuracy_drop,group_nonharmful,False,67,500.0,0.0,0.0014229178428649901,0.001172546939344328,1.0,0.0
5000,subset_accuracy_drop,group_nonharmful,False,68,500.0,0.0,0.0016600966453552246,0.0010605992226410056,1.0,0.0
5000,subset_accuracy_drop,group_nonharmful,False,69,500.0,0.0,0.0015810370445251466,0.0012182935848089333,1.0,0.0
5000,subset_accuracy_drop,group_nonharmful,False,70,500.0,0.0,0.0016600966453552246,0.0010605992226410056,1.0,0.0
5000,subset_accuracy_drop,group_nonharmful,False,71,500.0,0.0,0.0015810370445251466,0.0012182935848089333,1.0,0.0
5000,subset_accuracy_drop,group_nonharmful,False,72,500.0,0.0,0.0016600966453552246,0.0010605992226410056,1.0,0.0
5000,subset_accuracy_drop,group_nonharmful,False,73,500.0,0.0,0.0016600966453552246,0.0010605992226410056,1.0,0.0
5000,subset_accuracy_drop,group_nonharmful,False,74,500.0,0.0,0.0015810370445251466,0.0012182935848089333,1.0,0.0
5000,subset_accuracy_drop,group_nonharmful,False,75,500.0,0.0,0.0017391443252563477,0.0010679349151038,1.0,0.0
5000,subset_accuracy_drop,group_nonharmful,False,76,500.0,0.0,0.0016600847244262694,0.0012310472069203815,1.0,0.0
5000,subset_accuracy_drop,group_nonharmful,False,77,500.0,0.0,0.0017391443252563477,0.0010679349151038,1.0,0.0
5000,subset_accuracy_drop,group_nonharmful,False,78,500.0,0.0,0.0016600847244262694,0.0012310472069203815,1.0,0.0
5000,subset_accuracy_drop,group_nonharmful,False,79,500.0,0.0,0.0017391443252563477,0.0010679349151038,1.0,0.0
5000,subset_accuracy_drop,group_nonharmful,False,80,500.0,0.0,0.0017391324043273925,0.0012373785323514265,1.0,0.0
5000,subset_accuracy_drop,group_nonharmful,False,81,500.0,0.0,0.0018181920051574707,0.0010679371210453549,1.0,0.0
5000,subset_accuracy_drop,group_nonharmful,False,82,500.0,0.0,0.0018181920051574707,0.0010679371210453549,1.0,0.0
5000,subset_accuracy_drop,group_nonharmful,False,83,500.0,0.0,0.0017391324043273925,0.0012373785323514265,1.0,0.0
5000,subset_accuracy_drop,group_nonharmful,False,84,500.0,0.0,0.0018181920051574707,0.0010679371210453549,1.0,0.0
5000,subset_accuracy_drop,group_nonharmful,False,85,500.0,0.0,0.0017391324043273925,0.0012373785323514265,1.0,0.0
5000,subset_accuracy_drop,group_nonharmful,False,86,500.0,0.0,0.0018181920051574707,0.0010679371210453549,1.0,0.0
5000,subset_accuracy_drop,group_nonharmful,False,87,500.0,0.0,0.0017391324043273925,0.0012373785323514265,1.0,0.0
5000,subset_accuracy_drop,group_nonharmful,False,88,500.0,0.0,0.0018181920051574707,0.0010679371210453549,1.0,0.0
5000,subset_accuracy_drop,group_nonharmful,False,89,500.0,0.0,0.0017391324043273925,0.0012373785323514265,1.0,0.0
5000,subset_accuracy_drop,group_nonharmful,False,90,500.0,0.0,0.0018181920051574707,0.0010679371210453549,1.0,0.0
5000,subset_accuracy_drop,group_nonharmful,False,91,500.0,0.0,0.0017391324043273925,0.0012373785323514265,1.0,0.0
5000,subset_accuracy_drop,group_nonharmful,False,92,500.0,0.0,0.0018181920051574707,0.0010679371210453549,1.0,0.0
5000,subset_accuracy_drop,group_nonharmful,False,93,500.0,0.0,0.0017391324043273925,0.0012373785323514265,1.0,0.0
5000,subset_accuracy_drop,group_nonharmful,False,94,500.0,0.0,0.0018181920051574707,0.0010679371210453549,1.0,0.0
5000,subset_accuracy_drop,group_nonharmful,False,95,500.0,0.0,0.0018181920051574707,0.0010679371210453549,1.0,0.0
5000,subset_accuracy_drop,group_nonharmful,False,96,500.0,0.0,0.0017391324043273925,0.0012373785323514265,1.0,0.0
5000,subset_accuracy_drop,group_nonharmful,False,97,500.0,0.0,0.0018181920051574707,0.0010679371210453549,1.0,0.0
5000,subset_accuracy_drop,group_nonharmful,False,98,500.0,0.0,0.0018181800842285156,0.0012685501156672414,1.0,0.0
5000,subset_accuracy_drop,group_nonharmful,False,99,500.0,0.0,0.0018181920051574707,0.0010679371210453549,1.0,0.0
5000,subset_accuracy_drop,group_nonharmful,True,-1,500.0,0.0,0.0,0.0,1.0,0.0
5000,subset_accuracy_drop,group_nonharmful,True,0,500.0,0.0,0.0,0.0,1.0,0.0
5000,subset_accuracy_drop,group_nonharmful,True,1,500.0,0.0,0.00015810728073120117,0.00045068815953352423,0.4992,0.0017888543819998388
5000,subset_accuracy_drop,group_nonharmful,True,2,500.0,0.0,0.0003952503204345703,0.00048411486988249834,0.354,0.014282856857085692
5000,subset_accuracy_drop,group_nonharmful,True,3,500.0,0.0,0.0007114648818969726,0.0008569086695188584,0.2944,0.013296616110875695
5000,subset_accuracy_drop,group_nonharmful,True,4,500.0,0.0,0.00102766752243042,0.000909949846961558,0.2644,0.016024980499208117
5000,subset_accuracy_drop,group_nonharmful,True,5,500.0,0.0,0.0013438701629638673,0.0010306899361724356,0.2516,0.014099645385611656
5000,subset_accuracy_drop,group_nonharmful,True,6,500.0,0.0,0.001976299285888672,0.0009269543327806357,0.2408,0.01213260071048248
5000,subset_accuracy_drop,group_nonharmful,True,7,500.0,0.0,0.002450597286224365,0.0013519799637691885,0.23559999999999998,0.010990905331227267
5000,subset_accuracy_drop,group_nonharmful,True,8,500.0,0.0,0.0030830025672912596,0.001686205415150029,0.2312,0.010256705123966465
5000,subset_accuracy_drop,group_nonharmful,True,9,500.0,0.0,0.003478264808654785,0.0017764479491636045,0.22879999999999998,0.01109954954040929
5000,subset_accuracy_drop,group_nonharmful,True,10,500.0,0.0,0.0043478250503540036,0.0025462493699830546,0.22759999999999997,0.010990905331227263
5000,subset_accuracy_drop,group_nonharmful,True,11,500.0,0.0,0.005296444892883301,0.0032304677013942377,0.2244,0.010526157893552608
5000,subset_accuracy_drop,group_nonharmful,True,12,500.0,0.0,0.005770766735076904,0.003242521520247032,0.2244,0.010526157893552608
5000,subset_accuracy_drop,group_nonharmful,True,13,500.0,0.0,0.006086969375610351,0.003337511165880492,0.22280000000000003,0.010917875251164956
5000,subset_accuracy_drop,group_nonharmful,True,14,500.0,0.0,0.006403160095214844,0.0036268903751847776,0.22240000000000001,0.010526157893552622
5000,subset_accuracy_drop,group_nonharmful,True,15,500.0,0.0,0.00719367265701294,0.00386664374741567,0.22280000000000003,0.01063954886261632
5000,subset_accuracy_drop,group_nonharmful,True,16,500.0,0.0,0.007588934898376465,0.0036483654893796126,0.2212,0.011454256850621092
5000,subset_accuracy_drop,group_nonharmful,True,17,500.0,0.0,0.008221352100372314,0.0037642824212491717,0.21960000000000002,0.010899541274750981
5000,subset_accuracy_drop,group_nonharmful,True,18,500.0,0.0,0.009090900421142578,0.003972279130461683,0.22000000000000003,0.011489125293076068
5000,subset_accuracy_drop,group_nonharmful,True,19,500.0,0.0,0.009328079223632813,0.003928773817122777,0.21880000000000002,0.011882760622010359
5000,subset_accuracy_drop,group_nonharmful,True,20,500.0,0.0,0.009565222263336181,0.003926784045965266,0.2172,0.012132600710482487
5000,subset_accuracy_drop,group_nonharmful,True,21,500.0,0.0,0.009723329544067382,0.0037767006401525104,0.21680000000000002,0.012377398757412646
5000,subset_accuracy_drop,group_nonharmful,True,22,500.0,0.0,0.010197615623474121,0.003946620796137089,0.21680000000000002,0.012377398757412646
5000,subset_accuracy_drop,group_nonharmful,True,23,500.0,0.0,0.010750973224639892,0.0035726359008047197,0.2164,0.012361229712289961
5000,subset_accuracy_drop,group_nonharmful,True,24,500.0,0.0,0.011067187786102295,0.0036760898213373788,0.21600000000000003,0.012649110640673521
5000,subset_accuracy_drop,group_nonharmful,True,25,500.0,0.0,0.011383402347564697,0.0039860238589169315,0.21600000000000003,0.012649110640673521
5000,subset_accuracy_drop,group_nonharmful,True,26,500.0,0.0,0.011462438106536865,0.003739294541672461,0.2156,0.012680693987317892
5000,subset_accuracy_drop,group_nonharmful,True,27,500.0,0.0,0.011936771869659423,0.0038666346079947573,0.21480000000000002,0.012696456198483114
5000,subset_accuracy_drop,group_nonharmful,True,28,500.0,0.0,0.01225297451019287,0.0037601214743681432,0.2144,0.01244186481199664
5000,subset_accuracy_drop,group_nonharmful,True,29,500.0,0.0,0.012569177150726318,0.0038867680477177053,0.21400000000000002,0.011747340124470734
5000,subset_accuracy_drop,group_nonharmful,True,30,500.0,0.0,0.012648224830627441,0.003882760512161346,0.21400000000000002,0.011747340124470734
5000,subset_accuracy_drop,group_nonharmful,True,31,500.0,0.0,0.013201570510864258,0.003671846900644593,0.2136,0.011081516141756058
5000,subset_accuracy_drop,group_nonharmful,True,32,500.0,0.0,0.01351778507232666,0.0037330140219001204,0.2132,0.011541230437002814
5000,subset_accuracy_drop,group_nonharmful,True,33,500.0,0.0,0.014071142673492432,0.0035748135723656493,0.2116,0.010526157893552619
5000,subset_accuracy_drop,group_nonharmful,True,34,500.0,0.0,0.014071142673492432,0.00358572479886735,0.21080000000000002,0.01054514106117126
5000,subset_accuracy_drop,group_nonharmful,True,35,500.0,0.0,0.014703547954559327,0.003976201775511824,0.21000000000000002,0.009695359714832657
5000,subset_accuracy_drop,group_nonharmful,True,36,500.0,0.0,0.015415036678314209,0.004001658963528921,0.2084,0.010334408546211055
5000,subset_accuracy_drop,group_nonharmful,True,37,500.0,0.0,0.015652191638946534,0.003948604449492661,0.2072,0.010256705123966469
5000,subset_accuracy_drop,group_nonharmful,True,38,500.0,0.0,0.015968382358551025,0.0037141550451896734,0.2072,0.009757048734120373
5000,subset_accuracy_drop,group_nonharmful,True,39,500.0,0.0,0.016521739959716796,0.0037746372590755878,0.2068,0.010449880382090505
5000,subset_accuracy_drop,group_nonharmful,True,40,500.0,0.0,0.016679835319519044,0.0037225465687472955,0.20600000000000002,0.010099504938362076
5000,subset_accuracy_drop,group_nonharmful,True,41,500.0,0.0,0.017233192920684814,0.003463843382889883,0.2056,0.009939818911831341
5000,subset_accuracy_drop,group_nonharmful,True,42,500.0,0.0,0.017470359802246094,0.0034389522738116126,0.2048,0.010059821071967432
5000,subset_accuracy_drop,group_nonharmful,True,43,500.0,0.0,0.01786562204360962,0.003438968715399468,0.2052,0.009757048734120373
5000,subset_accuracy_drop,group_nonharmful,True,44,500.0,0.0,0.018339920043945312,0.0036290565889019887,0.20400000000000001,0.010295630140987
5000,subset_accuracy_drop,group_nonharmful,True,45,500.0,0.0,0.018577063083648683,0.0037705089834308442,0.2036,0.01089954127475097
5000,subset_accuracy_drop,group_nonharmful,True,46,500.0,0.0,0.018972325325012206,0.0038321413717949896,0.2024,0.010039920318408904
5000,subset_accuracy_drop,group_nonharmful,True,47,500.0,0.0,0.019051384925842286,0.0037330197016481686,0.2028,0.010256705123966465
5000,subset_accuracy_drop,group_nonharmful,True,48,500.0,0.0,0.019367587566375733,0.0038726999568771433,0.2016,0.010139033484509256
5000,subset_accuracy_drop,group_nonharmful,True,49,500.0,0.0,0.019762849807739256,0.0040790005913141445,0.2016,0.010139033484509256
5000,subset_accuracy_drop,group_nonharmful,True,50,500.0,0.0,0.019999992847442628,0.004244170699719991,0.2016,0.010139033484509256
5000,subset_accuracy_drop,group_nonharmful,True,51,500.0,0.0,0.02023714780807495,0.0045014062278251514,0.2016,0.010139033484509256
5000,subset_accuracy_drop,group_nonharmful,True,52,500.0,0.0,0.02039525508880615,0.004335222664435947,0.2016,0.010139033484509256
5000,subset_accuracy_drop,group_nonharmful,True,53,500.0,0.0,0.0205533504486084,0.004275351189917654,0.2016,0.010139033484509256
5000,subset_accuracy_drop,group_nonharmful,True,54,500.0,0.0,0.020711457729339598,0.004362182462901605,0.2016,0.010139033484509256
5000,subset_accuracy_drop,group_nonharmful,True,55,500.0,0.0,0.0208695650100708,0.004422657614161583,0.2016,0.010139033484509256
5000,subset_accuracy_drop,group_nonharmful,True,56,500.0,0.0,0.020948612689971925,0.004506635891694757,0.2016,0.010139033484509256
5000,subset_accuracy_drop,group_nonharmful,True,57,500.0,0.0,0.020948612689971925,0.004506635891694757,0.2016,0.010139033484509256
5000,subset_accuracy_drop,group_nonharmful,True,58,500.0,0.0,0.021027672290802,0.004492747210774369,0.2016,0.010139033484509256
5000,subset_accuracy_drop,group_nonharmful,True,59,500.0,0.0,0.020948612689971925,0.0047348446510421,0.2016,0.010139033484509256
5000,subset_accuracy_drop,group_nonharmful,True,60,500.0,0.0,0.021106719970703125,0.004690105878487909,0.2016,0.010139033484509256
5000,subset_accuracy_drop,group_nonharmful,True,61,500.0,0.0,0.021106719970703125,0.004690105878487909,0.2016,0.010139033484509256
5000,subset_accuracy_drop,group_nonharmful,True,62,500.0,0.0,0.021027660369873045,0.004595880667021162,0.2016,0.010139033484509256
5000,subset_accuracy_drop,group_nonharmful,True,63,500.0,0.0,0.021264827251434325,0.004771011481129363,0.2016,0.010139033484509256
5000,subset_accuracy_drop,group_nonharmful,True,64,500.0,0.0,0.021422922611236572,0.004827973249332958,0.2016,0.010139033484509256
5000,subset_accuracy_drop,group_nonharmful,True,65,500.0,0.0,0.021422922611236572,0.004827973249332958,0.2016,0.010139033484509256
5000,subset_accuracy_drop,group_nonharmful,True,66,500.0,0.0,0.021422934532165528,0.004595872208962101,0.2016,0.010139033484509256
5000,subset_accuracy_drop,group_nonharmful,True,67,500.0,0.0,0.021501982212066652,0.004698402938351065,0.2016,0.010139033484509256
5000,subset_accuracy_drop,group_nonharmful,True,68,500.0,0.0,0.021501982212066652,0.004698402938351065,0.2016,0.010139033484509256
5000,subset_accuracy_drop,group_nonharmful,True,69,500.0,0.0,0.021501982212066652,0.004698402938351065,0.2016,0.010139033484509256
5000,subset_accuracy_drop,group_nonharmful,True,70,500.0,0.0,0.021581029891967772,0.004681749328900701,0.2016,0.010139033484509256
5000,subset_accuracy_drop,group_nonharmful,True,71,500.0,0.0,0.02166008949279785,0.004646575118660983,0.2016,0.010139033484509256
5000,subset_accuracy_drop,group_nonharmful,True,72,500.0,0.0,0.02166008949279785,0.004646575118660983,0.2016,0.010139033484509256
5000,subset_accuracy_drop,group_nonharmful,True,73,500.0,0.0,0.021897244453430175,0.004597583177276659,0.2016,0.010139033484509256
5000,subset_accuracy_drop,group_nonharmful,True,74,500.0,0.0,0.0219762921333313,0.004706719909487276,0.2016,0.010139033484509256
5000,subset_accuracy_drop,group_nonharmful,True,75,500.0,0.0,0.0219762921333313,0.004706719909487276,0.2016,0.010139033484509256
5000,subset_accuracy_drop,group_nonharmful,True,76,500.0,0.0,0.022055339813232423,0.004570319487831191,0.2016,0.010139033484509256
5000,subset_accuracy_drop,group_nonharmful,True,77,500.0,0.0,0.022055339813232423,0.004570319487831191,0.2016,0.010139033484509256
5000,subset_accuracy_drop,group_nonharmful,True,78,500.0,0.0,0.022134387493133546,0.0046850961007186675,0.2016,0.010139033484509256
5000,subset_accuracy_drop,group_nonharmful,True,79,500.0,0.0,0.022134387493133546,0.0046850961007186675,0.2016,0.010139033484509256
5000,subset_accuracy_drop,group_nonharmful,True,80,500.0,0.0,0.022213435173034667,0.004762809994416391,0.2016,0.010139033484509256
5000,subset_accuracy_drop,group_nonharmful,True,81,500.0,0.0,0.022292494773864746,0.004748025461965564,0.2016,0.010139033484509256
5000,subset_accuracy_drop,group_nonharmful,True,82,500.0,0.0,0.022292494773864746,0.004748025461965564,0.2016,0.010139033484509256
5000,subset_accuracy_drop,group_nonharmful,True,83,500.0,0.0,0.022292494773864746,0.004748025461965564,0.2016,0.010139033484509256
5000,subset_accuracy_drop,group_nonharmful,True,84,500.0,0.0,0.022292494773864746,0.004748025461965564,0.2016,0.010139033484509256
5000,subset_accuracy_drop,group_nonharmful,True,85,500.0,0.0,0.022292494773864746,0.004748025461965564,0.2016,0.010139033484509256
5000,subset_accuracy_drop,group_nonharmful,True,86,500.0,0.0,0.022292494773864746,0.004748025461965564,0.2016,0.010139033484509256
5000,subset_accuracy_drop,group_nonharmful,True,87,500.0,0.0,0.022292494773864746,0.004748025461965564,0.2016,0.010139033484509256
5000,subset_accuracy_drop,group_nonharmful,True,88,500.0,0.0,0.022292494773864746,0.004748025461965564,0.2016,0.010139033484509256
5000,subset_accuracy_drop,group_nonharmful,True,89,500.0,0.0,0.02237154245376587,0.004739793645598964,0.2016,0.010139033484509256
5000,subset_accuracy_drop,group_nonharmful,True,90,500.0,0.0,0.02237154245376587,0.004739793645598964,0.2016,0.010139033484509256
5000,subset_accuracy_drop,group_nonharmful,True,91,500.0,0.0,0.02237154245376587,0.004739793645598964,0.2016,0.010139033484509256
5000,subset_accuracy_drop,group_nonharmful,True,92,500.0,0.0,0.02237154245376587,0.004739793645598964,0.2016,0.010139033484509256
5000,subset_accuracy_drop,group_nonharmful,True,93,500.0,0.0,0.02237154245376587,0.00471500796989255,0.2016,0.010139033484509256
5000,subset_accuracy_drop,group_nonharmful,True,94,500.0,0.0,0.02252964973449707,0.004685073472351589,0.2016,0.010139033484509256
5000,subset_accuracy_drop,group_nonharmful,True,95,500.0,0.0,0.022608697414398193,0.004795476268588868,0.2016,0.010139033484509256
5000,subset_accuracy_drop,group_nonharmful,True,96,500.0,0.0,0.022608697414398193,0.004795476268588868,0.2016,0.010139033484509256
5000,subset_accuracy_drop,group_nonharmful,True,97,500.0,0.0,0.02260870933532715,0.004770993210427707,0.2016,0.010139033484509256
5000,subset_accuracy_drop,group_nonharmful,True,98,500.0,0.0,0.022687757015228273,0.004861811035889707,0.2016,0.010139033484509256
5000,subset_accuracy_drop,group_nonharmful,True,99,500.0,0.0,0.022687757015228273,0.004861811035889707,0.2016,0.010139033484509256
5000,subset_accuracy_drop,group_random,False,-1,500.0,0.0,0.0,0.0,1.0,0.0
5000,subset_accuracy_drop,group_random,False,0,500.0,0.0,7.905960083007813e-05,0.00017678264173005349,1.0,0.0
5000,subset_accuracy_drop,group_random,False,1,500.0,0.0,0.0005533695220947266,0.00045066463526958296,1.0,0.0
5000,subset_accuracy_drop,group_random,False,2,500.0,0.0,0.0007114648818969726,0.0003306908574329922,1.0,0.0
5000,subset_accuracy_drop,group_random,False,3,500.0,0.0,0.0012648224830627442,0.0005862533779834736,1.0,0.0
5000,subset_accuracy_drop,group_random,False,4,500.0,0.0,0.0015019774436950684,0.0006494810497453341,1.0,0.0
5000,subset_accuracy_drop,group_random,False,5,500.0,0.0,0.0018181800842285156,0.0007704905284381035,1.0,0.0
5000,subset_accuracy_drop,group_random,False,6,500.0,0.0,0.0022925019264221193,0.0007070489337118019,1.0,0.0
5000,subset_accuracy_drop,group_random,False,7,500.0,0.0,0.0026086926460266112,0.00045065418113609835,1.0,0.0
5000,subset_accuracy_drop,group_random,False,8,500.0,0.0,0.0026877403259277345,0.0006494701674758555,1.0,0.0
5000,subset_accuracy_drop,group_random,False,9,500.0,0.0,0.003320157527923584,0.0008196254685398156,1.0,0.0
5000,subset_accuracy_drop,group_random,False,10,500.0,0.0,0.00347825288772583,0.0009013188148896351,1.0,0.0
5000,subset_accuracy_drop,group_random,False,11,500.0,0.0,0.0036363601684570312,0.0008568853008809415,1.0,0.0
5000,subset_accuracy_drop,group_random,False,12,500.0,0.0,0.0038735032081604003,0.0009841763729074111,1.0,0.0
5000,subset_accuracy_drop,group_random,False,13,500.0,0.0,0.0038735032081604003,0.0009841763729074111,1.0,0.0
5000,subset_accuracy_drop,group_random,False,14,500.0,0.0,0.004110658168792724,0.0007180190198940236,1.0,0.0
5000,subset_accuracy_drop,group_random,False,15,500.0,0.0,0.00450592041015625,0.0007180124574137065,1.0,0.0
5000,subset_accuracy_drop,group_random,False,16,500.0,0.0,0.004664039611816407,0.0007070555979491998,1.0,0.0
5000,subset_accuracy_drop,group_random,False,17,500.0,0.0,0.004901182651519775,0.00035353529568719715,1.0,0.0
5000,subset_accuracy_drop,group_random,False,18,500.0,0.0,0.004980242252349854,0.0004506803179858772,1.0,0.0
5000,subset_accuracy_drop,group_random,False,19,500.0,0.0,0.004980242252349854,0.0004506803179858772,1.0,0.0
5000,subset_accuracy_drop,group_random,False,20,500.0,0.0,0.0051383495330810545,0.0004840905363881712,1.0,0.0
5000,subset_accuracy_drop,group_random,False,21,500.0,0.0,0.005454552173614502,0.0008569004219102344,1.0,0.0
5000,subset_accuracy_drop,group_random,False,22,500.0,0.0,0.005612659454345703,0.0010230975886990753,1.0,0.0
5000,subset_accuracy_drop,group_random,False,23,500.0,0.0,0.005849814414978028,0.0008100398564758804,1.0,0.0
5000,subset_accuracy_drop,group_random,False,24,500.0,0.0,0.006086957454681396,0.0009920844417925748,1.0,0.0
5000,subset_accuracy_drop,group_random,False,25,500.0,0.0,0.006166005134582519,0.0009920856290922299,1.0,0.0
5000,subset_accuracy_drop,group_random,False,26,500.0,0.0,0.006166005134582519,0.0008196240311993059,1.0,0.0
5000,subset_accuracy_drop,group_random,False,27,500.0,0.0,0.006403148174285889,0.0009013292695537562,1.0,0.0
5000,subset_accuracy_drop,group_random,False,28,500.0,0.0,0.0064821958541870115,0.0009920844417925748,1.0,0.0
5000,subset_accuracy_drop,group_random,False,29,500.0,0.0,0.0064822077751159664,0.00103071279335822,1.0,0.0
5000,subset_accuracy_drop,group_random,False,30,500.0,0.0,0.006877481937408447,0.0012053727833361274,1.0,0.0
5000,subset_accuracy_drop,group_random,False,31,500.0,0.0,0.00695652961730957,0.0011387287152567996,1.0,0.0
5000,subset_accuracy_drop,group_random,False,32,500.0,0.0,0.0071936845779418945,0.0013805817589101215,1.0,0.0
5000,subset_accuracy_drop,group_random,False,33,500.0,0.0,0.00735177993774414,0.0012989566571593439,1.0,0.0
5000,subset_accuracy_drop,group_random,False,34,500.0,0.0,0.007509887218475342,0.0011523744913827536,1.0,0.0
5000,subset_accuracy_drop,group_random,False,35,500.0,0.0,0.007509875297546387,0.0010077167589891106,1.0,0.0
5000,subset_accuracy_drop,group_random,False,36,500.0,0.0,0.007588934898376465,0.0011318581848697,1.0,0.0
5000,subset_accuracy_drop,group_random,False,37,500.0,0.0,0.007826089859008789,0.0011658575309254546,1.0,0.0
5000,subset_accuracy_drop,group_random,False,38,500.0,0.0,0.007905137538909913,0.0012499289559140749,1.0,0.0
5000,subset_accuracy_drop,group_random,False,39,500.0,0.0,0.008063256740570068,0.0010679238844959877,1.0,0.0
5000,subset_accuracy_drop,group_random,False,40,500.0,0.0,0.008142304420471192,0.0011038898635768698,1.0,0.0
5000,subset_accuracy_drop,group_random,False,41,500.0,0.0,0.008142304420471192,0.0011038898635768698,1.0,0.0
5000,subset_accuracy_drop,group_random,False,42,500.0,0.0,0.008221352100372314,0.0011658342917053115,1.0,0.0
5000,subset_accuracy_drop,group_random,False,43,500.0,0.0,0.008379459381103516,0.0013519851914760462,1.0,0.0
5000,subset_accuracy_drop,group_random,False,44,500.0,0.0,0.00845850706100464,0.0012053757148149007,1.0,0.0
5000,subset_accuracy_drop,group_random,False,45,500.0,0.0,0.008695650100708007,0.0013403801414812624,1.0,0.0
5000,subset_accuracy_drop,group_random,False,46,500.0,0.0,0.00877469778060913,0.0011988773577045805,1.0,0.0
5000,subset_accuracy_drop,group_random,False,47,500.0,0.0,0.008853745460510255,0.0013286719601825181,1.0,0.0
5000,subset_accuracy_drop,group_random,False,48,500.0,0.0,0.008853745460510255,0.0013286719601825181,1.0,0.0
5000,subset_accuracy_drop,group_random,False,49,500.0,0.0,0.008853745460510255,0.0013286719601825181,1.0,0.0
5000,subset_accuracy_drop,group_random,False,50,500.0,0.0,0.009169960021972656,0.001231009887697477,1.0,0.0
5000,subset_accuracy_drop,group_random,False,51,500.0,0.0,0.00924900770187378,0.0011725147907830971,1.0,0.0
5000,subset_accuracy_drop,group_random,False,52,500.0,0.0,0.009328067302703857,0.0011387163015961262,1.0,0.0
5000,subset_accuracy_drop,group_random,False,53,500.0,0.0,0.009328067302703857,0.0011387163015961262,1.0,0.0
5000,subset_accuracy_drop,group_random,False,54,500.0,0.0,0.009407126903533935,0.0010967828614761724,1.0,0.0
5000,subset_accuracy_drop,group_random,False,55,500.0,0.0,0.009407126903533935,0.0010967828614761724,1.0,0.0
5000,subset_accuracy_drop,group_random,False,56,500.0,0.0,0.009486174583435059,0.0010824484645229027,1.0,0.0
5000,subset_accuracy_drop,group_random,False,57,500.0,0.0,0.009565222263336181,0.0011658282295816066,1.0,0.0
5000,subset_accuracy_drop,group_random,False,58,500.0,0.0,0.009644269943237305,0.0012685036856108383,1.0,0.0
5000,subset_accuracy_drop,group_random,False,59,500.0,0.0,0.009644269943237305,0.0012685036856108383,1.0,0.0
5000,subset_accuracy_drop,group_random,False,60,500.0,0.0,0.009565222263336181,0.0011658282295816066,1.0,0.0
5000,subset_accuracy_drop,group_random,False,61,500.0,0.0,0.009565222263336181,0.0011658282295816066,1.0,0.0
5000,subset_accuracy_drop,group_random,False,62,500.0,0.0,0.009565222263336181,0.0011658282295816066,1.0,0.0
5000,subset_accuracy_drop,group_random,False,63,500.0,0.0,0.009644269943237305,0.0011725107725486534,1.0,0.0
5000,subset_accuracy_drop,group_random,False,64,500.0,0.0,0.009644269943237305,0.0011725107725486534,1.0,0.0
5000,subset_accuracy_drop,group_random,False,65,500.0,0.0,0.009644269943237305,0.0011725107725486534,1.0,0.0
5000,subset_accuracy_drop,group_random,False,66,500.0,0.0,0.009644269943237305,0.0011725107725486534,1.0,0.0
5000,subset_accuracy_drop,group_random,False,67,500.0,0.0,0.009644269943237305,0.0011725107725486534,1.0,0.0
5000,subset_accuracy_drop,group_random,False,68,500.0,0.0,0.009644269943237305,0.0011725107725486534,1.0,0.0
5000,subset_accuracy_drop,group_random,False,69,500.0,0.0,0.009644269943237305,0.0011725107725486534,1.0,0.0
5000,subset_accuracy_drop,group_random,False,70,500.0,0.0,0.009644269943237305,0.0011725107725486534,1.0,0.0
5000,subset_accuracy_drop,group_random,False,71,500.0,0.0,0.009644269943237305,0.0011725107725486534,1.0,0.0
5000,subset_accuracy_drop,group_random,False,72,500.0,0.0,0.009644269943237305,0.0011725107725486534,1.0,0.0
5000,subset_accuracy_drop,group_random,False,73,500.0,0.0,0.009644269943237305,0.0011725107725486534,1.0,0.0
5000,subset_accuracy_drop,group_random,False,74,500.0,0.0,0.009644269943237305,0.0011725107725486534,1.0,0.0
5000,subset_accuracy_drop,group_random,False,75,500.0,0.0,0.009644269943237305,0.0011725107725486534,1.0,0.0
5000,subset_accuracy_drop,group_random,False,76,500.0,0.0,0.009644269943237305,0.0011725107725486534,1.0,0.0
5000,subset_accuracy_drop,group_random,False,77,500.0,0.0,0.009723329544067382,0.0012685213289944058,1.0,0.0
5000,subset_accuracy_drop,group_random,False,78,500.0,0.0,0.009723329544067382,0.0012685213289944058,1.0,0.0
5000,subset_accuracy_drop,group_random,False,79,500.0,0.0,0.009723329544067382,0.0012685213289944058,1.0,0.0
5000,subset_accuracy_drop,group_random,False,80,500.0,0.0,0.00980238914489746,0.0012929223529617449,1.0,0.0
5000,subset_accuracy_drop,group_random,False,81,500.0,0.0,0.00980238914489746,0.0012929223529617449,1.0,0.0
5000,subset_accuracy_drop,group_random,False,82,500.0,0.0,0.00980238914489746,0.0012929223529617449,1.0,0.0
5000,subset_accuracy_drop,group_random,False,83,500.0,0.0,0.00980238914489746,0.0012929223529617449,1.0,0.0
5000,subset_accuracy_drop,group_random,False,84,500.0,0.0,0.009881436824798584,0.0013692062010395012,1.0,0.0
5000,subset_accuracy_drop,group_random,False,85,500.0,0.0,0.009881436824798584,0.0013692062010395012,1.0,0.0
5000,subset_accuracy_drop,group_random,False,86,500.0,0.0,0.009881436824798584,0.0013692062010395012,1.0,0.0
5000,subset_accuracy_drop,group_random,False,87,500.0,0.0,0.009881436824798584,0.0013692062010395012,1.0,0.0
5000,subset_accuracy_drop,group_random,False,88,500.0,0.0,0.009881436824798584,0.0013692062010395012,1.0,0.0
5000,subset_accuracy_drop,group_random,False,89,500.0,0.0,0.009881436824798584,0.0013692062010395012,1.0,0.0
5000,subset_accuracy_drop,group_random,False,90,500.0,0.0,0.009960484504699708,0.0014085761515437699,1.0,0.0
5000,subset_accuracy_drop,group_random,False,91,500.0,0.0,0.009960484504699708,0.0014085761515437699,1.0,0.0
5000,subset_accuracy_drop,group_random,False,92,500.0,0.0,0.009881436824798584,0.0013692062010395012,1.0,0.0
5000,subset_accuracy_drop,group_random,False,93,500.0,0.0,0.009960484504699708,0.0014085761515437699,1.0,0.0
5000,subset_accuracy_drop,group_random,False,94,500.0,0.0,0.009960484504699708,0.0014085761515437699,1.0,0.0
5000,subset_accuracy_drop,group_random,False,95,500.0,0.0,0.009881436824798584,0.0013692062010395012,1.0,0.0
5000,subset_accuracy_drop,group_random,False,96,500.0,0.0,0.009960484504699708,0.0014085761515437699,1.0,0.0
5000,subset_accuracy_drop,group_random,False,97,500.0,0.0,0.009960484504699708,0.0014085761515437699,1.0,0.0
5000,subset_accuracy_drop,group_random,False,98,500.0,0.0,0.009881436824798584,0.0013692062010395012,1.0,0.0
5000,subset_accuracy_drop,group_random,False,99,500.0,0.0,0.009960484504699708,0.0014085761515437699,1.0,0.0
5000,subset_accuracy_drop,group_random,True,-1,500.0,0.0,0.0,0.0,1.0,0.0
5000,subset_accuracy_drop,group_random,True,0,500.0,0.0,7.905960083007813e-05,0.00017678264173005349,1.0,0.0
5000,subset_accuracy_drop,group_random,True,1,500.0,0.0,0.0006324172019958497,0.0004506698626395458,0.5,0.0
5000,subset_accuracy_drop,group_random,True,2,500.0,0.0,0.0007905125617980957,0.0002794968270122155,0.3804,0.019565275362232976
5000,subset_accuracy_drop,group_random,True,3,500.0,0.0,0.0017391324043273925,0.00045065679410094886,0.328,0.016248076809271914
5000,subset_accuracy_drop,group_random,True,4,500.0,0.0,0.0023715376853942873,0.0007394472336349024,0.3056,0.014587666023048392
5000,subset_accuracy_drop,group_random,True,5,500.0,0.0,0.0028458356857299803,0.000810026768773081,0.2972,0.014532721699667971
5000,subset_accuracy_drop,group_random,True,6,500.0,0.0,0.0039525628089904785,0.00124988654659908,0.28759999999999997,0.011523888232710321
5000,subset_accuracy_drop,group_random,True,7,500.0,0.0,0.0047430872917175295,0.0016055063210878887,0.2824,0.01013903348450923
5000,subset_accuracy_drop,group_random,True,8,500.0,0.0,0.0051383376121521,0.001676896661702941,0.2796,0.010714476188783087
5000,subset_accuracy_drop,group_random,True,9,500.0,0.0,0.006086957454681396,0.0017364246460124066,0.2772,0.010825894882179476
5000,subset_accuracy_drop,group_random,True,10,500.0,0.0,0.006798410415649414,0.002458846701656997,0.2756,0.009939818911831332
5000,subset_accuracy_drop,group_random,True,11,500.0,0.0,0.007588934898376465,0.0026719809320683934,0.274,0.009273618495495689
5000,subset_accuracy_drop,group_random,True,12,500.0,0.0,0.008063232898712159,0.0028309823132277078,0.272,0.010862780491200203
5000,subset_accuracy_drop,group_random,True,13,500.0,0.0,0.008537530899047852,0.003017943093787917,0.2712,0.010059821071967423
5000,subset_accuracy_drop,group_random,True,14,500.0,0.0,0.009169948101043702,0.0031669814432788027,0.27080000000000004,0.010059821071967429
5000,subset_accuracy_drop,group_random,True,15,500.0,0.0,0.01003953218460083,0.003817850400136492,0.27,0.009486832980505124
5000,subset_accuracy_drop,group_random,True,16,500.0,0.0,0.010276687145233155,0.0036547824507814153,0.268,0.009273618495495689
5000,subset_accuracy_drop,group_random,True,17,500.0,0.0,0.011067187786102295,0.003718338284719001,0.26680000000000004,0.009338094023943004
5000,subset_accuracy_drop,group_random,True,18,500.0,0.0,0.011541509628295898,0.0037015015397989294,0.266,0.009486832980505148
5000,subset_accuracy_drop,group_random,True,19,500.0,0.0,0.012015807628631591,0.00371413982178454,0.2656,0.009423375191511808
5000,subset_accuracy_drop,group_random,True,20,500.0,0.0,0.012411069869995118,0.003776695649728871,0.264,0.010862780491200225
5000,subset_accuracy_drop,group_random,True,21,500.0,0.0,0.012964427471160889,0.004324378935416394,0.2636,0.010899541274750981
5000,subset_accuracy_drop,group_random,True,22,500.0,0.0,0.013596844673156739,0.004188591647605523,0.26280000000000003,0.01162755348299891
5000,subset_accuracy_drop,group_random,True,23,500.0,0.0,0.014071154594421386,0.004234948211236902,0.262,0.010770329614269016
5000,subset_accuracy_drop,group_random,True,24,500.0,0.0,0.014624524116516113,0.004210911410580706,0.2612,0.0110995495404093
5000,subset_accuracy_drop,group_random,True,25,500.0,0.0,0.015256917476654053,0.003755977244381527,0.262,0.01200000000000001
5000,subset_accuracy_drop,group_random,True,26,500.0,0.0,0.015573132038116454,0.0037973342073654914,0.2596,0.01152388823271036
5000,subset_accuracy_drop,group_random,True,27,500.0,0.0,0.016126477718353273,0.003561689206973273,0.2596,0.01152388823271036
5000,subset_accuracy_drop,group_random,True,28,500.0,0.0,0.016600799560546876,0.0037601355718289396,0.2592,0.012049896265113672
5000,subset_accuracy_drop,group_random,True,29,500.0,0.0,0.01675889492034912,0.0038888052529548155,0.2584,0.011260550608207406
5000,subset_accuracy_drop,group_random,True,30,500.0,0.0,0.016837942600250243,0.004007509377450775,0.258,0.01183215956619924
5000,subset_accuracy_drop,group_random,True,31,500.0,0.0,0.017312240600585938,0.004139810065068343,0.2576,0.01244186481199665
5000,subset_accuracy_drop,group_random,True,32,500.0,0.0,0.01762845516204834,0.004207209285781881,0.2576,0.01244186481199665
5000,subset_accuracy_drop,group_random,True,33,500.0,0.0,0.018181824684143068,0.004117105149650366,0.2564,0.01228006514640701
5000,subset_accuracy_drop,group_random,True,34,500.0,0.0,0.018577075004577635,0.004229420773531528,0.2564,0.01228006514640701
5000,subset_accuracy_drop,group_random,True,35,500.0,0.0,0.01905137300491333,0.004501393143500351,0.2556,0.01152388823271036
5000,subset_accuracy_drop,group_random,True,36,500.0,0.0,0.019525682926177977,0.004280816845703446,0.2552,0.00944457516249409
5000,subset_accuracy_drop,group_random,True,37,500.0,0.0,0.019920945167541504,0.00445956605464727,0.2544,0.010039920318408915
5000,subset_accuracy_drop,group_random,True,38,500.0,0.0,0.02031620740890503,0.004151121486574013,0.254,0.010198039027185577
5000,subset_accuracy_drop,group_random,True,39,500.0,0.0,0.020711469650268554,0.004036639805902252,0.2536,0.009633275663033848
5000,subset_accuracy_drop,group_random,True,40,500.0,0.0,0.021185779571533205,0.004113334347689528,0.2532,0.00944457516249409
5000,subset_accuracy_drop,group_random,True,41,500.0,0.0,0.021422934532165528,0.003906848084859508,0.2528,0.00944457516249408
5000,subset_accuracy_drop,group_random,True,42,500.0,0.0,0.021739137172698975,0.003821949114382769,0.2524,0.009633275663033842
5000,subset_accuracy_drop,group_random,True,43,500.0,0.0,0.02189723253250122,0.003682473825549932,0.2512,0.008786353054595531
5000,subset_accuracy_drop,group_random,True,44,500.0,0.0,0.022371554374694826,0.00346386174686288,0.25,0.008124038404635967
5000,subset_accuracy_drop,group_random,True,45,500.0,0.0,0.02260870933532715,0.0032401379748571973,0.25,0.008124038404635967
5000,subset_accuracy_drop,group_random,True,46,500.0,0.0,0.023162055015563964,0.0036612000694567276,0.25,0.008124038404635967
5000,subset_accuracy_drop,group_random,True,47,500.0,0.0,0.023478269577026367,0.0035857474660262356,0.2504,0.008294576541331092
5000,subset_accuracy_drop,group_random,True,48,500.0,0.0,0.02355731725692749,0.003475122375314982,0.2496,0.007797435475847181
5000,subset_accuracy_drop,group_random,True,49,500.0,0.0,0.023952579498291014,0.003475103392990099,0.2492,0.008318653737234174
5000,subset_accuracy_drop,group_random,True,50,500.0,0.0,0.02418973445892334,0.003594426982610656,0.2492,0.008318653737234174
5000,subset_accuracy_drop,group_random,True,51,500.0,0.0,0.024505925178527833,0.003524200547108145,0.2492,0.008318653737234174
5000,subset_accuracy_drop,group_random,True,52,500.0,0.0,0.024664032459259033,0.00349750253787504,0.2492,0.008318653737234174
5000,subset_accuracy_drop,group_random,True,53,500.0,0.0,0.024980247020721436,0.0036161134622362504,0.2492,0.008318653737234174
5000,subset_accuracy_drop,group_random,True,54,500.0,0.0,0.024980247020721436,0.0036161134622362504,0.2492,0.008318653737234174
5000,subset_accuracy_drop,group_random,True,55,500.0,0.0,0.024980247020721436,0.003528639033312689,0.2492,0.008318653737234174
5000,subset_accuracy_drop,group_random,True,56,500.0,0.0,0.02529646158218384,0.0035019741891765496,0.2492,0.008318653737234174
5000,subset_accuracy_drop,group_random,True,57,500.0,0.0,0.025296449661254883,0.003490802879812054,0.2492,0.008318653737234174
5000,subset_accuracy_drop,group_random,True,58,500.0,0.0,0.025454556941986083,0.003508659901843609,0.2492,0.008318653737234174
5000,subset_accuracy_drop,group_random,True,59,500.0,0.0,0.02569171190261841,0.0034115899657190013,0.2492,0.008318653737234174
5000,subset_accuracy_drop,group_random,True,60,500.0,0.0,0.02584981918334961,0.0034751115282994926,0.2492,0.008318653737234174
5000,subset_accuracy_drop,group_random,True,61,500.0,0.0,0.02584981918334961,0.0034751115282994926,0.2492,0.008318653737234174
5000,subset_accuracy_drop,group_random,True,62,500.0,0.0,0.02584981918334961,0.0034751115282994926,0.2492,0.008318653737234174
5000,subset_accuracy_drop,group_random,True,63,500.0,0.0,0.025928866863250733,0.003541901831093657,0.2492,0.008318653737234174
5000,subset_accuracy_drop,group_random,True,64,500.0,0.0,0.0261660099029541,0.0037642742849661424,0.2492,0.008318653737234174
5000,subset_accuracy_drop,group_random,True,65,500.0,0.0,0.026245057582855225,0.0037141391875045305,0.2492,0.008318653737234174
5000,subset_accuracy_drop,group_random,True,66,500.0,0.0,0.026245057582855225,0.0037141391875045305,0.2492,0.008318653737234174
5000,subset_accuracy_drop,group_random,True,67,500.0,0.0,0.026007914543151857,0.0036052866919012673,0.2492,0.008318653737234174
5000,subset_accuracy_drop,group_random,True,68,500.0,0.0,0.026007914543151857,0.0036052866919012673,0.2492,0.008318653737234174
5000,subset_accuracy_drop,group_random,True,69,500.0,0.0,0.025928866863250733,0.0036074518372995476,0.2492,0.008318653737234174
5000,subset_accuracy_drop,group_random,True,70,500.0,0.0,0.025928866863250733,0.0036074518372995476,0.2492,0.008318653737234174
5000,subset_accuracy_drop,group_random,True,71,500.0,0.0,0.026007914543151857,0.0036052866919012673,0.2492,0.008318653737234174
5000,subset_accuracy_drop,group_random,True,72,500.0,0.0,0.026007914543151857,0.0036052866919012673,0.2492,0.008318653737234174
5000,subset_accuracy_drop,group_random,True,73,500.0,0.0,0.026007914543151857,0.0036052866919012673,0.2492,0.008318653737234174
5000,subset_accuracy_drop,group_random,True,74,500.0,0.0,0.026007914543151857,0.0036052866919012673,0.2492,0.008318653737234174
5000,subset_accuracy_drop,group_random,True,75,500.0,0.0,0.026007914543151857,0.0036052866919012673,0.2492,0.008318653737234174
5000,subset_accuracy_drop,group_random,True,76,500.0,0.0,0.026007914543151857,0.0036052866919012673,0.2492,0.008318653737234174
5000,subset_accuracy_drop,group_random,True,77,500.0,0.0,0.026007914543151857,0.0036052866919012673,0.2492,0.008318653737234174
5000,subset_accuracy_drop,group_random,True,78,500.0,0.0,0.02624506950378418,0.0037663486605893012,0.2492,0.008318653737234174
5000,subset_accuracy_drop,group_random,True,79,500.0,0.0,0.026324117183685304,0.0037870317876132517,0.2492,0.008318653737234174
5000,subset_accuracy_drop,group_random,True,80,500.0,0.0,0.026324117183685304,0.0037870317876132517,0.2492,0.008318653737234174
5000,subset_accuracy_drop,group_random,True,81,500.0,0.0,0.026324117183685304,0.0037870317876132517,0.2492,0.008318653737234174
5000,subset_accuracy_drop,group_random,True,82,500.0,0.0,0.026324117183685304,0.0037870317876132517,0.2492,0.008318653737234174
5000,subset_accuracy_drop,group_random,True,83,500.0,0.0,0.026324117183685304,0.0037870317876132517,0.2492,0.008318653737234174
5000,subset_accuracy_drop,group_random,True,84,500.0,0.0,0.026324117183685304,0.0037870317876132517,0.2492,0.008318653737234174
5000,subset_accuracy_drop,group_random,True,85,500.0,0.0,0.026324117183685304,0.0037870317876132517,0.2492,0.008318653737234174
5000,subset_accuracy_drop,group_random,True,86,500.0,0.0,0.026324117183685304,0.0037870317876132517,0.2492,0.008318653737234174
5000,subset_accuracy_drop,group_random,True,87,500.0,0.0,0.026324117183685304,0.0037870317876132517,0.2492,0.008318653737234174
5000,subset_accuracy_drop,group_random,True,88,500.0,0.0,0.026324117183685304,0.0037870317876132517,0.2492,0.008318653737234174
5000,subset_accuracy_drop,group_random,True,89,500.0,0.0,0.026324117183685304,0.0037870317876132517,0.2492,0.008318653737234174
5000,subset_accuracy_drop,group_random,True,90,500.0,0.0,0.026324117183685304,0.0037870317876132517,0.2492,0.008318653737234174
5000,subset_accuracy_drop,group_random,True,91,500.0,0.0,0.026324117183685304,0.0037870317876132517,0.2492,0.008318653737234174
5000,subset_accuracy_drop,group_random,True,92,500.0,0.0,0.026324117183685304,0.0037870317876132517,0.2492,0.008318653737234174
5000,subset_accuracy_drop,group_random,True,93,500.0,0.0,0.026324117183685304,0.0037870317876132517,0.2492,0.008318653737234174
5000,subset_accuracy_drop,group_random,True,94,500.0,0.0,0.026324117183685304,0.0037870317876132517,0.2492,0.008318653737234174
5000,subset_accuracy_drop,group_random,True,95,500.0,0.0,0.026324117183685304,0.0037870317876132517,0.2492,0.008318653737234174
5000,subset_accuracy_drop,group_random,True,96,500.0,0.0,0.026403164863586424,0.003815799083369188,0.2492,0.008318653737234174
5000,subset_accuracy_drop,group_random,True,97,500.0,0.0,0.026482212543487548,0.0038321413717949896,0.2492,0.008318653737234174
5000,subset_accuracy_drop,group_random,True,98,500.0,0.0,0.026482212543487548,0.0038321413717949896,0.2492,0.008318653737234174
5000,subset_accuracy_drop,group_random,True,99,500.0,0.0,0.026482212543487548,0.0038321413717949896,0.2492,0.008318653737234174
10000,endpoint,group_harmful,False,-1,1328.0,84.45116932286966,0.0,0.0,1.0,0.0
10000,endpoint,group_harmful,False,0,1328.0,84.45116932286966,0.0007905125617980957,0.0006249644790229121,1.0,0.0
10000,endpoint,group_harmful,False,1,1328.0,84.45116932286966,0.003241109848022461,0.002294550380157805,1.0,0.0
10000,endpoint,group_harmful,False,2,1328.0,84.45116932286966,0.00695652961730957,0.0014946949569761383,1.0,0.0
10000,endpoint,group_harmful,False,3,1328.0,84.45116932286966,0.010118567943572998,0.0029393011278230075,1.0,0.0
10000,endpoint,group_harmful,False,4,1328.0,84.45116932286966,0.013754951953887939,0.0038362493821601246,1.0,0.0
10000,endpoint,group_harmful,False,5,1328.0,84.45116932286966,0.015731227397918702,0.003616120303003085,1.0,0.0
10000,endpoint,group_harmful,False,6,1328.0,84.45116932286966,0.017628467082977294,0.0042349740792145575,1.0,0.0
10000,endpoint,group_harmful,False,7,1328.0,84.45116932286966,0.020158100128173827,0.0046851086721592106,1.0,0.0
10000,endpoint,group_harmful,False,8,1328.0,84.45116932286966,0.023003947734832764,0.0052911331744595275,1.0,0.0
10000,endpoint,group_harmful,False,9,1328.0,84.45116932286966,0.02482212781906128,0.005436761007899946,1.0,0.0
10000,endpoint,group_harmful,False,10,1328.0,84.45116932286966,0.02798417806625366,0.005133786598523649,1.0,0.0
10000,endpoint,group_harmful,False,11,1328.0,84.45116932286966,0.02972332239151001,0.005990459412442332,1.0,0.0
10000,endpoint,group_harmful,False,12,1328.0,84.45116932286966,0.031462454795837404,0.005697732332944107,1.0,0.0
10000,endpoint,group_harmful,False,13,1328.0,84.45116932286966,0.03296443223953247,0.006437967828406735,1.0,0.0
10000,endpoint,group_harmful,False,14,1328.0,84.45116932286966,0.03446640968322754,0.005924891485492914,1.0,0.0
10000,endpoint,group_harmful,False,15,1328.0,84.45116932286966,0.03557312488555908,0.005862605097330966,1.0,0.0
10000,endpoint,group_harmful,False,16,1328.0,84.45116932286966,0.03675888776779175,0.006590257428462974,1.0,0.0
10000,endpoint,group_harmful,False,17,1328.0,84.45116932286966,0.03810275793075561,0.006711223374576284,1.0,0.0
10000,endpoint,group_harmful,False,18,1328.0,84.45116932286966,0.038893282413482666,0.006751838984000119,1.0,0.0
10000,endpoint,group_harmful,False,19,1328.0,84.45116932286966,0.040158092975616455,0.007226826630486658,1.0,0.0
10000,endpoint,group_harmful,False,20,1328.0,84.45116932286966,0.041264820098876956,0.007758519035916012,1.0,0.0
10000,endpoint,group_harmful,False,21,1328.0,84.45116932286966,0.0422134518623352,0.008029658074316933,1.0,0.0
10000,endpoint,group_harmful,False,22,1328.0,84.45116932286966,0.042924892902374265,0.008103229832953586,1.0,0.0
10000,endpoint,group_harmful,False,23,1328.0,84.45116932286966,0.04363635778427124,0.00832670267686099,1.0,0.0
10000,endpoint,group_harmful,False,24,1328.0,84.45116932286966,0.04498023986816406,0.009178134780442417,1.0,0.0
10000,endpoint,group_harmful,False,25,1328.0,84.45116932286966,0.045849812030792234,0.009073706502829052,1.0,0.0
10000,endpoint,group_harmful,False,26,1328.0,84.45116932286966,0.046561264991760255,0.009671278854713448,1.0,0.0
10000,endpoint,group_harmful,False,27,1328.0,84.45116932286966,0.04774702787399292,0.009815577803889692,1.0,0.0
10000,endpoint,group_harmful,False,28,1328.0,84.45116932286966,0.04885375499725342,0.009305766558910418,1.0,0.0
10000,endpoint,group_harmful,False,29,1328.0,84.45116932286966,0.049486172199249265,0.0091311916873329,1.0,0.0
10000,endpoint,group_harmful,False,30,1328.0,84.45116932286966,0.05003952980041504,0.009119227703775731,1.0,0.0
10000,endpoint,group_harmful,False,31,1328.0,84.45116932286966,0.05098814964294433,0.009407627870834264,1.0,0.0
10000,endpoint,group_harmful,False,32,1328.0,84.45116932286966,0.051778662204742434,0.009661588954373707,1.0,0.0
10000,endpoint,group_harmful,False,33,1328.0,84.45116932286966,0.052964437007904056,0.010238599319653539,1.0,0.0
10000,endpoint,group_harmful,False,34,1328.0,84.45116932286966,0.05367590188980102,0.010391562001786944,1.0,0.0
10000,endpoint,group_harmful,False,35,1328.0,84.45116932286966,0.05430830717086792,0.010021152181795522,1.0,0.0
10000,endpoint,group_harmful,False,36,1328.0,84.45116932286966,0.05525691509246826,0.010078651833527496,1.0,0.0
10000,endpoint,group_harmful,False,37,1328.0,84.45116932286966,0.05596837997436523,0.010129689205677484,1.0,0.0
10000,endpoint,group_harmful,False,38,1328.0,84.45116932286966,0.056679832935333255,0.010297931570120128,1.0,0.0
10000,endpoint,group_harmful,False,39,1328.0,84.45116932286966,0.05739128589630127,0.009839431167381719,1.0,0.0
10000,endpoint,group_harmful,False,40,1328.0,84.45116932286966,0.05786559581756592,0.009505080927520535,1.0,0.0
10000,endpoint,group_harmful,False,41,1328.0,84.45116932286966,0.05841896533966064,0.00888843340824572,1.0,0.0
10000,endpoint,group_harmful,False,42,1328.0,84.45116932286966,0.0592094898223877,0.00887085954916945,1.0,0.0
10000,endpoint,group_harmful,False,43,1328.0,84.45116932286966,0.05984189510345459,0.008954977706454818,1.0,0.0
10000,endpoint,group_harmful,False,44,1328.0,84.45116932286966,0.06094861030578613,0.009727643755879806,1.0,0.0
10000,endpoint,group_harmful,False,45,1328.0,84.45116932286966,0.06142293214797974,0.0094680303370469,1.0,0.0
10000,endpoint,group_harmful,False,46,1328.0,84.45116932286966,0.06158102750778198,0.00949603926331501,1.0,0.0
10000,endpoint,group_harmful,False,47,1328.0,84.45116932286966,0.06245061159133911,0.009340955451659697,1.0,0.0
10000,endpoint,group_harmful,False,48,1328.0,84.45116932286966,0.06300395727157593,0.009688238636332776,1.0,0.0
10000,endpoint,group_harmful,False,49,1328.0,84.45116932286966,0.063083016872406,0.009558350093116242,1.0,0.0
10000,endpoint,group_harmful,False,50,1328.0,84.45116932286966,0.06339921951293945,0.009772512410587932,1.0,0.0
10000,endpoint,group_harmful,False,51,1328.0,84.45116932286966,0.06363637447357177,0.010057694472372942,1.0,0.0
10000,endpoint,group_harmful,False,52,1328.0,84.45116932286966,0.06379448175430298,0.010067805627319116,1.0,0.0
10000,endpoint,group_harmful,False,53,1328.0,84.45116932286966,0.06379446983337403,0.010001639616182133,1.0,0.0
10000,endpoint,group_harmful,False,54,1328.0,84.45116932286966,0.06411067247390748,0.009926384594080004,1.0,0.0
10000,endpoint,group_harmful,False,55,1328.0,84.45116932286966,0.0641897201538086,0.009942895859866794,1.0,0.0
10000,endpoint,group_harmful,False,56,1328.0,84.45116932286966,0.06482212543487549,0.009758132829442216,1.0,0.0
10000,endpoint,group_harmful,False,57,1328.0,84.45116932286966,0.06482213735580444,0.009762138365698052,1.0,0.0
10000,endpoint,group_harmful,False,58,1328.0,84.45116932286966,0.06498023271560668,0.009824351408934248,1.0,0.0
10000,endpoint,group_harmful,False,59,1328.0,84.45116932286966,0.06537548303604127,0.009954678331097724,1.0,0.0
10000,endpoint,group_harmful,False,60,1328.0,84.45116932286966,0.06561264991760254,0.009979754328770433,1.0,0.0
10000,endpoint,group_harmful,False,61,1328.0,84.45116932286966,0.06577075719833374,0.009962524900342877,1.0,0.0
10000,endpoint,group_harmful,False,62,1328.0,84.45116932286966,0.06600790023803711,0.010069365777745008,1.0,0.0
10000,endpoint,group_harmful,False,63,1328.0,84.45116932286966,0.06608695983886718,0.010028161909029986,1.0,0.0
10000,endpoint,group_harmful,False,64,1328.0,84.45116932286966,0.06608695983886718,0.010117339371640966,1.0,0.0
10000,endpoint,group_harmful,False,65,1328.0,84.45116932286966,0.06608695983886718,0.010117339371640966,1.0,0.0
10000,endpoint,group_harmful,False,66,1328.0,84.45116932286966,0.0661660075187683,0.010148944093207058,1.0,0.0
10000,endpoint,group_harmful,False,67,1328.0,84.45116932286966,0.06640316247940063,0.010520811929329766,1.0,0.0
10000,endpoint,group_harmful,False,68,1328.0,84.45116932286966,0.06640316247940063,0.010520811929329766,1.0,0.0
10000,endpoint,group_harmful,False,69,1328.0,84.45116932286966,0.06648221015930175,0.01038029518705099,1.0,0.0
10000,endpoint,group_harmful,False,70,1328.0,84.45116932286966,0.06648222208023072,0.010113474866470431,1.0,0.0
10000,endpoint,group_harmful,False,71,1328.0,84.45116932286966,0.06656126976013184,0.010145091394817807,1.0,0.0
10000,endpoint,group_harmful,False,72,1328.0,84.45116932286966,0.06664031744003296,0.010271344287051306,1.0,0.0
10000,endpoint,group_harmful,False,73,1328.0,84.45116932286966,0.06671937704086303,0.010399088216491728,1.0,0.0
10000,endpoint,group_harmful,False,74,1328.0,84.45116932286966,0.06671937704086303,0.010399088216491728,1.0,0.0
10000,endpoint,group_harmful,False,75,1328.0,84.45116932286966,0.06687747240066529,0.010285802179738651,1.0,0.0
10000,endpoint,group_harmful,False,76,1328.0,84.45116932286966,0.0669565200805664,0.010414849878578932,1.0,0.0
10000,endpoint,group_harmful,False,77,1328.0,84.45116932286966,0.06703556776046753,0.010545281165665159,1.0,0.0
10000,endpoint,group_harmful,False,78,1328.0,84.45116932286966,0.06719368696212769,0.010704833233228166,1.0,0.0
10000,endpoint,group_harmful,False,79,1328.0,84.45116932286966,0.06719367504119873,0.01043882604611906,1.0,0.0
10000,endpoint,group_harmful,False,80,1328.0,84.45116932286966,0.0672727346420288,0.010570459219978996,1.0,0.0
10000,endpoint,group_harmful,False,81,1328.0,84.45116932286966,0.0672727346420288,0.010570459219978996,1.0,0.0
10000,endpoint,group_harmful,False,82,1328.0,84.45116932286966,0.0672727346420288,0.010570459219978996,1.0,0.0
10000,endpoint,group_harmful,False,83,1328.0,84.45116932286966,0.0672727346420288,0.010570459219978996,1.0,0.0
10000,endpoint,group_harmful,False,84,1328.0,84.45116932286966,0.06735178232192993,0.010600713106547359,1.0,0.0
10000,endpoint,group_harmful,False,85,1328.0,84.45116932286966,0.06743084192276001,0.010467221054380894,1.0,0.0
10000,endpoint,group_harmful,False,86,1328.0,84.45116932286966,0.06743083000183106,0.010732524819470804,1.0,0.0
10000,endpoint,group_harmful,False,87,1328.0,84.45116932286966,0.06750988960266113,0.010599955827240876,1.0,0.0
10000,endpoint,group_harmful,False,88,1328.0,84.45116932286966,0.06743083000183106,0.010732524819470804,1.0,0.0
10000,endpoint,group_harmful,False,89,1328.0,84.45116932286966,0.06750987768173218,0.010865612959735232,1.0,0.0
10000,endpoint,group_harmful,False,90,1328.0,84.45116932286966,0.06766798496246337,0.010684362184712177,1.0,0.0
10000,endpoint,group_harmful,False,91,1328.0,84.45116932286966,0.06766798496246337,0.010684362184712177,1.0,0.0
10000,endpoint,group_harmful,False,92,1328.0,84.45116932286966,0.06774703264236451,0.010703353274404302,1.0,0.0
10000,endpoint,group_harmful,False,93,1328.0,84.45116932286966,0.06782608032226563,0.010732504734112094,1.0,0.0
10000,endpoint,group_harmful,False,94,1328.0,84.45116932286966,0.0679051399230957,0.010764485038702124,1.0,0.0
10000,endpoint,group_harmful,False,95,1328.0,84.45116932286966,0.06806324720382691,0.010669728988128109,1.0,0.0
10000,endpoint,group_harmful,False,96,1328.0,84.45116932286966,0.0682213544845581,0.010819487749742224,1.0,0.0
10000,endpoint,group_harmful,False,97,1328.0,84.45116932286966,0.06830040216445923,0.010840404047763062,1.0,0.0
10000,endpoint,group_harmful,False,98,1328.0,84.45116932286966,0.06830040216445923,0.010840404047763062,1.0,0.0
10000,endpoint,group_harmful,False,99,1328.0,84.45116932286966,0.06853755712509155,0.010790591041978098,1.0,0.0
10000,endpoint,group_harmful,True,-1,1328.0,84.45116932286966,0.0,0.0,1.0,0.0
10000,endpoint,group_harmful,True,0,1328.0,84.45116932286966,0.0007905125617980957,0.0006249644790229121,1.0,0.0
10000,endpoint,group_harmful,True,1,1328.0,84.45116932286966,0.003399217128753662,0.0021026648453935236,0.5001522070015221,0.00034034520205476716
10000,endpoint,group_harmful,True,2,1328.0,84.45116932286966,0.007351791858673096,0.001780856509966363,0.38716546117422473,0.009826509332678693
10000,endpoint,group_harmful,True,3,1328.0,84.45116932286966,0.010592877864837646,0.0031915807154590738,0.3444616841705841,0.010102632408338374
10000,endpoint,group_harmful,True,4,1328.0,84.45116932286966,0.014940714836120606,0.004484042838344615,0.3274978775477949,0.010667718838570848
10000,endpoint,group_harmful,True,5,1328.0,84.45116932286966,0.0169960618019104,0.004575431510846264,0.31813924274136846,0.009904698996627766
10000,endpoint,group_harmful,True,6,1328.0,84.45116932286966,0.019762849807739256,0.005265990607506898,0.3110861559668814,0.010561015083063287
10000,endpoint,group_harmful,True,7,1328.0,84.45116932286966,0.02237154245376587,0.005452537693043668,0.30598223974518685,0.010070515673834804
10000,endpoint,group_harmful,True,8,1328.0,84.45116932286966,0.02458498477935791,0.006144958752062101,0.3028145919094317,0.010639965617492541
10000,endpoint,group_harmful,True,9,1328.0,84.45116932286966,0.027193677425384522,0.006831211073482129,0.2992437717900911,0.01106163169262128
10000,endpoint,group_harmful,True,10,1328.0,84.45116932286966,0.029960489273071288,0.006412438498835848,0.2963584886132206,0.010981061457714563
10000,endpoint,group_harmful,True,11,1328.0,84.45116932286966,0.0322529673576355,0.007172569688362009,0.293198114760726,0.010908302527283482
10000,endpoint,group_harmful,True,12,1328.0,84.45116932286966,0.03454545736312866,0.0068380775586220095,0.2910690930053479,0.011001342187338625
10000,endpoint,group_harmful,True,13,1328.0,84.45116932286966,0.036284589767456056,0.007198685034434309,0.2884329427519836,0.010360820120396224
10000,endpoint,group_harmful,True,14,1328.0,84.45116932286966,0.037707507610321045,0.007768584733927676,0.28676075113094085,0.01000425544343753
10000,endpoint,group_harmful,True,15,1328.0,84.45116932286966,0.03913043737411499,0.007592642437745643,0.28450840001722566,0.010752424901012478
10000,endpoint,group_harmful,True,16,1328.0,84.45116932286966,0.040316200256347655,0.007988696545338535,0.28242657731192,0.010896495042987018
10000,endpoint,group_harmful,True,17,1328.0,84.45116932286966,0.04118577241897583,0.008288146534998432,0.28067329400321916,0.010814418127024873
10000,endpoint,group_harmful,True,18,1328.0,84.45116932286966,0.04221343994140625,0.008330449413838767,0.27916288072253526,0.010611555890414962
10000,endpoint,group_harmful,True,19,1328.0,84.45116932286966,0.0439525842666626,0.009300711698461053,0.2773648987609045,0.010137492678995757
10000,endpoint,group_harmful,True,20,1328.0,84.45116932286966,0.045375490188598634,0.00950013559127872,0.27589588054361985,0.00993729104685141
10000,endpoint,group_harmful,True,21,1328.0,84.45116932286966,0.046561253070831296,0.010074793183627957,0.27514235607373577,0.009056798383126926
10000,endpoint,group_harmful,True,22,1328.0,84.45116932286966,0.04727271795272827,0.010567486426658335,0.2739448763978839,0.00966672023659549
10000,endpoint,group_harmful,True,23,1328.0,84.45116932286966,0.04845849275588989,0.01025613767286273,0.2727324396560603,0.008943493171310962
10000,endpoint,group_harmful,True,24,1328.0,84.45116932286966,0.04948616027832031,0.00988300041231701,0.27199302964486816,0.009580937646681713
10000,endpoint,group_harmful,True,25,1328.0,84.45116932286966,0.05043478012084961,0.009812405003080938,0.27092404983651597,0.009521424854071127
10000,endpoint,group_harmful,True,26,1328.0,84.45116932286966,0.05098813772201538,0.009461420203015039,0.27046618930162536,0.009246818840491335
10000,endpoint,group_harmful,True,27,1328.0,84.45116932286966,0.05241107940673828,0.00921295967036633,0.26936788616585317,0.00965306294318003
10000,endpoint,group_harmful,True,28,1328.0,84.45116932286966,0.05359684228897095,0.00968822623453152,0.2668180041975125,0.010220305933455666
10000,endpoint,group_harmful,True,29,1328.0,84.45116932286966,0.054861676692962644,0.00931750012570609,0.2663832173191337,0.010212473613274648
10000,endpoint,group_harmful,True,30,1328.0,84.45116932286966,0.05525691509246826,0.009300718157733902,0.26504850295602206,0.009557816218533376
10000,endpoint,group_harmful,True,31,1328.0,84.45116932286966,0.055889320373535153,0.00913632344861024,0.26443759281232965,0.00940626187257453
10000,endpoint,group_harmful,True,32,1328.0,84.45116932286966,0.05660078525543213,0.00941756657143165,0.2632405313960161,0.009410917833258365
10000,endpoint,group_harmful,True,33,1328.0,84.45116932286966,0.05754940509796143,0.010032835470571119,0.2623491235130711,0.009861688061297558
10000,endpoint,group_harmful,True,34,1328.0,84.45116932286966,0.05849802494049072,0.00958039677092052,0.2608769500846397,0.011189175965142647
10000,endpoint,group_harmful,True,35,1328.0,84.45116932286966,0.05905139446258545,0.00956652629670628,0.26009635413981746,0.011224635771607554
10000,endpoint,group_harmful,True,36,1328.0,84.45116932286966,0.059762847423553464,0.009743692736707468,0.259060228456583,0.011819223640514475
10000,endpoint,group_harmful,True,37,1328.0,84.45116932286966,0.060553359985351565,0.00961863561244445,0.25845659838435403,0.012012467164133782
10000,endpoint,group_harmful,True,38,1328.0,84.45116932286966,0.06110672950744629,0.009221431517363946,0.25772530496370216,0.011573892360187507
10000,endpoint,group_harmful,True,39,1328.0,84.45116932286966,0.062134397029876706,0.008914759565075715,0.25681831262547794,0.011740092521664042
10000,endpoint,group_harmful,True,40,1328.0,84.45116932286966,0.06316206455230713,0.008634352840919934,0.2560473093559862,0.011045867374795425
10000,endpoint,group_harmful,True,41,1328.0,84.45116932286966,0.06395257711410522,0.00867946152316071,0.25499288360235794,0.01017460344523959
10000,endpoint,group_harmful,True,42,1328.0,84.45116932286966,0.06466403007507324,0.008387466846971989,0.2542372556583761,0.010156520452064343
10000,endpoint,group_harmful,True,43,1328.0,84.45116932286966,0.06521738767623901,0.008664148721926631,0.25316932758707283,0.009776353283287931
10000,endpoint,group_harmful,True,44,1328.0,84.45116932286966,0.06600788831710816,0.008527846514588868,0.2525877194343068,0.010642575071934928
10000,endpoint,group_harmful,True,45,1328.0,84.45116932286966,0.06648221015930175,0.008259820877583876,0.2518564260136549,0.010189051007267535
10000,endpoint,group_harmful,True,46,1328.0,84.45116932286966,0.06711462736129761,0.008557085768381486,0.2507797478743008,0.010496346505054845
10000,endpoint,group_harmful,True,47,1328.0,84.45116932286966,0.06766799688339234,0.009019310687561788,0.25016968033788817,0.010375199220616119
10000,endpoint,group_harmful,True,48,1328.0,84.45116932286966,0.06814229488372803,0.00934344397137074,0.2495673111324773,0.009894345823108502
10000,endpoint,group_harmful,True,49,1328.0,84.45116932286966,0.06853753328323364,0.009297351667526575,0.24852910331163872,0.009796412955062598
10000,endpoint,group_harmful,True,50,1328.0,84.45116932286966,0.06877470016479492,0.009734066208865036,0.24852910331163872,0.009796412955062598
10000,endpoint,group_harmful,True,51,1328.0,84.45116932286966,0.06940710544586182,0.009986005792426157,0.24852910331163872,0.009796412955062598
10000,endpoint,group_harmful,True,52,1328.0,84.45116932286966,0.06964426040649414,0.009731662567589327,0.24852910331163872,0.009796412955062598
10000,endpoint,group_harmful,True,53,1328.0,84.45116932286966,0.07019761800765992,0.009472160292042313,0.24852910331163872,0.009796412955062598
10000,endpoint,group_harmful,True,54,1328.0,84.45116932286966,0.07043477296829223,0.00947133616143082,0.24852910331163872,0.009796412955062598
10000,endpoint,group_harmful,True,55,1328.0,84.45116932286966,0.07067193984985351,0.009467209952901281,0.24852910331163872,0.009796412955062598
10000,endpoint,group_harmful,True,56,1328.0,84.45116932286966,0.07067193984985351,0.009467209952901281,0.24852910331163872,0.009796412955062598
10000,endpoint,group_harmful,True,57,1328.0,84.45116932286966,0.07075098752975464,0.00946556001118968,0.24852910331163872,0.009796412955062598
10000,endpoint,group_harmful,True,58,1328.0,84.45116932286966,0.07090909481048584,0.009480381753738167,0.24852910331163872,0.009796412955062598
10000,endpoint,group_harmful,True,59,1328.0,84.45116932286966,0.07106720209121704,0.00963891792216879,0.24852910331163872,0.009796412955062598
10000,endpoint,group_harmful,True,60,1328.0,84.45116932286966,0.07146245241165161,0.009783698626691173,0.24852910331163872,0.009796412955062598
10000,endpoint,group_harmful,True,61,1328.0,84.45116932286966,0.07162055969238282,0.009783698867498063,0.24852910331163872,0.009796412955062598
10000,endpoint,group_harmful,True,62,1328.0,84.45116932286966,0.07162055969238282,0.009783698867498063,0.24852910331163872,0.009796412955062598
10000,endpoint,group_harmful,True,63,1328.0,84.45116932286966,0.07162055969238282,0.009783698867498063,0.24852910331163872,0.009796412955062598
10000,endpoint,group_harmful,True,64,1328.0,84.45116932286966,0.07162055969238282,0.009831484679367316,0.24852910331163872,0.009796412955062598
10000,endpoint,group_harmful,True,65,1328.0,84.45116932286966,0.07162055969238282,0.009831484679367316,0.24852910331163872,0.009796412955062598
10000,endpoint,group_harmful,True,66,1328.0,84.45116932286966,0.07185771465301513,0.009843398475425449,0.24852910331163872,0.009796412955062598
10000,endpoint,group_harmful,True,67,1328.0,84.45116932286966,0.07185771465301513,0.009961716150585807,0.24852910331163872,0.009796412955062598
10000,endpoint,group_harmful,True,68,1328.0,84.45116932286966,0.0720948576927185,0.009720425921169007,0.24852910331163872,0.009796412955062598
10000,endpoint,group_harmful,True,69,1328.0,84.45116932286966,0.07201581001281739,0.009699510142214776,0.24852910331163872,0.009796412955062598
10000,endpoint,group_harmful,True,70,1328.0,84.45116932286966,0.0720948576927185,0.009668052241425824,0.24852910331163872,0.009796412955062598
10000,endpoint,group_harmful,True,71,1328.0,84.45116932286966,0.07217391729354858,0.009537888800514661,0.24852910331163872,0.009796412955062598
10000,endpoint,group_harmful,True,72,1328.0,84.45116932286966,0.07233201265335083,0.009428339998690766,0.24852910331163872,0.009796412955062598
10000,endpoint,group_harmful,True,73,1328.0,84.45116932286966,0.0724110722541809,0.009396800862269065,0.24852910331163872,0.009796412955062598
10000,endpoint,group_harmful,True,74,1328.0,84.45116932286966,0.07256917953491211,0.009393475703938482,0.24852910331163872,0.009796412955062598
10000,endpoint,group_harmful,True,75,1328.0,84.45116932286966,0.07256917953491211,0.0093476288451111,0.24852910331163872,0.009796412955062598
10000,endpoint,group_harmful,True,76,1328.0,84.45116932286966,0.07256917953491211,0.0093476288451111,0.24852910331163872,0.009796412955062598
10000,endpoint,group_harmful,True,77,1328.0,84.45116932286966,0.07272727489471435,0.009189189691596048,0.24852910331163872,0.009796412955062598
10000,endpoint,group_harmful,True,78,1328.0,84.45116932286966,0.07296444177627563,0.00921719982611152,0.24852910331163872,0.009796412955062598
10000,endpoint,group_harmful,True,79,1328.0,84.45116932286966,0.07304348945617675,0.009233287311177124,0.24852910331163872,0.009796412955062598
10000,endpoint,group_harmful,True,80,1328.0,84.45116932286966,0.07304348945617675,0.009216352641193519,0.24852910331163872,0.009796412955062598
10000,endpoint,group_harmful,True,81,1328.0,84.45116932286966,0.073201584815979,0.009363493877182827,0.24852910331163872,0.009796412955062598
10000,endpoint,group_harmful,True,82,1328.0,84.45116932286966,0.0733596920967102,0.009513286692661183,0.24852910331163872,0.009796412955062598
10000,endpoint,group_harmful,True,83,1328.0,84.45116932286966,0.0733596920967102,0.009513286692661183,0.24852910331163872,0.009796412955062598
10000,endpoint,group_harmful,True,84,1328.0,84.45116932286966,0.0733596920967102,0.009513286692661183,0.24852910331163872,0.009796412955062598
10000,endpoint,group_harmful,True,85,1328.0,84.45116932286966,0.0733596920967102,0.009513286692661183,0.24852910331163872,0.009796412955062598
10000,endpoint,group_harmful,True,86,1328.0,84.45116932286966,0.0733596920967102,0.009513286692661183,0.24852910331163872,0.009796412955062598
10000,endpoint,group_harmful,True,87,1328.0,84.45116932286966,0.07328064441680908,0.009505072128579243,0.24852910331163872,0.009796412955062598
10000,endpoint,group_harmful,True,88,1328.0,84.45116932286966,0.0733596920967102,0.009513286692661183,0.24852910331163872,0.009796412955062598
10000,endpoint,group_harmful,True,89,1328.0,84.45116932286966,0.07343873977661133,0.009524774883482138,0.24852910331163872,0.009796412955062598
10000,endpoint,group_harmful,True,90,1328.0,84.45116932286966,0.07343875169754029,0.009659160935969913,0.24852910331163872,0.009796412955062598
10000,endpoint,group_harmful,True,91,1328.0,84.45116932286966,0.07343875169754029,0.009659160935969913,0.24852910331163872,0.009796412955062598
10000,endpoint,group_harmful,True,92,1328.0,84.45116932286966,0.07343875169754029,0.009659160935969913,0.24852910331163872,0.009796412955062598
10000,endpoint,group_harmful,True,93,1328.0,84.45116932286966,0.0735177993774414,0.009629193377321833,0.24852910331163872,0.009796412955062598
10000,endpoint,group_harmful,True,94,1328.0,84.45116932286966,0.0735177993774414,0.009629193377321833,0.24852910331163872,0.009796412955062598
10000,endpoint,group_harmful,True,95,1328.0,84.45116932286966,0.07359684705734253,0.00963892281055375,0.24852910331163872,0.009796412955062598
10000,endpoint,group_harmful,True,96,1328.0,84.45116932286966,0.07359684705734253,0.00963892281055375,0.24852910331163872,0.009796412955062598
10000,endpoint,group_harmful,True,97,1328.0,84.45116932286966,0.07359684705734253,0.00963892281055375,0.24852910331163872,0.009796412955062598
10000,endpoint,group_harmful,True,98,1328.0,84.45116932286966,0.0735177993774414,0.009629193377321833,0.24852910331163872,0.009796412955062598
10000,endpoint,group_harmful,True,99,1328.0,84.45116932286966,0.07359684705734253,0.00963892281055375,0.24852910331163872,0.009796412955062598
10000,endpoint,group_nonharmful,False,-1,1328.0,84.45116932286966,0.0,0.0,1.0,0.0
10000,endpoint,group_nonharmful,False,0,1328.0,84.45116932286966,0.00015810728073120117,0.00035353862745260845,1.0,0.0
10000,endpoint,group_nonharmful,False,1,1328.0,84.45116932286966,0.0004743218421936035,0.0007070772549052169,1.0,0.0
10000,endpoint,group_nonharmful,False,2,1328.0,84.45116932286966,0.0005533576011657714,0.000599440152607005,1.0,0.0
10000,endpoint,group_nonharmful,False,3,1328.0,84.45116932286966,0.0007114529609680176,0.0005153552540466543,1.0,0.0
10000,endpoint,group_nonharmful,False,4,1328.0,84.45116932286966,0.001027679443359375,0.0007705149888187883,1.0,0.0
10000,endpoint,group_nonharmful,False,5,1328.0,84.45116932286966,0.001027679443359375,0.0007180272222915899,1.0,0.0
10000,endpoint,group_nonharmful,False,6,1328.0,84.45116932286966,0.001106727123260498,0.0010231183132798911,1.0,0.0
10000,endpoint,group_nonharmful,False,7,1328.0,84.45116932286966,0.0013438701629638673,0.0010307242221918845,1.0,0.0
10000,endpoint,group_nonharmful,False,8,1328.0,84.45116932286966,0.0015810370445251466,0.0010077226035596256,1.0,0.0
10000,endpoint,group_nonharmful,False,9,1328.0,84.45116932286966,0.0015810370445251466,0.0011523693803016963,1.0,0.0
10000,endpoint,group_nonharmful,False,10,1328.0,84.45116932286966,0.0017391443252563477,0.001328678165983625,1.0,0.0
10000,endpoint,group_nonharmful,False,11,1328.0,84.45116932286966,0.0018181920051574707,0.0012989503089519661,1.0,0.0
10000,endpoint,group_nonharmful,False,12,1328.0,84.45116932286966,0.0018181920051574707,0.0012989503089519661,1.0,0.0
10000,endpoint,group_nonharmful,False,13,1328.0,84.45116932286966,0.002292478084564209,0.0009013449528006585,1.0,0.0
10000,endpoint,group_nonharmful,False,14,1328.0,84.45116932286966,0.002450597286224365,0.0008100485818590891,1.0,0.0
10000,endpoint,group_nonharmful,False,15,1328.0,84.45116932286966,0.0026086926460266112,0.0008196340916630405,1.0,0.0
10000,endpoint,group_nonharmful,False,16,1328.0,84.45116932286966,0.0026086926460266112,0.0008196340916630405,1.0,0.0
10000,endpoint,group_nonharmful,False,17,1328.0,84.45116932286966,0.0026877403259277345,0.000856911419118688,1.0,0.0
10000,endpoint,group_nonharmful,False,18,1328.0,84.45116932286966,0.002924907207489014,0.0010679536662934418,1.0,0.0
10000,endpoint,group_nonharmful,False,19,1328.0,84.45116932286966,0.0030039548873901367,0.0013287180615415958,1.0,0.0
10000,endpoint,group_nonharmful,False,20,1328.0,84.45116932286966,0.003241109848022461,0.0012929560627380028,1.0,0.0
10000,endpoint,group_nonharmful,False,21,1328.0,84.45116932286966,0.0035573124885559084,0.0010077342929515102,1.0,0.0
10000,endpoint,group_nonharmful,False,22,1328.0,84.45116932286966,0.0035573124885559084,0.0010077342929515102,1.0,0.0
10000,endpoint,group_nonharmful,False,23,1328.0,84.45116932286966,0.0037154197692871095,0.0008196484636946857,1.0,0.0
10000,endpoint,group_nonharmful,False,24,1328.0,84.45116932286966,0.0038735270500183105,0.0006494810497453341,1.0,0.0
10000,endpoint,group_nonharmful,False,25,1328.0,84.45116932286966,0.004110682010650635,0.0008196283427798195,1.0,0.0
10000,endpoint,group_nonharmful,False,26,1328.0,84.45116932286966,0.004189729690551758,0.0007705058159788492,1.0,0.0
10000,endpoint,group_nonharmful,False,27,1328.0,84.45116932286966,0.004268777370452881,0.0007603058204605416,1.0,0.0
10000,endpoint,group_nonharmful,False,28,1328.0,84.45116932286966,0.0043478250503540036,0.0007905289531526511,1.0,0.0
10000,endpoint,group_nonharmful,False,29,1328.0,84.45116932286966,0.004426884651184082,0.0009013501800948302,1.0,0.0
10000,endpoint,group_nonharmful,False,30,1328.0,84.45116932286966,0.004664027690887451,0.0009436849046070958,1.0,0.0
10000,endpoint,group_nonharmful,False,31,1328.0,84.45116932286966,0.004664027690887451,0.0010606003332411065,1.0,0.0
10000,endpoint,group_nonharmful,False,32,1328.0,84.45116932286966,0.004980242252349854,0.0011387431970919125,1.0,0.0
10000,endpoint,group_nonharmful,False,33,1328.0,84.45116932286966,0.005217397212982177,0.0012310385945594397,1.0,0.0
10000,endpoint,group_nonharmful,False,34,1328.0,84.45116932286966,0.005296444892883301,0.001237366156291183,1.0,0.0
10000,endpoint,group_nonharmful,False,35,1328.0,84.45116932286966,0.005375492572784424,0.00117253890232453,1.0,0.0
10000,endpoint,group_nonharmful,False,36,1328.0,84.45116932286966,0.005770754814147949,0.001172532874258409,1.0,0.0
10000,endpoint,group_nonharmful,False,37,1328.0,84.45116932286966,0.0060079097747802734,0.0012310261549052478,1.0,0.0
10000,endpoint,group_nonharmful,False,38,1328.0,84.45116932286966,0.005849802494049072,0.001231028068739682,1.0,0.0
10000,endpoint,group_nonharmful,False,39,1328.0,84.45116932286966,0.005928850173950196,0.0012499195315567157,1.0,0.0
10000,endpoint,group_nonharmful,False,40,1328.0,84.45116932286966,0.006086945533752441,0.0014141095280872872,1.0,0.0
10000,endpoint,group_nonharmful,False,41,1328.0,84.45116932286966,0.006245064735412598,0.0014085761515437699,1.0,0.0
10000,endpoint,group_nonharmful,False,42,1328.0,84.45116932286966,0.006403148174285889,0.0011988871834486669,1.0,0.0
10000,endpoint,group_nonharmful,False,43,1328.0,84.45116932286966,0.006403148174285889,0.0011988871834486669,1.0,0.0
10000,endpoint,group_nonharmful,False,44,1328.0,84.45116932286966,0.0064822077751159664,0.0014414872485908575,1.0,0.0
10000,endpoint,group_nonharmful,False,45,1328.0,84.45116932286966,0.006640315055847168,0.0012310309398465002,1.0,0.0
10000,endpoint,group_nonharmful,False,46,1328.0,84.45116932286966,0.006877470016479492,0.0009519170382951429,1.0,0.0
10000,endpoint,group_nonharmful,False,47,1328.0,84.45116932286966,0.006877470016479492,0.0009519170382951429,1.0,0.0
10000,endpoint,group_nonharmful,False,48,1328.0,84.45116932286966,0.0072727203369140625,0.0012685269005013838,1.0,0.0
10000,endpoint,group_nonharmful,False,49,1328.0,84.45116932286966,0.00735177993774414,0.0012989702598680002,1.0,0.0
10000,endpoint,group_nonharmful,False,50,1328.0,84.45116932286966,0.007351768016815185,0.001468306460341264,1.0,0.0
10000,endpoint,group_nonharmful,False,51,1328.0,84.45116932286966,0.007747042179107666,0.0018454741147732963,1.0,0.0
10000,endpoint,group_nonharmful,False,52,1328.0,84.45116932286966,0.007747030258178711,0.0020076559622209346,1.0,0.0
10000,endpoint,group_nonharmful,False,53,1328.0,84.45116932286966,0.007826077938079833,0.001964392005667639,1.0,0.0
10000,endpoint,group_nonharmful,False,54,1328.0,84.45116932286966,0.007905137538909913,0.001936353020012125,1.0,0.0
10000,endpoint,group_nonharmful,False,55,1328.0,84.45116932286966,0.007905137538909913,0.001936353020012125,1.0,0.0
10000,endpoint,group_nonharmful,False,56,1328.0,84.45116932286966,0.008063232898712159,0.0016675995194473624,1.0,0.0
10000,endpoint,group_nonharmful,False,57,1328.0,84.45116932286966,0.008142292499542236,0.001802671608053557,1.0,0.0
10000,endpoint,group_nonharmful,False,58,1328.0,84.45116932286966,0.007905125617980957,0.0015810467303457544,1.0,0.0
10000,endpoint,group_nonharmful,False,59,1328.0,84.45116932286966,0.00798417329788208,0.0017092420779923358,1.0,0.0
10000,endpoint,group_nonharmful,False,60,1328.0,84.45116932286966,0.008142292499542236,0.001802671608053557,1.0,0.0
10000,endpoint,group_nonharmful,False,61,1328.0,84.45116932286966,0.008142292499542236,0.0016440109604794926,1.0,0.0
10000,endpoint,group_nonharmful,False,62,1328.0,84.45116932286966,0.00837944746017456,0.0017764830929134284,1.0,0.0
10000,endpoint,group_nonharmful,False,63,1328.0,84.45116932286966,0.008458495140075684,0.0019079260901922284,1.0,0.0
10000,endpoint,group_nonharmful,False,64,1328.0,84.45116932286966,0.00837944746017456,0.0016862403439700917,1.0,0.0
10000,endpoint,group_nonharmful,False,65,1328.0,84.45116932286966,0.00837944746017456,0.0016862403439700917,1.0,0.0
10000,endpoint,group_nonharmful,False,66,1328.0,84.45116932286966,0.008458495140075684,0.0017364599214478161,1.0,0.0
10000,endpoint,group_nonharmful,False,67,1328.0,84.45116932286966,0.00837944746017456,0.0017764830929134284,1.0,0.0
10000,endpoint,group_nonharmful,False,68,1328.0,84.45116932286966,0.008537542819976807,0.001713820088328805,1.0,0.0
10000,endpoint,group_nonharmful,False,69,1328.0,84.45116932286966,0.008458495140075684,0.0017364599214478161,1.0,0.0
10000,endpoint,group_nonharmful,False,70,1328.0,84.45116932286966,0.008695638179779053,0.001976299285942602,1.0,0.0
10000,endpoint,group_nonharmful,False,71,1328.0,84.45116932286966,0.008537542819976807,0.001713820088328805,1.0,0.0
10000,endpoint,group_nonharmful,False,72,1328.0,84.45116932286966,0.008853757381439209,0.0017588070137258998,1.0,0.0
10000,endpoint,group_nonharmful,False,73,1328.0,84.45116932286966,0.008932805061340332,0.0018665366727405124,1.0,0.0
10000,endpoint,group_nonharmful,False,74,1328.0,84.45116932286966,0.00877469778060913,0.0017543578164113118,1.0,0.0
10000,endpoint,group_nonharmful,False,75,1328.0,84.45116932286966,0.008695650100708007,0.0018327511169392854,1.0,0.0
10000,endpoint,group_nonharmful,False,76,1328.0,84.45116932286966,0.00877469778060913,0.001841255465962122,1.0,0.0
10000,endpoint,group_nonharmful,False,77,1328.0,84.45116932286966,0.008932793140411377,0.0019881192553230335,1.0,0.0
10000,endpoint,group_nonharmful,False,78,1328.0,84.45116932286966,0.008695650100708007,0.0018327511169392854,1.0,0.0
10000,endpoint,group_nonharmful,False,79,1328.0,84.45116932286966,0.008853745460510255,0.0018665347792650659,1.0,0.0
10000,endpoint,group_nonharmful,False,80,1328.0,84.45116932286966,0.008695650100708007,0.0017229102174775078,1.0,0.0
10000,endpoint,group_nonharmful,False,81,1328.0,84.45116932286966,0.009011852741241454,0.0020231753501129598,1.0,0.0
10000,endpoint,group_nonharmful,False,82,1328.0,84.45116932286966,0.008853757381439209,0.001928290122724085,1.0,0.0
10000,endpoint,group_nonharmful,False,83,1328.0,84.45116932286966,0.00877469778060913,0.0018831980998766835,1.0,0.0
10000,endpoint,group_nonharmful,False,84,1328.0,84.45116932286966,0.008932805061340332,0.0020462078420265505,1.0,0.0
10000,endpoint,group_nonharmful,False,85,1328.0,84.45116932286966,0.008853745460510255,0.0018665347792650659,1.0,0.0
10000,endpoint,group_nonharmful,False,86,1328.0,84.45116932286966,0.009011852741241454,0.0020231753501129598,1.0,0.0
10000,endpoint,group_nonharmful,False,87,1328.0,84.45116932286966,0.009011852741241454,0.0020231753501129598,1.0,0.0
10000,endpoint,group_nonharmful,False,88,1328.0,84.45116932286966,0.008932793140411377,0.0019881192553230335,1.0,0.0
10000,endpoint,group_nonharmful,False,89,1328.0,84.45116932286966,0.008853757381439209,0.001928290122724085,1.0,0.0
10000,endpoint,group_nonharmful,False,90,1328.0,84.45116932286966,0.008853757381439209,0.001928290122724085,1.0,0.0
10000,endpoint,group_nonharmful,False,91,1328.0,84.45116932286966,0.00877469778060913,0.0018831980998766835,1.0,0.0
10000,endpoint,group_nonharmful,False,92,1328.0,84.45116932286966,0.008932805061340332,0.0020462078420265505,1.0,0.0
10000,endpoint,group_nonharmful,False,93,1328.0,84.45116932286966,0.008853757381439209,0.001928290122724085,1.0,0.0
10000,endpoint,group_nonharmful,False,94,1328.0,84.45116932286966,0.00877469778060913,0.0018831980998766835,1.0,0.0
10000,endpoint,group_nonharmful,False,95,1328.0,84.45116932286966,0.009011852741241454,0.0020231753501129598,1.0,0.0
10000,endpoint,group_nonharmful,False,96,1328.0,84.45116932286966,0.008853745460510255,0.0018665347792650659,1.0,0.0
10000,endpoint,group_nonharmful,False,97,1328.0,84.45116932286966,0.008932805061340332,0.0019079297946133624,1.0,0.0
10000,endpoint,group_nonharmful,False,98,1328.0,84.45116932286966,0.008932805061340332,0.0019079297946133624,1.0,0.0
10000,endpoint,group_nonharmful,False,99,1328.0,84.45116932286966,0.008932793140411377,0.0019881192553230335,1.0,0.0
10000,endpoint,group_nonharmful,True,-1,1328.0,84.45116932286966,0.0,0.0,1.0,0.0
10000,endpoint,group_nonharmful,True,0,1328.0,84.45116932286966,0.00015810728073120117,0.00035353862745260845,1.0,0.0
10000,endpoint,group_nonharmful,True,1,1328.0,84.45116932286966,0.0005533695220947266,0.0007705134596354785,0.5,0.0
10000,endpoint,group_nonharmful,True,2,1328.0,84.45116932286966,0.001185762882232666,0.0011523847131685698,0.3728034174644748,0.009381021531256861
10000,endpoint,group_nonharmful,True,3,1328.0,84.45116932286966,0.0019762873649597167,0.0012182694119622628,0.3201237055733357,0.010696434739578686
10000,endpoint,group_nonharmful,True,4,1328.0,84.45116932286966,0.0026087045669555666,0.001824173543056974,0.29405274908638485,0.012378540978332573
10000,endpoint,group_nonharmful,True,5,1328.0,84.45116932286966,0.0035573124885559084,0.0020154276721483515,0.28079769475718763,0.013589461227413047
10000,endpoint,group_nonharmful,True,6,1328.0,84.45116932286966,0.004980242252349854,0.0024139706435130663,0.2734294499500833,0.012635201039089975
10000,endpoint,group_nonharmful,True,7,1328.0,84.45116932286966,0.0060078978538513185,0.0018831799600284983,0.27029465015124304,0.013472642536361462
10000,endpoint,group_nonharmful,True,8,1328.0,84.45116932286966,0.007114613056182861,0.0023879602661140784,0.2682860330093181,0.01378539093024476
10000,endpoint,group_nonharmful,True,9,1328.0,84.45116932286966,0.008379459381103516,0.0027154901954250313,0.26601060823909106,0.013827719965189635
10000,endpoint,group_nonharmful,True,10,1328.0,84.45116932286966,0.009802377223968506,0.0028419952131500583,0.26509383543226095,0.013641522470961375
10000,endpoint,group_nonharmful,True,11,1328.0,84.45116932286966,0.01090909242630005,0.003266554499891116,0.2640668841648185,0.012954774618927627
10000,endpoint,group_nonharmful,True,12,1328.0,84.45116932286966,0.011778652667999268,0.003191545652377586,0.26210336259886835,0.01251428182403297
10000,endpoint,group_nonharmful,True,13,1328.0,84.45116932286966,0.01335967779159546,0.0029762489710446014,0.2604773182908492,0.012309652196672051
10000,endpoint,group_nonharmful,True,14,1328.0,84.45116932286966,0.014308297634124756,0.0031422177128126996,0.26018039348903765,0.012131118162653923
10000,endpoint,group_nonharmful,True,15,1328.0,84.45116932286966,0.015335965156555175,0.0027010675981341916,0.25959424221641647,0.011956971545075096
10000,endpoint,group_nonharmful,True,16,1328.0,84.45116932286966,0.015889322757720946,0.0033816780120019888,0.2586766268023067,0.011884837346791738
10000,endpoint,group_nonharmful,True,17,1328.0,84.45116932286966,0.016521751880645752,0.00347285370124048,0.2580906846594547,0.01215830642642419
10000,endpoint,group_nonharmful,True,18,1328.0,84.45116932286966,0.017391300201416014,0.0041075985271625025,0.25717370272285534,0.011590382808274891
10000,endpoint,group_nonharmful,True,19,1328.0,84.45116932286966,0.018577063083648683,0.004040501717288796,0.2559612446445381,0.011337609578153104
10000,endpoint,group_nonharmful,True,20,1328.0,84.45116932286966,0.019604742527008057,0.004353208642260931,0.25460923927509416,0.01126568329202793
10000,endpoint,group_nonharmful,True,21,1328.0,84.45116932286966,0.020711469650268554,0.004353184829912775,0.2546179680066512,0.011161871455567731
10000,endpoint,group_nonharmful,True,22,1328.0,84.45116932286966,0.021501982212066652,0.0042072112457144555,0.2541607409492711,0.010740483816445007
10000,endpoint,group_nonharmful,True,23,1328.0,84.45116932286966,0.022450590133666994,0.0041209270983944635,0.2535801845335539,0.009969734282711173
10000,endpoint,group_nonharmful,True,24,1328.0,84.45116932286966,0.023399209976196288,0.0037642871152143128,0.25299319065365306,0.009890822678091517
10000,endpoint,group_nonharmful,True,25,1328.0,84.45116932286966,0.02411067485809326,0.004320785210616712,0.25212361689689544,0.009551695484320931
10000,endpoint,group_nonharmful,True,26,1328.0,84.45116932286966,0.025217390060424803,0.004932001354023326,0.25163309003016254,0.009460614753549267
10000,endpoint,group_nonharmful,True,27,1328.0,84.45116932286966,0.026007914543151857,0.005087907650359846,0.2513447061666326,0.009401319054995642
10000,endpoint,group_nonharmful,True,28,1328.0,84.45116932286966,0.026719379425048827,0.005203286326605813,0.2506121518791626,0.00915472773716769
10000,endpoint,group_nonharmful,True,29,1328.0,84.45116932286966,0.027193677425384522,0.005041659115871197,0.24985673306495,0.009595001272130591
10000,endpoint,group_nonharmful,True,30,1328.0,84.45116932286966,0.027588939666748045,0.005216781471489106,0.2495600173929077,0.009908678201323726
10000,endpoint,group_nonharmful,True,31,1328.0,84.45116932286966,0.028142285346984864,0.005422372967055879,0.2491986238711851,0.009985614014594954
10000,endpoint,group_nonharmful,True,32,1328.0,84.45116932286966,0.028853750228881835,0.00522126127278036,0.24844509940130105,0.010752170221256817
10000,endpoint,group_nonharmful,True,33,1328.0,84.45116932286966,0.029486167430877685,0.004925648963451607,0.2480248452411525,0.010236079455382149
10000,endpoint,group_nonharmful,True,34,1328.0,84.45116932286966,0.029644274711608888,0.00466836600454128,0.2472517384975629,0.009903947059891127
10000,endpoint,group_nonharmful,True,35,1328.0,84.45116932286966,0.030355727672576903,0.00538623012524567,0.24666558722494175,0.009750525031781303
10000,endpoint,group_nonharmful,True,36,1328.0,84.45116932286966,0.031067192554473877,0.005833217925835889,0.24587918729344627,0.009949366356095153
10000,endpoint,group_nonharmful,True,37,1328.0,84.45116932286966,0.031620562076568604,0.005862608111249973,0.2452919842837762,0.00945759880827263
10000,endpoint,group_nonharmful,True,38,1328.0,84.45116932286966,0.032490122318267825,0.005634311294420436,0.24529863087772913,0.00917445531961261
10000,endpoint,group_nonharmful,True,39,1328.0,84.45116932286966,0.03343873023986817,0.005097116892477816,0.24456027260358587,0.00916810386287837
10000,endpoint,group_nonharmful,True,40,1328.0,84.45116932286966,0.033913028240203855,0.005436754507915115,0.24456132434063477,0.009553520713327792
10000,endpoint,group_nonharmful,True,41,1328.0,84.45116932286966,0.03446639776229858,0.005508110326797322,0.24422300447542397,0.00939212579111229
10000,endpoint,group_nonharmful,True,42,1328.0,84.45116932286966,0.03486166000366211,0.005970854812421321,0.24407828667513454,0.009193748935194165
10000,endpoint,group_nonharmful,True,43,1328.0,84.45116932286966,0.0356521725654602,0.006245792475264713,0.24349150192500288,0.009482234952600303
10000,endpoint,group_nonharmful,True,44,1328.0,84.45116932286966,0.0361264705657959,0.005826511809067535,0.24300951599655157,0.00952782779911336
10000,endpoint,group_nonharmful,True,45,1328.0,84.45116932286966,0.03683795928955078,0.005606521988580916,0.2428573089950295,0.00962932690246326
10000,endpoint,group_nonharmful,True,46,1328.0,84.45116932286966,0.03723320960998535,0.006042395220177652,0.24227611910180183,0.009256037938957327
10000,endpoint,group_nonharmful,True,47,1328.0,84.45116932286966,0.037707507610321045,0.006075909282828636,0.24200331969355102,0.009233237810455796
10000,endpoint,group_nonharmful,True,48,1328.0,84.45116932286966,0.03810275793075561,0.006037208574355558,0.2407426321646061,0.009596020786232007
10000,endpoint,group_nonharmful,True,49,1328.0,84.45116932286966,0.03849802017211914,0.006037198038121942,0.24014709734642364,0.009427970418657658
10000,endpoint,group_nonharmful,True,50,1328.0,84.45116932286966,0.038814234733581546,0.006189262322017952,0.24014709734642364,0.009427970418657658
10000,endpoint,group_nonharmful,True,51,1328.0,84.45116932286966,0.03936759233474731,0.006082326874576204,0.24014709734642364,0.009427970418657658
10000,endpoint,group_nonharmful,True,52,1328.0,84.45116932286966,0.03976285457611084,0.006095154735125328,0.24014709734642364,0.009427970418657658
10000,endpoint,group_nonharmful,True,53,1328.0,84.45116932286966,0.040237152576446535,0.006029440265227238,0.24014709734642364,0.009427970418657658
10000,endpoint,group_nonharmful,True,54,1328.0,84.45116932286966,0.040474307537078855,0.00610796028345503,0.24014709734642364,0.009427970418657658
10000,endpoint,group_nonharmful,True,55,1328.0,84.45116932286966,0.040474307537078855,0.00610796028345503,0.24014709734642364,0.009427970418657658
10000,endpoint,group_nonharmful,True,56,1328.0,84.45116932286966,0.04071146249771118,0.006110539069540306,0.24014709734642364,0.009427970418657658
10000,endpoint,group_nonharmful,True,57,1328.0,84.45116932286966,0.04094861745834351,0.006358596774039216,0.24014709734642364,0.009427970418657658
10000,endpoint,group_nonharmful,True,58,1328.0,84.45116932286966,0.04110672473907471,0.006476679959083631,0.24014709734642364,0.009427970418657658
10000,endpoint,group_nonharmful,True,59,1328.0,84.45116932286966,0.04110672473907471,0.006476679959083631,0.24014709734642364,0.009427970418657658
10000,endpoint,group_nonharmful,True,60,1328.0,84.45116932286966,0.04110671281814575,0.006678565322757211,0.24014709734642364,0.009427970418657658
10000,endpoint,group_nonharmful,True,61,1328.0,84.45116932286966,0.041185760498046876,0.006715887923976794,0.24014709734642364,0.009427970418657658
10000,endpoint,group_nonharmful,True,62,1328.0,84.45116932286966,0.041185760498046876,0.006791066541743688,0.24014709734642364,0.009427970418657658
10000,endpoint,group_nonharmful,True,63,1328.0,84.45116932286966,0.041343867778778076,0.0066527701687681875,0.24014709734642364,0.009427970418657658
10000,endpoint,group_nonharmful,True,64,1328.0,84.45116932286966,0.041422927379608156,0.006622169060540822,0.24014709734642364,0.009427970418657658
10000,endpoint,group_nonharmful,True,65,1328.0,84.45116932286966,0.041501975059509276,0.0065187422551899596,0.24014709734642364,0.009427970418657658
10000,endpoint,group_nonharmful,True,66,1328.0,84.45116932286966,0.041501963138580324,0.006452506389919885,0.24014709734642364,0.009427970418657658
10000,endpoint,group_nonharmful,True,67,1328.0,84.45116932286966,0.04166007041931152,0.006570063879396243,0.24014709734642364,0.009427970418657658
10000,endpoint,group_nonharmful,True,68,1328.0,84.45116932286966,0.04181817770004272,0.006692588989498052,0.24014709734642364,0.009427970418657658
10000,endpoint,group_nonharmful,True,69,1328.0,84.45116932286966,0.04221343994140625,0.0066574809815530675,0.24014709734642364,0.009427970418657658
10000,endpoint,group_nonharmful,True,70,1328.0,84.45116932286966,0.04237154722213745,0.006574836100667807,0.24014709734642364,0.009427970418657658
10000,endpoint,group_nonharmful,True,71,1328.0,84.45116932286966,0.04260870218276978,0.006598537435030327,0.24014709734642364,0.009427970418657658
10000,endpoint,group_nonharmful,True,72,1328.0,84.45116932286966,0.0426877498626709,0.006584317211613575,0.24014709734642364,0.009427970418657658
10000,endpoint,group_nonharmful,True,73,1328.0,84.45116932286966,0.0426877498626709,0.0066374866287032385,0.24014709734642364,0.009427970418657658
10000,endpoint,group_nonharmful,True,74,1328.0,84.45116932286966,0.042845845222473145,0.006617450554725231,0.24014709734642364,0.009427970418657658
10000,endpoint,group_nonharmful,True,75,1328.0,84.45116932286966,0.042766797542572024,0.006574819796905647,0.24014709734642364,0.009427970418657658
10000,endpoint,group_nonharmful,True,76,1328.0,84.45116932286966,0.042845845222473145,0.006617450554725231,0.24014709734642364,0.009427970418657658
10000,endpoint,group_nonharmful,True,77,1328.0,84.45116932286966,0.042845845222473145,0.006576008014946126,0.24014709734642364,0.009427970418657658
10000,endpoint,group_nonharmful,True,78,1328.0,84.45116932286966,0.042924892902374265,0.0064742568387684005,0.24014709734642364,0.009427970418657658
10000,endpoint,group_nonharmful,True,79,1328.0,84.45116932286966,0.04308300018310547,0.00634260942917665,0.24014709734642364,0.009427970418657658
10000,endpoint,group_nonharmful,True,80,1328.0,84.45116932286966,0.043162059783935544,0.006239540372953491,0.24014709734642364,0.009427970418657658
10000,endpoint,group_nonharmful,True,81,1328.0,84.45116932286966,0.043083012104034424,0.006199351389609412,0.24014709734642364,0.009427970418657658
10000,endpoint,group_nonharmful,True,82,1328.0,84.45116932286966,0.04355731010437012,0.006009980658668546,0.24014709734642364,0.009427970418657658
10000,endpoint,group_nonharmful,True,83,1328.0,84.45116932286966,0.04355732202529907,0.005964309575633579,0.24014709734642364,0.009427970418657658
10000,endpoint,group_nonharmful,True,84,1328.0,84.45116932286966,0.04371541738510132,0.005839907063189813,0.24014709734642364,0.009427970418657658
10000,endpoint,group_nonharmful,True,85,1328.0,84.45116932286966,0.04371541738510132,0.005839907063189813,0.24014709734642364,0.009427970418657658
10000,endpoint,group_nonharmful,True,86,1328.0,84.45116932286966,0.04379446506500244,0.005784808668229362,0.24014709734642364,0.009427970418657658
10000,endpoint,group_nonharmful,True,87,1328.0,84.45116932286966,0.04355732202529907,0.005871919283486198,0.24014709734642364,0.009427970418657658
10000,endpoint,group_nonharmful,True,88,1328.0,84.45116932286966,0.043873512744903566,0.005902435375760483,0.24014709734642364,0.009427970418657658
10000,endpoint,group_nonharmful,True,89,1328.0,84.45116932286966,0.04403160810470581,0.006037202525767805,0.24014709734642364,0.009427970418657658
10000,endpoint,group_nonharmful,True,90,1328.0,84.45116932286966,0.04426876306533813,0.006039789289356168,0.24014709734642364,0.009427970418657658
10000,endpoint,group_nonharmful,True,91,1328.0,84.45116932286966,0.04434782266616821,0.005885197576677128,0.24014709734642364,0.009427970418657658
10000,endpoint,group_nonharmful,True,92,1328.0,84.45116932286966,0.04442687034606933,0.005873241083007865,0.24014709734642364,0.009427970418657658
10000,endpoint,group_nonharmful,True,93,1328.0,84.45116932286966,0.04442687034606933,0.005873241083007865,0.24014709734642364,0.009427970418657658
10000,endpoint,group_nonharmful,True,94,1328.0,84.45116932286966,0.04450592994689941,0.00589978419684868,0.24014709734642364,0.009427970418657658
10000,endpoint,group_nonharmful,True,95,1328.0,84.45116932286966,0.04458497762680054,0.005891835497866447,0.24014709734642364,0.009427970418657658
10000,endpoint,group_nonharmful,True,96,1328.0,84.45116932286966,0.04466403722763061,0.006039807817434774,0.24014709734642364,0.009427970418657658
10000,endpoint,group_nonharmful,True,97,1328.0,84.45116932286966,0.04466403722763061,0.006039807817434774,0.24014709734642364,0.009427970418657658
10000,endpoint,group_nonharmful,True,98,1328.0,84.45116932286966,0.04498023986816406,0.005871920085882882,0.24014709734642364,0.009427970418657658
10000,endpoint,group_nonharmful,True,99,1328.0,84.45116932286966,0.04482214450836182,0.00585326683235498,0.24014709734642364,0.009427970418657658
10000,endpoint,group_random,False,-1,1328.0,84.45116932286966,0.0,0.0,1.0,0.0
10000,endpoint,group_random,False,0,1328.0,84.45116932286966,-7.904767990112305e-05,0.00017675598572255497,1.0,0.0
10000,endpoint,group_random,False,1,1328.0,84.45116932286966,0.0007114529609680176,0.00043298101878651605,1.0,0.0
10000,endpoint,group_random,False,2,1328.0,84.45116932286966,0.0013438582420349122,0.0008196441517865684,1.0,0.0
10000,endpoint,group_random,False,3,1328.0,84.45116932286966,0.002134382724761963,0.0009519331252933048,1.0,0.0
10000,endpoint,group_random,False,4,1328.0,84.45116932286966,0.003241109848022461,0.001231027111894986,1.0,0.0
10000,endpoint,group_random,False,5,1328.0,84.45116932286966,0.004031622409820556,0.0011988950433932909,1.0,0.0
10000,endpoint,group_random,False,6,1328.0,84.45116932286966,0.0048221230506896974,0.0017543517732605447,1.0,0.0
10000,endpoint,group_random,False,7,1328.0,84.45116932286966,0.005612635612487793,0.0016392602778075899,1.0,0.0
10000,endpoint,group_random,False,8,1328.0,84.45116932286966,0.006482219696044922,0.0017587956276991822,1.0,0.0
10000,endpoint,group_random,False,9,1328.0,84.45116932286966,0.006798410415649414,0.0017092448347465795,1.0,0.0
10000,endpoint,group_random,False,10,1328.0,84.45116932286966,0.006956517696380615,0.0018873398505224008,1.0,0.0
10000,endpoint,group_random,False,11,1328.0,84.45116932286966,0.007747030258178711,0.0022463720322556642,1.0,0.0
10000,endpoint,group_random,False,12,1328.0,84.45116932286966,0.008221352100372314,0.0027298629167102073,1.0,0.0
10000,endpoint,group_random,False,13,1328.0,84.45116932286966,0.008774709701538087,0.0032880179796641496,1.0,0.0
10000,endpoint,group_random,False,14,1328.0,84.45116932286966,0.009328067302703857,0.0033140663791088616,1.0,0.0
10000,endpoint,group_random,False,15,1328.0,84.45116932286966,0.009723305702209473,0.0037455774247880224,1.0,0.0
10000,endpoint,group_random,False,16,1328.0,84.45116932286966,0.009960460662841796,0.003946650046349476,1.0,0.0
10000,endpoint,group_random,False,17,1328.0,84.45116932286966,0.010355734825134277,0.0037120499162977398,1.0,0.0
10000,endpoint,group_random,False,18,1328.0,84.45116932286966,0.011146259307861329,0.004422651754497698,1.0,0.0
10000,endpoint,group_random,False,19,1328.0,84.45116932286966,0.011541521549224854,0.00478735803206,1.0,0.0
10000,endpoint,group_random,False,20,1328.0,84.45116932286966,0.011620557308197022,0.004837662243776976,1.0,0.0
10000,endpoint,group_random,False,21,1328.0,84.45116932286966,0.012173926830291748,0.004811790872876956,1.0,0.0
10000,endpoint,group_random,False,22,1328.0,84.45116932286966,0.012569165229797364,0.005010598072289036,1.0,0.0
10000,endpoint,group_random,False,23,1328.0,84.45116932286966,0.012964427471160889,0.005033925512113043,1.0,0.0
10000,endpoint,group_random,False,24,1328.0,84.45116932286966,0.013438737392425537,0.00513835365958193,1.0,0.0
10000,endpoint,group_random,False,25,1328.0,84.45116932286966,0.013596832752227783,0.00513531123863234,1.0,0.0
10000,endpoint,group_random,False,26,1328.0,84.45116932286966,0.013675892353057861,0.005373179435614912,1.0,0.0
10000,endpoint,group_random,False,27,1328.0,84.45116932286966,0.014071142673492432,0.005593981469998401,1.0,0.0
10000,endpoint,group_random,False,28,1328.0,84.45116932286966,0.014387357234954833,0.005466858842143447,1.0,0.0
10000,endpoint,group_random,False,29,1328.0,84.45116932286966,0.014782607555389404,0.005509569652711802,1.0,0.0
10000,endpoint,group_random,False,30,1328.0,84.45116932286966,0.015335965156555175,0.005655086467111235,1.0,0.0
10000,endpoint,group_random,False,31,1328.0,84.45116932286966,0.015652179718017578,0.005621837165469845,1.0,0.0
10000,endpoint,group_random,False,32,1328.0,84.45116932286966,0.016047441959381105,0.0057387368108318135,1.0,0.0
10000,endpoint,group_random,False,33,1328.0,84.45116932286966,0.01628459692001343,0.005661991256225099,1.0,0.0
10000,endpoint,group_random,False,34,1328.0,84.45116932286966,0.016521739959716796,0.005750959227353082,1.0,0.0
10000,endpoint,group_random,False,35,1328.0,84.45116932286966,0.016758882999420167,0.005593980417168376,1.0,0.0
10000,endpoint,group_random,False,36,1328.0,84.45116932286966,0.016996049880981447,0.0060268736866496185,1.0,0.0
10000,endpoint,group_random,False,37,1328.0,84.45116932286966,0.01715414524078369,0.005959099245092319,1.0,0.0
10000,endpoint,group_random,False,38,1328.0,84.45116932286966,0.017312252521514894,0.0060682143940896,1.0,0.0
10000,endpoint,group_random,False,39,1328.0,84.45116932286966,0.017549407482147217,0.006284483410182468,1.0,0.0
10000,endpoint,group_random,False,40,1328.0,84.45116932286966,0.018023717403411865,0.006646906730699289,1.0,0.0
10000,endpoint,group_random,False,41,1328.0,84.45116932286966,0.018577075004577635,0.006625743336315484,1.0,0.0
10000,endpoint,group_random,False,42,1328.0,84.45116932286966,0.018814229965209962,0.006546270071264326,1.0,0.0
10000,endpoint,group_random,False,43,1328.0,84.45116932286966,0.018893277645111083,0.0066044784170876435,1.0,0.0
10000,endpoint,group_random,False,44,1328.0,84.45116932286966,0.01889328956604004,0.006406341861184041,1.0,0.0
10000,endpoint,group_random,False,45,1328.0,84.45116932286966,0.019130444526672362,0.00657602127054732,1.0,0.0
10000,endpoint,group_random,False,46,1328.0,84.45116932286966,0.019525694847106933,0.00650437094300724,1.0,0.0
10000,endpoint,group_random,False,47,1328.0,84.45116932286966,0.019920933246612548,0.006510372344225695,1.0,0.0
10000,endpoint,group_random,False,48,1328.0,84.45116932286966,0.02039525508880615,0.006629278014714283,1.0,0.0
10000,endpoint,group_random,False,49,1328.0,84.45116932286966,0.020553362369537354,0.006584330629381419,1.0,0.0
10000,endpoint,group_random,False,50,1328.0,84.45116932286966,0.020790517330169678,0.006792220051783907,1.0,0.0
10000,endpoint,group_random,False,51,1328.0,84.45116932286966,0.021106719970703125,0.006769170799483036,1.0,0.0
10000,endpoint,group_random,False,52,1328.0,84.45116932286966,0.02118576765060425,0.006629255092593734,1.0,0.0
10000,endpoint,group_random,False,53,1328.0,84.45116932286966,0.021501970291137696,0.006849481581626584,1.0,0.0
10000,endpoint,group_random,False,54,1328.0,84.45116932286966,0.021660077571868896,0.00700064073694161,1.0,0.0
10000,endpoint,group_random,False,55,1328.0,84.45116932286966,0.02173912525177002,0.007163870109591172,1.0,0.0
10000,endpoint,group_random,False,56,1328.0,84.45116932286966,0.0218181848526001,0.007214942041978114,1.0,0.0
10000,endpoint,group_random,False,57,1328.0,84.45116932286966,0.022055327892303467,0.007301037435621809,1.0,0.0
10000,endpoint,group_random,False,58,1328.0,84.45116932286966,0.022055327892303467,0.007301037435621809,1.0,0.0
10000,endpoint,group_random,False,59,1328.0,84.45116932286966,0.022134387493133546,0.007346904397227827,1.0,0.0
10000,endpoint,group_random,False,60,1328.0,84.45116932286966,0.02229248285293579,0.007259200910889585,1.0,0.0
10000,endpoint,group_random,False,61,1328.0,84.45116932286966,0.02229248285293579,0.007259200910889585,1.0,0.0
10000,endpoint,group_random,False,62,1328.0,84.45116932286966,0.022450590133666994,0.007247345356072585,1.0,0.0
10000,endpoint,group_random,False,63,1328.0,84.45116932286966,0.022608697414398193,0.007349030497687671,1.0,0.0
10000,endpoint,group_random,False,64,1328.0,84.45116932286966,0.022529637813568114,0.007293543195619706,1.0,0.0
10000,endpoint,group_random,False,65,1328.0,84.45116932286966,0.022608697414398193,0.007396711370246736,1.0,0.0
10000,endpoint,group_random,False,66,1328.0,84.45116932286966,0.022766804695129393,0.007387209383952132,1.0,0.0
10000,endpoint,group_random,False,67,1328.0,84.45116932286966,0.02276679277420044,0.007381912575877797,1.0,0.0
10000,endpoint,group_random,False,68,1328.0,84.45116932286966,0.02276679277420044,0.007381912575877797,1.0,0.0
10000,endpoint,group_random,False,69,1328.0,84.45116932286966,0.022687745094299317,0.007445129843921441,1.0,0.0
10000,endpoint,group_random,False,70,1328.0,84.45116932286966,0.022845852375030517,0.007433588416516587,1.0,0.0
10000,endpoint,group_random,False,71,1328.0,84.45116932286966,0.022845852375030517,0.007241949341703511,1.0,0.0
10000,endpoint,group_random,False,72,1328.0,84.45116932286966,0.022924911975860596,0.00729354561820643,1.0,0.0
10000,endpoint,group_random,False,73,1328.0,84.45116932286966,0.022924911975860596,0.00729354561820643,1.0,0.0
10000,endpoint,group_random,False,74,1328.0,84.45116932286966,0.02300395965576172,0.007231163152411316,1.0,0.0
10000,endpoint,group_random,False,75,1328.0,84.45116932286966,0.02300395965576172,0.007231163152411316,1.0,0.0
10000,endpoint,group_random,False,76,1328.0,84.45116932286966,0.02308300733566284,0.00717259497990104,1.0,0.0
10000,endpoint,group_random,False,77,1328.0,84.45116932286966,0.02308300733566284,0.00717259497990104,1.0,0.0
10000,endpoint,group_random,False,78,1328.0,84.45116932286966,0.02308300733566284,0.00717259497990104,1.0,0.0
10000,endpoint,group_random,False,79,1328.0,84.45116932286966,0.02308300733566284,0.00717259497990104,1.0,0.0
10000,endpoint,group_random,False,80,1328.0,84.45116932286966,0.02308300733566284,0.00717259497990104,1.0,0.0
10000,endpoint,group_random,False,81,1328.0,84.45116932286966,0.02308300733566284,0.00717259497990104,1.0,0.0
10000,endpoint,group_random,False,82,1328.0,84.45116932286966,0.02308300733566284,0.00717259497990104,1.0,0.0
10000,endpoint,group_random,False,83,1328.0,84.45116932286966,0.02316206693649292,0.0071179273125135415,1.0,0.0
10000,endpoint,group_random,False,84,1328.0,84.45116932286966,0.023241114616394044,0.007220343556765283,1.0,0.0
10000,endpoint,group_random,False,85,1328.0,84.45116932286966,0.023399209976196288,0.007122314262118536,1.0,0.0
10000,endpoint,group_random,False,86,1328.0,84.45116932286966,0.023399209976196288,0.007122314262118536,1.0,0.0
10000,endpoint,group_random,False,87,1328.0,84.45116932286966,0.023399198055267335,0.006927726383907448,1.0,0.0
10000,endpoint,group_random,False,88,1328.0,84.45116932286966,0.023399198055267335,0.006927726383907448,1.0,0.0
10000,endpoint,group_random,False,89,1328.0,84.45116932286966,0.02347825765609741,0.00697380828857836,1.0,0.0
10000,endpoint,group_random,False,90,1328.0,84.45116932286966,0.02347825765609741,0.00697380828857836,1.0,0.0
10000,endpoint,group_random,False,91,1328.0,84.45116932286966,0.02347825765609741,0.00697380828857836,1.0,0.0
10000,endpoint,group_random,False,92,1328.0,84.45116932286966,0.02347825765609741,0.00697380828857836,1.0,0.0
10000,endpoint,group_random,False,93,1328.0,84.45116932286966,0.023636364936828615,0.007067274167995791,1.0,0.0
10000,endpoint,group_random,False,94,1328.0,84.45116932286966,0.02379446029663086,0.006972695969202528,1.0,0.0
10000,endpoint,group_random,False,95,1328.0,84.45116932286966,0.023873507976531982,0.007029595822596904,1.0,0.0
10000,endpoint,group_random,False,96,1328.0,84.45116932286966,0.023873507976531982,0.007029595822596904,1.0,0.0
10000,endpoint,group_random,False,97,1328.0,84.45116932286966,0.023873507976531982,0.007029595822596904,1.0,0.0
10000,endpoint,group_random,False,98,1328.0,84.45116932286966,0.023873507976531982,0.007029595822596904,1.0,0.0
10000,endpoint,group_random,False,99,1328.0,84.45116932286966,0.023952567577362062,0.007090455939062824,1.0,0.0
10000,endpoint,group_random,True,-1,1328.0,84.45116932286966,0.0,0.0,1.0,0.0
10000,endpoint,group_random,True,0,1328.0,84.45116932286966,-7.904767990112305e-05,0.00017675598572255497,1.0,0.0
10000,endpoint,group_random,True,1,1328.0,84.45116932286966,0.0010276556015014649,0.0005994598038052847,0.5001522070015221,0.00034034520205476716
10000,endpoint,group_random,True,2,1328.0,84.45116932286966,0.0018181920051574707,0.0012989684464096618,0.37118519317643883,0.004049153577226645
10000,endpoint,group_random,True,3,1328.0,84.45116932286966,0.003241086006164551,0.0018412445900758397,0.3212119103334512,0.00680796795131846
10000,endpoint,group_random,True,4,1328.0,84.45116932286966,0.00490119457244873,0.0019484467743461997,0.29653864762015175,0.008411321070763807
10000,endpoint,group_random,True,5,1328.0,84.45116932286966,0.0060079097747802734,0.002701070214790351,0.2837416629556143,0.010080270394839507
10000,endpoint,group_random,True,6,1328.0,84.45116932286966,0.008300399780273438,0.0024525074508448172,0.27662124955592043,0.010459925294923424
10000,endpoint,group_random,True,7,1328.0,84.45116932286966,0.009644269943237305,0.00252470828397562,0.27284563156964753,0.01197858309518408
10000,endpoint,group_random,True,8,1328.0,84.45116932286966,0.010830044746398926,0.0029657338539180187,0.27027309420433354,0.01231275236610105
10000,endpoint,group_random,True,9,1328.0,84.45116932286966,0.012332022190093994,0.002842004331636722,0.2677334109641373,0.012208041418260372
10000,endpoint,group_random,True,10,1328.0,84.45116932286966,0.013359689712524414,0.0025216052199508432,0.26601212594869333,0.01273044110567881
10000,endpoint,group_random,True,11,1328.0,84.45116932286966,0.01454545259475708,0.0025523941116028423,0.26484394217556484,0.012097409656252719
10000,endpoint,group_random,True,12,1328.0,84.45116932286966,0.015415012836456299,0.002499836707014099,0.2633391237517849,0.011680867118251916
10000,endpoint,group_random,True,13,1328.0,84.45116932286966,0.016837942600250243,0.0028584531395766406,0.2622857283987119,0.011498255288065532
10000,endpoint,group_random,True,14,1328.0,84.45116932286966,0.017786550521850585,0.003271341853391612,0.2621335213971898,0.011473590637320839
10000,endpoint,group_random,True,15,1328.0,84.45116932286966,0.01889328956604004,0.003626896870807487,0.2613762356633452,0.011270467466540179
10000,endpoint,group_random,True,16,1328.0,84.45116932286966,0.019762849807739256,0.0038928404565632953,0.26045531665970467,0.011863244445300552
10000,endpoint,group_random,True,17,1328.0,84.45116932286966,0.020711457729339598,0.003978165644926377,0.25986832277980376,0.011646075837070122
10000,endpoint,group_random,True,18,1328.0,84.45116932286966,0.021976280212402343,0.0042717115311704116,0.25804350589770053,0.011549339310638894
10000,endpoint,group_random,True,19,1328.0,84.45116932286966,0.022766804695129393,0.004450808435974441,0.256855173212944,0.011171807499823447
10000,endpoint,group_random,True,20,1328.0,84.45116932286966,0.02434781789779663,0.004344236621206801,0.25638751087295375,0.010618530841097783
10000,endpoint,group_random,True,21,1328.0,84.45116932286966,0.02521740198135376,0.004413803279330827,0.2559462865303912,0.010865110247629381
10000,endpoint,group_random,True,22,1328.0,84.45116932286966,0.025612640380859374,0.004457825102980506,0.2552222731812027,0.010637305368735283
10000,endpoint,group_random,True,23,1328.0,84.45116932286966,0.026877474784851075,0.004660008134046018,0.25449720809496534,0.010075681452030487
10000,endpoint,group_random,True,24,1328.0,84.45116932286966,0.028537547588348387,0.005216812857737508,0.2540559837524028,0.010374564704833502
10000,endpoint,group_random,True,25,1328.0,84.45116932286966,0.029011857509613038,0.005445372945272897,0.2530344121238923,0.010298019525626033
10000,endpoint,group_random,True,26,1328.0,84.45116932286966,0.030355727672576903,0.005778074500725293,0.25181427705106696,0.010809508471105962
10000,endpoint,group_random,True,27,1328.0,84.45116932286966,0.031146252155303956,0.006375802266767794,0.25151070565530254,0.010950963045556974
10000,endpoint,group_random,True,28,1328.0,84.45116932286966,0.03185771703720093,0.006024292327231811,0.25063364269731225,0.01071416083240831
10000,endpoint,group_random,True,29,1328.0,84.45116932286966,0.03272726535797119,0.006100310071774222,0.25063364269731225,0.01071416083240831
10000,endpoint,group_random,True,30,1328.0,84.45116932286966,0.03320158720016479,0.005935452374806256,0.2500060963612918,0.010749696629135094
10000,endpoint,group_random,True,31,1328.0,84.45116932286966,0.033833980560302734,0.0060759247926879595,0.24986053595372265,0.010511879048982249
10000,endpoint,group_random,True,32,1328.0,84.45116932286966,0.03446639776229858,0.006163973712939419,0.24863185994261577,0.010778726216316377
10000,endpoint,group_random,True,33,1328.0,84.45116932286966,0.035177862644195555,0.006500748235303272,0.2480053653436442,0.011248053578703471
10000,endpoint,group_random,True,34,1328.0,84.45116932286966,0.0361264705657959,0.006581945708718557,0.24674467781469928,0.012108356395242338
10000,endpoint,group_random,True,35,1328.0,84.45116932286966,0.03675888776779175,0.007053978899612316,0.24656750281233678,0.012116318650968197
10000,endpoint,group_random,True,36,1328.0,84.45116932286966,0.03747035264968872,0.006704228899121748,0.24643132595032888,0.012251337969586466
10000,endpoint,group_random,True,37,1328.0,84.45116932286966,0.03833991289138794,0.00689721308717322,0.24520244080945278,0.012333594050438618
10000,endpoint,group_random,True,38,1328.0,84.45116932286966,0.039209496974945066,0.007122303015563429,0.24505688040188361,0.012087499918617526
10000,endpoint,group_random,True,39,1328.0,84.45116932286966,0.04007905721664429,0.0070959610128138615,0.24517936715294097,0.012840318619522723
10000,endpoint,group_random,True,40,1328.0,84.45116932286966,0.04079049825668335,0.007122307315674203,0.24459922899676223,0.012574528166215094
10000,endpoint,group_random,True,41,1328.0,84.45116932286966,0.04126483201980591,0.007232248912551262,0.2444545111964728,0.012474575313778474
10000,endpoint,group_random,True,42,1328.0,84.45116932286966,0.04197629690170288,0.007209516546793368,0.24369993498953985,0.012877307553572305
10000,endpoint,group_random,True,43,1328.0,84.45116932286966,0.04260869026184082,0.00752753121163557,0.2435552171892504,0.012787475978556279
10000,endpoint,group_random,True,44,1328.0,84.45116932286966,0.042845845222473145,0.007605997633754374,0.2427931517810849,0.013294551103861596
10000,endpoint,group_random,True,45,1328.0,84.45116932286966,0.0436363697052002,0.007927839177378803,0.24215002098978525,0.013870455026336811
10000,endpoint,group_random,True,46,1328.0,84.45116932286966,0.04442688226699829,0.007858553746842557,0.24141082010836232,0.013646538543505653
10000,endpoint,group_random,True,47,1328.0,84.45116932286966,0.04474307298660278,0.0076816270083089186,0.24110661523508736,0.013871907347707796
10000,endpoint,group_random,True,48,1328.0,84.45116932286966,0.045375490188598634,0.008174278918635874,0.24064854557042756,0.013945595388423783
10000,endpoint,group_random,True,49,1328.0,84.45116932286966,0.04600790739059448,0.008326690652148952,0.23899131101535637,0.01340047449233428
10000,endpoint,group_random,True,50,1328.0,84.45116932286966,0.04664030075073242,0.008351994805870847,0.23899131101535637,0.01340047449233428
10000,endpoint,group_random,True,51,1328.0,84.45116932286966,0.04687745571136474,0.008340764457958475,0.23899131101535637,0.01340047449233428
10000,endpoint,group_random,True,52,1328.0,84.45116932286966,0.04735177755355835,0.008245647488171423,0.23899131101535637,0.01340047449233428
10000,endpoint,group_random,True,53,1328.0,84.45116932286966,0.04735177755355835,0.008245647488171423,0.23899131101535637,0.01340047449233428
10000,endpoint,group_random,True,54,1328.0,84.45116932286966,0.04758894443511963,0.00825131802375751,0.23899131101535637,0.01340047449233428
10000,endpoint,group_random,True,55,1328.0,84.45116932286966,0.047826099395751956,0.00827683966028689,0.23899131101535637,0.01340047449233428
10000,endpoint,group_random,True,56,1328.0,84.45116932286966,0.048063242435455324,0.008331395025068104,0.23899131101535637,0.01340047449233428
10000,endpoint,group_random,True,57,1328.0,84.45116932286966,0.0483004093170166,0.008437611992598999,0.23899131101535637,0.01340047449233428
10000,endpoint,group_random,True,58,1328.0,84.45116932286966,0.04861660003662109,0.00860535422660786,0.23899131101535637,0.01340047449233428
10000,endpoint,group_random,True,59,1328.0,84.45116932286966,0.04869565963745117,0.008598088298009527,0.23899131101535637,0.01340047449233428
10000,endpoint,group_random,True,60,1328.0,84.45116932286966,0.0487747073173523,0.008617145081228225,0.23899131101535637,0.01340047449233428
10000,endpoint,group_random,True,61,1328.0,84.45116932286966,0.04893280267715454,0.008683963939695689,0.23899131101535637,0.01340047449233428
10000,endpoint,group_random,True,62,1328.0,84.45116932286966,0.04893280267715454,0.008525102097272797,0.23899131101535637,0.01340047449233428
10000,endpoint,group_random,True,63,1328.0,84.45116932286966,0.04893280267715454,0.00850216494369353,0.23899131101535637,0.01340047449233428
10000,endpoint,group_random,True,64,1328.0,84.45116932286966,0.049011850357055665,0.008337967222450778,0.23899131101535637,0.01340047449233428
10000,endpoint,group_random,True,65,1328.0,84.45116932286966,0.049090898036956786,0.008335156187698077,0.23899131101535637,0.01340047449233428
10000,endpoint,group_random,True,66,1328.0,84.45116932286966,0.049169957637786865,0.00817044528444095,0.23899131101535637,0.01340047449233428
10000,endpoint,group_random,True,67,1328.0,84.45116932286966,0.049249005317687986,0.008006274015849324,0.23899131101535637,0.01340047449233428
10000,endpoint,group_random,True,68,1328.0,84.45116932286966,0.04940711259841919,0.008081047164670698,0.23899131101535637,0.01340047449233428
10000,endpoint,group_random,True,69,1328.0,84.45116932286966,0.049565231800079344,0.008237117419253837,0.23899131101535637,0.01340047449233428
10000,endpoint,group_random,True,70,1328.0,84.45116932286966,0.04964427947998047,0.008074301442352917,0.23899131101535637,0.01340047449233428
10000,endpoint,group_random,True,71,1328.0,84.45116932286966,0.04964427947998047,0.008074301442352917,0.23899131101535637,0.01340047449233428
10000,endpoint,group_random,True,72,1328.0,84.45116932286966,0.04972332715988159,0.008083003480043762,0.23899131101535637,0.01340047449233428
10000,endpoint,group_random,True,73,1328.0,84.45116932286966,0.04980238676071167,0.007919953342831179,0.23899131101535637,0.01340047449233428
10000,endpoint,group_random,True,74,1328.0,84.45116932286966,0.04996048212051392,0.0075957451716254865,0.23899131101535637,0.01340047449233428
10000,endpoint,group_random,True,75,1328.0,84.45116932286966,0.05019763708114624,0.007699924464005618,0.23899131101535637,0.01340047449233428
10000,endpoint,group_random,True,76,1328.0,84.45116932286966,0.05003952980041504,0.00763165651152792,0.23899131101535637,0.01340047449233428
10000,endpoint,group_random,True,77,1328.0,84.45116932286966,0.05003952980041504,0.00763165651152792,0.23899131101535637,0.01340047449233428
10000,endpoint,group_random,True,78,1328.0,84.45116932286966,0.05011857748031616,0.00765107870839303,0.23899131101535637,0.01340047449233428
10000,endpoint,group_random,True,79,1328.0,84.45116932286966,0.05019762516021729,0.007730299853538077,0.23899131101535637,0.01340047449233428
10000,endpoint,group_random,True,80,1328.0,84.45116932286966,0.050355720520019534,0.007888334904924405,0.23899131101535637,0.01340047449233428
10000,endpoint,group_random,True,81,1328.0,84.45116932286966,0.05059288740158081,0.007944586432552662,0.23899131101535637,0.01340047449233428
10000,endpoint,group_random,True,82,1328.0,84.45116932286966,0.050671935081481934,0.007961283218569787,0.23899131101535637,0.01340047449233428
10000,endpoint,group_random,True,83,1328.0,84.45116932286966,0.050671935081481934,0.007961283218569787,0.23899131101535637,0.01340047449233428
10000,endpoint,group_random,True,84,1328.0,84.45116932286966,0.050750982761383054,0.007952447988504153,0.23899131101535637,0.01340047449233428
10000,endpoint,group_random,True,85,1328.0,84.45116932286966,0.05083004236221313,0.007947534575093099,0.23899131101535637,0.01340047449233428
10000,endpoint,group_random,True,86,1328.0,84.45116932286966,0.05090910196304321,0.007966189335017448,0.23899131101535637,0.01340047449233428
10000,endpoint,group_random,True,87,1328.0,84.45116932286966,0.05090910196304321,0.007966189335017448,0.23899131101535637,0.01340047449233428
10000,endpoint,group_random,True,88,1328.0,84.45116932286966,0.05098814964294433,0.007964227990649976,0.23899131101535637,0.01340047449233428
10000,endpoint,group_random,True,89,1328.0,84.45116932286966,0.05106719732284546,0.008044249226834044,0.23899131101535637,0.01340047449233428
10000,endpoint,group_random,True,90,1328.0,84.45116932286966,0.05106719732284546,0.008044249226834044,0.23899131101535637,0.01340047449233428
10000,endpoint,group_random,True,91,1328.0,84.45116932286966,0.05106719732284546,0.008044249226834044,0.23899131101535637,0.01340047449233428
10000,endpoint,group_random,True,92,1328.0,84.45116932286966,0.05114625692367554,0.007878414429791423,0.23899131101535637,0.01340047449233428
10000,endpoint,group_random,True,93,1328.0,84.45116932286966,0.05122530460357666,0.007878414130771297,0.23899131101535637,0.01340047449233428
10000,endpoint,group_random,True,94,1328.0,84.45116932286966,0.05138341188430786,0.008017973614950135,0.23899131101535637,0.01340047449233428
10000,endpoint,group_random,True,95,1328.0,84.45116932286966,0.05138341188430786,0.008017973614950135,0.23899131101535637,0.01340047449233428
10000,endpoint,group_random,True,96,1328.0,84.45116932286966,0.05146245956420899,0.008097463449426325,0.23899131101535637,0.01340047449233428
10000,endpoint,group_random,True,97,1328.0,84.45116932286966,0.05154150724411011,0.008112883102407946,0.23899131101535637,0.01340047449233428
10000,endpoint,group_random,True,98,1328.0,84.45116932286966,0.05146245956420899,0.008097463449426325,0.23899131101535637,0.01340047449233428
10000,endpoint,group_random,True,99,1328.0,84.45116932286966,0.05154150724411011,0.007932766423188093,0.23899131101535637,0.01340047449233428
10000,subset_accuracy_drop,group_harmful,False,-1,1000.0,0.0,0.0,0.0,1.0,0.0
10000,subset_accuracy_drop,group_harmful,False,0,1000.0,0.0,0.00031620264053344727,0.0005862754794091434,1.0,0.0
10000,subset_accuracy_drop,group_harmful,False,1,1000.0,0.0,0.0016600847244262694,0.001231037637867223,1.0,0.0
10000,subset_accuracy_drop,group_harmful,False,2,1000.0,0.0,0.0030830025672912596,0.0020802739576373758,1.0,0.0
10000,subset_accuracy_drop,group_harmful,False,3,1000.0,0.0,0.0047430753707885746,0.002015436438859633,1.0,0.0
10000,subset_accuracy_drop,group_harmful,False,4,1000.0,0.0,0.006877470016479492,0.0020651916829193756,1.0,0.0
10000,subset_accuracy_drop,group_harmful,False,5,1000.0,0.0,0.008379435539245606,0.002294558594093803,1.0,0.0
10000,subset_accuracy_drop,group_harmful,False,6,1000.0,0.0,0.009802377223968506,0.0032280858382623557,1.0,0.0
10000,subset_accuracy_drop,group_harmful,False,7,1000.0,0.0,0.010830056667327882,0.0033724593808970456,1.0,0.0
10000,subset_accuracy_drop,group_harmful,False,8,1000.0,0.0,0.011541509628295898,0.0032401612419192195,1.0,0.0
10000,subset_accuracy_drop,group_harmful,False,9,1000.0,0.0,0.01272726058959961,0.003142229708981932,1.0,0.0
10000,subset_accuracy_drop,group_harmful,False,10,1000.0,0.0,0.013675880432128907,0.003314051094992307,1.0,0.0
10000,subset_accuracy_drop,group_harmful,False,11,1000.0,0.0,0.015019774436950684,0.0036547969544638396,1.0,0.0
10000,subset_accuracy_drop,group_harmful,False,12,1000.0,0.0,0.015731227397918702,0.004025037107427677,1.0,0.0
10000,subset_accuracy_drop,group_harmful,False,13,1000.0,0.0,0.016442692279815672,0.004160538571619615,1.0,0.0
10000,subset_accuracy_drop,group_harmful,False,14,1000.0,0.0,0.017470347881317138,0.004629737882093979,1.0,0.0
10000,subset_accuracy_drop,group_harmful,False,15,1000.0,0.0,0.018023717403411865,0.004225742948608768,1.0,0.0
10000,subset_accuracy_drop,group_harmful,False,16,1000.0,0.0,0.019051384925842286,0.004787358524222811,1.0,0.0
10000,subset_accuracy_drop,group_harmful,False,17,1000.0,0.0,0.019920933246612548,0.004949407028357832,1.0,0.0
10000,subset_accuracy_drop,group_harmful,False,18,1000.0,0.0,0.020948612689971925,0.005666135496180491,1.0,0.0
10000,subset_accuracy_drop,group_harmful,False,19,1000.0,0.0,0.021581029891967772,0.005765899960757893,1.0,0.0
10000,subset_accuracy_drop,group_harmful,False,20,1000.0,0.0,0.022134387493133546,0.005714181802471488,1.0,0.0
10000,subset_accuracy_drop,group_harmful,False,21,1000.0,0.0,0.02292490005493164,0.006078490620436971,1.0,0.0
10000,subset_accuracy_drop,group_harmful,False,22,1000.0,0.0,0.023636364936828615,0.005825193359300382,1.0,0.0
10000,subset_accuracy_drop,group_harmful,False,23,1000.0,0.0,0.02482212781906128,0.006035940051075,1.0,0.0
10000,subset_accuracy_drop,group_harmful,False,24,1000.0,0.0,0.025296449661254883,0.005882579478992218,1.0,0.0
10000,subset_accuracy_drop,group_harmful,False,25,1000.0,0.0,0.025928854942321777,0.00567713895224141,1.0,0.0
10000,subset_accuracy_drop,group_harmful,False,26,1000.0,0.0,0.027035582065582275,0.005926251758751065,1.0,0.0
10000,subset_accuracy_drop,group_harmful,False,27,1000.0,0.0,0.0274308443069458,0.005972189231924069,1.0,0.0
10000,subset_accuracy_drop,group_harmful,False,28,1000.0,0.0,0.028063249588012696,0.005795628279886599,1.0,0.0
10000,subset_accuracy_drop,group_harmful,False,29,1000.0,0.0,0.029090917110443114,0.0062470872111734235,1.0,0.0
10000,subset_accuracy_drop,group_harmful,False,30,1000.0,0.0,0.02940711975097656,0.006253310670258244,1.0,0.0
10000,subset_accuracy_drop,group_harmful,False,31,1000.0,0.0,0.02988142967224121,0.006050167144104869,1.0,0.0
10000,subset_accuracy_drop,group_harmful,False,32,1000.0,0.0,0.03067193031311035,0.006401474208395544,1.0,0.0
10000,subset_accuracy_drop,group_harmful,False,33,1000.0,0.0,0.030988132953643797,0.006687922456744978,1.0,0.0
10000,subset_accuracy_drop,group_harmful,False,34,1000.0,0.0,0.031383395195007324,0.0066703655839576315,1.0,0.0
10000,subset_accuracy_drop,group_harmful,False,35,1000.0,0.0,0.0320948600769043,0.006922081729969645,1.0,0.0
10000,subset_accuracy_drop,group_harmful,False,36,1000.0,0.0,0.03217390775680542,0.0069175666070951285,1.0,0.0
10000,subset_accuracy_drop,group_harmful,False,37,1000.0,0.0,0.032727289199829104,0.006773798749542483,1.0,0.0
10000,subset_accuracy_drop,group_harmful,False,38,1000.0,0.0,0.03304347991943359,0.00657008915941745,1.0,0.0
10000,subset_accuracy_drop,group_harmful,False,39,1000.0,0.0,0.03320157527923584,0.006748383512807126,1.0,0.0
10000,subset_accuracy_drop,group_harmful,False,40,1000.0,0.0,0.03367588520050049,0.0068140493359657665,1.0,0.0
10000,subset_accuracy_drop,group_harmful,False,41,1000.0,0.0,0.03399209976196289,0.0068174988242120475,1.0,0.0
10000,subset_accuracy_drop,group_harmful,False,42,1000.0,0.0,0.03430830240249634,0.00681976561674241,1.0,0.0
10000,subset_accuracy_drop,group_harmful,False,43,1000.0,0.0,0.03478261232376099,0.006354922292086104,1.0,0.0
10000,subset_accuracy_drop,group_harmful,False,44,1000.0,0.0,0.03565216064453125,0.0062395679361525215,1.0,0.0
10000,subset_accuracy_drop,group_harmful,False,45,1000.0,0.0,0.03573122024536133,0.006069475589753478,1.0,0.0
10000,subset_accuracy_drop,group_harmful,False,46,1000.0,0.0,0.036126482486724856,0.005985246260632884,1.0,0.0
10000,subset_accuracy_drop,group_harmful,False,47,1000.0,0.0,0.03683795928955078,0.005996979251394416,1.0,0.0
10000,subset_accuracy_drop,group_harmful,False,48,1000.0,0.0,0.03707510232925415,0.006369673707242413,1.0,0.0
10000,subset_accuracy_drop,group_harmful,False,49,1000.0,0.0,0.03731225728988648,0.006370874855680991,1.0,0.0
10000,subset_accuracy_drop,group_harmful,False,50,1000.0,0.0,0.037786555290222165,0.006203163411661225,1.0,0.0
10000,subset_accuracy_drop,group_harmful,False,51,1000.0,0.0,0.037865614891052245,0.006208198509697324,1.0,0.0
10000,subset_accuracy_drop,group_harmful,False,52,1000.0,0.0,0.037865614891052245,0.006208198509697324,1.0,0.0
10000,subset_accuracy_drop,group_harmful,False,53,1000.0,0.0,0.03810276985168457,0.0063708940849600375,1.0,0.0
10000,subset_accuracy_drop,group_harmful,False,54,1000.0,0.0,0.03818181753158569,0.006303099149484092,1.0,0.0
10000,subset_accuracy_drop,group_harmful,False,55,1000.0,0.0,0.03841897249221802,0.0064367616315187705,1.0,0.0
10000,subset_accuracy_drop,group_harmful,False,56,1000.0,0.0,0.03857707977294922,0.006510370172964755,1.0,0.0
10000,subset_accuracy_drop,group_harmful,False,57,1000.0,0.0,0.03849802017211914,0.006474270848505476,1.0,0.0
10000,subset_accuracy_drop,group_harmful,False,58,1000.0,0.0,0.03849802017211914,0.006474270848505476,1.0,0.0
10000,subset_accuracy_drop,group_harmful,False,59,1000.0,0.0,0.03857707977294922,0.006303075601795222,1.0,0.0
10000,subset_accuracy_drop,group_harmful,False,60,1000.0,0.0,0.03865612745285034,0.006388011320693654,1.0,0.0
10000,subset_accuracy_drop,group_harmful,False,61,1000.0,0.0,0.03865612745285034,0.006388011320693654,1.0,0.0
10000,subset_accuracy_drop,group_harmful,False,62,1000.0,0.0,0.038735175132751466,0.006403887343707764,1.0,0.0
10000,subset_accuracy_drop,group_harmful,False,63,1000.0,0.0,0.038735175132751466,0.006342606643375645,1.0,0.0
10000,subset_accuracy_drop,group_harmful,False,64,1000.0,0.0,0.038814222812652587,0.006424588932022671,1.0,0.0
10000,subset_accuracy_drop,group_harmful,False,65,1000.0,0.0,0.038972330093383786,0.006290676613828996,1.0,0.0
10000,subset_accuracy_drop,group_harmful,False,66,1000.0,0.0,0.038972342014312746,0.006492327366610253,1.0,0.0
10000,subset_accuracy_drop,group_harmful,False,67,1000.0,0.0,0.039051389694213866,0.006068210705819321,1.0,0.0
10000,subset_accuracy_drop,group_harmful,False,68,1000.0,0.0,0.03913043737411499,0.006354921365294413,1.0,0.0
10000,subset_accuracy_drop,group_harmful,False,69,1000.0,0.0,0.03913043737411499,0.006354921365294413,1.0,0.0
10000,subset_accuracy_drop,group_harmful,False,70,1000.0,0.0,0.03920948505401611,0.006182974776590646,1.0,0.0
10000,subset_accuracy_drop,group_harmful,False,71,1000.0,0.0,0.03928854465484619,0.0062031575247785175,1.0,0.0
10000,subset_accuracy_drop,group_harmful,False,72,1000.0,0.0,0.03928854465484619,0.0062031575247785175,1.0,0.0
10000,subset_accuracy_drop,group_harmful,False,73,1000.0,0.0,0.03936760425567627,0.006284485284484566,1.0,0.0
10000,subset_accuracy_drop,group_harmful,False,74,1000.0,0.0,0.03936760425567627,0.006284485284484566,1.0,0.0
10000,subset_accuracy_drop,group_harmful,False,75,1000.0,0.0,0.03952569961547851,0.006403913095846483,1.0,0.0
10000,subset_accuracy_drop,group_harmful,False,76,1000.0,0.0,0.03952569961547851,0.006464611762390647,1.0,0.0
10000,subset_accuracy_drop,group_harmful,False,77,1000.0,0.0,0.03960474729537964,0.006680900236747882,1.0,0.0
10000,subset_accuracy_drop,group_harmful,False,78,1000.0,0.0,0.03992093801498413,0.006596183366802069,1.0,0.0
10000,subset_accuracy_drop,group_harmful,False,79,1000.0,0.0,0.03992093801498413,0.006596183366802069,1.0,0.0
10000,subset_accuracy_drop,group_harmful,False,80,1000.0,0.0,0.03992093801498413,0.006596183366802069,1.0,0.0
10000,subset_accuracy_drop,group_harmful,False,81,1000.0,0.0,0.039999985694885255,0.006622183468846987,1.0,0.0
10000,subset_accuracy_drop,group_harmful,False,82,1000.0,0.0,0.039999985694885255,0.006622183468846987,1.0,0.0
10000,subset_accuracy_drop,group_harmful,False,83,1000.0,0.0,0.039999985694885255,0.006622183468846987,1.0,0.0
10000,subset_accuracy_drop,group_harmful,False,84,1000.0,0.0,0.040079045295715335,0.0066527855732840474,1.0,0.0
10000,subset_accuracy_drop,group_harmful,False,85,1000.0,0.0,0.040079045295715335,0.0066527855732840474,1.0,0.0
10000,subset_accuracy_drop,group_harmful,False,86,1000.0,0.0,0.0403161883354187,0.0068002624672528255,1.0,0.0
10000,subset_accuracy_drop,group_harmful,False,87,1000.0,0.0,0.0403161883354187,0.0068002624672528255,1.0,0.0
10000,subset_accuracy_drop,group_harmful,False,88,1000.0,0.0,0.0403161883354187,0.0068002624672528255,1.0,0.0
10000,subset_accuracy_drop,group_harmful,False,89,1000.0,0.0,0.0403161883354187,0.0068002624672528255,1.0,0.0
10000,subset_accuracy_drop,group_harmful,False,90,1000.0,0.0,0.040237140655517575,0.00672170100282717,1.0,0.0
10000,subset_accuracy_drop,group_harmful,False,91,1000.0,0.0,0.04055335521697998,0.006746078416525545,1.0,0.0
10000,subset_accuracy_drop,group_harmful,False,92,1000.0,0.0,0.04055335521697998,0.006746078416525545,1.0,0.0
10000,subset_accuracy_drop,group_harmful,False,93,1000.0,0.0,0.04079052209854126,0.006680900236747882,1.0,0.0
10000,subset_accuracy_drop,group_harmful,False,94,1000.0,0.0,0.040711474418640134,0.006596183366802069,1.0,0.0
10000,subset_accuracy_drop,group_harmful,False,95,1000.0,0.0,0.04086956977844238,0.0067112296932806325,1.0,0.0
10000,subset_accuracy_drop,group_harmful,False,96,1000.0,0.0,0.04086958169937134,0.0066645174494920885,1.0,0.0
10000,subset_accuracy_drop,group_harmful,False,97,1000.0,0.0,0.04094862937927246,0.006699585946784422,1.0,0.0
10000,subset_accuracy_drop,group_harmful,False,98,1000.0,0.0,0.04110672473907471,0.006817471178541024,1.0,0.0
10000,subset_accuracy_drop,group_harmful,False,99,1000.0,0.0,0.04110672473907471,0.006817471178541024,1.0,0.0
10000,subset_accuracy_drop,group_harmful,True,-1,1000.0,0.0,0.0,0.0,1.0,0.0
10000,subset_accuracy_drop,group_harmful,True,0,1000.0,0.0,0.00031620264053344727,0.0005862754794091434,1.0,0.0
10000,subset_accuracy_drop,group_harmful,True,1,1000.0,0.0,0.0016600847244262694,0.001231037637867223,0.5,0.0
10000,subset_accuracy_drop,group_harmful,True,2,1000.0,0.0,0.00347825288772583,0.0021358709324307214,0.38639999999999997,0.007436396977031286
10000,subset_accuracy_drop,group_harmful,True,3,1000.0,0.0,0.005375492572784424,0.002246367837153814,0.3398,0.006379655163094623
10000,subset_accuracy_drop,group_harmful,True,4,1000.0,0.0,0.007588934898376465,0.002758331598419079,0.32120000000000004,0.004868264577855241
10000,subset_accuracy_drop,group_harmful,True,5,1000.0,0.0,0.010592889785766602,0.0036376816671434982,0.3102,0.006685805860178721
10000,subset_accuracy_drop,group_harmful,True,6,1000.0,0.0,0.011857700347900391,0.003388633753878462,0.3044,0.006877499545619766
10000,subset_accuracy_drop,group_harmful,True,7,1000.0,0.0,0.013675892353057861,0.003714173757233235,0.302,0.006123724356957948
10000,subset_accuracy_drop,group_harmful,True,8,1000.0,0.0,0.014782607555389404,0.0036824693472148687,0.3008,0.006300793600809348
10000,subset_accuracy_drop,group_harmful,True,9,1000.0,0.0,0.01620553731918335,0.004107647278709198,0.2996,0.006618156843109723
10000,subset_accuracy_drop,group_harmful,True,10,1000.0,0.0,0.01794466972351074,0.004648258807772363,0.298,0.0068190908484929355
10000,subset_accuracy_drop,group_harmful,True,11,1000.0,0.0,0.019683802127838136,0.004680101599445672,0.296,0.006204836822995436
10000,subset_accuracy_drop,group_harmful,True,12,1000.0,0.0,0.020790505409240722,0.005240716630695525,0.29419999999999996,0.006760177512462234
10000,subset_accuracy_drop,group_harmful,True,13,1000.0,0.0,0.021818172931671143,0.0050879497870211805,0.29419999999999996,0.006379655163094638
10000,subset_accuracy_drop,group_harmful,True,14,1000.0,0.0,0.02316206693649292,0.004909791889945338,0.29219999999999996,0.007259476565152617
10000,subset_accuracy_drop,group_harmful,True,15,1000.0,0.0,0.02466404438018799,0.004949406552380701,0.29179999999999995,0.0071902712048990255
10000,subset_accuracy_drop,group_harmful,True,16,1000.0,0.0,0.026245057582855225,0.0047398055747891734,0.2908,0.007259476565152622
10000,subset_accuracy_drop,group_harmful,True,17,1000.0,0.0,0.02703559398651123,0.004829592724268767,0.29,0.007314369419163902
10000,subset_accuracy_drop,group_harmful,True,18,1000.0,0.0,0.027905142307281493,0.005248156067559842,0.289,0.006633249580710806
10000,subset_accuracy_drop,group_harmful,True,19,1000.0,0.0,0.02909090518951416,0.005600939085452656,0.28759999999999997,0.007162401831788005
10000,subset_accuracy_drop,group_harmful,True,20,1000.0,0.0,0.03019763231277466,0.00539493866502462,0.2868,0.007259476565152605
10000,subset_accuracy_drop,group_harmful,True,21,1000.0,0.0,0.030909085273742677,0.005585592125948832,0.2862,0.007758865896508312
10000,subset_accuracy_drop,group_harmful,True,22,1000.0,0.0,0.03185771703720093,0.005544888843766068,0.2858,0.008197560612767657
10000,subset_accuracy_drop,group_harmful,True,23,1000.0,0.0,0.03351778984069824,0.005655076468769299,0.2846,0.008080841540334751
10000,subset_accuracy_drop,group_harmful,True,24,1000.0,0.0,0.03422924280166626,0.005466863582605397,0.284,0.008215838362577478
10000,subset_accuracy_drop,group_harmful,True,25,1000.0,0.0,0.034861648082733156,0.005744146823447866,0.2836,0.008677557259966625
10000,subset_accuracy_drop,group_harmful,True,26,1000.0,0.0,0.03557312488555908,0.0054625481101034,0.2826,0.008354639429682162
10000,subset_accuracy_drop,group_harmful,True,27,1000.0,0.0,0.036679840087890624,0.005938074536392134,0.28200000000000003,0.007999999999999974
10000,subset_accuracy_drop,group_harmful,True,28,1000.0,0.0,0.03699604272842407,0.005952530000442854,0.2808,0.008074651695274517
10000,subset_accuracy_drop,group_harmful,True,29,1000.0,0.0,0.03707510232925415,0.00603594083178506,0.2802,0.0074966659255964905
10000,subset_accuracy_drop,group_harmful,True,30,1000.0,0.0,0.037707507610321045,0.005792922933041186,0.2792,0.007563068160475586
10000,subset_accuracy_drop,group_harmful,True,31,1000.0,0.0,0.03826087713241577,0.005723738139012907,0.279,0.007348469228349527
10000,subset_accuracy_drop,group_harmful,True,32,1000.0,0.0,0.039288532733917234,0.006024274729034715,0.279,0.006964194138592044
10000,subset_accuracy_drop,group_harmful,True,33,1000.0,0.0,0.040474307537078855,0.006215728063988211,0.278,0.007280109889280491
10000,subset_accuracy_drop,group_harmful,True,34,1000.0,0.0,0.040711474418640134,0.006249575038915478,0.2772,0.0075630681604756025
10000,subset_accuracy_drop,group_harmful,True,35,1000.0,0.0,0.04110672473907471,0.006354927852945209,0.2772,0.007854934754662181
10000,subset_accuracy_drop,group_harmful,True,36,1000.0,0.0,0.041660082340240476,0.005972177397443746,0.2766,0.007956129712366406
10000,subset_accuracy_drop,group_harmful,True,37,1000.0,0.0,0.04260871410369873,0.005970878683697347,0.2762,0.008671793355471493
10000,subset_accuracy_drop,group_harmful,True,38,1000.0,0.0,0.042924916744232176,0.005593975152697726,0.2754,0.007635443667528415
10000,subset_accuracy_drop,group_harmful,True,39,1000.0,0.0,0.04332015514373779,0.005292628067545437,0.2752,0.007661592523751167
10000,subset_accuracy_drop,group_harmful,True,40,1000.0,0.0,0.04355731010437012,0.005585584744747273,0.2746,0.007635443667528401
10000,subset_accuracy_drop,group_harmful,True,41,1000.0,0.0,0.043873512744903566,0.005448239412832976,0.2742,0.008105553651663763
10000,subset_accuracy_drop,group_harmful,True,42,1000.0,0.0,0.04450592994689941,0.005509554900298681,0.2732,0.008378544026261354
10000,subset_accuracy_drop,group_harmful,True,43,1000.0,0.0,0.04474308490753174,0.005501051792646017,0.27280000000000004,0.007854934754662181
10000,subset_accuracy_drop,group_harmful,True,44,1000.0,0.0,0.04529644250869751,0.005292620500426219,0.27220000000000005,0.007726577508832748
10000,subset_accuracy_drop,group_harmful,True,45,1000.0,0.0,0.04616600275039673,0.005268934097252177,0.272,0.007842193570679067
10000,subset_accuracy_drop,group_harmful,True,46,1000.0,0.0,0.046482205390930176,0.005322046895260153,0.271,0.007937253933193784
10000,subset_accuracy_drop,group_harmful,True,47,1000.0,0.0,0.04719367027282715,0.005502463110642533,0.27060000000000006,0.007924645102463582
10000,subset_accuracy_drop,group_harmful,True,48,1000.0,0.0,0.04837945699691772,0.005833239937209542,0.26980000000000004,0.007362064927722396
10000,subset_accuracy_drop,group_harmful,True,49,1000.0,0.0,0.048853743076324466,0.00575912118415168,0.2694,0.006841052550594829
10000,subset_accuracy_drop,group_harmful,True,50,1000.0,0.0,0.049407124519348145,0.00590906808668367,0.2694,0.006841052550594829
10000,subset_accuracy_drop,group_harmful,True,51,1000.0,0.0,0.04988143444061279,0.005983952351843559,0.2694,0.006841052550594829
10000,subset_accuracy_drop,group_harmful,True,52,1000.0,0.0,0.05019761323928833,0.006148773077074165,0.2694,0.006841052550594829
10000,subset_accuracy_drop,group_harmful,True,53,1000.0,0.0,0.05043478012084961,0.006309297791135617,0.2694,0.006841052550594829
10000,subset_accuracy_drop,group_harmful,True,54,1000.0,0.0,0.05083004236221313,0.0063586260441212085,0.2694,0.006841052550594829
10000,subset_accuracy_drop,group_harmful,True,55,1000.0,0.0,0.05106720924377441,0.006479083810367692,0.2694,0.006841052550594829
10000,subset_accuracy_drop,group_harmful,True,56,1000.0,0.0,0.05130435228347778,0.006485115696708339,0.2694,0.006841052550594829
10000,subset_accuracy_drop,group_harmful,True,57,1000.0,0.0,0.05146244764328003,0.006950248818087106,0.2694,0.006841052550594829
10000,subset_accuracy_drop,group_harmful,True,58,1000.0,0.0,0.051699602603912355,0.006955844365695454,0.2694,0.006841052550594829
10000,subset_accuracy_drop,group_harmful,True,59,1000.0,0.0,0.05185772180557251,0.007111342973455712,0.2694,0.006841052550594829
10000,subset_accuracy_drop,group_harmful,True,60,1000.0,0.0,0.051857709884643555,0.007241972276453686,0.2694,0.006841052550594829
10000,subset_accuracy_drop,group_harmful,True,61,1000.0,0.0,0.051936769485473634,0.007101451037141534,0.2694,0.006841052550594829
10000,subset_accuracy_drop,group_harmful,True,62,1000.0,0.0,0.052173912525177,0.007304241139220645,0.2694,0.006841052550594829
10000,subset_accuracy_drop,group_harmful,True,63,1000.0,0.0,0.05209485292434692,0.007527558127287765,0.2694,0.006841052550594829
10000,subset_accuracy_drop,group_harmful,True,64,1000.0,0.0,0.05225296020507812,0.00732774237644302,0.2694,0.006841052550594829
10000,subset_accuracy_drop,group_harmful,True,65,1000.0,0.0,0.05249011516571045,0.007364962685537632,0.2694,0.006841052550594829
10000,subset_accuracy_drop,group_harmful,True,66,1000.0,0.0,0.05249011516571045,0.007568949044570429,0.2694,0.006841052550594829
10000,subset_accuracy_drop,group_harmful,True,67,1000.0,0.0,0.05280632972717285,0.007318141504464702,0.2694,0.006841052550594829
10000,subset_accuracy_drop,group_harmful,True,68,1000.0,0.0,0.052964425086975096,0.007026270245492571,0.2694,0.006841052550594829
10000,subset_accuracy_drop,group_harmful,True,69,1000.0,0.0,0.053043472766876223,0.007083842407343438,0.2694,0.006841052550594829
10000,subset_accuracy_drop,group_harmful,True,70,1000.0,0.0,0.053201591968536376,0.006883606989150082,0.2694,0.006841052550594829
10000,subset_accuracy_drop,group_harmful,True,71,1000.0,0.0,0.0532806396484375,0.0069838682009298065,0.2694,0.006841052550594829
10000,subset_accuracy_drop,group_harmful,True,72,1000.0,0.0,0.05320158004760742,0.007128900199754615,0.2694,0.006841052550594829
10000,subset_accuracy_drop,group_harmful,True,73,1000.0,0.0,0.05351778268814087,0.006984986498713002,0.2694,0.006841052550594829
10000,subset_accuracy_drop,group_harmful,True,74,1000.0,0.0,0.05367588996887207,0.006791065154022503,0.2694,0.006841052550594829
10000,subset_accuracy_drop,group_harmful,True,75,1000.0,0.0,0.05367588996887207,0.00697826659649248,0.2694,0.006841052550594829
10000,subset_accuracy_drop,group_harmful,True,76,1000.0,0.0,0.05391303300857544,0.0067228604572204505,0.2694,0.006841052550594829
10000,subset_accuracy_drop,group_harmful,True,77,1000.0,0.0,0.05391303300857544,0.0067228604572204505,0.2694,0.006841052550594829
10000,subset_accuracy_drop,group_harmful,True,78,1000.0,0.0,0.05383399724960327,0.0069333645734899335,0.2694,0.006841052550594829
10000,subset_accuracy_drop,group_harmful,True,79,1000.0,0.0,0.05407114028930664,0.006933364403600952,0.2694,0.006841052550594829
10000,subset_accuracy_drop,group_harmful,True,80,1000.0,0.0,0.0540711522102356,0.00668089653415345,0.2694,0.006841052550594829
10000,subset_accuracy_drop,group_harmful,True,81,1000.0,0.0,0.0540711522102356,0.007122315915937842,0.2694,0.006841052550594829
10000,subset_accuracy_drop,group_harmful,True,82,1000.0,0.0,0.054229247570037845,0.007022918940475535,0.2694,0.006841052550594829
10000,subset_accuracy_drop,group_harmful,True,83,1000.0,0.0,0.054229247570037845,0.007022918940475535,0.2694,0.006841052550594829
10000,subset_accuracy_drop,group_harmful,True,84,1000.0,0.0,0.054466402530670165,0.007220350408843204,0.2694,0.006841052550594829
10000,subset_accuracy_drop,group_harmful,True,85,1000.0,0.0,0.054545462131500244,0.007420960254620946,0.2694,0.006841052550594829
10000,subset_accuracy_drop,group_harmful,True,86,1000.0,0.0,0.054703569412231444,0.007323490869790319,0.2694,0.006841052550594829
10000,subset_accuracy_drop,group_harmful,True,87,1000.0,0.0,0.05478261709213257,0.00737662649612837,0.2694,0.006841052550594829
10000,subset_accuracy_drop,group_harmful,True,88,1000.0,0.0,0.05478261709213257,0.00737662649612837,0.2694,0.006841052550594829
10000,subset_accuracy_drop,group_harmful,True,89,1000.0,0.0,0.05494072437286377,0.00727209280623266,0.2694,0.006841052550594829
10000,subset_accuracy_drop,group_harmful,True,90,1000.0,0.0,0.05509881973266602,0.007172593830243662,0.2694,0.006841052550594829
10000,subset_accuracy_drop,group_harmful,True,91,1000.0,0.0,0.05501977205276489,0.007317066396868511,0.2694,0.006841052550594829
10000,subset_accuracy_drop,group_harmful,True,92,1000.0,0.0,0.05509881973266602,0.007172593830243662,0.2694,0.006841052550594829
10000,subset_accuracy_drop,group_harmful,True,93,1000.0,0.0,0.05517786741256714,0.007275314922627864,0.2694,0.006841052550594829
10000,subset_accuracy_drop,group_harmful,True,94,1000.0,0.0,0.05525691509246826,0.0074177864759459615,0.2694,0.006841052550594829
10000,subset_accuracy_drop,group_harmful,True,95,1000.0,0.0,0.055335962772369386,0.007325602218300446,0.2694,0.006841052550594829
10000,subset_accuracy_drop,group_harmful,True,96,1000.0,0.0,0.055415022373199466,0.00727423364733561,0.2694,0.006841052550594829
10000,subset_accuracy_drop,group_harmful,True,97,1000.0,0.0,0.05533597469329834,0.007420938031768246,0.2694,0.006841052550594829
10000,subset_accuracy_drop,group_harmful,True,98,1000.0,0.0,0.055494070053100586,0.007226832335388672,0.2694,0.006841052550594829
10000,subset_accuracy_drop,group_harmful,True,99,1000.0,0.0,0.055494070053100586,0.007226832335388672,0.2694,0.006841052550594829
10000,subset_accuracy_drop,group_nonharmful,False,-1,1000.0,0.0,0.0,0.0,1.0,0.0
10000,subset_accuracy_drop,group_nonharmful,False,0,1000.0,0.0,7.905960083007813e-05,0.00017678264173005349,1.0,0.0
10000,subset_accuracy_drop,group_nonharmful,False,1,1000.0,0.0,0.00015811920166015626,0.00021651363380993975,1.0,0.0
10000,subset_accuracy_drop,group_nonharmful,False,2,1000.0,0.0,0.00039526224136352537,0.0003952682020527057,1.0,0.0
10000,subset_accuracy_drop,group_nonharmful,False,3,1000.0,0.0,0.00039526224136352537,0.0003952682020527057,1.0,0.0
10000,subset_accuracy_drop,group_nonharmful,False,4,1000.0,0.0,0.00039526224136352537,0.0003952682020527057,1.0,0.0
10000,subset_accuracy_drop,group_nonharmful,False,5,1000.0,0.0,0.0007114648818969726,0.0003307086666719964,1.0,0.0
10000,subset_accuracy_drop,group_nonharmful,False,6,1000.0,0.0,0.0007905125617980957,0.0003952682020527057,1.0,0.0
10000,subset_accuracy_drop,group_nonharmful,False,7,1000.0,0.0,0.0007905125617980957,0.0002794968270122155,1.0,0.0
10000,subset_accuracy_drop,group_nonharmful,False,8,1000.0,0.0,0.0007905125617980957,0.0002794968270122155,1.0,0.0
10000,subset_accuracy_drop,group_nonharmful,False,9,1000.0,0.0,0.001264810562133789,0.00043300550376462716,1.0,0.0
10000,subset_accuracy_drop,group_nonharmful,False,10,1000.0,0.0,0.001185762882232666,0.0007394711286948754,1.0,0.0
10000,subset_accuracy_drop,group_nonharmful,False,11,1000.0,0.0,0.0014229178428649901,0.0007705302770269175,1.0,0.0
10000,subset_accuracy_drop,group_nonharmful,False,12,1000.0,0.0,0.0015019655227661132,0.0011658565202891024,1.0,0.0
10000,subset_accuracy_drop,group_nonharmful,False,13,1000.0,0.0,0.0015019774436950684,0.0011658474268080006,1.0,0.0
10000,subset_accuracy_drop,group_nonharmful,False,14,1000.0,0.0,0.0015810251235961914,0.0011179662302948884,1.0,0.0
10000,subset_accuracy_drop,group_nonharmful,False,15,1000.0,0.0,0.0018181800842285156,0.000992098690368956,1.0,0.0
10000,subset_accuracy_drop,group_nonharmful,False,16,1000.0,0.0,0.0018972277641296387,0.0013805954106971524,1.0,0.0
10000,subset_accuracy_drop,group_nonharmful,False,17,1000.0,0.0,0.00205533504486084,0.0015154461941524297,1.0,0.0
10000,subset_accuracy_drop,group_nonharmful,False,18,1000.0,0.0,0.002134394645690918,0.0014683192962608724,1.0,0.0
10000,subset_accuracy_drop,group_nonharmful,False,19,1000.0,0.0,0.0022134304046630858,0.0016440088110358116,1.0,0.0
10000,subset_accuracy_drop,group_nonharmful,False,20,1000.0,0.0,0.002292490005493164,0.0015908771757329764,1.0,0.0
10000,subset_accuracy_drop,group_nonharmful,False,21,1000.0,0.0,0.0023715376853942873,0.001556127048264292,1.0,0.0
10000,subset_accuracy_drop,group_nonharmful,False,22,1000.0,0.0,0.002292490005493164,0.0015908771757329764,1.0,0.0
10000,subset_accuracy_drop,group_nonharmful,False,23,1000.0,0.0,0.0026086807250976563,0.0014414733560952078,1.0,0.0
10000,subset_accuracy_drop,group_nonharmful,False,24,1000.0,0.0,0.002687728404998779,0.0013805800525237511,1.0,0.0
10000,subset_accuracy_drop,group_nonharmful,False,25,1000.0,0.0,0.0029248952865600585,0.0012685306152925497,1.0,0.0
10000,subset_accuracy_drop,group_nonharmful,False,26,1000.0,0.0,0.003320157527923584,0.001713798093669306,1.0,0.0
10000,subset_accuracy_drop,group_nonharmful,False,27,1000.0,0.0,0.003320157527923584,0.001713798093669306,1.0,0.0
10000,subset_accuracy_drop,group_nonharmful,False,28,1000.0,0.0,0.003478264808654785,0.0018623530853174306,1.0,0.0
10000,subset_accuracy_drop,group_nonharmful,False,29,1000.0,0.0,0.0035573124885559084,0.001832757544374858,1.0,0.0
10000,subset_accuracy_drop,group_nonharmful,False,30,1000.0,0.0,0.003478264808654785,0.0018623530853174306,1.0,0.0
10000,subset_accuracy_drop,group_nonharmful,False,31,1000.0,0.0,0.0036363601684570312,0.002023178843513811,1.0,0.0
10000,subset_accuracy_drop,group_nonharmful,False,32,1000.0,0.0,0.0039525628089904785,0.0021285346025356573,1.0,0.0
10000,subset_accuracy_drop,group_nonharmful,False,33,1000.0,0.0,0.0038735151290893556,0.0023283558157071527,1.0,0.0
10000,subset_accuracy_drop,group_nonharmful,False,34,1000.0,0.0,0.0038735151290893556,0.0021540734640961116,1.0,0.0
10000,subset_accuracy_drop,group_nonharmful,False,35,1000.0,0.0,0.004189729690551758,0.002280905065884784,1.0,0.0
10000,subset_accuracy_drop,group_nonharmful,False,36,1000.0,0.0,0.004110682010650635,0.002280903516627906,1.0,0.0
10000,subset_accuracy_drop,group_nonharmful,False,37,1000.0,0.0,0.004268765449523926,0.0024107699971644553,1.0,0.0
10000,subset_accuracy_drop,group_nonharmful,False,38,1000.0,0.0,0.00450592041015625,0.0024140052895611887,1.0,0.0
10000,subset_accuracy_drop,group_nonharmful,False,39,1000.0,0.0,0.0047430872917175295,0.002387970131733124,1.0,0.0
10000,subset_accuracy_drop,group_nonharmful,False,40,1000.0,0.0,0.004980230331420898,0.0024935789882359147,1.0,0.0
10000,subset_accuracy_drop,group_nonharmful,False,41,1000.0,0.0,0.004822134971618652,0.002410757781396668,1.0,0.0
10000,subset_accuracy_drop,group_nonharmful,False,42,1000.0,0.0,0.005059289932250977,0.00229454421935749,1.0,0.0
10000,subset_accuracy_drop,group_nonharmful,False,43,1000.0,0.0,0.005059301853179932,0.002426917891992309,1.0,0.0
10000,subset_accuracy_drop,group_nonharmful,False,44,1000.0,0.0,0.005375492572784424,0.002381432821188405,1.0,0.0
10000,subset_accuracy_drop,group_nonharmful,False,45,1000.0,0.0,0.005375492572784424,0.002381432821188405,1.0,0.0
10000,subset_accuracy_drop,group_nonharmful,False,46,1000.0,0.0,0.005454552173614502,0.002642635198375364,1.0,0.0
10000,subset_accuracy_drop,group_nonharmful,False,47,1000.0,0.0,0.005375492572784424,0.002509205290261244,1.0,0.0
10000,subset_accuracy_drop,group_nonharmful,False,48,1000.0,0.0,0.005454540252685547,0.0025370677297013888,1.0,0.0
10000,subset_accuracy_drop,group_nonharmful,False,49,1000.0,0.0,0.005375492572784424,0.002555473157042127,1.0,0.0
10000,subset_accuracy_drop,group_nonharmful,False,50,1000.0,0.0,0.00553358793258667,0.002371571958109506,1.0,0.0
10000,subset_accuracy_drop,group_nonharmful,False,51,1000.0,0.0,0.005691695213317871,0.0023483975802869226,1.0,0.0
10000,subset_accuracy_drop,group_nonharmful,False,52,1000.0,0.0,0.005691695213317871,0.0023483975802869226,1.0,0.0
10000,subset_accuracy_drop,group_nonharmful,False,53,1000.0,0.0,0.005770742893218994,0.0023148980735757745,1.0,0.0
10000,subset_accuracy_drop,group_nonharmful,False,54,1000.0,0.0,0.005770742893218994,0.0023148980735757745,1.0,0.0
10000,subset_accuracy_drop,group_nonharmful,False,55,1000.0,0.0,0.0060079097747802734,0.002172141901061543,1.0,0.0
10000,subset_accuracy_drop,group_nonharmful,False,56,1000.0,0.0,0.005928850173950196,0.0021468174464464116,1.0,0.0
10000,subset_accuracy_drop,group_nonharmful,False,57,1000.0,0.0,0.005928850173950196,0.0021468174464464116,1.0,0.0
10000,subset_accuracy_drop,group_nonharmful,False,58,1000.0,0.0,0.005928850173950196,0.0021468174464464116,1.0,0.0
10000,subset_accuracy_drop,group_nonharmful,False,59,1000.0,0.0,0.0060079097747802734,0.002172141901061543,1.0,0.0
10000,subset_accuracy_drop,group_nonharmful,False,60,1000.0,0.0,0.0060079097747802734,0.002172141901061543,1.0,0.0
10000,subset_accuracy_drop,group_nonharmful,False,61,1000.0,0.0,0.006086957454681396,0.0022113455869361607,1.0,0.0
10000,subset_accuracy_drop,group_nonharmful,False,62,1000.0,0.0,0.0060079097747802734,0.002172141901061543,1.0,0.0
10000,subset_accuracy_drop,group_nonharmful,False,63,1000.0,0.0,0.006086957454681396,0.0022113455869361607,1.0,0.0
10000,subset_accuracy_drop,group_nonharmful,False,64,1000.0,0.0,0.0060079097747802734,0.002172141901061543,1.0,0.0
10000,subset_accuracy_drop,group_nonharmful,False,65,1000.0,0.0,0.0060079097747802734,0.002172141901061543,1.0,0.0
10000,subset_accuracy_drop,group_nonharmful,False,66,1000.0,0.0,0.006086957454681396,0.0022113455869361607,1.0,0.0
10000,subset_accuracy_drop,group_nonharmful,False,67,1000.0,0.0,0.0060079097747802734,0.002172141901061543,1.0,0.0
10000,subset_accuracy_drop,group_nonharmful,False,68,1000.0,0.0,0.006086957454681396,0.0022113455869361607,1.0,0.0
10000,subset_accuracy_drop,group_nonharmful,False,69,1000.0,0.0,0.006166005134582519,0.0020652241948037075,1.0,0.0
10000,subset_accuracy_drop,group_nonharmful,False,70,1000.0,0.0,0.006245052814483643,0.0020989895575797063,1.0,0.0
10000,subset_accuracy_drop,group_nonharmful,False,71,1000.0,0.0,0.006166005134582519,0.0020652241948037075,1.0,0.0
10000,subset_accuracy_drop,group_nonharmful,False,72,1000.0,0.0,0.006245052814483643,0.0020989895575797063,1.0,0.0
10000,subset_accuracy_drop,group_nonharmful,False,73,1000.0,0.0,0.006166005134582519,0.0020652241948037075,1.0,0.0
10000,subset_accuracy_drop,group_nonharmful,False,74,1000.0,0.0,0.006245052814483643,0.0020989895575797063,1.0,0.0
10000,subset_accuracy_drop,group_nonharmful,False,75,1000.0,0.0,0.006166005134582519,0.0020652241948037075,1.0,0.0
10000,subset_accuracy_drop,group_nonharmful,False,76,1000.0,0.0,0.006245052814483643,0.0020989895575797063,1.0,0.0
10000,subset_accuracy_drop,group_nonharmful,False,77,1000.0,0.0,0.006324100494384766,0.002146822933507135,1.0,0.0
10000,subset_accuracy_drop,group_nonharmful,False,78,1000.0,0.0,0.006245052814483643,0.0020989895575797063,1.0,0.0
10000,subset_accuracy_drop,group_nonharmful,False,79,1000.0,0.0,0.006403160095214844,0.0020802898124625572,1.0,0.0
10000,subset_accuracy_drop,group_nonharmful,False,80,1000.0,0.0,0.0064031720161437985,0.002003781730880667,1.0,0.0
10000,subset_accuracy_drop,group_nonharmful,False,81,1000.0,0.0,0.006482219696044922,0.002046212447405454,1.0,0.0
10000,subset_accuracy_drop,group_nonharmful,False,82,1000.0,0.0,0.0064031720161437985,0.002003781730880667,1.0,0.0
10000,subset_accuracy_drop,group_nonharmful,False,83,1000.0,0.0,0.006482219696044922,0.002046212447405454,1.0,0.0
10000,subset_accuracy_drop,group_nonharmful,False,84,1000.0,0.0,0.006324112415313721,0.002072772680533857,1.0,0.0
10000,subset_accuracy_drop,group_nonharmful,False,85,1000.0,0.0,0.006324112415313721,0.002072772680533857,1.0,0.0
10000,subset_accuracy_drop,group_nonharmful,False,86,1000.0,0.0,0.006482219696044922,0.002175741264264037,1.0,0.0
10000,subset_accuracy_drop,group_nonharmful,False,87,1000.0,0.0,0.006403160095214844,0.002117511377802307,1.0,0.0
10000,subset_accuracy_drop,group_nonharmful,False,88,1000.0,0.0,0.006561279296875,0.0021027018197089993,1.0,0.0
10000,subset_accuracy_drop,group_nonharmful,False,89,1000.0,0.0,0.006561279296875,0.0021027018197089993,1.0,0.0
10000,subset_accuracy_drop,group_nonharmful,False,90,1000.0,0.0,0.006640326976776123,0.0021721370202374903,1.0,0.0
10000,subset_accuracy_drop,group_nonharmful,False,91,1000.0,0.0,0.006561279296875,0.0021027018197089993,1.0,0.0
10000,subset_accuracy_drop,group_nonharmful,False,92,1000.0,0.0,0.006640326976776123,0.0021721370202374903,1.0,0.0
10000,subset_accuracy_drop,group_nonharmful,False,93,1000.0,0.0,0.006561279296875,0.0021027018197089993,1.0,0.0
10000,subset_accuracy_drop,group_nonharmful,False,94,1000.0,0.0,0.006719374656677246,0.0021468174464464116,1.0,0.0
10000,subset_accuracy_drop,group_nonharmful,False,95,1000.0,0.0,0.006640326976776123,0.002080293776256709,1.0,0.0
10000,subset_accuracy_drop,group_nonharmful,False,96,1000.0,0.0,0.006640326976776123,0.002080293776256709,1.0,0.0
10000,subset_accuracy_drop,group_nonharmful,False,97,1000.0,0.0,0.006719374656677246,0.0021468174464464116,1.0,0.0
10000,subset_accuracy_drop,group_nonharmful,False,98,1000.0,0.0,0.006640326976776123,0.002080293776256709,1.0,0.0
10000,subset_accuracy_drop,group_nonharmful,False,99,1000.0,0.0,0.006719374656677246,0.0021468174464464116,1.0,0.0
10000,subset_accuracy_drop,group_nonharmful,True,-1,1000.0,0.0,0.0,0.0,1.0,0.0
10000,subset_accuracy_drop,group_nonharmful,True,0,1000.0,0.0,7.905960083007813e-05,0.00017678264173005349,1.0,0.0
10000,subset_accuracy_drop,group_nonharmful,True,1,1000.0,0.0,0.00031621456146240233,0.0004329946208114039,0.499,0.002828427124746174
10000,subset_accuracy_drop,group_nonharmful,True,2,1000.0,0.0,0.0005533576011657714,0.0004506698626395458,0.3576,0.009555103348473011
10000,subset_accuracy_drop,group_nonharmful,True,3,1000.0,0.0,0.0013438820838928222,0.0011387411286261561,0.2994,0.01438054240979803
10000,subset_accuracy_drop,group_nonharmful,True,4,1000.0,0.0,0.0018181920051574707,0.0015205713577217124,0.271,0.011618950038622254
10000,subset_accuracy_drop,group_nonharmful,True,5,1000.0,0.0,0.0026086926460266112,0.0017364368570729571,0.2566,0.011545561917897287
10000,subset_accuracy_drop,group_nonharmful,True,6,1000.0,0.0,0.003636372089385986,0.0023283052234265027,0.2464,0.011081516141756047
10000,subset_accuracy_drop,group_nonharmful,True,7,1000.0,0.0,0.004822134971618652,0.002277437774858204,0.24100000000000002,0.011853269591129697
10000,subset_accuracy_drop,group_nonharmful,True,8,1000.0,0.0,0.005770742893218994,0.002630755639147718,0.23900000000000002,0.011247221879201996
10000,subset_accuracy_drop,group_nonharmful,True,9,1000.0,0.0,0.006877470016479492,0.003418444873018575,0.2372,0.011476062042355812
10000,subset_accuracy_drop,group_nonharmful,True,10,1000.0,0.0,0.008063232898712159,0.0030049979734323357,0.23500000000000001,0.01137980667674104
10000,subset_accuracy_drop,group_nonharmful,True,11,1000.0,0.0,0.008853745460510255,0.0026455580162160963,0.2332,0.010894952959971874
10000,subset_accuracy_drop,group_nonharmful,True,12,1000.0,0.0,0.009723317623138428,0.0026008814074010584,0.23079999999999998,0.011189280584559497
10000,subset_accuracy_drop,group_nonharmful,True,13,1000.0,0.0,0.010988152027130127,0.0033234413144869893,0.2298,0.010568822072492276
10000,subset_accuracy_drop,group_nonharmful,True,14,1000.0,0.0,0.011936759948730469,0.003528651384890577,0.22800000000000004,0.01120267825120405
10000,subset_accuracy_drop,group_nonharmful,True,15,1000.0,0.0,0.012806320190429687,0.003618277337814032,0.2274,0.011436782764396644
10000,subset_accuracy_drop,group_nonharmful,True,16,1000.0,0.0,0.013754940032958985,0.0037330383190365165,0.22640000000000002,0.012074767078498876
10000,subset_accuracy_drop,group_nonharmful,True,17,1000.0,0.0,0.015019762516021728,0.0033654824606381443,0.2258,0.011734564329364776
10000,subset_accuracy_drop,group_nonharmful,True,18,1000.0,0.0,0.015731227397918702,0.0033932238819191184,0.2238,0.011777096416349827
10000,subset_accuracy_drop,group_nonharmful,True,19,1000.0,0.0,0.016047418117523193,0.003181761015153786,0.22280000000000003,0.011777096416349827
10000,subset_accuracy_drop,group_nonharmful,True,20,1000.0,0.0,0.01660078763961792,0.0031866635581334003,0.22200000000000003,0.012041594578792291
10000,subset_accuracy_drop,group_nonharmful,True,21,1000.0,0.0,0.017233192920684814,0.003372444361473699,0.22200000000000003,0.012041594578792291
10000,subset_accuracy_drop,group_nonharmful,True,22,1000.0,0.0,0.01802370548248291,0.0033022241373856023,0.22139999999999999,0.011588787684654503
10000,subset_accuracy_drop,group_nonharmful,True,23,1000.0,0.0,0.019130444526672362,0.0035857405673150274,0.22080000000000002,0.010848963084092412
10000,subset_accuracy_drop,group_nonharmful,True,24,1000.0,0.0,0.020079052448272704,0.0035397019153507263,0.21960000000000002,0.011148990985734986
10000,subset_accuracy_drop,group_nonharmful,True,25,1000.0,0.0,0.021106719970703125,0.0034412306325546085,0.21939999999999998,0.010549881515922342
10000,subset_accuracy_drop,group_nonharmful,True,26,1000.0,0.0,0.022292494773864746,0.003475113223068025,0.2184,0.010454664030948095
10000,subset_accuracy_drop,group_nonharmful,True,27,1000.0,0.0,0.02276679277420044,0.003574832684177934,0.2178,0.010134100848126583
10000,subset_accuracy_drop,group_nonharmful,True,28,1000.0,0.0,0.023320162296295167,0.0037393118677518755,0.2178,0.010034938963441677
10000,subset_accuracy_drop,group_nonharmful,True,29,1000.0,0.0,0.023557305335998535,0.003948609819266716,0.2172,0.009731392500562284
10000,subset_accuracy_drop,group_nonharmful,True,30,1000.0,0.0,0.024031615257263182,0.004082844072778169,0.217,0.009591663046625435
10000,subset_accuracy_drop,group_nonharmful,True,31,1000.0,0.0,0.02442687749862671,0.0039068559240868815,0.21680000000000002,0.009523654760647295
10000,subset_accuracy_drop,group_nonharmful,True,32,1000.0,0.0,0.024901175498962404,0.004257047068428884,0.2162,0.009176055797563564
10000,subset_accuracy_drop,group_nonharmful,True,33,1000.0,0.0,0.02545454502105713,0.004308120952255101,0.2158,0.00895544527089524
10000,subset_accuracy_drop,group_nonharmful,True,34,1000.0,0.0,0.025849807262420654,0.004317171304536109,0.2158,0.00895544527089524
10000,subset_accuracy_drop,group_nonharmful,True,35,1000.0,0.0,0.026403164863586424,0.004819858669528503,0.21539999999999998,0.008820430828479973
10000,subset_accuracy_drop,group_nonharmful,True,36,1000.0,0.0,0.027193677425384522,0.004604373875431846,0.215,0.008631338250816026
10000,subset_accuracy_drop,group_nonharmful,True,37,1000.0,0.0,0.02782607078552246,0.004988698385572824,0.2144,0.008905054744357268
10000,subset_accuracy_drop,group_nonharmful,True,38,1000.0,0.0,0.02845848798751831,0.005258569233334645,0.2136,0.009099450532861856
10000,subset_accuracy_drop,group_nonharmful,True,39,1000.0,0.0,0.028616607189178467,0.005210812886179486,0.21339999999999998,0.008590692637965806
10000,subset_accuracy_drop,group_nonharmful,True,40,1000.0,0.0,0.029169952869415282,0.005313243937187112,0.2124,0.009762171889492627
10000,subset_accuracy_drop,group_nonharmful,True,41,1000.0,0.0,0.029486167430877685,0.0052926173844458175,0.2116,0.010114346246792229
10000,subset_accuracy_drop,group_nonharmful,True,42,1000.0,0.0,0.030039525032043456,0.005115502910083419,0.21059999999999998,0.010064790112068903
10000,subset_accuracy_drop,group_nonharmful,True,43,1000.0,0.0,0.030355727672576903,0.005276359422919859,0.2104,0.010114346246792222
10000,subset_accuracy_drop,group_nonharmful,True,44,1000.0,0.0,0.030909085273742677,0.005529365226943688,0.2096,0.009964938534682492
10000,subset_accuracy_drop,group_nonharmful,True,45,1000.0,0.0,0.03162053823471069,0.005540648175562388,0.20859999999999998,0.00971081870904817
10000,subset_accuracy_drop,group_nonharmful,True,46,1000.0,0.0,0.0320948600769043,0.005283755809486346,0.20779999999999998,0.008526429498916879
10000,subset_accuracy_drop,group_nonharmful,True,47,1000.0,0.0,0.03288537263870239,0.005194281877401457,0.2072,0.009038805230781332
10000,subset_accuracy_drop,group_nonharmful,True,48,1000.0,0.0,0.033675897121429446,0.005443939470020135,0.2062,0.008136338242723189
10000,subset_accuracy_drop,group_nonharmful,True,49,1000.0,0.0,0.03422925472259521,0.005683997472075137,0.2062,0.008408329203831156
10000,subset_accuracy_drop,group_nonharmful,True,50,1000.0,0.0,0.03470356464385986,0.0057780598222487815,0.2062,0.008408329203831156
10000,subset_accuracy_drop,group_nonharmful,True,51,1000.0,0.0,0.035335969924926755,0.005684035189829067,0.2062,0.008408329203831156
10000,subset_accuracy_drop,group_nonharmful,True,52,1000.0,0.0,0.035494065284729,0.005858626779845784,0.2062,0.008408329203831156
10000,subset_accuracy_drop,group_nonharmful,True,53,1000.0,0.0,0.03565216064453125,0.005845279059691597,0.2062,0.008408329203831156
10000,subset_accuracy_drop,group_nonharmful,True,54,1000.0,0.0,0.03588931560516358,0.005944641921525204,0.2062,0.008408329203831156
10000,subset_accuracy_drop,group_nonharmful,True,55,1000.0,0.0,0.03604742288589478,0.006009987518793571,0.2062,0.008408329203831156
10000,subset_accuracy_drop,group_nonharmful,True,56,1000.0,0.0,0.036363637447357176,0.00589582617155192,0.2062,0.008408329203831156
10000,subset_accuracy_drop,group_nonharmful,True,57,1000.0,0.0,0.036442685127258304,0.005977402538394545,0.2062,0.008408329203831156
10000,subset_accuracy_drop,group_nonharmful,True,58,1000.0,0.0,0.036521732807159424,0.0058799081283164465,0.2062,0.008408329203831156
10000,subset_accuracy_drop,group_nonharmful,True,59,1000.0,0.0,0.0366007924079895,0.0059721884429991025,0.2062,0.008408329203831156
10000,subset_accuracy_drop,group_nonharmful,True,60,1000.0,0.0,0.036679840087890624,0.006009998298720874,0.2062,0.008408329203831156
10000,subset_accuracy_drop,group_nonharmful,True,61,1000.0,0.0,0.03691699504852295,0.006004804660205748,0.2062,0.008408329203831156
10000,subset_accuracy_drop,group_nonharmful,True,62,1000.0,0.0,0.03715416193008423,0.005673008149393372,0.2062,0.008408329203831156
10000,subset_accuracy_drop,group_nonharmful,True,63,1000.0,0.0,0.03715416193008423,0.005673008149393372,0.2062,0.008408329203831156
10000,subset_accuracy_drop,group_nonharmful,True,64,1000.0,0.0,0.03723320960998535,0.005764521261645145,0.2062,0.008408329203831156
10000,subset_accuracy_drop,group_nonharmful,True,65,1000.0,0.0,0.03723320960998535,0.005764521261645145,0.2062,0.008408329203831156
10000,subset_accuracy_drop,group_nonharmful,True,66,1000.0,0.0,0.0373913049697876,0.0057182653523083545,0.2062,0.008408329203831156
10000,subset_accuracy_drop,group_nonharmful,True,67,1000.0,0.0,0.037549400329589845,0.0057209967377812206,0.2062,0.008408329203831156
10000,subset_accuracy_drop,group_nonharmful,True,68,1000.0,0.0,0.03731224536895752,0.005452541365653134,0.2062,0.008408329203831156
10000,subset_accuracy_drop,group_nonharmful,True,69,1000.0,0.0,0.037707507610321045,0.005866609430071006,0.2062,0.008408329203831156
10000,subset_accuracy_drop,group_nonharmful,True,70,1000.0,0.0,0.03770751953125,0.0056908758768463,0.2062,0.008408329203831156
10000,subset_accuracy_drop,group_nonharmful,True,71,1000.0,0.0,0.03770751953125,0.0056908758768463,0.2062,0.008408329203831156
10000,subset_accuracy_drop,group_nonharmful,True,72,1000.0,0.0,0.037786567211151124,0.005565976210366941,0.2062,0.008408329203831156
10000,subset_accuracy_drop,group_nonharmful,True,73,1000.0,0.0,0.037865614891052245,0.0056134865140575665,0.2062,0.008408329203831156
10000,subset_accuracy_drop,group_nonharmful,True,74,1000.0,0.0,0.03826087713241577,0.0060294594111812,0.2062,0.008408329203831156
10000,subset_accuracy_drop,group_nonharmful,True,75,1000.0,0.0,0.03833991289138794,0.005734642367367839,0.2062,0.008408329203831156
10000,subset_accuracy_drop,group_nonharmful,True,76,1000.0,0.0,0.03841897249221802,0.005818491557968482,0.2062,0.008408329203831156
10000,subset_accuracy_drop,group_nonharmful,True,77,1000.0,0.0,0.0384980320930481,0.005656459352732287,0.2062,0.008408329203831156
10000,subset_accuracy_drop,group_nonharmful,True,78,1000.0,0.0,0.0384980320930481,0.005656459352732287,0.2062,0.008408329203831156
10000,subset_accuracy_drop,group_nonharmful,True,79,1000.0,0.0,0.03857707977294922,0.005745516675154371,0.2062,0.008408329203831156
10000,subset_accuracy_drop,group_nonharmful,True,80,1000.0,0.0,0.03857707977294922,0.005745516675154371,0.2062,0.008408329203831156
10000,subset_accuracy_drop,group_nonharmful,True,81,1000.0,0.0,0.038814234733581546,0.005592588613420332,0.2062,0.008408329203831156
10000,subset_accuracy_drop,group_nonharmful,True,82,1000.0,0.0,0.038814222812652587,0.005606524930100205,0.2062,0.008408329203831156
10000,subset_accuracy_drop,group_nonharmful,True,83,1000.0,0.0,0.038972330093383786,0.005537820819236605,0.2062,0.008408329203831156
10000,subset_accuracy_drop,group_nonharmful,True,84,1000.0,0.0,0.039130449295043945,0.005707331898517495,0.2062,0.008408329203831156
10000,subset_accuracy_drop,group_nonharmful,True,85,1000.0,0.0,0.039209496974945066,0.005784816406149254,0.2062,0.008408329203831156
10000,subset_accuracy_drop,group_nonharmful,True,86,1000.0,0.0,0.039209496974945066,0.00575096025144495,0.2062,0.008408329203831156
10000,subset_accuracy_drop,group_nonharmful,True,87,1000.0,0.0,0.03928854465484619,0.005826524343678108,0.2062,0.008408329203831156
10000,subset_accuracy_drop,group_nonharmful,True,88,1000.0,0.0,0.03920948505401611,0.005571583999179998,0.2062,0.008408329203831156
10000,subset_accuracy_drop,group_nonharmful,True,89,1000.0,0.0,0.03936759233474731,0.005718270708248476,0.2062,0.008408329203831156
10000,subset_accuracy_drop,group_nonharmful,True,90,1000.0,0.0,0.03928854465484619,0.005642641147395698,0.2062,0.008408329203831156
10000,subset_accuracy_drop,group_nonharmful,True,91,1000.0,0.0,0.03936759233474731,0.005718270708248476,0.2062,0.008408329203831156
10000,subset_accuracy_drop,group_nonharmful,True,92,1000.0,0.0,0.03936759233474731,0.005738722852819971,0.2062,0.008408329203831156
10000,subset_accuracy_drop,group_nonharmful,True,93,1000.0,0.0,0.03944664001464844,0.005838575699744828,0.2062,0.008408329203831156
10000,subset_accuracy_drop,group_nonharmful,True,94,1000.0,0.0,0.03952569961547851,0.005942025433383146,0.2062,0.008408329203831156
10000,subset_accuracy_drop,group_nonharmful,True,95,1000.0,0.0,0.03960474729537964,0.00600999339866227,0.2062,0.008408329203831156
10000,subset_accuracy_drop,group_nonharmful,True,96,1000.0,0.0,0.03960474729537964,0.006048857132410846,0.2062,0.008408329203831156
10000,subset_accuracy_drop,group_nonharmful,True,97,1000.0,0.0,0.04000000953674317,0.006479086355714613,0.2062,0.008408329203831156
10000,subset_accuracy_drop,group_nonharmful,True,98,1000.0,0.0,0.04015810489654541,0.006413654963649036,0.2062,0.008408329203831156
10000,subset_accuracy_drop,group_nonharmful,True,99,1000.0,0.0,0.040237152576446535,0.006527131030432218,0.2062,0.008408329203831156
10000,subset_accuracy_drop,group_random,False,-1,1000.0,0.0,0.0,0.0,1.0,0.0
10000,subset_accuracy_drop,group_random,False,0,1000.0,0.0,7.905960083007813e-05,0.00017678264173005349,1.0,0.0
10000,subset_accuracy_drop,group_random,False,1,1000.0,0.0,0.0003952503204345703,0.00048406620350545355,1.0,0.0
10000,subset_accuracy_drop,group_random,False,2,1000.0,0.0,0.0005533695220947266,0.0005994263974220909,1.0,0.0
10000,subset_accuracy_drop,group_random,False,3,1000.0,0.0,0.0015019774436950684,0.00123100223280603,1.0,0.0
10000,subset_accuracy_drop,group_random,False,4,1000.0,0.0,0.002292490005493164,0.0014085753149290963,1.0,0.0
10000,subset_accuracy_drop,group_random,False,5,1000.0,0.0,0.003320157527923584,0.0016908464953388593,1.0,0.0
10000,subset_accuracy_drop,group_random,False,6,1000.0,0.0,0.0038735151290893556,0.001924216926561287,1.0,0.0
10000,subset_accuracy_drop,group_random,False,7,1000.0,0.0,0.004664039611816407,0.002361630518458967,1.0,0.0
10000,subset_accuracy_drop,group_random,False,8,1000.0,0.0,0.005059278011322022,0.002582815093002639,1.0,0.0
10000,subset_accuracy_drop,group_random,False,9,1000.0,0.0,0.005375504493713379,0.002585830583274727,1.0,0.0
10000,subset_accuracy_drop,group_random,False,10,1000.0,0.0,0.005849814414978028,0.0028143905338118965,1.0,0.0
10000,subset_accuracy_drop,group_random,False,11,1000.0,0.0,0.006640326976776123,0.0031297636887213038,1.0,0.0
10000,subset_accuracy_drop,group_random,False,12,1000.0,0.0,0.0072727203369140625,0.003193998653266185,1.0,0.0
10000,subset_accuracy_drop,group_random,False,13,1000.0,0.0,0.007430815696716308,0.003215933592828582,1.0,0.0
10000,subset_accuracy_drop,group_random,False,14,1000.0,0.0,0.00758892297744751,0.003472865572827118,1.0,0.0
10000,subset_accuracy_drop,group_random,False,15,1000.0,0.0,0.007747030258178711,0.0031447178071424523,1.0,0.0
10000,subset_accuracy_drop,group_random,False,16,1000.0,0.0,0.007826077938079833,0.003203774962048062,1.0,0.0
10000,subset_accuracy_drop,group_random,False,17,1000.0,0.0,0.00798419713973999,0.003252176959653568,1.0,0.0
10000,subset_accuracy_drop,group_random,False,18,1000.0,0.0,0.008142292499542236,0.003069302743867266,1.0,0.0
10000,subset_accuracy_drop,group_random,False,19,1000.0,0.0,0.008537554740905761,0.003254586796269897,1.0,0.0
10000,subset_accuracy_drop,group_random,False,20,1000.0,0.0,0.008695650100708007,0.0035352846485190875,1.0,0.0
10000,subset_accuracy_drop,group_random,False,21,1000.0,0.0,0.009090900421142578,0.00312478469219942,1.0,0.0
10000,subset_accuracy_drop,group_random,False,22,1000.0,0.0,0.009407114982604981,0.0031047186720346413,1.0,0.0
10000,subset_accuracy_drop,group_random,False,23,1000.0,0.0,0.009881424903869628,0.0036761058433500606,1.0,0.0
10000,subset_accuracy_drop,group_random,False,24,1000.0,0.0,0.010118579864501953,0.0035197885919797324,1.0,0.0
10000,subset_accuracy_drop,group_random,False,25,1000.0,0.0,0.010434794425964355,0.003541911808443362,1.0,0.0
10000,subset_accuracy_drop,group_random,False,26,1000.0,0.0,0.011067187786102295,0.003862619297148363,1.0,0.0
10000,subset_accuracy_drop,group_random,False,27,1000.0,0.0,0.01146245002746582,0.0035352896466857566,1.0,0.0
10000,subset_accuracy_drop,group_random,False,28,1000.0,0.0,0.012252962589263916,0.003922824297233559,1.0,0.0
10000,subset_accuracy_drop,group_random,False,29,1000.0,0.0,0.013043475151062012,0.004001686928298623,1.0,0.0
10000,subset_accuracy_drop,group_random,False,30,1000.0,0.0,0.013596844673156739,0.004271703258402711,1.0,0.0
10000,subset_accuracy_drop,group_random,False,31,1000.0,0.0,0.013992094993591308,0.004353204853981406,1.0,0.0
10000,subset_accuracy_drop,group_random,False,32,1000.0,0.0,0.01470355987548828,0.004269886814130805,1.0,0.0
10000,subset_accuracy_drop,group_random,False,33,1000.0,0.0,0.015019762516021728,0.004210922600246349,1.0,0.0
10000,subset_accuracy_drop,group_random,False,34,1000.0,0.0,0.01533597707748413,0.004297238987654311,1.0,0.0
10000,subset_accuracy_drop,group_random,False,35,1000.0,0.0,0.015810275077819826,0.004427944105399225,1.0,0.0
10000,subset_accuracy_drop,group_random,False,36,1000.0,0.0,0.016047418117523193,0.004406725606819965,1.0,0.0
10000,subset_accuracy_drop,group_random,False,37,1000.0,0.0,0.016363632678985596,0.004715020711211195,1.0,0.0
10000,subset_accuracy_drop,group_random,False,38,1000.0,0.0,0.01660078763961792,0.0048970525198531005,1.0,0.0
10000,subset_accuracy_drop,group_random,False,39,1000.0,0.0,0.016917002201080323,0.004688435961142118,1.0,0.0
10000,subset_accuracy_drop,group_random,False,40,1000.0,0.0,0.016996049880981447,0.004824735109986679,1.0,0.0
10000,subset_accuracy_drop,group_random,False,41,1000.0,0.0,0.01754939556121826,0.005019922392210117,1.0,0.0
10000,subset_accuracy_drop,group_random,False,42,1000.0,0.0,0.01762845516204834,0.004988700510742046,1.0,0.0
10000,subset_accuracy_drop,group_random,False,43,1000.0,0.0,0.01778656244277954,0.0050152550005596735,1.0,0.0
10000,subset_accuracy_drop,group_random,False,44,1000.0,0.0,0.018181824684143068,0.005426698030068071,1.0,0.0
10000,subset_accuracy_drop,group_random,False,45,1000.0,0.0,0.018418967723846436,0.005307356089576824,1.0,0.0
10000,subset_accuracy_drop,group_random,False,46,1000.0,0.0,0.018577075004577635,0.00528079537504614,1.0,0.0
10000,subset_accuracy_drop,group_random,False,47,1000.0,0.0,0.018814229965209962,0.005394942158543039,1.0,0.0
10000,subset_accuracy_drop,group_random,False,48,1000.0,0.0,0.018814229965209962,0.005394942158543039,1.0,0.0
10000,subset_accuracy_drop,group_random,False,49,1000.0,0.0,0.018893277645111083,0.0055081347065269,1.0,0.0
10000,subset_accuracy_drop,group_random,False,50,1000.0,0.0,0.019288527965545654,0.005443947692444805,1.0,0.0
10000,subset_accuracy_drop,group_random,False,51,1000.0,0.0,0.01936759948730469,0.005397833006551125,1.0,0.0
10000,subset_accuracy_drop,group_random,False,52,1000.0,0.0,0.019604766368865968,0.005481131182745248,1.0,0.0
10000,subset_accuracy_drop,group_random,False,53,1000.0,0.0,0.01968381404876709,0.005501046439243194,1.0,0.0
10000,subset_accuracy_drop,group_random,False,54,1000.0,0.0,0.01968381404876709,0.005501046439243194,1.0,0.0
10000,subset_accuracy_drop,group_random,False,55,1000.0,0.0,0.01992095708847046,0.005233262791592807,1.0,0.0
10000,subset_accuracy_drop,group_random,False,56,1000.0,0.0,0.019920969009399415,0.0050663972555883875,1.0,0.0
10000,subset_accuracy_drop,group_random,False,57,1000.0,0.0,0.020158112049102783,0.004897059736197377,1.0,0.0
10000,subset_accuracy_drop,group_random,False,58,1000.0,0.0,0.020395267009735107,0.004837686350099539,1.0,0.0
10000,subset_accuracy_drop,group_random,False,59,1000.0,0.0,0.020395267009735107,0.004837686350099539,1.0,0.0
10000,subset_accuracy_drop,group_random,False,60,1000.0,0.0,0.020395267009735107,0.004837686350099539,1.0,0.0
10000,subset_accuracy_drop,group_random,False,61,1000.0,0.0,0.02055337429046631,0.004759530739141344,1.0,0.0
10000,subset_accuracy_drop,group_random,False,62,1000.0,0.0,0.020711469650268554,0.004933590024025264,1.0,0.0
10000,subset_accuracy_drop,group_random,False,63,1000.0,0.0,0.020632410049438478,0.004916140329838679,1.0,0.0
10000,subset_accuracy_drop,group_random,False,64,1000.0,0.0,0.020711469650268554,0.004988702399689597,1.0,0.0
10000,subset_accuracy_drop,group_random,False,65,1000.0,0.0,0.020711469650268554,0.004988702399689597,1.0,0.0
10000,subset_accuracy_drop,group_random,False,66,1000.0,0.0,0.020711469650268554,0.004988702399689597,1.0,0.0
10000,subset_accuracy_drop,group_random,False,67,1000.0,0.0,0.0208695650100708,0.004721639768625148,1.0,0.0
10000,subset_accuracy_drop,group_random,False,68,1000.0,0.0,0.0208695650100708,0.004721639768625148,1.0,0.0
10000,subset_accuracy_drop,group_random,False,69,1000.0,0.0,0.021027660369873045,0.004908199356864556,1.0,0.0
10000,subset_accuracy_drop,group_random,False,70,1000.0,0.0,0.021027660369873045,0.004908199356864556,1.0,0.0
10000,subset_accuracy_drop,group_random,False,71,1000.0,0.0,0.021106719970703125,0.004917740830688122,1.0,0.0
10000,subset_accuracy_drop,group_random,False,72,1000.0,0.0,0.021106719970703125,0.004917740830688122,1.0,0.0
10000,subset_accuracy_drop,group_random,False,73,1000.0,0.0,0.021106719970703125,0.004917740830688122,1.0,0.0
10000,subset_accuracy_drop,group_random,False,74,1000.0,0.0,0.021185779571533205,0.0050277122112415435,1.0,0.0
10000,subset_accuracy_drop,group_random,False,75,1000.0,0.0,0.02118576765060425,0.0049335995744377095,1.0,0.0
10000,subset_accuracy_drop,group_random,False,76,1000.0,0.0,0.021264827251434325,0.005041675938325802,1.0,0.0
10000,subset_accuracy_drop,group_random,False,77,1000.0,0.0,0.021264815330505372,0.005010576678738651,1.0,0.0
10000,subset_accuracy_drop,group_random,False,78,1000.0,0.0,0.02134387493133545,0.0051155006074354295,1.0,0.0
10000,subset_accuracy_drop,group_random,False,79,1000.0,0.0,0.021422934532165528,0.005194305462454722,1.0,0.0
10000,subset_accuracy_drop,group_random,False,80,1000.0,0.0,0.021422934532165528,0.005194305462454722,1.0,0.0
10000,subset_accuracy_drop,group_random,False,81,1000.0,0.0,0.021422934532165528,0.005194305462454722,1.0,0.0
10000,subset_accuracy_drop,group_random,False,82,1000.0,0.0,0.021422934532165528,0.005194305462454722,1.0,0.0
10000,subset_accuracy_drop,group_random,False,83,1000.0,0.0,0.021422934532165528,0.005194305462454722,1.0,0.0
10000,subset_accuracy_drop,group_random,False,84,1000.0,0.0,0.021422934532165528,0.005194305462454722,1.0,0.0
10000,subset_accuracy_drop,group_random,False,85,1000.0,0.0,0.021422934532165528,0.005194305462454722,1.0,0.0
10000,subset_accuracy_drop,group_random,False,86,1000.0,0.0,0.021422934532165528,0.005194305462454722,1.0,0.0
10000,subset_accuracy_drop,group_random,False,87,1000.0,0.0,0.021501982212066652,0.005299998416862846,1.0,0.0
10000,subset_accuracy_drop,group_random,False,88,1000.0,0.0,0.021501982212066652,0.005210821024368166,1.0,0.0
10000,subset_accuracy_drop,group_random,False,89,1000.0,0.0,0.021581029891967772,0.005314716209753314,1.0,0.0
10000,subset_accuracy_drop,group_random,False,90,1000.0,0.0,0.021501982212066652,0.005210821024368166,1.0,0.0
10000,subset_accuracy_drop,group_random,False,91,1000.0,0.0,0.021581029891967772,0.005314716209753314,1.0,0.0
10000,subset_accuracy_drop,group_random,False,92,1000.0,0.0,0.021581029891967772,0.005314716209753314,1.0,0.0
10000,subset_accuracy_drop,group_random,False,93,1000.0,0.0,0.021501982212066652,0.005210821024368166,1.0,0.0
10000,subset_accuracy_drop,group_random,False,94,1000.0,0.0,0.021581029891967772,0.005314716209753314,1.0,0.0
10000,subset_accuracy_drop,group_random,False,95,1000.0,0.0,0.021422934532165528,0.005194305462454722,1.0,0.0
10000,subset_accuracy_drop,group_random,False,96,1000.0,0.0,0.021581029891967772,0.005314716209753314,1.0,0.0
10000,subset_accuracy_drop,group_random,False,97,1000.0,0.0,0.021581029891967772,0.005314716209753314,1.0,0.0
10000,subset_accuracy_drop,group_random,False,98,1000.0,0.0,0.021581029891967772,0.005314716209753314,1.0,0.0
10000,subset_accuracy_drop,group_random,False,99,1000.0,0.0,0.021581029891967772,0.005314716209753314,1.0,0.0
10000,subset_accuracy_drop,group_random,True,-1,1000.0,0.0,0.0,0.0,1.0,0.0
10000,subset_accuracy_drop,group_random,True,0,1000.0,0.0,7.905960083007813e-05,0.00017678264173005349,1.0,0.0
10000,subset_accuracy_drop,group_random,True,1,1000.0,0.0,0.0005533576011657714,0.00045064372518336803,0.5,0.0
10000,subset_accuracy_drop,group_random,True,2,1000.0,0.0,0.0009486079216003418,0.00045066463526958296,0.3722,0.010733126291999006
10000,subset_accuracy_drop,group_random,True,3,1000.0,0.0,0.002292490005493164,0.0016628921423032137,0.31920000000000004,0.00653452370108183
10000,subset_accuracy_drop,group_random,True,4,1000.0,0.0,0.003399217128753662,0.0017138077163287011,0.29619999999999996,0.008526429498916882
10000,subset_accuracy_drop,group_random,True,5,1000.0,0.0,0.005296444892883301,0.002585821016886907,0.28300000000000003,0.009110433579144287
10000,subset_accuracy_drop,group_random,True,6,1000.0,0.0,0.006403160095214844,0.002537034764279142,0.2762,0.010134100848126566
10000,subset_accuracy_drop,group_random,True,7,1000.0,0.0,0.008142292499542236,0.002630757877861382,0.2716,0.009502631214563679
10000,subset_accuracy_drop,group_random,True,8,1000.0,0.0,0.008853757381439209,0.0024778641260577027,0.26980000000000004,0.00831865373723418
10000,subset_accuracy_drop,group_random,True,9,1000.0,0.0,0.010197627544403075,0.003179311169682204,0.2676,0.00817312669668102
10000,subset_accuracy_drop,group_random,True,10,1000.0,0.0,0.011620545387268066,0.003218362149455395,0.2662,0.007949842765740732
10000,subset_accuracy_drop,group_random,True,11,1000.0,0.0,0.012648236751556397,0.0033421972351229696,0.265,0.006819090848492924
10000,subset_accuracy_drop,group_random,True,12,1000.0,0.0,0.013517796993255615,0.004082827338849495,0.2634,0.0065421708935184475
10000,subset_accuracy_drop,group_random,True,13,1000.0,0.0,0.014466404914855957,0.004216498592685965,0.26260000000000006,0.006387487769068537
10000,subset_accuracy_drop,group_random,True,14,1000.0,0.0,0.01596837043762207,0.004973000903676347,0.2616,0.005899152481501052
10000,subset_accuracy_drop,group_random,True,15,1000.0,0.0,0.01675889492034912,0.004748007847286833,0.2604,0.00594138031100518
10000,subset_accuracy_drop,group_random,True,16,1000.0,0.0,0.017470359802246094,0.004360359946019125,0.2594,0.0047749345545253325
10000,subset_accuracy_drop,group_random,True,17,1000.0,0.0,0.018418967723846436,0.004371095281743783,0.259,0.0043011626335213125
10000,subset_accuracy_drop,group_random,True,18,1000.0,0.0,0.019051384925842286,0.003976190518092975,0.25780000000000003,0.004207136793592527
10000,subset_accuracy_drop,group_random,True,19,1000.0,0.0,0.020079052448272704,0.004527373936241109,0.2572,0.003563705936241087
10000,subset_accuracy_drop,group_random,True,20,1000.0,0.0,0.020553362369537354,0.00434781069114316,0.2566,0.0027018512172212656
10000,subset_accuracy_drop,group_random,True,21,1000.0,0.0,0.021343886852264404,0.00432982106205249,0.2554,0.0028809720581775907
10000,subset_accuracy_drop,group_random,True,22,1000.0,0.0,0.02189723253250122,0.004861816608500158,0.2548,0.00268328157299975
10000,subset_accuracy_drop,group_random,True,23,1000.0,0.0,0.02308300733566284,0.005299974635406248,0.2544,0.002302172886644276
10000,subset_accuracy_drop,group_random,True,24,1000.0,0.0,0.02434781789779663,0.00560093740295365,0.2536,0.002408318915758457
10000,subset_accuracy_drop,group_random,True,25,1000.0,0.0,0.025533616542816162,0.005635700945945404,0.2528,0.002049390153191924
10000,subset_accuracy_drop,group_random,True,26,1000.0,0.0,0.026640331745147704,0.005112433987568659,0.2526,0.002190890230020659
10000,subset_accuracy_drop,group_random,True,27,1000.0,0.0,0.027272737026214598,0.0048166265692526295,0.2516,0.002408318915758466
10000,subset_accuracy_drop,group_random,True,28,1000.0,0.0,0.02814229726791382,0.005522289279002125,0.2514,0.0027018512172212565
10000,subset_accuracy_drop,group_random,True,29,1000.0,0.0,0.028853738307952882,0.005638482773049343,0.2512,0.002387467277262676
10000,subset_accuracy_drop,group_random,True,30,1000.0,0.0,0.02940710783004761,0.005635715786132331,0.2502,0.00258843582110896
10000,subset_accuracy_drop,group_random,True,31,1000.0,0.0,0.029960477352142335,0.005378999613346155,0.2492,0.002863564212655276
10000,subset_accuracy_drop,group_random,True,32,1000.0,0.0,0.030513834953308106,0.0052689551124251955,0.2492,0.00311448230047949
10000,subset_accuracy_drop,group_random,True,33,1000.0,0.0,0.031304347515106204,0.005422378832525484,0.2488,0.002683281572999747
10000,subset_accuracy_drop,group_random,True,34,1000.0,0.0,0.03169959783554077,0.005585586221083773,0.24820000000000003,0.00286356421265527
10000,subset_accuracy_drop,group_random,True,35,1000.0,0.0,0.0320948600769043,0.005627379240648772,0.24779999999999996,0.003033150177620626
10000,subset_accuracy_drop,group_random,True,36,1000.0,0.0,0.032727289199829104,0.005891859489404554,0.2476,0.0032093613071762454
10000,subset_accuracy_drop,group_random,True,37,1000.0,0.0,0.03335968255996704,0.005886537005827373,0.2472,0.003492849839314596
10000,subset_accuracy_drop,group_random,True,38,1000.0,0.0,0.033913052082061766,0.006208187125114402,0.2464,0.0035071355833500356
10000,subset_accuracy_drop,group_random,True,39,1000.0,0.0,0.03454545736312866,0.005945948346985232,0.2466,0.0038470768123342724
10000,subset_accuracy_drop,group_random,True,40,1000.0,0.0,0.035098814964294435,0.005818486294220997,0.24559999999999998,0.003714835124201348
10000,subset_accuracy_drop,group_random,True,41,1000.0,0.0,0.03557311296463013,0.005714168402921546,0.24559999999999998,0.003714835124201348
10000,subset_accuracy_drop,group_random,True,42,1000.0,0.0,0.03581026792526245,0.005985245079886355,0.24459999999999998,0.0035777087639996693
10000,subset_accuracy_drop,group_random,True,43,1000.0,0.0,0.036284589767456056,0.00626453447231425,0.24420000000000003,0.0034205262752974135
10000,subset_accuracy_drop,group_random,True,44,1000.0,0.0,0.03675888776779175,0.005915660505288096,0.24379999999999996,0.0031937438845342685
10000,subset_accuracy_drop,group_random,True,45,1000.0,0.0,0.0372331976890564,0.006042399314172843,0.2434,0.0036469165057620937
10000,subset_accuracy_drop,group_random,True,46,1000.0,0.0,0.037628448009490965,0.006345080782296377,0.24299999999999997,0.004000000000000007
10000,subset_accuracy_drop,group_random,True,47,1000.0,0.0,0.03802371025085449,0.006491144699845191,0.2424,0.0032093613071762423
10000,subset_accuracy_drop,group_random,True,48,1000.0,0.0,0.038814234733581546,0.00680828430932566,0.2424,0.003361547262794328
10000,subset_accuracy_drop,group_random,True,49,1000.0,0.0,0.03928854465484619,0.006945744034523013,0.24180000000000001,0.0036331804249169967
10000,subset_accuracy_drop,group_random,True,50,1000.0,0.0,0.03976284265518189,0.0072051903753109995,0.24180000000000001,0.0036331804249169967
10000,subset_accuracy_drop,group_random,True,51,1000.0,0.0,0.03999999761581421,0.007412524707547037,0.24180000000000001,0.0036331804249169967
10000,subset_accuracy_drop,group_random,True,52,1000.0,0.0,0.04023716449737549,0.007438821825771611,0.24180000000000001,0.0036331804249169967
10000,subset_accuracy_drop,group_random,True,53,1000.0,0.0,0.0406324028968811,0.007438821825771611,0.24180000000000001,0.0036331804249169967
10000,subset_accuracy_drop,group_random,True,54,1000.0,0.0,0.041264820098876956,0.007773627166707176,0.24180000000000001,0.0036331804249169967
10000,subset_accuracy_drop,group_random,True,55,1000.0,0.0,0.04134387969970703,0.007848637802805139,0.24180000000000001,0.0036331804249169967
10000,subset_accuracy_drop,group_random,True,56,1000.0,0.0,0.041739141941070555,0.007903152249400967,0.24180000000000001,0.0036331804249169967
10000,subset_accuracy_drop,group_random,True,57,1000.0,0.0,0.041818201541900635,0.00800041404574517,0.24180000000000001,0.0036331804249169967
10000,subset_accuracy_drop,group_random,True,58,1000.0,0.0,0.04197629690170288,0.007975967850524093,0.24180000000000001,0.0036331804249169967
10000,subset_accuracy_drop,group_random,True,59,1000.0,0.0,0.04213439226150513,0.007702961964314169,0.24180000000000001,0.0036331804249169967
10000,subset_accuracy_drop,group_random,True,60,1000.0,0.0,0.04229248762130737,0.007944567157215789,0.24180000000000001,0.0036331804249169967
10000,subset_accuracy_drop,group_random,True,61,1000.0,0.0,0.0428458571434021,0.007991628710311083,0.24180000000000001,0.0036331804249169967
10000,subset_accuracy_drop,group_random,True,62,1000.0,0.0,0.042924904823303224,0.008016026998359387,0.24180000000000001,0.0036331804249169967
10000,subset_accuracy_drop,group_random,True,63,1000.0,0.0,0.0428458571434021,0.007937689868466838,0.24180000000000001,0.0036331804249169967
10000,subset_accuracy_drop,group_random,True,64,1000.0,0.0,0.043003964424133304,0.007936693639240478,0.24180000000000001,0.0036331804249169967
10000,subset_accuracy_drop,group_random,True,65,1000.0,0.0,0.04339921474456787,0.007747456948521378,0.24180000000000001,0.0036331804249169967
10000,subset_accuracy_drop,group_random,True,66,1000.0,0.0,0.04355731010437012,0.00774745740463318,0.24180000000000001,0.0036331804249169967
10000,subset_accuracy_drop,group_random,True,67,1000.0,0.0,0.04347826242446899,0.007730298329767822,0.24180000000000001,0.0036331804249169967
10000,subset_accuracy_drop,group_random,True,68,1000.0,0.0,0.04347826242446899,0.007597784274620988,0.24180000000000001,0.0036331804249169967
10000,subset_accuracy_drop,group_random,True,69,1000.0,0.0,0.04355731010437012,0.007517167030983228,0.24180000000000001,0.0036331804249169967
10000,subset_accuracy_drop,group_random,True,70,1000.0,0.0,0.0437944769859314,0.007737364526182454,0.24180000000000001,0.0036331804249169967
10000,subset_accuracy_drop,group_random,True,71,1000.0,0.0,0.04363635778427124,0.007621392507521966,0.24180000000000001,0.0036331804249169967
10000,subset_accuracy_drop,group_random,True,72,1000.0,0.0,0.043873512744903566,0.0074942874976572935,0.24180000000000001,0.0036331804249169967
10000,subset_accuracy_drop,group_random,True,73,1000.0,0.0,0.043952572345733645,0.007380847076500117,0.24180000000000001,0.0036331804249169967
10000,subset_accuracy_drop,group_random,True,74,1000.0,0.0,0.0439525842666626,0.007306392552287624,0.24180000000000001,0.0036331804249169967
10000,subset_accuracy_drop,group_random,True,75,1000.0,0.0,0.04403163194656372,0.00738719535152632,0.24180000000000001,0.0036331804249169967
10000,subset_accuracy_drop,group_random,True,76,1000.0,0.0,0.04403163194656372,0.00738719535152632,0.24180000000000001,0.0036331804249169967
10000,subset_accuracy_drop,group_random,True,77,1000.0,0.0,0.04403163194656372,0.00738719535152632,0.24180000000000001,0.0036331804249169967
10000,subset_accuracy_drop,group_random,True,78,1000.0,0.0,0.04403163194656372,0.00738719535152632,0.24180000000000001,0.0036331804249169967
10000,subset_accuracy_drop,group_random,True,79,1000.0,0.0,0.04403163194656372,0.00738719535152632,0.24180000000000001,0.0036331804249169967
10000,subset_accuracy_drop,group_random,True,80,1000.0,0.0,0.044189727306365965,0.007386137471977785,0.24180000000000001,0.0036331804249169967
10000,subset_accuracy_drop,group_random,True,81,1000.0,0.0,0.044189727306365965,0.007386137471977785,0.24180000000000001,0.0036331804249169967
10000,subset_accuracy_drop,group_random,True,82,1000.0,0.0,0.044189727306365965,0.007386137471977785,0.24180000000000001,0.0036331804249169967
10000,subset_accuracy_drop,group_random,True,83,1000.0,0.0,0.044110667705535886,0.007381905075935362,0.24180000000000001,0.0036331804249169967
10000,subset_accuracy_drop,group_random,True,84,1000.0,0.0,0.04418971538543701,0.007465029936788323,0.24180000000000001,0.0036331804249169967
10000,subset_accuracy_drop,group_random,True,85,1000.0,0.0,0.04418971538543701,0.007465029936788323,0.24180000000000001,0.0036331804249169967
10000,subset_accuracy_drop,group_random,True,86,1000.0,0.0,0.04426877498626709,0.007551391062236763,0.24180000000000001,0.0036331804249169967
10000,subset_accuracy_drop,group_random,True,87,1000.0,0.0,0.04426877498626709,0.007551391062236763,0.24180000000000001,0.0036331804249169967
10000,subset_accuracy_drop,group_random,True,88,1000.0,0.0,0.044347834587097165,0.0074650302524146075,0.24180000000000001,0.0036331804249169967
10000,subset_accuracy_drop,group_random,True,89,1000.0,0.0,0.04450594186782837,0.007355404791526718,0.24180000000000001,0.0036331804249169967
10000,subset_accuracy_drop,group_random,True,90,1000.0,0.0,0.04458497762680054,0.007537919428574614,0.24180000000000001,0.0036331804249169967
10000,subset_accuracy_drop,group_random,True,91,1000.0,0.0,0.04466403722763061,0.007535846776169511,0.24180000000000001,0.0036331804249169967
10000,subset_accuracy_drop,group_random,True,92,1000.0,0.0,0.04474308490753174,0.007630610602220231,0.24180000000000001,0.0036331804249169967
10000,subset_accuracy_drop,group_random,True,93,1000.0,0.0,0.04474308490753174,0.007630610602220231,0.24180000000000001,0.0036331804249169967
10000,subset_accuracy_drop,group_random,True,94,1000.0,0.0,0.04474308490753174,0.007630610602220231,0.24180000000000001,0.0036331804249169967
10000,subset_accuracy_drop,group_random,True,95,1000.0,0.0,0.04474308490753174,0.007630610602220231,0.24180000000000001,0.0036331804249169967
10000,subset_accuracy_drop,group_random,True,96,1000.0,0.0,0.04466402530670166,0.007720179356691368,0.24180000000000001,0.0036331804249169967
10000,subset_accuracy_drop,group_random,True,97,1000.0,0.0,0.04466402530670166,0.007720179356691368,0.24180000000000001,0.0036331804249169967
10000,subset_accuracy_drop,group_random,True,98,1000.0,0.0,0.04474308490753174,0.007615238076132943,0.24180000000000001,0.0036331804249169967
10000,subset_accuracy_drop,group_random,True,99,1000.0,0.0,0.04482213258743286,0.007718139318397649,0.24180000000000001,0.0036331804249169967
